time_s,capacitance_raw_pF,capacitance_zero_mean_pF,capacitance_filtered_pF,capacitance_filtered_zero_mean_pF
0.00154,45.93593,-0.00250938372305853,45.9359404749445,-0.0024989087785381
0.01281,45.93581,-0.0026293837230611,45.9360576276206,-0.00238175610243641
0.02412,45.93745,-0.000989383723059234,45.9361694206239,-0.00226996309919461
0.03542,45.93684,-0.00159938372306101,45.9362699436725,-0.00216944005052981
0.04674,45.93601,-0.00242938372305446,45.936354422357,-0.00208496136604368
0.05803,45.93792,-0.000519383723059264,45.9364195912656,-0.00201979245746695
0.06935,45.93494,-0.00349938372306013,45.9364636958019,-0.00197568792112324
0.08065,45.93605,-0.00238938372305597,45.9364862124764,-0.0019531712466596
0.092,45.93538,-0.00305938372305548,45.9364874634126,-0.001951920310472
0.10332,45.9366,-0.00183938372305903,45.936468306762,-0.00197107696107688
0.11461,45.93902,0.000580616276941726,45.9364299989884,-0.00200938473468253
0.1259,45.93495,-0.00348938372305696,45.9363741988831,-0.00206518483994427
0.13721,45.93674,-0.00169938372305722,45.936303013019,-0.00213637070405184
0.14853,45.93432,-0.00411938372305798,45.9362190163846,-0.00222036733845324
0.15985,45.93625,-0.00218938372305644,45.9361252587224,-0.00231412500062401
0.17117,45.9386,0.000160616276943415,45.9360252831042,-0.00241410061882627
0.18248,45.93613,-0.002309383723059,45.9359231188974,-0.00251626482563001
0.1938,45.93512,-0.00331938372305984,45.9358231592718,-0.0026162244512436
0.2051,45.93348,-0.0049593837230546,45.9357298859096,-0.00270949781350452
0.21642,45.93651,-0.00192938372305917,45.935647525085,-0.00279185863803903
0.22773,45.93637,-0.00206938372306098,45.9355797770542,-0.00285960666882279
0.23906,45.93568,-0.00275938372305973,45.9355296929511,-0.0029096907720006
0.25037,45.93472,-0.00371938372305891,45.9354996643427,-0.00293971938031886
0.26169,45.93551,-0.00292938372305684,45.935491448038,-0.00294793568503109
0.273,45.93678,-0.00165938372305874,45.9355061741734,-0.00293320954967023
0.2843,45.93413,-0.00430938372305434,45.935544313937,-0.00289506978607574
0.2956,45.9358,-0.00263938372305716,45.9356055900873,-0.00283379363570686
0.3069,45.93716,-0.00127938372305891,45.9356888175773,-0.00275056614574874
0.31818,45.9353,-0.00313938372305955,45.9357916702382,-0.00264771348487158
0.32949,45.93588,-0.00255938372306019,45.935910385787,-0.00252899793602231
0.3408,45.93641,-0.00202938372305539,45.9360394632701,-0.00239992045298071
0.35208,45.93612,-0.00231938372305507,45.9361714717184,-0.00226791200465148
0.36336,45.93295,-0.0054893837230594,45.9362971417072,-0.00214224201586586
0.37468,45.93684,-0.00159938372306101,45.9364059165936,-0.00203346712942139
0.38595,45.93589,-0.00254938372305702,45.9364870620813,-0.00195232164178339
0.39726,45.93753,-0.000909383723055157,45.9365312516905,-0.00190813203251371
0.40858,45.93827,-0.00016938372305475,45.9365323153408,-0.00190706838229705
0.41991,45.93858,0.000140616276944172,45.9364886793065,-0.00195070441654211
0.43126,45.93607,-0.00236938372305673,45.9364040364794,-0.00203534724367032
0.44258,45.93706,-0.00137938372305513,45.9362869784853,-0.00215240523770724
0.45389,45.93565,-0.00278938372305504,45.9361496219345,-0.00228976178856099
0.46518,45.93507,-0.0033693837230544,45.9360055518449,-0.00243383187820044
0.4765,45.93332,-0.00511938372305565,45.9358675905337,-0.00257179318933113
0.48782,45.93549,-0.00294938372305609,45.9357459375857,-0.00269344613735185
0.49913,45.9348,-0.00363938372305483,45.9356471068532,-0.00279227686985106
0.51044,45.937,-0.00143938372305996,45.9355738370437,-0.00286554667938908
0.52177,45.93582,-0.00261938372305792,45.935525861816,-0.00291352190702289
0.53307,45.9352,-0.00323938372305577,45.9355012111198,-0.00293817260321957
0.54436,45.93612,-0.00231938372305507,45.9354976424901,-0.00294174123291265
0.55565,45.93633,-0.00210938372305947,45.9355138423733,-0.0029255413497223
0.56697,45.93648,-0.00195938372305449,45.9355501254004,-0.00288925832263065
0.5783,45.93713,-0.00130938372305422,45.9356084635781,-0.00283092014494114
0.58961,45.93417,-0.00426938372305585,45.9356918175136,-0.00274756620945069
0.60096,45.93469,-0.00374938372305422,45.9358029266789,-0.00263645704415747
0.61227,45.93552,-0.00291938372306078,45.9359428903728,-0.00249649335026481
0.62356,45.93535,-0.00308938372305789,45.9361099429093,-0.00232944081379397
0.63487,45.93633,-0.00210938372305947,45.9362987516633,-0.00214063205976347
0.6462,45.9375,-0.000939383723057574,45.9365003956744,-0.00193898804869744
0.6575,45.93525,-0.00318938372305411,45.9367030109263,-0.00173637279677668
0.66882,45.93674,-0.00169938372305722,45.9368929780353,-0.0015464056877537
0.68012,45.93832,-0.000119383723060196,45.9370564762417,-0.00138290748134856
0.69142,45.93659,-0.0018493837230551,45.9371811945193,-0.00125818920373682
0.70273,45.93779,-0.000649383723057895,45.9372579591158,-0.00118142460726549
0.71402,45.93807,-0.000369383723054284,45.9372820309738,-0.00115735274928892
0.72535,45.93798,-0.00045938372305443,45.9372538659819,-0.00118551774116515
0.73666,45.93596,-0.00247938372305612,45.9371792087152,-0.00126017500781712
0.74799,45.93878,0.000340616276943706,45.9370684925174,-0.00137089120561277
0.75932,45.93607,-0.00236938372305673,45.9369356258485,-0.00150375787455557
0.77064,45.93623,-0.00220938372305568,45.936796330893,-0.00164305283005587
0.78193,45.9376,-0.000839383723054254,45.9366662541831,-0.00177312953993856
0.79324,45.93588,-0.00255938372306019,45.9365590921746,-0.00188029154845842
0.80455,45.93493,-0.0035093837230562,45.9364849694017,-0.00195441432131222
0.81586,45.93662,-0.00181938372305979,45.9364492759152,-0.00199010780784652
0.82716,45.93692,-0.00151938372305693,45.9364521073093,-0.00198727641374497
0.83849,45.9352,-0.00323938372305577,45.9364883452673,-0.00195103845579765
0.8498,45.93976,0.00132061627694213,45.9365482953927,-0.00189108833038883
0.8611,45.93562,-0.00281938372305746,45.9366187197389,-0.00182066398414321
0.87242,45.93666,-0.0017793837230542,45.9366841058767,-0.00175527784633935
0.88374,45.93443,-0.00400938372305859,45.9367280988086,-0.00171128491448762
0.89504,45.93507,-0.0033693837230544,45.9367351194938,-0.00170426422923935
0.90632,45.93885,0.000410616276944609,45.9366921947624,-0.00174718896065812
0.91765,45.93871,0.000270616276942803,45.9365908771397,-0.00184850658330936
0.92897,45.93587,-0.00256938372305626,45.9364289334296,-0.00201045029347277
0.94029,45.93707,-0.00136938372305906,45.9362113996487,-0.00222798407435616
0.95161,45.93513,-0.00330938372305667,45.9359507109512,-0.0024886727718273
0.96292,45.93621,-0.00222938372305492,45.9356658243378,-0.00277355938523959
0.97423,45.93674,-0.00169938372305722,45.935380421978,-0.00305896174508714
0.98554,45.93597,-0.00246938372306005,45.9351203758344,-0.00331900788865643
0.99685,45.93292,-0.00551938372305472,45.9349107281837,-0.0035286555393923
1.00815,45.934,-0.00443938372306008,45.9347725489785,-0.00366683474452718
1.01945,45.93441,-0.00402938372305783,45.9347201343613,-0.00371924936179085
1.03074,45.9338,-0.00463938372305961,45.9347590200479,-0.00368036367518613
1.04204,45.93417,-0.00426938372305585,45.9348851622056,-0.00355422151743511
1.05334,45.93309,-0.0053493837230576,45.9350854386873,-0.00335394503577812
1.06464,45.93739,-0.00104938372305696,45.9353394040963,-0.00309997962674037
1.07592,45.93724,-0.00119938372305484,45.9356220139669,-0.00281736975617016
1.08721,45.93496,-0.00347938372306089,45.9359068547699,-0.00253252895313417
1.09852,45.9363,-0.00213938372305478,45.936169353836,-0.00227002988700678
1.1098,45.93705,-0.0013893837230583,45.936389519548,-0.00204986417505317
1.1211,45.93746,-0.00097938372305606,45.9365538962486,-0.0018854874744252
1.1324,45.93947,0.00103061627694245,45.9366565289234,-0.00178285479962425
1.14369,45.93536,-0.00307938372305472,45.936698841602,-0.00174054212101635
1.15498,45.93386,-0.00457938372305478,45.9366885065817,-0.00175087714132244
1.16628,45.93625,-0.00218938372305644,45.9366375954507,-0.00180178827239088
1.17759,45.93935,0.000910616276939891,45.9365604253966,-0.00187895832648332
1.18892,45.93753,-0.000909383723055157,45.9364714581208,-0.00196792560229621
1.20024,45.93202,-0.00641938372305617,45.9363834708441,-0.00205591287895106
1.21152,45.9358,-0.00263938372305716,45.9363061650192,-0.00213321870386101
1.22283,45.93718,-0.00125938372305967,45.9362454007794,-0.00219398294367566
1.23413,45.93563,-0.00280938372305428,45.9362031836464,-0.00223620007667084
1.24543,45.93756,-0.000879383723059846,45.9361783334586,-0.00226105026446432
1.25675,45.93678,-0.00165938372305874,45.9361675679391,-0.00227181578398978
1.26806,45.93576,-0.00267938372305565,45.9361666645449,-0.00227271917816596
1.27935,45.93758,-0.000859383723060603,45.9361714265602,-0.00226795716283032
1.29065,45.93586,-0.00257938372305944,45.9361783067716,-0.00226107695143732
1.30197,45.9352,-0.00323938372305577,45.9361846782799,-0.00225470544318323
1.31327,45.93552,-0.00291938372306078,45.9361888540944,-0.00225052962863115
1.32459,45.93587,-0.00256938372305626,45.9361900145661,-0.00224936915699534
1.3359,45.93521,-0.0032293837230597,45.9361881733146,-0.00225121040840997
1.34722,45.93991,0.00147061627694001,45.9361842022086,-0.00225518151448465
1.35854,45.93604,-0.00239938372305915,45.9361798092107,-0.00225957451234905
1.36985,45.93578,-0.00265938372305641,45.9361773184831,-0.00226206524000483
1.38113,45.93419,-0.00424938372305661,45.9361791966552,-0.00226018706789141
1.39244,45.93682,-0.00161938372306025,45.9361874406598,-0.00225194306330187
1.40375,45.93635,-0.00208938372306022,45.9362030471934,-0.00223633652964016
1.41504,45.9352,-0.00323938372305577,45.9362257476993,-0.00221363602375614
1.42634,45.93655,-0.00188938372306069,45.936254077756,-0.00218530596707366
1.43766,45.93627,-0.00216938372305719,45.9362857469946,-0.00215363672844343
1.44895,45.93666,-0.0017793837230542,45.9363182074536,-0.00212117626943626
1.46026,45.93695,-0.00148938372305452,45.9363492714802,-0.00209011224290511
1.47155,45.9367,-0.00173938372305571,45.9363776130553,-0.00206177066775428
1.48284,45.93635,-0.00208938372306022,45.936403016056,-0.00203636766709153
1.49416,45.93635,-0.00208938372306022,45.9364263046764,-0.00201307904665863
1.50546,45.93842,-1.93837230568761e-05,45.9364489789252,-0.00199040479789764
1.51676,45.93388,-0.00455938372305553,45.9364726592263,-0.00196672449677335
1.52808,45.93469,-0.00374938372305422,45.9364985123677,-0.00194087135536934
1.53939,45.93819,-0.000249383723058827,45.9365268648382,-0.00191251888487467
1.55072,45.93594,-0.00249938372305536,45.9365571572722,-0.0018822264508644
1.56204,45.93658,-0.00185938372305827,45.9365882479705,-0.00185113575253976
1.57336,45.93699,-0.00144938372305603,45.9366189188408,-0.0018204648823098
1.58466,45.93848,4.06162769408525e-05,45.9366483584718,-0.00179102525122896
1.59596,45.93688,-0.00155938372305542,45.9366764028774,-0.00176298084562582
1.60726,45.937,-0.00143938372305996,45.9367033893564,-0.00173599436665972
1.61858,45.93695,-0.00148938372305452,45.9367296220329,-0.00170976169017374
1.62987,45.93338,-0.00505938372305792,45.9367546269049,-0.00168475681813074
1.64116,45.93707,-0.00136938372305906,45.9367765085911,-0.00166287513198933
1.65243,45.93556,-0.00287938372305518,45.9367917268586,-0.00164765686445836
1.66374,45.93851,7.06162769432694e-05,45.9367954618281,-0.00164392189495623
1.67505,45.93671,-0.00172938372305964,45.9367824994672,-0.00165688425583682
1.68636,45.93806,-0.000379383723057458,45.9367483718139,-0.0016910119091829
1.69766,45.93678,-0.00165938372305874,45.9366904231946,-0.00174896052849514
1.70897,45.93729,-0.00114938372306028,45.9366085466281,-0.00183083709496435
1.7203,45.93386,-0.00457938372305478,45.9365054816576,-0.00193390206542873
1.73161,45.93741,-0.00102938372305772,45.9363867074876,-0.00205267623548676
1.74291,45.93719,-0.0012493837230565,45.9362600347576,-0.00217934896544306
1.75423,45.93509,-0.00334938372305515,45.9361349746056,-0.00230440911750443
1.76553,45.93781,-0.000629383723058652,45.9360219008538,-0.00241748286928133
1.77686,45.93617,-0.00226938372306051,45.9359310013797,-0.00250838234338918
1.78818,45.93495,-0.00348938372305696,45.9358710655875,-0.00256831813556055
1.79948,45.93464,-0.00379938372305588,45.935848248429,-0.00259113529409777
1.8108,45.93563,-0.00280938372305428,45.9358650346184,-0.00257434910461071
1.82211,45.937,-0.00143938372305996,45.9359196374905,-0.00251974623252174
1.83341,45.9347,-0.00373938372305815,45.9360059843638,-0.00243339935924612
1.84472,45.9367,-0.00173938372305571,45.9361143208494,-0.0023250628736256
1.85603,45.93431,-0.00412938372305405,45.9362323794132,-0.00220700430989343
1.86734,45.93629,-0.00214938372305795,45.9363470019734,-0.00209238174962507
1.87866,45.93688,-0.00155938372305542,45.9364460305534,-0.00199335316966934
1.88998,45.93951,0.00107061627694094,45.9365201619115,-0.00191922181160116
1.9013,45.93751,-0.0009293837230544,45.9365643567577,-0.00187502696537897
1.9126,45.93851,7.06162769432694e-05,45.9365784083026,-0.00186097542047546
1.92392,45.93334,-0.00509938372305641,45.9365664752888,-0.00187290843428038
1.9352,45.93603,-0.00240938372305521,45.9365357111382,-0.00190367258485872
1.94649,45.9365,-0.00193938372305524,45.9364944026874,-0.00194498103563846
1.95781,45.93661,-0.00182938372305586,45.936450120375,-0.00198926334802311
1.96908,45.93433,-0.0041093837230548,45.9364082767447,-0.00203110697830667
1.98036,45.93678,-0.00165938372305874,45.9363713116453,-0.00206807207778182
1.99169,45.93749,-0.000949383723060748,45.9363385617586,-0.00210082196450608
2.00304,45.93594,-0.00249938372305536,45.9363067377023,-0.00213264602071661
2.01438,45.93655,-0.00188938372306069,45.9362708320445,-0.00216855167856334
2.0257,45.93515,-0.00328938372305743,45.9362252504553,-0.00221413326780696
2.03701,45.93781,-0.000629383723058652,45.9361649877052,-0.00227439601782941
2.04831,45.93488,-0.00355938372305786,45.9360867044794,-0.00235267924365377
2.05966,45.93624,-0.00219938372305961,45.9359895707076,-0.00244981301549335
2.07096,45.93842,-1.93837230568761e-05,45.9358757439588,-0.00256363976424246
2.08228,45.9373,-0.00113938372305711,45.9357503758977,-0.00268900782531333
2.09358,45.93104,-0.0073993837230546,45.9356211192385,-0.00281826448450991
2.10491,45.93465,-0.00378938372305981,45.9354972567398,-0.0029421269832886
2.11623,45.93647,-0.00196938372305766,45.9353887088247,-0.00305067489839705
2.12754,45.93648,-0.00195938372305449,45.9353051539633,-0.00313422975980252
2.13884,45.93703,-0.00140938372305754,45.9352553120014,-0.00318407172163275
2.15016,45.93293,-0.00550938372305865,45.9352462800491,-0.0031931036739825
2.16148,45.93707,-0.00136938372305906,45.9352828255019,-0.00315655822116848
2.17278,45.93312,-0.00531938372305518,45.9353666838312,-0.00307269989184748
2.18411,45.9357,-0.00273938372306048,45.9354960309605,-0.00294335276252499
2.19543,45.93581,-0.0026293837230611,45.9356653185591,-0.00277406516395223
2.20673,45.93478,-0.00365938372305408,45.9358655899339,-0.00257379378918791
2.21806,45.9354,-0.00303938372305623,45.9360852839948,-0.00235409972830192
2.2294,45.93906,0.000620616276940211,45.9363114215892,-0.00212796213388725
2.24072,45.93522,-0.00321938372305652,45.9365309713216,-0.00190841240146487
2.25205,45.93814,-0.000299383723060487,45.9367321384307,-0.00170724529233509
2.26337,45.93802,-0.000419383723055944,45.9369053468865,-0.00153403683659024
2.2747,45.93347,-0.00496938372305777,45.9370437904424,-0.00139559328063834
2.28602,45.9403,0.00186061627694301,45.9371435588314,-0.00129582489163302
2.29732,45.93732,-0.00111938372305787,45.9372034365228,-0.00123594720026815
2.30866,45.93505,-0.00338938372306075,45.9372245026567,-0.00121488106632013
2.31997,45.93677,-0.00166938372305481,45.9372096674838,-0.00122971623923152
2.33129,45.93704,-0.00139938372305437,45.9371632850004,-0.00127609872267765
2.34264,45.93707,-0.00136938372305906,45.9370909377343,-0.00134844598874676
2.35396,45.93878,0.000340616276943706,45.9369993677291,-0.00144001599395473
2.36527,45.93741,-0.00102938372305772,45.9368963958995,-0.00154298782352729
2.37659,45.93713,-0.00130938372305422,45.9367906314791,-0.00164875224400413
2.38792,45.93714,-0.00129938372305816,45.936690860181,-0.00174852354205231
2.39924,45.93433,-0.0041093837230548,45.936605168359,-0.00183421536403462
2.41058,45.93605,-0.00238938372305597,45.9365400210442,-0.00189936267890348
2.4219,45.93555,-0.00288938372305836,45.9364995760211,-0.00193980770193432
2.43321,45.93803,-0.000409383723059875,45.9364854414427,-0.00195394228039194
2.44451,45.93514,-0.0032993837230606,45.9364969072283,-0.00194247649477603
2.45583,45.93787,-0.000569383723060923,45.9365314992919,-0.00190788443119295
2.46716,45.93946,0.00102061627693928,45.9365856052628,-0.0018537784602794
2.47849,45.93544,-0.00299938372305775,45.9366549277527,-0.0017844559703949
2.48982,45.9356,-0.0028393837230567,45.9367346344369,-0.00170474928617193
2.50113,45.93767,-0.000769383723060457,45.9368192622588,-0.00162012146430094
2.51246,45.93468,-0.0037593837230574,45.9369026022153,-0.00153678150773578
2.52376,45.93362,-0.0048193837230599,45.9369778385585,-0.0014615451645701
2.53508,45.94002,0.00158061627693939,45.9370381109349,-0.00140127278811694
2.54642,45.94019,0.00175061627694362,45.9370774431298,-0.00136194059329215
2.55774,45.93673,-0.0017093837230604,45.9370917337981,-0.00134764992497734
2.56904,45.93776,-0.000679383723060312,45.9370794014909,-0.00135998223214793
2.58034,45.93657,-0.00186938372305434,45.937041422337,-0.00139796138610534
2.59166,45.93498,-0.00345938372305454,45.9369807912729,-0.00145859245017867
2.60299,45.93692,-0.00151938372305693,45.9369016703817,-0.00153771334132723
2.61432,45.93776,-0.000679383723060312,45.9368085467574,-0.00163083696565891
2.62564,45.93652,-0.001919383723056,45.9367056332887,-0.00173375043436796
2.63693,45.93456,-0.00387938372305996,45.9365966109287,-0.0018427727943742
2.64824,45.9357,-0.00273938372306048,45.93648471472,-0.00195466900303087
2.65957,45.93948,0.00104061627694563,45.9363730978202,-0.00206628590282325
2.67091,45.93638,-0.00205938372305781,45.9362653127276,-0.0021740709954099
2.68226,45.93682,-0.00161938372306025,45.9361656573492,-0.00227372637386711
2.6936,45.93536,-0.00307938372305472,45.9360791501701,-0.00236023355295847
2.70493,45.93649,-0.00194938372305842,45.9360110472199,-0.00242833650318529
2.71627,45.93692,-0.00151938372305693,45.935965994188,-0.00247338953502943
2.72758,45.93328,-0.00515938372305413,45.9359470265012,-0.00249235722188423
2.73893,45.93468,-0.0037593837230574,45.9359546789462,-0.00248470477681602
2.75023,45.93925,0.000810616276943676,45.9359864526323,-0.00245293109077541
2.76154,45.9349,-0.00353938372305862,45.9360367980361,-0.00240258568692838
2.77285,45.93452,-0.00391938372305844,45.9360976461629,-0.00234173756017453
2.78418,45.93548,-0.00295938372305926,45.9361594419053,-0.00227994181776514
2.79549,45.93551,-0.00292938372305684,45.9362126079638,-0.00222677575929385
2.80683,45.93734,-0.00109938372305862,45.9362492966847,-0.00219008703834076
2.81817,45.93832,-0.000119383723060196,45.9362651309909,-0.00217425273210982
2.82948,45.93942,0.000980616276940793,45.9362604908,-0.00217889292304483
2.84082,45.93332,-0.00511938372305565,45.9362409054193,-0.002198478303765
2.85212,45.93805,-0.000389383723060632,45.9362163164837,-0.00222306723940842
2.86344,45.9366,-0.00183938372305903,45.936199292103,-0.00224009162010159
2.87476,45.93606,-0.0023793837230599,45.9362025482901,-0.0022368354329485
2.88608,45.9325,-0.00593938372306013,45.9362362948945,-0.00220308882853159
2.8974,45.93591,-0.00252938372305778,45.9363059878614,-0.00213339586164045
2.90874,45.9353,-0.00313938372305955,45.9364110251492,-0.00202835857385948
2.92008,45.93616,-0.00227938372305658,45.936544719812,-0.00189466391109436
2.93138,45.9375,-0.000939383723057574,45.9366955526821,-0.00174383104092854
2.9427,45.93763,-0.000809383723058943,45.9368493764935,-0.00159000722952166
2.95403,45.9377,-0.00073938372305804,45.9369920269962,-0.00144735672683942
2.96536,45.93903,0.0005906162769449,45.9371117354874,-0.00132764823568321
2.9767,45.93771,-0.000729383723054866,45.9372008206299,-0.00123856309317143
2.98801,45.93877,0.000330616276940532,45.9372563331293,-0.00118305059374302
2.99934,45.93605,-0.00238938372305597,45.9372795944138,-0.00115978930921825
3.01066,45.93598,-0.00245938372305687,45.937274857136,-0.00116452658704272
3.022,45.93533,-0.00310938372305714,45.9372475432516,-0.00119184047143896
3.03327,45.93608,-0.00235938372306066,45.9372025954835,-0.00123678823951122
3.0446,45.93909,0.000650616276942628,45.9371433637548,-0.00129601996823111
3.05594,45.93819,-0.000249383723058827,45.9370711925705,-0.00136819115256722
3.06724,45.93582,-0.00261938372305792,45.93698562424,-0.00145375948304629
3.07854,45.93652,-0.001919383723056,45.9368850233614,-0.00155436036161844
3.08987,45.93533,-0.00310938372305714,45.9367674650038,-0.00167191871927224
3.10121,45.93804,-0.000399383723056701,45.9366317878423,-0.0018075958807564
3.11252,45.93727,-0.00116938372305952,45.9364786872377,-0.00196069648538715
3.12384,45.93632,-0.00211938372305553,45.9363116358241,-0.00212774789897664
3.13515,45.93646,-0.00197938372306083,45.9361373738048,-0.00230200991826606
3.14648,45.93702,-0.00141938372306072,45.9359657635719,-0.00247362015120914
3.15781,45.93724,-0.00119938372305484,45.935808923026,-0.00263046069701569
3.16914,45.93542,-0.00301938372305699,45.9356796957921,-0.00275968793092364
3.18044,45.93475,-0.00368938372305649,45.9355896822479,-0.0028497014751359
3.19176,45.9315,-0.0069393837230578,45.9355472327495,-0.00289215097358097
3.20309,45.93478,-0.00365938372305408,45.9355559117155,-0.00288347200756195
3.21442,45.93636,-0.00207938372305705,45.935613862621,-0.00282552110204752
3.22577,45.93821,-0.000229383723059584,45.9357142142065,-0.00272516951659217
3.23709,45.93499,-0.00344938372305847,45.9358463081684,-0.00259307555462903
3.24842,45.93725,-0.00118938372305877,45.9359973104695,-0.00244207325355728
3.25973,45.93533,-0.00310938372305714,45.9361537831596,-0.00228560056343183
3.27104,45.93791,-0.000529383723055332,45.9363029510586,-0.00213643266447328
3.28235,45.93636,-0.00207938372305705,45.9364335623866,-0.00200582133646088
3.29368,45.93536,-0.00307938372305472,45.9365363650682,-0.00190301865480879
3.30502,45.93542,-0.00301938372305699,45.9366043152938,-0.00183506842928819
3.31634,45.93579,-0.00264938372306034,45.9366326893937,-0.0018066943293099
3.32767,45.93903,0.0005906162769449,45.936619234552,-0.0018201491710506
3.33898,45.93624,-0.00219938372305961,45.9365643648328,-0.0018750188902984
3.3503,45.93779,-0.000649383723057895,45.9364712777463,-0.00196810597678142
3.36162,45.93552,-0.00291938372306078,45.9363458429232,-0.00209354079981281
3.37291,45.93502,-0.00341938372305606,45.9361962129795,-0.0022431707435879
3.38425,45.93496,-0.00347938372306089,45.9360322362859,-0.00240714743714241
3.39555,45.93783,-0.000609383723059409,45.9358648038812,-0.00257457984190142
3.4069,45.93699,-0.00144938372305603,45.935705204153,-0.00273417957002446
3.41823,45.93474,-0.00369938372305967,45.9355644631298,-0.00287492059326939
3.42956,45.9334,-0.00503938372305868,45.9354526301988,-0.00298675352425676
3.4409,45.93616,-0.00227938372305658,45.9353780485437,-0.00306133517936253
3.45218,45.93652,-0.001919383723056,45.9353467191927,-0.00309266453039447
3.4635,45.93592,-0.0025193837230546,45.9353618417079,-0.00307754201520418
3.47483,45.93409,-0.00434938372305993,45.9354235493887,-0.00301583433437039
3.48614,45.93349,-0.00494938372305853,45.9355288542021,-0.00291052952093696
3.49746,45.93694,-0.00149938372305769,45.9356718626889,-0.00276752103415696
3.50879,45.9372,-0.00123938372306043,45.9358443122136,-0.00259507150942457
3.52011,45.93495,-0.00348938372305696,45.9360363739755,-0.00240300974751158
3.53143,45.93647,-0.00196938372305766,45.9362375693801,-0.00220181434293617
3.54273,45.93763,-0.000809383723058943,45.9364376369965,-0.0020017467265727
3.55405,45.93633,-0.00210938372305947,45.9366272460946,-0.00181213762850769
3.56535,45.93573,-0.00270938372305807,45.9367985192652,-0.0016408644578564
3.57669,45.93722,-0.00121938372305408,45.9369453832548,-0.00149400046828982
3.58802,45.93659,-0.0018493837230551,45.937063803676,-0.00137558004708506
3.59932,45.93763,-0.000809383723058943,45.9371519479458,-0.0012874357773103
3.61066,45.93781,-0.000629383723058652,45.9372102651892,-0.00122911853388009
3.62196,45.93633,-0.00210938372305947,45.9372414187803,-0.0011979649427819
3.63328,45.9398,0.00136061627694062,45.9372499961553,-0.00118938756774698
3.6446,45.93583,-0.00260938372305475,45.9372419565092,-0.0011974272138476
3.65594,45.93719,-0.0012493837230565,45.9372238489235,-0.0012155347995254
3.6673,45.93677,-0.00166938372305481,45.9372019235739,-0.00123746014918602
3.67864,45.93576,-0.00267938372305565,45.9371813273857,-0.00125805633736599
3.68997,45.93822,-0.00021938372305641,45.9371655748653,-0.00127380885779193
3.70129,45.93651,-0.00192938372305917,45.9371564049155,-0.00128297880752861
3.71262,45.93731,-0.00112938372306104,45.9371540169028,-0.00128536682025332
3.72393,45.93741,-0.00102938372305772,45.9371575795993,-0.00128180412380099
3.73524,45.93718,-0.00125938372305967,45.9371658525357,-0.00127353118732202
3.74657,45.93864,0.000200616276941901,45.9371777460303,-0.00126163769277699
3.7579,45.93837,-6.93837230585359e-05,45.9371926679087,-0.00124671581433697
3.76921,45.9351,-0.00333938372305909,45.9372105754661,-0.00122880825699246
3.78053,45.93518,-0.00325938372305501,45.9372317731772,-0.00120761054588574
3.79181,45.93788,-0.000559383723057749,45.9372566082924,-0.00118277543066885
3.8031,45.94039,0.00195061627694315,45.9372852157098,-0.00115416801329074
3.81442,45.93723,-0.00120938372305801,45.9373173394706,-0.00112204425243438
3.82571,45.93549,-0.00294938372305609,45.9373521509892,-0.00108723273381284
3.837,45.93812,-0.00031938372305973,45.9373880255291,-0.00105135819395327
3.84834,45.93666,-0.0017793837230542,45.9374223777763,-0.00101700594680365
3.85965,45.93559,-0.00284938372305987,45.9374517394823,-0.000987644240707425
3.87098,45.93745,-0.000989383723059234,45.9374722176093,-0.000967166113732774
3.88229,45.93774,-0.000699383723059555,45.937480334682,-0.000959049041030117
3.89362,45.9405,0.00206061627694254,45.937474075651,-0.000965308072081086
3.90492,45.93772,-0.000719383723058797,45.9374538154304,-0.000985568292639252
3.91626,45.93629,-0.00214938372305795,45.9374227761799,-0.00101660754318643
3.92759,45.94027,0.00183061627694059,45.9373868060368,-0.00105257768621629
3.9389,45.93401,-0.0044293837230569,45.937353504413,-0.00108587931006516
3.95019,45.93717,-0.00126938372305574,45.9373309202759,-0.00110846344719691
3.96152,45.93864,0.000200616276941901,45.9373261487505,-0.00111323497257755
3.97285,45.93642,-0.00201938372305932,45.9373441383927,-0.00109524533039424
3.98417,45.93481,-0.00362938372305877,45.9373869323459,-0.00105245137712515
3.9955,45.93774,-0.000699383723059555,45.9374534578891,-0.000985925833994385
4.00684,45.94062,0.0021806162769451,45.9375398613389,-0.000899522384185723
4.01813,45.93747,-0.000969383723059991,45.9376402413882,-0.000799142334859632
4.02942,45.93739,-0.00104938372305696,45.9377475250207,-0.000691858702331246
4.04075,45.93734,-0.00109938372305862,45.9378542570698,-0.000585126653236955
4.05207,45.93789,-0.000549383723054575,45.9379532166225,-0.000486167100565047
4.06339,45.93735,-0.00108938372305545,45.9380378955922,-0.000401488130902522
4.07471,45.93919,0.000750616276945948,45.9381028927717,-0.000336490951310126
4.08603,45.93933,0.000890616276940648,45.9381442232261,-0.000295160496927614
4.09736,45.93744,-0.000999383723055303,45.9381594981361,-0.000279885586969367
4.1087,45.93647,-0.00196938372305766,45.9381479494094,-0.000291434313679596
4.12004,45.93779,-0.000649383723057895,45.9381103433418,-0.000329040381299073
4.13138,45.93985,0.00141061627694228,45.9380488665853,-0.000390517137707867
4.14271,45.9384,-3.93837230561189e-05,45.9379670159775,-0.000472367745551583
4.15403,45.93705,-0.0013893837230583,45.9378694345799,-0.000569949143163772
4.16536,45.93744,-0.000999383723055303,45.9377616145226,-0.000677769200430513
4.17668,45.93888,0.00044061627693992,45.9376494492167,-0.000789934506352411
4.18801,45.93701,-0.00142938372305679,45.9375386859691,-0.000900697753929724
4.19935,45.93747,-0.000969383723059991,45.9374343577919,-0.00100502593116344
4.21068,45.93598,-0.00245938372305687,45.9373402850789,-0.00109909864413758
4.222,45.93822,-0.00021938372305641,45.937258750887,-0.00118063283606663
4.23332,45.93644,-0.00199938372306008,45.9371904399931,-0.00124894372998292
4.24464,45.93691,-0.00152938372306011,45.9371346754225,-0.00130470830053767
4.25596,45.93731,-0.00112938372306104,45.9370899124309,-0.00134947129220169
4.2673,45.93752,-0.000919383723058331,45.9370543874814,-0.0013849962416684
4.27862,45.93738,-0.00105938372306014,45.9370267766129,-0.00141260711011908
4.28993,45.93648,-0.00195938372305449,45.9370067022255,-0.00143268149759981
4.30129,45.93816,-0.000279383723054138,45.9369949503875,-0.00144443333555593
4.3126,45.93805,-0.000389383723060632,45.9369933144605,-0.00144606926258466
4.32389,45.93645,-0.0019893837230569,45.9370040525475,-0.00143533117555196
4.3352,45.93723,-0.00120938372305801,45.9370290428012,-0.00141034092182258
4.34648,45.93414,-0.00429938372305827,45.9370688392327,-0.001370544490345
4.3578,45.93878,0.000340616276943706,45.9371219189698,-0.00131746475329833
4.36915,45.93542,-0.00301938372305699,45.9371844008428,-0.00125498288028886
4.38048,45.93559,-0.00284938372305987,45.9372503925021,-0.00118899122099248
4.39179,45.94012,0.00168061627694271,45.937312940606,-0.00112644311705128
4.40306,45.93884,0.000400616276941435,45.9373653755402,-0.00107400818290284
4.41439,45.93564,-0.00279938372305821,45.9374027150529,-0.00103666867017236
4.42568,45.93839,-4.93837230592931e-05,45.9374227840839,-0.00101659963919396
4.43702,45.93797,-0.000469383723057604,45.9374268241663,-0.00101255955672011
4.44834,45.93697,-0.00146938372305527,45.9374195123406,-0.0010198713824774
4.45966,45.93758,-0.000859383723060603,45.9374084067047,-0.00103097701837606
4.471,45.93797,-0.000469383723057604,45.9374028914532,-0.0010364922698696
4.48234,45.93898,0.00054061627694324,45.9374127415628,-0.00102664216029563
4.49368,45.93517,-0.00326938372305818,45.9374464811528,-0.000992902570235438
4.505,45.93695,-0.00148938372305452,45.937509780662,-0.000929603061087336
4.51633,45.93617,-0.00226938372306051,45.937604203892,-0.000835179831028944
4.52767,45.93741,-0.00102938372305772,45.937726603118,-0.00071278060504403
4.53898,45.93877,0.000330616276940532,45.9378693202776,-0.000570063445435349
4.55032,45.93787,-0.000569383723060923,45.9380211328612,-0.000418250861847772
4.56162,45.94049,0.00205061627693937,45.9381686926888,-0.000270691034293131
4.57297,45.93808,-0.000359383723058215,45.9382981287902,-0.000141254932811972
4.58431,45.93744,-0.000999383723055303,45.9383965428499,-4.28408731785134e-05
4.59564,45.93633,-0.00210938372305947,45.9384532715012,1.38877781046628e-05
4.60692,45.94103,0.00259061627694024,45.9384609233054,2.15395823885879e-05
4.61824,45.93687,-0.00156938372305859,45.9384162238568,-2.31598662563293e-05
4.62956,45.93916,0.000720616276943531,45.9383206224754,-0.000118761247699352
4.64089,45.93929,0.000850616276942162,45.9381805246552,-0.000258859067810156
4.65221,45.93831,-0.000129383723056264,45.9380069934126,-0.000432390310428918
4.66355,45.93867,0.000230616276944318,45.9378148170998,-0.000624566623244848
4.67488,45.93781,-0.000629383723058652,45.9376209550065,-0.000818428716568571
4.68624,45.9373,-0.00113938372305711,45.9374425277759,-0.000996855947187242
4.69756,45.93504,-0.00339938372305681,45.9372946805699,-0.00114470315315616
4.70888,45.93414,-0.00429938372305827,45.9371887549416,-0.00125062878149521
4.72021,45.9387,0.000260616276939629,45.9371311893606,-0.0013081943624134
4.73152,45.93674,-0.00169938372305722,45.9371233805403,-0.00131600318276727
4.74283,45.93867,0.000230616276944318,45.9371624289709,-0.00127695475214091
4.75417,45.93829,-0.000149383723055507,45.9372424169299,-0.00119696679312344
4.7655,45.93678,-0.00165938372305874,45.9373557615423,-0.00108362218075613
4.77682,45.93939,0.000950616276945482,45.9374942605524,-0.000945123170646447
4.78814,45.93943,0.000990616276943967,45.9376496247169,-0.000789759006124479
4.79944,45.93484,-0.00359938372305635,45.9378134974391,-0.000625886283976181
4.81078,45.93574,-0.00269938372305489,45.9379771694495,-0.000462214273558282
4.8221,45.93844,6.16276942366767e-07,45.9381313501129,-0.000308033610177008
4.83344,45.93829,-0.000149383723055507,45.9382663546281,-0.000173029094955951
4.84477,45.93687,-0.00156938372305859,45.9383728725604,-6.65111626611914e-05
4.8561,45.94043,0.00199061627694164,45.9384432083396,3.8246165705065e-06
4.86742,45.94029,0.00185061627693983,45.938472671938,3.32882149805291e-05
4.87876,45.93819,-0.000249383723058827,45.9384607103035,2.13265804159561e-05
4.89008,45.9387,0.000260616276939629,45.9384114185202,-2.79652028332049e-05
4.9014,45.93988,0.0014406162769447,45.9383332382722,-0.000106145450904505
4.9127,45.93655,-0.00188938372306069,45.9382378708992,-0.000201512823816512
4.92404,45.93714,-0.00129938372305816,45.9381386201902,-0.000300763532845849
4.93536,45.93801,-0.000429383723059118,45.938048491446,-0.000390892277088964
4.9467,45.93814,-0.000299383723060487,45.9379783851301,-0.000460998592958308
4.95804,45.93954,0.00110061627694336,45.9379356380515,-0.000503745671539426
4.96934,45.93576,-0.00267938372305565,45.9379230488247,-0.000516334898316678
4.98067,45.93818,-0.000259383723054896,45.9379384626509,-0.000500921072131413
4.992,45.93742,-0.00101938372305455,45.937974990349,-0.000464393374030676
5.00333,45.93623,-0.00220938372305568,45.9380219256096,-0.000417458113435776
5.01462,45.93839,-4.93837230592931e-05,45.9380663429387,-0.000373040784361773
5.02595,45.93845,1.06162769455409e-05,45.9380952093321,-0.000344174390942731
5.0373,45.9411,0.00266061627694114,45.938097669207,-0.000341714516050352
5.04863,45.93766,-0.000779383723056526,45.9380670374289,-0.000372346294136763
5.05998,45.93993,0.00149061627693925,45.9380020452929,-0.00043733843015038
5.0713,45.93699,-0.00144938372305603,45.9379070594652,-0.000532324257891745
5.08264,45.93742,-0.00101938372305455,45.9377912653184,-0.00064811840462303
5.09397,45.93763,-0.000809383723058943,45.9376670577578,-0.000772325965243189
5.10529,45.937,-0.00143938372305996,45.9375480325411,-0.000891351181914038
5.11659,45.93603,-0.00240938372305521,45.9374470030071,-0.000992380715917691
5.1279,45.9367,-0.00173938372305571,45.937374408994,-0.00106497472903548
5.13923,45.93615,-0.00228938372305976,45.9373373630972,-0.00110202062582212
5.15056,45.93962,0.00118061627694033,45.9373394022199,-0.00109998150313809
5.16189,45.93678,-0.00165938372305874,45.9373808061581,-0.00105857756497705
5.17318,45.94156,0.00312061627694504,45.9374591850609,-0.000980198662201613
5.18451,45.93595,-0.00248938372305929,45.9375700125086,-0.000869371214455757
5.19583,45.93637,-0.00206938372306098,45.9377069226049,-0.000732461118166205
5.20716,45.93568,-0.00275938372305973,45.9378618272868,-0.00057755643630177
5.21848,45.939,0.000560616276942483,45.9380250880916,-0.000414295631477472
5.22983,45.93856,0.000120616276944929,45.9381859642294,-0.000253419493627786
5.24116,45.93856,0.000120616276944929,45.9383333794461,-0.000106004276959887
5.25248,45.94069,0.0022506162769389,45.9384568620736,1.74783505813413e-05
5.26382,45.93646,-0.00197938372306083,45.9385474500232,0.000108066300103235
5.27516,45.93803,-0.000409383723059875,45.9385984240578,0.000159040334697711
5.28648,45.93877,0.000330616276940532,45.9386058505311,0.000166466808090971
5.29779,45.94021,0.00177061627694286,45.938568975315,0.000129591591928844
5.30909,45.93737,-0.00106938372305621,45.9384904821662,5.10984431051087e-05
5.3204,45.93742,-0.00101938372305455,45.9383765775528,-6.28061702949449e-05
5.33172,45.93828,-0.000159383723058681,45.9382368554273,-0.000202528295744482
5.34304,45.94082,0.00238061627694464,45.9380839033611,-0.000355480361963388
5.35434,45.93744,-0.000999383723055303,45.9379325900412,-0.000506793681887073
5.36568,45.93747,-0.000969383723059991,45.9377989650835,-0.000640418639583737
5.37701,45.93785,-0.000589383723060166,45.9376987769831,-0.000740606739930511
5.38836,45.93731,-0.00112938372306104,45.937645750815,-0.000793632908052863
5.3997,45.93763,-0.000809383723058943,45.9376498706164,-0.000789513106645166
5.41101,45.93731,-0.00112938372306104,45.937715937563,-0.000723446160093244
5.42233,45.93575,-0.00268938372305882,45.9378426483146,-0.000596735408412938
5.43366,45.93798,-0.00045938372305443,45.9380223779522,-0.000417005770847264
5.44498,45.93998,0.00154061627694091,45.9382417434228,-0.000197640300269047
5.45633,45.93948,0.00104061627694563,45.9384828683275,4.34846044924914e-05
5.46765,45.93688,-0.00155938372305542,45.938725138514,0.000285754790944045
5.479,45.93943,0.000990616276943967,45.9389472148874,0.00050783116432502
5.49032,45.93776,-0.000679383723060312,45.9391291401131,0.000689756390062764
5.50166,45.93906,0.000620616276940211,45.9392544283197,0.000815044596596349
5.51296,45.94154,0.0031006162769458,45.9393119855882,0.000872601865115141
5.52427,45.93941,0.000970616276944725,45.939297608275,0.000858224551992654
5.53559,45.94281,0.00437061627694391,45.9392147462019,0.000775362478820047
5.54693,45.93672,-0.00171938372305647,45.9390742876589,0.000634903935889947
5.55824,45.93744,-0.000999383723055303,45.9388933373288,0.000453953605693231
5.56957,45.938,-0.000439383723055187,45.9386932210402,0.000253837317132526
5.5809,45.93926,0.000820616276939745,45.9384971047994,5.77210762935634e-05
5.5922,45.93876,0.000320616276944463,45.9383275750499,-0.000111808673126657
5.60354,45.93911,0.000670616276941871,45.9382043705473,-0.00023501317580504
5.61488,45.93741,-0.00102938372305772,45.9381423404906,-0.000297043232471698
5.6262,45.93933,0.000890616276940648,45.9381497074431,-0.000289676279988987
5.63752,45.93584,-0.00259938372305868,45.9382267978026,-0.000212585920451604
5.64886,45.93759,-0.000849383723057429,45.9383654838329,-7.38998901189196e-05
5.66018,45.93692,-0.00151938372305693,45.9385495904713,0.000110206748220135
5.67149,45.93922,0.000780616276941259,45.938756414096,0.000317030372904607
5.6828,45.93919,0.000750616276945948,45.9389592824456,0.000519898722585641
5.69415,45.94041,0.00197061627694239,45.9391308273538,0.000691443630786536
5.70549,45.93987,0.00143061627694152,45.9392464531018,0.000807069378704513
5.71682,45.93983,0.00139061627694304,45.9392874347929,0.000848051069802117
5.72813,45.94025,0.00181061627694135,45.9392431713771,0.00080378765400248
5.73943,45.93922,0.000780616276941259,45.9391122931834,0.000672909460368009
5.75074,45.93799,-0.000449383723058361,45.9389025236443,0.000463139921282312
5.76207,45.94036,0.00192061627694073,45.9386293755495,0.000189991826411719
5.77337,45.93949,0.0010506162769417,45.9383138983686,-0.000125485354433138
5.78471,45.93643,-0.00200938372305615,45.9379797924634,-0.000459591259697695
5.79604,45.93556,-0.00287938372305518,45.9376503053656,-0.000789078357459222
5.80739,45.93562,-0.00281938372305746,45.9373454191891,-0.00109396453394757
5.8187,45.93798,-0.00045938372305443,45.9370798353245,-0.00135954839859239
5.83002,45.93492,-0.00351938372305938,45.9368620856219,-0.00157729810120295
5.84133,45.93907,0.000630616276943385,45.9366948013829,-0.00174458234011393
5.85266,45.93612,-0.00231938372305507,45.9365758914754,-0.00186349224761839
5.86396,45.93677,-0.00166938372305481,45.9365002176109,-0.00193916611215614
5.87531,45.93816,-0.000279383723054138,45.936461324123,-0.00197805960005556
5.88662,45.93676,-0.00167938372305798,45.936452848336,-0.00198653538710294
5.89797,45.93707,-0.00136938372305906,45.9364693668415,-0.0019700168815159
5.9093,45.93568,-0.00275938372305973,45.9365066005908,-0.00193278313222277
5.92062,45.93613,-0.002309383723059,45.9365610828343,-0.001878300888756
5.93196,45.9362,-0.0022393837230581,45.9366295358803,-0.00180984784273132
5.94327,45.93609,-0.00234938372305749,45.9367082531564,-0.00173113056669372
5.95461,45.93687,-0.00156938372305859,45.9367927361504,-0.00164664757267503
5.96595,45.9368,-0.0016393837230595,45.9368777302611,-0.00156165346193209
5.97728,45.9367,-0.00173938372305571,45.9369576878862,-0.00148169583687299
5.98863,45.9352,-0.00323938372305577,45.9370275915697,-0.00141179215337166
5.99992,45.93857,0.000130616276940998,45.9370839930816,-0.00135539064148087
6.01125,45.93851,7.06162769432694e-05,45.9371260425234,-0.00131334119963191
6.02254,45.93912,0.000680616276945045,45.9371562012242,-0.00128318249885724
6.03388,45.93771,-0.000729383723054866,45.9371803252513,-0.00125905847172573
6.04521,45.93511,-0.00332938372305591,45.9372069472281,-0.00123243649491822
6.05651,45.9363,-0.00213938372305478,45.9372458404299,-0.00119354329311766
6.06784,45.9387,0.000260616276939629,45.9373061753946,-0.00113320832850745
6.07914,45.93695,-0.00148938372305452,45.9373946479434,-0.00104473577969276
6.09047,45.93766,-0.000779383723056526,45.9375138841618,-0.000925499561231786
6.1018,45.93819,-0.000249383723058827,45.9376613353857,-0.000778048337338278
6.11309,45.93518,-0.00325938372305501,45.9378288464968,-0.000610537226227428
6.1244,45.9353,-0.00313938372305955,45.9380030844375,-0.00043629928552123
6.13571,45.93877,0.000330616276940532,45.9381669580826,-0.000272425640432064
6.14703,45.93958,0.00114061627694184,45.9383019688582,-0.000137414864835877
6.15834,45.94056,0.00212061627694027,45.9383911290625,-4.8254660544152e-05
6.16968,45.94036,0.00192061627694073,45.938421829311,-1.75544120440765e-05
6.18102,45.93737,-0.00106938372305621,45.9383880012791,-5.13824439291581e-05
6.19234,45.94007,0.00163061627694105,45.9382911369706,-0.000148246752419636
6.20366,45.93668,-0.00175938372305495,45.9381400641486,-0.000299319574428804
6.21499,45.93661,-0.00182938372305586,45.937949678723,-0.00048970500002914
6.22632,45.93803,-0.000409383723059875,45.9377390070932,-0.000700376629875153
6.23764,45.9378,-0.000639383723054721,45.9375289974535,-0.000910386269562587
6.24895,45.9378,-0.000639383723054721,45.937340353961,-0.0010990297620736
6.26028,45.93328,-0.00515938372305413,45.9371916089938,-0.00124777472928915
6.2716,45.94083,0.0023906162769407,45.9370975390494,-0.00134184467362254
6.2829,45.93784,-0.000599383723056235,45.9370679582728,-0.00137142545029533
6.29424,45.93616,-0.00227938372305658,45.9371068512866,-0.00133253243641172
6.30558,45.93864,0.000200616276941901,45.9372117905537,-0.0012275931693153
6.31691,45.93639,-0.00204938372305463,45.9373736763327,-0.00106570739036652
6.32821,45.93461,-0.0038293837230583,45.9375769837142,-0.000862400008852669
6.33954,45.93621,-0.00222938372305492,45.9378007864148,-0.000638597308219572
6.35087,45.93745,-0.000989383723059234,45.9380207646057,-0.000418619117351982
6.3622,45.93941,0.000970616276944725,45.9382121634668,-0.000227220256267269
6.37352,45.94143,0.00299061627693931,45.9383533162985,-8.60674245792076e-05
6.38484,45.93629,-0.00214938372305795,45.9384290495716,-1.03341514162781e-05
6.39615,45.94491,0.00647061627694256,45.938433204052,-6.17967105365968e-06
6.40747,45.93748,-0.000959383723056817,45.9383696660746,-6.97176484677113e-05
6.4188,45.93743,-0.00100938372305848,45.9382516366191,-0.000187747103979863
6.4301,45.93747,-0.000969383723059991,45.9380992828442,-0.000340100878806334
6.44142,45.93731,-0.00112938372306104,45.9379363005749,-0.000503083148179538
6.45273,45.93639,-0.00204938372305463,45.9377861313552,-0.000653252367900429
6.46404,45.93594,-0.00249938372305536,45.9376685714418,-0.000770812281268932
6.47537,45.93676,-0.00167938372305798,45.9375973412084,-0.000842042514682379
6.48671,45.93757,-0.000869383723056671,45.9375789247907,-0.000860458932390047
6.49803,45.93988,0.0014406162769447,45.9376126874176,-0.000826696305416664
6.50936,45.93774,-0.000699383723059555,45.9376920022323,-0.00074738149071686
6.52069,45.93677,-0.00166938372305481,45.9378059673839,-0.000633416339135505
6.53201,45.93996,0.00152061627694167,45.9379413098794,-0.000498073843616237
6.54332,45.93668,-0.00175938372305495,45.9380841910014,-0.0003551927216858
6.55467,45.93836,-7.93837230546046e-05,45.9382217476176,-0.000217636105495935
6.566,45.93921,0.000770616276945191,45.9383432787198,-9.61050032694316e-05
6.57733,45.93903,0.0005906162769449,45.9384410254593,1.64173624802786e-06
6.58865,45.93839,-4.93837230592931e-05,45.9385105203432,7.11366201508406e-05
6.6,45.93685,-0.00158938372305784,45.9385505269412,0.000111143218139131
6.61134,45.93993,0.00149061627693925,45.9385626589351,0.000123275212090474
6.62267,45.93685,-0.00158938372305784,45.9385508104054,0.000111426682383116
6.63401,45.93925,0.000810616276943676,45.938520505901,8.11221779351851e-05
6.64531,45.94035,0.00191061627694467,45.9384782069884,3.88232653634524e-05
6.65664,45.93769,-0.000749383723054109,45.9384305485284,-8.8351946354952e-06
6.66797,45.93868,0.000240616276940386,45.9383834748135,-5.5908909522158e-05
6.6793,45.93826,-0.000179383723057924,45.9383413188564,-9.80648666482523e-05
6.69061,45.93785,-0.000589383723060166,45.9383059768466,-0.000133406876483989
6.70195,45.93628,-0.00215938372306113,45.9382764063426,-0.000162977380488259
6.71328,45.93729,-0.00114938372306028,45.938248678498,-0.000190705225038039
6.72458,45.93945,0.00101061627694321,45.9382167247724,-0.000222658950666726
6.7359,45.93672,-0.00171938372305647,45.9381737405537,-0.00026564316934846
6.74721,45.94016,0.0017206162769412,45.9381139947937,-0.000325388929313583
6.75855,45.93842,-1.93837230568761e-05,45.9380346337578,-0.000404749965273961
6.76987,45.9393,0.000860616276945336,45.9379370158577,-0.000502367865329233
6.78122,45.9395,0.00106061627694487,45.9378271824525,-0.00061220127055517
6.79253,45.9385,6.06162769400953e-05,45.9377152454814,-0.000724138241688305
6.80385,45.9359,-0.00253938372306095,45.9376137330453,-0.000825650677747975
6.81519,45.93671,-0.00172938372305964,45.9375352244501,-0.000904159272987723
6.82652,45.93583,-0.00260938372305475,45.9374898328795,-0.000949550843610433
6.83784,45.93636,-0.00207938372305705,45.9374831578938,-0.000956225829225436
6.84912,45.93697,-0.00146938372305527,45.9375151983308,-0.00092418539221243
6.8604,45.93719,-0.0012493837230565,45.9375804464209,-0.000858937302159812
6.87174,45.93899,0.000550616276939309,45.937669074461,-0.00077030926204413
6.88307,45.93934,0.000900616276943822,45.9377688657509,-0.000670517972144154
6.8944,45.93738,-0.00105938372306014,45.9378674005145,-0.000571983208546477
6.90572,45.93942,0.000980616276940793,45.937954020807,-0.000485362916027764
6.91702,45.93709,-0.00134938372305982,45.9380212406743,-0.000418143048740909
6.92835,45.9379,-0.000539383723058506,45.9380654581501,-0.000373925572944203
6.9397,45.93923,0.000790616276944434,45.9380869824088,-0.000352401314300954
6.95103,45.9379,-0.000539383723058506,45.9380894788841,-0.000349904838927412
6.96236,45.93766,-0.000779383723056526,45.9380789767587,-0.000360406964340651
6.97369,45.93777,-0.000669383723057138,45.9380626161538,-0.000376767569309181
6.98501,45.93738,-0.00105938372306014,45.9380473458417,-0.000392037881319138
6.99633,45.93793,-0.000509383723056089,45.9380387856179,-0.000400598105198672
7.00765,45.93895,0.000510616276940823,45.9380404179092,-0.000398965813821032
7.01898,45.93735,-0.00108938372305545,45.9380531919802,-0.000386191742826877
7.0303,45.93722,-0.00121938372305408,45.9380755558093,-0.000363827913774279
7.04159,45.93733,-0.00110938372305469,45.9381038944488,-0.000335489274244845
7.05291,45.93859,0.000150616276940241,45.9381333175869,-0.000306066136161942
7.06422,45.93984,0.0014006162769391,45.938158660994,-0.000280722729092831
7.07554,45.93985,0.00141061627694228,45.9381754670748,-0.000263916648255858
7.08688,45.93784,-0.000599383723056235,45.9381806780781,-0.000258705644966666
7.09819,45.93617,-0.00226938372306051,45.9381728810159,-0.000266502707191833
7.10952,45.93864,0.000200616276941901,45.938152143614,-0.000287240109033863
7.12086,45.93748,-0.000959383723056817,45.9381196397524,-0.000319743970656666
7.13219,45.93818,-0.000259383723054896,45.9380772807895,-0.000362102933529217
7.1435,45.93825,-0.000189383723061098,45.9380274726978,-0.000411911025235259
7.15481,45.93796,-0.000479383723060778,45.9379730053502,-0.000466378372829289
7.16616,45.93848,4.06162769408525e-05,45.937917012198,-0.000522371525081271
7.1775,45.93648,-0.00195938372305449,45.9378629209195,-0.000576462803540134
7.18881,45.93885,0.000410616276944609,45.9378143269375,-0.000625056785533386
7.20013,45.93882,0.000380616276942192,45.937774734779,-0.000664648944033501
7.21145,45.93902,0.000580616276941726,45.9377471191401,-0.000692264582955736
7.22277,45.93652,-0.001919383723056,45.9377332931062,-0.000706090616846255
7.2341,45.93752,-0.000919383723058331,45.9377331752956,-0.000706208427468881
7.24542,45.93568,-0.00275938372305973,45.9377441906751,-0.00069519304799855
7.25674,45.93635,-0.00208938372306022,45.9377611212164,-0.000678262506647265
7.26805,45.93802,-0.000419383723055944,45.9377766587168,-0.000662725006255917
7.27936,45.93659,-0.0018493837230551,45.9377827015046,-0.000656682218436525
7.2907,45.94117,0.00273061627694204,45.9377721545383,-0.00066722918471795
7.30201,45.93969,0.00125061627694123,45.9377407519617,-0.000698631761335553
7.31332,45.9393,0.000860616276945336,45.9376883366324,-0.000751047090638278
7.32464,45.93573,-0.00270938372305807,45.9376191733419,-0.000820210381150265
7.33596,45.93716,-0.00127938372305891,45.937541204827,-0.000898178896012535
7.34726,45.93657,-0.00186938372305434,45.9374645183242,-0.000974865398822608
7.3586,45.93732,-0.00111938372305787,45.9373994921783,-0.00103989154479688
7.3699,45.93562,-0.00281938372305746,45.9373550808566,-0.00108430286645976
7.38122,45.93888,0.00044061627693992,45.9373375509528,-0.00110183277025725
7.39254,45.9366,-0.00183938372305903,45.9373498016315,-0.0010895820915293
7.40384,45.93793,-0.000509383723056089,45.9373912503494,-0.00104813337366598
7.41519,45.93674,-0.00169938372305722,45.9374581694361,-0.00098121428697268
7.42654,45.93892,0.000480616276945511,45.9375443259927,-0.000895057730311228
7.43788,45.93726,-0.00117938372305559,45.9376417824555,-0.000797601267601514
7.44918,45.93748,-0.000959383723056817,45.9377417370203,-0.000697646702726926
7.46052,45.93885,0.000410616276944609,45.9378353212371,-0.000604062485990421
7.47183,45.93643,-0.00200938372305615,45.9379143209896,-0.000525062733483105
7.48314,45.93714,-0.00129938372305816,45.937971825231,-0.000467558492020639
7.49446,45.93886,0.000420616276940677,45.9380028102099,-0.000436573513125733
7.50578,45.94059,0.00215061627694269,45.9380046219905,-0.000434761732546754
7.51712,45.93591,-0.00252938372305778,45.937977254262,-0.000462129461081387
7.5284,45.93943,0.000990616276943967,45.9379233074144,-0.000516076308622623
7.53973,45.93808,-0.000359383723058215,45.9378476013226,-0.000591782400500303
7.55106,45.93494,-0.00349938372306013,45.9377565461006,-0.000682837622507479
7.56238,45.93777,-0.000669383723057138,45.93765746758,-0.000781916143019425
7.57371,45.93726,-0.00117938372305559,45.9375580874094,-0.000881296313611903
7.58504,45.93816,-0.000279383723054138,45.937466256891,-0.000973126832074318
7.59636,45.93913,0.000690616276941114,45.9373898785655,-0.00104950515758432
7.60769,45.93593,-0.00250938372305853,45.9373368201238,-0.0011025635992352
7.61902,45.93745,-0.000989383723059234,45.9373146103117,-0.00112477341138299
7.63033,45.94113,0.00269061627694356,45.9373297894055,-0.00110959431760472
7.64165,45.93643,-0.00200938372305615,45.9373869017376,-0.00105248198541013
7.65295,45.93501,-0.00342938372305923,45.9374872492271,-0.000952134495923589
7.66426,45.93754,-0.000899383723059088,45.9376276901074,-0.000811693615665875
7.67561,45.93614,-0.00229938372305583,45.9377999023941,-0.000639481328933215
7.6869,45.93669,-0.00174938372305888,45.9379905144772,-0.00044886924586253
7.69821,45.93832,-0.000119383723060196,45.9381823051555,-0.00025707856755244
7.70952,45.93786,-0.000579383723056992,45.938356379679,-8.30040440393768e-05
7.72083,45.94186,0.00342061627694079,45.9384949391643,5.55554412317995e-05
7.73215,45.93895,0.000510616276940823,45.9385840567867,0.000144673063685948
7.74348,45.94055,0.0021106162769442,45.9386158286091,0.000176444886024849
7.7548,45.93805,-0.000389383723060632,45.9385894168258,0.000150033102792737
7.76611,45.93987,0.00143061627694152,45.9385108004465,7.14167234248539e-05
7.77746,45.93631,-0.00212938372305871,45.9383913793484,-4.80043746109595e-05
7.78881,45.937,-0.00143938372305996,45.9382458365026,-0.000193547220500165
7.80014,45.939,0.000560616276942483,45.9380897902974,-0.000349593425640624
7.81147,45.93517,-0.00326938372305818,45.9379377452844,-0.000501638438644178
7.8228,45.93744,-0.000999383723055303,45.9378017010332,-0.000637682689813078
7.83413,45.93844,6.16276942366767e-07,45.9376905631686,-0.000748820554447255
7.84548,45.93795,-0.000489383723056847,45.9376102674793,-0.000829116243752627
7.85681,45.93929,0.000850616276942162,45.9375643222184,-0.000875061504625352
7.86815,45.93958,0.00114061627694184,45.9375543646067,-0.000885019116350831
7.87945,45.93878,0.000340616276943706,45.9375803774046,-0.000859006318445504
7.8908,45.93542,-0.00301938372305699,45.9376404252457,-0.000798958477379233
7.90213,45.93477,-0.00366938372305725,45.9377300788486,-0.000709304874446375
7.91343,45.93706,-0.00137938372305513,45.9378419517914,-0.000597431931651754
7.92476,45.93733,-0.00110938372305469,45.937965812971,-0.000473570752024798
7.9361,45.94062,0.0021806162769451,45.9380895103691,-0.000349873353970068
7.94741,45.9362,-0.0022393837230581,45.938200587368,-0.000238796355098498
7.95874,45.94006,0.00162061627694499,45.9382881988595,-0.000151184863584885
7.97008,45.94064,0.00220061627694434,45.9383448406027,-9.45431203331345e-05
7.98141,45.93771,-0.000729383723054866,45.9383674590006,-7.19247224711924e-05
7.99272,45.93983,0.00139061627694304,45.9383576556882,-8.17280348904606e-05
8.00404,45.93967,0.00123061627694199,45.9383209207459,-0.000118462977141475
8.01535,45.93517,-0.00326938372305818,45.9382650865111,-0.000174297211973185
8.02667,45.93652,-0.001919383723056,45.9381984267535,-0.000240956969603663
8.03798,45.93587,-0.00256938372305626,45.938127952975,-0.000311430748083432
8.0493,45.93947,0.00103061627694245,45.9380583956368,-0.000380988086242689
8.06062,45.93846,2.06162769416096e-05,45.9379920860158,-0.000447297707305826
8.07193,45.93847,3.06162769447837e-05,45.937929598725,-0.000509784998078401
8.08326,45.93936,0.000920616276943065,45.9378707645507,-0.000568619172346232
8.09458,45.93903,0.0005906162769449,45.9378156155008,-0.000623768222303255
8.1059,45.9362,-0.0022393837230581,45.9377649468833,-0.000674436839753019
8.1172,45.93778,-0.000659383723061069,45.9377203880817,-0.000718995641332846
8.12852,45.93709,-0.00134938372305982,45.9376840717291,-0.000755311993956176
8.13984,45.93792,-0.000519383723059264,45.9376580986343,-0.000781285088807209
8.15118,45.93784,-0.000599383723056235,45.9376439891748,-0.000795394548240072
8.16251,45.93733,-0.00110938372305469,45.937642244274,-0.000797139449040201
8.17384,45.93808,-0.000359383723058215,45.9376520812424,-0.00078730248067415
8.18514,45.93561,-0.00282938372306063,45.93767138678,-0.000767996943022127
8.19647,45.93839,-4.93837230592931e-05,45.9376969177786,-0.000742465944488055
8.20782,45.93854,0.000100616276945686,45.9377247415101,-0.000714642212983391
8.21912,45.93777,-0.000669383723057138,45.9377508300457,-0.000688553677370952
8.23044,45.938,-0.000439383723055187,45.9377716522689,-0.00066773145413299
8.24179,45.93851,7.06162769432694e-05,45.9377845975357,-0.000654786187390075
8.25312,45.93857,0.000130616276940998,45.9377881256613,-0.000651258061767254
8.2644,45.93636,-0.00207938372305705,45.9377816346485,-0.000657749074571338
8.2757,45.93826,-0.000179383723057924,45.9377651416814,-0.000674242041685435
8.28704,45.93506,-0.00337938372305757,45.9377389568285,-0.000700426894538075
8.29835,45.93708,-0.00135938372305588,45.9377035452317,-0.000735838491332527
8.3097,45.93983,0.00139061627694304,45.9376596818462,-0.000779701876891965
8.32103,45.94093,0.00249061627694402,45.9376088232474,-0.000830560475622212
8.33236,45.93524,-0.00319938372305728,45.9375534648242,-0.000885918898901345
8.34365,45.93433,-0.0041093837230548,45.9374972543607,-0.000942129362398327
8.35499,45.94097,0.00253061627694251,45.9374447907368,-0.000994592986280953
8.36629,45.93791,-0.000529383723055332,45.9374011746566,-0.0010382090665015
8.37763,45.93755,-0.000889383723055914,45.9373713813135,-0.00106800240950986
8.38895,45.93633,-0.00210938372305947,45.9373594926037,-0.00107989111939778
8.40028,45.9363,-0.00213938372305478,45.9373678895662,-0.00107149415681509
8.41162,45.93584,-0.00259938372305868,45.9373966155794,-0.00104276814365691
8.42297,45.93884,0.000400616276941435,45.9374431355675,-0.000996248155553049
8.4343,45.93758,-0.000859383723060603,45.9375025905484,-0.000936793174609732
8.44563,45.93861,0.000170616276939484,45.9375684647122,-0.000870919010829243
8.45697,45.93694,-0.00149938372305769,45.9376334642839,-0.000805919439187544
8.46829,45.93792,-0.000519383723059264,45.937690408335,-0.000748975388032657
8.4796,45.93729,-0.00114938372306028,45.937733009282,-0.00070637444103917
8.49093,45.93748,-0.000959383723056817,45.9377564938007,-0.000682889922357953
8.50222,45.93851,7.06162769432694e-05,45.9377580374216,-0.000681346301454606
8.51351,45.93914,0.000700616276944288,45.9377369677516,-0.000702415971451455
8.52482,45.93759,-0.000849383723057429,45.937694677603,-0.000744706120061656
8.53617,45.93687,-0.00156938372305859,45.937634230463,-0.000805153260088353
8.54751,45.93747,-0.000969383723059991,45.9375597452024,-0.000879638520647296
8.55886,45.93468,-0.0037593837230574,45.9374757548556,-0.000963628867432721
8.5702,45.93881,0.000370616276939018,45.9373867599346,-0.00105262378847981
8.58153,45.93769,-0.000749383723054109,45.9372971026487,-0.00114228107435172
8.59288,45.93777,-0.000669383723057138,45.9372111206878,-0.0012282630352333
8.60421,45.93589,-0.00254938372305702,45.9371333993601,-0.00130598436293869
8.61553,45.94032,0.00188061627694225,45.9370689028378,-0.00137048088530807
8.62685,45.93653,-0.00190938372305993,45.9370228194406,-0.0014165642824626
8.63816,45.93681,-0.00162938372305632,45.9370000608569,-0.00143932286612175
8.64947,45.93483,-0.00360938372305952,45.9370044959277,-0.00143488779534989
8.66081,45.93704,-0.00139938372305437,45.9370381397238,-0.00140124399924573
8.67212,45.93707,-0.00136938372305906,45.9371005691297,-0.00133881459332316
8.68344,45.938,-0.000439383723055187,45.9371887480259,-0.00125063569716642
8.69475,45.93617,-0.00226938372306051,45.9372972837635,-0.00114209995951595
8.7061,45.93771,-0.000729383723054866,45.9374190101875,-0.00102037353559398
8.71743,45.93865,0.000210616276945075,45.9375457402588,-0.000893643464274397
8.72876,45.9382,-0.000239383723055653,45.9376690224832,-0.000770361239875557
8.7401,45.93787,-0.000569383723060923,45.9377807518494,-0.000658631873621827
8.75142,45.93811,-0.000329383723055798,45.9378735488527,-0.000565834870394318
8.76276,45.93652,-0.001919383723056,45.9379409310702,-0.000498452652830027
8.77409,45.93643,-0.00200938372305615,45.9379774087701,-0.000461974952945713
8.78542,45.93919,0.000750616276945948,45.9379786693339,-0.000460714389171106
8.79674,45.93962,0.00118061627694033,45.9379419429619,-0.000497440761134399
8.80808,45.93573,-0.00270938372305807,45.9378665108201,-0.000572872902918572
8.81939,45.93725,-0.00118938372305877,45.9377542260491,-0.000685157673936081
8.83069,45.94095,0.00251061627694327,45.9376099112493,-0.000829472473796825
8.84204,45.93514,-0.0032993837230606,45.9374415196124,-0.000997864110653936
8.85336,45.93922,0.000780616276941259,45.937259961518,-0.00117942220506884
8.8647,45.93568,-0.00275938372305973,45.9370785390379,-0.00136084468518346
8.87602,45.93697,-0.00146938372305527,45.9369120132559,-0.00152737046719849
8.88733,45.93748,-0.000959383723056817,45.936775404021,-0.00166397970206291
8.89866,45.9374,-0.00103938372306089,45.9366826495111,-0.0017567342119703
8.90998,45.93417,-0.00426938372305585,45.9366452528489,-0.00179413087411274
8.92127,45.93799,-0.000449383723058361,45.9366710502575,-0.00176833346551798
8.93261,45.93703,-0.00140938372305754,45.9367632445239,-0.00167613919916549
8.94393,45.93505,-0.00338938372306075,45.9369198263344,-0.00151955738869078
8.95524,45.93797,-0.000469383723057604,45.9371334544361,-0.00130592928699935
8.96655,45.93874,0.00030061627694522,45.9373918109139,-0.0010475728091588
8.97788,45.93629,-0.00214938372305795,45.9376784016066,-0.000760982116462073
8.98922,45.937,-0.00143938372305996,45.9379737436429,-0.00046564008013421
9.00056,45.93846,2.06162769416096e-05,45.9382568803593,-0.000182503363730021
9.01188,45.93986,0.00142061627694545,45.9385071532082,6.77694851511333e-05
9.02317,45.93671,-0.00172938372305964,45.9387061022146,0.000266718491591157
9.0345,45.94047,0.00203061627694012,45.938839291556,0.000399907832921861
9.04581,45.9399,0.00146061627694394,45.9388978199651,0.000458436242094841
9.05714,45.93884,0.000400616276941435,45.9388792876107,0.00043990388765751
9.06847,45.93884,0.000400616276941435,45.9387880477178,0.000348663994695885
9.07982,45.93912,0.000680616276945045,45.9386346772969,0.000195293573887702
9.09114,45.93925,0.000810616276943676,45.938434733465,-4.65025801114607e-06
9.10249,45.9361,-0.00233938372305431,45.938206977266,-0.000232406457059648
9.11383,45.93784,-0.000599383723056235,45.9379713275191,-0.000468056203911546
9.12516,45.93817,-0.00026938372305807,45.937746841699,-0.00069254202401919
9.13648,45.93764,-0.000799383723055769,45.9375499859993,-0.000889397723709968
9.1478,45.93608,-0.00235938372306066,45.9373933647174,-0.00104601900569476
9.15913,45.937,-0.00143938372305996,45.9372849859517,-0.00115439777134317
9.17043,45.93776,-0.000679383723060312,45.937228071345,-0.00121131237800948
9.18176,45.93797,-0.000469383723057604,45.9372213450096,-0.00121803871343676
9.19309,45.93792,-0.000519383723059264,45.9372596571932,-0.00117972652988172
9.20441,45.93654,-0.00189938372305676,45.9373347626438,-0.00110462107927519
9.21571,45.93873,0.000290616276942046,45.9374361185569,-0.00100326516618422
9.22704,45.93728,-0.00115938372305635,45.9375516640835,-0.000887719639609719
9.23838,45.93449,-0.00394938372306086,45.9376686374242,-0.000770746298829072
9.24971,45.93717,-0.00126938372305574,45.937774535953,-0.000664847770035727
9.26103,45.93932,0.000880616276944579,45.9378582847986,-0.000581098924476653
9.27238,45.9409,0.00246061627694161,45.9379115225743,-0.000527861148729464
9.28372,45.93747,-0.000969383723059991,45.937929719346,-0.000509664377051851
9.29504,45.93835,-8.93837230577788e-05,45.9379127804732,-0.000526603249887378
9.30633,45.93603,-0.00240938372305521,45.9378649376054,-0.000574446117625266
9.31764,45.93898,0.00054061627694324,45.9377939707656,-0.000645412957426194
9.32896,45.93794,-0.000499383723060021,45.9377099708298,-0.000729412893222058
9.34029,45.93651,-0.00192938372305917,45.9376238854734,-0.000815498249707418
9.35161,45.93736,-0.00107938372305938,45.9375460612938,-0.000893322429263175
9.36293,45.93884,0.000400616276941435,45.9374849656482,-0.000954418074877874
9.37425,45.93457,-0.00386938372305679,45.9374462438582,-0.000993139864902455
9.38553,45.93843,-9.38372306080737e-06,45.93743222293,-0.00100716079310226
9.39685,45.93821,-0.000229383723059584,45.9374419102412,-0.000997473481833367
9.40816,45.93646,-0.00197938372306083,45.9374714570431,-0.000967926679999941
9.41947,45.93768,-0.000759383723057283,45.9375149800356,-0.00092440368745459
9.43077,45.93864,0.000200616276941901,45.9375655917564,-0.000873791966613016
9.44209,45.93609,-0.00234938372305749,45.9376164848323,-0.00082289889072329
9.45342,45.93855,0.000110616276941755,45.937661922262,-0.000777461461053604
9.46476,45.93989,0.00145061627694076,45.9376979949323,-0.000741388790797262
9.47608,45.93629,-0.00214938372305795,45.937723028125,-0.000716355598035205
9.48738,45.93685,-0.00158938372305784,45.9377375728717,-0.000701810851358485
9.49872,45.93851,7.06162769432694e-05,45.93774400937,-0.000695374353100693
9.51007,45.93904,0.000600616276940968,45.9377458680447,-0.000693515678373239
9.52136,45.93748,-0.000959383723056817,45.937746993559,-0.000692390164054826
9.5327,45.93596,-0.00247938372305612,45.9377506768392,-0.000688706883908994
9.54404,45.93659,-0.0018493837230551,45.9377589149331,-0.000680468789991515
9.55537,45.93877,0.000330616276940532,45.9377719869234,-0.000667396799677216
9.56671,45.93791,-0.000529383723055332,45.9377884703301,-0.000650913392987992
9.57803,45.93776,-0.000679383723060312,45.9378056740468,-0.00063370967627115
9.58934,45.9383,-0.000139383723059439,45.9378203333899,-0.000619050333188125
9.60064,45.93739,-0.00104938372305696,45.9378293715753,-0.000610012147736849
9.61196,45.9384,-3.93837230561189e-05,45.9378305593367,-0.000608824386330067
9.62329,45.93841,-2.93837230600502e-05,45.9378229483545,-0.000616435368559884
9.63462,45.93832,-0.000119383723060196,45.9378069955747,-0.00063238814836101
9.64594,45.93805,-0.000389383723060632,45.9377843497325,-0.000655033990586896
9.65726,45.93584,-0.00259938372305868,45.9377573545593,-0.000682029163765789
9.66858,45.93748,-0.000959383723056817,45.9377284163567,-0.000710967366362998
9.67992,45.93859,0.000150616276940241,45.9376994294128,-0.000739954310254512
9.69128,45.9366,-0.00183938372305903,45.9376714084686,-0.000767975254433456
9.7026,45.93893,0.00049061627694158,45.9376443722724,-0.000795011450695347
9.71394,45.93758,-0.000859383723060603,45.9376174318391,-0.000821951883944653
9.72528,45.93707,-0.00136938372305906,45.9375890069642,-0.000850376758821115
9.73661,45.93649,-0.00194938372305842,45.9375571148914,-0.000882268831646578
9.74794,45.93869,0.00025061627694356,45.9375197046589,-0.000919679064198351
9.75929,45.93858,0.000140616276944172,45.9374750082094,-0.000964375513676959
9.77062,45.93684,-0.00159938372306101,45.9374218477433,-0.00101753597979398
9.78195,45.93811,-0.000329383723055798,45.9373598354779,-0.00107954824511214
9.79328,45.93427,-0.00416938372305964,45.9372894646458,-0.00114991907724307
9.80461,45.9385,6.06162769400953e-05,45.937212172061,-0.00122721166208711
9.81593,45.93628,-0.00215938372306113,45.9371304654938,-0.00130891822930901
9.82728,45.93814,-0.000299383723060487,45.9370481218839,-0.00139126183911296
9.83861,45.9373,-0.00113938372305711,45.9369703328224,-0.00146905090065905
9.84992,45.9397,0.0012606162769444,45.9369035936158,-0.00153579010724888
9.86127,45.93452,-0.00391938372305844,45.9368551584101,-0.00158422531290993
9.87259,45.93847,3.06162769447837e-05,45.9368320166401,-0.00160736708293344
9.8839,45.93565,-0.00278938372305504,45.9368395332671,-0.0015998504559444
9.89522,45.9355,-0.00293938372306002,45.9368800524849,-0.00155933123815879
9.90652,45.93674,-0.00169938372305722,45.9369518274975,-0.00148755622551211
9.91783,45.93562,-0.00281938372305746,45.9370485924437,-0.00139079127940721
9.92914,45.93756,-0.000879383723059846,45.9371599517603,-0.00127943196280035
9.94047,45.9381,-0.000339383723058972,45.9372725638486,-0.00116681987448293
9.95178,45.93724,-0.00119938372305484,45.9373719019794,-0.00106748174368534
9.96311,45.93765,-0.0007893837230597,45.9374442508185,-0.000995132904530543
9.97445,45.9381,-0.000339383723058972,45.9374785692846,-0.000960814438418615
9.98579,45.94007,0.00163061627694105,45.9374678977873,-0.000971485935810027
9.99709,45.93596,-0.00247938372305612,45.9374100809903,-0.0010293027327507
10.00843,45.93774,-0.000699383723059555,45.9373077180046,-0.001131665718455
10.01976,45.93661,-0.00182938372305586,45.9371674342246,-0.00127194949841698
10.03106,45.93459,-0.00384938372305754,45.9369987295813,-0.00144065414175749
10.04238,45.9375,-0.000939383723057574,45.936812716219,-0.00162666750408337
10.0537,45.93777,-0.000669383723057138,45.9366209874605,-0.0018183962625696
10.06505,45.93683,-0.00160938372305708,45.9364347064657,-0.00200467725733721
10.07638,45.93555,-0.00288938372305836,45.9362638675274,-0.00217551619568806
10.0877,45.9363,-0.00213938372305478,45.9361166495306,-0.00232273419242397
10.09904,45.93589,-0.00254938372305702,45.9359988369411,-0.0024405467819983
10.11037,45.93804,-0.000399383723056701,45.9359133470748,-0.00252603664828788
10.12169,45.93387,-0.00456938372305871,45.9358599349205,-0.00257944880251575
10.13302,45.93391,-0.00452938372306022,45.9358351790149,-0.00260420470817618
10.14434,45.93559,-0.00284938372305987,45.9358328898999,-0.00260649382320049
10.15565,45.93588,-0.00255938372306019,45.935845055669,-0.00259432805402248
10.16698,45.9365,-0.00193938372305524,45.9358632898599,-0.00257609386319043
10.17828,45.93807,-0.000369383723054284,45.935880535801,-0.00255884792207444
10.1896,45.93518,-0.00325938372305501,45.9358926423071,-0.0025467414159688
10.2009,45.93561,-0.00282938372306063,45.9358994388922,-0.0025399448308115
10.21221,45.93696,-0.00147938372305845,45.9359050742624,-0.00253430946067536
10.22356,45.93626,-0.00217938372306037,45.9359175427175,-0.00252184100559031
10.23486,45.93865,0.000210616276945075,45.935947442938,-0.00249194078510931
10.24619,45.93346,-0.00497938372306095,45.9360061166449,-0.00243326707820058
10.25751,45.93464,-0.00379938372305588,45.9361034558258,-0.00233592789728132
10.26882,45.93508,-0.00335938372305833,45.9362458191159,-0.00219356460711418
10.28016,45.93615,-0.00228938372305976,45.9364345436166,-0.0020048401064678
10.29149,45.93645,-0.0019893837230569,45.9366654000978,-0.0017739836252765
10.30284,45.93766,-0.000779383723056526,45.9369290767426,-0.00151030698046565
10.31417,45.93647,-0.00196938372305766,45.9372125248164,-0.00122685890670636
10.32547,45.93899,0.000550616276939309,45.9375008463402,-0.000938537382876746
10.3368,45.93711,-0.00132938372306057,45.9377793528641,-0.000660030858937764
10.34812,45.93855,0.000110616276941755,45.938035441552,-0.000403942171041965
10.35947,45.94092,0.00248061627694085,45.9382599905791,-0.000179393143943877
10.37082,45.9376,-0.000839383723054254,45.9384480618388,8.67811578626848e-06
10.38217,45.93768,-0.000759383723057283,45.9385988271392,0.000159443416157523
10.39349,45.93893,0.00049061627694158,45.9387148018468,0.000275418123749057
10.40485,45.93876,0.000320616276944463,45.9388006188711,0.000361235148001689
10.41621,45.94004,0.00160061627694574,45.9388616367705,0.000422253047393761
10.42754,45.9357,-0.00273938372306048,45.9389026574132,0.000463273690094567
10.43888,45.93777,-0.000669383723057138,45.938926990927,0.000487607203904691
10.45022,45.94061,0.00217061627694193,45.9389360487853,0.0004966650622712
10.46153,45.93933,0.000890616276940648,45.9389295144667,0.000490130743688864
10.47287,45.94048,0.0020406162769433,45.9389059529935,0.000466569270393572
10.48418,45.93674,-0.00169938372305722,45.9388635978863,0.000424214163285836
10.49552,45.93954,0.00110061627694336,45.9388010785629,0.00036169483980979
10.50684,45.93902,0.000580616276941726,45.9387179606104,0.000278576887378621
10.51818,45.93974,0.00130061627694289,45.9386150506336,0.000175666910573504
10.52951,45.93806,-0.000379383723057458,45.9384944407643,5.50570412435747e-05
10.54085,45.93705,-0.0013893837230583,45.9383592957389,-8.00879841787319e-05
10.55215,45.9383,-0.000139383723059439,45.9382134473626,-0.000225936360485073
10.56347,45.93875,0.000310616276941289,45.93806090647,-0.000378477253087026
10.5748,45.93831,-0.000129383723056264,45.9379053804117,-0.000534003311371677
10.58615,45.9392,0.000760616276942017,45.9377498265676,-0.000689557155438336
10.59747,45.93486,-0.00357938372305711,45.9375960599597,-0.000843323763388058
10.60879,45.93724,-0.00119938372305484,45.9374444935754,-0.000994890147683444
10.62015,45.93747,-0.000969383723059991,45.9372941574828,-0.00114522624025883
10.63147,45.93553,-0.0029093837230576,45.9371431249513,-0.00129625877179359
10.64279,45.93741,-0.00102938372305772,45.9369893506201,-0.00145003310293009
10.65414,45.94053,0.00209061627694496,45.9368317599987,-0.0016076237243881
10.66546,45.93362,-0.0048193837230599,45.9366713027144,-0.00176808100865976
10.67679,45.93908,0.000640616276939454,45.9365116556586,-0.00192772806440579
10.68812,45.93622,-0.00221938372305885,45.9363593517476,-0.0020800319754683
10.69945,45.93555,-0.00288938372305836,45.9362232609386,-0.00221612278444021
10.7108,45.93681,-0.00162938372305632,45.9361134901875,-0.00232589353556972
10.72211,45.93673,-0.0017093837230604,45.9360398718458,-0.00239951187724006
10.73345,45.93513,-0.00330938372305667,45.9360102813206,-0.00242910240244234
10.74477,45.93427,-0.00416938372305964,45.9360290750036,-0.00241030871946414
10.75609,45.93474,-0.00369938372305967,45.936095964921,-0.00234341880205768
10.76743,45.93708,-0.00135938372305588,45.9362056042465,-0.0022337794765691
10.77876,45.93777,-0.000669383723057138,45.9363480076283,-0.00209137609478116
10.7901,45.93521,-0.0032293837230597,45.9365097225256,-0.00192966119740638
10.80142,45.93514,-0.0032993837230606,45.9366755198011,-0.00176386392198449
10.81276,45.93984,0.0014006162769391,45.9368303319603,-0.00160905176273284
10.82408,45.9377,-0.00073938372305804,45.9369611724992,-0.00147821122387835
10.83541,45.9355,-0.00293938372306002,45.9370587732788,-0.0013806104442969
10.84675,45.93832,-0.000119383723060196,45.9371187241312,-0.00132065959184929
10.8581,45.9369,-0.00153938372305618,45.9371420168582,-0.00129736686489013
10.86942,45.93592,-0.0025193837230546,45.9371350179532,-0.00130436576983366
10.88074,45.93662,-0.00181938372305979,45.9371089527151,-0.00133043100801011
10.89207,45.93896,0.000520616276943997,45.9370789729229,-0.00136041080010975
10.90337,45.93888,0.00044061627693992,45.9370628262631,-0.00137655745993595
10.91473,45.93707,-0.00136938372305906,45.9370791052741,-0.00136027844892874
10.92607,45.93513,-0.00330938372305667,45.9371451118114,-0.00129427191161871
10.93742,45.93704,-0.00139938372305437,45.9372745425452,-0.00116484117789196
10.94877,45.93711,-0.00132938372306057,45.9374753650681,-0.00096401865491608
10.96011,45.93863,0.000190616276945832,45.9377482840117,-0.000691099711317776
10.97144,45.93484,-0.00359938372305635,45.9380860917103,-0.000353292012779269
10.98278,45.93825,-0.000189383723061098,45.9384740499419,3.46662188421955e-05
10.99413,45.93962,0.00118061627694033,45.9388913002736,0.000451916550507865
11.00548,45.93887,0.000430616276943852,45.9393131207016,0.000873736978535296
11.01682,45.94278,0.00434061627694149,45.9397136439908,0.00127426026773024
11.02816,45.94113,0.00269061627694356,45.9400685194843,0.00162913576128934
11.0395,45.93972,0.00128061627694365,45.9403570255346,0.00191764181150896
11.05083,45.94157,0.00313061627694111,45.9405633323299,0.00212394860684794
11.06218,45.93972,0.00128061627694365,45.9406768931297,0.00223750940663298
11.0735,45.94057,0.00213061627694344,45.9406921873389,0.00225280361584708
11.08486,45.93755,-0.000889383723055914,45.9406081741254,0.00216879040229962
11.0962,45.93962,0.00118061627694033,45.9404278222096,0.00198843848649674
11.10755,45.94164,0.00320061627694201,45.9401579561578,0.00171857243476539
11.11886,45.9406,0.00216061627694586,45.9398094192788,0.00137003555574871
11.13018,45.94135,0.00291061627694233,45.9393972948699,0.000957911146853062
11.1415,45.93954,0.00110061627694336,45.9389407998672,0.000501416144190163
11.15285,45.93862,0.000180616276942658,45.9384625469677,2.31632446584386e-05
11.1642,45.93594,-0.00249938372305536,45.9379871085121,-0.000452275210953848
11.17554,45.93719,-0.0012493837230565,45.9375390720418,-0.000900311681266026
11.18684,45.93812,-0.00031938372305973,45.9371409244674,-0.00129845925567306
11.19816,45.93769,-0.000749383723054109,45.9368110923181,-0.00162829140500364
11.2095,45.93561,-0.00282938372306063,45.9365623698223,-0.00187701390076775
11.22079,45.93285,-0.00558938372305562,45.9364009012025,-0.00203848252052679
11.23212,45.9372,-0.00123938372306043,45.9363258710147,-0.00211351270838743
11.24344,45.93784,-0.000599383723056235,45.9363299973005,-0.00210938642254689
11.25478,45.93671,-0.00172938372305964,45.9364007504271,-0.00203863329595222
11.26612,45.9372,-0.00123938372306043,45.9365220282522,-0.00191735547087304
11.27747,45.93617,-0.00226938372306051,45.9366759544974,-0.00176342922567999
11.2888,45.93645,-0.0019893837230569,45.9368445552577,-0.00159482846537496
11.30017,45.93642,-0.00201938372305932,45.937011201586,-0.00142818213703323
11.3115,45.93811,-0.000329383723055798,45.9371617798821,-0.00127760384091005
11.32285,45.93827,-0.00016938372305475,45.9372855453322,-0.00115383839081366
11.33418,45.93753,-0.000909383723055157,45.9373755791129,-0.00106380461018172
11.3455,45.93754,-0.000899383723059088,45.9374287811395,-0.00101060258353041
11.35685,45.93683,-0.00160938372305708,45.9374454162509,-0.000993967472175483
11.36818,45.93635,-0.00208938372306022,45.937428349586,-0.00101103413700931
11.3795,45.93855,0.000110616276941755,45.9373821824193,-0.00105720130380117
11.39081,45.93571,-0.00272938372305731,45.9373124932238,-0.00112689049929819
11.40211,45.93778,-0.000659383723061069,45.9372253189775,-0.00121406474556595
11.41343,45.93694,-0.00149938372305769,45.937126924235,-0.00131245948809922
11.42475,45.93507,-0.0033693837230544,45.937023826056,-0.00141555766707066
11.43607,45.94051,0.00207061627694571,45.9369229683659,-0.00151641535711023
11.44739,45.93777,-0.000669383723057138,45.9368318702877,-0.00160751343535343
11.45873,45.93576,-0.00267938372305565,45.936758549864,-0.00168083385904899
11.47007,45.93555,-0.00288938372305836,45.9367111063786,-0.00172827734446353
11.48141,45.93683,-0.00160938372305708,45.9366970140122,-0.0017423697108344
11.49276,45.93708,-0.00135938372305588,45.9367223153321,-0.00171706839092065
11.50408,45.93705,-0.0013893837230583,45.9367909130619,-0.00164847066113986
11.5154,45.93617,-0.00226938372306051,45.936904086926,-0.00153529679707788
11.52671,45.93611,-0.00232938372305824,45.9370603052485,-0.00137907847455871
11.53806,45.93621,-0.00222938372305492,45.9372553771303,-0.00118400659270574
11.54938,45.93927,0.000830616276942919,45.9374829442447,-0.000956439478364785
11.56072,45.93884,0.000400616276941435,45.9377352082312,-0.000704175491855547
11.57204,45.93837,-6.93837230585359e-05,45.9380036837213,-0.000435700001720846
11.58336,45.93932,0.000880616276944579,45.9382797565752,-0.000159627147856556
11.59467,45.93562,-0.00281938372305746,45.9385549494744,0.00011556575130882
11.60599,45.93903,0.0005906162769449,45.9388209791172,0.000381595394174567
11.61733,45.93852,8.06162769393381e-05,45.939069804802,0.000630421078968454
11.62865,45.94057,0.00213061627694344,45.9392938417605,0.000854458037420723
11.63998,45.93844,6.16276942366767e-07,45.9394863801851,0.00104699646202706
11.65133,45.94054,0.00210061627694103,45.9396421203836,0.00120273666053788
11.66264,45.94006,0.00162061627694499,45.9397576790222,0.00131829529913498
11.67398,45.93991,0.00147061627694001,45.939831933468,0.00139254974493581
11.68532,45.94026,0.00182061627694452,45.9398661165285,0.00142673280539733
11.69665,45.93855,0.000110616276941755,45.9398636360757,0.0014242523526832
11.708,45.93956,0.0011206162769426,45.9398296558792,0.00139027215615953
11.71935,45.94188,0.00344061627694003,45.939770502098,0.00133111837495744
11.73068,45.93972,0.00128061627694365,45.9396929405265,0.00125355680343158
11.74199,45.93832,-0.000119383723060196,45.9396033461284,0.00116396240536911
11.75331,45.9406,0.00216061627694586,45.93950681843,0.00106743470691005
11.76463,45.93859,0.000150616276940241,45.9394063758151,0.00096699209204481
11.77595,45.93774,-0.000699383723059555,45.9393024198576,0.000863036134553449
11.78729,45.93892,0.000480616276945511,45.939192653003,0.000753269279990104
11.79864,45.93867,0.000230616276944318,45.9390725561723,0.000633172449273753
11.80997,45.9407,0.00226061627694207,45.9389363946463,0.000497010923252451
11.82134,45.93863,0.000190616276945832,45.9387785591743,0.00033917545128079
11.83267,45.93865,0.000210616276945075,45.9385949437482,0.000155560025154638
11.84401,45.93993,0.00149061627693925,45.9383840658175,-5.53179055409184e-05
11.85534,45.937,-0.00143938372305996,45.9381477272141,-0.000291656508967458
11.86667,45.93923,0.000790616276944434,45.9378911366511,-0.000548247071984627
11.878,45.93562,-0.00281938372305746,45.9376225292522,-0.000816854470810467
11.88933,45.93664,-0.00179938372306054,45.9373524033078,-0.00108698041528708
11.90064,45.93922,0.000780616276941259,45.9370925204044,-0.00134686331867965
11.91196,45.93748,-0.000959383723056817,45.9368547696898,-0.00158461403324845
11.92327,45.93607,-0.00236938372305673,45.9366499303837,-0.00178945333940677
11.93462,45.93667,-0.00176938372305813,45.9364863666818,-0.00195301704130135
11.94594,45.93584,-0.00259938372305868,45.9363687793208,-0.00207060440224669
11.9573,45.93626,-0.00217938372306037,45.936297244011,-0.00214213971207225
11.96866,45.93333,-0.00510938372305958,45.9362668091661,-0.00217257455691323
11.97999,45.93574,-0.00269938372305489,45.9362678809956,-0.00217150272742564
11.99134,45.93744,-0.000999383723055303,45.9362874889829,-0.00215189474019257
12.00268,45.93672,-0.00171938372305647,45.9363113048327,-0.00212807889036714
12.01401,45.93747,-0.000969383723059991,45.9363260529558,-0.0021133307672186
12.02533,45.93669,-0.00174938372305888,45.9363218179617,-0.00211756576135894
12.03667,45.93819,-0.000249383723058827,45.9362937851132,-0.00214559860989411
12.04802,45.93351,-0.00492938372305929,45.9362431049185,-0.00219627880460109
12.05936,45.93831,-0.000129383723056264,45.9361767725402,-0.00226261118282236
12.07068,45.9374,-0.00103938372306089,45.9361065858365,-0.00233279788659842
12.08198,45.93504,-0.00339938372305681,45.9360473618136,-0.00239202190950618
12.0933,45.93571,-0.00272938372305731,45.9360146811905,-0.00242470253253494
12.10464,45.93281,-0.0056293837230541,45.936022531625,-0.00241685209803172
12.11596,45.93656,-0.00187938372305751,45.9360812846389,-0.00235809908415624
12.12731,45.93684,-0.00159938372306101,45.9361963745847,-0.00224300913840185
12.13865,45.9374,-0.00103938372306089,45.9363678425122,-0.00207154121088648
12.15,45.93404,-0.00439938372305448,45.9365906808114,-0.00184870291161736
12.16134,45.93842,-1.93837230568761e-05,45.9368557878414,-0.00158359588169133
12.17266,45.9378,-0.000639383723054721,45.9371513176571,-0.00128806606597758
12.18398,45.93687,-0.00156938372305859,45.9374642113161,-0.000975172406975128
12.19529,45.93827,-0.00016938372305475,45.9377816955701,-0.000657688152978674
12.20662,45.93912,0.000680616276945045,45.9380925630302,-0.000346820692887762
12.21797,45.93686,-0.00157938372305466,45.9383881109854,-5.12727376370357e-05
12.22932,45.93919,0.000750616276945948,45.9386626857204,0.000223301997341144
12.24065,45.93922,0.000780616276941259,45.9389138321133,0.000474448390277295
12.25199,45.9394,0.00096061627694155,45.9391420716156,0.000702687892510403
12.26333,45.93903,0.0005906162769449,45.9393503316928,0.00091094796973085
12.27465,45.9409,0.00246061627694161,45.9395430570193,0.00110367329619339
12.28601,45.93878,0.000340616276943706,45.9397250680764,0.00128568435332727
12.29734,45.93975,0.00131061627693896,45.9399002888195,0.00146090509640533
12.30867,45.93919,0.000750616276945948,45.9400705206666,0.00163113694349633
12.32002,45.94068,0.00224061627694283,45.9402344658337,0.00179508211060576
12.33135,45.94123,0.00279061627693977,45.9403871751731,0.00194779145003363
12.34266,45.9401,0.00166061627694347,45.9405200318209,0.00208064809780294
12.35398,45.9363,-0.00213938372305478,45.9406213325229,0.00218194879983808
12.3653,45.94165,0.00321061627694519,45.9406774992565,0.00223811553342725
12.37662,45.94346,0.00502061627694417,45.9406748695927,0.00223548586964729
12.38796,45.93941,0.000970616276944725,45.9406018272935,0.0021624435704472
12.3993,45.94438,0.00594061627694487,45.9404508451701,0.00201146144704388
12.41061,45.93911,0.000670616276941871,45.9402199842051,0.00178060048201064
12.42192,45.93824,-0.000199383723057167,45.9399135667708,0.00147418304771649
12.43323,45.93892,0.000480616276945511,45.939542004477,0.00110262075398178
12.44455,45.94111,0.00267061627694432,45.9391209559528,0.000681572229765241
12.45589,45.93764,-0.000799383723055769,45.9386700292766,0.000230645553572063
12.46722,45.93792,-0.000519383723059264,45.9382111739507,-0.000228209772357231
12.47856,45.94066,0.00222061627694359,45.9377668470542,-0.000672536668856885
12.48991,45.93628,-0.00215938372306113,45.9373580478793,-0.00108133584377917
12.50126,45.9346,-0.00383938372305437,45.937002382251,-0.00143700147202545
12.51258,45.93609,-0.00234938372305749,45.9367124086552,-0.00172697506785118
12.52393,45.93707,-0.00136938372305906,45.9364945628147,-0.00194482090833728
12.53526,45.93522,-0.00321938372305652,45.9363488737016,-0.00209051002141878
12.54659,45.93868,0.000240616276940386,45.9362694908246,-0.00216989289848358
12.55792,45.93462,-0.00381938372305513,45.9362458594491,-0.00219352427395526
12.56924,45.93711,-0.00132938372306057,45.9362642977198,-0.00217508600330745
12.58057,45.93587,-0.00256938372305626,45.9363097420014,-0.00212964172163687
12.5919,45.93771,-0.000729383723054866,45.9363674757489,-0.00207190797417626
12.60326,45.93455,-0.00388938372305603,45.936424698267,-0.00201468545601834
12.61458,45.93692,-0.00151938372305693,45.9364718177846,-0.00196756593840693
12.62588,45.93803,-0.000409383723059875,45.9365033719051,-0.00193601181797298
12.6372,45.93544,-0.00299938372305775,45.9365184797416,-0.00192090398150956
12.64855,45.93884,0.000400616276941435,45.9365207281973,-0.00191865552574232
12.65987,45.93534,-0.00309938372306107,45.9365174320872,-0.0019219516358937
12.67122,45.93705,-0.0013893837230583,45.9365183014131,-0.00192108230992294
12.68256,45.93661,-0.00182938372305586,45.9365336697974,-0.00190571392568651
12.6939,45.9371,-0.00133938372305664,45.9365725438249,-0.00186683989811966
12.70527,45.93286,-0.00557938372305955,45.9366408012929,-0.00179858243019375
12.7166,45.93671,-0.00172938372305964,45.9367398859644,-0.00169949775863837
12.72795,45.93789,-0.000549383723054575,45.9368662851534,-0.00157309856962678
12.73927,45.93806,-0.000379383723057458,45.9370119073288,-0.00142747639423449
12.75057,45.93613,-0.002309383723059,45.9371652626181,-0.00127412110499958
12.7619,45.93524,-0.00319938372305728,45.9373132158468,-0.00112616787626844
12.77324,45.93784,-0.000599383723056235,45.9374430619576,-0.000996321765453849
12.78457,45.94086,0.00242061627694312,45.937544663355,-0.000894720368073631
12.79589,45.93848,4.06162769408525e-05,45.9376123156009,-0.000827068122138297
12.80724,45.93818,-0.000259383723054896,45.9376459606981,-0.000793423024958801
12.8186,45.93596,-0.00247938372305612,45.9376514818697,-0.000787901853319061
12.82994,45.93724,-0.00119938372305484,45.9376400752489,-0.000799308474157755
12.84129,45.93713,-0.00130938372305422,45.9376269335948,-0.000812450128249908
12.85263,45.93813,-0.000309383723056555,45.9376295544167,-0.000809829306350119
12.86398,45.93811,-0.000329383723055798,45.9376659091035,-0.000773474619519621
12.8753,45.9386,0.000160616276943415,45.9377525924733,-0.000686791249719702
12.88663,45.93749,-0.000949383723060748,45.9379030145303,-0.000536369192728888
12.89796,45.93719,-0.0012493837230565,45.9381257261999,-0.000313657523188262
12.90931,45.93851,7.06162769432694e-05,45.9384230462028,-1.63375203040416e-05
12.92065,45.93768,-0.000759383723057283,45.9387902045366,0.000350820813537738
12.93198,45.93911,0.000670616276941871,45.9392151912188,0.000775807495776442
12.94331,45.94015,0.00171061627694513,45.9396794031282,0.00124001940515896
12.95462,45.93919,0.000750616276945948,45.940159057976,0.00171967425298692
12.96598,45.94066,0.00222061627694359,45.9406272327316,0.00218784900855501
12.9773,45.94129,0.00285061627694461,45.9410563013265,0.002616917603471
12.98866,45.9439,0.00546061627694172,45.9414204880804,0.00298110435732628
12.99999,45.94045,0.00201061627694088,45.9416982245193,0.00325884079626667
13.01134,45.94083,0.0023906162769407,45.9418740309403,0.00343464721725123
13.02265,45.94283,0.00439061627694315,45.9419397439724,0.0035003602493362
13.03397,45.94464,0.00620061627694213,45.9418950111336,0.00345562741058895
13.04531,45.93993,0.00149061627693925,45.94174702151,0.00330763778698652
13.05664,45.94241,0.00397061627694484,45.9415094870778,0.00307010335477361
13.06796,45.93915,0.000710616276940357,45.9412009954534,0.00276161173033393
13.07929,45.94244,0.00400061627694015,45.9408429796888,0.00240359596573956
13.0906,45.93959,0.00115061627694502,45.9404576019778,0.0020182182547664
13.10194,45.93773,-0.000709383723055623,45.9400658095681,0.00162642584505001
13.11327,45.94273,0.00429061627693983,45.9396857426358,0.00124635891273394
13.12458,45.93842,-1.93837230568761e-05,45.9393315860055,0.000892202282439286
13.13592,45.93958,0.00114061627694184,45.9390128737172,0.000573489994110148
13.14728,45.93773,-0.000709383723055623,45.9387342177478,0.000294834024689642
13.1586,45.93779,-0.000649383723057895,45.938495459391,5.60756679211359e-05
13.16996,45.93735,-0.00108938372305545,45.9382922779355,-0.000147105787511426
13.18132,45.93971,0.00127061627694047,45.9381172610368,-0.000322122686269285
13.19262,45.93662,-0.00181938372305979,45.9379613353928,-0.000478048330273093
13.20395,45.94137,0.00293061627694158,45.9378153365211,-0.000624047202005908
13.21529,45.93587,-0.00256938372305626,45.9376714397916,-0.000767943931413566
13.22661,45.93807,-0.000369383723054284,45.9375242209584,-0.000915162764638368
13.23795,45.93655,-0.00188938372306069,45.9373712398336,-0.00106814388947843
13.2493,45.93772,-0.000719383723058797,45.9372131705031,-0.00122621321999156
13.26062,45.93491,-0.00352938372305545,45.9370535635964,-0.00138582012665578
13.27197,45.93988,0.0014406162769447,45.9368983061268,-0.00154107759622109
13.28332,45.93923,0.000790616276944434,45.9367547835143,-0.00168460020879522
13.29468,45.93486,-0.00357938372305711,45.936630721437,-0.0018086622860348
13.30601,45.93441,-0.00402938372305783,45.936532770521,-0.00190661320205183
13.31736,45.93588,-0.00255938372306019,45.9364650813189,-0.00197430240414295
13.3287,45.93639,-0.00204938372305463,45.9364282486853,-0.00201113503777401
13.34004,45.93565,-0.00278938372305504,45.9364189445725,-0.00202043915058803
13.35136,45.93716,-0.00127938372305891,45.9364303434896,-0.00200904023342758
13.36269,45.93612,-0.00231938372305507,45.9364532204397,-0.00198616328340268
13.37404,45.93818,-0.000259383723054896,45.9364774585081,-0.00196192521494888
13.38539,45.93647,-0.00196938372305766,45.9364936528952,-0.00194573082786277
13.39673,45.93642,-0.00201938372305932,45.9364945298386,-0.00194485388447722
13.40805,45.93443,-0.00400938372305859,45.9364759943806,-0.00196338934243976
13.41935,45.93853,9.06162769425123e-05,45.9364377273095,-0.00200165641358133
13.4307,45.93712,-0.0013193837230574,45.9363833013974,-0.00205608232568815
13.44203,45.93765,-0.0007893837230597,45.9363197765664,-0.00211960715663554
13.45336,45.93567,-0.0027693837230558,45.9362567479481,-0.00218263577497572
13.46468,45.93518,-0.00325938372305501,45.9362049348723,-0.00223444885076892
13.47603,45.93473,-0.00370938372305574,45.9361745733356,-0.00226481038749434
13.48738,45.9348,-0.00363938372305483,45.9361739863023,-0.00226539742078449
13.49872,45.9364,-0.00203938372305856,45.9362086624631,-0.00223072125995183
13.51004,45.9383,-0.000139383723059439,45.9362809820925,-0.00215840163056484
13.52137,45.93587,-0.00256938372305626,45.9363904880831,-0.00204889563998318
13.53267,45.93967,0.00123061627694199,45.9365344436176,-0.00190494010545417
13.54402,45.93174,-0.00669938372305978,45.9367084243204,-0.00173095940267461
13.55534,45.93782,-0.000619383723055478,45.9369068251176,-0.00153255860550421
13.56667,45.93993,0.00149061627693925,45.9371232893075,-0.00131609441557468
13.57802,45.93731,-0.00112938372306104,45.9373510857316,-0.001088297991444
13.58936,45.93566,-0.00277938372305897,45.9375834128634,-0.000855970859622815
13.6007,45.93798,-0.00045938372305443,45.9378136219431,-0.000625761779912217
13.61205,45.93621,-0.00222938372305492,45.9380354350143,-0.000403948708716669
13.62338,45.94057,0.00213061627694344,45.9382432643237,-0.000196119399371321
13.63472,45.938,-0.000439383723055187,45.938432652283,-6.73144006798108e-06
13.64608,45.93879,0.000350616276939775,45.9386007260507,0.000161342327681485
13.65742,45.93857,0.000130616276940998,45.9387465056464,0.000307121923378231
13.66874,45.93979,0.00135061627694455,45.9388709378859,0.000431554162858694
13.6801,45.93996,0.00152061627694167,45.9389765966978,0.000537212974733886
13.69145,45.93776,-0.000679383723060312,45.9390670584796,0.000627674756516881
13.70278,45.93907,0.000630616276943385,45.9391460393835,0.000706655660467693
13.71412,45.93976,0.00132061627694213,45.9392164658288,0.000777082105785117
13.72542,45.93754,-0.000899383723059088,45.9392796974579,0.000840313734813161
13.73676,45.93856,0.000120616276944929,45.9393351046099,0.000895720886827148
13.7481,45.93949,0.0010506162769417,45.93938012768,0.000940743956952617
13.75942,45.94069,0.0022506162769389,45.9394108241017,0.00097144037863171
13.77076,45.93948,0.00104061627694563,45.939422762962,0.000983379238973221
13.78209,45.93958,0.00114061627694184,45.939412022297,0.00097263857390183
13.79344,45.93965,0.00121061627694274,45.9393760383052,0.0009366545821784
13.80479,45.93991,0.00147061627694001,45.9393141338708,0.000874750147729721
13.81614,45.93965,0.00121061627694274,45.9392276557449,0.000788272021841822
13.82748,45.93747,-0.000969383723059991,45.9391197424927,0.000680358769684163
13.83881,45.93924,0.000800616276940502,45.9389948250557,0.000555441332624827
13.85011,45.93824,-0.000199383723057167,45.9388580081299,0.000418624406853169
13.86146,45.94011,0.00167061627693954,45.9387144618615,0.000275078138445879
13.87276,45.93924,0.000800616276940502,45.9385688826471,0.000129498923996937
13.8841,45.93723,-0.00120938372305801,45.9384250273471,-1.43563759901888e-05
13.89544,45.9393,0.000860616276945336,45.9382853434619,-0.00015404026111226
13.90676,45.93468,-0.0037593837230574,45.9381507900777,-0.000288593645368464
13.91808,45.93767,-0.000769383723060457,45.9380209898745,-0.000418393848566369
13.92941,45.9408,0.00236061627694539,45.9378947955537,-0.000544588169331699
13.94075,45.93671,-0.00172938372305964,45.9377711912279,-0.000668192495124408
13.95209,45.93833,-0.000109383723057022,45.9376502751316,-0.000789108591473423
13.96341,45.93844,6.16276942366767e-07,45.93753400416,-0.000905379563075964
13.97475,45.93843,-9.38372306080737e-06,45.9374264479263,-0.00101293579671566
13.98609,45.93733,-0.00110938372305469,45.9373334351311,-0.0011059485920008
13.99745,45.93654,-0.00189938372305676,45.9372616298895,-0.00117775383351263
14.0088,45.93642,-0.00201938372305932,45.9372172336811,-0.00122215004192299
14.02012,45.93703,-0.00140938372305754,45.9372046263662,-0.00123475735689033
14.03143,45.93531,-0.00312938372305638,45.9372252812596,-0.00121410246346226
14.04276,45.93787,-0.000569383723060923,45.9372772027387,-0.00116218098435946
14.05412,45.93884,0.000400616276941435,45.9373549764466,-0.00108440727642452
14.06546,45.93607,-0.00236938372305673,45.9374503509192,-0.000989032803812737
14.07678,45.93903,0.0005906162769449,45.9375531524947,-0.000886231228348662
14.08813,45.93877,0.000330616276940532,45.9376523131142,-0.000787070608866124
14.09948,45.93625,-0.00218938372305644,45.937736848519,-0.000702535204056437
14.11083,45.93694,-0.00149938372305769,45.9377967217554,-0.000642661967698004
14.12216,45.93934,0.000900616276943822,45.9378236212608,-0.000615762462291468
14.1335,45.93458,-0.00385938372306072,45.9378117227086,-0.00062766101447699
14.14484,45.93925,0.000810616276943676,45.9377584604189,-0.00068092330418635
14.15616,45.93835,-8.93837230577788e-05,45.9376652306308,-0.000774153092271498
14.1675,45.93998,0.00154061627694091,45.937537834594,-0.000901549129065111
14.17886,45.93798,-0.00045938372305443,45.9373864110955,-0.00105297262757354
14.19021,45.93484,-0.00359938372305635,45.9372246810671,-0.00121470265598074
14.20154,45.93738,-0.00105938372306014,45.9370685316928,-0.00137085203024302
14.21288,45.93658,-0.00185938372305827,45.9369341814912,-0.00150520223183026
14.22421,45.93744,-0.000999383723055303,45.936836254569,-0.00160312915406898
14.23555,45.93604,-0.00239938372305915,45.9367860410361,-0.00165334268697576
14.2469,45.93683,-0.00160938372305708,45.9367901287896,-0.00164925493343395
14.25823,45.93716,-0.00127938372305891,45.936849533376,-0.00158985034710377
14.26958,45.93573,-0.00270938372305807,45.9369594233348,-0.00147996038821427
14.28092,45.93667,-0.00176938372305813,45.9371095082145,-0.00132987550855297
14.29225,45.93692,-0.00151938372305693,45.9372851065591,-0.00115427716400739
14.30361,45.93769,-0.000749383723054109,45.9374688275545,-0.000970556168564804
14.31495,45.93769,-0.000749383723054109,45.9376426839238,-0.000796699799225325
14.32629,45.93896,0.000520616276943997,45.9377903396354,-0.00064904408763414
14.33762,45.93956,0.0011206162769426,45.9378991331507,-0.000540250572322575
14.34892,45.93774,-0.000699383723059555,45.9379615406854,-0.000477843037641478
14.36026,45.93673,-0.0017093837230604,45.937975864191,-0.000463519532039705
14.37159,45.93941,0.000970616276944725,45.9379461103052,-0.000493273417857538
14.38293,45.93412,-0.00431938372305751,45.9378811855821,-0.000558198140930679
14.39426,45.94109,0.00265061627694507,45.9377935938919,-0.000645789831172961
14.40561,45.94017,0.00173061627694437,45.9376977800162,-0.000741603706821932
14.41694,45.93699,-0.00144938372305603,45.9376081996781,-0.000831184044987922
14.42829,45.93619,-0.00224938372305417,45.9375372304625,-0.000902153260553592
14.43963,45.93432,-0.00411938372305798,45.9374932113493,-0.000946172373757325
14.45096,45.936,-0.00243938372305763,45.9374790778582,-0.000960305864849442
14.4623,45.93735,-0.00108938372305545,45.9374920407131,-0.00094734300991966
14.47364,45.93984,0.0014006162769391,45.937524476457,-0.000914907266058393
14.48498,45.93771,-0.000729383723054866,45.9375658040039,-0.000873579719160869
14.49632,45.93841,-2.93837230600502e-05,45.9376048333521,-0.000834550370909679
14.50767,45.93713,-0.00130938372305422,45.9376320141946,-0.000807369528494009
14.51901,45.93893,0.00049061627694158,45.937641136956,-0.000798246767019638
14.53034,45.93964,0.00120061627693957,45.9376302186555,-0.000809165067552341
14.54168,45.93697,-0.00146938372305527,45.9376014704534,-0.000837913269691099
14.55301,45.93531,-0.00312938372305638,45.937560411977,-0.000878971746010328
14.56433,45.9387,0.000260616276939629,45.9375143796162,-0.000925004106878548
14.57568,45.9363,-0.00213938372305478,45.9374708023645,-0.000968581358520105
14.58701,45.93748,-0.000959383723056817,45.9374356177714,-0.00100376595161541
14.59836,45.93778,-0.000659383723061069,45.937412099228,-0.00102728449509901
14.60972,45.9359,-0.00253938372306095,45.9374002494081,-0.00103913431498357
14.62106,45.93758,-0.000859383723060603,45.9373968263073,-0.00104255741574976
14.6324,45.93548,-0.00295938372305926,45.9373959918844,-0.00104339183863543
14.64374,45.94017,0.00173061627694437,45.9373904760623,-0.00104890766074445
14.65506,45.93727,-0.00116938372305952,45.9373730254397,-0.00106635828331789
14.66642,45.94,0.00156061627694015,45.9373378081647,-0.00110157555830732
14.67772,45.93553,-0.0029093837230576,45.9372814567585,-0.00115792696450858
14.68908,45.93591,-0.00252938372305778,45.9372035777783,-0.00123580594479393
14.70039,45.93748,-0.000959383723056817,45.9371067597494,-0.00133262397370441
14.71171,45.93739,-0.00104938372305696,45.9369962339112,-0.00144314981189977
14.72306,45.93708,-0.00135938372305588,45.9368793261853,-0.00156005753779077
14.73439,45.93736,-0.00107938372305938,45.936764753291,-0.00167463043204378
14.74573,45.93694,-0.00149938372305769,45.9366617705093,-0.00177761321374346
14.75707,45.93615,-0.00228938372305976,45.9365792121257,-0.00186017159739239
14.76842,45.93507,-0.0033693837230544,45.9365245430435,-0.00191484067959912
14.77975,45.93749,-0.000949383723060748,45.9365031042061,-0.00193627951694729
14.79109,45.93376,-0.00467938372305809,45.936517737016,-0.00192164670707037
14.80244,45.93747,-0.000969383723059991,45.9365688943733,-0.00187048934975617
14.81376,45.93735,-0.00108938372305545,45.9366552066225,-0.00178417710052278
14.82508,45.93816,-0.000279383723054138,45.9367743130803,-0.0016650706427291
14.83641,45.93789,-0.000549383723054575,45.9369236605727,-0.00151572315039369
14.84777,45.9371,-0.00133938372305664,45.9371009809831,-0.00133840273992544
14.85909,45.93484,-0.00359938372305635,45.9373043028292,-0.00113508089389591
14.87043,45.93965,0.00121061627694274,45.937531545361,-0.000907838362037702
14.88176,45.93756,-0.000879383723059846,45.9377798716963,-0.000659512026771903
14.89312,45.93774,-0.000699383723059555,45.9380449978381,-0.000394385884944712
14.90446,45.93725,-0.00118938372305877,45.9383206273011,-0.000118756421988748
14.91579,45.93843,-9.38372306080737e-06,45.9385981698839,0.000158786160805981
14.92712,45.93858,0.000140616276944172,45.938866888346,0.000427504622954122
14.93842,45.93855,0.000110616276941755,45.9391145492573,0.000675165534205301
14.94977,45.93941,0.000970616276944725,45.9393285385857,0.00088915486262656
14.96108,45.94071,0.00227061627694525,45.9394972821379,0.00105789841481122
14.97242,45.94093,0.00249061627694402,45.939611722802,0.00117233907898538
14.98376,45.93937,0.000930616276939134,45.9396665841944,0.00122720047135053
14.9951,45.93751,-0.0009293837230544,45.9396612203768,0.00122183665371209
15.00642,45.9407,0.00226061627694207,45.9395999834638,0.00116059974074753
15.01772,45.93999,0.00155061627694408,45.9394921397017,0.00105275597864652
15.02908,45.93801,-0.000429383723059118,45.939351364687,0.00091198096398834
15.0404,45.94283,0.00439061627694315,45.9391947913512,0.000755407628135639
15.05172,45.93813,-0.000309383723056555,45.9390415607521,0.000602177029002852
15.06306,45.94044,0.00200061627694481,45.9389108871583,0.000471503435242319
15.07437,45.9358,-0.00263938372305716,45.9388197963474,0.000380412624302852
15.08571,45.9371,-0.00133938372305664,45.9387808778039,0.000341494080859183
15.09703,45.94015,0.00171061627694513,45.9388004969985,0.000361113275444865
15.10838,45.93836,-7.93837230546046e-05,45.9388778499811,0.000438466257995031
15.11974,45.93762,-0.000819383723055012,45.9390050393415,0.00056565561849095
15.1311,45.93914,0.000700616276944288,45.9391681339958,0.000728750272734198
15.14242,45.93992,0.00148061627694318,45.9393490214709,0.000909637747836774
15.15374,45.94047,0.00203061627694012,45.9395277482606,0.00108836453749286
15.16507,45.94196,0.00352061627694411,45.9396849557044,0.00124557198129863
15.17641,45.93814,-0.000299383723060487,45.9398040078627,0.00136462413966233
15.18773,45.94016,0.0017206162769412,45.939872517731,0.00143313400792948
15.19904,45.94104,0.00260061627694341,45.9398831642276,0.00144378050457691
15.21037,45.93868,0.000240616276940386,45.9398338560712,0.00139447234810523
15.22169,45.94043,0.00199061627694164,45.9397273883089,0.00128800458584551
15.23304,45.93728,-0.00115938372305635,45.9395707751277,0.00113139140468211
15.24436,45.93995,0.0015106162769456,45.9393744501759,0.000935066452839355
15.2557,45.93867,0.000230616276944318,45.9391514821773,0.000712098454260508
15.26703,45.94016,0.0017206162769412,45.938916847122,0.00047746339891091
15.27836,45.94048,0.0020406162769433,45.9386866741702,0.000247290447141181
15.28972,45.93648,-0.00195938372305449,45.9384773208208,3.79370977356698e-05
15.30106,45.93973,0.00129061627693972,45.9383041812517,-0.000135202471326822
15.3124,45.93825,-0.000189383723061098,45.9381802572479,-0.00025912647511591
15.32372,45.93844,6.16276942366767e-07,45.9381146448939,-0.000324738829114876
15.33504,45.93592,-0.0025193837230546,45.9381111716928,-0.000328212030214516
15.34636,45.93716,-0.00127938372305891,45.9381674649229,-0.000271918800124748
15.3577,45.93829,-0.000149383723055507,45.938274724608,-0.000164659115103401
15.36904,45.939,0.000560616276942483,45.9384183673104,-2.10164126526271e-05
15.3804,45.93827,-0.00016938372305475,45.9385795146926,0.000140130969508566
15.39172,45.93877,0.000330616276940532,45.9387371173035,0.000297733580404527
15.40306,45.93873,0.000290616276942046,45.9388704054214,0.000431021698362428
15.41438,45.9394,0.00096061627694155,45.9389613358346,0.000521952111582715
15.42573,45.94043,0.00199061627694164,45.9389967077543,0.000557324031226588
15.43705,45.94018,0.00174061627694044,45.9389696401948,0.000530256471772413
15.44837,45.93855,0.000110616276941755,45.9388801711709,0.000440787447810429
15.4597,45.93929,0.000850616276942162,45.9387348858366,0.000295502113534181
15.47103,45.93771,-0.000729383723054866,45.9385456813001,0.000106297577013484
15.48235,45.93678,-0.00165938372305874,45.9383279566629,-0.000111427060114082
15.49368,45.93786,-0.000579383723056992,45.938098608049,-0.00034077567400936
15.50502,45.93829,-0.000149383723055507,45.9378741804735,-0.000565203249553731
15.51636,45.93792,-0.000519383723059264,45.9376694020193,-0.000769981703791499
15.52769,45.93661,-0.00182938372305586,45.9374961705673,-0.000943213155762637
15.53902,45.93861,0.000170616276939484,45.9373629556956,-0.00107642802743471
15.55036,45.93714,-0.00129938372305816,45.9372745403744,-0.00116484334862669
15.56168,45.93739,-0.00104938372305696,45.9372320328931,-0.00120735082998201
15.57302,45.93623,-0.00220938372305568,45.9372331085124,-0.00120627521069112
15.58433,45.93633,-0.00210938372305947,45.9372724794506,-0.00116690427246818
15.59568,45.93852,8.06162769393381e-05,45.9373426054236,-0.00109677829947255
15.60701,45.93688,-0.00155938372305542,45.9374346108269,-0.00100477289619857
15.61835,45.93993,0.00149061627693925,45.9375392892735,-0.000900094449571446
15.62969,45.9357,-0.00273938372306048,45.9376480214403,-0.000791362282744268
15.64102,45.93877,0.000330616276940532,45.93775345847,-0.000685925253014994
15.65237,45.93798,-0.00045938372305443,45.9378499113413,-0.000589472381717408
15.66372,45.93747,-0.000969383723059991,45.9379334750184,-0.000505908704630947
15.67505,45.93772,-0.000719383723058797,45.9380019677461,-0.000437415976965983
15.68639,45.93612,-0.00231938372305507,45.9380547832432,-0.000384600479839217
15.69772,45.94035,0.00191061627694467,45.9380927349055,-0.000346648817532271
15.70905,45.93861,0.000170616276939484,45.9381179039495,-0.000321479773578404
15.72038,45.93854,0.000100616276945686,45.9381334194137,-0.000305964309379733
15.7317,45.9386,0.000160616276943415,45.9381430779346,-0.000296305788409732
15.74304,45.9359,-0.00253938372306095,45.9381507972761,-0.000288586446928407
15.75439,45.93767,-0.000769383723060457,45.9381600302185,-0.000279353504598329
15.76576,45.93742,-0.00101938372305455,45.9381733326487,-0.000266051074347315
15.77709,45.94144,0.00300061627694248,45.9381922162539,-0.000247167469191024
15.78844,45.93754,-0.000899383723059088,45.9382172654076,-0.000222118315413798
15.79978,45.93596,-0.00247938372305612,45.9382483852276,-0.000190998495470788
15.81114,45.93987,0.00143061627694152,45.9382850555103,-0.000154328212730206
15.82248,45.93878,0.000340616276943706,45.9383265365047,-0.000112847218331625
15.83382,45.93912,0.000680616276945045,45.9383720029557,-6.73807673592552e-05
15.84517,45.93765,-0.0007893837230597,45.9384205751528,-1.88085702570114e-05
15.85649,45.93821,-0.000229383723059584,45.9384712474691,3.18637460208076e-05
15.86783,45.93707,-0.00136938372305906,45.9385227927069,8.34089838497815e-05
15.87915,45.9382,-0.000239383723055653,45.9385737651521,0.000134381428991067
15.89049,45.94096,0.00252061627693934,45.9386226760056,0.00018329228257976
15.90181,45.93793,-0.000509383723056089,45.9386682952571,0.000228911534043489
15.91316,45.93966,0.00122061627694592,45.9387099333451,0.000270549622042988
15.92451,45.93805,-0.000389383723060632,45.9387475525229,0.000308168799806088
15.93586,45.93945,0.00101061627694321,45.9387816449521,0.000342261229071007
15.94719,45.93836,-7.93837230546046e-05,45.9388129191238,0.000373535400791683
15.95854,45.93743,-0.00100938372305848,45.9388419028078,0.000402519084778276
15.96989,45.94097,0.00253061627694251,45.9388685899986,0.000429206275553908
15.98121,45.93729,-0.00114938372306028,45.9388922385769,0.000452854853887542
15.99254,45.93785,-0.000589383723060166,45.9389113804193,0.000471996696290102
16.0039,45.94064,0.00220061627694434,45.9389240573913,0.000484673668269853
16.0152,45.93885,0.000410616276944609,45.9389282464754,0.000488862752357115
16.02652,45.9379,-0.000539383723058506,45.9389223824863,0.00048299876328139
16.03787,45.93971,0.00127061627694047,45.9389058535077,0.000466469784605156
16.0492,45.9396,0.00116061627694108,45.9388793500587,0.000439966335662553
16.06052,45.9395,0.00106061627694487,45.9388449729597,0.00040558923668749
16.07184,45.9381,-0.000339383723058972,45.9388060396556,0.000366655932496626
16.08318,45.93801,-0.000429383723059118,45.9387665964869,0.000327212763791803
16.09451,45.94012,0.00168061627694271,45.9387307322748,0.000291348551748923
16.10583,45.93816,-0.000279383723054138,45.9387018437243,0.00026246000119501
16.11717,45.93652,-0.001919383723056,45.938682006308,0.000242622584907737
16.1285,45.94038,0.00194061627693998,45.9386715817746,0.000232198051566291
16.13983,45.93819,-0.000249383723058827,45.9386691532925,0.000229769569454414
16.15119,45.93714,-0.00129938372305816,45.9386718081093,0.000232424386240575
16.16253,45.94009,0.0016506162769403,45.9386757019911,0.000236318268013489
16.17385,45.94005,0.00161061627694181,45.9386767703002,0.000237386577123036
16.18514,45.93777,-0.000669383723057138,45.9386714095344,0.000232025811334145
16.19648,45.93974,0.00130061627694289,45.9386569613266,0.000217577603587662
16.2078,45.93775,-0.00068938372305638,45.9386319084393,0.000192524716215532
16.21916,45.93787,-0.000569383723060923,45.9385958044764,0.000156420753340111
16.23049,45.93919,0.000750616276945948,45.9385490373484,0.000109653625308326
16.24184,45.93955,0.00111061627693942,45.9384925375273,5.31538042041136e-05
16.2532,45.93806,-0.000379383723057458,45.9384275108692,-1.18728538472852e-05
16.26454,45.9353,-0.00313938372305955,45.9383552580278,-8.41256952557656e-05
16.2759,45.93862,0.000180616276942658,45.9382771557649,-0.000162227958122699
16.28728,45.94024,0.00180061627694528,45.9381948560485,-0.000244527674514192
16.29859,45.93826,-0.000179383723057924,45.938110648985,-0.00032873473801567
16.30992,45.93849,5.06162769440266e-05,45.9380278015919,-0.000411582131205552
16.32125,45.93768,-0.000759383723057283,45.9379506557607,-0.000488727962339394
16.33258,45.93919,0.000750616276945948,45.93788437328,-0.000555010443088474
16.3439,45.936,-0.00243938372305763,45.9378343655745,-0.000605018148602306
16.35522,45.93805,-0.000389383723060632,45.9378055604917,-0.000633823231354763
16.36654,45.9368,-0.0016393837230595,45.9378017138361,-0.000637669886925205
16.37788,45.93662,-0.00181938372305979,45.9378249594575,-0.000614424265528123
16.38921,45.93976,0.00132061627694213,45.9378757027858,-0.00056368093727531
16.40054,45.93775,-0.00068938372305638,45.9379528249301,-0.000486558793001256
16.41187,45.93867,0.000230616276944318,45.9380540402526,-0.000385343470486235
16.42322,45.93852,8.06162769393381e-05,45.9381762044599,-0.000263179263116695
16.43457,45.93944,0.00100061627694004,45.9383154209492,-0.000123962773842652
16.44592,45.93686,-0.00157938372305466,45.9384669041829,2.75204598620741e-05
16.45724,45.93865,0.000210616276945075,45.9386246813719,0.000185297648810147
16.46855,45.93907,0.000630616276943385,45.9387813071379,0.000341923414868939
16.47987,45.93713,-0.00130938372305422,45.9389277951055,0.000488411382443834
16.49119,45.93864,0.000200616276941901,45.9390539260422,0.000614542319170576
16.50253,45.93962,0.00118061627694033,45.939148993135,0.00070960941191744
16.51386,45.94069,0.0022506162769389,45.9392029123471,0.000763528624040102
16.52518,45.94007,0.00163061627694105,45.9392074965652,0.000768112842097746
16.53651,45.93887,0.000430616276943852,45.939157639264,0.000718255540958495
16.54786,45.93636,-0.00207938372305705,45.9390522237962,0.000612840073117466
16.55922,45.93914,0.000700616276944288,45.9388947100154,0.000455326292344979
16.57058,45.94014,0.00170061627694196,45.9386934196961,0.000254035973036924
16.58191,45.9393,0.000860616276945336,45.9384614782914,2.20945683576385e-05
16.59325,45.94013,0.00169061627694589,45.9382162553075,-0.000223128415517009
16.60456,45.93821,-0.000229383723059584,45.9379781310708,-0.00046125265222045
16.61591,45.93685,-0.00158938372305784,45.9377685707061,-0.000670813016988563
16.62726,45.93503,-0.00340938372305999,45.9376077365288,-0.000831647194209106
16.63858,45.93736,-0.00107938372305938,45.9375120751828,-0.000927308540215285
16.64992,45.93714,-0.00129938372305816,45.9374923525761,-0.000947031146971965
16.66127,45.9378,-0.000639383723054721,45.9375524554198,-0.000886928303252691
16.67259,45.93923,0.000790616276944434,45.93768903259,-0.000750351133016854
16.68394,45.93683,-0.00160938372305708,45.937891853939,-0.000547529784039696
16.69527,45.94002,0.00158061627693939,45.9381446961479,-0.0002946875751889
16.7066,45.93674,-0.00169938372305722,45.9384266108831,-1.27728399315999e-05
16.71796,45.93782,-0.000619383723055478,45.9387135255612,0.000274141838117963
16.72931,45.93687,-0.00156938372305859,45.9389801976619,0.00054081393882192
16.74064,45.94149,0.00305061627694414,45.9392025243765,0.000763140653411376
16.75198,45.9402,0.00176061627693969,45.9393600776686,0.000920693945528902
16.7633,45.93848,4.06162769408525e-05,45.9394385597058,0.000999175982785018
16.77462,45.94083,0.0023906162769407,45.9394317797157,0.00099239599267125
16.78597,45.93988,0.0014406162769447,45.9393427941238,0.000903410400760095
16.79734,45.94013,0.00169061627694589,45.9391839720338,0.0007445883107461
16.80867,45.93813,-0.000309383723056555,45.9389758864884,0.000536502765328411
16.82002,45.94061,0.00217061627694193,45.9387450805193,0.000305696796237658
16.83134,45.93871,0.000270616276942803,45.9385209131249,8.15294018415733e-05
16.84268,45.93751,-0.0009293837230544,45.9383318373406,-0.000107546382450306
16.854,45.93523,-0.00320938372306045,45.9382015932133,-0.000237790509787486
16.86534,45.93951,0.00107061627694094,45.9381458867381,-0.000293496984961721
16.87668,45.9372,-0.00123938372306043,45.9381701069761,-0.000269276746991046
16.88802,45.93534,-0.00309938372306107,45.9382684807565,-0.000170902966563929
16.89936,45.93904,0.000600616276940968,45.9384248361551,-1.45475679041311e-05
16.9107,45.93748,-0.000959383723056817,45.9386149014614,0.000175517738320674
16.92202,45.94149,0.00305061627694414,45.9388098096137,0.000370425890686926
16.93333,45.94024,0.00180061627694528,45.9389802366165,0.000540852893462989
16.94466,45.93867,0.000230616276944318,45.9391004720238,0.000661088300774887
16.95599,45.9399,0.00146061627694394,45.9391517735827,0.000712389859660338
16.96733,45.93991,0.00147061627694001,45.9391245577368,0.000685174013786277
16.97867,45.94091,0.00247061627694478,45.9390192116668,0.000579827943707737
16.99001,45.93844,6.16276942366767e-07,45.9388455159433,0.00040613222025691
17.00132,45.93648,-0.00195938372305449,45.9386208590744,0.000181475351359373
17.01265,45.93724,-0.00119938372305484,45.9383676157534,-7.17679696497146e-05
17.02397,45.93929,0.000850616276942162,45.9381101752569,-0.000329208466116211
17.0353,45.93951,0.00107061627694094,45.937872067714,-0.000567316009026005
17.04662,45.93464,-0.00379938372305588,45.937673490617,-0.000765893106024882
17.05795,45.93716,-0.00127938372305891,45.9375294207227,-0.000909963000356922
17.06929,45.93814,-0.000299383723060487,45.9374484555793,-0.000990928143741833
17.08061,45.93752,-0.000919383723058331,45.9374324818164,-0.00100690190665974
17.09197,45.93669,-0.00174938372305888,45.9374771575745,-0.000962226148506842
17.10328,45.93745,-0.000989383723059234,45.9375730794098,-0.000866304313268835
17.11461,45.93839,-4.93837230592931e-05,45.9377074378439,-0.00073194587912003
17.12596,45.93752,-0.000919383723058331,45.9378659322724,-0.000573451450694007
17.13728,45.93924,0.000800616276940502,45.9380346872634,-0.000404696459674075
17.14862,45.93766,-0.000779383723056526,45.9382019041251,-0.000237479597966396
17.15996,45.93966,0.00122061627694592,45.938359016223,-8.03675000332711e-05
17.17129,45.9388,0.000360616276942949,45.9385011903744,6.18066512996656e-05
17.18262,45.93917,0.0007306162769396,45.9386271167551,0.000187733032047058
17.19394,45.9369,-0.00153938372305618,45.9387381491419,0.000298765418829903
17.2053,45.94052,0.00208061627694178,45.9388369792765,0.000397595553414628
17.21663,45.93795,-0.000489383723056847,45.9389261160607,0.000486732337601225
17.22796,45.93839,-4.93837230592931e-05,45.9390064663657,0.000567082642633696
17.2393,45.93824,-0.000199383723057167,45.9390762935435,0.000636909820454852
17.25064,45.93905,0.000610616276944143,45.9391307804932,0.000691396770135746
17.26198,45.93786,-0.000579383723056992,45.9391623355992,0.000722951876152221
17.27332,45.93983,0.00139061627694304,45.9391616443035,0.000722260580441095
17.28466,45.939,0.000560616276942483,45.9391193106896,0.000679926966571636
17.29598,45.94016,0.0017206162769412,45.9390277910912,0.000588407368161792
17.30733,45.93941,0.000970616276944725,45.9388832326002,0.000443848877108125
17.31866,45.94023,0.0017906162769421,45.9386868239402,0.000247440217175675
17.33001,45.93789,-0.000549383723054575,45.9384453550143,5.97129122085761e-06
17.34131,45.93863,0.000190616276945832,45.938170845277,-0.000268538446008211
17.35265,45.93761,-0.000829383723058186,45.9378792931378,-0.000560090585260961
17.36399,45.93964,0.00120061627693957,45.9375887636224,-0.000850620100661687
17.37532,45.93441,-0.00402938372305783,45.937317144295,-0.00112223942807017
17.38665,45.93458,-0.00385938372306072,45.9370799719775,-0.00135941174553955
17.398,45.93728,-0.00115938372305635,45.9368887525804,-0.00155063114269625
17.40936,45.93729,-0.00114938372306028,45.9367500969996,-0.00168928672349144
17.42068,45.93678,-0.00165938372305874,45.9366657575086,-0.00177362621449495
17.43201,45.93793,-0.000509383723056089,45.9366333829751,-0.00180600074793654
17.44336,45.93675,-0.00168938372305405,45.9366476644313,-0.00179171929178222
17.4547,45.93632,-0.00211938372305553,45.9367015552774,-0.00173782844564281
17.46604,45.9364,-0.00203938372305856,45.9367873581417,-0.00165202558138581
17.47738,45.93678,-0.00165938372305874,45.9368975851945,-0.00154179852853588
17.48873,45.93859,0.000150616276940241,45.9370255601894,-0.00141382353362515
17.50006,45.93697,-0.00146938372305527,45.9371657350114,-0.00127364871168734
17.51138,45.93815,-0.000289383723057313,45.9373136950057,-0.00112568871731018
17.5227,45.93565,-0.00278938372305504,45.9374658805219,-0.000973503201176864
17.53402,45.93694,-0.00149938372305769,45.9376191467641,-0.000820236958937672
17.54538,45.93861,0.000170616276939484,45.9377703481835,-0.00066903553954973
17.55672,45.93743,-0.00100938372305848,45.9379161068844,-0.000523276838685865
17.56806,45.93748,-0.000959383723056817,45.9380528233235,-0.000386560399544151
17.5794,45.93959,0.00115061627694502,45.9381768828438,-0.000262500879291972
17.59075,45.93834,-9.93837230609529e-05,45.9382849507553,-0.000154432967751199
17.60209,45.93964,0.00120061627693957,45.9383742371514,-6.51465716981138e-05
17.61342,45.93679,-0.00164938372305556,45.9384426543872,3.27066409181279e-06
17.62477,45.93667,-0.00176938372305813,45.9384888808344,4.94971113566173e-05
17.63613,45.93935,0.000910616276939891,45.938512426488,7.30427649723454e-05
17.64744,45.93932,0.000880616276944579,45.9385137852775,7.44015544497984e-05
17.65878,45.93907,0.000630616276943385,45.9384946450659,5.52613428152535e-05
17.67012,45.93917,0.0007306162769396,45.9384580082043,1.86244812327161e-05
17.68146,45.93813,-0.000309383723056555,45.9384080616542,-3.13220688537638e-05
17.69277,45.93887,0.000430616276943852,45.9383497353092,-8.96484138516051e-05
17.70411,45.93699,-0.00144938372305603,45.9382880270033,-0.000151356719735903
17.71545,45.93674,-0.00169938372305722,45.9382272785954,-0.000212105127625421
17.72678,45.93974,0.00130061627694289,45.938170616303,-0.000268767420074533
17.73812,45.93635,-0.00208938372306022,45.9381197056041,-0.000319678118952292
17.74946,45.93996,0.00152061627694167,45.9380748451584,-0.000364538564632261
17.7608,45.93745,-0.000989383723059234,45.9380353026505,-0.000404081072555684
17.77214,45.93867,0.000230616276944318,45.9379997338477,-0.000439649875341132
17.78348,45.93922,0.000780616276941259,45.9379665352536,-0.000472848469431149
17.79483,45.93618,-0.00225938372305734,45.9379340441528,-0.000505339570236559
17.80616,45.93716,-0.00127938372305891,45.9379005918651,-0.000538791857914148
17.81751,45.93807,-0.000369383723054284,45.9378644924076,-0.0005748913154421
17.82884,45.93993,0.00149061627693925,45.9378240564197,-0.000615327303407391
17.84018,45.93674,-0.00169938372305722,45.9377776582606,-0.000661725462424385
17.8515,45.93779,-0.000649383723057895,45.9377238316379,-0.000715552085166324
17.86286,45.93669,-0.00174938372305888,45.9376613942549,-0.00077798946816344
17.87418,45.93616,-0.00227938372305658,45.9375896676684,-0.000849716054666369
17.88555,45.93688,-0.00155938372305542,45.9375088671044,-0.000930516618627776
17.89686,45.94094,0.00250061627694009,45.9374206378519,-0.00101874587112963
17.9082,45.93834,-9.93837230609529e-05,45.9373285561758,-0.00111082754721784
17.91956,45.93561,-0.00282938372306063,45.9372383151293,-0.00120106859370741
17.9309,45.93851,7.06162769432694e-05,45.9371573835234,-0.0012820001996556
17.94222,45.93629,-0.00214938372305795,45.9370941284623,-0.00134525526075073
17.95351,45.93704,-0.00139938372305437,45.9370565870332,-0.00138279668983143
17.96486,45.93564,-0.00279938372305821,45.9370511674494,-0.00138821627370639
17.97618,45.93797,-0.000469383723057604,45.9370815637245,-0.00135781999855628
17.98752,45.93541,-0.00302938372306016,45.9371481136061,-0.00129127011693285
17.99886,45.93681,-0.00162938372305632,45.9372477321532,-0.00119165156984072
18.01022,45.93702,-0.00141938372306072,45.9373744264404,-0.00106495728265284
18.02154,45.93974,0.00130061627694289,45.937520251574,-0.000919132149110117
18.03289,45.93954,0.00110061627694336,45.9376764288339,-0.000762954889177637
18.04423,45.93686,-0.00157938372305466,45.937834283015,-0.000605100708094024
18.05557,45.93871,0.000270616276942803,45.937985740554,-0.000453643169075277
18.06692,45.9383,-0.000139383723059439,45.9381233418735,-0.000316041849505275
18.07827,45.93539,-0.00304938372305941,45.9382399447901,-0.000199438932952435
18.0896,45.93893,0.00049061627694158,45.938328425525,-0.000110958198034018
18.10095,45.9375,-0.000939383723057574,45.9383816835809,-5.77001422049732e-05
18.11226,45.9371,-0.00133938372305664,45.9383931380343,-4.62456888106142e-05
18.12358,45.93989,0.00145061627694076,45.9383577109495,-8.16727735468199e-05
18.13489,45.93887,0.000430616276943852,45.9382730958721,-0.000166287850982994
18.14624,45.93962,0.00118061627694033,45.9381409680527,-0.000298415670322882
18.15756,45.93859,0.000150616276940241,45.9379677594142,-0.000471624308830212
18.16891,45.93597,-0.00246938372306005,45.9377647200552,-0.000674663667807909
18.18028,45.93963,0.0011906162769435,45.9375471775665,-0.000892206156569353
18.19163,45.93781,-0.000629383723058652,45.9373330921332,-0.001106291589847
18.20298,45.93494,-0.00349938372306013,45.9371411297677,-0.00129825395534315
18.21432,45.9372,-0.00123938372306043,45.9369885522092,-0.00145083151389409
18.22562,45.93525,-0.00318938372305411,45.9368892661614,-0.00155011756164393
18.23695,45.93733,-0.00110938372305469,45.9368523485098,-0.00158703521329653
18.24827,45.93764,-0.000799383723055769,45.9368812411288,-0.00155814259422128
18.25956,45.93673,-0.0017093837230604,45.9369736414044,-0.00146574231870685
18.27087,45.93621,-0.00222938372305492,45.9371219902023,-0.00131739352070913
18.2822,45.93816,-0.000279383723054138,45.9373144147945,-0.00112496892859355
18.29355,45.93868,0.000240616276940386,45.9375359866385,-0.000903397084590774
18.30486,45.9354,-0.00303938372305623,45.9377701597149,-0.000669224008174539
18.31619,45.93898,0.00054061627694324,45.9380002631724,-0.000439120550690275
18.32752,45.93894,0.000500616276944754,45.9382109374998,-0.00022844622327401
18.33885,45.93841,-2.93837230600502e-05,45.9383894048285,-4.99788945092981e-05
18.35017,45.93848,4.06162769408525e-05,45.938526452668,8.70689449392016e-05
18.36152,45.939,0.000560616276942483,45.9386170269823,0.000177643259231413
18.37288,45.9407,0.00226061627694207,45.9386603902294,0.000221006506350203
18.38422,45.93429,-0.0041493837230604,45.9386598788334,0.000220495110392754
18.39556,45.93866,0.000220616276941143,45.9386223684411,0.000182984718051143
18.40693,45.94055,0.0021106162769442,45.9385575835323,0.000118199809227149
18.41827,45.93986,0.00142061627694545,45.9384773194361,3.79357130654813e-05
18.42958,45.93829,-0.000149383723055507,45.9383945215755,-4.48621475306205e-05
18.44093,45.93766,-0.000779383723056526,45.938322130424,-0.000117253299024294
18.45228,45.93814,-0.000299383723060487,45.9382717157179,-0.000167668005184967
18.4636,45.93788,-0.000559383723057749,45.9382520885882,-0.000187295134906711
18.47495,45.93792,-0.000519383723059264,45.9382681654702,-0.000171218252823278
18.4863,45.93716,-0.00127938372305891,45.9383203365516,-0.000119047171472679
18.49765,45.93576,-0.00267938372305565,45.9384045052919,-3.48784311882193e-05
18.509,45.94161,0.0031706162769396,45.9385128324453,7.34487222575279e-05
18.52032,45.94069,0.0022506162769389,45.9386350355652,0.000195651842113955
18.53164,45.93718,-0.00125938372305967,45.9387599203268,0.000320536603700643
18.54296,45.94064,0.00220061627694434,45.9388767730514,0.000437389328323155
18.55431,45.93859,0.000150616276940241,45.9389763727106,0.000536988987509044
18.56565,45.93661,-0.00182938372305586,45.9390515877787,0.000612204055603474
18.57698,45.93981,0.00137061627694379,45.9390976745189,0.0006582907958163
18.58832,45.93888,0.00044061627693992,45.939112426259,0.000673042535894254
18.59964,45.94072,0.00228061627694132,45.9390962464745,0.000656862751425732
18.61097,45.93893,0.00049061627694158,45.9390521006803,0.000612716957205807
18.62229,45.93803,-0.000409383723059875,45.9389852422509,0.000545858527839374
18.63364,45.94006,0.00162061627694499,45.9389026455975,0.000463261874402511
18.64496,45.93957,0.00113061627694577,45.9388121646233,0.000372780900199394
18.65631,45.93797,-0.000469383723057604,45.9387215038106,0.000282120087499178
18.66766,45.9377,-0.00073938372305804,45.9386371437493,0.000197760026267564
18.67901,45.93818,-0.000259383723054896,45.938563418124,0.000124034400932931
18.69036,45.93838,-5.93837230553618e-05,45.938501961362,6.25776389770346e-05
18.70168,45.93747,-0.000969383723059991,45.9384516905907,1.230686767803e-05
18.713,45.93844,6.16276942366767e-07,45.9384093640502,-3.00196728714378e-05
18.72433,45.93908,0.000640616276939454,45.9383706194803,-6.8764242716264e-05
18.73566,45.93787,-0.000569383723060923,45.9383312750107,-0.000108108712400596
18.74698,45.94055,0.0021106162769442,45.9382885935677,-0.000150790155364895
18.75831,45.93948,0.00104061627694563,45.9382421963525,-0.000197187370529007
18.76965,45.93708,-0.00135938372305588,45.9381943863368,-0.000244997386263832
18.78096,45.93681,-0.00162938372305632,45.9381498085958,-0.000289575127258467
18.79231,45.93864,0.000200616276941901,45.9381145710192,-0.00032481270388312
18.80364,45.93836,-7.93837230546046e-05,45.9380950701665,-0.00034431355659388
18.81496,45.93941,0.000970616276944725,45.9380967612971,-0.000342622425909723
18.8263,45.93578,-0.00265938372305641,45.9381230470599,-0.000316336663182296
18.83765,45.93871,0.000270616276942803,45.9381744331453,-0.000264950577715196
18.849,45.93625,-0.00218938372305644,45.938248113453,-0.000191270270029708
18.86036,45.93874,0.00030061627694522,45.9383381230423,-0.000101260680721143
18.87168,45.93843,-9.38372306080737e-06,45.9384360843348,-3.299388307189e-06
18.88304,45.94042,0.00198061627694557,45.9385324042488,9.30205257812587e-05
18.89437,45.93968,0.00124061627694516,45.9386176416388,0.000178257915759609
18.90572,45.93688,-0.00155938372305542,45.9386837348289,0.000244351105866374
18.91706,45.93861,0.000170616276939484,45.9387248765454,0.000285492822334223
18.9284,45.93899,0.000550616276939309,45.9387379724908,0.000298588767780383
18.93975,45.94182,0.00338061627694231,45.9387227096714,0.000283325948363163
18.95105,45.93607,-0.00236938372305673,45.9386812706989,0.000241886975794959
18.96239,45.93828,-0.000159383723058681,45.9386177471655,0.00017836344245725
18.97373,45.93903,0.0005906162769449,45.9385373810396,9.79973165460052e-05
18.98506,45.93698,-0.0014593837230592,45.9384458300135,6.44629044015579e-06
18.9964,45.93863,0.000190616276945832,45.9383486290982,-9.07546248265654e-05
19.00775,45.938,-0.000439383723055187,45.9382509191661,-0.000188464556985618
19.01909,45.94031,0.00187061627693907,45.9381573963483,-0.000281987374709944
19.03042,45.93642,-0.00201938372305932,45.9380723507498,-0.000367032973252289
19.04177,45.94038,0.00194061627693998,45.9379996426374,-0.000439741085687891
19.0531,45.93636,-0.00207938372305705,45.9379425217857,-0.000496861937407636
19.06442,45.93837,-6.93837230585359e-05,45.9379032999872,-0.000536083735902207
19.07574,45.93698,-0.0014593837230592,45.9378829858671,-0.000556397855939955
19.08706,45.93616,-0.00227938372305658,45.9378810438993,-0.000558339823785894
19.09839,45.93959,0.00115061627694502,45.9378954197994,-0.000543963923611698
19.1097,45.93729,-0.00114938372306028,45.9379228800098,-0.00051650371329732
19.12104,45.9394,0.00096061627694155,45.9379595852677,-0.000479798455371284
19.1324,45.93852,8.06162769393381e-05,45.9380017316431,-0.000437652079944284
19.14374,45.93692,-0.00151938372305693,45.9380461001195,-0.000393283603566862
19.15508,45.93594,-0.00249938372305536,45.9380904430954,-0.000348940627640755
19.16642,45.94102,0.00258061627694417,45.9381337253196,-0.000305658403445937
19.17776,45.93878,0.000340616276943706,45.9381762493493,-0.000263134373804336
19.18911,45.93659,-0.0018493837230551,45.9382196416512,-0.000219742071894591
19.20046,45.93868,0.000240616276940386,45.9382666510518,-0.00017273267129043
19.21178,45.93746,-0.00097938372305606,45.9383207619758,-0.000118621747211159
19.22312,45.94022,0.00178061627693893,45.9383856802034,-5.37035196552076e-05
19.23445,45.93842,-1.93837230568761e-05,45.9384647443779,2.53606548166768e-05
19.24578,45.93885,0.000410616276944609,45.9385602930578,0.000120909334740542
19.25714,45.93733,-0.00110938372305469,45.938673047157,0.000233663433928172
19.26847,45.93803,-0.000409383723059875,45.9388016480873,0.000362264364211867
19.27978,45.93685,-0.00158938372305784,45.938942543991,0.000503160267895128
19.29112,45.94032,0.00188061627694225,45.9390903620238,0.000650978300781963
19.30244,45.94106,0.00262061627694266,45.9392387343822,0.000799350659100459
19.31379,45.93929,0.000850616276942162,45.9393813398424,0.000941956119365915
19.32512,45.94093,0.00249061627694402,45.9395128080869,0.00107342436385816
19.33643,45.93902,0.000580616276941726,45.9396291855851,0.00118980186208058
19.34778,45.94157,0.00313061627694111,45.9397278390848,0.0012884553617583
19.35914,45.93757,-0.000869383723056671,45.9398068780429,0.00136749431982151
19.37048,45.93811,-0.000329383723055798,45.9398643424124,0.00142495868932518
19.38181,45.94173,0.00329061627694216,45.939897487994,0.00145810427091362
19.39312,45.938,-0.000439383723055187,45.9399024730459,0.00146308932286894
19.40442,45.93975,0.00131061627693896,45.9398746166907,0.00143523296765734
19.41576,45.93837,-6.93837230585359e-05,45.9398092319573,0.00136984823429098
19.4271,45.94156,0.00312061627694504,45.9397028848993,0.00126350117628648
19.43842,45.94225,0.00381061627694379,45.9395547937509,0.00111541002780145
19.44976,45.93791,-0.000529383723055332,45.9393679848624,0.000928601139358538
19.4611,45.94079,0.00235061627694222,45.9391498455566,0.000710461833555422
19.47243,45.93684,-0.00159938372306101,45.9389118824575,0.000472498734462245
19.48378,45.94048,0.0020406162769433,45.9386687118993,0.000229328176217681
19.49512,45.93764,-0.000799383723055769,45.9384364588922,-2.92483084394401e-06
19.50644,45.93929,0.000850616276942162,45.9382307974796,-0.000208586243434775
19.51776,45.93737,-0.00106938372305621,45.9380648832049,-0.000374500518154969
19.5291,45.93698,-0.0014593837230592,45.937947457175,-0.000491926548086539
19.54045,45.93663,-0.00180938372305661,45.9378814342985,-0.000557949424529554
19.5518,45.93762,-0.000819383723055012,45.9378632762964,-0.000576107426679467
19.56313,45.93745,-0.000989383723059234,45.9378833505704,-0.000556033152670676
19.57447,45.93766,-0.000779383723056526,45.9379272983088,-0.000512085414296851
19.58582,45.93683,-0.00160938372305708,45.9379782351003,-0.000461148622790415
19.59713,45.94186,0.00342061627694079,45.9380194366003,-0.000419947122738703
19.60848,45.93801,-0.000429383723059118,45.9380370479821,-0.000402335740919005
19.61981,45.93602,-0.00241938372305839,45.9380223342594,-0.000417049463611479
19.63118,45.94144,0.00300061627694248,45.9379730883841,-0.000466295338933651
19.64251,45.93697,-0.00146938372305527,45.9378939921813,-0.000545391541721416
19.65386,45.93706,-0.00137938372305513,45.9377958953392,-0.000643488383872022
19.66521,45.93971,0.00127061627694047,45.9376941100588,-0.000745273664242045
19.67654,45.93795,-0.000489383723056847,45.9376059323861,-0.00083345133695734
19.68789,45.93787,-0.000569383723060923,45.9375477057207,-0.000891678002353961
19.69924,45.93404,-0.00439938372305448,45.9375318509065,-0.000907532816548812
19.71058,45.93654,-0.00189938372305676,45.9375643959026,-0.000874987820442449
19.72192,45.93623,-0.00220938372305568,45.937643563362,-0.000795820361078273
19.73322,45.93644,-0.00199938372306008,45.937759815115,-0.000679568608087535
19.74456,45.93959,0.00115061627694502,45.9378974159431,-0.000541967779919251
19.7559,45.93893,0.00049061627694158,45.9380371898464,-0.000402193876674148
19.76722,45.93987,0.00143061627694152,45.9381598474079,-0.000279536315177379
19.77852,45.93777,-0.000669383723057138,45.9382491589117,-0.000190224811338997
19.78988,45.94027,0.00183061627694059,45.9382943457594,-0.000145037963642091
19.80123,45.93985,0.00141061627694228,45.9382912903516,-0.000148093371480728
19.81258,45.93844,6.16276942366767e-07,45.9382424344897,-0.000196949233385527
19.82391,45.93624,-0.00219938372305961,45.9381555140348,-0.000283869688305983
19.83524,45.93661,-0.00182938372305586,45.9380415452187,-0.000397838504315484
19.84658,45.93543,-0.00300938372306092,45.9379126581608,-0.000526725562277255
19.85792,45.93768,-0.000759383723057283,45.9377803588936,-0.000659024829408092
19.86926,45.93929,0.000850616276942162,45.9376545678966,-0.000784815826427959
19.88063,45.93849,5.06162769440266e-05,45.9375434375979,-0.000895946125130853
19.89197,45.93672,-0.00171938372305647,45.9374536691958,-0.000985714527220292
19.90331,45.93871,0.000270616276942803,45.9373909530125,-0.00104843071055369
19.91467,45.9371,-0.00133938372305664,45.9373602319176,-0.00107915180550229
19.926,45.93881,0.000370616276939018,45.9373656286708,-0.00107375505223634
19.93734,45.93639,-0.00204938372305463,45.9374100109304,-0.00102937279265291
19.94868,45.93803,-0.000409383723059875,45.9374942870985,-0.000945096624526725
19.96003,45.93652,-0.001919383723056,45.937616635576,-0.000822748147015945
19.97138,45.93593,-0.00250938372305853,45.9377719421124,-0.000667441610673812
19.98271,45.93746,-0.00097938372305606,45.9379517156456,-0.000487668077460424
19.99404,45.94014,0.00170061627694196,45.9381446490678,-0.000294734655213263
20.00537,45.93702,-0.00141938372306072,45.9383378091089,-0.000101574614136517
20.01667,45.9371,-0.00133938372305664,45.9385182579574,7.88742343180368e-05
20.028,45.9433,0.00486061627694312,45.9386748030626,0.000235419339527686
20.03931,45.93708,-0.00135938372305588,45.9387995431787,0.000360159455651818
20.05065,45.93903,0.0005906162769449,45.9388889075989,0.000449523875844022
20.06198,45.94032,0.00188061627694225,45.9389439845798,0.000504600856713847
20.07329,45.93931,0.000870616276941405,45.9389700904779,0.000530706754808629
20.08461,45.93756,-0.000879383723059846,45.9389756824773,0.000536298754280742
20.09592,45.93851,7.06162769432694e-05,45.938970833085,0.000531449361892338
20.10726,45.93909,0.000650616276942628,45.9389655585301,0.000526174807035124
20.1186,45.93748,-0.000959383723056817,45.9389682964903,0.000528912767255978
20.12996,45.94079,0.00235061627694222,45.9389847468682,0.000545363145165252
20.14127,45.93857,0.000130616276940998,45.9390171670715,0.000577783348467797
20.15257,45.93906,0.000620616276940211,45.9390641156963,0.000624731973290587
20.16389,45.94001,0.00157061627694333,45.9391206038072,0.00068122008416568
20.17523,45.93694,-0.00149938372305769,45.9391786361571,0.000739252434075908
20.18656,45.93803,-0.000409383723059875,45.9392281621915,0.000788778468453119
20.19788,45.93988,0.0014406162769447,45.9392584474709,0.000819063747802067
20.20922,45.94041,0.00197061627694239,45.9392597771588,0.000820393435736785
20.22054,45.94032,0.00188061627694225,45.9392252408352,0.000785857112158645
20.23182,45.93894,0.000500616276944754,45.9391522281688,0.000712844445717764
20.24316,45.93974,0.00130061627694289,45.939043281317,0.000603897593954164
20.25447,45.94032,0.00188061627694225,45.9389060892126,0.000466705489586849
20.2658,45.93898,0.00054061627694324,45.9387525905735,0.000313206850445757
20.27712,45.93672,-0.00171938372305647,45.9385973288832,0.000157945160178861
20.28843,45.9367,-0.00173938372305571,45.9384553627325,1.59790094554966e-05
20.29974,45.93992,0.00148061627694318,45.9383401331678,-9.92505552523893e-05
20.31109,45.93732,-0.00111938372305787,45.9382616583746,-0.00017772534844834
20.32243,45.94083,0.0023906162769407,45.9382252805802,-0.000214103142825616
20.33376,45.93515,-0.00328938372305743,45.9382310478546,-0.00020833586841594
20.3451,45.93813,-0.000309383723056555,45.9382737678624,-0.000165615860656768
20.35643,45.93597,-0.00246938372306005,45.9383437867126,-9.55970105029925e-05
20.36776,45.93951,0.00107061627694094,45.9384285059894,-1.08777336288167e-05
20.37909,45.93945,0.00101061627694321,45.9385144864261,7.51027029984239e-05
20.39042,45.94091,0.00247061627694478,45.9385897582292,0.000150374506109525
20.40175,45.94017,0.00173061627694437,45.9386458114992,0.00020642777610157
20.41309,45.9375,-0.000939383723057574,45.9386787895827,0.000239405859615401
20.42439,45.94016,0.0017206162769412,45.9386896492875,0.000250265564405683
20.4357,45.93642,-0.00201938372305932,45.9386833672783,0.000243983555238446
20.447,45.93729,-0.00114938372306028,45.938667518291,0.000228134567939227
20.4583,45.93977,0.00133061627694531,45.9386506444276,0.000211260704579124
20.46963,45.93907,0.000630616276943385,45.9386407724986,0.000201388775576031
20.48094,45.9379,-0.000539383723058506,45.9386442854803,0.000204901757242766
20.49227,45.93752,-0.000919383723058331,45.9386652201239,0.000225836400848158
20.50358,45.93921,0.000770616276945191,45.9387050002486,0.000265616525513235
20.51491,45.93958,0.00114061627694184,45.9387625808777,0.000323197154625447
20.52624,45.93849,5.06162769440266e-05,45.9388349194185,0.000395535695398545
20.53754,45.93893,0.00049061627694158,45.9389176310954,0.000478247372370195
20.54886,45.93859,0.000150616276940241,45.9390056756921,0.000566291969053943
20.56022,45.94101,0.002570616276941,45.9390939528235,0.000654569100448272
20.57152,45.939,0.000560616276942483,45.939177715914,0.000738332190926014
20.58283,45.93873,0.000290616276942046,45.9392527542428,0.000813370519701329
20.59416,45.93743,-0.00100938372305848,45.9393153639097,0.000875980186664195
20.6055,45.94216,0.00372061627694364,45.9393622078876,0.000922824164585105
20.61685,45.93863,0.000190616276945832,45.9393901900179,0.00095080629483653
20.62817,45.93922,0.000780616276941259,45.9393964352503,0.000957051527232597
20.63951,45.93534,-0.00309938372306107,45.9393784450071,0.000939061283998222
20.65083,45.94156,0.00312061627694504,45.9393344949394,0.00089511121629768
20.66216,45.93969,0.00125061627694123,45.9392642783315,0.000824894608424512
20.67352,45.93993,0.00149061627693925,45.9391696319896,0.000730248266593267
20.68486,45.94187,0.00343061627694397,45.9390550193604,0.000615635637308208
20.6962,45.94032,0.00188061627694225,45.9389274351597,0.000488051436656176
20.70753,45.93582,-0.00261938372305792,45.938795580716,0.00035619699296057
20.71884,45.93607,-0.00236938372305673,45.9386684629164,0.000229079193386332
20.73018,45.93943,0.000990616276943967,45.9385538327315,0.000114449008399552
20.74149,45.93874,0.00030061627694522,45.9384569340214,1.75502983164926e-05
20.75281,45.93835,-8.93837230577788e-05,45.9383798539096,-5.95298134804981e-05
20.76414,45.93738,-0.00105938372306014,45.9383215134755,-0.000117870247539844
20.77549,45.9388,0.000360616276942949,45.9382781780324,-0.000161205690659978
20.78684,45.94044,0.00200061627694481,45.9382443137048,-0.000195070018251251
20.79817,45.93678,-0.00165938372305874,45.9382136088569,-0.000225774866182781
20.8095,45.93732,-0.00111938372305787,45.9381800042701,-0.000259379452929742
20.82081,45.93727,-0.00116938372305952,45.9381386430107,-0.000300740712399439
20.83214,45.93931,0.000870616276941405,45.9380867018978,-0.000352681825278241
20.84347,45.93894,0.000500616276944754,45.9380240312819,-0.000415352441166787
20.8548,45.93896,0.000520616276943997,45.9379534401681,-0.000485943554957357
20.86613,45.93891,0.000470616276942337,45.9378804332736,-0.000558950449422002
20.87747,45.93672,-0.00171938372305647,45.9378123055144,-0.0006270782086522
20.88883,45.93816,-0.000279383723054138,45.937756693215,-0.000682690508073914
20.90018,45.93628,-0.00215938372306113,45.9377198753626,-0.000719508360500997
20.9115,45.93697,-0.00146938372305527,45.9377052287657,-0.00073415495737034
20.92285,45.9362,-0.0022393837230581,45.9377122330926,-0.000727150630437821
20.93421,45.93718,-0.00125938372305967,45.9377363022991,-0.000703081423943691
20.94555,45.93929,0.000850616276942162,45.9377695151343,-0.000669868588757261
20.9569,45.9376,-0.000839383723054254,45.9378020798148,-0.000637303908242737
20.96824,45.93766,-0.000779383723056526,45.9378241755561,-0.000615208166977439
20.97954,45.9399,0.00146061627694394,45.9378277313721,-0.000611652350965883
20.99087,45.94107,0.00263061627694583,45.9378077349308,-0.000631648792210141
21.0022,45.93491,-0.00352938372305545,45.9377627899112,-0.000676593811855715
21.01355,45.93884,0.000400616276941435,45.9376948589473,-0.000744524775769681
21.02487,45.9338,-0.00463938372305961,45.9376084031843,-0.00083098053876883
21.03619,45.9377,-0.00073938372305804,45.9375093286344,-0.000930055088661069
21.0475,45.93701,-0.00142938372305679,45.9374041474653,-0.00103523625772556
21.05884,45.93771,-0.000729383723054866,45.9372995623452,-0.00113982137790093
21.07021,45.9385,6.06162769400953e-05,45.9372024080626,-0.00123697566041337
21.08154,45.93994,0.00150061627694242,45.9371196821296,-0.001319701593417
21.09286,45.937,-0.00143938372305996,45.9370583572583,-0.001381026464722
21.10422,45.93408,-0.004359383723056,45.9370248120513,-0.00141457167180486
21.11556,45.93648,-0.00195938372305449,45.9370239712456,-0.00141541247748996
21.1269,45.93689,-0.00154938372305935,45.9370584532845,-0.00138093043857098
21.13822,45.93834,-9.93837230609529e-05,45.9371280370136,-0.00131134670944007
21.14952,45.93551,-0.00292938372305684,45.9372295983762,-0.0012097853468994
21.16085,45.93919,0.000750616276945948,45.9373574836751,-0.00108190004792968
21.17218,45.93657,-0.00186938372305434,45.9375041885401,-0.000935195182935088
21.18352,45.93793,-0.000509383723056089,45.9376611946015,-0.000778189121557653
21.19484,45.93824,-0.000199383723057167,45.9378198317857,-0.000619551937394834
21.20616,45.93808,-0.000359383723058215,45.9379720590246,-0.000467324698411313
21.21752,45.93821,-0.000229383723059584,45.938111085089,-0.000328298634046703
21.22885,45.93817,-0.00026938372305807,45.9382317869218,-0.00020759680124972
21.24017,45.93785,-0.000589383723060166,45.9383309256854,-0.000108458037672618
21.2515,45.93699,-0.00144938372305603,45.9384071952692,-3.21884538423198e-05
21.26284,45.94154,0.0031006162769458,45.9384611388453,2.17551222224516e-05
21.27416,45.93703,-0.00140938372305754,45.9384949300662,5.55463431296397e-05
21.28547,45.93844,6.16276942366767e-07,45.9385119738392,7.25901160974043e-05
21.29677,45.93991,0.00147061627694001,45.938516287362,7.69036389874115e-05
21.30811,45.94028,0.00184061627694376,45.9385116781746,7.22944515838949e-05
21.31944,45.93583,-0.00260938372305475,45.9385008157016,6.14319784986239e-05
21.33076,45.93672,-0.00171938372305647,45.9384843933029,4.5009579870083e-05
21.34209,45.93727,-0.00116938372305952,45.9384606706269,2.12869038546448e-05
21.35343,45.93906,0.000620616276940211,45.9384256677734,-1.37159496118695e-05
21.36477,45.93962,0.00118061627694033,45.9383740890619,-6.52946611840839e-05
21.37611,45.93736,-0.00107938372305938,45.9383007776312,-0.000138606091813905
21.38746,45.94035,0.00191061627694467,45.9382023088302,-0.000237074892811612
21.3988,45.93802,-0.000419383723055944,45.9380782966857,-0.000361087037334645
21.41014,45.93981,0.00137061627694379,45.9379320770236,-0.000507306699461982
21.42146,45.93768,-0.000759383723057283,45.9377705885748,-0.000668795148219148
21.43282,45.93589,-0.00254938372305702,45.9376034742734,-0.000835909449673135
21.44415,45.93711,-0.00132938372306057,45.9374416321109,-0.000997751612119923
21.45546,45.93688,-0.00155938372305542,45.9372955829107,-0.00114380081235407
21.46681,45.93623,-0.00220938372305568,45.93717402668,-0.00126535704307857
21.47813,45.93702,-0.00141938372306072,45.937082840218,-0.00135654350500918
21.48946,45.93855,0.000110616276941755,45.9370245983346,-0.00141478538847741
21.50081,45.93776,-0.000679383723060312,45.9369985518365,-0.0014408318865404
21.51212,45.93616,-0.00227938372305658,45.9370009209279,-0.00143846279519129
21.52343,45.93584,-0.00259938372305868,45.9370253906803,-0.00141399304274378
21.53476,45.93725,-0.00118938372305877,45.9370637861541,-0.00137559756895682
21.54608,45.93793,-0.000509383723056089,45.9371069606666,-0.0013324230564211
21.55745,45.93571,-0.00272938372305731,45.9371458967585,-0.00129348696455519
21.5688,45.93733,-0.00110938372305469,45.9371729378035,-0.00126644591957085
21.58011,45.93851,7.06162769432694e-05,45.9371830015734,-0.00125638214966023
21.59144,45.93613,-0.002309383723059,45.9371745859111,-0.00126479781197549
21.60278,45.93737,-0.00106938372305621,45.937150352865,-0.00128903085804158
21.61412,45.94067,0.00223061627693966,45.9371170823588,-0.00132230136421467
21.62546,45.93878,0.000340616276943706,45.9370848369034,-0.00135454681961486
21.63677,45.93447,-0.0039693837230601,45.9370653078112,-0.00137407591182507
21.6481,45.93623,-0.00220938372305568,45.9370695530154,-0.00136983070760853
21.65943,45.93463,-0.00380938372305906,45.9371056166955,-0.00133376702754146
21.67076,45.93595,-0.00248938372305929,45.9371766599398,-0.00126272378329119
21.68207,45.93833,-0.000109383723057022,45.9372801093312,-0.00115927439183404
21.69339,45.93699,-0.00144938372305603,45.937408009258,-0.00103137446507198
21.70474,45.93793,-0.000509383723056089,45.9375484151346,-0.000890968588407284
21.71607,45.93941,0.000970616276944725,45.9376874288812,-0.000751954841881011
21.72738,45.93749,-0.000949383723060748,45.9378113979044,-0.000627985818672887
21.73872,45.93906,0.000620616276940211,45.9379088456456,-0.00053053807749338
21.75006,45.93737,-0.00106938372305621,45.937971829406,-0.000467554317029326
21.76142,45.93967,0.00123061627694199,45.9379965839079,-0.000442799815179902
21.77275,45.9374,-0.00103938372306089,45.9379834655067,-0.000455918216395234
21.7841,45.93649,-0.00194938372305842,45.9379363440106,-0.000503039712488411
21.79542,45.93563,-0.00280938372305428,45.937861688862,-0.000577694861053976
21.80676,45.93977,0.00133061627694531,45.9377676247079,-0.00067175901520228
21.81811,45.93796,-0.000479383723060778,45.9376631412381,-0.000776242484991009
21.82944,45.93916,0.000720616276943531,45.9375574715947,-0.000881912128329821
21.84076,45.93624,-0.00219938372305961,45.9374595345132,-0.000979849209878445
21.85208,45.93688,-0.00155938372305542,45.9373773604967,-0.00106202322640444
21.8634,45.93705,-0.0013893837230583,45.9373175424536,-0.00112184126944153
21.87474,45.93597,-0.00246938372306005,45.9372848387777,-0.00115454494532144
21.88608,45.9383,-0.000139383723059439,45.9372820367189,-0.00115734700418778
21.8974,45.93775,-0.00068938372305638,45.9373100775128,-0.00112930621029352
21.90875,45.93841,-2.93837230600502e-05,45.9373683261907,-0.00107105753236729
21.92006,45.93771,-0.000729383723054866,45.9374548128949,-0.000984570828189216
21.93138,45.93848,4.06162769408525e-05,45.9375663182168,-0.000873065506255384
21.94271,45.93571,-0.00272938372305731,45.9376983056442,-0.000741078078865758
21.95403,45.9355,-0.00293938372306002,45.9378448542159,-0.000594529507147938
21.96538,45.93835,-8.93837230577788e-05,45.9379988238569,-0.00044055986617895
21.97672,45.93874,0.00030061627694522,45.9381524183033,-0.000286965419725035
21.98807,45.93878,0.000340616276943706,45.9382981040772,-0.000141279645885917
21.99942,45.94121,0.00277061627694053,45.9384296203422,-9.7633808919092e-06
22.01076,45.93904,0.000600616276940968,45.9385427205604,0.000103336837379516
22.02206,45.93666,-0.0017793837230542,45.9386353821936,0.000195998470505151
22.0334,45.93861,0.000170616276939484,45.9387074502173,0.000268066494211462
22.04475,45.93909,0.000650616276942628,45.9387599110248,0.000320527301734931
22.05609,45.93806,-0.000379383723057458,45.9387941002631,0.000354716540062958
22.06744,45.93772,-0.000719383723058797,45.9388111138303,0.000371730107214679
22.07878,45.9384,-3.93837230561189e-05,45.938811590438,0.000372206714980578
22.09013,45.93906,0.000620616276940211,45.9387959184303,0.000356534707267037
22.10146,45.93858,0.000140616276944172,45.9387647862522,0.000325402529147526
22.11279,45.94159,0.00315061627694035,45.9387198586945,0.000280474971408766
22.12415,45.9394,0.00096061627694155,45.9386642792723,0.000224895549289903
22.1355,45.93769,-0.000749383723054109,45.9386027367198,0.000163352996739591
22.14684,45.9371,-0.00133938372305664,45.9385410017411,0.000101618018037926
22.15816,45.93868,0.000240616276940386,45.9384850570131,4.56732900245027e-05
22.16952,45.93887,0.000430616276943852,45.938440074149,6.90425889541966e-07
22.18082,45.93874,0.00030061627694522,45.9384094748866,-2.99088364743418e-05
22.19219,45.93763,-0.000809383723058943,45.9383942219622,-4.51617608339244e-05
22.20352,45.93894,0.000500616276944754,45.9383924236674,-4.696005569029e-05
22.21484,45.93604,-0.00239938372305915,45.9383993286679,-4.00550551610438e-05
22.22617,45.93952,0.00108061627694411,45.9384077821889,-3.16015341526863e-05
22.23752,45.93752,-0.000919383723058331,45.938409159637,-3.02240860531706e-05
22.24885,45.93861,0.000170616276939484,45.9383946847431,-4.46989799421316e-05
22.26018,45.93963,0.0011906162769435,45.9383569161021,-8.24676209319605e-05
22.2715,45.94016,0.0017206162769412,45.9382911022308,-0.000148281492288688
22.28281,45.93745,-0.000989383723059234,45.9381961047251,-0.000243278997921476
22.29415,45.93882,0.000380616276942192,45.9380746948412,-0.000364688881893887
22.3055,45.93509,-0.00334938372305515,45.9379332147906,-0.000506168932477975
22.31683,45.93933,0.000890616276940648,45.9377807704186,-0.000658613304474503
22.32814,45.93786,-0.000579383723056992,45.9376281916955,-0.000811192027580678
22.3395,45.93623,-0.00220938372305568,45.937486951291,-0.000952432432062585
22.35086,45.93749,-0.000949383723060748,45.9373681453209,-0.00107123840213049
22.3622,45.93768,-0.000759383723057283,45.9372815802529,-0.00115780347019233
22.37355,45.93871,0.000270616276942803,45.9372349729999,-0.00120441072314533
22.38489,45.93671,-0.00172938372305964,45.9372332445244,-0.00120613919868905
22.39622,45.93705,-0.0013893837230583,45.9372779019362,-0.00116148178684504
22.40755,45.9353,-0.00313938372305955,45.9373665774752,-0.00107280624790049
22.41889,45.93867,0.000230616276944318,45.9374928674073,-0.000946516315801139
22.43023,45.93705,-0.0013893837230583,45.9376466084336,-0.000792775289486153
22.44156,45.93803,-0.000409383723059875,45.9378146328048,-0.000624750918260011
22.45286,45.93875,0.000310616276941289,45.9379819247972,-0.00045745892584048
22.46419,45.93823,-0.000209383723060341,45.9381330315533,-0.000306352169788655
22.47554,45.93708,-0.00135938372305588,45.9382535781285,-0.000185805594525997
22.48686,45.93698,-0.0014593837230592,45.9383317725877,-0.000107611135327556
22.49823,45.93983,0.00139061627694304,45.9383598085778,-7.95751452274409e-05
22.50958,45.939,0.000560616276942483,45.9383350301676,-0.000104353555417275
22.5209,45.9395,0.00106061627694487,45.9382606338145,-0.000178749908554889
22.53226,45.93967,0.00123061627694199,45.9381456397115,-0.000293744011538251
22.54357,45.93892,0.000480616276945511,45.9380039534776,-0.000435430245501329
22.55488,45.93555,-0.00288938372305836,45.9378525570631,-0.000586826659964866
22.56624,45.93588,-0.00255938372306019,45.9377091350633,-0.000730248659777494
22.57755,45.93771,-0.000729383723054866,45.9375896370926,-0.000849746630485013
22.58889,45.93731,-0.00112938372306104,45.9375062895733,-0.000933094149774616
22.60022,45.93666,-0.0017793837230542,45.9374663970831,-0.000972986639947709
22.61152,45.9368,-0.0016393837230595,45.9374720281779,-0.000967355545111601
22.62285,45.94036,0.00192061627694073,45.9375204770694,-0.000918906653616402
22.63417,45.93519,-0.00324938372305894,45.9376052616978,-0.000834122025254475
22.64549,45.9418,0.00336061627694306,45.9377173591565,-0.000722024566529683
22.65682,45.93565,-0.00278938372305504,45.9378464049462,-0.000592978776849137
22.66816,45.93662,-0.00181938372305979,45.9379816890851,-0.000457694637989834
22.67948,45.93966,0.00122061627694592,45.9381129160864,-0.000326467636641051
22.69081,45.9389,0.000460616276939163,45.9382307788508,-0.000208604872213009
22.70212,45.93645,-0.0019893837230569,45.9383273963418,-0.000111987381272246
22.71346,45.93908,0.000640616276939454,45.938396632644,-4.27510790583826e-05
22.72482,45.93823,-0.000209383723060341,45.9384343050977,-5.07862537559696e-06
22.73615,45.94027,0.00183061627694059,45.9384382848872,-1.09883582621958e-06
22.74748,45.93855,0.000110616276941755,45.9384084755249,-3.09081981491392e-05
22.75882,45.93559,-0.00284938372305987,45.9383466663703,-9.27173527861023e-05
22.77015,45.9363,-0.00213938372305478,45.9382563249873,-0.000183058735780132
22.7815,45.94129,0.00285061627694461,45.9381424357549,-0.000296947968122202
22.79283,45.93938,0.000940616276942308,45.9380114129722,-0.000427970750828353
22.80417,45.93752,-0.000919383723058331,45.9378709572191,-0.000568426503956981
22.8155,45.93799,-0.000449383723058361,45.9377296570335,-0.000709726689559322
22.82686,45.93556,-0.00287938372305518,45.9375962512905,-0.000843132432593443
22.83817,45.93948,0.00104061627694563,45.9374786525656,-0.000960731157457184
22.84954,45.93629,-0.00214938372305795,45.9373829350831,-0.00105644863996298
22.86088,45.93727,-0.00116938372305952,45.9373124835465,-0.00112690017657721
22.87223,45.93589,-0.00254938372305702,45.9372674510061,-0.00117193271699121
22.88358,45.93903,0.0005906162769449,45.9372446303968,-0.0011947533262482
22.89489,45.93585,-0.00258938372305551,45.9372377920359,-0.00120159168711648
22.90624,45.93736,-0.00107938372305938,45.9372384711001,-0.00120091262293923
22.91759,45.9371,-0.00133938372305664,45.9372371305057,-0.00120225321740074
22.92892,45.93673,-0.0017093837230604,45.9372245851665,-0.00121479855655375
22.94024,45.93654,-0.00189938372305676,45.9371935310739,-0.00124585264912002
22.95157,45.93908,0.000640616276939454,45.9371399622636,-0.00129942145947239
22.9629,45.94038,0.00194061627693998,45.9370641974707,-0.00137518625237282
22.97423,45.93526,-0.00317938372305804,45.9369712320545,-0.00146815166853936
22.98554,45.93638,-0.00205938372305781,45.9368702508847,-0.00156913283838441
22.99687,45.93438,-0.00405938372306025,45.9367733744072,-0.00166600931585207
23.00819,45.93878,0.000340616276943706,45.9366939202269,-0.00174546349615653
23.0195,45.93777,-0.000669383723057138,45.9366445040118,-0.00179487971123927
23.03084,45.93713,-0.00130938372305422,45.9366352064802,-0.00180417724286676
23.04216,45.93478,-0.00365938372305408,45.9366719630538,-0.00176742066928174
23.05349,45.934,-0.00443938372306008,45.9367553841426,-0.00168399958049387
23.06484,45.93692,-0.00151938372305693,45.9368802969685,-0.00155908675456345
23.07617,45.93727,-0.00116938372305952,45.9370362493026,-0.00140313442047873
23.08752,45.93703,-0.00140938372305754,45.9372089849011,-0.00123039882191232
23.09885,45.93893,0.00049061627694158,45.9373826100263,-0.00105677369671514
23.1102,45.93875,0.000310616276941289,45.9375419756499,-0.000897408073155515
23.12153,45.939,0.000560616276942483,45.9376747682551,-0.000764615467932522
23.13286,45.93531,-0.00312938372305638,45.9377729187021,-0.000666465020925153
23.1442,45.93935,0.000910616276939891,45.9378331457063,-0.00060623801674929
23.15552,45.94062,0.0021806162769451,45.9378566567893,-0.000582726933792668
23.16686,45.93509,-0.00334938372305515,45.9378481681234,-0.000591215599702686
23.1782,45.93719,-0.0012493837230565,45.9378145005356,-0.000624883187473093
23.18956,45.9364,-0.00203938372305856,45.9377631050805,-0.000676278642563061
23.2009,45.9361,-0.00233938372305431,45.9377009118937,-0.000738471829335398
23.21222,45.93863,0.000190616276945832,45.93763378735,-0.00080559637305444
23.22353,45.93731,-0.00112938372306104,45.9375666384492,-0.000872745273838119
23.23487,45.93982,0.00138061627693986,45.9375039343337,-0.000935449389357472
23.24621,45.94048,0.0020406162769433,45.9374502449543,-0.000989138768736749
23.25754,45.93648,-0.00195938372305449,45.9374104056133,-0.00102897810977173
23.26888,45.93537,-0.00306938372305865,45.9373891205313,-0.00105026319177911
23.28021,45.93488,-0.00355938372305786,45.937390132471,-0.00104925125207548
23.29155,45.9396,0.00116061627694108,45.9374153204346,-0.00102406328844699
23.30288,45.93813,-0.000309383723056555,45.9374640908719,-0.000975292851204973
23.31422,45.93648,-0.00195938372305449,45.9375332465158,-0.000906137207227803
23.32554,45.93739,-0.00104938372305696,45.9376173460734,-0.00082203764967281
23.33686,45.93465,-0.00378938372305981,45.9377095179515,-0.000729865771523788
23.3482,45.9392,0.000760616276942017,45.9378026837088,-0.000636700014287156
23.35954,45.93804,-0.000399383723056701,45.9378910543902,-0.000548329332808076
23.37088,45.94151,0.00307061627694338,45.9379715779675,-0.000467805755538479
23.38221,45.93954,0.00110061627694336,45.9380448663504,-0.00039451737267824
23.39356,45.93996,0.00152061627694167,45.938115167233,-0.000324216490063041
23.40491,45.93386,-0.00457938372305478,45.9381892206386,-0.000250163084463726
23.41624,45.93811,-0.000329383723055798,45.9382742466301,-0.000165137092928996
23.42754,45.93867,0.000230616276944318,45.9383756352178,-6.37485052534041e-05
23.43887,45.93715,-0.00128938372305498,45.9384949845662,5.56008431789861e-05
23.4502,45.9365,-0.00193938372305524,45.9386289766124,0.000189592889363037
23.46152,45.93761,-0.000829383723058186,45.9387693313831,0.000329947660003962
23.47285,45.94196,0.00352061627694411,45.9389038240961,0.000464440373022855
23.48419,45.94174,0.00330061627694533,45.9390180866022,0.000578702879141104
23.49549,45.93823,-0.000209383723060341,45.9390977172595,0.000658333536444274
23.50682,45.93781,-0.000629383723058652,45.9391302268983,0.000690843175294687
23.51813,45.93887,0.000430616276943852,45.939106563613,0.000667179889936849
23.52945,45.93827,-0.00016938372305475,45.9390222030961,0.000582819373028984
23.54076,45.93933,0.000890616276940648,45.9388778786097,0.000438494886651395
23.5521,45.93889,0.000450616276943094,45.9386799457994,0.000240562076314253
23.56343,45.94135,0.00291061627694233,45.9384402517197,8.67996648163165e-07
23.57476,45.93903,0.0005906162769449,45.9381753207245,-0.000264062998580563
23.58609,45.93623,-0.00220938372305568,45.9379047464416,-0.000534637281442847
23.59744,45.93651,-0.00192938372305917,45.9376488851717,-0.000790498551351606
23.60879,45.93914,0.000700616276944288,45.9374261821206,-0.00101320160243306
23.62012,45.93669,-0.00174938372305888,45.9372505922786,-0.00118879144450758
23.63145,45.93609,-0.00234938372305749,45.9371295499993,-0.00130983372371866
23.64279,45.93336,-0.00507938372305716,45.93706287796,-0.00137650576308237
23.65411,45.93556,-0.00287938372305518,45.9370429466616,-0.00139643706141872
23.66545,45.93795,-0.000489383723056847,45.9370562196778,-0.00138316404527304
23.67678,45.93955,0.00111061627693942,45.9370859842704,-0.00135339945266783
23.68813,45.93972,0.00128061627694365,45.9371156766032,-0.00132370711981748
23.69948,45.93836,-7.93837230546046e-05,45.9371319894849,-0.00130739423817868
23.71082,45.93664,-0.00179938372306054,45.937127046138,-0.00131233758500987
23.72214,45.93575,-0.00268938372305882,45.9370992800059,-0.00134010371719733
23.73348,45.93681,-0.00162938372305632,45.937053070281,-0.00138631344201637
23.74481,45.93757,-0.000869383723056671,45.9369974458898,-0.00144193783325224
23.75617,45.93797,-0.000469383723057604,45.936944227036,-0.00149515668707844
23.76751,45.93559,-0.00284938372305987,45.9369059134332,-0.00153347028990686
23.77884,45.93655,-0.00188938372306069,45.9368935802777,-0.00154580344533131
23.79018,45.93604,-0.00239938372305915,45.9369150462953,-0.00152433742774316
23.8015,45.93761,-0.000829383723058186,45.936973573924,-0.00146580979906512
23.81283,45.93488,-0.00355938372305786,45.9370672929104,-0.00137209081269982
23.82418,45.93912,0.000680616276945045,45.9371894164795,-0.00124996724360527
23.83552,45.93672,-0.00171938372305647,45.9373291884717,-0.00111019525138118
23.84684,45.93651,-0.00192938372305917,45.9374733926173,-0.000965991105728855
23.85817,45.93868,0.000240616276940386,45.9376081875966,-0.000831196126423526
23.86953,45.93823,-0.000209383723060341,45.9377209998874,-0.000718383835679822
23.88086,45.93878,0.000340616276943706,45.937802194953,-0.000637188770070643
23.89222,45.93872,0.000280616276945977,45.93784626772,-0.000593116003014054
23.90355,45.93697,-0.00146938372305527,45.9378523801595,-0.000587003563557212
23.91489,45.93697,-0.00146938372305527,45.9378242239642,-0.000615159758883945
23.92622,45.93742,-0.00101938372305455,45.9377693350053,-0.000670048717725538
23.93756,45.93815,-0.000289383723057313,45.9376980543118,-0.000741329411304246
23.94889,45.93931,0.000870616276941405,45.9376222945569,-0.000817089166136346
23.96025,45.93708,-0.00135938372305588,45.937554194008,-0.000885189715017813
23.97161,45.93634,-0.00209938372305629,45.9375047164145,-0.000934667308541674
23.98292,45.93576,-0.00267938372305565,45.9374823124777,-0.000957071245347064
23.99427,45.94084,0.00240061627694388,45.9374918202992,-0.000947563423887277
24.00564,45.93675,-0.00168938372305405,45.9375337634394,-0.000905620283621299
24.01697,45.93594,-0.00249938372305536,45.9376041304846,-0.000835253238484587
24.02831,45.93642,-0.00201938372305932,45.9376946825997,-0.000744701123387868
24.03963,45.93852,8.06162769393381e-05,45.9377938391073,-0.000645544615732946
24.05096,45.93745,-0.000989383723059234,45.937888137549,-0.000551246174013646
24.0623,45.93867,0.000230616276944318,45.9379641162833,-0.000475267439792338
24.07361,45.93886,0.000420616276940677,45.9380103094239,-0.000429074299194699
24.08497,45.93948,0.00104061627694563,45.9380189709598,-0.000420412763250507
24.09633,45.93904,0.000600616276940968,45.9379871846426,-0.000452199080413238
24.10764,45.93613,-0.002309383723059,45.9379171570175,-0.000522226705571974
24.11897,45.93857,0.000130616276940998,45.9378156981209,-0.000623685602161535
24.13032,45.93547,-0.00296938372305533,45.9376930911511,-0.000746292571963706
24.14162,45.93975,0.00131061627693896,45.9375616509972,-0.000877732725835112
24.15296,45.93647,-0.00196938372305766,45.9374342482886,-0.00100513543441935
24.16429,45.93576,-0.00267938372305565,45.9373229904122,-0.00111639331086713
24.17563,45.93906,0.000620616276940211,45.9372381756976,-0.00120120802550025
24.18697,45.93553,-0.0029093837230576,45.9371875840657,-0.00125179965734854
24.19833,45.93792,-0.000519383723059264,45.9371761104704,-0.00126327325264044
24.20968,45.9378,-0.000639383723054721,45.9372056849894,-0.00123369873364354
24.22103,45.93793,-0.000509383723056089,45.9372753814487,-0.00116400227440226
24.23237,45.93664,-0.00179938372306054,45.9373816159107,-0.00105776781236948
24.2437,45.93731,-0.00112938372306104,45.9375183826692,-0.000921001053892166
24.25503,45.93797,-0.000469383723057604,45.9376775459405,-0.000761837782551249
24.26637,45.93834,-9.93837230609529e-05,45.9378492536177,-0.00059013010530509
24.2777,45.93657,-0.00186938372305434,45.9380225445722,-0.000416839150898049
24.28906,45.93719,-0.0012493837230565,45.9381862047828,-0.000253178940289232
24.30037,45.93734,-0.00109938372305862,45.9383298965827,-0.000109487140357965
24.3117,45.94064,0.00220061627694434,45.9384455027444,6.11902134490105e-06
24.32303,45.93905,0.000610616276944143,45.9385284804529,8.90967298759148e-05
24.33435,45.93817,-0.00026938372305807,45.9385788827634,0.000139499040303123
24.34571,45.94266,0.00422061627693893,45.9386016796582,0.000162295935126222
24.35704,45.9389,0.000460616276939163,45.9386061310077,0.000166747284670758
24.36842,45.93584,-0.00259938372305868,45.938604196695,0.000164812971983526
24.37978,45.93673,-0.0017093837230604,45.9386082591484,0.000168875425307225
24.39112,45.94072,0.00228061627694132,45.9386286729449,0.000189289221841306
24.40245,45.93697,-0.00146938372305527,45.9386717113778,0.000232327654761513
24.41378,45.93808,-0.000359383723058215,45.9387383406488,0.000298956925699838
24.42511,45.93536,-0.00307938372305472,45.9388240493388,0.000384665615750109
24.43644,45.94025,0.00181061627694135,45.9389197746367,0.000480390913614965
24.44777,45.94094,0.00250061627694009,45.939013750142,0.000574366418928795
24.45909,45.94163,0.00319061627694595,45.939093837706,0.000654453982911516
24.47044,45.94064,0.00220061627694434,45.9391497283097,0.000710344586660704
24.48176,45.93701,-0.00142938372305679,45.9391744603356,0.00073507661255207
24.49311,45.94027,0.00183061627694059,45.9391650026579,0.000725618934824708
24.50446,45.93729,-0.00114938372306028,45.9391220051843,0.000682621461213871
24.51578,45.93853,9.06162769425123e-05,45.9390490408567,0.000609657133627664
24.52713,45.93968,0.00124061627694516,45.9389516925486,0.000512308825586974
24.53844,45.9379,-0.000539383723058506,45.9388367373112,0.000397353588182396
24.54977,45.93885,0.000410616276944609,45.9387115395621,0.000272155839054241
24.56111,45.93915,0.000710616276940357,45.9385836469197,0.000144263196599893
24.57242,45.93877,0.000330616276940532,45.9384605095699,2.11258468880664e-05
24.58375,45.93772,-0.000719383723058797,45.938349214014,-9.01697090884697e-05
24.59509,45.94126,0.00282061627694219,45.9382561329958,-0.000183250727236093
24.60641,45.93673,-0.0017093837230604,45.9381864468521,-0.000252936870960237
24.61774,45.9355,-0.00293938372306002,45.9381435847457,-0.00029579897731104
24.62906,45.93782,-0.000619383723055478,45.9381287386761,-0.000310645046934034
24.64038,45.94055,0.0021106162769442,45.9381406390219,-0.0002987447011281
24.6517,45.93913,0.000690616276941114,45.9381756874816,-0.000263696241444991
24.66302,45.93596,-0.00247938372305612,45.9382283989634,-0.000210984759613017
24.67434,45.93825,-0.000189383723061098,45.938292056225,-0.000147327498102777
24.68567,45.93697,-0.00146938372305527,45.9383595434136,-7.98403094196074e-05
24.69701,45.94047,0.00203061627694012,45.9384243610407,-1.50226823279427e-05
24.70835,45.9372,-0.00123938372306043,45.938481749112,4.23653889054924e-05
24.71967,45.93956,0.0011206162769426,45.9385297201594,9.03364362922936e-05
24.73102,45.9388,0.000360616276942949,45.9385697316406,0.000130347917533969
24.74236,45.94138,0.00294061627694475,45.9386067367014,0.000167352978297572
24.75368,45.93892,0.000480616276945511,45.9386484289203,0.000209045197242182
24.76503,45.94006,0.00162061627694499,45.9387036506646,0.000264266941498857
24.77634,45.93503,-0.00340938372305999,45.938780178959,0.00034079523598882
24.78767,45.93725,-0.00118938372305877,45.9388823758769,0.000442992153797701
24.79902,45.93747,-0.000969383723059991,45.9390093483412,0.000569964618110854
24.81033,45.94058,0.00214061627693951,45.9391541790217,0.000714795298599397
24.82166,45.93804,-0.000399383723056701,45.9393044821718,0.000865098448766859
24.83298,45.94039,0.00195061627694315,45.9394441691657,0.00100478544262277
24.84432,45.93723,-0.00120938372305801,45.9395560417945,0.00111665807148097
24.85565,45.9446,0.00616061627694364,45.9396247012973,0.00118531757425372
24.86696,45.94035,0.00191061627694467,45.9396392170133,0.0011998332902806
24.87828,45.93882,0.000380616276942192,45.939595037268,0.00115565354498785
24.88961,45.93915,0.000710616276940357,45.9394947966898,0.00105541296669765
24.90096,45.94183,0.00339061627694548,45.9393479521006,0.000908568377553845
24.91231,45.93665,-0.00178938372305737,45.9391694353634,0.000730051640335579
24.92363,45.93883,0.000390616276945366,45.938977661789,0.000538278065915353
24.93498,45.93599,-0.00244938372306081,45.9387922922222,0.000352908499165017
24.94631,45.94144,0.00300061627694248,45.9386321234311,0.000192739708010364
24.95763,45.9389,0.000460616276939163,45.9385133538731,7.39701500580488e-05
24.96896,45.9371,-0.00133938372305664,45.9384482943595,8.91063642487448e-06
24.9803,45.93731,-0.00112938372306104,45.9384444842996,5.10057652921991e-06
24.99162,45.9405,0.00206061627694254,45.9385041683313,6.47846082544983e-05
25.00295,45.93961,0.00117061627694426,45.9386241010983,0.000184717375209331
25.01428,45.93796,-0.000479383723060778,45.9387956290103,0.000356245287198597
25.02561,45.93834,-9.93837230609529e-05,45.9390050061408,0.000565622417716348
25.03696,45.93916,0.000720616276943531,45.9392339789413,0.000794595218218782
25.04832,45.93873,0.000290616276942046,45.9394607532181,0.00102136949500742
25.05966,45.9389,0.000460616276939163,45.9396614527149,0.0012220689918763
25.07101,45.94067,0.00223061627693966,45.9398120901588,0.00137270643569239
25.08234,45.93741,-0.00102938372305772,45.9398909469232,0.00145156320016939
25.09368,45.94099,0.00255061627694175,45.93988112928,0.00144174555696631
25.105,45.943,0.00456061627694027,45.9397729467153,0.00133356299220335
25.11632,45.94073,0.00229061627694449,45.9395656644122,0.00112628068910523
25.12764,45.93839,-4.93837230592931e-05,45.9392681907967,0.00082880707363041
25.13896,45.93999,0.00155061627694408,45.9388984399629,0.00045905623986512
25.15029,45.93877,0.000330616276940532,45.9384814093451,4.20256219976507e-05
25.1616,45.93757,-0.000869383723056671,45.93804629518,-0.000393088543090196
25.17292,45.93481,-0.00362938372305877,45.9376231469964,-0.000816236726702012
25.18422,45.93643,-0.00200938372305615,45.9372396349857,-0.00119974873738974
25.19556,45.93622,-0.00221938372305885,45.9369184566211,-0.00152092710195451
25.20688,45.93819,-0.000249383723058827,45.9366757151911,-0.00176366853192138
25.21822,45.93747,-0.000969383723059991,45.9365203185497,-0.00191906517331366
25.22955,45.93595,-0.00248938372305929,45.9364542121275,-0.00198517159558779
25.2409,45.9361,-0.00233938372305431,45.9364731840446,-0.00196619967846895
25.25222,45.93582,-0.00261938372305792,45.9365680421557,-0.00187134156738699
25.26356,45.93719,-0.0012493837230565,45.9367260485785,-0.00171333514457459
25.27489,45.93677,-0.00166938372305481,45.9369325143507,-0.00150686937233495
25.28621,45.93739,-0.00104938372305696,45.9371724060825,-0.00126697764052616
25.29752,45.93951,0.00107061627694094,45.9374317583731,-0.00100762534999474
25.30886,45.937,-0.00143938372305996,45.9376986747703,-0.000740708952773508
25.3202,45.93956,0.0011206162769426,45.9379637620275,-0.000475621695569071
25.33154,45.93857,0.000130616276940998,45.9382199768743,-0.000219406848748231
25.34289,45.93437,-0.00406938372305632,45.9384620402432,2.26565201904817e-05
25.35423,45.93898,0.00054061627694324,45.9386857267414,0.000246343018341073
25.36558,45.93816,-0.000279383723054138,45.9388873799293,0.000447996206210453
25.37694,45.93934,0.000900616276943822,45.9390638776317,0.000624493908654973
25.38827,45.94021,0.00177061627694286,45.9392130234705,0.000773639747391555
25.3996,45.9405,0.00206061627694254,45.9393341100822,0.000894726359132624
25.41092,45.94123,0.00279061627693977,45.9394283007377,0.000988917014662798
25.42224,45.94016,0.0017206162769412,45.9394985396362,0.00105915591310162
25.43355,45.93829,-0.000149383723055507,45.9395489015994,0.00110951787633703
25.4449,45.9359,-0.00253938372306095,45.9395835607173,0.0011441769942448
25.4562,45.93989,0.00145061627694076,45.9396057694484,0.00116638572535968
25.46755,45.94007,0.00163061627694105,45.9396172585104,0.00117787478736839
25.47887,45.94047,0.00203061627694012,45.9396182660852,0.0011788823621683
25.49019,45.93976,0.00132061627694213,45.9396081213784,0.00116873765529819
25.5015,45.93958,0.00114061627694184,45.9395861277117,0.00114674398860143
25.51283,45.93874,0.00030061627694522,45.9395524751478,0.00111309142469872
25.52414,45.94035,0.00191061627694467,45.939508983745,0.00106960002192016
25.53546,45.94189,0.00345061627694321,45.9394595395387,0.00102015581568888
25.5468,45.93882,0.000380616276942192,45.9394101212176,0.00097073749454549
25.55816,45.93661,-0.00182938372305586,45.9393683833759,0.000928999652811192
25.56948,45.93961,0.00117061627694426,45.9393428861117,0.000903502388666956
25.58081,45.9407,0.00226061627694207,45.9393421569512,0.000902773228187881
25.59216,45.9397,0.0012606162769444,45.9393737448206,0.000934361097550327
25.60352,45.93933,0.000890616276940648,45.9394433198299,0.00100393610682938
25.61485,45.93847,3.06162769447837e-05,45.9395538191253,0.00111443540226752
25.6262,45.94183,0.00339061627694548,45.9397046818429,0.00126529811983999
25.63753,45.93789,-0.000549383723054575,45.9398912841473,0.00145190042426996
25.64886,45.93946,0.00102061627693928,45.9401047181025,0.00166533437946973
25.66021,45.93869,0.00025061627694356,45.9403320518005,0.00189266807747482
25.67151,45.94279,0.00435061627694466,45.9405571510224,0.00211776729934323
25.68284,45.94093,0.00249061627694402,45.9407620155301,0.0023226318070931
25.69416,45.94156,0.00312061627694504,45.9409284363132,0.00248905259016389
25.70552,45.94051,0.00207061627694571,45.9410397177596,0.00260033403654479
25.71686,45.9405,0.00206061627694254,45.9410822686414,0.00264288491837522
25.7282,45.9409,0.00246061627694161,45.9410469747246,0.00260759100157179
25.73952,45.93911,0.000670616276941871,45.9409303243214,0.00249094059835176
25.75086,45.94321,0.00477061627694297,45.9407352256688,0.00229584194577508
25.76219,45.94319,0.00475061627694373,45.9404713609423,0.00203197721924766
25.77356,45.94006,0.00162061627694499,45.9401548521293,0.00171546840620198
25.78488,45.93784,-0.000599383723056235,45.9398070758169,0.00136769209382353
25.79621,45.93925,0.000810616276943676,45.9394526783428,0.00101329461978263
25.80752,45.94026,0.00182061627694452,45.9391170786922,0.000677694969173154
25.81885,45.93697,-0.00146938372305527,45.9388238469554,0.000384463232335458
25.83018,45.93951,0.00107061627694094,45.9385922999506,0.000152916227572797
25.84152,45.93827,-0.00016938372305475,45.9384355641076,-3.81961542161756e-06
25.85286,45.93735,-0.00108938372305545,45.9383592845672,-8.00991558072498e-05
25.86419,45.93803,-0.000409383723059875,45.9383611058415,-7.82778815263807e-05
25.87554,45.93867,0.000230616276944318,45.9384309933749,-8.39034818548554e-06
25.88691,45.93703,-0.00140938372305754,45.9385523902078,0.000113006484736193
25.89824,45.93954,0.00110061627694336,45.9387041031051,0.000264719382047875
25.90958,45.94069,0.0022506162769389,45.9388627033919,0.000423319668813562
25.92092,45.93789,-0.000549383723054575,45.9390051413611,0.000565757638016372
25.93227,45.93909,0.000650616276942628,45.9391112493789,0.000671865655805977
25.94362,45.93979,0.00135061627694455,45.939165861252,0.000726477528912866
25.95495,45.94035,0.00191061627694467,45.9391603596,0.000720975876900234
25.96627,45.93763,-0.000809383723058943,45.9390935288066,0.000654145083577525
25.97762,45.93972,0.00128061627694365,45.9389716455842,0.000532261861096735
25.98895,45.93866,0.000220616276941143,45.9388078029733,0.000368419250236975
26.00029,45.94056,0.00212061627694027,45.9386205187153,0.000181134992279528
26.01161,45.93851,7.06162769432694e-05,45.938431715891,-7.66783206083876e-06
26.02296,45.9368,-0.0016393837230595,45.9382642227881,-0.000175160934998039
26.03428,45.93834,-9.93837230609529e-05,45.9381390485606,-0.000300335162472749
26.04562,45.93652,-0.001919383723056,45.9380728023214,-0.000366581401703784
26.05697,45.93755,-0.000889383723055914,45.9380756508785,-0.000363732844510858
26.06831,45.93824,-0.000199383723057167,45.9381501220226,-0.000289261700434212
26.07967,45.93835,-8.93837230577788e-05,45.9382908945025,-0.000148489220533136
26.09101,45.93931,0.000870616276941405,45.9384855388517,4.61551286564357e-05
26.10236,45.93785,-0.000589383723060166,45.9387160446328,0.000276660909762396
26.11369,45.9378,-0.000639383723054721,45.9389609168773,0.000521533154196571
26.12502,45.93975,0.00131061627693896,45.9391976194733,0.000758235750254478
26.13637,45.94138,0.00294061627694475,45.9394051248135,0.000965741090483556
26.14769,45.93911,0.000670616276941871,45.9395662777185,0.00112689399540637
26.15898,45.94032,0.00188061627694225,45.9396696565749,0.0012302728518818
26.1703,45.94062,0.0021806162769451,45.939710680368,0.00127129664498705
26.18163,45.93838,-5.93837230553618e-05,45.9396918518545,0.00125246813140866
26.19298,45.94002,0.00158061627693939,45.939622175888,0.00118279216492878
26.20434,45.9398,0.00136061627694062,45.9395158973114,0.00107651358833133
26.21569,45.93922,0.000780616276941259,45.9393907504163,0.000951366693255128
26.22702,45.93999,0.00155061627694408,45.9392659176904,0.000826533967310692
26.23836,45.93846,2.06162769416096e-05,45.9391598964617,0.00072051273860423
26.24969,45.93781,-0.000629383723058652,45.9390884908919,0.0006491071688844
26.26104,45.93851,7.06162769432694e-05,45.939063163954,0.000623780230897174
26.27236,45.94047,0.00203061627694012,45.9390899543442,0.00065057062112116
26.28366,45.938,-0.000439383723055187,45.9391690671017,0.000729683378673955
26.29499,45.9396,0.00116061627694108,45.9392951251959,0.000855741472881025
26.30632,45.93877,0.000330616276940532,45.9394579838765,0.00101860015342446
26.31762,45.94016,0.0017206162769412,45.9396439690707,0.00120458534763131
26.32894,45.94048,0.0020406162769433,45.9398373700031,0.00139798628001944
26.34027,45.94119,0.00275061627694129,45.9400219844782,0.0015826007551557
26.35159,45.94009,0.0016506162769403,45.9401825183478,0.00174313462469676
26.36294,45.93886,0.000420616276940677,45.940305711546,0.00186632782298238
26.37429,45.94016,0.0017206162769412,45.9403811802473,0.00194179652422641
26.38562,45.93957,0.00113061627694577,45.9404020509806,0.00196266725750331
26.39698,45.94212,0.00368061627694516,45.9403654497301,0.00192606600706567
26.40832,45.94182,0.00338061627694231,45.9402728124825,0.00183342875943769
26.41964,45.93851,7.06162769432694e-05,45.940129900664,0.00169051694092488
26.43098,45.94003,0.00159061627694257,45.9399464246582,0.00150704093511515
26.44231,45.93874,0.00030061627694522,45.9397352874456,0.00129590372250118
26.45361,45.94022,0.00178061627693893,45.9395115529165,0.0010721691934933
26.46492,45.93996,0.00152061627694167,45.9392912419273,0.000851858204252126
26.47624,45.94032,0.00188061627694225,45.9390899959828,0.000650612259781305
26.48757,45.93885,0.000410616276944609,45.9389216176948,0.000482233971698955
26.49892,45.93626,-0.00217938372306037,45.93879655586,0.000357172136971061
26.51024,45.94069,0.0022506162769389,45.9387205194075,0.000281135684393506
26.52159,45.93788,-0.000559383723057749,45.9386934871046,0.000254103381544444
26.53294,45.93715,-0.00128938372305498,45.938709371475,0.000269987751967802
26.5443,45.93682,-0.00161938372306025,45.938756520891,0.00031713716795446
26.55564,45.94023,0.0017906162769421,45.9388191353406,0.000379751617508134
26.56696,45.93893,0.00049061627694158,45.9388795100245,0.000440126301454771
26.57831,45.9384,-3.93837230561189e-05,45.9389208138362,0.000481430113154691
26.58963,45.93977,0.00133061627694531,45.9389299395416,0.000490555818582815
26.60097,45.9407,0.00226061627694207,45.9388998954986,0.00046051177553255
26.6123,45.94104,0.00260061627694341,45.9388312372432,0.000391853520117438
26.6236,45.94086,0.00242061627694312,45.9387321535065,0.000292769783426803
26.63494,45.93776,-0.000679383723060312,45.9386170614576,0.000177677734578887
26.6463,45.93616,-0.00227938372305658,45.9385039323721,6.45486490781387e-05
26.6576,45.93574,-0.00269938372305489,45.9384109509009,-2.84328221846024e-05
26.66893,45.93688,-0.00155938372305542,45.9383533223701,-8.60613529676133e-05
26.68026,45.93962,0.00118061627694033,45.938340954542,-9.84291810331358e-05
26.6916,45.93758,-0.000859383723060603,45.9383773957153,-6.19880077466156e-05
26.70296,45.93925,0.000810616276943676,45.9384599997967,2.06160736018539e-05
26.7143,45.93952,0.00108061627694411,45.9385809969228,0.000141613199761291
26.72564,45.94021,0.00177061627694286,45.9387290376298,0.000289653906762783
26.73698,45.93889,0.000450616276943094,45.9388908149744,0.000451431251371726
26.74832,45.93736,-0.00107938372305938,45.9390525052866,0.000613121563514929
26.75967,45.93828,-0.000159383723058681,45.939200948886,0.000761565162926779
26.77102,45.94049,0.00205061627693937,45.9393246231974,0.000885239474356474
26.78234,45.9397,0.0012606162769444,45.9394144647898,0.000975081066754321
26.79367,45.94115,0.0027106162769428,45.9394645051145,0.00102512139141246
26.80502,45.93831,-0.000129383723056264,45.9394722179739,0.00103283425086994
26.81632,45.93889,0.000450616276943094,45.939438517766,0.000999134042941969
26.82766,45.9385,6.06162769400953e-05,45.9393674598848,0.000928076161769686
26.839,45.94064,0.00220061627694434,45.9392657730551,0.000826389331997115
26.85034,45.93878,0.000340616276943706,45.9391423369978,0.000702953274726579
26.86166,45.93787,-0.000569383723060923,45.9390076454345,0.000568261711443541
26.87302,45.94026,0.00182061627694452,45.9388732384205,0.00043385469746472
26.88435,45.93875,0.000310616276941289,45.9387510700225,0.00031168629944223
26.8957,45.93803,-0.000409383723059875,45.9386527732382,0.000213389515121064
26.90703,45.94006,0.00162061627694499,45.9385887897351,0.000149406012077093
26.91837,45.94069,0.0022506162769389,45.9385673645769,0.000127980853854777
26.92972,45.93624,-0.00219938372305961,45.9385934775016,0.000154093778524818
26.94108,45.93682,-0.00161938372306025,45.9386678994184,0.000228515695332981
26.9524,45.93594,-0.00249938372305536,45.9387866870323,0.00034730330922757
26.96374,45.9399,0.00146061627694394,45.9389414389846,0.000502055261576523
26.97508,45.93942,0.000980616276940793,45.939120434289,0.000681050565974618
26.9864,45.94391,0.0054706162769449,45.9393104273907,0.000871043667669091
26.99773,45.93941,0.000970616276944725,45.9394985986576,0.00105921493449403
27.00908,45.93722,-0.00121938372305408,45.9396741389895,0.00123475526641154
27.02039,45.94022,0.00178061627693893,45.9398291813725,0.00138979764945482
27.03171,45.9393,0.000860616276945336,45.9399590878148,0.00151970409175022
27.04304,45.94272,0.00428061627694376,45.940062248569,0.00162286484595935
27.05434,45.93949,0.0010506162769417,45.9401395280101,0.00170014428699136
27.0657,45.93854,0.000100616276945686,45.9401934424418,0.00175405871875094
27.07705,45.94011,0.00167061627693954,45.9402271860397,0.00178780231661009
27.08838,45.94093,0.00249061627694402,45.9402436840745,0.00180430035147186
27.09972,45.93976,0.00132061627694213,45.9402448467747,0.00180546305162588
27.11106,45.94048,0.0020406162769433,45.9402311165761,0.00179173285301801
27.12238,45.93995,0.0015106162769456,45.9402013228489,0.00176193912583782
27.13372,45.94051,0.00207061627694571,45.9401528261989,0.00171344247589073
27.14504,45.9386,0.000160616276943415,45.9400819296337,0.00164254591063878
27.15638,45.94078,0.00234061627693904,45.9399845248565,0.00154514113339783
27.16773,45.94073,0.00229061627694449,45.9398569133362,0.00141752961317436
27.17907,45.93914,0.000700616276944288,45.939696698424,0.00125731470098785
27.19044,45.9407,0.00226061627694207,45.9395036190029,0.00106423527984179
27.20178,45.93612,-0.00231938372305507,45.9392802177885,0.000840834065491535
27.21312,45.94039,0.00195061627694315,45.9390322869027,0.000592903179653889
27.22441,45.9396,0.00116061627694108,45.9387690452884,0.000329661565321603
27.23574,45.93997,0.00153061627694484,45.9385029489038,6.35651807693263e-05
27.24708,45.94052,0.00208061627694178,45.9382489812426,-0.000190402480432699
27.25841,45.93592,-0.0025193837230546,45.9380233283407,-0.00041605538236151
27.26975,45.93452,-0.00391938372305844,45.9378415400388,-0.000597843684261366
27.28109,45.94019,0.00175061627694362,45.9377165064867,-0.000722877236383278
27.29244,45.9374,-0.00103938372306089,45.93765666746,-0.000782716263026054
27.30375,45.93727,-0.00116938372305952,45.9376647732483,-0.000774610474725737
27.31506,45.93605,-0.00238938372305597,45.9377373540629,-0.000702029660156666
27.32641,45.93813,-0.000309383723056555,45.9378649554323,-0.000574428290739849
27.33774,45.9371,-0.00133938372305664,45.9380331365873,-0.000406247135740234
27.34906,45.93978,0.00134061627694138,45.9382241253829,-0.000215258340139949
27.36041,45.93972,0.00128061627694365,45.9384188825103,-2.05012127952622e-05
27.37173,45.93982,0.00138061627693986,45.9385992361002,0.000159852377100607
27.38304,45.93604,-0.00239938372305915,45.9387497801248,0.000310396401733275
27.39438,45.93707,-0.00136938372305906,45.9388593765854,0.000419992862375339
27.40572,45.94152,0.00308061627693945,45.9389222475342,0.000482863811136968
27.41706,45.93818,-0.000259383723054896,45.9389386570636,0.000499273340541007
27.4284,45.94223,0.00379061627694455,45.9389150698681,0.000475686145008868
27.43973,45.9385,6.06162769400953e-05,45.9388635847975,0.000424201074476738
27.45108,45.93912,0.000680616276945045,45.9388005125884,0.000361128865342094
27.46242,45.93799,-0.000449383723058361,45.9387441851043,0.000304801381273049
27.47373,45.93738,-0.00105938372306014,45.9387123316219,0.000272947898852824
27.48505,45.93834,-9.93837230609529e-05,45.9387195151393,0.00028013141624514
27.49637,45.9363,-0.00213938372305478,45.9387751285889,0.000335744865877846
27.50769,45.93857,0.000130616276940998,45.938882314213,0.000442930489934343
27.51903,45.94107,0.00263061627694583,45.9390379313748,0.000598547651788036
27.53035,45.94105,0.00261061627693948,45.9392334247944,0.000794041071340981
27.54168,45.93817,-0.00026938372305807,45.9394562425972,0.00101685887412355
27.55303,45.93991,0.00147061627694001,45.9396914229709,0.00125203924782991
27.56434,45.93891,0.000470616276942337,45.9399230970214,0.00148371329830494
27.57568,45.94197,0.00353061627694018,45.9401358086765,0.0016964249533937
27.58703,45.94071,0.00227061627694525,45.9403156210397,0.00187623731659402
27.59836,45.93937,0.000930616276939134,45.9404509860223,0.0020116022992024
27.60974,45.93983,0.00139061627694304,45.9405333828812,0.00209399915816055
27.62107,45.93948,0.00104061627694563,45.9405577909259,0.00211840720279936
27.63241,45.9415,0.00306061627694021,45.9405230775922,0.00208369386913876
27.64372,45.94064,0.00220061627694434,45.9404323045575,0.0019929208344237
27.65504,45.94203,0.00359061627694501,45.9402928289028,0.00185344517971536
27.66636,45.94139,0.00295061627694082,45.9401160057377,0.00167662201468583
27.67767,45.93726,-0.00117938372305559,45.9399163511795,0.00147696745648038
27.689,45.94032,0.00188061627694225,45.939710183118,0.0012707993949276
27.70031,45.93992,0.00148061627694318,45.939513925426,0.00107454170298963
27.71165,45.93841,-2.93837230600502e-05,45.9393423376005,0.000902953877447545
27.72299,45.94098,0.00254061627694568,45.9392069060791,0.000767522355989834
27.73432,45.93739,-0.00104938372305696,45.9391145817591,0.000675198036061262
27.74565,45.9388,0.000360616276942949,45.9390670301604,0.000627646437327092
27.75697,45.93623,-0.00220938372305568,45.9390605613442,0.000621177621115015
27.7683,45.94146,0.00302061627694172,45.9390868641546,0.000647480431544301
27.77964,45.93711,-0.00132938372306057,45.9391345368314,0.000695153108367882
27.79098,45.94102,0.00258061627694417,45.9391912097703,0.000751826047222938
27.8023,45.94014,0.00170061627694196,45.9392458848186,0.000806501095537475
27.81364,45.93892,0.000480616276945511,45.9392910417679,0.00085165804486342
27.82496,45.94147,0.0030306162769449,45.9393241007149,0.000884716991877671
27.83629,45.93916,0.000720616276943531,45.9393479548094,0.000908571086355548
27.84762,45.93893,0.00049061627694158,45.9393704652506,0.000931081527523697
27.85897,45.93969,0.00125061627694123,45.9394030001424,0.00096361641933255
27.8703,45.93966,0.00122061627694592,45.9394582595967,0.00101887587366729
27.88163,45.9396,0.00116061627694108,45.9395477288044,0.00110834508138804
27.89298,45.93998,0.00154061627694091,45.9396791436341,0.00123975991106118
27.90434,45.93644,-0.00199938372306008,45.9398543738228,0.00141499009969648
27.91566,45.93948,0.00104061627694563,45.940068130961,0.00162874723792786
27.92703,45.94036,0.00192061627694073,45.9403078382015,0.00186845447847258
27.93836,45.94044,0.00200061627694481,45.9405548058819,0.0021154221588206
27.94967,45.93975,0.00131061627693896,45.9407865808513,0.00234719712824415
27.96102,45.94313,0.0046906162769389,45.9409800855012,0.0025407017780955
27.97234,45.94198,0.00354061627694335,45.9411150092786,0.00267562555556759
27.98366,45.9407,0.00226061627694207,45.9411768716244,0.00273748790131986
27.99498,45.94205,0.00361061627694426,45.9411592366885,0.00271985296544574
28.00631,45.94348,0.00504061627694341,45.9410647066828,0.00262532295977446
28.01763,45.94328,0.00484061627694388,45.9409045081064,0.0024651243833124
28.02898,45.93691,-0.00152938372306011,45.9406967037883,0.00225732006522999
28.04031,45.94095,0.00251061627694327,45.9404633354591,0.00202395173606775
28.05165,45.93772,-0.000719383723058797,45.9402270679163,0.00178768419327899
28.06299,45.93981,0.00137061627694379,45.9400080207496,0.00156863702658269
28.07433,45.94045,0.00201061627694088,45.9398213621819,0.00138197845888243
28.08564,45.93861,0.000170616276939484,45.9396759839847,0.00123660026166322
28.09697,45.93785,-0.000589383723060166,45.9395743171586,0.00113493343555961
28.10833,45.94158,0.00314061627694429,45.9395131563822,0.00107377265917483
28.11965,45.9397,0.0012606162769444,45.9394852205218,0.00104583679874477
28.13098,45.94104,0.00260061627694341,45.9394810669715,0.00104168324847328
28.14231,45.93955,0.00111061627693942,45.9394909418705,0.00105155814743278
28.15364,45.93837,-6.93837230585359e-05,45.9395062338446,0.00106685012158971
28.16498,45.94007,0.00163061627694105,45.9395203687928,0.00108098506973086
28.17632,45.94014,0.00170061627694196,45.9395291373835,0.00108975366041335
28.1876,45.94072,0.00228061627694132,45.9395305237448,0.00109114002172477
28.19894,45.93816,-0.000279383723054138,45.9395241336812,0.00108474995816756
28.21027,45.93975,0.00131061627693896,45.939510371189,0.00107098746596767
28.2216,45.93696,-0.00147938372305845,45.9394895904595,0.00105020673646605
28.23295,45.94022,0.00178061627693893,45.9394614885541,0.00102210483106013
28.24427,45.93867,0.000230616276944318,45.9394249375145,0.000985553791410132
28.25564,45.94033,0.00189061627694542,45.9393782942578,0.000938910534762043
28.26699,45.93882,0.000380616276942192,45.9393200476876,0.000880663964578618
28.27834,45.94204,0.00360061627694108,45.9392495436436,0.000810159920544255
28.28966,45.94021,0.00177061627694286,45.9391675086069,0.000728124883800615
28.301,45.93792,-0.000519383723059264,45.9390761839206,0.000636800197585158
28.31234,45.93443,-0.00400938372305859,45.9389790711566,0.000539687433491818
28.32366,45.93947,0.00103061627694245,45.9388804853047,0.000441101581650391
28.33501,45.94208,0.00364061627693957,45.9387851540956,0.000345770372526735
28.34634,45.94049,0.00205061627693937,45.9386979290979,0.000258545374862734
28.35766,45.93716,-0.00127938372305891,45.9386234616123,0.000184077889233217
28.36897,45.93772,-0.000719383723058797,45.9385656825843,0.000126298861243105
28.38033,45.93811,-0.000329383723055798,45.9385271233088,8.7739585778399e-05
28.39164,45.93739,-0.00104938372305696,45.9385083096642,6.8925941117424e-05
28.40299,45.94006,0.00162061627694499,45.9385074888109,6.81050878866782e-05
28.41433,45.93692,-0.00151938372305693,45.9385208290724,8.14453493588707e-05
28.42567,45.93755,-0.000889383723055914,45.9385430881203,0.000103704397217959
28.43703,45.93985,0.00141061627694228,45.938568635244,0.000129251520963169
28.44837,45.93956,0.0011206162769426,45.9385926257122,0.000153241989175169
28.45971,45.94093,0.00249061627694402,45.9386120482056,0.000172664482520502
28.47103,45.93693,-0.00150938372306086,45.9386263560379,0.000186972314883564
28.48234,45.93847,3.06162769447837e-05,45.9386375089316,0.000198125208514169
28.49369,45.93885,0.000410616276944609,45.9386494510976,0.000210067374585237
28.50504,45.93933,0.000890616276940648,45.938667210649,0.000227826925949438
28.51637,45.93748,-0.000959383723056817,45.9386958576728,0.000256473949759859
28.52771,45.93704,-0.00139938372305437,45.9387395424708,0.000300158747702408
28.53906,45.94009,0.0016506162769403,45.9388007997892,0.000361416066098501
28.55042,45.93764,-0.000799383723055769,45.9388802337193,0.000440849996205238
28.56175,45.94064,0.00220061627694434,45.9389765743901,0.000537190667069368
28.5731,45.94047,0.00203061627694012,45.9390869716603,0.000647587937245543
28.58445,45.93812,-0.00031938372305973,45.9392073401979,0.000767956474838424
28.5958,45.93885,0.000410616276944609,45.9393326266905,0.000893242967428693
28.60714,45.93915,0.000710616276940357,45.9394569916851,0.00101760796208383
28.61848,45.93941,0.000970616276944725,45.9395739937085,0.00113460998540036
28.62981,45.94024,0.00180061627694528,45.9396768665026,0.00123748277955544
28.64114,45.93917,0.0007306162769396,45.9397589125441,0.00131952882101675
28.65248,45.94024,0.00180061627694528,45.9398139659474,0.00137458222434042
28.66379,45.94132,0.00288061627693992,45.9398368454598,0.00139746173669137
28.67513,45.9381,-0.000339383723058972,45.9398237245891,0.00138434086599335
28.68647,45.93938,0.000940616276942308,45.9397723831517,0.00133299942860241
28.69779,45.94151,0.00307061627694338,45.9396823532615,0.00124296953846354
28.70914,45.93859,0.000150616276940241,45.9395549965312,0.00111561280815432
28.72044,45.93819,-0.000249383723058827,45.9393935387941,0.00095415507101772
28.73178,45.93986,0.00142061627694545,45.9392030740918,0.000763690368794311
28.74308,45.93965,0.00121061627694274,45.9389905367025,0.000551152979453168
28.75444,45.93916,0.000720616276943531,45.938764605104,0.000325221380929842
28.76576,45.93754,-0.000899383723059088,45.9385354639015,9.60801783989068e-05
28.77709,45.93932,0.000880616276944579,45.9383143572397,-0.000125026483316063
28.78842,45.93836,-7.93837230546046e-05,45.9381129175445,-0.000326466178608304
28.79978,45.93832,-0.000119383723060196,45.937942305132,-0.000497078591060072
28.8111,45.93626,-0.00217938372306037,45.9378122377124,-0.000627146010638056
28.82241,45.93879,0.000350616276939775,45.9377300378011,-0.000709345921936654
28.83375,45.93531,-0.00312938372305638,45.9376998625911,-0.000739521131986067
28.84509,45.93784,-0.000599383723056235,45.9377222639798,-0.000717119743264071
28.8564,45.94067,0.00223061627693966,45.9377941417596,-0.000645241963459411
28.86775,45.93744,-0.000999383723055303,45.9379090355387,-0.000530348184386126
28.87909,45.93756,-0.000879383723059846,45.9380576294459,-0.000381754277161757
28.89045,45.93671,-0.00172938372305964,45.9382283814395,-0.000211002283592062
28.90176,45.93871,0.000270616276942803,45.9384082940987,-3.10896243084948e-05
28.9131,45.93813,-0.000309383723056555,45.9385838931265,0.000144509403397267
28.92442,45.9381,-0.000339383723058972,45.9387424108816,0.000303027158558453
28.93575,45.94184,0.00340061627694155,45.938873038407,0.000433654683981003
28.94707,45.94002,0.00158061627693939,45.9389680027465,0.000528619023478195
28.95839,45.93727,-0.00116938372305952,45.9390232174938,0.00058383377071913
28.96975,45.93963,0.0011906162769435,45.9390383724156,0.000598988692521967
28.98109,45.93776,-0.000679383723060312,45.9390165177914,0.000577134068332355
28.99242,45.94027,0.00183061627694059,45.9389633395038,0.000523955780715528
29.00376,45.93687,-0.00156938372305859,45.938886342891,0.000446959167951754
29.0151,45.93855,0.000110616276941755,45.9387941037907,0.000354720067660661
29.02644,45.94115,0.0027106162769428,45.9386956626686,0.000256278945535188
29.03776,45.93698,-0.0014593837230592,45.9386000532989,0.00016066957583513
29.04912,45.93892,0.000480616276945511,45.9385158942561,7.65105330275046e-05
29.06048,45.93942,0.000980616276940793,45.9384509642518,1.15805287489857e-05
29.07183,45.93884,0.000400616276941435,45.9384117257971,-2.76579259415786e-05
29.08316,45.93563,-0.00280938372305428,45.9384028195274,-3.65641956854579e-05
29.09452,45.9394,0.00096061627694155,45.9384266034326,-1.27802905001108e-05
29.10583,45.93922,0.000780616276941259,45.938482832452,4.34487289008947e-05
29.11714,45.94012,0.00168061627694271,45.9385685349674,0.000129151244312776
29.12849,45.93674,-0.00169938372305722,45.9386780816419,0.000238697918847844
29.13981,45.93698,-0.0014593837230592,45.9388034424923,0.000364058769227163
29.15114,45.94063,0.00219061627694117,45.9389346857155,0.000495301992460335
29.16244,45.94016,0.0017206162769412,45.9390607832508,0.000621399527769096
29.17377,45.93621,-0.00222938372305492,45.9391707092222,0.00073132549912982
29.1851,45.93939,0.000950616276945482,45.9392547256875,0.000815341964411847
29.19644,45.94083,0.0023906162769407,45.9393057026746,0.00086631895152392
29.20777,45.94022,0.00178061627693893,45.93932027341,0.000880889686971897
29.21911,45.93969,0.00125061627694123,45.939299563284,0.000860179560973947
29.23047,45.94136,0.00292061627694551,45.9392492332594,0.00080984953637075
29.24178,45.93881,0.000370616276939018,45.9391787096054,0.000739325882302711
29.25313,45.93741,-0.00102938372305772,45.9390996974399,0.000660313716879407
29.26447,45.93677,-0.00166938372305481,45.9390243063801,0.000584922657081875
29.27578,45.93871,0.000270616276942803,45.9389632490788,0.000523865355726695
29.28713,45.94033,0.00189061627694542,45.9389245226721,0.000485138949018192
29.29844,45.93832,-0.000119383723060196,45.9389127656524,0.000473381929330053
29.30977,45.93884,0.000400616276941435,45.9389292359688,0.00048985224570673
29.3211,45.94076,0.0023206162769398,45.9389722148624,0.00053283113935833
29.33242,45.93805,-0.000389383723060632,45.9390376243047,0.000598240581681096
29.34372,45.93867,0.000230616276944318,45.9391196975291,0.000680313806055192
29.35507,45.94009,0.0016506162769403,45.9392116137893,0.000772230066270284
29.36638,45.93985,0.00141061627694228,45.9393060678876,0.000866684164558739
29.37771,45.93647,-0.00196938372305766,45.9393957734905,0.000956389767448801
29.38907,45.94258,0.00414061627694196,45.9394739059192,0.00103452219613088
29.4004,45.93841,-2.93837230600502e-05,45.9395344847603,0.00109510103720346
29.41173,45.93932,0.000880616276944579,45.9395726773983,0.00113329367521341
29.42309,45.94091,0.00247061627694478,45.939584990791,0.00114560706795
29.43442,45.93985,0.00141061627694228,45.9395693365892,0.00112995286614992
29.44574,45.93718,-0.00125938372305967,45.9395250000556,0.00108561633256564
29.45706,45.93988,0.0014406162769447,45.9394525949369,0.00101321121382826
29.46839,45.93756,-0.000879383723059846,45.9393541091482,0.000914725425123834
29.47974,45.94166,0.00322061627694126,45.9392330909035,0.000793707180440874
29.49107,45.94086,0.00242061627694312,45.9390948938614,0.000655510138327651
29.5024,45.93684,-0.00159938372306101,45.9389467862177,0.000507402494643202
29.51374,45.94035,0.00191061627694467,45.9387977355645,0.000358351841480677
29.52506,45.93891,0.000470616276942337,45.9386578078268,0.000218424103742425
29.53642,45.93753,-0.000909383723055157,45.938537268498,9.78847749510194e-05
29.54774,45.93715,-0.00128938372305498,45.9384455730606,6.18933755227812e-06
29.55908,45.93811,-0.000329383723055798,45.9383904696358,-4.89140872584538e-05
29.57043,45.93772,-0.000719383723058797,45.9383774002556,-6.19834674381831e-05
29.58176,45.9408,0.00236061627694539,45.9384092651971,-3.01185259708039e-05
29.59308,45.93902,0.000580616276941726,45.9384864568191,4.70730960264621e-05
29.60444,45.93821,-0.000229383723059584,45.9386069785826,0.000167594859581003
29.61577,45.93893,0.00049061627694158,45.9387665087713,0.000327125048279427
29.6271,45.93694,-0.00149938372305769,45.9389584101937,0.00051902647059793
29.63842,45.93943,0.000990616276943967,45.9391738139818,0.000734430258739599
29.64974,45.94102,0.00258061627694417,45.9394019272978,0.000962543574785611
29.66106,45.93774,-0.000699383723059555,45.9396306356563,0.00119125193323704
29.67238,45.94028,0.00184061627694376,45.9398473701592,0.00140798643618474
29.68373,45.93941,0.000970616276944725,45.9400401522355,0.00160076851246215
29.69507,45.94127,0.00283061627694536,45.9401987002844,0.00175931656132162
29.70641,45.9401,0.00166061627694347,45.9403154436062,0.00187605988314601
29.71774,45.9431,0.00466061627694359,45.940386251134,0.00194686741092164
29.7291,45.93898,0.00054061627694324,45.9404106984998,0.00197131477679121
29.74043,45.93945,0.00101061627694321,45.9403917954248,0.00195241170177406
29.75177,45.94121,0.00277061627694053,45.9403352423617,0.00189585863869198
29.76307,45.94021,0.00177061627694286,45.9402483990227,0.00180901529967941
29.77442,45.93951,0.00107061627694094,45.9401391743207,0.00169979059764714
29.78578,45.93951,0.00107061627694094,45.9400150161984,0.00157563247532896
29.79712,45.94003,0.00159061627694257,45.9398821428531,0.0014427591300793
29.80846,45.93961,0.00117061627694426,45.9397451161764,0.00130573245332964
29.81978,45.9397,0.0012606162769444,45.9396067970855,0.00116741336244201
29.8311,45.93906,0.000620616276940211,45.9394686558304,0.00102927210738454
29.84242,45.93906,0.000620616276940211,45.9393313627124,0.000891978989370072
29.85377,45.93903,0.0005906162769449,45.9391955529268,0.000756169203726624
29.8651,45.93995,0.0015106162769456,45.9390626236363,0.000623239913199723
29.87643,45.94001,0.00157061627694333,45.9389353795739,0.000495995850819094
29.88778,45.93926,0.000820616276939745,45.9388183263909,0.000378942667827044
29.89913,45.93907,0.000630616276943385,45.9387174614311,0.000278077708017477
29.91048,45.93681,-0.00162938372305632,45.9386395383022,0.000200154579160117
29.92184,45.94061,0.00217061627694193,45.9385909346944,0.000151550971352906
29.93315,45.93815,-0.000289383723057313,45.9385763609334,0.00013697721036176
29.94446,45.93681,-0.00162938372305632,45.9385976854576,0.000158301734586408
29.95583,45.93625,-0.00218938372305644,45.9386531511615,0.000213767438437473
29.96715,45.94051,0.00207061627694571,45.9387372148788,0.000297831155707985
29.97848,45.93969,0.00125061627694123,45.9388411139436,0.000401730220570684
29.98983,45.93813,-0.000309383723056555,45.9389540602273,0.000514676504229605
30.00118,45.93998,0.00154061627694091,45.9390647992275,0.000625415504394822
30.01252,45.93878,0.000340616276943706,45.9391632383354,0.000723854612383004
30.02382,45.93946,0.00102061627693928,45.9392419068284,0.000802523105345726
30.03514,45.93745,-0.000989383723059234,45.9392970746766,0.00085769095351122
30.04651,45.94254,0.00410061627694347,45.9393293863437,0.000890002620637027
30.05784,45.94115,0.0027106162769428,45.9393438634586,0.000904479735579347
30.06918,45.93904,0.000600616276940968,45.9393491458937,0.000909762170648804
30.08051,45.93821,-0.000229383723059584,45.9393559563238,0.000916572600714962
30.09183,45.93969,0.00125061627694123,45.9393750022619,0.000935618538857823
30.10318,45.93626,-0.00217938372306037,45.9394147551316,0.000975371408531396
30.11451,45.93864,0.000200616276941901,45.939479626383,0.00104024265995716
30.12584,45.94102,0.00258061627694417,45.9395689520855,0.00112956836241239
30.13714,45.93936,0.000920616276943065,45.939676954142,0.00123757041895389
30.14847,45.94025,0.00181061627694135,45.9397935784285,0.00135419470546998
30.1598,45.9399,0.00146061627694394,45.9399059347479,0.00146655102480068
30.17112,45.9411,0.00266061627694114,45.940000023686,0.00156063996298744
30.18242,45.93895,0.000510616276940823,45.9400624833687,0.00162309964565282
30.19376,45.94115,0.0027106162769428,45.9400821631874,0.00164277946433538
30.20507,45.9389,0.000460616276939163,45.9400514026634,0.00161201894031109
30.21639,45.93971,0.00127061627694047,45.9399669445666,0.00152756084355262
30.22773,45.94173,0.00329061627694216,45.9398304270747,0.00139104335159865
30.23907,45.94152,0.00308061627693945,45.9396483877598,0.00120900403674745
30.25038,45.93634,-0.00209938372305629,45.9394317204397,0.000992336716683668
30.26174,45.94004,0.00160061627694574,45.9391946075984,0.000755223875362537
30.27307,45.939,0.000560616276942483,45.9389530812985,0.000513697575408693
30.2844,45.93797,-0.000469383723057604,45.9387234446356,0.000284060912536619
30.29575,45.93919,0.000750616276945948,45.9385207656967,8.13819735956293e-05
30.30706,45.93814,-0.000299383723060487,45.9383575902898,-8.17934332795497e-05
30.31837,45.93777,-0.000669383723057138,45.9382429706893,-0.000196413033769603
30.32971,45.93698,-0.0014593837230592,45.9381818825364,-0.000257501186661804
30.34103,45.93963,0.0011906162769435,45.9381750757913,-0.000264307931741877
30.35236,45.93828,-0.000159383723058681,45.9382193551474,-0.000220028575655277
30.3637,45.93652,-0.001919383723056,45.938308219122,-0.000131164601088283
30.37505,45.93953,0.00109061627694018,45.9384327408536,-6.64286941217148e-06
30.38634,45.94049,0.00205061627693937,45.9385825563611,0.000143172638087739
30.39767,45.93763,-0.000809383723058943,45.93874681812,0.000307434396937734
30.40902,45.93803,-0.000409383723059875,45.9389149870528,0.000475603329704296
30.42036,45.93961,0.00117061627694426,45.9390773993711,0.000638015648072077
30.43168,45.93955,0.00111061627693942,45.939225614954,0.000786231230909932
30.44301,45.94169,0.00325061627694367,45.9393525708259,0.000913187102795643
30.45435,45.93795,-0.000489383723056847,45.9394525545476,0.00101317082449234
30.46569,45.93739,-0.00104938372305696,45.9395210586526,0.00108167492956262
30.47701,45.93684,-0.00159938372306101,45.9395546756583,0.00111529193523061
30.48834,45.94283,0.00439061627694315,45.9395512219453,0.0011118382222635
30.49965,45.94071,0.00227061627694525,45.9395101366205,0.00107075289747201
30.51102,45.93994,0.00150061627694242,45.9394329660289,0.000993582305876183
30.52236,45.94085,0.00241061627693995,45.9393236244506,0.000884240727492188
30.5337,45.93708,-0.00135938372305588,45.9391882306992,0.000748846976155311
30.54504,45.93723,-0.00120938372305801,45.9390345674588,0.000595183735767645
30.55633,45.9385,6.06162769400953e-05,45.9388714099459,0.000432026222867866
30.56767,45.9397,0.0012606162769444,45.9387079943594,0.00026861063638098
30.57901,45.93706,-0.00137938372305513,45.9385537431175,0.000114359394431726
30.59034,45.94162,0.00318061627694277,45.9384181467296,-2.12369934573076e-05
30.60168,45.94027,0.00183061627694059,45.9383105574281,-0.000128826294916924
30.61302,45.93725,-0.00118938372305877,45.938239653477,-0.000199730246043441
30.62434,45.93774,-0.000699383723059555,45.9382124972618,-0.000226886461289885
30.63566,45.93536,-0.00307938372305472,45.9382333720058,-0.000206011717225442
30.64698,45.93596,-0.00247938372305612,45.9383027882245,-0.000136595498566901
30.65834,45.94064,0.00220061627694434,45.9384170463306,-2.23373924096538e-05
30.66968,45.94147,0.0030306162769449,45.9385685058338,0.000129122110702387
30.681,45.93913,0.000690616276941114,45.9387464027754,0.000307019052386349
30.69232,45.9361,-0.00233938372305431,45.9389379056706,0.000498521947582724
30.70366,45.93883,0.000390616276945366,45.9391291982021,0.000689814479077487
30.71498,45.93948,0.00104061627694563,45.939306572343,0.000867188619940764
30.72634,45.93964,0.00120061627693957,45.9394575859707,0.00101820224759064
30.73768,45.93966,0.00122061627694592,45.9395722394872,0.00113285576410659
30.74902,45.94072,0.00228061627694132,45.9396439866844,0.00120460296133654
30.76034,45.94134,0.00290061627693916,45.9396703346493,0.00123095092626663
30.77167,45.93925,0.000810616276943676,45.9396528310997,0.00121344737660592
30.783,45.9395,0.00106061627694487,45.9395963686822,0.00115698495910261
30.79433,45.93943,0.000990616276943967,45.9395079196558,0.00106853593276091
30.80565,45.93964,0.00120061627693957,45.9393949848845,0.000955601161453798
30.81699,45.93595,-0.00248938372305929,45.9392641368233,0.000824753100274008
30.82834,45.939,0.000560616276942483,45.9391200383812,0.000680654658184683
30.83966,45.93891,0.000470616276942337,45.9389652233401,0.000525839617035175
30.85102,45.93765,-0.0007893837230597,45.9388007245543,0.000361340831213078
30.86233,45.94083,0.0023906162769407,45.9386273765514,0.000187992828292784
30.87366,45.94084,0.00240061627694388,45.9384473965277,8.0128046067251e-06
30.885,45.93623,-0.00220938372305568,45.9382657522141,-0.000173631508998849
30.89635,45.93929,0.000850616276942162,45.9380908930089,-0.000348490714188876
30.90769,45.93934,0.000900616276943822,45.9379346091588,-0.000504774564268709
30.91903,45.9382,-0.000239383723055653,45.9378109911615,-0.00062839256159737
30.93034,45.93765,-0.0007893837230597,45.9377346296943,-0.000704754028785797
30.94165,45.93552,-0.00291938372306078,45.9377183499223,-0.000721033800717288
30.95298,45.93589,-0.00254938372305702,45.9377709162993,-0.000668467423710688
30.96431,45.93964,0.00120061627693957,45.9378951944046,-0.000544189318459493
30.97566,45.93752,-0.000919383723058331,45.9380871471976,-0.000352236525499689
30.987,45.93845,1.06162769455409e-05,45.938335828076,-0.000103555647047115
30.99834,45.93585,-0.00258938372305551,45.9386243439179,0.000184960194834075
31.00966,45.94003,0.00159061627694257,45.9389316575129,0.000492273789874583
31.021,45.93838,-5.93837230553618e-05,45.9392350158508,0.000795632127765778
31.03234,45.94175,0.0033106162769414,45.9395126577265,0.00107327400346387
31.04365,45.94361,0.00517061627694204,45.9397463091591,0.00130692543606632
31.055,45.93927,0.000830616276942919,45.9399229388988,0.00148355517572704
31.06633,45.93989,0.00145061627694076,45.9400354133335,0.00159602961042156
31.07766,45.93932,0.000880616276944579,45.9400820337299,0.00164265000685858
31.08897,45.93848,4.06162769408525e-05,45.9400652998318,0.00162591610876085
31.10032,45.93756,-0.000879383723059846,45.9399904443497,0.00155106062665916
31.11164,45.94144,0.00300061627694248,45.9398642538948,0.00142487017172399
31.12296,45.93904,0.000600616276940968,45.9396944820541,0.00125509833103963
31.13429,45.9374,-0.00103938372306089,45.9394898771507,0.00105049342767744
31.14562,45.94391,0.0054706162769449,45.9392606015251,0.000821217802033304
31.15696,45.94027,0.00183061627694059,45.9390186732565,0.000579289533425682
31.1683,45.938,-0.000439383723055187,45.9387780429583,0.000338659235234956
31.17963,45.93722,-0.00121938372305408,45.9385540585438,0.000114674820726503
31.19097,45.93907,0.000630616276943385,45.9383623323302,-7.70513928642539e-05
31.20229,45.93719,-0.0012493837230565,45.9382172544225,-0.00022212930056591
31.21364,45.93799,-0.000449383723058361,45.9381304677351,-0.000308915987970237
31.22498,45.93895,0.000510616276940823,45.9381095583907,-0.000329825332359873
31.2363,45.93922,0.000780616276941259,45.9381571210263,-0.000282262696771948
31.24763,45.93579,-0.00264938372306034,45.9382703005474,-0.000169083175652261
31.25895,45.93575,-0.00268938372305882,45.9384409067187,1.5229956771008e-06
31.27026,45.94144,0.00300061627694248,45.9386561956315,0.000216811908447509
31.28159,45.93712,-0.0013193837230574,45.9389003203332,0.000460936610149211
31.29291,45.94146,0.00302061627694172,45.9391562584983,0.000716874775229431
31.30422,45.94027,0.00183061627694059,45.9394078435661,0.000968459843029021
31.31556,45.94028,0.00184061627694376,45.9396414780074,0.00120209428429612
31.3269,45.94003,0.00159061627694257,45.9398472121299,0.00140782840681277
31.33825,45.93866,0.000220616276941143,45.9400190710227,0.00157968729967303
31.34958,45.94019,0.00175061627694362,45.9401547194971,0.00171533577409003
31.36094,45.94006,0.00162061627694499,45.9402546845138,0.00181530079079033
31.37225,45.94159,0.00315061627694035,45.9403213698561,0.00188198613307064
31.38362,45.94043,0.00199061627694164,45.9403580418382,0.00191865811513021
31.39496,45.93803,-0.000409383723059875,45.9403679213406,0.00192853761756493
31.4063,45.9394,0.00096061627694155,45.9403535238164,0.0019141400933314
31.41763,45.9423,0.00386061627694545,45.9403163901413,0.00187700641827864
31.42898,45.93918,0.000740616276942774,45.9402572708809,0.0018178871578363
31.44034,45.94038,0.00194061627693998,45.9401766820048,0.00173729828177949
31.45168,45.94059,0.00215061627694269,45.9400756376016,0.00163625387849302
31.463,45.9406,0.00216061627694586,45.9399563344178,0.0015169506946939
31.47432,45.94202,0.00358061627694184,45.9398225887779,0.00138320505487903
31.48566,45.93651,-0.00192938372305917,45.9396798929743,0.00124050925122418
31.497,45.93938,0.000940616276942308,45.9395350724077,0.001095688684599
31.50834,45.94146,0.00302061627694172,45.9393956431579,0.000956259434863448
31.51964,45.9386,0.000160616276943415,45.9392690121867,0.000829628463647622
31.53098,45.93962,0.00118061627694033,45.9391616270099,0.000722243286873672
31.54232,45.93772,-0.000719383723058797,45.9390781575713,0.00063877384827188
31.55366,45.93862,0.000180616276942658,45.939020825256,0.000581441532978709
31.56498,45.93967,0.00123061627694199,45.9389890228967,0.000549639173631572
31.57632,45.93948,0.00104061627694563,45.9389793331121,0.000539949389069519
31.58766,45.93632,-0.00211938372305553,45.938985971429,0.000546587705964724
31.59899,45.94097,0.00253061627694251,45.9390016129414,0.0005622292183814
31.61034,45.93702,-0.00141938372306072,45.9390185145036,0.000579130780565267
31.62164,45.94236,0.00392061627694318,45.9390297838657,0.000590400142665994
31.63298,45.93709,-0.00134938372305982,45.9390305758157,0.000591192092645962
31.64432,45.94076,0.0023206162769398,45.9390189681083,0.000579584385203896
31.65564,45.93963,0.0011906162769435,45.9389963215663,0.000556937843190094
31.66701,45.93933,0.000890616276940648,45.9389670394162,0.000527655693139613
31.67834,45.93663,-0.00180938372305661,45.9389377763798,0.000498392656728025
31.68966,45.93968,0.00124061627694516,45.9389162799586,0.000476896235585409
31.70102,45.93879,0.000350616276939775,45.93891012729,0.000470743566946664
31.71236,45.93905,0.000610616276944143,45.938925608633,0.000486224909958771
31.72368,45.93821,-0.000229383723059584,45.9389669298138,0.000527546090723705
31.73502,45.93737,-0.00106938372305621,45.9390358295024,0.000596445779343871
31.74636,45.94004,0.00160061627694574,45.9391316487123,0.000692264989246397
31.75771,45.94006,0.00162061627694499,45.9392518069655,0.000812423242441745
31.76906,45.93938,0.000940616276942308,45.9393925223323,0.000953138609235733
31.7804,45.94044,0.00200061627694481,45.9395495233259,0.00111013960285799
31.79173,45.94073,0.00229061627694449,45.9397185039449,0.00127912022180762
31.80307,45.94006,0.00162061627694499,45.9398951688852,0.00145578516217069
31.81437,45.93932,0.000880616276944579,45.9400748633214,0.00163547959833823
31.8257,45.93927,0.000830616276942919,45.9402519395673,0.00181255584429052
31.83702,45.93947,0.00103061627694245,45.9404191301703,0.00197974644720486
31.84835,45.94193,0.00349061627694169,45.9405672165234,0.00212783280033321
31.85969,45.93862,0.000180616276942658,45.9406851934261,0.00224580970301276
31.87102,45.94236,0.00392061627694318,45.9407609904874,0.00232160676429506
31.88236,45.93894,0.000500616276944754,45.9407826898555,0.00234330613242028
31.8937,45.94109,0.00265061627694507,45.9407400960374,0.00230071231437376
31.90504,45.94137,0.00293061627694158,45.9406264456936,0.00218706197054394
31.91637,45.94125,0.00281061627693902,45.9404399786951,0.00200059497201065
31.92769,45.94076,0.0023206162769398,45.9401850480647,0.00174566434163847
31.93903,45.94228,0.0038406162769391,45.9398724707983,0.00143308707521652
31.95035,45.9381,-0.000339383723058972,45.9395189421896,0.00107955846655774
31.9617,45.93845,1.06162769455409e-05,45.9391455363392,0.000706152616125362
31.97304,45.93893,0.00049061627694158,45.9387755314812,0.000336147758124668
31.98438,45.93722,-0.00121938372305408,45.9384319420926,-7.44163045381132e-06
31.99569,45.93836,-7.93837230546046e-05,45.9381351558814,-0.000304227841654846
32.007,45.93867,0.000230616276944318,45.9379009882257,-0.000538395497355389
32.01833,45.93669,-0.00174938372305888,45.9377393521158,-0.000700031607268178
32.02969,45.93665,-0.00178938372305737,45.9376536541141,-0.00078572960899047
32.04103,45.93658,-0.00185938372305827,45.9376409718414,-0.000798411881673433
32.05238,45.9382,-0.000239383723055653,45.9376930007535,-0.000746382969527897
32.06369,45.93863,0.000190616276945832,45.9377976323219,-0.000641751401117572
32.07504,45.93874,0.00030061627694522,45.9379408672052,-0.00049851651783956
32.08637,45.93945,0.00101061627694321,45.9381086639383,-0.000330719784765309
32.09772,45.93884,0.000400616276941435,45.9382883462605,-0.000151037462580576
32.10907,45.93845,1.06162769455409e-05,45.9384693396782,2.99559551637772e-05
32.1204,45.93861,0.000170616276939484,45.9386432244321,0.0002038407090357
32.13173,45.93634,-0.00209938372305629,45.9388033030648,0.000363919341739578
32.14305,45.93858,0.000140616276944172,45.9389440135923,0.000504629869201877
32.15434,45.93951,0.00107061627694094,45.9390605204042,0.00062113668109561
32.16568,45.9388,0.000360616276942949,45.9391486820678,0.000709298344757053
32.17699,45.93897,0.000530616276940066,45.9392053980617,0.000766014338618615
32.18832,45.9404,0.00196061627693922,45.9392291728925,0.000789789169458715
32.19963,45.94024,0.00180061627694528,45.9392206550558,0.000781271332786361
32.21095,45.94012,0.00168061627694271,45.9391829077769,0.000743524053833742
32.22227,45.93897,0.000530616276940066,45.939121248094,0.000681864370951606
32.23361,45.93788,-0.000559383723057749,45.9390426477659,0.000603264042877792
32.24495,45.93675,-0.00168938372305405,45.93895487,0.000515486276913609
32.25628,45.9405,0.00206061627694254,45.9388656214222,0.00042623769915323
32.26763,45.93744,-0.000999383723055303,45.9387819597545,0.000342576031418059
32.27896,45.93908,0.000640616276939454,45.9387100416489,0.000270657925806807
32.29029,45.93948,0.00104061627694563,45.9386551226066,0.000215738883567702
32.30161,45.94082,0.00238061627694464,45.9386216136382,0.000182229915133261
32.31293,45.93761,-0.000829383723058186,45.9386129848532,0.000173601130183426
32.32428,45.93919,0.000750616276945948,45.9386313916366,0.000192007913582873
32.33562,45.93734,-0.00109938372305862,45.9386770633484,0.000237679625377441
32.34695,45.93862,0.000180616276942658,45.9387476588508,0.00030827512777771
32.3583,45.9371,-0.00133938372305664,45.9388378684506,0.000398484727556718
32.36964,45.94011,0.00167061627693954,45.9389394983144,0.000500114591337572
32.38095,45.93771,-0.000729383723054866,45.9390421421731,0.000602758449997728
32.39228,45.94071,0.00227061627694525,45.9391343833565,0.000694999633400628
32.40363,45.93756,-0.000879383723059846,45.9392053347914,0.000765951068363606
32.415,45.94039,0.00195061627694315,45.9392462461331,0.000806862409993392
32.42633,45.94092,0.00248061627694085,45.9392518789953,0.000812495272236772
32.43765,45.94077,0.00233061627694298,45.9392213613466,0.000781977623579408
32.44898,45.93802,-0.000419383723055944,45.9391583038012,0.000718920078115351
32.46032,45.93969,0.00125061627694123,45.9390701258395,0.000630742116457733
32.47165,45.9367,-0.00173938372305571,45.9389667630728,0.000527379349695948
32.48299,45.93853,9.06162769425123e-05,45.9388590991569,0.00041971543380562
32.49434,45.9402,0.00176061627693969,45.9387575002739,0.000318116550866134
32.50566,45.93615,-0.00228938372305976,45.9386707318667,0.000231348143622024
32.51698,45.93819,-0.000249383723058827,45.9386053834585,0.000165999735426956
32.52832,45.94031,0.00187061627693907,45.9385657832238,0.000126399500694063
32.53963,45.93961,0.00117061627694426,45.938554258076,0.00011487435292878
32.55097,45.93993,0.00149061627693925,45.9385714996799,0.000132115956816716
32.56232,45.93795,-0.000489383723056847,45.9386167997425,0.000177416019488916
32.57364,45.93724,-0.00119938372305484,45.9386880602265,0.000248676503452702
32.58496,45.93752,-0.000919383723058331,45.9387816877188,0.000342303995716698
32.59631,45.93881,0.000370616276939018,45.9388926008016,0.000453217078506088
32.60766,45.93908,0.000640616276939454,45.9390145304882,0.000575146765113075
32.619,45.94138,0.00294061627694475,45.9391406177041,0.000701233981023589
32.63033,45.93918,0.000740616276942774,45.9392641352316,0.000824751508496681
32.64165,45.93861,0.000170616276939484,45.9393791001335,0.00093971641045193
32.65299,45.93982,0.00138061627693986,45.9394806189605,0.00104123523746445
32.6643,45.93977,0.00133061627694531,45.9395649431007,0.00112555937768433
32.67564,45.94032,0.00188061627694225,45.939629308277,0.00118992455398701
32.68699,45.93784,-0.000599383723056235,45.9396716683985,0.00123228467546714
32.69835,45.93932,0.000880616276944579,45.9396904472449,0.00125106352183497
32.70969,45.9397,0.0012606162769444,45.9396844290896,0.0012450453665608
32.72102,45.94121,0.00277061627694053,45.9396528565836,0.00121347286058566
32.73236,45.93839,-4.93837230592931e-05,45.9395957045992,0.00115632087612841
32.74368,45.94009,0.0016506162769403,45.9395140200691,0.00107463634600921
32.755,45.93948,0.00104061627694563,45.9394102100838,0.000970826360696318
32.76635,45.94017,0.00173061627694437,45.9392881995043,0.000848815781272445
32.77768,45.93777,-0.000669383723057138,45.9391534213444,0.000714037621310178
32.78902,45.93909,0.000650616276942628,45.9390126401719,0.000573256448866038
32.80038,45.93882,0.000380616276942192,45.9388736384405,0.000434254717445863
32.81171,45.93922,0.000780616276941259,45.9387447939196,0.000305410196538815
32.82304,45.93974,0.00130061627694289,45.9386345387362,0.000195155013166155
32.83439,45.93868,0.000240616276940386,45.9385506609983,0.000111277275265937
32.84572,45.93829,-0.000149383723055507,45.9384994399486,6.00562255367778e-05
32.85706,45.93906,0.000620616276940211,45.9384847005734,4.53168503869114e-05
32.8684,45.93675,-0.00168938372305405,45.9385069896993,6.76059762840887e-05
32.87973,45.93507,-0.0033693837230544,45.9385631531344,0.000123769411378497
32.89107,45.93919,0.000750616276945948,45.9386465746768,0.000207190953716916
32.90241,45.94082,0.00238061627694464,45.9387481752973,0.000308791574246255
32.91375,45.94005,0.00161061627694181,45.9388579890274,0.000418605304367296
32.92509,45.93871,0.000270616276942803,45.9389668793458,0.00052749562273753
32.93643,45.94003,0.00159061627694257,45.9390679006017,0.000628516878658069
32.94776,45.94133,0.00289061627694309,45.9391569554194,0.000717571696365188
32.9591,45.93771,-0.000729383723054866,45.9392326328746,0.000793249151518246
32.97042,45.93886,0.000420616276940677,45.9392953420823,0.000855958359257649
32.98178,45.93814,-0.000299383723060487,45.9393460507059,0.000906666982879719
32.99311,45.93798,-0.00045938372305443,45.9393850495581,0.000945665835053631
33.00446,45.93958,0.00114061627694184,45.9394111337408,0.000971750017706707
33.01579,45.94069,0.0022506162769389,45.9394214245097,0.000982040786661837
33.02712,45.94009,0.0016506162769403,45.9394118410236,0.000972457300583167
33.03845,45.93733,-0.00110938372305469,45.9393780780061,0.000938694283047122
33.04977,45.9365,-0.00193938372305524,45.9393169072031,0.000877523480023527
33.06112,45.94149,0.00305061627694414,45.9392276305885,0.000788246865416319
33.07245,45.94238,0.00394061627694242,45.939113445977,0.000674062253929748
33.08377,45.94091,0.00247061627694478,45.9389823363789,0.000542952655872548
33.09512,45.9374,-0.00103938372306089,45.9388470391571,0.000407655434064587
33.10645,45.93976,0.00132061627694213,45.9387238442765,0.000284460553429127
33.11776,45.93811,-0.000329383723055798,45.9386303391147,0.000190955391678946
33.12908,45.93769,-0.000749383723054109,45.9385825455658,0.000143161842741617
33.14042,45.93687,-0.00156938372305859,45.9385920573487,0.000152673625659259
33.15175,45.93703,-0.00140938372305754,45.938663790175,0.000224406451909435
33.16307,45.9386,0.000160616276943415,45.938794835027,0.000355451303943253
33.17442,45.93847,3.06162769447837e-05,45.9389746675498,0.000535283826766654
33.18576,45.94184,0.00340061627694155,45.9391866634594,0.000747279736306544
33.19712,45.93696,-0.00147938372305845,45.9394106011851,0.000971217462062389
33.20845,45.94041,0.00197061627694239,45.9396256863417,0.00118630261868258
33.21978,45.94021,0.00177061627694286,45.9398136106942,0.00137422697113943
33.23112,45.9414,0.00296061627694399,45.9399611873888,0.0015218036657312
33.24242,45.94206,0.00362061627694032,45.9400621351806,0.001622751457568
33.25375,45.94184,0.00340061627694155,45.9401176588181,0.00167827509508011
33.26507,45.93864,0.000200616276941901,45.940135661858,0.00169627813496549
33.27641,45.93898,0.00054061627694324,45.9401287294526,0.00168934572950387
33.28775,45.93965,0.00121061627694274,45.9401113257851,0.00167194206204422
33.2991,45.93995,0.0015106162769456,45.9400968227997,0.00165743907662089
33.31044,45.93981,0.00137061627694379,45.9400949559359,0.00165557221281297
33.32178,45.93611,-0.00232938372305824,45.9401101549178,0.00167077119472423
33.33311,45.94157,0.00313061627694111,45.9401410119019,0.00170162817886771
33.34444,45.94106,0.00262061627694266,45.9401809365062,0.00174155278309556
33.35574,45.94032,0.00188061627694225,45.9402197966896,0.00178041296650332
33.36708,45.94155,0.00311061627694187,45.9402461272806,0.00180674355756991
33.3784,45.94052,0.00208061627694178,45.9402494102991,0.00181002657608113
33.38973,45.93965,0.00121061627694274,45.9402220088474,0.00178262512433136
33.40105,45.942,0.0035606162769426,45.940160491765,0.00172110804197844
33.41239,45.93884,0.000400616276941435,45.9400662413656,0.0016268576424991
33.42373,45.93885,0.000410616276944609,45.9399453590822,0.00150597535917015
33.43507,45.94147,0.0030306162769449,45.9398079659076,0.00136858218449697
33.4464,45.93984,0.0014006162769391,45.9396670262575,0.00122764253447872
33.45771,45.93887,0.000430616276943852,45.9395368135272,0.00109742980419108
33.46904,45.93991,0.00147061627694001,45.9394311300347,0.000991746311620714
33.4804,45.94064,0.00220061627694434,45.9393614279521,0.000922044229053081
33.49174,45.93844,6.16276942366767e-07,45.9393350347453,0.000895651022239077
33.50304,45.93629,-0.00214938372305795,45.9393537435705,0.000914359847476521
33.51436,45.93929,0.000850616276942162,45.9394130675768,0.000973683853713378
33.5257,45.93944,0.00100061627694004,45.939502417322,0.00106303359891211
33.53704,45.94045,0.00201061627694088,45.939606287941,0.00116690421797002
33.54838,45.93916,0.000720616276943531,45.9397062927859,0.00126690906288806
33.55971,45.94083,0.0023906162769407,45.9397836854886,0.00134430176557575
33.57106,45.94032,0.00188061627694225,45.9398219443361,0.00138256061300261
33.5824,45.94014,0.00170061627694196,45.939809025431,0.00136964170798639
33.59371,45.93998,0.00154061627694091,45.9397389772895,0.0012995935664298
33.60508,45.94029,0.00185061627693983,45.9396127250446,0.00117334132157455
33.61642,45.93954,0.00110061627694336,45.939437959167,0.000998575443916824
33.62776,45.93771,-0.000729383723054866,45.9392281826061,0.000788798883012378
33.6391,45.94064,0.00220061627694434,45.9390010660975,0.000561682374416357
33.65045,45.93902,0.000580616276941726,45.938776318105,0.000336934381912145
33.66177,45.93842,-1.93837230568761e-05,45.9385732951913,0.000133911468236963
33.67308,45.93841,-2.93837230600502e-05,45.9384085983829,-3.0785340173294e-05
33.68443,45.93747,-0.000969383723059991,45.9382939523416,-0.000145431381490063
33.69578,45.93459,-0.00384938372305754,45.9382347178979,-0.000204665825118567
33.70711,45.93821,-0.000229383723059584,45.9382293716172,-0.000210012105821226
33.71842,45.93954,0.00110061627694336,45.9382701357733,-0.000169247949712709
33.72974,45.93801,-0.000429383723059118,45.9383446647185,-9.47190046008776e-05
33.74109,45.94034,0.00190061627694149,45.9384383993772,-9.84345896385092e-07
33.75242,45.94064,0.00220061627694434,45.9385370376367,9.76539136229115e-05
33.76376,45.93726,-0.00117938372305559,45.9386286003186,0.000189216595512268
33.77509,45.93879,0.000350616276939775,45.9387047605438,0.000265376820737235
33.78643,45.93844,6.16276942366767e-07,45.9387613518933,0.000321968170221961
33.79777,45.93924,0.000800616276940502,45.9387981659184,0.000358782195370202
33.8091,45.93979,0.00135061627694455,45.9388182307407,0.000378847017673401
33.82044,45.93739,-0.00104938372305696,45.938826766643,0.000387382919971828
33.83175,45.93792,-0.000519383723059264,45.9388300170002,0.000390633277191607
33.84307,45.93774,-0.000699383723059555,45.9388341663643,0.000394782641204902
33.85441,45.94098,0.00254061627694568,45.9388445252169,0.000405141493813293
33.86575,45.93945,0.00101061627694321,45.9388650511026,0.000425667379556973
33.8771,45.93703,-0.00140938372305754,45.9388981526724,0.000458768949343694
33.8884,45.93882,0.000380616276942192,45.9389446807913,0.000505297068210361
33.89974,45.93941,0.000970616276944725,45.9390040460016,0.000564662278574788
33.91108,45.94035,0.00191061627694467,45.939074420915,0.000635037191989031
33.92242,45.93929,0.000850616276942162,45.9391529497698,0.000713566046718255
33.93373,45.93997,0.00153061627694484,45.9392358647119,0.000796480988804946
33.94505,45.93769,-0.000749383723054109,45.9393184691291,0.000879085405997075
33.95638,45.94046,0.00202061627694405,45.9393950693938,0.000955685670784364
33.96772,45.93755,-0.000889383723055914,45.9394590368092,0.00101965308615012
33.97902,45.93835,-8.93837230577788e-05,45.9395032035793,0.0010638198562702
33.99037,45.93898,0.00054061627694324,45.9395207286662,0.00108134494314039
34.00172,45.93977,0.00133061627694531,45.9395064192834,0.00106703556034217
34.01306,45.94123,0.00279061627693977,45.9394582861978,0.00101890247477611
34.02436,45.94141,0.00297061627694006,45.939378917261,0.000939533537933361
34.03568,45.9397,0.0012606162769444,45.9392761791263,0.00083679540319254
34.04703,45.94054,0.00210061627694103,45.9391628694633,0.000723485740284194
34.05835,45.93861,0.000170616276939484,45.9390552145041,0.000615830781061465
34.06968,45.93787,-0.000569383723060923,45.9389704365239,0.000531052800830034
34.08103,45.93641,-0.00202938372305539,45.9389238875473,0.000484503824218791
34.09238,45.94049,0.00205061627693937,45.9389263739462,0.000486990223104518
34.10372,45.93618,-0.00225938372305734,45.9389822456783,0.000542861955251115
34.11505,45.93907,0.000630616276943385,45.939088629495,0.000649245771953287
34.12635,45.93771,-0.000729383723054866,45.9392359320878,0.000796548364719049
34.13768,45.94064,0.00220061627694434,45.9394094840889,0.00097010036582564
34.14901,45.94202,0.00358061627694184,45.9395919550493,0.00115257132620599
34.16032,45.94057,0.00213061627694344,45.9397659871346,0.00132660341154537
34.17167,45.94127,0.00283061627694536,45.9399164606005,0.00147707687747562
34.18297,45.93932,0.000880616276944579,45.9400319661929,0.00159258246983873
34.19429,45.94073,0.00229061627694449,45.9401053566482,0.00166597292511771
34.20563,45.93774,-0.000699383723059555,45.9401335485795,0.00169416485643727
34.21697,45.93897,0.000530616276940066,45.9401169360557,0.00167755233266689
34.22831,45.94035,0.00191061627694467,45.940058808089,0.00161942436590015
34.23963,45.93842,-1.93837230568761e-05,45.9399650364914,0.00152565276835882
34.25097,45.94133,0.00289061627694309,45.9398440728213,0.0014046890982557
34.2623,45.94085,0.00241061627693995,45.939707057418,0.00126767369498923
34.27364,45.94141,0.00297061627694006,45.9395676895489,0.00112830582586741
34.28497,45.94184,0.00340061627694155,45.9394414965859,0.00100211286283277
34.2963,45.93827,-0.00016938372305475,45.9393443020769,0.000904918353811486
34.30767,45.93674,-0.00169938372305722,45.9392899997697,0.000850616046671854
34.31901,45.93834,-9.93837230609529e-05,45.9392880753117,0.000848691588616243
34.33031,45.93972,0.00128061627694365,45.9393415087299,0.000902125006863495
34.34165,45.93753,-0.000909383723055157,45.9394456393988,0.00100625567575597
34.35295,45.9392,0.000760616276942017,45.9395883408722,0.00114895714914067
34.36426,45.93845,1.06162769455409e-05,45.939751573444,0.00131218972098893
34.37558,45.93989,0.00145061627694076,45.939914127207,0.00147474348389563
34.38694,45.94071,0.00227061627694525,45.9400551287702,0.00161574504716664
34.39827,45.94341,0.00497061627694251,45.9401576666483,0.00171828292521479
34.40961,45.94402,0.00558061627694428,45.9402117614539,0.00177237773082734
34.42094,45.9399,0.00146061627694394,45.9402159700327,0.00177658630963412
34.43229,45.93839,-4.93837230592931e-05,45.9401772277009,0.00173784397783378
34.44361,45.94043,0.00199061627694164,45.9401090185383,0.00166963481525018
34.45493,45.93941,0.000970616276944725,45.9400284017707,0.00158901804760428
34.46628,45.93829,-0.000149383723055507,45.9399526301771,0.00151324645402011
34.4776,45.93854,0.000100616276945686,45.9398960707134,0.00145668699033416
34.48896,45.93931,0.000870616276941405,45.9398679782748,0.00142859455171272
34.50029,45.94045,0.00201061627694088,45.9398714444459,0.00143206072280999
34.51164,45.93873,0.000290616276942046,45.9399035748765,0.0014641911534049
34.52296,45.94072,0.00228061627694132,45.9399566988028,0.00151731507976962
34.53429,45.94118,0.00274061627694522,45.940020239585,0.00158085586189459
34.54562,45.94068,0.00224061627694283,45.9400827906285,0.00164340690541467
34.55695,45.94154,0.0031006162769458,45.9401339449134,0.00169456119030007
34.56828,45.94209,0.00365061627694274,45.9401655281915,0.00172614446843765
34.57962,45.9388,0.000360616276942949,45.9401720853343,0.00173270161122801
34.59096,45.93768,-0.000759383723057283,45.9401507306628,0.00171134693976906
34.60232,45.93733,-0.00110938372305469,45.9401007098961,0.00166132617299433
34.61364,45.94078,0.00234061627693904,45.9400231011189,0.00158371739582723
34.625,45.94203,0.00359061627694501,45.9399209169774,0.00148153325437825
34.63633,45.93942,0.000980616276940793,45.939799539874,0.00136015615094021
34.64765,45.94127,0.00283061627694536,45.9396671436747,0.00122775995161501
34.65898,45.94096,0.00252061627693934,45.9395346911378,0.00109530741473784
34.6703,45.94052,0.00208061627694178,45.9394152359244,0.000975852201316519
34.68165,45.93633,-0.00210938372305947,45.9393225030983,0.000883119375243249
34.69295,45.94032,0.00188061627694225,45.9392689862858,0.000829602562729266
34.70427,45.9364,-0.00203938372305856,45.9392639970874,0.000824613364311152
34.7156,45.94003,0.00159061627694257,45.9393121470003,0.000872763277280418
34.72695,45.93874,0.00030061627694522,45.9394126198979,0.000973236174887644
34.73827,45.9386,0.000160616276943415,45.9395593775624,0.00111999383936165
34.74961,45.94022,0.00178061627693893,45.939742220523,0.00130283679991416
34.76096,45.94058,0.00214061627693951,45.9399484471497,0.00150906342664796
34.7723,45.9431,0.00466061627694359,45.9401647290052,0.00172534528217728
34.78365,45.93952,0.00108061627694411,45.9403787771457,0.0019393934226446
34.79499,45.94142,0.00298061627694324,45.9405804565686,0.00214107284552008
34.80634,45.93954,0.00110061627694336,45.9407622090255,0.00232282530243741
34.81767,45.94077,0.00233061627694298,45.9409188760335,0.00247949231041688
34.829,45.94246,0.00402061627693939,45.9410471649505,0.00260778122747417
34.84032,45.93816,-0.000279383723054138,45.9411450383501,0.00270565462702009
34.85165,45.9392,0.000760616276942017,45.9412112706102,0.00277188688712718
34.86295,45.94318,0.00474061627694056,45.941245330255,0.00280594653191868
34.87428,45.94342,0.00498061627694568,45.9412475891866,0.00280820546350241
34.8856,45.9423,0.00386061627694545,45.9412196594684,0.00278027574534858
34.89694,45.94003,0.00159061627694257,45.9411645551705,0.00272517144747885
34.90826,45.94065,0.00221061627694041,45.9410864784387,0.00264709471559572
34.91959,45.94107,0.00263061627694583,45.9409902557332,0.00255087201017787
34.93091,45.93953,0.00109061627694018,45.9408806210344,0.00244123731138107
34.94228,45.94353,0.00509061627694507,45.9407615703446,0.00232218662151363
34.95361,45.9392,0.000760616276942017,45.9406359491749,0.00219656545186114
34.96494,45.9379,-0.000539383723058506,45.9405053776919,0.00206599396888115
34.9763,45.93867,0.000230616276944318,45.9403705984577,0.00193121473465235
34.98764,45.94218,0.00374061627694289,45.9402322777187,0.00179289399561004
34.99896,45.94229,0.00385061627694228,45.9400921171324,0.00165273340930673
35.01029,45.94102,0.00258061627694417,45.9399538938738,0.00151451015075526
35.02159,45.94256,0.00412061627694271,45.9398239347654,0.00138455104229342
35.03291,45.93756,-0.000879383723059846,45.9397106748449,0.0012712911218816
35.04425,45.94035,0.00191061627694467,45.9396232936393,0.00118390991624928
35.05556,45.93758,-0.000859383723060603,45.9395697871748,0.00113040345170112
35.0669,45.93731,-0.00112938372306104,45.9395550621296,0.0011156784065078
35.07825,45.93853,9.06162769425123e-05,45.9395796582853,0.00114027456220711
35.08957,45.93846,2.06162769416096e-05,45.9396395234141,0.00120013969108372
35.10092,45.94047,0.00203061627694012,45.9397269363548,0.00128755263172273
35.11226,45.94346,0.00502061627694417,45.9398322960235,0.00139291230046816
35.12357,45.94033,0.00189061627694542,45.9399462014143,0.00150681769124605
35.13488,45.94105,0.00261061627693948,45.9400611685684,0.00162178484539058
35.1462,45.94075,0.00231061627694373,45.9401725047444,0.00173312102130746
35.15754,45.9394,0.00096061627694155,45.940278194038,0.00183881031493118
35.16885,45.93976,0.00132061627694213,45.9403779821064,0.00193859838337637
35.18019,45.93898,0.00054061627694324,45.940472065028,0.00203268130490752
35.19156,45.94109,0.00265061627694507,45.9405598513531,0.00212046762999979
35.20287,45.93953,0.00109061627694018,45.9406391918816,0.00219980815858145
35.21419,45.9392,0.000760616276942017,45.9407063105398,0.00226692681678511
35.22551,45.94028,0.00184061627694376,45.9407564813209,0.0023170975978473
35.23683,45.94312,0.00468061627694283,45.940785303422,0.00234591969893272
35.24817,45.94071,0.00227061627694525,45.9407902353146,0.00235085159152337
35.25952,45.94238,0.00394061627694242,45.9407719108332,0.00233252711017707
35.27087,45.94386,0.00542061627694324,45.940734758692,0.00229537496894253
35.2822,45.94041,0.00197061627694239,45.9406866128429,0.00224722911988274
35.29353,45.93896,0.000520616276943997,45.9406372994875,0.00219791576440606
35.30488,45.93847,3.06162769447837e-05,45.9405965370608,0.00215715333770715
35.31622,45.93941,0.000970616276944725,45.9405717530583,0.00213236933526824
35.32757,45.93921,0.000770616276945191,45.9405664634874,0.00212707976429365
35.33891,45.94097,0.00253061627694251,45.9405796473774,0.00214026365435766
35.35024,45.94206,0.00362061627694032,45.9406061954979,0.00216681177482109
35.36158,45.94007,0.00163061627694105,45.9406381832006,0.00219879947758916
35.37292,45.94295,0.00451061627694571,45.9406665277846,0.00222714406150886
35.38425,45.94083,0.0023906162769407,45.9406825733133,0.00224318959022458
35.39557,45.93987,0.00143061627694152,45.9406792627612,0.00223987903817332
35.40692,45.94251,0.00407061627694105,45.9406517414041,0.00221235768108242
35.41825,45.93746,-0.00097938372305606,45.9405974192802,0.00215803555715942
35.42959,45.94221,0.0037706162769453,45.9405156494358,0.0020762657127077
35.44094,45.9419,0.00346061627693928,45.9404072265748,0.00196784285169939
35.45229,45.93713,-0.00130938372305422,45.9402738966299,0.00183451290686496
35.46363,45.93793,-0.000509383723056089,45.9401180399258,0.00167865620275121
35.47496,45.94063,0.00219061627694117,45.9399426548386,0.0015032711155654
35.48631,45.94342,0.00498061627694568,45.9397516564563,0.00131227273326425
35.49762,45.93877,0.000330616276940532,45.9395502998228,0.0011109160997671
35.50895,45.94064,0.00220061627694434,45.9393453831097,0.000905999386646682
35.52028,45.93993,0.00149061627693925,45.9391449363719,0.00070555264884671
35.5316,45.93948,0.00104061627694563,45.9389573313534,0.000517947630384103
35.54294,45.93476,-0.00367938372306043,45.9387900152369,0.000350631513798605
35.55429,45.93769,-0.000749383723054109,45.9386482666769,0.000208882953859913
35.56564,45.93891,0.000470616276942337,45.9385344215285,9.50378053978726e-05
35.57699,45.93876,0.000320616276944463,45.9384478677704,8.48404735990778e-06
35.58836,45.93789,-0.000549383723054575,45.9383858215549,-5.35621681189593e-05
35.59967,45.93858,0.000140616276944172,45.9383446283636,-9.47553594494939e-05
35.611,45.93963,0.0011906162769435,45.9383211924812,-0.000118191241810592
35.62234,45.9407,0.00226061627694207,45.9383141117117,-0.000125272011339572
35.63369,45.94044,0.00200061627694481,45.9383241519268,-0.000115231796241882
35.64505,45.93628,-0.00215938372306113,45.9383538652912,-8.55184318877372e-05
35.65636,45.93581,-0.0026293837230611,45.9384064490964,-3.29346266809489e-05
35.66771,45.93805,-0.000389383723060632,45.9384842516676,4.48679445082552e-05
35.67901,45.93768,-0.000759383723057283,45.9385874704691,0.000148086746087515
35.69032,45.94006,0.00162061627694499,45.9387134640928,0.000274080369742591
35.70165,45.93715,-0.00128938372305498,45.9388568160825,0.000417432359461542
35.713,45.93941,0.000970616276944725,45.939010024533,0.000570640809915066
35.72435,45.94167,0.00323061627694443,45.9391645361188,0.0007251523957318
35.73571,45.94084,0.00240061627694388,45.9393117836242,0.000872399901120678
35.74705,45.93984,0.0014006162769391,45.9394439185046,0.00100453478150375
35.75841,45.93777,-0.000669383723057138,45.939554091,0.00111470727694445
35.76974,45.93773,-0.000709383723055623,45.9396363937054,0.00119700998232505
35.78109,45.93956,0.0011206162769426,45.9396858069848,0.00124642326171805
35.79246,45.93655,-0.00188938372306069,45.9396985147631,0.00125913104000038
35.80378,45.94129,0.00285061627694461,45.93967276929,0.00123338556692562
35.81512,45.94114,0.00270061627693963,45.9396101675681,0.00117078384502356
35.82644,45.94224,0.00380061627694062,45.9395168986987,0.00107751497562755
35.83776,45.94076,0.0023206162769398,45.939404370001,0.000964986277891968
35.84909,45.93932,0.000880616276944579,45.9392887174272,0.00084933370418511
35.86041,45.93906,0.000620616276940211,45.939189031437,0.000749647713983095
35.87173,45.93914,0.000700616276944288,45.9391245371838,0.00068515346069677
35.88307,45.93676,-0.00167938372305798,45.939111292159,0.000671908435929692
35.89441,45.93701,-0.00142938372305679,45.9391591183579,0.000719734634809919
35.90574,45.93996,0.00152061627694167,45.9392694559141,0.000830072191061922
35.91708,45.93776,-0.000679383723060312,45.9394346282311,0.000995244508023185
35.92842,45.9387,0.000260616276939629,45.9396387006085,0.00119931688548895
35.93974,45.93976,0.00132061627694213,45.9398597872442,0.0014204035211618
35.95109,45.94146,0.00302061627694172,45.9400733794933,0.00163399577027126
35.96243,45.9449,0.00646061627693939,45.9402560522239,0.00181666850088866
35.97376,45.94027,0.00183061627694059,45.9403888071062,0.00194942338309778
35.98508,45.93903,0.0005906162769449,45.9404594237078,0.00202003998478032
35.99643,45.9399,0.00146061627694394,45.9404635149813,0.00202413125822966
36.00776,45.9423,0.00386061627694545,45.9404043579153,0.00196497419227184
36.01911,45.93822,-0.00021938372305641,45.9402917959839,0.00185241226081666
36.03043,45.94059,0.00215061627694269,45.9401405535351,0.00170116981202963
36.04177,45.93865,0.000210616276945075,45.9399682651605,0.00152888143748456
36.05312,45.94239,0.0039506162769456,45.939793472041,0.00135408831791298
36.06446,45.93771,-0.000729383723054866,45.9396337725041,0.00119438878103045
36.07579,45.93847,3.06162769447837e-05,45.939504253798,0.00106487007491881
36.08714,45.93977,0.00133061627694531,45.9394163026065,0.000976918883405654
36.09848,45.94005,0.00161061627694181,45.9393768618637,0.000937478140647212
36.1098,45.93933,0.000890616276940648,45.9393881276369,0.000948743913846821
36.12114,45.94099,0.00255061627694175,45.9394475945987,0.00100821087567118
36.13247,45.94015,0.00171061627694513,45.9395483382697,0.00110895454663312
36.14381,45.93626,-0.00217938372306037,45.9396794950852,0.00124011136215003
36.15516,45.9387,0.000260616276939629,45.9398270197721,0.00138763604907964
36.16647,45.94076,0.0023206162769398,45.9399748598713,0.00153547614821703
36.1778,45.94078,0.00234061627693904,45.9401065957476,0.00166721202450943
36.18913,45.94131,0.00287061627694385,45.9402073786387,0.00176799491560383
36.20046,45.93956,0.0011206162769426,45.9402658126492,0.00182642892614872
36.21178,45.94278,0.00434061627694149,45.9402753914199,0.00183600769682505
36.22313,45.93964,0.00120061627693957,45.9402352034529,0.00179581972980243
36.23447,45.94123,0.00279061627693977,45.9401497859492,0.00171040222615506
36.24582,45.93806,-0.000379383723057458,45.9400281896003,0.00158880587721035
36.25717,45.93956,0.0011206162769426,45.9398824851965,0.00144310147344305
36.26853,45.93932,0.000880616276944579,45.9397260423361,0.00128665861308121
36.27987,45.93954,0.00110061627694336,45.9395718944507,0.0011325107276745
36.29123,45.94051,0.00207061627694571,45.9394313912497,0.000992007526629349
36.30255,45.93855,0.000110616276941755,45.939313207559,0.000873823835964732
36.31385,45.94067,0.00223061627693966,45.9392227010516,0.000783317328516269
36.32518,45.93671,-0.00172938372305964,45.9391616108105,0.000722227087423654
36.33648,45.93974,0.00130061627694289,45.9391281287575,0.000688745034463631
36.34781,45.93898,0.00054061627694324,45.9391173975387,0.000678013815666848
36.35915,45.9394,0.00096061627694155,45.9391224524408,0.000683068717714934
36.37049,45.93808,-0.000359383723058215,45.9391355462792,0.000696162556113043
36.38181,45.93676,-0.00167938372305798,45.9391497197972,0.000710336074181608
36.39315,45.94088,0.00244061627694236,45.9391604093295,0.00072102560640431
36.40448,45.94298,0.00454061627694102,45.9391667763606,0.0007273926375617
36.41581,45.94219,0.00375061627693896,45.939172320984,0.000732937260897818
36.42713,45.94009,0.0016506162769403,45.9391843511325,0.000744967409459438
36.43847,45.9364,-0.00203938372305856,45.9392121660718,0.000772782348732139
36.44981,45.93627,-0.00216938372305719,45.9392643134486,0.000824929725583082
36.46114,45.93785,-0.000589383723060166,45.9393457167439,0.000906333020848198
36.47247,45.93952,0.00108061627694411,45.9394555766021,0.00101619287902788
36.48378,45.93883,0.000390616276945366,45.9395866873631,0.00114730364008642
36.49514,45.93656,-0.00187938372305751,45.939726366358,0.00128698263491021
36.50648,45.94289,0.00445061627694088,45.9398587762939,0.00141939257083999
36.51781,45.94239,0.0039506162769456,45.9399681043059,0.00152872058284139
36.52914,45.94143,0.00299061627693931,45.9400418533802,0.0016024696570918
36.5405,45.93861,0.000170616276939484,45.9400734690107,0.00163408528762626
36.55182,45.94297,0.00453061627694495,45.9400637194444,0.00162433572135447
36.56317,45.93984,0.0014006162769391,45.9400205815173,0.00158119779420365
36.5745,45.94073,0.00229061627694449,45.9399577022468,0.00151831852376725
36.58584,45.93905,0.000610616276944143,45.9398917553496,0.00145237162654125
36.5972,45.93714,-0.00129938372305816,45.9398392144073,0.00139983068422654
36.60855,45.93933,0.000890616276940648,45.9398131961983,0.0013738124752075
36.61989,45.94037,0.00193061627694391,45.9398210156249,0.00138163190181342
36.63124,45.93703,-0.00140938372305754,45.9398629160612,0.00142353233818789
36.64258,45.94053,0.00209061627694496,45.9399321685437,0.00149278482064061
36.65388,45.93906,0.000620616276940211,45.9400164622163,0.00157707849322018
36.66519,45.94291,0.00447061627694012,45.9401002707356,0.00166088701257746
36.67652,45.94099,0.00255061627694175,45.9401676891772,0.00172830545413542
36.68785,45.93987,0.00143061627694152,45.9402051520043,0.00176576828120032
36.6992,45.94318,0.00474061627694056,45.9402035213202,0.00176413759710126
36.71054,45.93795,-0.000489383723056847,45.9401592494244,0.00171986570133955
36.72188,45.94041,0.00197061627694239,45.9400745797512,0.0016351960281799
36.7332,45.93756,-0.000879383723059846,45.9399569686926,0.00151758496958754
36.74454,45.93948,0.00104061627694563,45.9398180207122,0.00137863698909668
36.75587,45.94202,0.00358061627694184,45.9396721889946,0.00123280527153705
36.7672,45.94155,0.00311061627694187,45.9395353386444,0.00109595492134466
36.77855,45.93861,0.000170616276939484,45.9394231321641,0.000983748441054238
36.78989,45.93837,-6.93837230585359e-05,45.9393492158002,0.000909832077117688
36.80124,45.93829,-0.000149383723055507,45.9393233606396,0.000883976916565175
36.81255,45.93919,0.000750616276945948,45.9393498907669,0.0009105070438732
36.82389,45.93768,-0.000759383723057283,45.9394267633848,0.000987379661785824
36.83523,45.94199,0.00355061627693942,45.9395455418612,0.00110615813809529
36.84657,45.93756,-0.000879383723059846,45.9396923142705,0.00125293054744593
36.85789,45.93934,0.000900616276943822,45.9398494479112,0.00141006418809331
36.86927,45.93894,0.000500616276944754,45.9399979642448,0.00155858052177123
36.88062,45.94257,0.00413061627694589,45.9401202309102,0.00168084718717612
36.89196,45.94169,0.00325061627694367,45.9402025571509,0.00176317342787733
36.90328,45.94157,0.00313061627694111,45.9402371933242,0.00179780960111934
36.91462,45.94178,0.00334061627694382,45.9402232861935,0.00178390247039691
36.92596,45.93821,-0.000229383723059584,45.9401665767381,0.00172719301501876
36.93731,45.93982,0.00138061627693986,45.9400779645086,0.00163858078555663
36.94863,45.93927,0.000830616276942919,45.9399713538801,0.00153197015707557
36.95998,45.93758,-0.000859383723060603,45.9398613280851,0.0014219443620258
36.97132,45.9403,0.00186061627694301,45.9397611422111,0.00132175848806717
36.98265,45.93944,0.00100061627694004,45.939681338989,0.00124195526591705
36.994,45.9422,0.00376061627694213,45.9396290538717,0.00118967014859708
37.00534,45.93726,-0.00117938372305559,45.9396078801323,0.00116849640923573
37.01668,45.93867,0.000230616276944318,45.9396180825708,0.00117869884776744
37.028,45.94413,0.00569061627694367,45.9396569688654,0.00121758514230816
37.03934,45.93944,0.00100061627694004,45.9397192715092,0.0012798877861196
37.0507,45.93858,0.000140616276944172,45.939797441047,0.00135805732391138
37.06203,45.93938,0.000940616276942308,45.9398818665825,0.00144248285941006
37.07339,45.93768,-0.000759383723057283,45.9399612133117,0.00152182958867282
37.08474,45.93867,0.000230616276944318,45.9400231614645,0.00158377774140477
37.09609,45.94001,0.00157061627694333,45.9400557341648,0.00161635044178663
37.10741,45.94146,0.00302061627694172,45.9400491377509,0.00160975402784719
37.11874,45.94278,0.00434061627694149,45.9399977283723,0.00155834464928371
37.1301,45.94257,0.00413061627694589,45.9399015163141,0.00146213259107586
37.14143,45.93977,0.00133061627694531,45.9397666525644,0.00132726884136433
37.15275,45.9379,-0.000539383723058506,45.9396046362797,0.0011652525566538
37.16409,45.93883,0.000390616276945366,45.9394304143039,0.000991030580892486
37.17541,45.93765,-0.0007893837230597,45.9392599016192,0.000820517896170383
37.18675,45.93757,-0.000869383723056671,45.93910757448,0.000668190756987046
37.19807,45.9406,0.00216061627694586,45.9389846672896,0.000545283566522908
37.2094,45.93716,-0.00127938372305891,45.9388982464356,0.000458862712575615
37.22071,45.94024,0.00180061627694528,45.9388511661008,0.000411782377700274
37.23201,45.93829,-0.000149383723055507,45.9388427183171,0.000403334594020075
37.24336,45.93952,0.00108061627694411,45.9388696943699,0.000430310646812663
37.25468,45.93995,0.0015106162769456,45.9389275535842,0.000488169861098726
37.26603,45.93919,0.000750616276945948,45.9390114249083,0.000572041185236377
37.27738,45.93995,0.0015106162769456,45.9391167424389,0.000677358715887477
37.28873,45.93745,-0.000989383723059234,45.9392394347126,0.000800050989580279
37.30008,45.94021,0.00177061627694286,45.9393757209932,0.00093633727010258
37.31141,45.93946,0.00102061627693928,45.9395216643331,0.00108228061001859
37.32273,45.94023,0.0017906162769421,45.939672658389,0.00123327466591159
37.33406,45.93753,-0.000909383723055157,45.9398230056728,0.00138362194970927
37.34541,45.94157,0.00313061627694111,45.9399657223316,0.00152633860850066
37.35672,45.9396,0.00116061627694108,45.9400926809787,0.00165329725567198
37.36807,45.93834,-9.93837230609529e-05,45.9401951550494,0.00175577132632733
37.37943,45.94082,0.00238061627694464,45.9402647575989,0.00182537387586582
37.39078,45.93977,0.00133061627694531,45.9402946844201,0.00185530069702789
37.40213,45.942,0.0035606162769426,45.9402810669453,0.00184168322225915
37.41343,45.9425,0.00406061627694498,45.9402241331299,0.00178474940681945
37.42477,45.93963,0.0011906162769435,45.9401288396413,0.00168945591825999
37.43611,45.93919,0.000750616276945948,45.9400047430758,0.0015653593527338
37.44744,45.93973,0.00129061627693972,45.9398650948836,0.00142571116054679
37.45876,45.94051,0.00207061627694571,45.939725355554,0.00128597183098097
37.4701,45.93714,-0.00129938372305816,45.9396014237983,0.00116204007526502
37.48146,45.94069,0.0022506162769389,45.9395078631873,0.00106847946422908
37.49282,45.94135,0.00291061627694233,45.939456339932,0.00101695620896931
37.50415,45.93718,-0.00125938372305967,45.9394544098457,0.00101502612268668
37.51551,45.93826,-0.000179383723057924,45.9395047493735,0.00106536565041879
37.52682,45.94043,0.00199061627694164,45.9396049236181,0.00116553989503952
37.53816,45.9396,0.00116061627694108,45.939747762605,0.00130837888196377
37.54951,45.93959,0.00115061627694502,45.9399223215911,0.00148293786804514
37.56085,45.94025,0.00181061627694135,45.9401152752674,0.00167589154437145
37.57217,45.94006,0.00162061627694499,45.940312512358,0.0018731286349728
37.58349,45.94305,0.00461061627694193,45.9405006646768,0.0020612809537002
37.59481,45.94047,0.00203061627694012,45.940668304708,0.00222892098496652
37.60616,45.94226,0.00382061627693986,45.9408065996351,0.00236721591199523
37.61749,45.94091,0.00247061627694478,45.9409093511539,0.00246996743082934
37.62883,45.93623,-0.00220938372305568,45.9409725587683,0.00253317504526518
37.64018,45.94243,0.00399061627694408,45.9409938277741,0.00255444405100452
37.65151,45.94078,0.00234061627693904,45.9409719855183,0.00253260179526092
37.66283,45.93953,0.00109061627694018,45.9409071245853,0.00246774086223055
37.67418,45.94295,0.00451061627694571,45.9408010459735,0.00236166225041422
37.68553,45.94144,0.00300061627694248,45.9406578726619,0.00221848893883269
37.69687,45.94035,0.00191061627694467,45.9404845215843,0.00204513786125256
37.70822,45.94152,0.00308061627693945,45.940290763144,0.00185137942095929
37.71954,45.94035,0.00191061627694467,45.940088734172,0.00164935044890098
37.73088,45.93656,-0.00187938372305751,45.9398919478418,0.00145256411873072
37.74224,45.94191,0.00347061627694245,45.9397139920371,0.00127460831401709
37.75356,45.9393,0.000860616276945336,45.9395671677898,0.00112778406673141
37.76491,45.93925,0.000810616276943676,45.9394612803044,0.00102189658130595
37.77626,45.93883,0.000390616276945366,45.9394027170039,0.000963333280857007
37.78757,45.93755,-0.000889383723055914,45.9393938997418,0.000954516018729454
37.7989,45.94329,0.00485061627693995,45.9394331715141,0.000993787790993699
37.81023,45.936,-0.00243938372305763,45.9395151220991,0.00107573837606252
37.82157,45.94215,0.00371061627694047,45.9396312846847,0.00119190096168574
37.8329,45.93836,-7.93837230546046e-05,45.9397711018947,0.00133171817160493
37.84425,45.93997,0.00153061627694484,45.9399230718585,0.00148368813547526
37.85559,45.93904,0.000600616276940968,45.9400760007252,0.00163661700218427
37.86692,45.94072,0.00228061627694132,45.9402202733731,0.00178088965004528
37.87827,45.94148,0.00304061627694097,45.9403490010386,0.00190961731554802
37.88963,45.94244,0.00400061627694015,45.9404588361257,0.00201945240264709
37.90097,45.93909,0.000650616276942628,45.940550223936,0.00211084021292056
37.91232,45.94113,0.00269061627694356,45.9406269455927,0.00218756186968495
37.92363,45.9424,0.00396061627694166,45.9406949739879,0.0022555902648759
37.93493,45.93859,0.000150616276940241,45.9407608306588,0.00232144693574054
37.94627,45.94218,0.00374061627694289,45.9408297446538,0.00239036093071795
37.95761,45.93847,3.06162769447837e-05,45.9409039818726,0.0024645981495784
37.96894,45.93994,0.00150061627694242,45.9409817345641,0.00254235084109143
37.9803,45.9399,0.00146061627694394,45.941056901357,0.0026175176339819
37.99164,45.9412,0.00276061627694446,45.9411199222978,0.00268053857474862
38.00299,45.94125,0.00281061627693902,45.9411595797836,0.00272019606054078
38.01434,45.94244,0.00400061627694015,45.9411654049166,0.00272602119351345
38.02567,45.94316,0.00472061627694131,45.9411301319927,0.00269074826965427
38.037,45.94328,0.00484061627694388,45.9410515920571,0.00261220833402412
38.04834,45.94024,0.00180061627694528,45.9409335602892,0.00249417656617303
38.05967,45.94102,0.00258061627694417,45.9407853536009,0.00234596987782446
38.07101,45.93829,-0.000149383723055507,45.9406203259422,0.00218094221915812
38.08234,45.94027,0.00183061627694059,45.9404536883198,0.00201430459672513
38.09366,45.94111,0.00267061627694432,45.9403001798099,0.00186079608681287
38.10501,45.93888,0.00044061627693992,45.9401720358972,0.0017326521741835
38.11633,45.94112,0.00268061627694038,45.9400775399803,0.00163815625724616
38.12764,45.93738,-0.00105938372306014,45.9400203066451,0.00158092292207298
38.13898,45.94022,0.00178061627693893,45.9399993557446,0.00155997202155515
38.1503,45.94,0.00156061627694015,45.9400099459772,0.0015705622541832
38.16161,45.94014,0.00170061627694196,45.9400450027788,0.00160561905569682
38.17295,45.94353,0.00509061627694507,45.9400968218596,0.00165743813652971
38.18429,45.9399,0.00146061627694394,45.9401586382828,0.00171925455976607
38.19564,45.93872,0.000280616276945977,45.9402256977189,0.0017863139958456
38.20697,45.94113,0.00269061627694356,45.9402956484209,0.0018562646978235
38.2183,45.94049,0.00205061627693937,45.9403682857637,0.00192890204066104
38.22965,45.94173,0.00329061627694216,45.9404448107827,0.00200542705962914
38.24099,45.93859,0.000150616276940241,45.9405268030191,0.00208741929605248
38.25233,45.93975,0.00131061627693896,45.9406151308257,0.0021757471026645
38.26364,45.94123,0.00279061627693977,45.9407090505441,0.00226966682105642
38.27495,45.93986,0.00142061627694545,45.9408057222679,0.00236633854482259
38.28631,45.93962,0.00118061627694033,45.9409002628012,0.00246087907813066
38.29765,45.94336,0.00492061627694085,45.9409863069452,0.00254692322213959
38.30899,45.94273,0.00429061627693983,45.9410569124097,0.00261752868663039
38.32033,45.93864,0.000200616276941901,45.9411055671866,0.00266618346358524
38.33167,45.94154,0.0031006162769458,45.9411270840974,0.00268770037431048
38.34301,45.94127,0.00283061627694536,45.9411182761509,0.00267889242779544
38.35435,45.94183,0.00339061627694548,45.9410783968754,0.00263901315237964
38.36568,45.94154,0.0031006162769458,45.9410093410664,0.00256995734335886
38.37699,45.9389,0.000460616276939163,45.9409155873205,0.00247620359747429
38.38836,45.9422,0.00376061627694213,45.940803888589,0.00236450486595681
38.3997,45.93954,0.00110061627694336,45.9406827585418,0.0022433748187564
38.41103,45.94266,0.00422061627693893,45.9405618053671,0.00212242164401312
38.42234,45.93965,0.00121061627694274,45.9404509355535,0.00201155183046171
38.43368,45.9408,0.00236061627694539,45.9403594443582,0.00192006063510755
38.44501,45.93901,0.000570616276945657,45.9402950579468,0.00185567422378268
38.45636,45.94006,0.00162061627694499,45.9402630616461,0.00182367792306488
38.46768,45.93993,0.00149061627693925,45.9402656764909,0.00182629276782084
38.479,45.94068,0.00224061627694283,45.9403017991669,0.00186241544384856
38.49035,45.94091,0.00247061627694478,45.9403671226229,0.00192773889987994
38.5017,45.94087,0.00243061627693919,45.9404545652031,0.00201518148008742
38.51303,45.94053,0.00209061627694496,45.9405549049758,0.00211552125272068
38.52436,45.93955,0.00111061627693942,45.9406575519621,0.00221816823904481
38.53572,45.93882,0.000380616276942192,45.9407514552389,0.00231207151580224
38.54707,45.9428,0.00436061627694073,45.9408261652279,0.002386781504831
38.5584,45.94143,0.00299061627693931,45.9408730053576,0.00243362163455673
38.56974,45.94056,0.00212061627694027,45.9408861852747,0.00244680155166137
38.58108,45.9421,0.00366061627694592,45.9408636118433,0.00242422812026625
38.59241,45.94161,0.0031706162769396,45.9408071891971,0.00236780547405341
38.60376,45.94165,0.00321061627694519,45.9407225199398,0.00228313621675497
38.61507,45.93768,-0.000759383723057283,45.9406180765875,0.00217869286448739
38.62641,45.93926,0.000820616276939745,45.9405040700556,0.00206468633257564
38.63776,45.93857,0.000130616276940998,45.9403913303514,0.00195194662838506
38.64911,45.94397,0.00553061627694262,45.9402904403248,0.00185105660169193
38.66043,45.94234,0.00390061627694394,45.9402111323395,0.00177174861649062
38.67176,45.93982,0.00138061627693986,45.9401617382678,0.00172235454473042
38.68312,45.93855,0.000110616276941755,45.9401484723858,0.00170908866277067
38.69447,45.94002,0.00158061627693939,45.9401745403031,0.0017351565800574
38.7058,45.93906,0.000620616276940211,45.9402393134867,0.0017999297635901
38.71715,45.94042,0.00198061627694557,45.9403378958615,0.00189851213840358
38.72848,45.93946,0.00102061627693928,45.9404613149138,0.00202193119075392
38.73978,45.94232,0.00388061627694469,45.9405973952403,0.00215801151728595
38.7511,45.93791,-0.000529383723055332,45.9407322091504,0.00229282542729514
38.76243,45.9426,0.0041606162769412,45.9408518823059,0.00241249858283784
38.77378,45.94234,0.00390061627694394,45.9409444572906,0.00250507356753912
38.78513,45.94321,0.00477061627694297,45.9410014758021,0.00256209207899871
38.79645,45.93857,0.000130616276940998,45.9410189648644,0.00257958114134082
38.80776,45.94225,0.00381061627694379,45.9409976508409,0.0025582671178719
38.81913,45.9405,0.00206061627694254,45.9409424376482,0.00250305392516728
38.83046,45.94009,0.0016506162769403,45.9408613548305,0.00242197110739922
38.84179,45.94134,0.00290061627693916,45.940764241026,0.00232485730290859
38.85313,45.93949,0.0010506162769417,45.9406614089984,0.00222202527535856
38.86445,45.9411,0.00266061627694114,45.9405624877163,0.00212310399323697
38.87577,45.94087,0.00243061627693919,45.9404755745542,0.00203619083112542
38.88709,45.93772,-0.000719383723058797,45.9404067673585,0.00196738363539342
38.89845,45.94056,0.00212061627694027,45.940360087173,0.00192070344991867
38.90977,45.94254,0.00410061627694347,45.9403377281158,0.0018983443926947
38.92109,45.94154,0.0031006162769458,45.9403404642726,0.00190108054954905
38.93242,45.94077,0.00233061627694298,45.9403679592314,0.00192857550829906
38.94376,45.94032,0.00188061627694225,45.9404187652366,0.00197938151355597
38.95512,45.94025,0.00181061627694135,45.9404899865765,0.00205060285346742
38.96647,45.93788,-0.000559383723057749,45.9405768085726,0.00213742484955441
38.97781,45.9409,0.00246061627694161,45.9406722275626,0.00223284383951263
38.98914,45.93906,0.000620616276940211,45.9407672933442,0.002327909621174
39.00047,45.94137,0.00293061627694158,45.9408520034356,0.00241261971251244
39.01181,45.94243,0.00399061627694408,45.9409167365055,0.00247735278249272
39.02314,45.94353,0.00509061627694507,45.940953883727,0.00251450000393051
39.03448,45.94115,0.0027106162769428,45.9409592358679,0.00251985214488081
39.04582,45.93912,0.000680616276945045,45.9409327735812,0.00249338985819048
39.05716,45.93948,0.00104061627694563,45.940878749397,0.00243936567392339
39.06849,45.94203,0.00359061627694501,45.9408051867416,0.00236580301859118
39.07984,45.94093,0.00249061627694402,45.9407229999351,0.00228361621203565
39.09118,45.94283,0.00439061627694315,45.9406448605977,0.00220547687461112
39.10251,45.94001,0.00157061627694333,45.9405838474961,0.0021444637730394
39.11384,45.93864,0.000200616276941901,45.9405519464716,0.00211256274852312
39.12517,45.93908,0.000640616276939454,45.9405585976421,0.00211921391907726
39.13652,45.94038,0.00194061627693998,45.940609583633,0.00217019990993932
39.14785,45.94212,0.00368061627694516,45.940706495058,0.00226711133490607
39.15919,45.94189,0.00345061627694321,45.9408468135511,0.00240742982805446
39.17055,45.93938,0.000940616276942308,45.9410244602948,0.00258507657179288
39.18189,45.94164,0.00320061627694201,45.9412305931229,0.00279120939987257
39.19321,45.94304,0.00460061627694586,45.9414544857444,0.00301510202129689
39.20455,45.94096,0.00252061627693934,45.9416843920496,0.00324500832657652
39.21589,45.94069,0.0022506162769389,45.9419083421601,0.00346895843703772
39.22722,45.94286,0.00442061627694557,45.942114856727,0.00367547300391059
39.23855,45.94183,0.00339061627694548,45.9422935971585,0.00385421343546581
39.24987,45.94342,0.00498061627694568,45.9424359555848,0.00399657186171002
39.2612,45.94436,0.00592061627694562,45.942535543022,0.00409615929894198
39.27253,45.93964,0.00120061627693957,45.9425885232216,0.00414913949855867
39.28386,45.9419,0.00346061627693928,45.9425937976171,0.00415441389403131
39.29521,45.9433,0.00486061627694312,45.942553121435,0.00411373771191432
39.30657,45.94204,0.00360061627694108,45.9424712261929,0.00403184246986144
39.31786,45.94383,0.00539061627694082,45.9423559147116,0.00391653098855559
39.32919,45.94152,0.00308061627693945,45.9422179694629,0.0037785857398104
39.34052,45.94277,0.00433061627694542,45.9420706698076,0.00363128608454926
39.35183,45.94598,0.00754061627694114,45.9419287609097,0.00348937718668905
39.36317,45.94035,0.00191061627694467,45.9418068298746,0.00336744615156406
39.37451,45.9399,0.00146061627694394,45.9417172265982,0.00327784287509945
39.38585,45.94017,0.00173061627694437,45.9416679062366,0.00322852251351655
39.39716,45.93887,0.000430616276943852,45.9416607535747,0.00322136985166144
39.40849,45.94288,0.00444061627694481,45.9416909227444,0.00325153902131828
39.4198,45.94281,0.00437061627694391,45.94174746065,0.00330807692691003
39.43111,45.93928,0.000840616276938988,45.9418151193765,0.00337573565347489
39.44242,45.94301,0.00457061627694344,45.9418769773516,0.0034375936285149
39.45377,45.94412,0.0056806162769405,45.9419173452591,0.00347796153606727
39.46511,45.94332,0.00488061627694236,45.9419243864585,0.00348500273543117
39.47646,45.94315,0.00471061627694525,45.9418919135064,0.00345252978331621
39.4878,45.94136,0.00292061627694551,45.9418199822102,0.00338059848716073
39.49915,45.94233,0.00389061627694076,45.9417141968593,0.00327481313620903
39.51049,45.94037,0.00193061627694391,45.9415839633754,0.00314457965237596
39.52181,45.94014,0.00170061627694196,45.9414401626206,0.00300077889753311
39.53315,45.94112,0.00268061627694038,45.9412928103465,0.00285342662347234
39.54446,45.93939,0.000950616276945482,45.9411492247005,0.00270984097739653
39.55581,45.94078,0.00234061627693904,45.941013064542,0.00257368081890995
39.56716,45.93925,0.000810616276943676,45.9408843754157,0.00244499169260257
39.5785,45.94427,0.00583061627694548,45.9407605290302,0.00232114530716429
39.58982,45.94116,0.00272061627694598,45.9406377135654,0.00219832984238857
39.60114,45.94166,0.00322061627694126,45.9405125014814,0.00207311775836429
39.6125,45.9394,0.00096061627694155,45.9403830652864,0.00194368156335834
39.62386,45.93947,0.00103061627694245,45.940249815658,0.00181043193495148
39.6352,45.94098,0.00254061627694568,45.9401154719917,0.00167608826862235
39.64654,45.93886,0.000420616276940677,45.9399847107182,0.00154532699513853
39.65789,45.9417,0.00326061627693974,45.9398635475655,0.00142416384244787
39.66924,45.93873,0.000290616276942046,45.9397585669434,0.00131918322038674
39.68058,45.93928,0.000840616276938988,45.9396760884368,0.00123670471378059
39.69191,45.93888,0.00044061627693992,45.9396213727356,0.00118198901251727
39.70325,45.94058,0.00214061627693951,45.9395979790986,0.00115859537550693
39.71458,45.93958,0.00114061627694184,45.9396073539844,0.00116797026132401
39.7259,45.93887,0.000430616276943852,45.9396486679559,0.00120928423288427
39.73725,45.94006,0.00162061627694499,45.9397188730683,0.00127948934519766
39.74859,45.94056,0.00212061627694027,45.9398129418621,0.00137355813908816
39.75994,45.93886,0.000420616276940677,45.9399242479702,0.00148486424714463
39.77132,45.93966,0.00122061627694592,45.9400450442347,0.00160566051159955
39.78268,45.94199,0.00355061627693942,45.9401669913891,0.00172760766606294
39.79403,45.9399,0.00146061627694394,45.9402816839792,0.00184230025616416
39.80537,45.94014,0.00170061627694196,45.9403811167123,0.0019417329892534
39.81673,45.93963,0.0011906162769435,45.9404580617804,0.00201867805735473
39.82808,45.94205,0.00361061627694426,45.9405063817925,0.00206699806941241
39.83942,45.94017,0.00173061627694437,45.9405213381638,0.00208195444070309
39.85076,45.93782,-0.000619383723055478,45.9404999548173,0.00206057109425171
39.86211,45.93996,0.00152061627694167,45.9404414825091,0.00200209878602076
39.87344,45.94357,0.00513061627694356,45.9403479634535,0.0019085797304272
39.88478,45.9389,0.000460616276939163,45.9402247833212,0.00178539959811927
39.89613,45.94135,0.00291061627694233,45.9400809694753,0.0016415857522266
39.90746,45.9411,0.00266061627694114,45.9399289642481,0.00148958052508343
39.91881,45.94146,0.00302061627694172,45.9397837057979,0.00134432207482738
39.93016,45.93711,-0.00132938372306057,45.9396610322467,0.00122164852361065
39.94148,45.93882,0.000380616276942192,45.9395756326641,0.00113624894108702
39.95283,45.93994,0.00150061627694242,45.9395389416476,0.00109955792457355
39.96417,45.93777,-0.000669383723057138,45.9395574273783,0.00111804365523384
39.97551,45.94041,0.00197061627694239,45.9396316269368,0.0011922432137713
39.98686,45.93837,-6.93837230585359e-05,45.9397561063099,0.00131672258687957
39.99818,45.93943,0.000990616276943967,45.9399203461192,0.00148096239613204
40.00954,45.94107,0.00263061627694583,45.940110399878,0.00167101615495202
40.02085,45.94067,0.00223061627693966,45.9403110331842,0.00187164946118931
40.03218,45.94198,0.00354061627694335,45.9405079456504,0.00206856192736337
40.0435,45.94121,0.00277061627694053,45.9406896467285,0.00225026300540245
40.05481,45.94112,0.00268061627694038,45.9408486344958,0.00240925077271358
40.06612,45.9416,0.00316061627694353,45.9409816959101,0.00254231218700337
40.07743,45.94005,0.00161061627694181,45.9410893501584,0.0026499664353919
40.08876,45.94212,0.00368061627694516,45.9411746334189,0.00273524969585361
40.10011,45.93941,0.000970616276944725,45.9412415378021,0.0028021540790352
40.11143,45.94074,0.00230061627694056,45.9412934591514,0.00285407542838344
40.12275,45.94228,0.0038406162769391,45.9413319790999,0.00289259537681163
40.13406,45.94088,0.00244061627694236,45.9413562158479,0.00291683212483851
40.14539,45.94057,0.00213061627694344,45.9413628595534,0.00292347583031995
40.1567,45.9391,0.000660616276945802,45.9413469080954,0.00290752437239288
40.16801,45.94195,0.00351061627694094,45.9413030361415,0.00286365241842956
40.17937,45.94199,0.00355061627693942,45.9412274089975,0.00278802527448281
40.19072,45.94352,0.0050806162769419,45.9411195761872,0.00268019246419286
40.20204,45.94157,0.00313061627694111,45.9409839365688,0.00254455284572845
40.21334,45.94295,0.00451061627694571,45.9408302789897,0.00239089526668333
40.22466,45.94103,0.00259061627694024,45.9406731085306,0.00223372480750879
40.23601,45.93829,-0.000149383723055507,45.9405298002878,0.00209041656478071
40.24735,45.93977,0.00133061627694531,45.9404179622114,0.00197857848832788
40.2587,45.93819,-0.000249383723058827,45.9403526132529,0.00191322952980053
40.27004,45.93999,0.00155061627694408,45.940343803725,0.00190442000189263
40.28138,45.9418,0.00336061627694306,45.9403951199832,0.00195573626013409
40.29272,45.94086,0.00242061627694312,45.9405032276975,0.00206384397439938
40.30405,45.93909,0.000650616276942628,45.9406583618521,0.00221897812903114
40.31535,45.94258,0.00414061627694196,45.940845557944,0.00240617422097577
40.32667,45.93943,0.000990616276943967,45.9410464176168,0.00260703389375953
40.33801,45.94125,0.00281061627693902,45.9412412278365,0.00280184411339745
40.34932,45.94028,0.00184061627694376,45.9414112476147,0.0029718638916705
40.36065,45.94429,0.00585061627694472,45.9415409301309,0.00310154640785777
40.37199,45.94283,0.00439061627694315,45.9416197783447,0.00318039462164367
40.3833,45.94266,0.00422061627693893,45.9416435001844,0.00320411646134924
40.39462,45.9409,0.00246061627694161,45.9416142210119,0.00317483728886499
40.40594,45.94044,0.00200061627694481,45.9415397385159,0.00310035479283017
40.41725,45.93984,0.0014006162769391,45.9414320593994,0.00299267567636579
40.42859,45.94066,0.00222061627694359,45.9413055916783,0.00286620795526907
40.43991,45.94456,0.00612061627694516,45.9411753157036,0.00273593198053578
40.45124,45.94157,0.00313061627694111,45.9410550863701,0.00261570264706363
40.46258,45.94012,0.00168061627694271,45.9409560855154,0.00251670179231251
40.47392,45.93777,-0.000669383723057138,45.940885470162,0.00244608643890075
40.48528,45.94164,0.00320061627694201,45.9408454025066,0.00240601878350308
40.4966,45.94095,0.00251061627694327,45.9408327199866,0.00239333626353637
40.50791,45.94195,0.00351061627694094,45.940839403107,0.00240001938391436
40.51925,45.9389,0.000460616276939163,45.9408538131347,0.00241442941160225
40.53061,45.94027,0.00183061627694059,45.9408625475977,0.00242316387464678
40.54194,45.94049,0.00205061627693937,45.9408527195362,0.00241333581316233
40.55327,45.94179,0.00335061627693989,45.9408144148021,0.00237503107907204
40.56458,45.94283,0.00439061627694315,45.94074297048,0.00230358675693145
40.5759,45.94257,0.00413061627694589,45.9406406162083,0.00220123248526479
40.58723,45.94067,0.00223061627693966,45.9405170468978,0.00207766317469574
40.59858,45.93839,-4.93837230592931e-05,45.9403887002551,0.00194931653204781
40.60993,45.94041,0.00197061627694239,45.940276819742,0.00183743601893318
40.62127,45.94251,0.00407061627694105,45.940204637534,0.00176525381094973
40.63261,45.93832,-0.000119383723060196,45.9401941139631,0.0017547302400586
40.64395,45.93983,0.00139061627694304,45.9402626665654,0.0018232828423669
40.65527,45.94016,0.0017206162769412,45.9404203132033,0.00198092948027349
40.66658,45.93945,0.00101061627694321,45.9406676489724,0.00222826524936193
40.67792,45.93905,0.000610616276944143,45.9409950137018,0.00255562997870171
40.68928,45.94141,0.00297061627694006,45.9413830580115,0.00294367428843903
40.70061,45.94124,0.00280061627694295,45.9418046974345,0.0033653137114266
40.71194,45.94331,0.00487061627693919,45.9422281852483,0.00378880152527058
40.72326,45.94449,0.00605061627694425,45.942620792762,0.00418140903893105
40.7346,45.94519,0.00675061627693907,45.9429524457668,0.00451306204373147
40.74593,45.94305,0.00461061627694193,45.943198696753,0.00475931302996734
40.75728,45.94393,0.00549061627694414,45.9433426259723,0.0049032422492517
40.76862,45.94015,0.00171061627694513,45.9433755893452,0.00493620562214306
40.77994,45.9446,0.00616061627694364,45.9432970278865,0.00485764416345761
40.79129,45.94221,0.0037706162769453,45.9431136929531,0.00467430923000311
40.80263,45.94157,0.00313061627694111,45.9428385965002,0.00439921277710847
40.81395,45.94503,0.00659061627694513,45.9424898451405,0.0040504614173956
40.82527,45.94322,0.00478061627693904,45.9420893670975,0.0036499833744767
40.83662,45.93949,0.0010506162769417,45.9416614654217,0.00322208169864484
40.84797,45.94168,0.0032406162769405,45.9412311624401,0.00279177871704
40.85933,45.94181,0.00337061627693913,45.9408224053497,0.00238302162665044
40.87061,45.93816,-0.000279383723054138,45.9404562867117,0.00201690298860537
40.88193,45.94273,0.00429061627693983,45.9401494427913,0.00171005906829021
40.89328,45.9397,0.0012606162769444,45.9399127619697,0.00147337824664619
40.90462,45.93865,0.000210616276945075,45.9397505200123,0.0013111362891968
40.91597,45.93761,-0.000829383723058186,45.9396600793557,0.00122069563265948
40.92731,45.93934,0.000900616276943822,45.9396323133485,0.00119292962542721
40.93864,45.94029,0.00185061627693983,45.9396528648088,0.0012134810857805
40.94997,45.93943,0.000990616276943967,45.9397041814266,0.00126479770353732
40.96132,45.93893,0.00049061627694158,45.9397680576033,0.00132867388027479
40.97266,45.94288,0.00444061627694481,45.9398282579719,0.0013888742488643
40.98402,45.94146,0.00302061627694172,45.9398727419389,0.0014333582158103
40.99534,45.93966,0.00122061627694592,45.9398950543795,0.0014556706564273
41.00669,45.93991,0.00147061627694001,45.939894615182,0.00145523145896512
41.01801,45.93999,0.00155061627694408,45.9398759103127,0.0014365265896189
41.02934,45.93881,0.000370616276939018,45.939846854602,0.0014074708788976
41.04065,45.93811,-0.000329383723055798,45.9398167553053,0.0013773715822086
41.05197,45.9407,0.00226061627694207,45.9397943280014,0.00135494427829838
41.06329,45.93943,0.000990616276943967,45.9397861276852,0.00134674396216269
41.07462,45.93921,0.000770616276945191,45.9397956048129,0.00135622108983661
41.08593,45.93841,-2.93837230600502e-05,45.9398228428484,0.00138345912532126
41.09725,45.94261,0.00417061627694437,45.9398649185976,0.00142553487458563
41.10859,45.93912,0.000680616276945045,45.9399167374439,0.00147735372088565
41.11993,45.93905,0.000610616276944143,45.939972130044,0.00153274632092238
41.13128,45.94098,0.00254061627694568,45.9400249848454,0.00158560112235054
41.14261,45.94064,0.00220061627694434,45.9400702263678,0.00163084264471023
41.15393,45.94204,0.00360061627694108,45.9401044874861,0.00166510376299725
41.16527,45.93959,0.00115061627694502,45.9401263679984,0.00168698427532398
41.17661,45.93734,-0.00109938372305862,45.940136273088,0.00169688936495326
41.18796,45.94028,0.00184061627694376,45.9401359732973,0.00169658957426206
41.1993,45.94157,0.00313061627694111,45.9401281155427,0.00168873181967442
41.21065,45.94022,0.00178061627693893,45.9401158627509,0.00167647902779896
41.22198,45.93933,0.000890616276940648,45.9401027108567,0.00166332713364781
41.23329,45.93942,0.000980616276940793,45.9400924566561,0.00165307293302714
41.24462,45.93945,0.00101061627694321,45.9400892971527,0.00164991342963996
41.25595,45.94116,0.00272061627694598,45.9400980443372,0.00165866061412502
41.26727,45.94124,0.00280061627694295,45.9401243785416,0.00168499481851071
41.2786,45.93983,0.00139061627694304,45.9401749832579,0.00173559953479567
41.28996,45.93964,0.00120061627693957,45.9402573884857,0.00181800476259956
41.3013,45.94289,0.00445061627694088,45.940379419827,0.00194003610392163
41.31264,45.94089,0.00245061627694554,45.9405482572067,0.0021088734836387
41.32399,45.93781,-0.000629383723058652,45.9407692142406,0.00232983051751522
41.33532,45.94201,0.00357061627694577,45.9410444632533,0.00260507953022297
41.34664,45.93991,0.00147061627694001,45.9413720230405,0.00293263931742184
41.35798,45.94174,0.00330061627694533,45.9417453212099,0.0033059374868149
41.3693,45.9418,0.00336061627694306,45.9421535221093,0.00371413838619497
41.38062,45.94063,0.00219061627694117,45.9425826405104,0.00414325678738536
41.39194,45.94395,0.00551061627694338,45.9430172959956,0.00457791227258697
41.40327,45.94651,0.00807061627694594,45.9434428068495,0.00500342312641929
41.41461,45.94453,0.00609061627694274,45.9438471916033,0.00540780788023598
41.42597,45.94443,0.00599061627693942,45.9442226205391,0.00578323681604914
41.43729,45.9437,0.00526061627694219,45.94456600873,0.00612662500698368
41.44861,45.94468,0.00624061627694061,45.9448787121527,0.00643932842961227
41.45996,45.94593,0.00749061627693948,45.9451655253749,0.00672614165186904
41.47131,45.94362,0.00518061627694522,45.9454332827572,0.00699389903412637
41.48263,45.94701,0.00857061627694122,45.9456893570751,0.00724997335201933
41.49398,45.94449,0.00605061627694425,45.9459402980588,0.00750091433578558
41.50531,45.94747,0.00903061627694512,45.9461907937183,0.00775140999524702
41.51664,45.94388,0.00544061627694248,45.9464430766279,0.00800369290485963
41.52794,45.94633,0.00789061627694565,45.9466968355185,0.0082574517954457
41.53926,45.94738,0.00894061627694498,45.9469496102732,0.00851022655015097
41.55062,45.94999,0.0115506162769421,45.9471975213013,0.00875813757826084
41.56193,45.94922,0.0107806162769393,45.9474360483725,0.00899666464945463
41.57328,45.94414,0.00570061627693974,45.9476605404254,0.00922115670230737
41.58459,45.94916,0.0107206162769415,45.9478662760082,0.00942689228515967
41.59596,45.94885,0.0104106162769426,45.9480481159833,0.00960873226024471
41.60728,45.94954,0.0111006162769414,45.9481999376687,0.00976055394561555
41.61862,45.94581,0.00737061627694402,45.9483140810672,0.00987469734415431
41.62996,45.94473,0.00629061627694227,45.9483810650912,0.0099416813681824
41.64131,45.94941,0.0109706162769427,45.9483898577838,0.00995047406078893
41.65262,45.94839,0.00995061627694582,45.9483288906425,0.00988950691941346
41.66394,45.95002,0.0115806162769445,45.9481877391753,0.00974835545220124
41.6753,45.94878,0.0103406162769417,45.9479590890853,0.00951970536224725
41.68666,45.94983,0.011390616276941,45.9476404670336,0.00920108331057459
41.698,45.94678,0.00834061627693927,45.9472353060372,0.00879592231414907
41.70933,45.94477,0.00633061627694076,45.9467531678071,0.00831378408401712
41.72066,45.94263,0.00419061627694362,45.9462092256515,0.00776984192847528
41.73201,45.94907,0.0106306162769414,45.9456232713865,0.00718388766344039
41.74332,45.94726,0.00882061627694242,45.9450184516004,0.00657906787730033
41.75467,45.94421,0.00577061627694064,45.9444197404699,0.00598035674689146
41.766,45.9446,0.00616061627694364,45.9438520454626,0.00541266173955616
41.77731,45.94169,0.00325061627694367,45.9433379604391,0.00489857671606538
41.78865,45.94162,0.00318061627694277,45.9428954306639,0.00445604694082977
41.80001,45.94201,0.00357061627694577,45.9425357714833,0.00409638776027448
41.81133,45.9407,0.00226061627694207,45.9422624754229,0.00382309169985904
41.82262,45.94312,0.00468061627694283,45.9420710719796,0.00363168825656383
41.83394,45.94231,0.00387061627694152,45.9419500583661,0.00351067464301861
41.84529,45.94209,0.00365061627694274,45.9418826963034,0.00344331258035696
41.85663,45.94059,0.00215061627694269,45.9418493409263,0.00340995720319998
41.86797,45.94394,0.00550061627694021,45.941829943042,0.00339055931890124
41.87933,45.94174,0.00330061627694533,45.9418063965239,0.00336701280086655
41.89066,45.94197,0.00353061627694018,45.941764445626,0.00332506190297379
41.90201,45.94198,0.00354061627694335,45.9416949312181,0.00325554749499425
41.91331,45.94342,0.00498061627694568,45.9415942569196,0.00315487319657675
41.92466,45.93898,0.00054061627694324,45.9414640787226,0.00302469499958785
41.93601,45.9429,0.00446061627694405,45.9413103407965,0.00287095707339536
41.94735,45.93998,0.00154061627694091,45.9411418782178,0.00270249449472862
41.95869,45.94006,0.00162061627694499,45.9409688581033,0.00252947438020879
41.97002,45.94136,0.00292061627694551,45.9408013171351,0.00236193341206681
41.98134,45.94083,0.0023906162769407,45.9406479876238,0.00220860390072668
41.99268,45.94022,0.00178061627693893,45.9405155154142,0.00207613169109576
42.00403,45.93946,0.00102061627693928,45.9404080971625,0.00196871343947158
42.01536,45.94015,0.00171061627694513,45.9403275207516,0.00188813702856668
42.02668,45.94055,0.0021106162769442,45.9402735560473,0.00183417232424247
42.03799,45.94204,0.00360061627694108,45.9402445803641,0.00180519664104949
42.04931,45.94001,0.00157061627694333,45.9402382547082,0.00179887098511851
42.06061,45.93989,0.00145061627694076,45.9402520578635,0.00181267414045277
42.07193,45.94176,0.00332061627694458,45.9402835658383,0.00184418211526835
42.08326,45.93913,0.000690616276941114,45.940330491308,0.00189110758492091
42.09457,45.93885,0.000410616276944609,45.9403906071213,0.00195122339826046
42.1059,45.93951,0.00107061627694094,45.9404617326967,0.00202234897359811
42.11723,45.94149,0.00305061627694414,45.9405419339629,0.00210255023984001
42.12854,45.94141,0.00297061627694006,45.9406299602941,0.00219057657099931
42.13985,45.94016,0.0017206162769412,45.9407257688154,0.00228638509231457
42.15119,45.94416,0.00572061627693898,45.9408308754228,0.00239149169977958
42.16253,45.94109,0.00265061627694507,45.9409482898503,0.00250890612721406
42.17386,45.93919,0.000750616276945948,45.9410819327108,0.00264254898772743
42.18519,45.94036,0.00192061627694073,45.9412356470713,0.00279626334824026
42.1965,45.93977,0.00133061627694531,45.9414121101473,0.00297272642425917
42.20786,45.94233,0.00389061627694076,45.941611999813,0.00317261608997794
42.21918,45.94313,0.0046906162769389,45.9418336358259,0.0033942521028061
42.2305,45.9416,0.00316061627694353,45.9420730974084,0.00363371368537126
42.24185,45.94248,0.00404061627694574,45.9423246658292,0.00388528210616721
42.25316,45.94208,0.00364061627693957,45.9425814174796,0.00414203375650851
42.26449,45.94421,0.00577061627694064,45.9428358491576,0.00439646543454585
42.27579,45.9424,0.00396061627694166,45.9430804726578,0.00464108893477808
42.28708,45.94264,0.00420061627693968,45.9433083476153,0.00486896389229066
42.29842,45.94443,0.00599061627693942,45.9435135488524,0.0050741651293553
42.30976,45.94243,0.00399061627694408,45.9436915855396,0.00525220181652274
42.32108,45.94499,0.00655061627693954,45.9438397843766,0.00540040065358714
42.33243,45.94237,0.00393061627693925,45.9439576197837,0.00551823606068681
42.34373,45.94582,0.00738061627694009,45.9440469398934,0.00560755617032666
42.35508,45.94333,0.00489061627694554,45.9441120081905,0.00567262446745531
42.36639,45.9463,0.00786061627694323,45.9441592654409,0.00571988171788262
42.37773,45.94324,0.00480061627694539,45.9441967364731,0.00575735275000826
42.38906,45.94357,0.00513061627694356,45.9442330787794,0.00579369505638304
42.40041,45.94576,0.00732061627694236,45.9442763765415,0.00583699281844543
42.41172,45.94209,0.00365061627694274,45.9443328731428,0.00589348941976195
42.42306,45.94403,0.00559061627694035,45.9444058677836,0.00596648406049144
42.43438,45.94457,0.00613061627694123,45.9444949720184,0.0060555882953171
42.44573,45.94621,0.00777061627694309,45.944595836964,0.00615645324098412
42.45704,45.94507,0.00663061627694361,45.9447003483235,0.00626096460040771
42.4684,45.94304,0.00460061627694586,45.9447972140102,0.00635783028714618
42.47975,45.94466,0.00622061627694137,45.9448728900678,0.00643350634473273
42.4911,45.94313,0.0046906162769389,45.9449128543812,0.00647347065816526
42.50241,45.94593,0.00749061627693948,45.9449032327671,0.00646384904403542
42.51375,45.94434,0.00590061627693927,45.9448326603845,0.00639327666145092
42.52509,45.94886,0.0104206162769458,45.9446940851585,0.00625470143548808
42.53643,45.94392,0.00548061627694096,45.9444861049673,0.00604672124424279
42.54776,45.94431,0.00587061627694396,45.9442134709004,0.00577408717733366
42.55908,45.94371,0.00527061627694536,45.9438865945545,0.00544721083141209
42.57042,45.94419,0.0057506162769414,45.943520169714,0.00508078599091711
42.58176,45.94072,0.00228061627694132,45.9431312266593,0.0046918429362881
42.59309,45.94236,0.00392061627694318,45.9427370228057,0.00429763908265099
42.60442,45.94214,0.0037006162769444,45.9423531479452,0.00391376422214309
42.61573,45.94379,0.00535061627694233,45.9419921060366,0.00355272231356335
42.62704,45.94069,0.0022506162769389,45.9416624714532,0.00322308773011869
42.63839,45.94058,0.00214061627693951,45.9413685925126,0.00292920878958886
42.64973,45.94119,0.00275061627694129,45.9411107809865,0.00267139726341145
42.66107,45.93982,0.00138061627693986,45.9408859347974,0.00244655107434865
42.67238,45.94257,0.00413061627694589,45.9406885111158,0.00224912739273779
42.68373,45.94152,0.00308061627693945,45.9405116895317,0.00207230580864865
42.69506,45.93969,0.00125061627694123,45.9403485087873,0.00190912506422067
42.70638,45.93946,0.00102061627693928,45.9401927927208,0.00175340899776007
42.7177,45.94048,0.0020406162769433,45.9400397901709,0.0016004064478868
42.72905,45.94011,0.00167061627693954,45.9398865547307,0.00144717100760894
42.74037,45.93859,0.000150616276940241,45.9397321193232,0.00129273560018791
42.75172,45.94127,0.00283061627694536,45.9395774959264,0.00113811220333665
42.76306,45.93782,-0.000619383723055478,45.9394255020118,0.000986118288788526
42.77439,45.94185,0.00341061627694472,45.9392804028534,0.000841019130382759
42.78572,45.93922,0.000780616276941259,45.939147368528,0.00070798480495436
42.79708,45.93585,-0.00258938372305551,45.9390317915572,0.00059240783415669
42.8084,45.93931,0.000870616276941405,45.9389385916748,0.000499207951740078
42.81973,45.93925,0.000810616276943676,45.9388716854539,0.000432301730823162
42.83107,45.9388,0.000360616276942949,45.9388337455302,0.000394361807185155
42.84238,45.9414,0.00296061627694399,45.9388262380902,0.000386854367147209
42.85369,45.93662,-0.00181938372305979,45.9388496258202,0.000410242097117919
42.86503,45.93777,-0.000669383723057138,45.9389036372639,0.000464253540836562
42.87634,45.93873,0.000290616276942046,45.9389875870548,0.000548203331750102
42.88768,45.93951,0.00107061627694094,45.9391007648089,0.000661381085858946
42.89904,45.94168,0.0032406162769405,45.9392428288493,0.000803445126254723
42.91039,45.93925,0.000810616276943676,45.9394140141727,0.000974630449635472
42.92172,45.94132,0.00288061627693992,45.9396149291793,0.00117554545625456
42.93306,45.93914,0.000700616276944288,45.9398458384681,0.0014064547450094
42.94438,45.93885,0.000410616276944609,45.9401055554714,0.00166617174833432
42.95571,45.93764,-0.000799383723055769,45.9403902837014,0.00195089997836735
42.96706,45.94167,0.00323061627694443,45.9406928393154,0.00225345559230342
42.97842,45.94023,0.0017906162769421,45.9410026012614,0.00256321753831001
42.98977,45.94106,0.00262061627694266,45.9413063033488,0.00286691962578783
43.00112,45.94216,0.00372061627694364,45.9415895223979,0.00315013867483782
43.0124,45.94281,0.00437061627694391,45.9418385310519,0.00339914732882828
43.02374,45.94379,0.00535061627694233,45.9420421011883,0.0036027174652262
43.03508,45.94316,0.00472061627694131,45.942192863253,0.00375347952991674
43.04642,45.9412,0.00276061627694446,45.9422879578718,0.0038485741487344
43.05774,45.94172,0.00328061627693899,45.9423289390987,0.00388955537567735
43.06905,45.94049,0.00205061627693937,45.9423211154805,0.00388173175741924
43.08037,45.94278,0.00434061627694149,45.9422726301632,0.0038332464401358
43.09169,45.94294,0.00450061627694254,45.9421935316469,0.00375414792383772
43.10302,45.94361,0.00517061627694204,45.9420949307795,0.00365554705645175
43.11432,45.94096,0.00252061627693934,45.9419882049566,0.00354882123352772
43.12568,45.94136,0.00292061627694551,45.9418841925872,0.00344480886417336
43.137,45.94068,0.00224061627694283,45.9417924021808,0.0033530184577471
43.14833,45.94257,0.00413061627694589,45.9417203332824,0.00328094955937848
43.15965,45.94286,0.00442061627694557,45.9416729883827,0.00323360465969254
43.17097,45.9417,0.00326061627693974,45.9416525734697,0.00321318974662722
43.18226,45.94115,0.0027106162769428,45.9416583383636,0.00321895464053028
43.1936,45.94141,0.00297061627694006,45.9416865509908,0.00324716726776717
43.20493,45.94004,0.00160061627694574,45.9417306861293,0.0032913024061994
43.21623,45.9414,0.00296061627694399,45.9417819464641,0.00334256274099876
43.22758,45.94263,0.00419061627694362,45.94183016904,0.00339078531689314
43.2389,45.9436,0.00516061627694597,45.9418650240184,0.00342564029538064
43.25025,45.94195,0.00351061627694094,45.9418772684961,0.00343788477301643
43.26155,45.9425,0.00406061627694498,45.9418597758558,0.00342039213275411
43.27288,45.94176,0.00332061627694458,45.9418081584442,0.00336877472114919
43.28424,45.93944,0.00100061627694004,45.9417209778828,0.00328159415969946
43.29556,45.94069,0.0022506162769389,45.9415996855313,0.00316030180826956
43.30688,45.94337,0.00493061627694402,45.9414484702117,0.00300908648869105
43.31821,45.9428,0.00436061627694073,45.9412740948394,0.00283471111629185
43.32955,45.94031,0.00187061627693907,45.9410856635266,0.00264627980351873
43.34087,45.93785,-0.000589383723060166,45.9408942097818,0.00245482605873236
43.3522,45.94237,0.00393061627693925,45.9407120632611,0.00227267953806941
43.36353,45.94471,0.00627061627694303,45.9405520176234,0.00211263390029349
43.37486,45.93931,0.000870616276941405,45.9404263039479,0.00198692022486588
43.38618,45.9371,-0.00133938372305664,45.9403453717089,0.00190598798583322
43.39751,45.94115,0.0027106162769428,45.940316604719,0.00187722099596932
43.40884,45.93911,0.000670616276941871,45.9403432594937,0.00190387577060995
43.4202,45.93993,0.00149061627693925,45.9404239214099,0.0019845376868186
43.43151,45.94315,0.00471061627694525,45.9405526071799,0.00211322345687836
43.44283,45.94129,0.00285061627694461,45.9407194435007,0.00228005977764777
43.45418,45.93799,-0.000449383723058361,45.9409117546576,0.00247237093450152
43.46553,45.93877,0.000330616276940532,45.941115422906,0.00267603918297201
43.47684,45.94489,0.00645061627694332,45.9413164490146,0.00287706529158557
43.4882,45.94185,0.00341061627694472,45.941502598903,0.00306321517989672
43.49955,45.94143,0.00299061627693931,45.9416648757169,0.00322549199382129
43.51089,45.94511,0.0066706162769421,45.9417984687317,0.00335908500860282
43.52219,45.94106,0.00262061627694266,45.9419029210836,0.00346353736052328
43.53352,45.94064,0.00220061627694434,45.9419814856633,0.00354210194022297
43.54483,45.93962,0.00118061627694033,45.9420398906379,0.00360050691482391
43.55619,45.94349,0.00505061627693948,45.9420849025354,0.00364551881234798
43.56753,45.94178,0.00334061627694382,45.9421230685075,0.00368368478440674
43.57889,45.94221,0.0037706162769453,45.9421598563426,0.00372047261953211
43.59023,45.94131,0.00287061627694385,45.9421992209251,0.00375983720206768
43.60155,45.94321,0.00477061627694297,45.9422435139415,0.00380413021844291
43.61284,45.94265,0.00421061627694286,45.9422936112667,0.0038542275436014
43.62419,45.94373,0.0052906162769446,45.9423491154092,0.00390973168615993
43.63552,45.9422,0.00376061627694213,45.942408506523,0.00396912279994172
43.64687,45.93843,-9.38372306080737e-06,45.9424691931204,0.00402980939730006
43.6582,45.94646,0.00802061627694428,45.9425275202941,0.00408813657102155
43.66956,45.94279,0.00435061627694466,45.9425788409408,0.00413945721769645
43.6809,45.94088,0.00244061627694236,45.942617715394,0.00417833167098292
43.69222,45.94125,0.00281061627693902,45.9426382598407,0.00419887611765824
43.70357,45.94341,0.00497061627694251,45.9426346720918,0.00419528836874061
43.71491,45.94207,0.0036306162769435,45.9426019535309,0.00416256980785811
43.72621,45.94536,0.00692061627694329,45.9425367477708,0.00409736404777259
43.73755,45.94175,0.0033106162769414,45.9424380951987,0.00399871147564449
43.74887,45.94202,0.00358061627694184,45.9423078773478,0.00386849362472761
43.76022,45.94296,0.00452061627694178,45.9421508247139,0.00371144099084104
43.77157,45.94074,0.00230061627694056,45.9419741099582,0.00353472623513003
43.78289,45.94143,0.00299061627693931,45.9417866538168,0.00334727009371585
43.79421,45.94337,0.00493061627694402,45.9415983001474,0.0031589164243226
43.80556,45.93996,0.00152061627694167,45.941418991258,0.00297960753491529
43.81689,45.94106,0.00262061627694266,45.9412580373475,0.00281865362442821
43.82822,45.94045,0.00201061627694088,45.9411235538296,0.00268417010650094
43.83956,45.94148,0.00304061627694097,45.9410221222261,0.00258273850299601
43.85086,45.94101,0.002570616276941,45.9409586774974,0.00251929377436546
43.86216,45.94285,0.00441061627694239,45.9409365450956,0.00249716137251683
43.87349,45.94045,0.00201061627694088,45.9409575034698,0.00251811974674169
43.88485,45.93842,-1.93837230568761e-05,45.9410217791813,0.00258239545821749
43.89619,45.94312,0.00468061627694283,45.9411279710415,0.00268858731843636
43.90752,45.94118,0.00274061627694522,45.9412729639327,0.00283358020962203
43.9188,45.94083,0.0023906162769407,45.9414518762743,0.00301249255126369
43.93014,45.94269,0.00425061627694134,45.9416580291105,0.00321864538743587
43.94147,45.94332,0.00488061627694236,45.9418829050295,0.00344352130645809
43.9528,45.94019,0.00175061627694362,45.9421161020475,0.00367671832444122
43.96412,45.94129,0.00285061627694461,45.9423453613194,0.00390597759636751
43.97545,45.94254,0.00410061627694347,45.9425568201212,0.00411743639815522
43.98677,45.94172,0.00328061627693899,45.9427356455579,0.00429626183482924
43.99809,45.94457,0.00613061627694123,45.9428670986852,0.00442771496212392
44.00941,45.94424,0.00580061627694306,45.9429379161953,0.00449853247228119
44.02074,45.94093,0.00249061627694402,45.94293778453,0.00449840080696789
44.03207,45.94316,0.00472061627694131,45.94286068183,0.00442129810696774
44.04342,45.94202,0.00358061627694184,45.9427059397255,0.00426655600246433
44.05471,45.94312,0.00468061627694283,45.9424789295488,0.0040395458257016
44.06606,45.94309,0.00465061627694041,45.9421912506956,0.00375186697257327
44.0774,45.9452,0.00676061627694224,45.9418602414939,0.00342085777087858
44.08876,45.94176,0.00332061627694458,45.9415076468348,0.00306826311172107
44.1001,45.9405,0.00206061627694254,45.941157436038,0.00271805231494156
44.1114,45.93685,-0.00158938372305784,45.9408330546522,0.00239367092911004
44.12271,45.93938,0.000940616276942308,45.9405546783295,0.00211529460640077
44.13406,45.94007,0.00163061627694105,45.9403371205212,0.00189773679811697
44.1454,45.94039,0.00195061627694315,45.9401888392558,0.00174945553277622
44.15672,45.94001,0.00157061627694333,45.9401121017512,0.00167271802810176
44.16805,45.94304,0.00460061627694586,45.9401040088713,0.00166462514826344
44.17937,45.94099,0.00255061627694175,45.9401578970224,0.00171851329936771
44.19068,45.93957,0.00113061627694577,45.9402646527903,0.00182526906728069
44.20204,45.94063,0.00219061627694117,45.9404136571334,0.00197427341030454
44.21336,45.94,0.00156061627694015,45.9405933284358,0.00215394471278574
44.22471,45.93961,0.00117061627694426,45.9407914335857,0.00235204986262694
44.23606,45.94093,0.00249061627694402,45.9409954080714,0.002556024348316
44.2474,45.94115,0.0027106162769428,45.9411928779372,0.00275349421418515
44.25875,45.94,0.00156061627694015,45.9413724570065,0.00293307328346682
44.27008,45.9435,0.00506061627694265,45.9415247520057,0.00308536828264375
44.28143,45.94213,0.00369061627694123,45.9416433867399,0.00320400301684979
44.29277,45.94058,0.00214061627693951,45.9417257873444,0.00328640362133661
44.30408,45.94373,0.0052906162769446,45.9417734779573,0.00333409423423932
44.31541,45.94375,0.00531061627694385,45.9417917142752,0.00335233055210282
44.32673,45.9407,0.00226061627694207,45.9417884041322,0.00334902040917957
44.33805,45.94115,0.0027106162769428,45.941772424675,0.00333304095189087
44.3494,45.94048,0.0020406162769433,45.9417516361462,0.00331225242309697
44.36076,45.94172,0.00328061627693899,45.9417310368031,0.00329165308002554
44.37207,45.9408,0.00236061627694539,45.9417115123881,0.00327212866504312
44.38341,45.93977,0.00133061627694531,45.9416895065461,0.00325012282305926
44.39476,45.94245,0.00401061627694332,45.9416577441478,0.00321836042474517
44.40612,45.94096,0.00252061627693934,45.9416069254999,0.00316754177688263
44.41744,45.94207,0.0036306162769435,45.9415280945922,0.00308871086912898
44.42878,45.9443,0.00586061627694079,45.9414152058586,0.00297582213553363
44.44013,45.94172,0.00328061627693899,45.9412673301647,0.00282794644164307
44.45147,45.94093,0.00249061627694402,45.9410899983891,0.0026506146660128
44.46281,45.94176,0.00332061627694458,45.9408953797882,0.00245599606515611
44.47415,45.9397,0.0012606162769444,45.9407012612268,0.00226187750372198
44.48547,45.94175,0.0033106162769414,45.9405290262089,0.00208964248581372
44.4968,45.93916,0.000720616276943531,45.9404009723927,0.00196158866966059
44.50817,45.94067,0.00223061627693966,45.9403373680553,0.00189798433227038
44.5195,45.93973,0.00129061627693972,45.9403536655308,0.00191428180778403
44.53085,45.93953,0.00109061627694018,45.9404582750508,0.0020188913277853
44.54219,45.93891,0.000470616276942337,45.9406512500608,0.00221186633771788
44.55353,45.93917,0.0007306162769396,45.9409241301369,0.00248474641388081
44.56485,45.94267,0.0042306162769421,45.9412610075,0.00282162377691945
44.57618,45.94352,0.0050806162769419,45.941640628036,0.00320124431298725
44.58753,45.94255,0.00411061627693954,45.942039082241,0.00359969851796343
44.59888,45.94222,0.00378061627694137,45.9424325148806,0.00399313115749367
44.61018,45.94549,0.00705061627694192,45.9427993524408,0.00435996871771105
44.62154,45.94273,0.00429061627693983,45.9431217559643,0.00468237224123356
44.63289,45.94166,0.00322061627694126,45.943386251531,0.00494686780793289
44.64422,45.94188,0.00344061627694003,45.9435837098899,0.00514432616688739
44.65553,45.94509,0.00665061627694286,45.9437089833718,0.00526959964872268
44.66684,45.94316,0.00472061627694131,45.9437604965324,0.00532111280934467
44.67819,45.94501,0.00657061627694588,45.943739945723,0.00530056199989304
44.68955,45.94188,0.00344061627694003,45.9436521130047,0.00521272928159398
44.70088,45.9415,0.00306061627694021,45.9435047321439,0.00506534842083763
44.71223,45.94734,0.00890061627693939,45.9433083256774,0.00486894195432222
44.72357,45.94495,0.00651061627694105,45.9430758852936,0.00463650157056539
44.73492,45.94054,0.00210061627694103,45.9428222162042,0.00438283248112517
44.74628,45.94417,0.00573061627694216,45.9425628255376,0.00412344181459099
44.75763,45.94012,0.00168061627694271,45.942312433804,0.0038730500809091
44.76896,45.94147,0.0030306162769449,45.942083393365,0.00364400964195559
44.78027,45.94283,0.00439061627694315,45.9418843689951,0.00344498527201317
44.7916,45.94081,0.00237061627694146,45.9417195634266,0.00328017970350964
44.80293,45.94164,0.00320061627694201,45.9415886355,0.00314925177691183
44.81426,45.93871,0.000270616276942803,45.9414873358277,0.00304795210464771
44.82558,45.94196,0.00352061627694411,45.9414087861084,0.00296940238536411
44.83693,45.9426,0.0041606162769412,45.9413452043458,0.00290582062271356
44.84826,45.9442,0.00576061627694457,45.9412897082475,0.00285032452439759
44.85959,45.94393,0.00549061627694414,45.9412376996855,0.00279831596245035
44.87095,45.93958,0.00114061627694184,45.9411873877264,0.00274800400337008
44.88228,45.93977,0.00133061627694531,45.9411392976728,0.00269991394969455
44.89364,45.94029,0.00185061627693983,45.9410950094449,0.00265562572188334
44.905,45.93967,0.00123061627694199,45.9410556448149,0.00261626109184959
44.91636,45.94117,0.00273061627694204,45.9410206451089,0.00258126138585957
44.92768,45.94125,0.00281061627693902,45.9409871964948,0.00254781277173947
44.93903,45.94029,0.00185061627693983,45.9409504127851,0.00251102906206408
44.95034,45.94053,0.00209061627694496,45.9409041878663,0.00246480414321475
44.96166,45.94138,0.00294061627694475,45.9408425109914,0.00240312726836061
44.97297,45.94048,0.0020406162769433,45.9407609688201,0.00232158509702016
44.98429,45.94273,0.00429061627693983,45.9406581084437,0.00221872472065272
44.99564,45.94183,0.00339061627694548,45.9405363182044,0.00209693448138498
45.00697,45.94112,0.00268061627694038,45.940401942045,0.00196255832194418
45.0183,45.93982,0.00138061627693986,45.9402645102272,0.00182512650415703
45.02964,45.93932,0.000880616276944579,45.94013522007,0.00169583634697327
45.04096,45.9369,-0.00153938372305618,45.9400250422798,0.00158565855676153
45.05229,45.94079,0.00235061627694222,45.9399429458568,0.00150356213372953
45.06363,45.93914,0.000700616276944288,45.939894662762,0.00145527903893111
45.07497,45.94112,0.00268061627694038,45.939882188314,0.00144280459093049
45.0863,45.9403,0.00186061627694301,45.939903957719,0.00146457399598082
45.09763,45.93857,0.000130616276940998,45.939955477837,0.00151609411390363
45.10897,45.94275,0.00431061627693907,45.9400301628024,0.00159077907932488
45.12029,45.93878,0.000340616276943706,45.9401201726303,0.00168078890724939
45.1316,45.94076,0.0023206162769398,45.9402171284,0.00177774467698079
45.14295,45.94028,0.00184061627694376,45.9403126584416,0.00187327471852968
45.15429,45.93848,4.06162769408525e-05,45.940398807765,0.00195942404191904
45.16563,45.94282,0.00438061627693997,45.9404683874636,0.00202900374058732
45.17696,45.93844,6.16276942366767e-07,45.9405153294274,0.00207594570436968
45.18831,45.94143,0.00299061627693931,45.9405350609047,0.0020956771816444
45.19963,45.94156,0.00312061627694504,45.9405248617608,0.0020854780377614
45.21095,45.9388,0.000360616276942949,45.9404841395381,0.00204475581505766
45.22231,45.94079,0.00235061627694222,45.9404145562996,0.00197517257652899
45.23363,45.94148,0.00304061627694097,45.9403199542404,0.00188057051729306
45.24499,45.94129,0.00285061627694461,45.9402060357369,0.00176665201382102
45.25633,45.94122,0.0027806162769437,45.9400797690688,0.00164038534571875
45.26767,45.93753,-0.000909383723055157,45.9399485656255,0.00150918190243223
45.279,45.93652,-0.001919383723056,45.9398194215057,0.00138003778269067
45.29033,45.94007,0.00163061627694105,45.9396983358921,0.0012589521690734
45.30167,45.93936,0.000920616276943065,45.9395902629557,0.00115087923267387
45.313,45.94147,0.0030306162769449,45.9394995913991,0.00106020767603692
45.32434,45.94249,0.00405061627694181,45.9394308263552,0.000991442632143779
45.33567,45.94034,0.00190061627694149,45.9393889855554,0.000949601832326538
45.347,45.93913,0.000690616276941114,45.9393793284826,0.000939944759530135
45.35834,45.93652,-0.001919383723056,45.9394063656412,0.000966981918104625
45.36964,45.93887,0.000430616276943852,45.9394724679876,0.00103308426456167
45.38097,45.93903,0.0005906162769449,45.9395766063562,0.00113722263318537
45.39232,45.93844,6.16276942366767e-07,45.9397136990345,0.00127431531148421
45.40366,45.94191,0.00347061627694245,45.9398748044089,0.00143542068582464
45.415,45.93817,-0.00026938372305807,45.9400481194522,0.00160873572909969
45.42632,45.94166,0.00322061627694126,45.9402205456099,0.00178116188683839
45.43766,45.94117,0.00273061627694204,45.9403794890814,0.00194010535833381
45.44901,45.9406,0.00216061627694586,45.9405145511668,0.00207516744371741
45.46034,45.94126,0.00282061627694219,45.9406188146861,0.00217943096305081
45.47167,45.9404,0.00196061627693922,45.9406895347611,0.00225015103806266
45.48298,45.94046,0.00202061627694405,45.9407281721307,0.00228878840767085
45.4943,45.94167,0.00323061627694443,45.9407398213041,0.00230043758103612
45.50563,45.94173,0.00329061627694216,45.9407321583529,0.00229277462986865
45.51696,45.93864,0.000200616276941901,45.9407140799719,0.00227469624884328
45.52831,45.94023,0.0017906162769421,45.940694257395,0.00225487367189983
45.53964,45.93904,0.000600616276940968,45.9406798722101,0.00224048848707897
45.55098,45.94228,0.0038406162769391,45.9406757705331,0.00223638681000434
45.56232,45.94115,0.0027106162769428,45.9406841357716,0.00224475204850985
45.57362,45.94085,0.00241061627693995,45.9407046086293,0.00226522490627411
45.58496,45.94178,0.00334061627694382,45.9407346900005,0.00229530627748537
45.59631,45.93776,-0.000679383723060312,45.940770292413,0.00233090868994805
45.60764,45.94164,0.00320061627694201,45.9408063987204,0.00236701499737181
45.61897,45.94168,0.0032406162769405,45.9408378408374,0.00239845711430724
45.63029,45.94028,0.00184061627694376,45.9408601745698,0.00242079084677242
45.64162,45.94111,0.00267061627694432,45.9408705423005,0.00243115857741443
45.65296,45.94184,0.00340061627694155,45.9408683654001,0.00242898167704496
45.6643,45.93999,0.00155061627694408,45.9408557202644,0.00241633654130004
45.67566,45.94298,0.00454061627694102,45.9408372986507,0.00239791492764428
45.687,45.9392,0.000760616276942017,45.9408199156787,0.00238053195566311
45.69835,45.94035,0.00191061627694467,45.940811606492,0.00237222276891483
45.70969,45.94154,0.0031006162769458,45.9408204275111,0.00238104378807284
45.721,45.94183,0.00339061627694548,45.9408531145284,0.00241373080531236
45.73233,45.93988,0.0014406162769447,45.9409137405222,0.00247435679917461
45.74366,45.94301,0.00457061627694344,45.9410025077439,0.00256312402084732
45.75495,45.93803,-0.000409383723059875,45.941114846076,0.00267546235294554
45.76628,45.94037,0.00193061627694391,45.9412410529035,0.00280166918040625
45.77761,45.94028,0.00184061627694376,45.9413667263578,0.00292734263477933
45.78895,45.94155,0.00311061627694187,45.9414741446475,0.00303476092439152
45.80027,45.94231,0.00387061627694152,45.9415445230807,0.00310513935762516
45.81161,45.94205,0.00361061627694426,45.9415608207504,0.00312143702731985
45.82294,45.9433,0.00486061627694312,45.9415105882335,0.00307120451044986
45.83429,45.94141,0.00297061627694006,45.9413883129141,0.00294892919106128
45.84562,45.94083,0.0023906162769407,45.9411968222647,0.00275743854159239
45.85695,45.94325,0.00481061627694146,45.9409474915527,0.00250810782959795
45.86829,45.94056,0.00212061627694027,45.94065920284,0.0022198191169408
45.87963,45.94073,0.00229061627694449,45.9403561831007,0.00191679937759463
45.89098,45.93877,0.000330616276940532,45.9400650226233,0.00162563890026919
45.90233,45.93887,0.000430616276943852,45.9398113388658,0.00137195514279004
45.91366,45.93739,-0.00104938372305696,45.9396166480254,0.00117726430236484
45.925,45.93876,0.000320616276944463,45.9394959679504,0.00105658422734073
45.93634,45.94088,0.00244061627694236,45.9394564853755,0.00101710165245922
45.94768,45.94107,0.00263061627694583,45.9394973368792,0.00105795315616332
45.959,45.93995,0.0015106162769456,45.9396103004932,0.00117091677017058
45.97036,45.9377,-0.00073938372305804,45.9397810982773,0.00134171455420096
45.98172,45.93902,0.000580616276941726,45.9399910838362,0.00155170011310859
45.99305,45.94038,0.00194061627693998,45.9402192022723,0.00177981854926166
46.0044,45.94431,0.00587061627694396,45.9404441155591,0.0020047318360336
46.01575,45.9389,0.000460616276939163,45.9406462847742,0.00220690105118382
46.0271,45.94082,0.00238061627694464,45.9408097373884,0.00237035366531863
46.03843,45.94115,0.0027106162769428,45.940923325387,0.00248394166397792
46.04976,45.93935,0.000910616276939891,45.9409814321039,0.00254204838080981
46.06108,45.94399,0.00555061627694187,45.9409841796429,0.0025447959198305
46.07244,45.93812,-0.00031938372305973,45.9409371884715,0.00249780474839434
46.08377,45.94281,0.00437061627694391,45.9408509088303,0.00241152510724238
46.0951,45.94072,0.00228061627694132,45.9407395367846,0.00230015306157249
46.10643,45.94115,0.0027106162769428,45.940619550968,0.00218016724494824
46.11774,45.94094,0.00250061627694009,45.940507951115,0.00206856739198741
46.12906,45.93925,0.000810616276943676,45.9404203526345,0.00198096891140756
46.14038,45.93878,0.000340616276943706,45.9403691821298,0.00192979840673976
46.15173,45.94026,0.00182061627694452,45.9403622735344,0.0019228898112954
46.16308,45.93954,0.00110061627694336,45.9404021212844,0.00196273756137704
46.17441,45.94303,0.00459061627694268,45.9404858965097,0.00204651278669463
46.18572,45.94031,0.00187061627693907,45.9406061456273,0.00216676190420424
46.19705,45.94044,0.00200061627694481,45.9407519760307,0.0023125923076642
46.20836,45.93881,0.000370616276939018,45.940910544612,0.00247116088890373
46.21968,45.93908,0.000640616276939454,45.9410687404074,0.00262935668437309
46.23103,45.94506,0.00662061627694044,45.9412149601615,0.00277557643844624
46.24237,45.94265,0.00421061627694286,45.9413407491005,0.00290136537747654
46.2537,45.94332,0.00488061627694236,45.941441920678,0.00300253695493709
46.26503,45.94103,0.00259061627694024,45.9415187702723,0.00307938654920375
46.27636,45.94064,0.00220061627694434,45.941575235877,0.00313585215398264
46.28767,45.94143,0.00299061627693931,45.9416172072921,0.00317782356905782
46.299,45.94051,0.00207061627694571,45.9416504463973,0.00321106267420775
46.31031,45.94129,0.00285061627694461,45.9416786569933,0.00323927327024569
46.32163,45.93931,0.000870616276941405,45.9417021617653,0.00326277804222127
46.33297,45.94231,0.00387061627694152,45.941717472836,0.00327808911294673
46.3443,45.94341,0.00497061627694251,45.9417178222791,0.00327843855604576
46.35564,45.94032,0.00188061627694225,45.9416944893889,0.0032551056657916
46.36699,45.94304,0.00460061627694586,45.9416385942615,0.00319921053843987
46.37831,45.94202,0.00358061627694184,45.941542978244,0.00310359452092021
46.38964,45.94011,0.00167061627693954,45.941403841332,0.00296445760892161
46.40099,45.94342,0.00498061627694568,45.9412218934957,0.00278250977260106
46.41233,45.94017,0.00173061627694437,45.9410028624907,0.0025634787676323
46.42366,45.94196,0.00352061627694411,45.9407572786784,0.00231789495533418
46.43501,45.94089,0.00245061627694554,45.9404995405169,0.00206015679388165
46.44637,45.93936,0.000920616276943065,45.9402463672635,0.00180698354044499
46.45767,45.94046,0.00202061627694405,45.9400148609557,0.00157547723269265
46.46901,45.93799,-0.000449383723058361,45.9398204961782,0.00138111245516656
46.48034,45.93901,0.000570616276945657,45.9396753946641,0.00123601094102731
46.49163,45.93785,-0.000589383723060166,45.939587193176,0.00114780945290507
46.503,45.94175,0.0033106162769414,45.9395586688948,0.00111928517171795
46.51435,45.94058,0.00214061627693951,45.9395880771493,0.00114869342625687
46.52568,45.93817,-0.00026938372305807,45.939669966942,0.00123058321899231
46.53703,45.94175,0.0033106162769414,45.9397961663017,0.00135678257864269
46.54836,45.93902,0.000580616276941726,45.939956685955,0.00151730223194701
46.55969,45.94057,0.00213061627694344,45.9401403993951,0.00170101567209079
46.57104,45.94153,0.00309061627694263,45.9403354507509,0.00189606702785963
46.58237,45.94099,0.00255061627694175,45.9405294141093,0.0020900303862151
46.5937,45.93816,-0.000279383723054138,45.9407093053277,0.00226992160459023
46.60505,45.94105,0.00261061627693948,45.9408616360295,0.00242225230647494
46.61635,45.939,0.000560616276942483,45.9409727537503,0.00253337002726006
46.62767,45.94137,0.00293061627694158,45.9410296603623,0.0025902766392676
46.63902,45.94249,0.00405061627694181,45.9410213286301,0.00258194490700361
46.65037,45.93924,0.000800616276940502,45.9409403202176,0.00250093649456695
46.66166,45.94418,0.00574061627694533,45.9407843505893,0.00234496686619703
46.67297,45.93927,0.000830616276942919,45.9405574015378,0.00211801781472552
46.68431,45.94282,0.00438061627693997,45.940270045304,0.00183066158090479
46.69563,45.94061,0.00217061627694193,45.9399387892742,0.00149940555117459
46.70698,45.9386,0.000160616276943415,45.9395844563091,0.00114507258607791
46.71834,45.93685,-0.00158938372305784,45.9392298523006,0.000790468577554461
46.72968,45.93914,0.000700616276944288,45.9388971704393,0.000457786716222269
46.74102,45.938,-0.000439383723055187,45.9386056460779,0.000166262354815315
46.75234,45.93671,-0.00172938372305964,45.9383698667034,-6.95170196943826e-05
46.76366,45.94003,0.00159061627694257,45.9381989238706,-0.000240459852461183
46.77501,45.93717,-0.00126938372305574,45.9380963719417,-0.000343011781324695
46.78636,45.94042,0.00198061627694557,45.9380607947863,-0.000378588936766775
46.79766,45.93783,-0.000609383723059409,45.9380867069555,-0.000352676767591267
46.80902,45.93688,-0.00155938372305542,45.9381655472617,-0.000273836461311649
46.82037,45.93781,-0.000629383723058652,45.9382866331378,-0.0001527505852575
46.83172,45.93786,-0.000579383723056992,45.9384380492315,-1.33449154110713e-06
46.84305,45.9427,0.00426061627694452,45.9386074604914,0.000168076768381399
46.85439,45.93795,-0.000489383723056847,45.9387827798833,0.000343396160213442
46.86573,45.9376,-0.000839383723054254,45.9389525985336,0.000513214810547503
46.87706,45.93844,6.16276942366767e-07,45.9391063864036,0.00066700268052114
46.88839,45.93678,-0.00165938372305874,45.9392346227424,0.000795239019296638
46.89973,45.94267,0.0042306162769421,45.9393290582027,0.000889674479654532
46.91107,45.93837,-6.93837230585359e-05,45.9393831875895,0.000943803866453187
46.92237,45.93998,0.00154061627694091,45.9393928314184,0.000953447695381782
46.93369,45.94096,0.00252061627693934,45.9393566317974,0.00091724807434983
46.94502,45.93719,-0.0012493837230565,45.9392763081828,0.000836924459742782
46.95637,45.9396,0.00116061627694108,45.9391566306527,0.000717246929634376
46.96773,45.93756,-0.000879383723059846,45.9390051681498,0.000565784426763855
46.97905,45.93977,0.00133061627694531,45.9388318976161,0.000392513893036751
46.99039,45.94005,0.00161061627694181,45.9386487037156,0.00020931999251108
47.00171,45.93922,0.000780616276941259,45.9384687112622,2.93275391498065e-05
47.01304,45.93772,-0.000719383723058797,45.938305366014,-0.000134017709051198
47.02441,45.93766,-0.000779383723056526,45.9381712631961,-0.000268120526978971
47.03574,45.9374,-0.00103938372306089,45.938076868355,-0.000362515368010392
47.04707,45.93826,-0.000179383723057924,45.9380293780826,-0.00041000564048259
47.0584,45.93539,-0.00304938372305941,45.9380319659678,-0.000407417755267483
47.0697,45.93987,0.00143061627694152,45.9380835646965,-0.000355819026581882
47.08106,45.93879,0.000350616276939775,45.9381791914954,-0.000260192227693875
47.09238,45.93813,-0.000309383723056555,45.9383106781164,-0.000128705606616327
47.1037,45.93991,0.00147061627694001,45.9384675805198,2.81967967851097e-05
47.11506,45.93841,-2.93837230600502e-05,45.938638063237,0.000198679513973334
47.12635,45.93748,-0.000959383723056817,45.9388096598098,0.000370276086785741
47.1377,45.93907,0.000630616276943385,45.9389699362044,0.000530552481352464
47.14904,45.93823,-0.000209383723060341,45.9391071602883,0.000667776565203519
47.16037,45.93964,0.00120061627693957,45.9392110675031,0.000771683780079031
47.17171,45.9385,6.06162769400953e-05,45.9392737223551,0.000834338632006117
47.18305,45.94151,0.00307061627694338,45.9392903618513,0.000850978128254732
47.19435,45.93954,0.00110061627694336,45.9392600269975,0.000820643274460308
47.20571,45.94006,0.00162061627694499,45.9391857827437,0.000746399020621337
47.21704,45.93696,-0.00147938372305845,45.939074416396,0.000635032672964767
47.2284,45.93824,-0.000199383723057167,45.9389356575861,0.000496273863089791
47.23973,45.94056,0.00212061627694027,45.9387810842595,0.000341700536413242
47.25106,45.93952,0.00108061627694411,45.9386228906574,0.000183506934378384
47.2624,45.93818,-0.000259383723054896,45.9384726313594,3.32476363281951e-05
47.27369,45.93687,-0.00156938372305859,45.938340036559,-9.93471640796183e-05
47.28505,45.9365,-0.00193938372305524,45.9382320619007,-0.00020732182234119
47.29638,45.93913,0.000690616276941114,45.9381523980854,-0.00028698563770234
47.30771,45.93632,-0.00211938372305553,45.9381016074857,-0.00033777623731207
47.31902,45.94049,0.00205061627693937,45.9380778773779,-0.000361506345143626
47.33034,45.9379,-0.000539383723058506,45.9380781834258,-0.000361200297233237
47.34166,45.93719,-0.0012493837230565,45.9380995411891,-0.000339842533989351
47.35299,45.93976,0.00132061627694213,45.9381400167554,-0.000299366967615589
47.36431,45.94031,0.00187061627693907,45.9381992341738,-0.000240149549289352
47.37564,45.93767,-0.000769383723060457,45.9382782154556,-0.000161168267412522
47.38697,45.93836,-7.93837230546046e-05,45.9383785265043,-6.08572187467694e-05
47.39832,45.93749,-0.000949383723060748,45.9385008941087,6.15103856283884e-05
47.40965,45.938,-0.000439383723055187,45.9386436461843,0.000204262461242954
47.42099,45.93784,-0.000599383723056235,45.938801413007,0.000362029283948753
47.43232,45.93742,-0.00101938372305455,45.9389644745041,0.000525090781089269
47.44365,45.9403,0.00186061627694301,45.9391189803576,0.000679596634565339
47.45499,45.93941,0.000970616276944725,45.9392480588158,0.000808675092794192
47.46631,45.939,0.000560616276942483,45.9393336275264,0.000894243803346166
47.47767,45.94077,0.00233061627694298,45.9393585896599,0.000919205936803341
47.48901,45.93878,0.000340616276943706,45.9393090696544,0.000869685931380453
47.50035,45.93787,-0.000569383723060923,45.9391763880494,0.000737004326352926
47.51168,45.94071,0.00227061627694525,45.9389585417133,0.000519157990289155
47.52301,45.94095,0.00251061627694327,45.9386610025087,0.000221618785653723
47.53436,45.93621,-0.00222938372305492,45.9382966772937,-0.000142706429309979
47.54573,45.93885,0.000410616276944609,45.9378849405249,-0.000554443198134332
47.55706,45.93948,0.00104061627694563,45.9374497878101,-0.000989595912933106
47.56842,45.93499,-0.00344938372305847,45.937017315792,-0.00142206793101416
47.57978,45.93632,-0.00211938372305553,45.9366128592771,-0.00182652444598897
47.59112,45.93462,-0.00381938372305513,45.9362582046794,-0.00218117904361829
47.60246,45.93511,-0.00332938372305591,45.9359693230688,-0.00247006065424981
47.61375,45.93568,-0.00275938372305973,45.9357549731562,-0.00268441056689096
47.6251,45.93583,-0.00260938372305475,45.9356163188206,-0.00282306490250326
47.63645,45.93753,-0.000909383723055157,45.9355474678006,-0.002891915922435
47.6478,45.93516,-0.00327938372305425,45.9355366661122,-0.00290271761088498
47.65916,45.93554,-0.00289938372305443,45.9355678398234,-0.00287154389966271
47.67052,45.93533,-0.00310938372305714,45.9356222561018,-0.00281712762123912
47.68186,45.93442,-0.00401938372305466,45.9356802010982,-0.00275918262482004
47.69319,45.93621,-0.00222938372305492,45.9357226487705,-0.00271673495259805
47.70453,45.936,-0.00243938372305763,45.9357328800841,-0.0027065036389211
47.71586,45.93678,-0.00165938372305874,45.9356979351031,-0.00274144861995845
47.72719,45.93631,-0.00212938372305871,45.9356097122504,-0.00282967147266215
47.73849,45.9354,-0.00303938372305623,45.9354655351077,-0.00297384861535913
47.74982,45.93374,-0.00469938372305734,45.9352681019012,-0.00317128182181792
47.76119,45.93661,-0.00182938372305586,45.9350248651106,-0.00341451861244302
47.77254,45.93476,-0.00367938372306043,45.9347469828487,-0.00369240087432498
47.78387,45.93313,-0.00530938372305911,45.9344480112187,-0.00399137250438464
47.79517,45.93523,-0.00320938372306045,45.9341425041903,-0.00429687953274147
47.80651,45.9325,-0.00593938372306013,45.9338446890903,-0.00459469463275117
47.81786,45.9332,-0.00523938372305821,45.9335673776723,-0.0048720060507332
47.82921,45.93359,-0.00484938372305521,45.9333212301495,-0.00511815357359984
47.84056,45.93274,-0.00569938372305501,45.9331144128825,-0.00532497084052671
47.8519,45.93335,-0.00508938372306034,45.9329525982687,-0.00548678545431452
47.86324,45.93382,-0.00461938372306037,45.9328391760649,-0.00560020765812684
47.87456,45.93404,-0.00439938372305448,45.9327755094824,-0.00566387424069644
47.88592,45.93129,-0.00714938372306051,45.9327610992499,-0.00567828447317657
47.89723,45.93279,-0.00564938372306045,45.9327936159925,-0.00564576773057799
47.90858,45.93223,-0.00620938372306057,45.9328688830924,-0.0055705006306115
47.91993,45.93304,-0.00539938372305926,45.9329809626709,-0.00545842105219621
47.93127,45.93254,-0.00589938372305454,45.9331224753015,-0.00531690842152628
47.94262,45.93374,-0.00469938372305734,45.933285199344,-0.00515418437905384
47.95398,45.93185,-0.00658938372306039,45.9334609015451,-0.00497848217791703
47.96533,45.93555,-0.00288938372305836,45.9336422704362,-0.00479711328689445
47.9767,45.93533,-0.00310938372305714,45.9338237586028,-0.00461562512020615
47.98805,45.93488,-0.00355938372305786,45.9340021091016,-0.00443727462150106
47.9994,45.9322,-0.00623938372305588,45.9341763963979,-0.00426298732510993
48.01075,45.93513,-0.00330938372305667,45.9343475715057,-0.00409181221737259
48.0221,45.93226,-0.00617938372305815,45.9345176851554,-0.0039216985676241
48.03344,45.93581,-0.0026293837230611,45.9346890516714,-0.0037503320516559
48.04477,45.93363,-0.00480938372305673,45.9348635668913,-0.00357581683178394
48.05611,45.93677,-0.00166938372305481,45.9350422613553,-0.00339712236780443
48.06745,45.9367,-0.00173938372305571,45.935225041225,-0.00321434249803694
48.07881,45.93405,-0.00438938372305842,45.9354105132273,-0.00302887049579414
48.09015,45.93375,-0.00468938372305416,45.9355958368339,-0.00284354688911097
48.10149,45.93633,-0.00210938372305947,45.935776652378,-0.00266273134501281
48.11282,45.93751,-0.0009293837230544,45.9359471889118,-0.00249219481123647
48.12417,45.93504,-0.00339938372305681,45.9361006014352,-0.0023387822878949
48.13549,45.9365,-0.00193938372305524,45.9362294939975,-0.00220988972557859
48.1468,45.93713,-0.00130938372305422,45.9363265540418,-0.00211282968122916
48.15812,45.93438,-0.00405938372306025,45.9363852583117,-0.00205412541135902
48.16946,45.93523,-0.00320938372306045,45.9364006468852,-0.00203873683787174
48.18081,45.93716,-0.00127938372305891,45.9363701467257,-0.00206923699736759
48.19213,45.93878,0.000340616276943706,45.9362943368045,-0.00214504691855824
48.20347,45.938,-0.000439383723055187,45.9361774192322,-0.00226196449084219
48.2148,45.93634,-0.00209938372305629,45.9360271149021,-0.00241226882094808
48.22611,45.93334,-0.00509938372305641,45.9358538451611,-0.00258553856197695
48.23743,45.93546,-0.0029793837230585,45.935669346732,-0.00277003699104125
48.24876,45.93402,-0.00441938372306083,45.9354851098626,-0.00295427386049793
48.26011,45.9359,-0.00253938372306095,45.9353110745443,-0.00312830917875202
48.27143,45.93323,-0.00520938372305579,45.9351548698427,-0.00328451388037707
48.28278,45.93688,-0.00155938372305542,45.9350216526732,-0.00341773104990757
48.29413,45.93609,-0.00234938372305749,45.9349143993878,-0.00352498433524968
48.30547,45.93562,-0.00281938372305746,45.9348343807462,-0.00360500297688065
48.31681,45.93424,-0.00419938372305495,45.934781546192,-0.00365783753101
48.32816,45.93437,-0.00406938372305632,45.9347546638643,-0.00368471985873418
48.3395,45.93512,-0.00331938372305984,45.9347512401148,-0.00368814360823047
48.35083,45.93262,-0.00581938372305757,45.93476737135,-0.00367201237309865
48.36217,45.93556,-0.00287938372305518,45.9347977076562,-0.00364167606683874
48.37353,45.93571,-0.00272938372305731,45.9348356457584,-0.00360373796466864
48.38485,45.9354,-0.00303938372305623,45.9348737649519,-0.00356561877112292
48.39621,45.93253,-0.00590938372305772,45.9349044374871,-0.00353494623597926
48.40754,45.93492,-0.00351938372305938,45.9349205279143,-0.00351885580878028
48.41888,45.93781,-0.000629383723058652,45.9349161092777,-0.00352327444535105
48.4302,45.93416,-0.00427938372305903,45.9348871018797,-0.00355228184340658
48.44152,45.9339,-0.00453938372305629,45.9348317030163,-0.00360768070672307
48.45288,45.93569,-0.00274938372305655,45.9347505031218,-0.00368888060129404
48.46423,45.93272,-0.00571938372305425,45.9346462713448,-0.0037931123782531
48.47558,45.93875,0.000310616276941289,45.9345234545402,-0.00391592918282252
48.48691,45.9342,-0.00423938372306054,45.9343874391497,-0.00405194457335697
48.49824,45.93082,-0.00761938372306048,45.9342436494807,-0.00419573424233232
48.50957,45.93442,-0.00401938372305466,45.9340966579541,-0.00434272576892698
48.52091,45.93165,-0.00678938372305993,45.9339495925203,-0.00448979120273916
48.53225,45.93444,-0.00399938372305542,45.9338040999063,-0.00463528381671631
48.54356,45.93445,-0.00398938372305935,45.9336609187761,-0.00477846494697006
48.55489,45.93475,-0.00368938372305649,45.9335208474336,-0.0049185362894927
48.56624,45.93533,-0.00310938372305714,45.9333857082202,-0.00505367550288567
48.57758,45.93243,-0.00600938372306103,45.9332589003934,-0.00518048332970395
48.58894,45.93385,-0.00458938372305795,45.9331452899452,-0.00529409377787416
48.6003,45.9334,-0.00503938372305868,45.9330504276826,-0.00538895604050643
48.61164,45.92958,-0.00885938372305617,45.9329793088297,-0.00546007489338894
48.62297,45.93572,-0.00271938372305414,45.9329350156995,-0.00550436802359883
48.6343,45.93126,-0.00717938372305582,45.9329175992171,-0.00552178450591494
48.64563,45.93226,-0.00617938372305815,45.9329234796867,-0.00551590403637043
48.65699,45.93146,-0.00697938372305629,45.9329455369721,-0.00549384675096097
48.66833,45.93366,-0.00477938372305431,45.9329739469355,-0.00546543678754655
48.67968,45.93295,-0.0054893837230594,45.9329976839248,-0.00544169979830266
48.69103,45.93377,-0.00466938372305492,45.9330064428254,-0.00543294089768199
48.70238,45.93325,-0.00518938372305655,45.9329925969636,-0.00544678675949256
48.71368,45.93463,-0.00380938372305906,45.9329527623682,-0.00548662135483715
48.72505,45.93488,-0.00355938372305786,45.9328885957714,-0.00555078795161786
48.73639,45.93187,-0.00656938372305405,45.9328066003658,-0.0056327833572265
48.74774,45.93343,-0.00500938372305626,45.9327169394671,-0.00572244425595524
48.75908,45.92965,-0.00878938372305527,45.9326315229041,-0.00580786081894852
48.77042,45.93108,-0.00735938372305611,45.9325618378275,-0.00587754589556121
48.78175,45.93377,-0.00466938372305492,45.9325170412037,-0.00592234251934398
48.7931,45.93255,-0.00588938372305847,45.9325026871708,-0.0059366965522711
48.80444,45.93175,-0.00668938372305661,45.9325202151156,-0.00591916860744119
48.81574,45.9336,-0.00483938372305914,45.9325671162644,-0.00587226745863871
48.82708,45.9329,-0.00553938372306106,45.9326376041078,-0.00580177961529168
48.83841,45.9321,-0.0063393837230592,45.9327236097202,-0.00571577400285837
48.84975,45.93154,-0.00689938372305932,45.9328159536141,-0.00562343010898538
48.86109,45.93392,-0.00451938372305705,45.932905575439,-0.00553380828403203
48.87243,45.93369,-0.004749383723059,45.9329846967527,-0.00545468697040329
48.88377,45.93359,-0.00484938372305521,45.9330477449474,-0.00539163877561301
48.89511,45.93471,-0.00372938372305498,45.9330918369553,-0.0053475467677391
48.90646,45.93243,-0.00600938372306103,45.9331166785176,-0.00532270520541853
48.91779,45.93229,-0.00614938372305573,45.9331238828296,-0.00531550089347546
48.92913,45.93259,-0.00584938372305999,45.9331158868508,-0.00532349687222782
48.94046,45.93439,-0.00404938372305708,45.9330947591995,-0.00534462452350746
48.95182,45.93192,-0.00651938372305949,45.933061206903,-0.00537817682004345
48.96317,45.9312,-0.00723938372306066,45.9330140328273,-0.00542535089575451
48.97447,45.93066,-0.00777938372305442,45.9329502238609,-0.00548915986215999
48.98583,45.93575,-0.00268938372305882,45.932865744566,-0.00557363915708641
48.99717,45.93299,-0.00544938372306092,45.9327569227008,-0.00568246102229471
49.00853,45.93365,-0.00478938372305748,45.9326220891712,-0.00581729455181151
49.01986,45.93238,-0.00605938372305559,45.9324630167991,-0.0059763669239417
49.03122,45.9321,-0.0063393837230592,45.9322857636632,-0.00615362005982921
49.04257,45.93353,-0.00490938372306005,45.932100694696,-0.00633868902704082
49.05392,45.93179,-0.00664938372305812,45.9319216163971,-0.00651776732593063
49.06525,45.93423,-0.00420938372305812,45.9317640801722,-0.00667530355083494
49.07658,45.93101,-0.00742938372305701,45.9316430318046,-0.00679635191844526
49.08793,45.92947,-0.00896938372305556,45.9315701492651,-0.00686923445793005
49.09927,45.92913,-0.0093093837230569,45.931551394221,-0.00688798950203842
49.11061,45.92959,-0.0088493837230601,45.931585399122,-0.00685398460107464
49.12194,45.93205,-0.00638938372306086,45.9316632025491,-0.00677618117399594
49.13323,45.93259,-0.00584938372305999,45.9317695161059,-0.00666986761720344
49.14458,45.93156,-0.00687938372306007,45.9318852898061,-0.0065540939169501
49.15593,45.93361,-0.00482938372305597,45.9319910217954,-0.00644836192764199
49.16726,45.9325,-0.00593938372306013,45.9320701270936,-0.00636925662947483
49.1786,45.93521,-0.0032293837230597,45.9321117188424,-0.00632766488061212
49.18994,45.93059,-0.00784938372305533,45.9321123107016,-0.00632707302144802
49.20129,45.93291,-0.00552938372305789,45.9320761886599,-0.00636319506313274
49.21262,45.93085,-0.00758938372305806,45.9320144799537,-0.00642490376933986
49.22393,45.93311,-0.00532938372305836,45.9319431817897,-0.00649620193331207
49.23524,45.93201,-0.00642938372305935,45.9318805387664,-0.00655884495666861
49.24657,45.92993,-0.00850938372305876,45.9318441924157,-0.00659519130737095
49.25792,45.93134,-0.00709938372305885,45.9318485272925,-0.00659085643051701
49.26926,45.93246,-0.00597938372305862,45.9319026170786,-0.00653676664442487
49.2806,45.92903,-0.00940938372306022,45.9320090941637,-0.00643028955937963
49.29194,45.93249,-0.0059493837230562,45.9321641139166,-0.00627526980646508
49.30329,45.93331,-0.00512938372305882,45.9323583880003,-0.00608099572273532
49.31459,45.93259,-0.00584938372305999,45.9325790518453,-0.00586033187773566
49.3259,45.9332,-0.00523938372305821,45.9328119545521,-0.00562742917093087
49.33722,45.93715,-0.00128938372305498,45.9330438788541,-0.00539550486891222
49.34855,45.93114,-0.00729938372305838,45.9332642509362,-0.0051751327868854
49.35989,45.93346,-0.00497938372306095,45.9334660748116,-0.00497330891150023
49.37126,45.93388,-0.00455938372305553,45.9336460721983,-0.00479331152471278
49.38259,45.93242,-0.0060193837230571,45.9338042266509,-0.00463515707214518
49.39391,45.93253,-0.00590938372305772,45.9339430259036,-0.00449635781943886
49.40525,45.93501,-0.00342938372305923,45.9340666554901,-0.00437272823291038
49.41656,45.93625,-0.00218938372305644,45.9341802677504,-0.0042591159726804
49.4279,45.93461,-0.0038293837230583,45.9342893049261,-0.00415007879693331
49.43924,45.93405,-0.00438938372305842,45.9343987903315,-0.00404059339158002
49.45058,45.9334,-0.00503938372305868,45.9345125793819,-0.00392680434118122
49.46193,45.93171,-0.00672938372305509,45.9346327197115,-0.00380666401154073
49.47324,45.93568,-0.00275938372305973,45.9347591561085,-0.00368022761459128
49.4846,45.93598,-0.00245938372305687,45.9348899304609,-0.00354945326213691
49.49595,45.93538,-0.00305938372305548,45.9350218080193,-0.00341757570372666
49.50728,45.93734,-0.00109938372305862,45.935151058675,-0.00328832504810561
49.51862,45.93509,-0.00334938372305515,45.9352740732617,-0.00316531046137792
49.52994,45.9346,-0.00383938372305437,45.9353876218709,-0.00305176185212088
49.5413,45.93344,-0.00499938372306019,45.9354887764872,-0.00295060723587276
49.55265,45.9349,-0.00353938372305862,45.9355746943002,-0.00286468942283962
49.56397,45.93951,0.00107061627694094,45.9356424869413,-0.00279689678176767
49.57531,45.93259,-0.00584938372305999,45.9356892847537,-0.00275009896939153
49.58665,45.93557,-0.00286938372305912,45.9357124635854,-0.00272692013766192
49.59796,45.93723,-0.00120938372305801,45.9357099433845,-0.00272944033852384
49.60929,45.93712,-0.0013193837230574,45.9356804735134,-0.00275891020970024
49.6206,45.93367,-0.00476938372305824,45.9356238281445,-0.00281555557858445
49.63194,45.93661,-0.00182938372305586,45.935540865983,-0.00289851774003632
49.64329,45.9338,-0.00463938372305961,45.9354334904606,-0.00300589326248188
49.65461,45.93445,-0.00398938372305935,45.9353046205968,-0.00313476312626433
49.66594,45.93604,-0.00239938372305915,45.9351582721462,-0.00328111157689386
49.67727,45.93551,-0.00292938372305684,45.9349997499203,-0.00343963380271411
49.68857,45.93546,-0.0029793837230585,45.9348358265827,-0.00360355714039835
49.69992,45.93555,-0.00288938372305836,45.9346747108609,-0.0037646728621425
49.71128,45.93467,-0.00376938372306057,45.9345256387223,-0.00391374500073979
49.7226,45.93382,-0.00461938372306037,45.9343980407271,-0.00404134299594926
49.73395,45.93549,-0.00294938372305609,45.9343003901237,-0.00413899359935482
49.74529,45.93174,-0.00669938372305978,45.934238962959,-0.00420042076410036
49.75664,45.93327,-0.00516938372305731,45.9342168089407,-0.00422257478236956
49.76798,45.93419,-0.00424938372305661,45.9342332171737,-0.00420616654934205
49.77932,45.93384,-0.00459938372306112,45.9342838461861,-0.00415553753694385
49.79066,45.93664,-0.00179938372306054,45.9343614926351,-0.00407789108799493
49.80199,45.9334,-0.00503938372305868,45.9344572812339,-0.00398210248918692
49.81332,45.93439,-0.00404938372305708,45.9345619633586,-0.00387742036445609
49.82465,45.93716,-0.00127938372305891,45.934667034047,-0.00377234967603231
49.83598,45.93457,-0.00386938372305679,45.9347654637653,-0.0036739199577288
49.84731,45.93518,-0.00325938372305501,45.934851949593,-0.00358743413008621
49.85863,45.93294,-0.00549938372305547,45.9349227260706,-0.00351665765243745
49.86999,45.93451,-0.00392938372305451,45.9349751238645,-0.00346425985860608
49.88134,45.93391,-0.00452938372306022,45.9350071443596,-0.00343223936346364
49.89269,45.93639,-0.00204938372305463,45.935017261231,-0.00342212249204301
49.90404,45.93536,-0.00307938372305472,45.9350044939622,-0.00343488976086112
49.91537,45.93633,-0.00210938372305947,45.9349686314107,-0.00347075231230705
49.9267,45.93501,-0.00342938372305923,45.9349104198329,-0.00352896389016182
49.93802,45.9332,-0.00523938372305821,45.9348315991313,-0.0036077845918102
49.94932,45.93424,-0.00419938372305495,45.9347348144419,-0.0037045692811442
49.96065,45.93489,-0.00354938372305469,45.9346235404181,-0.00381584330493386
49.97199,45.93401,-0.0044293837230569,45.9345021549773,-0.00393722874572049
49.9833,45.93409,-0.00434938372305993,45.9343761998051,-0.00406318391797174
49.99464,45.93543,-0.00300938372306092,45.9342527422355,-0.00418664148752155
50.00597,45.93394,-0.0044993837230578,45.9341406666206,-0.00429871710243754
50.0173,45.93615,-0.00228938372305976,45.9340506916215,-0.00438869210152795
50.02863,45.93311,-0.00532938372305836,45.9339949432727,-0.00444444045032103
50.03996,45.93442,-0.00401938372305466,45.9339860179232,-0.00445336579988633
50.05128,45.93365,-0.00478938372305748,45.9340356182664,-0.00440376545667058
50.06261,45.93331,-0.00512938372305882,45.9341529821742,-0.00428640154889704
50.07394,45.93293,-0.00550938372305865,45.9343433947054,-0.00409598901766223
50.08526,45.93514,-0.0032993837230606,45.9346070552541,-0.00383232846890748
50.09661,45.93633,-0.00210938372305947,45.9349384709798,-0.00350091274330507
50.10796,45.93599,-0.00244938372306081,45.9353264097331,-0.0031129739899546
50.1193,45.93423,-0.00420938372305812,45.9357543560928,-0.00268502763026254
50.13065,45.935,-0.0034393837230553,45.9362014305751,-0.00223795314799317
50.14198,45.93581,-0.0026293837230611,45.9366438028534,-0.00179558086968181
50.15328,45.93715,-0.00128938372305498,45.937056631542,-0.00138275218107262
50.1646,45.93846,2.06162769416096e-05,45.9374164353571,-0.00102294836595466
50.17594,45.93812,-0.00031938372305973,45.9377036092071,-0.000735774515967938
50.18727,45.93906,0.000620616276940211,45.937904664309,-0.000534719414046129
50.1986,45.93861,0.000170616276939484,45.9380137655211,-0.000425618201925814
50.20995,45.93963,0.0011906162769435,45.9380332550552,-0.000406128667867608
50.22127,45.93718,-0.00125938372305967,45.9379730442784,-0.000466339444622733
50.2326,45.93681,-0.00162938372305632,45.9378489789129,-0.000590404810163442
50.24393,45.93845,1.06162769455409e-05,45.9376804869947,-0.000758896728369682
50.25526,45.93509,-0.00334938372305515,45.9374879418474,-0.000951441875687159
50.26656,45.93739,-0.00104938372305696,45.9372901772964,-0.00114920642667297
50.27788,45.93861,0.000170616276939484,45.937102495644,-0.00133688807905241
50.2892,45.93571,-0.00272938372305731,45.9369353622909,-0.00150402143220767
50.30054,45.93581,-0.0026293837230611,45.9367938476462,-0.00164553607690053
50.31184,45.936,-0.00243938372305763,45.9366777966491,-0.00176158707391513
50.32318,45.93748,-0.000959383723056817,45.9365826496743,-0.00185673404871242
50.33448,45.93837,-6.93837230585359e-05,45.9365007487338,-0.0019386349892496
50.34579,45.93586,-0.00257938372305944,45.9364228584335,-0.00201652528955776
50.35714,45.93681,-0.00162938372305632,45.936339602503,-0.00209978122006445
50.36848,45.93517,-0.00326938372305818,45.9362426050691,-0.00219677865395722
50.37983,45.93654,-0.00189938372305676,45.9361252644807,-0.0023141192423604
50.39114,45.93688,-0.00155938372305542,45.9359831801155,-0.00245620360753888
50.40246,45.93606,-0.0023793837230599,45.9358142736564,-0.00262511006668466
50.41379,45.9346,-0.00383938372305437,45.9356186470196,-0.00282073670347805
50.42512,45.93335,-0.00508938372306034,45.9353982480578,-0.00304113566529225
50.43645,45.93724,-0.00119938372305484,45.9351564481511,-0.00328293557194998
50.44778,45.93704,-0.00139938372305437,45.9348976087779,-0.00354177494518224
50.45912,45.93417,-0.00426938372305585,45.9346266375894,-0.00381274613361897
50.47043,45.93204,-0.00639938372305693,45.9343485178056,-0.00409086591746598
50.48172,45.93417,-0.00426938372305585,45.9340678980955,-0.00437148562757087
50.49306,45.9325,-0.00593938372306013,45.9337889514313,-0.00465043229176606
50.50438,45.93244,-0.00599938372305786,45.9335157016909,-0.00492368203215697
50.51568,45.93355,-0.0048893837230608,45.9332528510462,-0.00518653267684619
50.52703,45.93604,-0.00239938372305915,45.9330069082122,-0.00543247551085001
50.53836,45.93321,-0.00522938372305504,45.9327872226904,-0.00565216103261397
50.54969,45.93288,-0.00555938372306031,45.9326064662261,-0.00583291749691368
50.56102,45.93423,-0.00420938372305812,45.9324802217167,-0.00595916200639593
50.57235,45.93121,-0.00722938372305748,45.9324255948639,-0.00601378885913926
50.58367,45.93267,-0.00576938372305591,45.9324590407547,-0.00598034296833879
50.59501,45.93072,-0.00771938372305669,45.9325938088513,-0.00584557487177676
50.60636,45.93196,-0.00647938372306101,45.9328375152602,-0.00560186846284593
50.61769,45.93192,-0.00651938372305949,45.9331903270687,-0.00524905665435114
50.62905,45.9346,-0.00383938372305437,45.9336440896656,-0.00479529405748858
50.64038,45.93592,-0.0025193837230546,45.9341824929658,-0.00425689075724108
50.65172,45.93321,-0.00522938372305504,45.9347821527686,-0.00365723095447651
50.66304,45.93539,-0.00304938372305941,45.9354143733677,-0.00302501035534288
50.67437,45.93578,-0.00265938372305641,45.9360473676638,-0.00239201605929718
50.68572,45.93711,-0.00132938372306057,45.936648755181,-0.00179062854210165
50.69704,45.93758,-0.000859383723060603,45.9371881564266,-0.0012512272964652
50.70838,45.93736,-0.00107938372305938,45.9376396648562,-0.000799718866867738
50.7197,45.93784,-0.000599383723056235,45.937983961462,-0.000455422261079729
50.73104,45.94019,0.00175061627694362,45.9382098597231,-0.000229523999995722
50.74236,45.93668,-0.00175938372305495,45.9383151108672,-0.000124272855891323
50.7537,45.9394,0.00096061627694155,45.9383063525572,-0.000133031165817896
50.76503,45.93969,0.00125061627694123,45.9381981542526,-0.000241229470422663
50.77637,45.93948,0.00104061627694563,45.9380111988183,-0.000428184904728718
50.7877,45.93603,-0.00240938372305521,45.9377697534648,-0.00066963025824356
50.79905,45.93418,-0.00425938372305978,45.9374987435728,-0.000940640150297549
50.81041,45.93783,-0.000609383723059409,45.9372208998684,-0.00121848385468622
50.82172,45.93698,-0.0014593837230592,45.9369544718017,-0.00148491192137295
50.83307,45.93695,-0.00148938372305452,45.9367118257426,-0.001727557980471
50.84439,45.93675,-0.00168938372305405,45.9364989851351,-0.00194039858799222
50.85574,45.93633,-0.00210938372305947,45.9363159850294,-0.00212339869362611
50.86707,45.93518,-0.00325938372305501,45.9361578586446,-0.00228152507847928
50.8784,45.93633,-0.00210938372305947,45.936016088743,-0.00242329498002208
50.88974,45.93431,-0.00412938372305405,45.9358803648461,-0.00255901887695579
50.90107,45.93875,0.000310616276941289,45.9357404511488,-0.00269893257421028
50.91241,45.93756,-0.000879383723059846,45.9355879052859,-0.00285147843712204
50.92376,45.9325,-0.00593938372306013,45.9354173651287,-0.00302201859437526
50.93508,45.93678,-0.00165938372305874,45.9352272113157,-0.00321217240731154
50.94645,45.93485,-0.00358938372306028,45.9350195937211,-0.00341979000196327
50.95779,45.93453,-0.00390938372305527,45.9347999663578,-0.00363941736523459
50.96914,45.93324,-0.00519938372305973,45.9345763376272,-0.00386304609587957
50.98047,45.93295,-0.0054893837230594,45.9343584361286,-0.00408094759442621
50.99182,45.93681,-0.00162938372305632,45.9341569385879,-0.00428244513515971
51.00316,45.93419,-0.00424938372305661,45.9339827978351,-0.00445658588795876
51.01446,45.93276,-0.00567938372305576,45.9338465904992,-0.00459279322385457
51.02579,45.93477,-0.00366938372305725,45.9337577667207,-0.00468161700234759
51.03709,45.93456,-0.00387938372305996,45.9337237468763,-0.00471563684673669
51.04842,45.9339,-0.00453938372305629,45.9337489056634,-0.00469047805960688
51.05974,45.9321,-0.0063393837230592,45.9338335680534,-0.00460581566967846
51.07108,45.93459,-0.00384938372305754,45.933973222095,-0.00446616162804393
51.08243,45.9339,-0.00453938372305629,45.9341582124057,-0.00428117131738888
51.09378,45.93089,-0.00754938372305958,45.9343741693131,-0.00406521440997017
51.10512,45.93314,-0.00529938372305594,45.9346033360249,-0.00383604769817958
51.11643,45.93854,0.000100616276945686,45.9348267786918,-0.0036126050312086
51.12777,45.93423,-0.00420938372305812,45.9350272042852,-0.00341217943790403
51.1391,45.93619,-0.00224938372305417,45.9351918502228,-0.00324753350024631
51.15046,45.93798,-0.00045938372305443,45.9353147942795,-0.00312458944351248
51.1618,45.9366,-0.00183938372305903,45.9353981262439,-0.00304125747912131
51.17314,45.93537,-0.00306938372305865,45.9354516672579,-0.00298771646520768
51.18446,45.93401,-0.0044293837230569,45.9354912458051,-0.00294813791792955
51.19579,45.93568,-0.00275938372305973,45.9355358699299,-0.00290351379318966
51.20713,45.93498,-0.00345938372305454,45.9356043688431,-0.0028350148799925
51.21848,45.93397,-0.00446938372305539,45.935712140363,-0.00272724336009269
51.22983,45.93576,-0.00267938372305565,45.9358685576288,-0.00257082609430271
51.24118,45.93413,-0.00430938372305434,45.9360754247782,-0.00236395894490572
51.25252,45.93661,-0.00182938372305586,45.9363266603923,-0.00211272333075286
51.26385,45.93885,0.000410616276944609,45.9366091454871,-0.00183023823600253
51.27518,45.93804,-0.000399383723056701,45.9369044482696,-0.00153493545349158
51.28649,45.93697,-0.00146938372305527,45.9371910190716,-0.00124836465145105
51.29782,45.93489,-0.00354938372305469,45.9374464995514,-0.000992884171610761
51.30916,45.938,-0.000439383723055187,45.9376499578619,-0.00078942586119848
51.32051,45.93813,-0.000309383723056555,45.9377839890672,-0.000655394655862959
51.33186,45.938,-0.000439383723055187,45.9378365990011,-0.000602784721986647
51.34318,45.93998,0.00154061627694091,45.9378026707996,-0.000636712923432881
51.35453,45.93736,-0.00107938372305938,45.9376847339192,-0.00075464980388407
51.36587,45.93952,0.00108061627694411,45.9374928005455,-0.000946583177543231
51.37722,45.93601,-0.00242938372305446,45.9372431962315,-0.00119618749154961
51.38856,45.93667,-0.00176938372305813,45.9369565306833,-0.00148285303974004
51.3999,45.93496,-0.00347938372306089,45.9366551539506,-0.00178422977247013
51.41124,45.93666,-0.0017793837230542,45.9363605484712,-0.00207883525189394
51.42258,45.93467,-0.00376938372306057,45.936091078001,-0.00234830572210425
51.4339,45.93761,-0.000829383723058186,45.9358603731619,-0.00257901056119352
51.44526,45.93571,-0.00272938372305731,45.9356764554465,-0.00276292827652642
51.4566,45.93348,-0.0049593837230546,45.9355415675914,-0.00289781613166149
51.46794,45.93645,-0.0019893837230569,45.935452623138,-0.00298676058508279
51.4793,45.93563,-0.00280938372305428,45.9354021768155,-0.00303720690759302
51.49063,45.93466,-0.00377938372305664,45.9353797897831,-0.00305959393992477
51.50198,45.93646,-0.00197938372306083,45.9353736123198,-0.00306577140329817
51.51331,45.93694,-0.00149938372305769,45.9353719744902,-0.00306740923287122
51.52465,45.93344,-0.00499938372306019,45.9353647937567,-0.00307458996639706
51.53597,45.93494,-0.00349938372306013,45.9353446773003,-0.00309470642276978
51.54731,45.93512,-0.00331938372305984,45.9353076828706,-0.00313170085242916
51.55864,45.93624,-0.00219938372305961,45.9352537388359,-0.00318564488713391
51.56997,45.93654,-0.00189938372305676,45.9351866794926,-0.00325270423049198
51.58129,45.93458,-0.00385938372306072,45.9351137894017,-0.00332559432131551
51.59264,45.93635,-0.00208938372306022,45.9350447659675,-0.00339461775559707
51.60397,45.93548,-0.00295938372305926,45.9349901246867,-0.00344925903633535
51.61531,45.93365,-0.00478938372305748,45.9349592345769,-0.00348014914616376
51.62664,45.93286,-0.00557938372305955,45.934958322916,-0.00348106080701514
51.63798,45.93378,-0.00465938372305885,45.9349888759346,-0.00345050778848463
51.64931,45.93637,-0.00206938372306098,45.9350468224628,-0.00339256126030439
51.66065,45.93555,-0.00288938372305836,45.9351227002286,-0.00331668349446886
51.672,45.93389,-0.00454938372305946,45.9352027578039,-0.00323662591918686
51.68335,45.93608,-0.00235938372306066,45.9352707729361,-0.00316861078700832
51.69469,45.9337,-0.00473938372305582,45.9353103112639,-0.00312907245920504
51.70602,45.93608,-0.00235938372306066,45.9353071374685,-0.00313224625455614
51.71737,45.93814,-0.000299383723060487,45.935251454327,-0.00318792939605667
51.7287,45.93523,-0.00320938372306045,45.9351396003506,-0.00329978337248184
51.74004,45.93581,-0.0026293837230611,45.9349748655093,-0.00346451821377812
51.75137,45.93484,-0.00359938372305635,45.9347672462376,-0.00367213748545359
51.76271,45.93217,-0.0062693837230583,45.9345322153923,-0.00390716833078131
51.77407,45.93428,-0.00415938372305646,45.9342888102802,-0.00415057344288341
51.7854,45.93518,-0.00325938372305501,45.9340574382636,-0.00438194545947889
51.79671,45.93373,-0.00470938372306051,45.9338577496923,-0.00458163403077551
51.80804,45.93173,-0.00670938372305585,45.9337068113723,-0.00473257235076836
51.81935,45.93484,-0.00359938372305635,45.9336177267721,-0.00482165695099239
51.83069,45.93283,-0.00560938372305486,45.9335988051859,-0.00484057853715639
51.84203,45.93251,-0.00592938372305696,45.9336533284622,-0.00478605526084904
51.85335,45.93559,-0.00284938372305987,45.9337798795811,-0.00465950414194682
51.86471,45.93439,-0.00404938372305708,45.9339731097892,-0.00446627393390177
51.87606,45.93279,-0.00564938372306045,45.9342247639466,-0.00421461977645233
51.88741,45.93561,-0.00282938372306063,45.934524781378,-0.00391460234504632
51.89872,45.93398,-0.00445938372305932,45.934862333273,-0.00357705045008252
51.91007,45.93627,-0.00216938372305719,45.9352266989229,-0.00321268480015847
51.92139,45.93705,-0.0013893837230583,45.9356078935294,-0.00283149019370591
51.93272,45.93583,-0.00260938372305475,45.9359969732516,-0.00244241047148686
51.94404,45.93335,-0.00508938372306034,45.9363860071727,-0.00205337655034501
51.95538,45.93884,0.000400616276941435,45.9367678119567,-0.00167157176635169
51.96669,45.93704,-0.00139938372305437,45.9371356151431,-0.00130376857993691
51.97803,45.93703,-0.00140938372305754,45.9374827901196,-0.000956593603419745
51.98933,45.9375,-0.000939383723057574,45.9378027350328,-0.000636648690218305
52.00067,45.93782,-0.000619383723055478,45.9380889264947,-0.000350457228368094
52.01199,45.93802,-0.000419383723055944,45.9383351659542,-0.000104217768870117
52.02331,45.93739,-0.00104938372305696,45.9385360019374,9.66182143257829e-05
52.03463,45.94251,0.00407061627694105,45.9386872402234,0.000247856500313186
52.04597,45.93792,-0.000519383723059264,45.9387863804146,0.000346996691534773
52.05733,45.93923,0.000790616276944434,45.938832803126,0.000393419402985643
52.06866,45.93859,0.000150616276940241,45.9388276245979,0.000388240874857551
52.08,45.93575,-0.00268938372305882,45.9387732997155,0.000333915992452424
52.09133,45.94009,0.0016506162769403,45.9386731764654,0.000233792742294563
52.10267,45.93927,0.000830616276942919,45.938531194944,9.1811220901444e-05
52.114,45.9366,-0.00183938372305903,45.9383517983537,-8.75853693389531e-05
52.12533,45.93971,0.00127061627694047,45.9381399816817,-0.000299402041332288
52.13667,45.93915,0.000710616276940357,45.9379013288689,-0.000538054854165046
52.14801,45.93868,0.000240616276940386,45.9376418912378,-0.000797492485291795
52.15932,45.9356,-0.0028393837230567,45.9373678294413,-0.00107155428173952
52.17065,45.93581,-0.0026293837230611,45.9370848774906,-0.00135450623248026
52.18196,45.9366,-0.00183938372305903,45.9367978318999,-0.00164155182315459
52.19331,45.93654,-0.00189938372305676,45.9365103095685,-0.00192907415459334
52.20464,45.93485,-0.00358938372306028,45.9362249107182,-0.00221447300482691
52.21597,45.9375,-0.000939383723057574,45.9359437398679,-0.00249564385518819
52.22733,45.93798,-0.00045938372305443,45.9356690764451,-0.00277030727795684
52.23869,45.9356,-0.0028393837230567,45.9354039071493,-0.0030354765738006
52.25003,45.9333,-0.00513938372305489,45.9351520754466,-0.00328730827641538
52.26138,45.93486,-0.00357938372305711,45.9349179678993,-0.00352141582378836
52.27271,45.93594,-0.00249938372305536,45.9347058437077,-0.00373354001531023
52.28405,45.93485,-0.00358938372306028,45.9345190021848,-0.0039203815382308
52.29539,45.93458,-0.00385938372306072,45.9343589733379,-0.00408041038514582
52.30673,45.93141,-0.00702938372305795,45.9342249113629,-0.00421447236018728
52.31804,45.93264,-0.00579938372305833,45.9341134101908,-0.00432597353228722
52.32935,45.93372,-0.00471938372305658,45.9340189575035,-0.00442042621958366
52.34069,45.93507,-0.0033693837230544,45.9339350968999,-0.00450428682314004
52.35202,45.93617,-0.00226938372306051,45.9338560993314,-0.00458328439167344
52.36335,45.93423,-0.00420938372305812,45.9337787074468,-0.00466067627630271
52.37469,45.93428,-0.00415938372305646,45.9337034642979,-0.00473591942520193
52.38602,45.93335,-0.00508938372306034,45.9336352975098,-0.00480408621325698
52.39733,45.93183,-0.00660938372305964,45.9335832929549,-0.00485609076816342
52.40866,45.93502,-0.00341938372305606,45.9335598120306,-0.00487957169250336
52.41998,45.93192,-0.00651938372305949,45.9335791988611,-0.00486018486191185
52.4313,45.93404,-0.00439938372305448,45.9336562956989,-0.00478308802412247
52.44264,45.93517,-0.00326938372305818,45.9338049005365,-0.00463448318655902
52.45398,45.93503,-0.00340938372305999,45.9340362251613,-0.0044031585617542
52.46531,45.93368,-0.00475938372305507,45.9343573919513,-0.00408199177176698
52.47663,45.93326,-0.00517938372306048,45.9347700711164,-0.00366931260666629
52.48796,45.93398,-0.00445938372305932,45.9352694738731,-0.00316990984997495
52.49929,45.93619,-0.00224938372305417,45.9358439770421,-0.00259540668096767
52.51062,45.9361,-0.00233938372305431,45.9364755774006,-0.00196380632241235
52.52195,45.93692,-0.00151938372305693,45.9371411875441,-0.0012981961790102
52.5333,45.9397,0.0012606162769444,45.9378145926864,-0.000624791036633573
52.54461,45.93769,-0.000749383723054109,45.9384687698974,2.93861743050619e-05
52.55593,45.938,-0.000439383723055187,45.9390782464172,0.000638862694135605
52.56727,45.94215,0.00371061627694047,45.9396212164621,0.00118183273906912
52.57862,45.93913,0.000690616276941114,45.9400811973331,0.00164181361001665
52.58996,45.94138,0.00294061627694475,45.9404480560115,0.00200867228840635
52.60128,45.94215,0.00371061627694047,45.9407182981617,0.00227891443861267
52.61262,45.93909,0.000650616276942628,45.9408946124603,0.00245522873728747
52.62396,45.94157,0.00313061627694111,45.9409847934892,0.00254540976614168
52.63529,45.93921,0.000770616276945191,45.9410002824875,0.00256089876445222
52.64663,45.94203,0.00359061627694501,45.9409546167737,0.00251523305061444
52.65797,45.9396,0.00116061627694108,45.9408620401266,0.002422656403514
52.66932,45.94088,0.00244061627694236,45.9407364238457,0.0022970401226591
52.68067,45.94048,0.0020406162769433,45.9405905333968,0.0021511496737708
52.69202,45.94038,0.00194061627693998,45.9404355778075,0.00199619408446704
52.70336,45.94183,0.00339061627694548,45.9402809030103,0.00184151928723805
52.71471,45.94233,0.00389061627694076,45.9401336493371,0.00169426561401906
52.72606,45.94102,0.00258061627694417,45.9399982269397,0.00155884321662101
52.73741,45.93455,-0.00388938372305603,45.939875611963,0.0014362282399114
52.74874,45.93924,0.000800616276940502,45.9397626970783,0.00132331335523395
52.76006,45.94065,0.00221061627694041,45.9396520868188,0.00121270309575764
52.77142,45.93879,0.000350616276939775,45.9395326533226,0.00109326959957818
52.78276,45.94084,0.00240061627694388,45.939390896799,0.000951513075958291
52.79411,45.93745,-0.000989383723059234,45.9392128896443,0.000773505921265373
52.80544,45.93962,0.00118061627694033,45.9389864596893,0.000547075966201065
52.81678,45.93997,0.00153061627694484,45.9387032525008,0.000263868777713487
52.82812,45.94025,0.00181061627694135,45.9383603228798,-7.9060843265338e-05
52.83946,45.93832,-0.000119383723060196,45.9379609394894,-0.000478444233648157
52.85079,45.93687,-0.00156938372305859,45.9375144041713,-0.000924979551763693
52.86213,45.93681,-0.00162938372305632,45.9370349024444,-0.00140448127862403
52.87348,45.93664,-0.00179938372306054,45.9365396303478,-0.00189975337523416
52.88482,45.93599,-0.00244938372306081,45.9360465831603,-0.00239280056271856
52.89619,45.93432,-0.00411938372305798,45.9355724213255,-0.00286696239755323
52.90752,45.93305,-0.00538938372305608,45.9351307922462,-0.00330859147688782
52.91887,45.93405,-0.00438938372305842,45.934731405067,-0.00370797865604433
52.93023,45.93506,-0.00337938372305757,45.9343799992908,-0.00405938443228232
52.94154,45.93436,-0.00407938372305949,45.9340791065975,-0.00436027712560017
52.95288,45.93697,-0.00146938372305527,45.9338292526099,-0.00461013111311775
52.96423,45.93575,-0.00268938372305882,45.9336301067763,-0.00480927694674302
52.97553,45.93022,-0.00821938372305908,45.9334811526164,-0.0049582311066899
52.98685,45.93441,-0.00402938372305783,45.9333817036595,-0.00505768006360146
52.99818,45.93169,-0.00674938372305434,45.9333303984223,-0.00510898530074012
53.00952,45.93423,-0.00420938372305812,45.9333244950004,-0.00511488872269657
53.02085,45.93349,-0.00494938372305853,45.9333592862072,-0.00508009751586895
53.0322,45.93171,-0.00672938372305509,45.9334278542164,-0.00501152950665421
53.04353,45.93249,-0.0059493837230562,45.9335212862803,-0.00491809744280192
53.05486,45.93543,-0.00300938372306092,45.9336293954214,-0.00480998830168047
53.0662,45.93201,-0.00642938372305935,45.9337418875196,-0.00469749620342504
53.07753,45.93541,-0.00302938372306016,45.9338497854798,-0.00458959824326818
53.08887,45.9345,-0.00393938372305769,45.9339468184288,-0.00449256529430446
53.10022,45.93439,-0.00404938372305708,45.93403045499,-0.00440892873309318
53.11156,45.93605,-0.00238938372305597,45.9341023087756,-0.0043370749474969
53.12287,45.9343,-0.00413938372305722,45.9341677641645,-0.00427161955855397
53.13422,45.93404,-0.00439938372305448,45.9342348529042,-0.00420453081889871
53.14553,45.93169,-0.00674938372305434,45.9343126272659,-0.00412675645718457
53.15685,45.93262,-0.00581938372305757,45.9344094528941,-0.0040299308289736
53.16819,45.93409,-0.00434938372305993,45.9345316831476,-0.00390770057545413
53.17953,45.93554,-0.00289938372305443,45.9346830146349,-0.00375636908817041
53.19087,45.93771,-0.000729383723054866,45.934864519296,-0.00357486442709518
53.20222,45.93536,-0.00307938372305472,45.935075071933,-0.00336431179009899
53.21354,45.93488,-0.00355938372305786,45.9353118082855,-0.00312757543760163
53.22486,45.93428,-0.00415938372305646,45.9355703874322,-0.00286899629089188
53.2362,45.93518,-0.00325938372305501,45.9358450632486,-0.0025943204744798
53.24753,45.93739,-0.00104938372305696,45.9361287160493,-0.0023106676738072
53.25886,45.93572,-0.00271938372305414,45.9364129849474,-0.00202639877562265
53.27015,45.93821,-0.000229383723059584,45.9366885440874,-0.0017508396357036
53.28147,45.93463,-0.00380938372305906,45.9369454950054,-0.00149388871766563
53.29282,45.93923,0.000790616276944434,45.9371738463592,-0.00126553736382753
53.30415,45.93662,-0.00181938372305979,45.9373640838456,-0.00107529987750295
53.31548,45.93483,-0.00360938372305952,45.9375078503033,-0.000931533419767629
53.32684,45.93867,0.000230616276944318,45.9375987418597,-0.000840641863347326
53.33819,45.93953,0.00109061627694018,45.9376331672384,-0.000806216484635231
53.34954,45.93761,-0.000829383723058186,45.9376111131461,-0.000828270576913832
53.36086,45.93875,0.000310616276941289,45.9375365772965,-0.000902806426595741
53.37216,45.93656,-0.00187938372305751,45.9374174671966,-0.00102191652641167
53.38351,45.93719,-0.0012493837230565,45.9372649171983,-0.00117446652473889
53.39484,45.93532,-0.00311938372306031,45.9370921467669,-0.00134723695613882
53.40618,45.9386,0.000160616276943415,45.9369130719903,-0.00152631173274736
53.41752,45.93736,-0.00107938372305938,45.9367408652984,-0.00169851842461794
53.42884,45.93606,-0.0023793837230599,45.936586587159,-0.0018527965640806
53.44016,45.93656,-0.00187938372305751,45.9364579753174,-0.00198140840568741
53.45149,45.93465,-0.00378938372305981,45.936358510174,-0.0020808735490837
53.46284,45.93633,-0.00210938372305947,45.936286925819,-0.00215245790407818
53.47414,45.93692,-0.00151938372305693,45.9362373249527,-0.00220205877031738
53.48546,45.93449,-0.00394938372306086,45.9361999638593,-0.00223941986378576
53.49678,45.93588,-0.00255938372306019,45.9361626482105,-0.00227673551255299
53.50814,45.93745,-0.000989383723059234,45.9361125665413,-0.00232681718171938
53.51945,45.93677,-0.00166938372305481,45.9360382900575,-0.00240109366555566
53.53077,45.93689,-0.00154938372305935,45.9359315957739,-0.00250778794918397
53.54213,45.9362,-0.0022393837230581,45.9357887761947,-0.00265060752837161
53.55347,45.93465,-0.00378938372305981,45.9356112144226,-0.00282816930045812
53.56482,45.93528,-0.0031593837230588,45.9354051817423,-0.00303420198074931
53.57618,45.93644,-0.00199938372306008,45.9351809658574,-0.00325841786565196
53.58751,45.93446,-0.00397938372305617,45.9349515098569,-0.00348787386611943
53.59884,45.93479,-0.00364938372305801,45.9347307574834,-0.00370862623967611
53.61019,45.93388,-0.00455938372305553,45.9345319154932,-0.00390746822987526
53.62151,45.93333,-0.00510938372305958,45.9343658727653,-0.00407351095778483
53.63283,45.93465,-0.00378938372305981,45.9342400185565,-0.00419936516652234
53.64413,45.93296,-0.00547938372305623,45.9341576436565,-0.00428174006659172
53.65545,45.934,-0.00443938372306008,45.9341179960211,-0.00432138770192529
53.66679,45.93405,-0.00438938372305842,45.93411692919,-0.00432245453307369
53.67814,45.93696,-0.00147938372305845,45.934147955024,-0.00429142869908184
53.68949,45.93531,-0.00312938372305638,45.9342034247276,-0.00423595899550291
53.70084,45.93197,-0.00646938372305783,45.9342755717048,-0.00416381201827248
53.71217,45.93301,-0.00542938372305457,45.9343572879698,-0.00408209575326736
53.72351,45.93401,-0.0044293837230569,45.9344426886439,-0.00399669507915082
53.73484,45.93638,-0.00205938372305781,45.9345275875345,-0.00391179618856743
53.74618,45.93519,-0.00324938372305894,45.9346099043255,-0.00382947939753787
53.75753,45.93614,-0.00229938372305583,45.934689874566,-0.00374950915709823
53.76887,45.9338,-0.00463938372305961,45.9347699029372,-0.00366948078583663
53.78025,45.93289,-0.00554938372305713,45.9348540249259,-0.00358535879718132
53.79156,45.93491,-0.00352938372305545,45.9349471145628,-0.00349226916024341
53.80288,45.93507,-0.0033693837230544,45.9350540542051,-0.00338532951798763
53.81421,45.93817,-0.00026938372305807,45.9351790122423,-0.00326037148072775
53.82552,45.93517,-0.00326938372305818,45.9353248403036,-0.00311454341949608
53.83686,45.93259,-0.00584938372305999,45.9354925499679,-0.00294683375513008
53.84824,45.93523,-0.00320938372306045,45.9356809136111,-0.00275847011196317
53.85957,45.9361,-0.00233938372305431,45.9358863427322,-0.00255304099087475
53.8709,45.93702,-0.00141938372306072,45.9361031777096,-0.00233620601340968
53.88223,45.93557,-0.00286938372305912,45.9363243687473,-0.00211501497572155
53.89356,45.93798,-0.00045938372305443,45.9365423727522,-0.00189701097090994
53.90491,45.93644,-0.00199938372306008,45.9367500378413,-0.00168934588171793
53.91624,45.93645,-0.0019893837230569,45.9369412857285,-0.00149809799455175
53.92757,45.93863,0.000190616276945832,45.9371114761233,-0.0013279075997393
53.9389,45.93783,-0.000609383723059409,45.9372574106163,-0.00118197310679848
53.95025,45.93835,-8.93837230577788e-05,45.9373770056168,-0.00106237810622958
53.96159,45.93333,-0.00510938372305958,45.9374687604569,-0.00097062326617278
53.9729,45.93704,-0.00139938372305437,45.9375312635428,-0.000908120180225804
53.98423,45.93803,-0.000409383723059875,45.9375630292571,-0.000876354465973815
53.99556,45.93729,-0.00114938372306028,45.9375628447675,-0.000876538955599512
54.00689,45.93941,0.000970616276944725,45.9375305623215,-0.000908821401547931
54.01823,45.93689,-0.00154938372305935,45.9374680535983,-0.000971330124783181
54.02959,45.93756,-0.000879383723059846,45.9373799665815,-0.00105941714152607
54.04095,45.93937,0.000930616276939134,45.9372739843298,-0.00116539939323601
54.05229,45.93641,-0.00202938372305539,45.9371604055356,-0.00127897818742598
54.06365,45.93999,0.00155061627694408,45.9370510049489,-0.00138837877410604
54.07498,45.93428,-0.00415938372305646,45.9369572942998,-0.00148208942326256
54.08631,45.93449,-0.00394938372306086,45.936888492658,-0.00155089106504761
54.09766,45.9374,-0.00103938372306089,45.9368496665354,-0.00158971718770013
54.10899,45.93594,-0.00249938372305536,45.9368405106356,-0.00159887308747404
54.12033,45.93726,-0.00117938372305559,45.9368550729354,-0.00158431078764483
54.13166,45.93592,-0.0025193837230546,45.9368824740261,-0.00155690969699214
54.143,45.93679,-0.00164938372305556,45.9369084570582,-0.00153092666482762
54.15435,45.9389,0.000460616276939163,45.9369174719331,-0.0015219117899049
54.16569,45.93711,-0.00132938372306057,45.9368949210236,-0.00154446269945367
54.17704,45.93728,-0.00115938372305635,45.9368291752337,-0.00161020848934631
54.18838,45.93718,-0.00125938372305967,45.9367130389152,-0.00172634480785005
54.19971,45.93568,-0.00275938372305973,45.9365444901769,-0.00189489354615999
54.21104,45.93715,-0.00128938372305498,45.9363266849755,-0.00211269874751533
54.22232,45.93661,-0.00182938372305586,45.9360673298397,-0.00237205388331857
54.23365,45.93418,-0.00425938372305978,45.9357775906327,-0.00266179309034141
54.24496,45.93652,-0.001919383723056,45.9354707393131,-0.00296864440996622
54.2563,45.93382,-0.00461938372306037,45.9351607612849,-0.00327862243816318
54.26764,45.9329,-0.00553938372306106,45.9348611363946,-0.00357824732848645
54.27895,45.93649,-0.00194938372305842,45.9345839437264,-0.00385543999661501
54.29026,45.93581,-0.0026293837230611,45.9343393215842,-0.00410006213883173
54.3016,45.93461,-0.0038293837230583,45.9341351837747,-0.00430419994831269
54.31293,45.93125,-0.007189383723059,45.9339770426471,-0.0044623410759837
54.32425,45.9347,-0.00373938372305815,45.9338678633371,-0.00457152038593491
54.33556,45.93488,-0.00355938372305786,45.9338079866062,-0.00463139711680844
54.3469,45.93285,-0.00558938372305562,45.9337951907039,-0.00464419301917148
54.35824,45.93395,-0.00448938372305463,45.9338249181295,-0.00461446559355606
54.36958,45.93308,-0.00535938372306077,45.9338906561938,-0.00454872752923231
54.38092,45.93436,-0.00407938372305949,45.9339844548159,-0.00445492890716162
54.39222,45.9363,-0.00213938372305478,45.934097548928,-0.00434183479504025
54.40356,45.93362,-0.0048193837230599,45.9342210220765,-0.00421836164651539
54.41492,45.93297,-0.00546938372306016,45.9343464584538,-0.00409292526922253
54.42626,45.9323,-0.00613938372305967,45.9344666086596,-0.00397277506341546
54.43759,45.93502,-0.00341938372305606,45.9345761640464,-0.00386321967664004
54.44892,45.93514,-0.0032993837230606,45.9346726815646,-0.00376670215844011
54.46024,45.93695,-0.00148938372305452,45.9347575156942,-0.003681868028892
54.4716,45.93643,-0.00200938372305615,45.9348364271997,-0.00360295652335015
54.48292,45.93447,-0.0039693837230601,45.9349195038734,-0.00351987984969468
54.49423,45.93453,-0.00390938372305527,45.9350201912755,-0.00341919244752288
54.50558,45.93664,-0.00179938372306054,45.9351535027974,-0.00328588092568503
54.5169,45.93321,-0.00522938372305504,45.9353337190941,-0.00310566462891232
54.52823,45.93398,-0.00445938372305932,45.9355720172758,-0.00286736644725459
54.53955,45.93648,-0.00195938372305449,45.9358744864495,-0.00256489727354656
54.55091,45.93545,-0.00298938372305457,45.9362408980007,-0.00219848572236393
54.56221,45.93679,-0.00164938372305556,45.9366644241612,-0.00177495956185713
54.57355,45.93673,-0.0017093837230604,45.9371323003342,-0.00130708338888969
54.5849,45.93629,-0.00214938372305795,45.9376272730507,-0.000812110672326182
54.59625,45.94024,0.00180061627694528,45.9381295720355,-0.000309811687522205
54.60757,45.9402,0.00176061627693969,45.9386190627635,0.000179679040398209
54.6189,45.93874,0.00030061627694522,45.9390771882127,0.000637804489640077
54.63021,45.9395,0.00106061627694487,45.9394883539108,0.0010489701877135
54.64154,45.94065,0.00221061627694041,45.9398405657468,0.00140118202370522
54.65285,45.9404,0.00196061627693922,45.9401253234495,0.00168593972643832
54.66417,45.93983,0.00139061627694304,45.9403369237801,0.00189754005704964
54.67551,45.93959,0.00115061627694502,45.9404714259257,0.00203204220261712
54.68686,45.9401,0.00166061627694347,45.9405255933214,0.00208620959831969
54.6982,45.93943,0.000990616276943967,45.9404961329522,0.00205674922914172
54.70954,45.94079,0.00235061627694222,45.9403794796777,0.00194009595464042
54.7209,45.94008,0.00164061627694423,45.9401722346043,0.00173285088125339
54.73222,45.93851,7.06162769432694e-05,45.9398722124003,0.00143282867725046
54.74355,45.94112,0.00268061627694038,45.9394799255765,0.00104054185346062
54.75491,45.93855,0.000110616276941755,45.9390002449053,0.000560861182260213
54.76624,45.93974,0.00130061627694289,45.9384439200585,4.5363354434333e-06
54.77757,45.93901,0.000570616276945657,45.9378286366624,-0.000610747060660832
54.78893,45.938,-0.000439383723055187,45.9371793511774,-0.001260032545663
54.80026,45.93327,-0.00516938372305731,45.9365277883732,-0.00191159534989556
54.81159,45.9357,-0.00273938372306048,45.9359111651298,-0.00252821859325064
54.82294,45.93541,-0.00302938372306016,45.9353703221174,-0.003069061605623
54.83425,45.93758,-0.000859383723060603,45.9349474148048,-0.00349196891821133
54.8456,45.93627,-0.00216938372305719,45.9346831759,-0.00375620782303278
54.85694,45.93388,-0.00455938372305553,45.9346136784812,-0.00382570524181168
54.86827,45.9353,-0.00313938372305955,45.9347666320887,-0.00367275163435149
54.87963,45.93481,-0.00362938372305877,45.9351574934496,-0.00328189027347215
54.891,45.93447,-0.0039693837230601,45.9357859194403,-0.00265346428276538
54.90234,45.93629,-0.00214938372305795,45.9366332220407,-0.00180616168239807
54.91365,45.93262,-0.00581938372305757,45.9376614825019,-0.000777901221204741
54.92499,45.93822,-0.00021938372305641,45.9388148461729,0.000375462449848419
54.93634,45.93883,0.000390616276945366,45.9400232265562,0.00158384283318571
54.94765,45.94351,0.00507061627694583,45.9412081977119,0.00276881398883503
54.95902,45.94413,0.00569061627694367,45.9422903525738,0.00385096885070472
54.97032,45.94476,0.00632061627694469,45.9431970425197,0.00475765879664048
54.98166,45.94681,0.00837061627694169,45.9438693409858,0.00542995726269738
54.99299,45.94277,0.00433061627694542,45.9442672994268,0.00582791570375682
55.00433,45.94549,0.00705061627694192,45.9443729731935,0.00593358947044875
55.01566,45.9442,0.00576061627694457,45.9441911315228,0.00575174779969529
55.02699,45.94222,0.00378061627694137,45.9437479034443,0.00530851972128067
55.03834,45.94197,0.00353061627694018,45.9430877978205,0.00464841409743779
55.04966,45.94319,0.00475061627694373,45.9422695803569,0.00383019663380512
55.061,45.94386,0.00542061627694324,45.9413614239476,0.00292204022449467
55.07235,45.94032,0.00188061627694225,45.9404356378497,0.00199625412667434
55.08366,45.93776,-0.000679383723060312,45.9395632402573,0.00112385653428689
55.09501,45.93791,-0.000529383723055332,45.9388087282623,0.000369344539289344
55.10633,45.93609,-0.00234938372305749,45.9382255270119,-0.000213856711206835
55.11765,45.93741,-0.00102938372305772,45.9378526036551,-0.000586780067978193
55.12897,45.93827,-0.00016938372305475,45.9377125458126,-0.000726837910431755
55.14031,45.9394,0.00096061627694155,45.9378111060574,-0.000628277665634249
55.15167,45.93864,0.000200616276941901,45.9381379457442,-0.000301437978872868
55.16299,45.93972,0.00128061627694365,45.9386681915244,0.000228807801388769
55.17434,45.93772,-0.000719383723058797,45.9393644784345,0.000925094711476165
55.18568,45.93911,0.000670616276941871,45.940179323745,0.00173994002198937
55.19701,45.94184,0.00340061627694155,45.9410578282354,0.00261844451237698
55.20834,45.94208,0.00364061627693957,45.9419407394875,0.00350135576447663
55.21967,45.94264,0.00420061627693968,45.9427678395956,0.0043284558725766
55.231,45.9437,0.00526061627694219,45.9434815265528,0.00504214282978707
55.24233,45.94546,0.00702061627693951,45.9440304203692,0.00559103664616654
55.25364,45.94008,0.00164061627694423,45.9443728442716,0.00593346054858278
55.26494,45.944,0.00556061627694504,45.94448006201,0.00604067828694632
55.27625,45.94772,0.00928061627693921,45.9443391266719,0.00589974294886011
55.28762,45.9434,0.00496061627693933,45.9439550684914,0.00551568476836653
55.29893,45.94626,0.00782061627694475,45.9433519858983,0.00491260217521614
55.31028,45.94251,0.00407061627694105,45.9425725652971,0.00413318157401839
55.32161,45.94286,0.00442061627694557,45.941675721918,0.00323633819499012
55.33294,45.94071,0.00227061627694525,45.9407323550779,0.00229297135484349
55.34426,45.93958,0.00114061627694184,45.9398195270658,0.00138014334271837
55.35561,45.93824,-0.000199383723057167,45.9390136296536,0.000574245930585217
55.36695,45.93951,0.00107061627694094,45.9383832630362,-5.61206868836503e-05
55.3783,45.93613,-0.002309383723059,45.9379826153435,-0.000456768379572291
55.38965,45.93465,-0.00378938372305981,45.9378461174534,-0.000593266269664127
55.40097,45.93618,-0.00225938372305734,45.9379850657153,-0.000454318007789187
55.41232,45.93769,-0.000749383723054109,45.9383867095565,-5.26741665893638e-05
55.42364,45.93991,0.00147061627694001,45.9390159454573,0.000576561734253083
55.43497,45.94054,0.00210061627694103,45.9398193039199,0.00137992019688816
55.44631,45.94249,0.00405061627694181,45.9407305265591,0.00229114283601116
55.45762,45.94209,0.00365061627694274,45.9416768460061,0.00323746228300148
55.46894,45.945,0.00656061627694271,45.9425851261924,0.00414574246934555
55.48028,45.94335,0.00491061627694478,45.9433872318067,0.00494784808362672
55.49163,45.94304,0.00460061627694586,45.9440242923107,0.0055849085876475
55.50298,45.94289,0.00445061627694088,45.9444498314721,0.00601044774900324
55.51433,45.9448,0.00636061627694318,45.944631959278,0.00619257555489701
55.52567,45.94297,0.00453061627694495,45.9445548887975,0.00611550507439556
55.53702,45.94358,0.00514061627693962,45.9442199372543,0.00578055353128657
55.54836,45.94663,0.0081906162769414,45.9436459703367,0.00520658661365862
55.55971,45.94504,0.0066006162769412,45.9428690496964,0.00442966597330453
55.57106,45.94148,0.00304061627694097,45.9419409466124,0.00350156288934082
55.5824,45.93961,0.00117061627694426,45.940926273099,0.00248688937593355
55.59374,45.94063,0.00219061627694117,45.9398982308489,0.00145884712582237
55.60509,45.94036,0.00192061627694073,45.9389332340186,0.000493850295552946
55.61641,45.94008,0.00164061627694423,45.9381048002933,-0.000334583429790646
55.62772,45.93473,-0.00370938372305574,45.9374771704744,-0.000962213248659839
55.63906,45.93654,-0.00189938372305676,45.9370992238185,-0.0013401599045814
55.65039,45.93478,-0.00365938372305408,45.9369993982422,-0.00143998548086927
55.66173,45.93567,-0.0027693837230558,45.937182367133,-0.00125701659005645
55.67307,45.93522,-0.00321938372305652,45.9376280654178,-0.000811318305243595
55.68439,45.93977,0.00133061627694531,45.938293317875,-0.000146065848108056
55.69574,45.93953,0.00109061627694018,45.9391158993917,0.00067651566861329
55.70708,45.94105,0.00261061627693948,45.940020467868,0.00158108414496607
55.71841,45.94082,0.00238061627694464,45.9409255691584,0.00248618543538579
55.72975,45.94338,0.00494061627694009,45.9417508703277,0.00331148660467617
55.74111,45.94378,0.00534061627693916,45.9424238860142,0.00398450229118374
55.75241,45.9424,0.00396061627694166,45.9428856444892,0.00444626076618784
55.76374,45.94175,0.0033106162769414,45.9430949539528,0.00465557022977952
55.77506,45.944,0.00556061627694504,45.9430311425284,0.00459175880535701
55.78638,45.94244,0.00400061627694015,45.9426952928046,0.00425590908149529
55.79773,45.94103,0.00259061627694024,45.9421100317017,0.00367064797868649
55.80909,45.94368,0.00524061627694294,45.9413179039882,0.00287852026514624
55.82045,45.9432,0.0047606162769398,45.9403783233193,0.00193893959626224
55.83179,45.93855,0.000110616276941755,45.9393631205539,0.000923736830891613
55.84313,45.93816,-0.000279383723054138,45.9383508521897,-8.8531533389977e-05
55.85444,45.9342,-0.00423938372306054,45.9374202888713,-0.00101909485180377
55.86577,45.93789,-0.000549383723054575,45.9366437483967,-0.00179563532638616
55.87711,45.93482,-0.00361938372305559,45.9360810101815,-0.00235837354152751
55.88844,45.93549,-0.00294938372305609,45.9357744189586,-0.00266496476441718
55.89978,45.93658,-0.00185938372305827,45.9357455653328,-0.00269381839022668
55.91115,45.93523,-0.00320938372306045,45.9359937392617,-0.0024456444613566
55.92247,45.93383,-0.00460938372305719,45.9364962294375,-0.00194315428556547
55.93379,45.93637,-0.00206938372306098,45.9372104556184,-0.00122892810465746
55.9451,45.93958,0.00114061627694184,45.9380778018152,-0.00036158190790413
55.95644,45.93915,0.000710616276940357,45.939028816336,0.000589432612993809
55.96781,45.94312,0.00468061627694283,45.9399892140362,0.0015498303131718
55.97915,45.9388,0.000360616276942949,45.94088599266,0.00244660893699554
55.99048,45.94374,0.00530061627694067,45.9416530387316,0.00321365500849856
56.00184,45.94076,0.0023206162769398,45.942235794733,0.0037964110099739
56.01318,45.94298,0.00454061627694102,45.9425947662219,0.00415538249884289
56.0245,45.94374,0.00530061627694067,45.9427077829143,0.00426839919119805
56.03582,45.94336,0.00492061627694085,45.9425709897826,0.00413160605951361
56.04716,45.94127,0.00283061627694536,45.942198583866,0.00375920014290377
56.05849,45.94225,0.00381061627694379,45.9416213807589,0.00318199703581478
56.06982,45.93889,0.000450616276943094,45.9408843915461,0.00244500782301886
56.08117,45.94136,0.00292061627694551,45.9400436622525,0.00160427852945957
56.09248,45.93832,-0.000119383723060196,45.9391626264954,0.000723242772330133
56.10381,45.93887,0.000430616276943852,45.9383081581705,-0.000131225552515819
56.11513,45.93769,-0.000749383723054109,45.9375464361571,-0.000892947565956083
56.12645,45.93872,0.000280616276945977,45.9369386923609,-0.00150069136212003
56.13778,45.93648,-0.00195938372305449,45.9365369282966,-0.00190245542641477
56.14913,45.937,-0.00143938372305996,45.9363797640395,-0.00205961968356104
56.16047,45.93531,-0.00312938372305638,45.9364887240845,-0.00195065963856536
56.17179,45.93361,-0.00482938372305597,45.9368654230352,-0.00157396068782511
56.18313,45.93612,-0.00231938372305507,45.9374901992544,-0.000949184468672734
56.19444,45.93966,0.00122061627694592,45.9383226624519,-0.000116721271117847
56.20581,45.93937,0.000930616276939134,45.9393043528315,0.000864969108457535
56.21714,45.93685,-0.00158938372305784,45.9403633615138,0.00192397779072022
56.2285,45.94315,0.00471061627694525,45.9414204814547,0.00298109773167971
56.23982,45.94344,0.00500061627694492,45.9423962795649,0.00395689584189028
56.25116,45.94548,0.00704061627694585,45.9432183450557,0.00477896133260663
56.26247,45.94338,0.00494061627694009,45.9438278865111,0.00538850278808329
56.2738,45.9464,0.00796061627693945,45.9441849114352,0.00574552771212777
56.28513,45.94414,0.00570061627693974,45.9442714467836,0.00583206306050669
56.29646,45.9446,0.00616061627694364,45.9440925587613,0.00565317503822714
56.30779,45.94338,0.00494061627694009,45.9436752139648,0.00523583024170007
56.31914,45.94359,0.0051506162769428,45.943065252315,0.00462586859198636
56.33046,45.94038,0.00194061627693998,45.9423228998626,0.00388351613952723
56.34177,45.94142,0.00298061627694324,45.9415173277675,0.00307794404448172
56.35309,45.94277,0.00433061627694542,45.9407207611291,0.0022813774060089
56.36446,45.93904,0.000600616276940968,45.9400025750112,0.00156319128818667
56.37577,45.93851,7.06162769432694e-05,45.9394237408884,0.000984357165371545
56.3871,45.94073,0.00229061627694449,45.9390319641765,0.000592580453469908
56.39845,45.9352,-0.00323938372305577,45.9388578731713,0.000418489448226983
56.40981,45.93948,0.00104061627694563,45.9389126167706,0.000473233047519904
56.42116,45.93858,0.000140616276944172,45.9391871553655,0.000747771642439002
56.43245,45.93892,0.000480616276945511,45.9396533785967,0.00121399487364715
56.44378,45.93841,-2.93837230600502e-05,45.9402669807767,0.00182759705368291
56.45509,45.94302,0.00458061627693951,45.9409718130654,0.00253242934233595
56.46639,45.94371,0.00527061627694536,45.9417052395441,0.00326585582101717
56.47776,45.94185,0.00341061627694472,45.9424038838759,0.00396450015289235
56.4891,45.94236,0.00392061627694318,45.9430091297594,0.00456974603631976
56.50043,45.94554,0.00710061627694358,45.9434718569436,0.00503247322058324
56.51175,45.94421,0.00577061627694064,45.9437560746997,0.0053166909766925
56.52306,45.94221,0.0037706162769453,45.9438412667567,0.0054018830336546
56.53443,45.9454,0.00696061627694178,45.9437233837457,0.00528400002263312
56.54577,45.94314,0.00470061627694207,45.943414533031,0.00497514930793399
56.5571,45.94178,0.00334061627694382,45.9429415026265,0.00450211890343604
56.56843,45.94283,0.00439061627694315,45.9423433005967,0.00390391687362072
56.57977,45.94417,0.00573061627694216,45.9416679057167,0.00322852199368291
56.59111,45.93953,0.00109061627694018,45.9409684272035,0.00252904348044365
56.60244,45.94017,0.00173061627694437,45.9402988969144,0.00185951319130704
56.61375,45.93873,0.000290616276942046,45.9397099951623,0.00127061143921074
56.62508,45.93819,-0.000249383723058827,45.9392450949128,0.000805711189722206
56.6364,45.9405,0.00206061627694254,45.9389370112692,0.000497627546139985
56.64776,45.93746,-0.00097938372305606,45.9388057444716,0.000366360748532843
56.65911,45.93914,0.000700616276944288,45.9388573716038,0.000417987880726667
56.67046,45.93702,-0.00141938372306072,45.9390841421425,0.000644758419414173
56.68179,45.93913,0.000690616276941114,45.9394657624765,0.00102637875341929
56.69311,45.94048,0.0020406162769433,45.939971757724,0.00153237400093256
56.70445,45.94037,0.00193061627694391,45.9405646431729,0.00212525944988317
56.71578,45.94551,0.00707061627694117,45.9412034659299,0.00276408220687957
56.72713,45.94,0.00156061627694015,45.9418471844696,0.0034078007464979
56.73846,45.94498,0.00654061627694347,45.942457416592,0.00401803286897053
56.7498,45.94183,0.00339061627694548,45.9430003029042,0.00456091918115258
56.76112,45.94202,0.00358061627694184,45.943447513958,0.00500813023494123
56.77247,45.94348,0.00504061627694341,45.9437766559379,0.00533727221483962
56.78381,45.94342,0.00498061627694568,45.943971422105,0.00553203838191969
56.79513,45.94465,0.0062106162769453,45.9440217822469,0.00558239852380989
56.80648,45.94167,0.00323061627694443,45.9439243549,0.0054849711769575
56.81783,45.94419,0.0057506162769414,45.9436829471603,0.00524356343722979
56.82914,45.94556,0.00712061627694283,45.9433091113877,0.00486972766461996
56.8405,45.94383,0.00539061627694082,45.9428224576124,0.00438307388938402
56.85184,45.94156,0.00312061627694504,45.9422504132455,0.00381102952239725
56.86314,45.94222,0.00378061627694137,45.9416272000081,0.00318781628499906
56.87448,45.94073,0.00229061627694449,45.9409919830658,0.00255259934272676
56.88581,45.94004,0.00160061627694574,45.9403863323986,0.00194694867552155
56.89714,45.94074,0.00230061627694056,45.9398512426283,0.00141185890525715
56.90849,45.93896,0.000520616276943997,45.9394239924121,0.000984608689044313
56.91985,45.93778,-0.000659383723061069,45.9391351313712,0.000695747648101925
56.93119,45.94009,0.0016506162769403,45.9390058827333,0.000566499010207923
56.94252,45.93737,-0.00106938372305621,45.9390462308036,0.000606847080564739
56.95384,45.939,0.000560616276942483,45.9392539041832,0.000814520460164165
56.96521,45.94035,0.00191061627694467,45.9396143708515,0.00117498712848737
56.97654,45.93962,0.00118061627694033,45.9401018496697,0.00166246594667027
56.98787,45.94016,0.0017206162769412,45.9406812383271,0.00224185460403017
56.99921,45.94132,0.00288061627693992,45.9413107820858,0.00287139836278801
57.01056,45.94265,0.00421061627694286,45.9419452604025,0.00350587667943979
57.02188,45.94289,0.00445061627694088,45.9425394302457,0.00410004652262499
57.03322,45.94302,0.00458061627693951,45.9430514391141,0.00461205539105613
57.04455,45.94302,0.00458061627693951,45.9434459341267,0.0050065504036163
57.05588,45.94342,0.00498061627694568,45.943696645283,0.00525726155995381
57.06721,45.94431,0.00587061627694396,45.9437882694665,0.00534888574344928
57.07855,45.94691,0.00847061627694501,45.9437174954425,0.00527811171949158
57.08987,45.94308,0.00464061627694434,45.9434930190149,0.00505363529180282
57.10121,45.94234,0.00390061627694394,45.9431344785083,0.00469509478520738
57.11254,45.94154,0.0031006162769458,45.9426704258709,0.00423104214782938
57.12388,45.94164,0.00320061627694201,45.9421356531688,0.00369626944570306
57.13522,45.94284,0.00440061627693922,45.9415682852042,0.00312890148114122
57.14656,45.93958,0.00114061627694184,45.9410069899328,0.00256760620978069
57.15789,45.93906,0.000620616276940211,45.9404885332991,0.00204914957600482
57.16924,45.94068,0.00224061627694283,45.940045795644,0.0016064119209057
57.18061,45.94108,0.0026406162769419,45.9397062675331,0.00126688381006283
57.19197,45.94021,0.00177061627694286,45.9394909300652,0.00105154634211758
57.2033,45.94058,0.00214061627693951,45.939413349659,0.000973965935956894
57.21461,45.93826,-0.000179383723057924,45.9394788603803,0.00103947665722335
57.22594,45.93948,0.00104061627694563,45.9396838652334,0.00124448151037358
57.23727,45.93798,-0.00045938372305443,45.9400154628586,0.00157607913557219
57.2486,45.93929,0.000850616276942162,45.9404516856684,0.00201230194535316
57.25993,45.94131,0.00287061627694385,45.940962563587,0.00252317986394253
57.27126,45.94445,0.00601061627694577,45.9415120264327,0.00307264270965015
57.28258,45.94112,0.00268061627694038,45.9420604270457,0.00362104332263354
57.29393,45.94439,0.00595061627694093,45.9425673427988,0.00412795907573239
57.30524,45.93987,0.00143061627694152,45.9429943669082,0.00455498318509367
57.31655,45.94272,0.00428061627694376,45.9433077641199,0.00486838039680383
57.32787,45.94403,0.00559061627694035,45.9434809831856,0.00504159946249234
57.33921,45.94242,0.00398061627694091,45.9434969864273,0.00505760270427881
57.35053,45.9444,0.00596061627694411,45.9433501986414,0.00491081491837128
57.36186,45.94801,0.00957061627693889,45.9430477069549,0.00460832323180317
57.37319,45.9429,0.00446061627694405,45.9426092783173,0.00416989459422241
57.38453,45.93925,0.000810616276943676,45.9420658851078,0.00362650138469673
57.39586,45.94269,0.00425061627694134,45.9414567421551,0.00301735843199966
57.4072,45.94161,0.0031706162769396,45.9408252177845,0.00238583406142162
57.41852,45.93956,0.0011206162769426,45.9402142029026,0.00177481917950797
57.42983,45.93691,-0.00152938372306011,45.939661575264,0.00122219154099274
57.44116,45.93876,0.000320616276944463,45.939196374924,0.000756991200908041
57.45251,45.93677,-0.00166938372305481,45.9388362336788,0.00039684995575258
57.46386,45.93909,0.000650616276942628,45.9385864129398,0.000147029216770682
57.47521,45.93894,0.000500616276944754,45.9384404998498,1.11612676216942e-06
57.48655,45.93951,0.00107061627694094,45.9383824915461,-5.68921769849824e-05
57.4979,45.93874,0.00030061627694522,45.9383897793865,-4.96043365564807e-05
57.50925,45.93816,-0.000279383723054138,45.9384364865735,-2.89714960057091e-06
57.52058,45.93942,0.000980616276940793,45.9384966901162,5.73063931066472e-05
57.53194,45.9379,-0.000539383723058506,45.9385471924706,0.000107808747529815
57.54326,45.94003,0.00159061627694257,45.938569629021,0.000130245297977535
57.55456,45.9384,-3.93837230561189e-05,45.938551786818,0.000112403094894775
57.5659,45.93895,0.000510616276940823,45.9384880892929,4.87055698121541e-05
57.57726,45.93891,0.000470616276942337,45.9383792941029,-6.0089620153208e-05
57.5886,45.93618,-0.00225938372305734,45.9382315571189,-0.000207826604197211
57.59996,45.93776,-0.000679383723060312,45.9380551078021,-0.000384275920937302
57.61131,45.93734,-0.00109938372305862,45.9378628139401,-0.000576569782954063
57.62263,45.93858,0.000140616276944172,45.9376688516633,-0.000770532059769141
57.63398,45.93824,-0.000199383723057167,45.9374875609635,-0.000951822759598111
57.64535,45.93695,-0.00148938372305452,45.9373324406136,-0.00110694310944893
57.6567,45.93768,-0.000759383723057283,45.9372151965433,-0.00122418717977773
57.66804,45.93784,-0.000599383723056235,45.9371448083516,-0.00129457537143815
57.6794,45.93653,-0.00190938372305993,45.9371266676311,-0.0013127160919474
57.69072,45.93417,-0.00426938372305585,45.9371619230101,-0.00127746071291611
57.70205,45.93742,-0.00101938372305455,45.9372472078248,-0.00119217589826222
57.71337,45.93893,0.00049061627694158,45.9373748788412,-0.00106450488182734
57.72472,45.93999,0.00155061627694408,45.9375337410949,-0.000905642628166294
57.73603,45.93697,-0.00146938372305527,45.9377100718171,-0.000729311906008649
57.74736,45.93626,-0.00217938372306037,45.9378887368911,-0.000550646831917571
57.75869,45.93531,-0.00312938372305638,45.9380543376464,-0.00038504607667157
57.77002,45.93839,-4.93837230592931e-05,45.9381924688331,-0.000246914889955279
57.78136,45.94099,0.00255061627694175,45.9382911290721,-0.000148254650960522
57.7927,45.93906,0.000620616276940211,45.9383421059981,-9.72777249735928e-05
57.80405,45.94088,0.00244061627694236,45.9383419523854,-9.74313376655025e-05
57.8154,45.937,-0.00143938372305996,45.9382921709966,-0.000147212726420443
57.82673,45.93852,8.06162769393381e-05,45.9381984567075,-0.000240927015545823
57.83805,45.93674,-0.00169938372305722,45.93806916284,-0.00037022088310189
57.84938,45.93849,5.06162769440266e-05,45.9379133984693,-0.000525985253758209
57.86072,45.93549,-0.00294938372305609,45.9377392475469,-0.000700136176136181
57.87207,45.93642,-0.00201938372305932,45.9375525483408,-0.000886835382306113
57.8834,45.93563,-0.00280938372305428,45.9373565274049,-0.00108285631818329
57.89474,45.9398,0.00136061627694062,45.9371523612542,-0.00128702246888519
57.90607,45.93671,-0.00172938372305964,45.9369404628639,-0.00149892085913834
57.91739,45.939,0.000560616276942483,45.9367220473594,-0.00171733636363511
57.92872,45.93702,-0.00141938372306072,45.9365004398478,-0.0019389438752342
57.94004,45.93662,-0.00181938372305979,45.9362816923322,-0.00215769139087072
57.95136,45.93586,-0.00257938372305944,45.9360743145455,-0.00236506917752334
57.96269,45.93571,-0.00272938372305731,45.9358881891948,-0.00255119452828962
57.97404,45.93569,-0.00274938372305655,45.9357329485772,-0.00270643514589794
57.98541,45.93435,-0.00408938372305556,45.935616197762,-0.00282318596108171
57.99675,45.93405,-0.00438938372305842,45.9355419845226,-0.00289739920046142
58.00809,45.93583,-0.00260938372305475,45.9355098525985,-0.00292953112451393
58.01942,45.9355,-0.00293938372306002,45.9355146769029,-0.0029247068201067
58.03075,45.93773,-0.000709383723055623,45.9355472930762,-0.00289209064683589
58.04207,45.93126,-0.00717938372305582,45.9355957720982,-0.00284361162481016
58.05342,45.9371,-0.00133938372305664,45.9356471139007,-0.00279226982235378
58.06475,45.93806,-0.000379383723057458,45.9356891117591,-0.0027502719639212
58.0761,45.93598,-0.00245938372305687,45.9357121007166,-0.00272728300641795
58.08745,45.93572,-0.00271938372305414,45.9357102696319,-0.00272911409114562
58.0988,45.93618,-0.00225938372305734,45.9356822833616,-0.00275710036141319
58.11015,45.93485,-0.00358938372306028,45.9356311389457,-0.00280824477739496
58.1215,45.93563,-0.00280938372305428,45.9355633637656,-0.00287601995749453
58.13285,45.93621,-0.00222938372305492,45.9354877695197,-0.00295161420339699
58.14419,45.93476,-0.00367938372306043,45.9354140049544,-0.00302537876868198
58.15556,45.93359,-0.00484938372305521,45.935351144747,-0.00308823897608498
58.16686,45.93554,-0.00289938372305443,45.9353065338306,-0.00313284989244241
58.17816,45.93526,-0.00317938372305804,45.9352850541953,-0.00315432952773306
58.18947,45.93681,-0.00162938372305632,45.9352888716266,-0.00315051209647527
58.20081,45.93539,-0.00304938372305941,45.9353175934735,-0.00312179024954232
58.21214,45.93301,-0.00542938372305457,45.9353687078939,-0.00307067582920434
58.22344,45.93652,-0.001919383723056,45.9354382045246,-0.00300117919847626
58.23478,45.93445,-0.00398938372305935,45.9355213230615,-0.00291806066157931
58.24611,45.93696,-0.00147938372305845,45.9356133550099,-0.00282602871314663
58.25746,45.9382,-0.000239383723055653,45.935710342136,-0.0027290415870121
58.26878,45.93509,-0.00334938372305515,45.9358094655263,-0.00262991819673442
58.28014,45.93513,-0.00330938372305667,45.935908985169,-0.00253039855400978
58.29146,45.93497,-0.00346938372305772,45.9360077628655,-0.00243162085754315
58.30279,45.9363,-0.00213938372305478,45.936104571989,-0.00233481173407608
58.31414,45.93665,-0.00178938372305737,45.9361974508804,-0.00224193284261014
58.32548,45.93749,-0.000949383723060748,45.9362832873875,-0.00215609633556652
58.33682,45.934,-0.00443938372306008,45.9363577297414,-0.00208165398163218
58.34813,45.93507,-0.0033693837230544,45.9364154854468,-0.00202389827623994
58.35944,45.93429,-0.0041493837230604,45.9364510646502,-0.00198831907289379
58.37074,45.94005,0.00161061627694181,45.9364599398528,-0.00197944387021326
58.38208,45.93839,-4.93837230592931e-05,45.9364398862184,-0.00199949750461186
58.39342,45.93767,-0.000769383723060457,45.9363920560656,-0.00204732765743589
58.40476,45.93674,-0.00169938372305722,45.9363213233375,-0.00211806038551304
58.41609,45.93411,-0.00432938372306069,45.9362356762079,-0.00220370751515669
58.42743,45.9361,-0.00233938372305431,45.9361447977887,-0.00229458593432657
58.43879,45.93627,-0.00216938372305719,45.9360582426566,-0.002381141066451
58.45013,45.93534,-0.00309938372306107,45.9359836857258,-0.00245569799728513
58.46145,45.93466,-0.00377938372305664,45.935925639591,-0.0025137441320814
58.47279,45.93434,-0.00409938372305874,45.9358849092207,-0.00255447450237897
58.48412,45.93453,-0.00390938372305527,45.9358589128859,-0.0025804708371324
58.49546,45.93829,-0.000149383723055507,45.9358428082346,-0.00259657548849144
58.50681,45.93908,0.000640616276939454,45.9358311190372,-0.00260826468585593
58.51817,45.93523,-0.00320938372306045,45.9358193653816,-0.00262001834149989
58.5295,45.93533,-0.00310938372305714,45.9358052032775,-0.00263418044559653
58.54087,45.93642,-0.00201938372305932,45.9357888044197,-0.00265057930335826
58.5522,45.93635,-0.00208938372306022,45.9357725059667,-0.00266687775636225
58.56351,45.93259,-0.00584938372305999,45.9357599679005,-0.002679415822543
58.57484,45.93658,-0.00185938372305827,45.9357551521675,-0.00268423155553419
58.58619,45.93498,-0.00345938372305454,45.9357614146833,-0.00267796903977273
58.59753,45.93773,-0.000709383723055623,45.9357808941928,-0.00265848953024389
58.60888,45.9348,-0.00363938372305483,45.9358142314229,-0.00262515230016184
58.62024,45.93594,-0.00249938372305536,45.9358605464833,-0.00257883723973084
58.63156,45.93603,-0.00240938372305521,45.9359175909499,-0.00252179277318409
58.64291,45.93529,-0.00314938372305562,45.9359820311993,-0.0024573525237297
58.65425,45.93562,-0.00281938372305746,45.9360498429457,-0.00238954077736749
58.66558,45.93761,-0.000829383723058186,45.9361167781718,-0.00232260555126265
58.67691,45.93712,-0.0013193837230574,45.9361788227244,-0.00226056099862318
58.68824,45.93539,-0.00304938372305941,45.9362325391032,-0.00220684461986312
58.69958,45.93549,-0.00294938372305609,45.9362752288339,-0.00216415488920326
58.71094,45.93579,-0.00264938372306034,45.9363049412793,-0.0021344424437821
58.72226,45.93745,-0.000989383723059234,45.9363204213659,-0.00211896235714225
58.7336,45.93608,-0.00235938372306066,45.9363210687727,-0.00211831495038205
58.7449,45.93636,-0.00207938372305705,45.9363069116917,-0.00213247203134794
58.75628,45.93702,-0.00141938372306072,45.9362785578178,-0.0021608259052834
58.76764,45.93573,-0.00270938372305807,45.9362371026022,-0.00220228112082271
58.77898,45.93725,-0.00118938372305877,45.9361840247585,-0.00225535896459169
58.79032,45.93442,-0.00401938372305466,45.9361211549909,-0.00231822873220763
58.80162,45.93478,-0.00365938372305408,45.9360508512772,-0.00238853244587696
58.81295,45.93421,-0.00422938372305737,45.93597652153,-0.00246286219310385
58.82428,45.93559,-0.00284938372305987,45.9359035488431,-0.00253583487998013
58.83561,45.93851,7.06162769432694e-05,45.9358404684332,-0.0025989152898922
58.84694,45.94017,0.00173061627694437,45.9357999827399,-0.00263940098318152
58.85828,45.93626,-0.00217938372306037,45.9357992457279,-0.00264013799513221
58.8696,45.93467,-0.00376938372306057,45.9358589628826,-0.00258042084049241
58.88094,45.93406,-0.00437938372305524,45.9360012414848,-0.00243814223829172
58.89224,45.93539,-0.00304938372305941,45.9362465721358,-0.00219281158730853
58.90361,45.93655,-0.00188938372306069,45.9366105631462,-0.00182882057686929
58.91494,45.9381,-0.000339383723058972,45.9371009987757,-0.00133838494736581
58.9263,45.93794,-0.000499383723060021,45.9377155803855,-0.000723803337594388
58.93763,45.93764,-0.000799383723055769,45.9384405251024,1.14137933615278e-06
58.94899,45.93891,0.000470616276942337,45.9392501306993,0.000810746976258418
58.96034,45.93913,0.000690616276941114,45.9401074288642,0.00166804514112523
58.97167,45.93958,0.00114061627694184,45.9409660464067,0.00252666268364105
58.983,45.9416,0.00316061627694353,45.9417733122928,0.0033339285697631
58.99434,45.94355,0.00511061627694431,45.9424744859043,0.00403510218121933
59.0057,45.94164,0.00320061627694201,45.9430177821097,0.00457839838666798
59.01704,45.94345,0.00501061627694099,45.9433596956044,0.00492031188136554
59.02838,45.94594,0.00750061627694265,45.9434700219958,0.00503063827270865
59.03972,45.94492,0.00648061627694574,45.9433359351168,0.00489655139374413
59.05105,45.94308,0.00464061627694434,45.9429645171664,0.00452513344333341
59.06237,45.94246,0.00402061627693939,45.9423832918925,0.00394390816942612
59.0737,45.94424,0.00580061627694306,45.9416385772894,0.00319919356635528
59.085,45.94093,0.00249061627694402,45.9407917716404,0.00235238791732919
59.09632,45.93862,0.000180616276942658,45.9399139521998,0.00147456847674724
59.10766,45.93725,-0.00118938372305877,45.9390793996764,0.000640015953324707
59.119,45.9374,-0.00103938372306089,45.9383588377684,-8.05459546642948e-05
59.13035,45.93727,-0.00116938372305952,45.9378132078102,-0.000626175912908831
59.1417,45.9387,0.000260616276939629,45.9374886433114,-0.000950740411687773
59.15305,45.93472,-0.00371938372305891,45.9374130487213,-0.00102633500175211
59.16434,45.93741,-0.00102938372305772,45.9375944453115,-0.000844938411599854
59.17569,45.93815,-0.000289383723057313,45.938021069463,-0.000418314260050685
59.18703,45.93991,0.00147061627694001,45.9386630529259,0.000223669202825653
59.19838,45.94106,0.00262061627694266,45.9394753605981,0.00103597687506052
59.20971,45.9395,0.00106061627694487,45.9404015723925,0.00196218866940615
59.22105,45.94012,0.00168061627694271,45.9413781375825,0.00293875385945473
59.23238,45.93985,0.00141061627694228,45.9423388614694,0.00389947774629869
59.24374,45.947,0.00856061627694515,45.9432194700691,0.00478008634602423
59.25505,45.94413,0.00569061627694367,45.9439620455473,0.00552266182420139
59.26637,45.9451,0.00666061627693892,45.9445189983578,0.00607961463477615
59.27773,45.94483,0.00639061627694559,45.9448562037307,0.006416820007686
59.28907,45.94603,0.0075906162769428,45.9449550517312,0.00651566800811783
59.30041,45.94152,0.00308061627693945,45.9448133572803,0.00637397355721927
59.31175,45.94559,0.00715061627694524,45.9444452279641,0.0060058442409939
59.32307,45.94489,0.00645061627694332,45.9438800327283,0.0054406490052435
59.33441,45.94193,0.00349061627694169,45.9431605593767,0.00472117565361459
59.34573,45.94562,0.00718061627694055,45.9423403606445,0.00390097692148523
59.35706,45.9417,0.00326061627693974,45.941480260935,0.00304087721195342
59.36837,45.93956,0.0011206162769426,45.9406440777259,0.00220469400286156
59.3797,45.94006,0.00162061627694499,45.9398937853576,0.00145440163455286
59.39106,45.93736,-0.00107938372305938,45.9392845419613,0.000845158238261482
59.40242,45.93941,0.000970616276944725,45.9388601130623,0.000420729339216061
59.41377,45.93704,-0.00139938372305437,45.938649200873,0.000209817149924468
59.42511,45.93998,0.00154061627694091,45.9386630547639,0.000223671040870693
59.43644,45.93655,-0.00188938372306069,45.9388945665691,0.000455182846056142
59.44778,45.94102,0.00258061627694417,45.9393188972628,0.000879513539777307
59.4591,45.93934,0.000900616276943822,45.9398955562465,0.00145617252340472
59.47046,45.93897,0.000530616276940066,45.9405717586256,0.00213237490257766
59.48181,45.94141,0.00297061627694006,45.9412868135991,0.0028474298760746
59.49314,45.94198,0.00354061627694335,45.9419772284363,0.00353784471324025
59.50445,45.94452,0.00608061627693957,45.9425821197689,0.00414273604583526
59.51578,45.94385,0.00541061627694006,45.9430484255566,0.0046090418335432
59.5271,45.94317,0.00473061627694449,45.9433353840137,0.00489600029066426
59.53845,45.9436,0.00516061627694597,45.9434178436712,0.00497845994818788
59.5498,45.94323,0.00479061627694222,45.9432881523516,0.00484876862849536
59.56115,45.94274,0.004300616276943,45.9429565473481,0.00451716362507795
59.5725,45.94378,0.00534061627693916,45.9424500741815,0.00401069045843525
59.58384,45.94278,0.00434061627694149,45.9418101092228,0.00337072549979498
59.59519,45.94147,0.0030306162769449,45.9410886087105,0.00264922498747771
59.60653,45.94129,0.00285061627694461,45.9403433072776,0.00190392355451396
59.61787,45.9376,-0.000839383723054254,45.9396322547653,0.00119287104227936
59.62921,45.93893,0.00049061627694158,45.9390082637097,0.000568879986614508
59.64052,45.93582,-0.00261938372305792,45.9385139596086,7.45758855297922e-05
59.65186,45.93658,-0.00185938372305827,45.9381781108031,-0.000261272920001446
59.66319,45.93693,-0.00150938372306086,45.9380137360054,-0.000425647717683158
59.67452,45.93942,0.000980616276940793,45.9380181679213,-0.000421215801718726
59.68586,45.93922,0.000780616276941259,45.9381748684246,-0.000264515298444438
59.69722,45.94066,0.00222061627694359,45.9384564717316,1.70880085928778e-05
59.70856,45.93839,-4.93837230592931e-05,45.9388284021787,0.000389018455666532
59.71988,45.93795,-0.000489383723056847,45.9392525079706,0.000813124247525063
59.7312,45.94082,0.00238061627694464,45.9396903798471,0.00125099612401901
59.74253,45.93982,0.00138061627693986,45.9401062312654,0.00166684754235254
59.75389,45.939,0.000560616276942483,45.9404693120722,0.00202992834918313
59.76524,45.94064,0.00220061627694434,45.940755826664,0.00231644294096105
59.77658,45.94491,0.00647061627694256,45.9409502820403,0.0025108983172051
59.78791,45.9403,0.00186061627694301,45.9410461372993,0.00260675357619996
59.79923,45.93979,0.00135061627694455,45.9410456250859,0.00260624136283878
59.8106,45.94212,0.00368061627694516,45.9409587265109,0.0025193427878263
59.82192,45.93949,0.0010506162769417,45.9408014557736,0.00236207205049334
59.83326,45.94173,0.00329061627694216,45.9405937280605,0.00215434433743275
59.84459,45.93823,-0.000209383723060341,45.9403570997135,0.00191771599046132
59.85593,45.94202,0.00358061627694184,45.9401126312056,0.00167324748256312
59.86726,45.93907,0.000630616276943385,45.939879073695,0.00143968997196082
59.87862,45.93908,0.000640616276939454,45.9396715306651,0.00123214694203274
59.88996,45.93647,-0.00196938372305766,45.9395007050015,0.00106132127845439
59.90132,45.94131,0.00287061627694385,45.9393727900284,0.000933406305364424
59.91265,45.93969,0.00125061627694123,45.9392899493957,0.000850565672630123
59.92402,45.94267,0.0042306162769421,45.9392511575116,0.000811773788505216
59.93534,45.93838,-5.93837230553618e-05,45.9392530531673,0.000813669444208504
59.94666,45.93825,-0.000189383723061098,45.9392905191216,0.000851135398523626
59.95803,45.9383,-0.000139383723059439,45.9393569236559,0.00091753993282659
59.96935,45.93996,0.00152061627694167,45.9394441849375,0.00100480121449197
59.98069,45.93824,-0.000199383723057167,45.9395428946115,0.00110351088846495
59.99202,45.94132,0.00288061627693992,45.9396426555598,0.00120327183673688
60.00331,45.93965,0.00121061627694274,45.9397326537505,0.00129327002743663
60.01464,45.93861,0.000170616276939484,45.9398023924509,0.00136300872779939
60.02598,45.94047,0.00203061627694012,45.9398424969116,0.00140311318855036
60.03731,45.93967,0.00123061627694199,45.9398455154137,0.00140613169062531
60.04866,45.93966,0.00122061627694592,45.9398066469291,0.00136726320601665
60.06001,45.94079,0.00235061627694222,45.9397243027228,0.00128491899974038
60.07133,45.94005,0.00161061627694181,45.9396003894899,0.001161005766833
60.08263,45.93863,0.000190616276945832,45.9394402179465,0.00100083422346514
60.09397,45.94125,0.00281061627693902,45.9392520017662,0.000812618043131706
60.10531,45.93736,-0.00107938372305938,45.9390460017107,0.000606617987599588
60.1166,45.9367,-0.00173938372305571,45.9388334588101,0.000394075087039149
60.12796,45.94054,0.00210061627694103,45.9386255113827,0.000186127659667179
60.13931,45.93824,-0.000199383723057167,45.938432264851,-7.11887206187739e-06
60.15063,45.93917,0.0007306162769396,45.9382620839676,-0.000177299755430838
60.16198,45.93692,-0.00151938372305693,45.9381210828691,-0.000318300854003186
60.17334,45.93758,-0.000859383723060603,45.9380127742589,-0.000426609464200161
60.18468,45.93916,0.000720616276943531,45.9379378801171,-0.000501503605992091
60.19601,45.93887,0.000430616276943852,45.9378943271675,-0.00054505655558922
60.20736,45.93468,-0.0037593837230574,45.9378774384543,-0.000561945268777361
60.21866,45.93919,0.000750616276945948,45.9378803320846,-0.000559051638446503
60.23001,45.93781,-0.000629383723058652,45.9378945494323,-0.000544834290783836
60.24134,45.93781,-0.000629383723058652,45.937910905241,-0.000528478482061139
60.25263,45.93928,0.000840616276938988,45.9379204774366,-0.00051890628648777
60.26397,45.93703,-0.00140938372305754,45.9379156015426,-0.000523782180482181
60.27531,45.93776,-0.000679383723060312,45.9378907478789,-0.000548635844139629
60.28664,45.93609,-0.00234938372305749,45.9378432132067,-0.000596170516335998
60.298,45.94025,0.00181061627694135,45.9377735909473,-0.000665792775716836
60.30931,45.93802,-0.000419383723055944,45.9376859574548,-0.00075342626826851
60.32063,45.9383,-0.000139383723059439,45.937587660286,-0.000851723437029122
60.33198,45.93753,-0.000909383723055157,45.9374886050476,-0.000950778675480975
60.34333,45.93649,-0.00194938372305842,45.9374000512076,-0.00103933251544878
60.35466,45.93654,-0.00189938372305676,45.9373330850846,-0.00110629863841062
60.36597,45.93698,-0.0014593837230592,45.9372970411557,-0.00114234256735679
60.3773,45.93773,-0.000709383723055623,45.9372981372666,-0.00114124645648461
60.38865,45.94065,0.00221061627694041,45.937338498574,-0.00110088514908962
60.4,45.9333,-0.00513938372305489,45.9374156545611,-0.00102372916197198
60.41133,45.93538,-0.00305938372305548,45.937522583381,-0.000916800342090281
60.42268,45.93633,-0.00210938372305947,45.9376484158929,-0.000790967830190218
60.434,45.94234,0.00390061627694394,45.9377798497329,-0.000659533990137506
60.44536,45.93899,0.000550616276939309,45.9379030901005,-0.000536293622582081
60.45671,45.93643,-0.00200938372305615,45.9380058888802,-0.000433494842864552
60.46804,45.93779,-0.000649383723057895,45.9380792233837,-0.000360160339326001
60.47936,45.9399,0.00146061627694394,45.9381183444637,-0.000321039259343036
60.49068,45.93741,-0.00102938372305772,45.9381231324829,-0.000316251240134547
60.502,45.93816,-0.000279383723054138,45.9380978021895,-0.000341581533560733
60.51334,45.93876,0.000320616276944463,45.9380500393157,-0.000389344407314756
60.52467,45.93742,-0.00101938372305455,45.9379897005561,-0.0004496831669283
60.536,45.93833,-0.000109383723057022,45.9379272627615,-0.000512120961562999
60.54736,45.93661,-0.00182938372305586,45.9378722468356,-0.000567136887430537
60.55869,45.93689,-0.00154938372305935,45.9378318588173,-0.00060752490571023
60.57003,45.93865,0.000210616276945075,45.9378100667551,-0.000629316967998417
60.58137,45.93745,-0.000989383723059234,45.9378072500721,-0.000632133650965617
60.59273,45.93834,-9.93837230609529e-05,45.9378204402309,-0.00061894349211997
60.60408,45.93625,-0.00218938372305644,45.9378440733253,-0.00059531039778356
60.61542,45.93649,-0.00194938372305842,45.9378711245655,-0.000568259157515599
60.62672,45.94202,0.00358061627694184,45.9378944546243,-0.000544929098739511
60.63803,45.93896,0.000520616276943997,45.9379081289888,-0.000531254734223799
60.64938,45.93639,-0.00204938372305463,45.9379084258296,-0.000530957893494557
60.6607,45.93788,-0.000559383723057749,45.9378943299778,-0.000545053745230481
60.67205,45.93461,-0.0038293837230583,45.9378675118343,-0.00057187188871296
60.68338,45.94137,0.00293061627694158,45.9378319498086,-0.00060743391443912
60.69471,45.93884,0.000400616276941435,45.9377933470267,-0.00064603669632485
60.70606,45.93619,-0.00224938372305417,45.937758381805,-0.000681001918054855
60.71739,45.93806,-0.000379383723057458,45.9377337836213,-0.000705600101751602
60.72873,45.93585,-0.00258938372305551,45.9377253021255,-0.000714081597537482
60.74005,45.93919,0.000750616276945948,45.9377367313124,-0.000702652410643825
60.7514,45.93819,-0.000249383723058827,45.9377691505677,-0.000670233155335179
60.76276,45.93875,0.000310616276941289,45.9378204668538,-0.000618916869257249
60.77408,45.9345,-0.00393938372305769,45.9378852899317,-0.000554093791324695
60.78543,45.93806,-0.000379383723057458,45.9379551911053,-0.000484192617759261
60.79675,45.93884,0.000400616276941435,45.9380194160266,-0.000419967696501696
60.80807,45.93885,0.000410616276944609,45.9380660512636,-0.00037333245942304
60.81939,45.93703,-0.00140938372305754,45.9380835026172,-0.00035588110584604
60.83074,45.93922,0.000780616276941259,45.9380620437128,-0.000377340010212165
60.84207,45.93809,-0.000349383723055041,45.9379951935505,-0.000444190172558627
60.8534,45.93715,-0.00128938372305498,45.9378807376529,-0.000558646070192223
60.86472,45.93871,0.000270616276942803,45.9377212657849,-0.000718117938195257
60.87607,45.93881,0.000370616276939018,45.9375241482289,-0.000915235494126116
60.8874,45.93665,-0.00178938372305737,45.9373009224351,-0.00113846128792104
60.89874,45.93607,-0.00236938372305673,45.9370661321157,-0.00137325160735571
60.9101,45.93766,-0.000779383723056526,45.9368357548692,-0.00160362885381819
60.92144,45.93537,-0.00306938372305865,45.9366254287515,-0.00181395497154065
60.93276,45.93906,0.000620616276940211,45.9364486972394,-0.00199068648365396
60.9441,45.93543,-0.00300938372306092,45.9363154569812,-0.00212392674185404
60.95544,45.93443,-0.00400938372305859,45.9362307805533,-0.00220860316978089
60.96675,45.93333,-0.00510938372305958,45.9361943200134,-0.00224506370964436
60.97808,45.93844,6.16276942366767e-07,45.9362005039054,-0.00223887981766918
60.98941,45.93388,-0.00455938372305553,45.9362396189575,-0.0021997647655834
61.00076,45.94035,0.00191061627694467,45.9362996219548,-0.00213976176828864
61.01207,45.93577,-0.00266938372305958,45.9363682912651,-0.00207109245798439
61.02337,45.93745,-0.000989383723059234,45.9364352386996,-0.00200414502344205
61.0347,45.93473,-0.00370938372305574,45.9364933913401,-0.00194599238296991
61.04603,45.93874,0.00030061627694522,45.9365397418678,-0.00189964185528725
61.05734,45.93662,-0.00181938372305979,45.9365753401953,-0.00186404352773591
61.06866,45.93587,-0.00256938372305626,45.9366046052611,-0.00183477846194196
61.07998,45.93689,-0.00154938372305935,45.9366341076515,-0.001805276071606
61.09131,45.93599,-0.00244938372306081,45.9366710463095,-0.00176833741358799
61.10263,45.93517,-0.00326938372305818,45.9367216902731,-0.00171769344996953
61.11394,45.93906,0.000620616276940211,45.9367900396292,-0.00164934409382153
61.1253,45.93703,-0.00140938372305754,45.9368768838089,-0.00156249991417111
61.13663,45.93473,-0.00370938372305574,45.9369793523747,-0.00146003134831403
61.14796,45.93555,-0.00288938372305836,45.9370910166821,-0.00134836704099531
61.15928,45.93795,-0.000489383723056847,45.9372025879252,-0.00123679579783074
61.17062,45.93837,-6.93837230585359e-05,45.9373031772277,-0.00113620649539562
61.18195,45.93904,0.000600616276940968,45.9373819151172,-0.00105746860586302
61.1933,45.93713,-0.00130938372305422,45.9374295871871,-0.00100979653600662
61.20463,45.93699,-0.00144938372305603,45.9374399535442,-0.000999430178812779
61.21595,45.93655,-0.00188938372306069,45.9374105681868,-0.001028815536268
61.22729,45.93833,-0.000109383723057022,45.9373430754159,-0.00109630830711051
61.23864,45.93837,-6.93837230585359e-05,45.9372430326286,-0.00119635109442899
61.24997,45.93709,-0.00134938372305982,45.9371193043018,-0.00132007942128243
61.26131,45.93562,-0.00281938372305746,45.9369830782612,-0.00145630546189761
61.27266,45.93695,-0.00148938372305452,45.9368466200308,-0.00159276369223633
61.28399,45.93753,-0.000909383723055157,45.9367219555647,-0.00171742815837225
61.29531,45.93491,-0.00352938372305545,45.9366196865521,-0.00181969717092871
61.30664,45.93633,-0.00210938372305947,45.9365480943289,-0.00189128939417904
61.31795,45.93723,-0.00120938372305801,45.9365126187701,-0.00192676495298641
61.32929,45.93646,-0.00197938372306083,45.9365157206411,-0.00192366308196224
61.34062,45.937,-0.00143938372305996,45.936557054135,-0.00188232958807169
61.35196,45.93587,-0.00256938372305626,45.9366338242424,-0.0018055594806235
61.36329,45.93761,-0.000829383723058186,45.9367412044117,-0.0016981793113789
61.37462,45.93803,-0.000409383723059875,45.9368727215407,-0.00156666218234859
61.38596,45.93623,-0.00220938372305568,45.9370205531928,-0.00141883053027568
61.39729,45.9365,-0.00193938372305524,45.9371757360114,-0.00126364771162659
61.40865,45.93708,-0.00135938372305588,45.9373283585373,-0.00111102518570591
61.41998,45.93813,-0.000309383723056555,45.9374678634049,-0.000971520318120198
61.43134,45.93633,-0.00210938372305947,45.9375835700619,-0.000855813661168921
61.44264,45.93686,-0.00157938372305466,45.9376654642976,-0.000773919425411087
61.45398,45.93904,0.000600616276940968,45.9377052237575,-0.000734159965556739
61.4653,45.93672,-0.00171938372305647,45.9376973667605,-0.000742016962528729
61.47662,45.93922,0.000780616276941259,45.9376403264903,-0.000799057232717911
61.48796,45.93839,-4.93837230592931e-05,45.9375371980169,-0.000902185706177554
61.49931,45.93673,-0.0017093837230604,45.9373959208749,-0.00104346284810995
61.51063,45.93798,-0.00045938372305443,45.9372287499787,-0.00121063374440302
61.52197,45.9384,-3.93837230561189e-05,45.9370510013359,-0.00138838238710968
61.53329,45.93681,-0.00162938372305632,45.9368791961525,-0.00156018757059339
61.54463,45.9353,-0.00313938372305955,45.9367288548538,-0.00171052886921992
61.55598,45.93516,-0.00327938372305425,45.9366123148068,-0.00182706891622532
61.56733,45.93515,-0.00328938372305743,45.9365370215368,-0.00190236218626838
61.57867,45.93552,-0.00291938372306078,45.9365046933764,-0.00193469034667011
61.59002,45.9379,-0.000539383723058506,45.9365115540798,-0.00192782964328957
61.60137,45.93745,-0.000989383723059234,45.9365495371957,-0.00188984652738063
61.61268,45.93631,-0.00212938372305871,45.9366081172399,-0.00183126648312852
61.624,45.93645,-0.0019893837230569,45.9366763148621,-0.00176306886092936
61.63535,45.93924,0.000800616276940502,45.936744459286,-0.00169492443703233
61.64667,45.93718,-0.00125938372305967,45.9368053986673,-0.00163398505577473
61.65802,45.9373,-0.00113938372305711,45.9368549803103,-0.00158440341278922
61.66936,45.93665,-0.00178938372305737,45.9368917940301,-0.00154758969300403
61.6807,45.93278,-0.00565938372305652,45.9369163797494,-0.00152300397368609
61.69202,45.93664,-0.00179938372306054,45.9369302570408,-0.00150912668220575
61.70334,45.94069,0.0022506162769389,45.9369351255243,-0.00150425819872491
61.71468,45.93688,-0.00155938372305542,45.9369323970288,-0.00150698669426398
61.72602,45.93674,-0.00169938372305722,45.9369230047044,-0.0015163790186521
61.73737,45.93437,-0.00406938372305632,45.9369073794924,-0.00153200423068659
61.74873,45.93598,-0.00245938372305687,45.9368855939633,-0.00155378975977136
61.76007,45.9389,0.000460616276939163,45.9368577597214,-0.00158162400163437
61.77138,45.9358,-0.00263938372305716,45.9368246887356,-0.00161469498748021
61.78269,45.93762,-0.000819383723055012,45.9367886530941,-0.00165073062892359
61.794,45.93713,-0.00130938372305422,45.9367539521272,-0.00168543159584746
61.80532,45.94036,0.00192061627694073,45.9367269873097,-0.00171239641334181
61.81665,45.93631,-0.00212938372305871,45.9367156358132,-0.00172374790988243
61.828,45.93546,-0.0029793837230585,45.936727896015,-0.0017114877080801
61.83933,45.93645,-0.0019893837230569,45.9367700426465,-0.00166934107660126
61.85066,45.93317,-0.00526938372306063,45.9368447791606,-0.00159460456246278
61.86199,45.93629,-0.00214938372305795,45.9369499638706,-0.00148941985241405
61.87334,45.93808,-0.000359383723058215,45.9370783428553,-0.0013610408677147
61.8847,45.93859,0.000150616276940241,45.9372184046038,-0.00122097911927802
61.89602,45.93646,-0.00197938372306083,45.9373561326381,-0.00108325108500275
61.90736,45.93759,-0.000849383723057429,45.9374772306552,-0.000962153067855202
61.91869,45.93811,-0.000329383723055798,45.9375693723703,-0.000870011352708796
61.93,45.9384,-3.93837230561189e-05,45.9376240961668,-0.000815287556276183
61.94133,45.9398,0.00136061627694062,45.9376380336908,-0.000801350032263042
61.95266,45.93729,-0.00114938372306028,45.9376132409145,-0.000826142808544091
61.96401,45.93812,-0.00031938372305973,45.9375565459442,-0.000882837778816223
61.97535,45.93702,-0.00141938372306072,45.9374780448506,-0.000961338872421331
61.98665,45.93435,-0.00408938372305556,45.9373890969586,-0.0010502867644382
61.99799,45.93718,-0.00125938372305967,45.9373003013339,-0.00113908238919189
62.00933,45.93803,-0.000409383723059875,45.9372199117932,-0.00121947192981707
62.02068,45.93641,-0.00202938372305539,45.9371529731867,-0.00128641053631411
62.03202,45.93756,-0.000879383723059846,45.9371012287479,-0.00133815497515888
62.04335,45.93597,-0.00246938372306005,45.9370636728484,-0.00137571087466276
62.05469,45.93828,-0.000159383723058681,45.9370375418579,-0.00140184186519713
62.06602,45.9369,-0.00153938372305618,45.9370195030502,-0.00141988067286096
62.07735,45.93813,-0.000309383723056555,45.9370067827574,-0.00143260096564435
62.08867,45.93791,-0.000529383723055332,45.9369979868297,-0.00144139689334869
62.10001,45.93644,-0.00199938372306008,45.9369934376242,-0.00144594609882495
62.11133,45.93626,-0.00217938372306037,45.936994979731,-0.00144440399204323
62.12263,45.93804,-0.000399383723056701,45.9370053481882,-0.00143403553484941
62.13395,45.93669,-0.00174938372305888,45.9370272900415,-0.00141209368151364
62.14531,45.93644,-0.00199938372306008,45.9370626613995,-0.00137672232357461
62.15662,45.93551,-0.00292938372305684,45.9371117154233,-0.00132766829972807
62.16795,45.9371,-0.00133938372305664,45.9371727692738,-0.00126661444921228
62.17929,45.93715,-0.00128938372305498,45.9372423611547,-0.00119702256840859
62.19064,45.93692,-0.00151938372305693,45.9373158630564,-0.00112352066664422
62.20197,45.94202,0.00358061627694184,45.9373883459481,-0.00105103777495762
62.21329,45.9369,-0.00153938372305618,45.9374553915382,-0.000983992184903646
62.22466,45.93555,-0.00288938372305836,45.9375135890059,-0.000925794717162528
62.23596,45.93622,-0.00221938372305885,45.9375606506214,-0.000878733101620336
62.24728,45.93825,-0.000189383723061098,45.9375953005762,-0.000844083146889539
62.25863,45.93849,5.06162769440266e-05,45.937617164999,-0.000822218724020523
62.26999,45.93724,-0.00119938372305484,45.9376267900136,-0.000812593709415785
62.28132,45.93658,-0.00185938372305827,45.9376257769006,-0.00081360682243795
62.29267,45.93772,-0.000719383723058797,45.9376169639753,-0.000822419747800297
62.30402,45.93733,-0.00110938372305469,45.9376045777406,-0.00083480598246058
62.31532,45.94012,0.00168061627694271,45.9375942452985,-0.000845138424557855
62.32665,45.93805,-0.000389383723060632,45.9375927076377,-0.000846676085397365
62.33795,45.93712,-0.0013193837230574,45.9376070777707,-0.000832305952401689
62.3493,45.93695,-0.00148938372305452,45.9376436024311,-0.000795781291933544
62.36065,45.93958,0.00114061627694184,45.9377060656024,-0.000733318120609815
62.372,45.93629,-0.00214938372305795,45.9377941171676,-0.000645266555493717
62.38333,45.93784,-0.000599383723056235,45.9379018775555,-0.000537506167586373
62.39466,45.93552,-0.00291938372306078,45.9380171876046,-0.000422196118442306
62.40601,45.93745,-0.000989383723059234,45.9381218490472,-0.000317534675873898
62.41735,45.93666,-0.0017793837230542,45.9381930875946,-0.000246296128461414
62.42869,45.93798,-0.00045938372305443,45.9382062368879,-0.000233146835184446
62.44001,45.94011,0.00167061627693954,45.9381383276422,-0.000301056080862974
62.45131,45.94055,0.0021106162769442,45.9379719675848,-0.000467416138261362
62.46265,45.93843,-9.38372306080737e-06,45.9376987301554,-0.000740653567610482
62.47398,45.93694,-0.00149938372305769,45.9373213220213,-0.00111806170178389
62.48531,45.93916,0.000720616276943531,45.936854060984,-0.00158532273903261
62.49664,45.93627,-0.00216938372305719,45.9363215468332,-0.00211783688987292
62.50798,45.93567,-0.0027693837230558,45.9357557256466,-0.00268365807644338
