time_s,capacitance_raw_pF,capacitance_zero_mean_pF,capacitance_filtered_pF,capacitance_filtered_zero_mean_pF
0.00173,45.43467,0.0756382400299529,45.4350768336937,0.0760450737236615
0.01298,45.43649,0.077458240029955,45.4339728817887,0.0749411218186193
0.02429,45.43475,0.075718240029957,45.4328040124697,0.0737722524996428
0.03561,45.42746,0.0684282400299594,45.4315204469487,0.0724886869786168
0.04692,45.43368,0.0746482400299584,45.430084176505,0.0710524165349265
0.05822,45.43412,0.075088240029956,45.4284760446032,0.0694442846331144
0.06952,45.42322,0.0641882400299565,45.4267004342284,0.0676686742583082
0.08082,45.43143,0.0723982400299548,45.4247868307206,0.0657550707505581
0.09212,45.4221,0.0630682400299563,45.4227879354258,0.0637561754557132
0.1034,45.41762,0.0585882400299553,45.4207745350883,0.061742775118219
0.11471,45.41708,0.0580482400299545,45.4188278451533,0.0597960851832618
0.12602,45.41782,0.0587882400299549,45.4170303879406,0.0579986279705468
0.13733,45.42056,0.0615282400299577,45.4154565334818,0.0564247735117742
0.14863,45.41496,0.0559282400299566,45.4141636887046,0.0551319287345193
0.15995,45.40044,0.0414082400299591,45.4131850243637,0.0541532643936953
0.17123,45.41185,0.0528182400299571,45.4125247120367,0.0534929520666554
0.18255,45.41327,0.054238240029953,45.4121566545064,0.0531248945363731
0.19386,45.41056,0.0515282400299526,45.4120272778934,0.0529955179233638
0.20518,45.41049,0.0514582400299588,45.4120621648662,0.0530304048961648
0.21648,45.41254,0.0535082400299558,45.4121755543256,0.0531437943555639
0.2278,45.41106,0.052028240029955,45.412281262035,0.0532495020649184
0.2391,45.42892,0.0698882400299539,45.4123033230788,0.0532715631087681
0.25044,45.40742,0.0483882400299578,45.4121845860142,0.0531528260441835
0.26172,45.41869,0.0596582400299539,45.4118917846536,0.052860024683539
0.27303,45.40551,0.0464782400299555,45.4114164088779,0.0523846489078478
0.28432,45.41328,0.0542482400299562,45.4107717585615,0.0517399985914655
0.29565,45.40142,0.0423882400299576,45.4099874314899,0.0509556715198284
0.30694,45.4058,0.0467682400299552,45.4091028605781,0.0500711006080967
0.31826,45.41444,0.0554082400299549,45.4081613469196,0.0491295869495191
0.32956,45.40357,0.0445382400299579,45.4072054741197,0.0481737141497053
0.34088,45.40746,0.0484282400299563,45.4062741186289,0.0472423586588475
0.35219,45.40754,0.0485082400299532,45.4054008107859,0.0463690508158172
0.3635,45.4025,0.0434682400299593,45.4046130625916,0.0455813026215436
0.3748,45.40064,0.0416082400299587,45.4039323272357,0.0449005672656904
0.38613,45.40269,0.0436582400299557,45.4033743144049,0.0443425544348942
0.39743,45.41449,0.0554582400299566,45.4029493380984,0.0439175781283553
0.40875,45.40651,0.0474782400299532,45.4026622366087,0.0436304766386485
0.42004,45.39447,0.0354382400299542,45.4025114311874,0.0434796712173376
0.43137,45.39971,0.0406782400299548,45.4024871433446,0.0434553833745203
0.44268,45.39567,0.0366382400299585,45.4025694742966,0.0435377143265477
0.45402,45.41398,0.0549482400299581,45.402727374433,0.0436956144629926
0.46534,45.40299,0.0439582400299585,45.4029192110484,0.0438874510783981
0.47665,45.3972,0.0381682400299539,45.4030950705826,0.0440633106125757
0.48797,45.39684,0.0378082400299533,45.403200665635,0.0441689056649243
0.49928,45.40279,0.043758240029959,45.4031827725713,0.0441510126012109
0.51054,45.40296,0.0439282400299561,45.4029960162379,0.0439642562678795
0.52182,45.40727,0.0482382400299528,45.4026102545755,0.0435784946054632
0.53314,45.41055,0.0515182400299565,45.4020170844824,0.0429853245123602
0.54445,45.4096,0.0505682400299534,45.4012336266216,0.0422018666515505
0.55576,45.39865,0.0396182400299594,45.4003020925415,0.0412703325714883
0.56706,45.39426,0.0352282400299586,45.3992846788177,0.0402529188476297
0.57835,45.39367,0.0346382400299561,45.398254675581,0.0392229156109359
0.58966,45.39693,0.0378982400299535,45.3972856883195,0.0382539283494413
0.60094,45.39749,0.0384582400299536,45.3964411101708,0.0374093502008009
0.61227,45.39939,0.0403582400299527,45.3957655526233,0.0367337926532482
0.62358,45.38243,0.0233982400299553,45.3952793425528,0.0362475825827069
0.63486,45.39212,0.0330882400299544,45.394976785196,0.0359450252259967
0.64619,45.39465,0.0356182400299545,45.3948285676705,0.0357968077004979
0.65752,45.39623,0.0371982400299586,45.3947880872556,0.0357563272856019
0.66883,45.39901,0.0399782400299529,45.3948005859049,0.0357688259349008
0.68014,45.40379,0.0447582400299567,45.3948131648201,0.0357814048500863
0.69145,45.39579,0.036758240029954,45.3947835000103,0.0357517400402874
0.70277,45.39304,0.0340082400299551,45.3946855238663,0.0356537638962611
0.71409,45.39583,0.0367982400299525,45.3945112733577,0.0354795133876871
0.7254,45.39588,0.0368482400299541,45.3942691165474,0.0352373565774075
0.73672,45.38924,0.0302082400299568,45.3939792872324,0.0349475272623728
0.74804,45.39127,0.0322382400299546,45.3936679931679,0.0346362331978269
0.75935,45.39162,0.0325882400299591,45.3933614082085,0.0343296482384651
0.77066,45.39022,0.0311882400299552,45.3930806485467,0.034048888576627
0.78195,45.39972,0.040688240029958,45.3928383775434,0.0338066175733894
0.79326,45.39584,0.0368082400299556,45.3926371372414,0.0336053772713496
0.80457,45.38492,0.0258882400299569,45.3924691494615,0.0334373894914391
0.81587,45.39163,0.0325982400299552,45.3923173433682,0.0332855833981435
0.82719,45.38835,0.0293182400299585,45.3921575937914,0.0331258338213508
0.83852,45.39483,0.0357982400299548,45.3919622023208,0.0329304423507853
0.84983,45.39459,0.0355582400299568,45.3917043241064,0.0326725641363608
0.86114,45.39709,0.0380582400299545,45.3913625686735,0.0323308087034444
0.87246,45.39103,0.0319982400299565,45.3909247876449,0.0318930276748635
0.88379,45.38558,0.0265482400299533,45.3903903133025,0.0313585533324917
0.89513,45.38615,0.0271182400299566,45.389770486712,0.030738726741907
0.90647,45.38989,0.0308582400299571,45.3890878124304,0.0300560524603226
0.91777,45.39581,0.0367782400299532,45.3883741547739,0.0293423948038463
0.9291,45.38914,0.0301082400299535,45.3876681014936,0.0286363415235491
0.9404,45.38576,0.0267282400299536,45.387011393308,0.0279796333379448
0.95169,45.38112,0.0220882400299587,45.3864445013734,0.0274127414033853
0.96301,45.38646,0.0274282400299555,45.3860019070116,0.0269701470415821
0.97431,45.38404,0.0250082400299547,45.385707956864,0.0266761968939543
0.98564,45.38173,0.0226982400299534,45.3855740606691,0.0265423006990688
0.99694,45.39324,0.0342082400299546,45.3855975764608,0.026565816490718
1.00826,45.38483,0.0257982400299568,45.3857622646936,0.0267305047235142
1.01957,45.38306,0.0240282400299563,45.3860399073907,0.0270081474206808
1.03086,45.38774,0.0287082400299568,45.386392672924,0.0273609129539827
1.04216,45.38789,0.0288582400299546,45.3867759687712,0.027744208801179
1.05344,45.38841,0.0293782400299563,45.3871416596376,0.0281098996675672
1.06474,45.38379,0.0247582400299535,45.3874415654837,0.0284098055136771
1.07603,45.38775,0.0287182400299528,45.3876311840667,0.0285994240966277
1.08733,45.38084,0.0218082400299551,45.3876736188531,0.0286418588830944
1.09863,45.39283,0.0337982400299524,45.3875435984578,0.0285118384877136
1.10993,45.38879,0.0297582400299561,45.3872311598762,0.028199399906111
1.12125,45.39417,0.0351382400299585,45.386744167614,0.0277124076439632
1.13254,45.39288,0.033848240029954,45.3861086689627,0.0270769089926544
1.14385,45.37992,0.0208882400299544,45.3853664217612,0.0263346617911723
1.15516,45.37717,0.0181382400299555,45.3845697699584,0.0255380099883244
1.16649,45.38344,0.0244082400299561,45.3837749932016,0.024743233231543
1.17779,45.38009,0.0210582400299586,45.3830357510481,0.0240039910780667
1.1891,45.3829,0.0238682400299552,45.3823979977931,0.0233662378230374
1.20038,45.38214,0.0231082400299556,45.3818970103399,0.0228652503699017
1.21168,45.38374,0.024708240029959,45.381556431267,0.0225246712969988
1.22298,45.38072,0.0216882400299525,45.3813887720088,0.0223570120387286
1.2343,45.38211,0.0230782400299532,45.3813966745145,0.0223649145444141
1.24562,45.38551,0.0264782400299524,45.3815743018085,0.0225425418384316
1.25692,45.38017,0.0211382400299556,45.381908412945,0.0228766529749523
1.26822,45.38308,0.0240482400299555,45.3823789192453,0.0233471592752468
1.27952,45.3875,0.0284682400299587,45.3829590013715,0.0239272414014327
1.29082,45.37303,0.0139982400299559,45.3836151544015,0.0245833944314441
1.30213,45.38235,0.0233182400299583,45.3843077420758,0.0252759821057085
1.31342,45.38524,0.026208240029959,45.3849926517517,0.0259608917816453
1.32469,45.3879,0.0288682400299578,45.3856243099113,0.0265925499412619
1.33602,45.38562,0.0265882400299589,45.3861597021428,0.0271279421727748
1.34733,45.39618,0.037148240029957,45.386562476141,0.0275307161709283
1.35865,45.38685,0.0278182400299585,45.3868060283438,0.0277742683737715
1.36994,45.38709,0.0280582400299565,45.3868747792825,0.0278430193124117
1.38127,45.38294,0.0239082400299537,45.3867635090549,0.0277317490848255
1.39257,45.37952,0.0204882400299553,45.3864753669848,0.0274436070147611
1.40387,45.39059,0.031558240029959,45.3860196066883,0.026987846718276
1.41518,45.38341,0.0243782400299537,45.3854099996617,0.0263782396916535
1.42649,45.38248,0.0234482400299569,45.3846643789577,0.0256326189876445
1.4378,45.38235,0.0233182400299583,45.3838052122217,0.0247734522516817
1.44911,45.38942,0.0303882400299571,45.3828607164012,0.0238289564311303
1.4604,45.38387,0.0248382400299576,45.3818657877918,0.0228340278217868
1.47169,45.37857,0.0195382400299593,45.380861932878,0.0218301729080013
1.48303,45.38332,0.0242882400299536,45.3798955585074,0.0208637985373673
1.49434,45.38199,0.0229582400299577,45.3790144002006,0.0199826402305157
1.50563,45.37783,0.0187982400299589,45.3782623477132,0.0192305877431361
1.51693,45.37993,0.0208982400299575,45.3776733603983,0.0186416004282351
1.52823,45.36744,0.00840824002995788,45.3772655827176,0.0182338227475754
1.53954,45.37103,0.0119982400299534,45.3770371130816,0.0180053531115178
1.55086,45.36914,0.0101082400299575,45.3769648915754,0.0179331316053618
1.56218,45.38639,0.0273582400299546,45.3770075919017,0.0179758319316939
1.57349,45.37875,0.0197182400299525,45.3771122795123,0.0180805195422831
1.58483,45.37791,0.0188782400299559,45.3772234256366,0.0181916656665868
1.59613,45.38228,0.0232482400299574,45.3772922533603,0.0182604933902409
1.60743,45.37822,0.0191882400299548,45.3772845297672,0.0182527697971432
1.6187,45.37935,0.0203182400299582,45.3771855217886,0.0181537618185923
1.62998,45.37593,0.0168982400299527,45.3770015518741,0.0179697919040365
1.64131,45.37312,0.014088240029956,45.3767582487143,0.0177264887442333
1.65261,45.37857,0.0195382400299593,45.3764960821287,0.0174643221586208
1.66392,45.37971,0.0206782400299588,45.3762640000946,0.0172322401245543
1.67522,45.3736,0.0145682400299592,45.3761119775322,0.0170802175621103
1.68649,45.37733,0.0182982400299565,45.3760832340444,0.0170514740743436
1.69781,45.37326,0.0142282400299578,45.3762069428498,0.0171751828797663
1.70914,45.37691,0.0178782400299582,45.3764923848234,0.0174606248533597
1.72045,45.36811,0.00907824002995739,45.3769255309968,0.0178937710267159
1.73175,45.38104,0.0220082400299546,45.3774688568793,0.018437096909226
1.74306,45.37386,0.0148282400299564,45.3780647796521,0.0190330196820173
1.75437,45.38024,0.0212082400299565,45.3786425139572,0.0196107539871183
1.76566,45.37477,0.0157382400299539,45.379127508511,0.0200957485409924
1.77694,45.3824,0.0233682400299529,45.3794521030748,0.0204203431047587
1.78826,45.39049,0.0314582400299557,45.3795656739989,0.0205339140288147
1.79957,45.38239,0.0233582400299568,45.3794423558579,0.0204105958878645
1.8109,45.38672,0.0276882400299527,45.3790846334075,0.0200528734374181
1.8222,45.37407,0.0150382400299591,45.3785218957913,0.0194901358212534
1.8335,45.3742,0.0151682400299578,45.3778043117275,0.0187725517574769
1.84482,45.37263,0.0135982400299568,45.3769936305053,0.017961870535263
1.85612,45.36638,0.00734824002995538,45.3761532037308,0.0171214437607271
1.86743,45.3819,0.0228682400299576,45.3753394056969,0.0163076457268187
1.87873,45.37676,0.0177282400299532,45.3745958448775,0.0155640849074878
1.89006,45.36556,0.006528240029958,45.3739507480107,0.0149189880406951
1.90137,45.37809,0.0190582400299562,45.3734171400646,0.0143853800945682
1.91269,45.37716,0.0181282400299594,45.3729950973902,0.0139633374201702
1.92402,45.37028,0.0112482400299569,45.3726752402481,0.0136434802780314
1.93533,45.37457,0.0155382400299544,45.3724426267868,0.0134108668167734
1.94665,45.37044,0.011408240029958,45.3722803660243,0.0132486060542499
1.95796,45.37294,0.0139082400299557,45.3721725453279,0.0131407853578982
1.96929,45.37228,0.0132482400299594,45.3721062929383,0.0130745329683056
1.9806,45.37461,0.0155782400299529,45.372072886759,0.0130411267889426
1.99192,45.37357,0.0145382400299567,45.3720678544674,0.0130360944973394
2.00324,45.36958,0.010548240029955,45.3720901037038,0.0130583437337642
2.01456,45.36967,0.0106382400299552,45.372140318148,0.0131085581779299
2.02587,45.37249,0.013458240029955,45.3722190641255,0.0131873041554757
2.03722,45.3735,0.0144682400299558,45.372325107178,0.0132933472080019
2.04853,45.37054,0.0115082400299542,45.3724542827941,0.0134225228240146
2.05986,45.37458,0.0155482400299576,45.3725990285506,0.0135672685805894
2.07116,45.37435,0.0153182400299556,45.3727485255149,0.013716765544861
2.08248,45.36955,0.0105182400299526,45.3728893610374,0.0138576010673077
2.09376,45.37144,0.0124082400299557,45.3730066739461,0.0139749139760763
2.10505,45.37467,0.0156382400299577,45.3730857971704,0.0140540372003246
2.11637,45.37043,0.0113982400299548,45.3731143670422,0.0140826070721774
2.12768,45.37339,0.0143582400299564,45.3730846852004,0.0140529252303982
2.139,45.37918,0.020148240029954,45.3729958826241,0.0139641226540546
2.15031,45.37428,0.0152482400299547,45.3728552748615,0.013823514891471
2.16163,45.3742,0.0151682400299578,45.3726783358767,0.0136465759066849
2.17296,45.36896,0.00992824002995718,45.3724870405357,0.0134552805656476
2.18431,45.37001,0.0109782400299565,45.3723068493642,0.0132750893941465
2.1956,45.3712,0.0121682400299576,45.372163049544,0.0131312895739972
2.20693,45.37464,0.0156082400299553,45.3720772672034,0.0130455072333535
2.21824,45.36747,0.00843824002995319,45.3720647340741,0.0130329741040634
2.22955,45.37347,0.0144382400299534,45.3721325456272,0.0131007856571367
2.24088,45.37684,0.0178082400299573,45.3722788726553,0.0132471126852742
2.25218,45.37109,0.0120582400299583,45.3724929235464,0.0134611635763702
2.26352,45.37477,0.0157382400299539,45.3727554176872,0.0137236577171449
2.27487,45.37049,0.0114582400299525,45.3730394704652,0.0140077104951195
2.28622,45.36911,0.0100782400299551,45.3733120514901,0.0142802915201015
2.29752,45.37351,0.014478240029959,45.3735363620461,0.0145046020760125
2.30885,45.36881,0.00977824002995931,45.3736754019171,0.0146436419470919
2.32016,45.38315,0.0241182400299564,45.3736966312237,0.0146648712536118
2.33148,45.37076,0.011728240029953,45.3735771375031,0.0145453775330605
2.34279,45.37138,0.0123482400299579,45.3733083609519,0.0142766009818743
2.35409,45.37547,0.0164382400299559,45.3728993864258,0.0138676264557924
2.36541,45.38126,0.0222282400299534,45.372377997161,0.0133462371909403
2.37673,45.372,0.0129682400299558,45.3717889337191,0.0127571737490264
2.38804,45.36772,0.00868824002995439,45.3711891565748,0.0121573966047312
2.39935,45.37315,0.0141182400299584,45.3706405046024,0.0116087446323422
2.41067,45.36971,0.0106782400299537,45.3702008352702,0.0111690753002
2.42198,45.35975,0.000718240029954131,45.3699152011604,0.0108834411903422
2.43331,45.36704,0.00800824002995881,45.3698087040138,0.0107769440437362
2.44464,45.37389,0.0148582400299588,45.3698823723588,0.010850612388759
2.45595,45.37158,0.0125482400299575,45.370112758237,0.0110809982669382
2.46727,45.36765,0.00861824002995348,45.3704551483144,0.0114233883443991
2.47859,45.36853,0.0094982400299557,45.3708497154268,0.01181795545673
2.48992,45.36866,0.00962824002995433,45.3712297414741,0.012197981504099
2.50126,45.37678,0.0177482400299525,45.3715309663652,0.0124992063951708
2.5126,45.3777,0.0186682400299532,45.3717009115103,0.0126691515402359
2.52391,45.36663,0.00759824002995657,45.3717068037846,0.0126750438145243
2.5352,45.37402,0.0149882400299575,45.3715407819912,0.0125090220211866
2.54652,45.38097,0.0219382400299537,45.3712214634376,0.0121897034675464
2.55784,45.37099,0.0119582400299549,45.3707914784909,0.0117597185208338
2.56914,45.36628,0.00724824002995916,45.3703111442722,0.0112793843021816
2.58044,45.37662,0.0175882400299585,45.3698491309716,0.0108173710015151
2.59176,45.35201,-0.00702175997004417,45.3694717055043,0.0104399455342571
2.6031,45.36942,0.010388240029954,45.3692325963415,0.010200836371424
2.61443,45.36953,0.0104982400299534,45.3691654233563,0.0101336633862903
2.62575,45.36689,0.00785824002995383,45.369279937551,0.0102481775809744
2.63709,45.3704,0.0113682400299524,45.3695622829388,0.0105305229687113
2.64842,45.3782,0.0191682400299555,45.3699785736723,0.0109468137022567
2.65975,45.36852,0.00948824002995252,45.3704805870894,0.0114488271193685
2.67108,45.36806,0.00902824002995573,45.3710123557252,0.0119805957551883
2.68242,45.36901,0.00997824002995884,45.3715167683748,0.0124850084047996
2.69374,45.37496,0.0159282400299574,45.3719416728563,0.0129099128862445
2.70505,45.3733,0.0142682400299563,45.3722451019313,0.0132133419613029
2.71637,45.38365,0.0246182400299588,45.3723991143968,0.0133673544267152
2.7277,45.36861,0.00957824002995267,45.3723916948076,0.0133599348375155
2.73904,45.36644,0.00740824002995311,45.3722265046902,0.0131947447201775
2.75035,45.36467,0.00563824002995261,45.3719209550353,0.0128891950652514
2.76166,45.37138,0.0123482400299579,45.3715035917223,0.0124718317522451
2.77298,45.37671,0.0176782400299587,45.3710116695293,0.0119799095592785
2.78431,45.37655,0.0175182400299576,45.3704890800299,0.0114573200598721
2.79562,45.36716,0.00812824002995427,45.3699840884093,0.0109523284393056
2.80694,45.37122,0.0121882400299569,45.3695461941427,0.0105144341726565
2.81828,45.36847,0.00943824002995797,45.3692218817912,0.0101901218211447
2.8296,45.37139,0.012358240029954,45.3690496431235,0.0100178831534192
2.84093,45.35927,0.000238240029958092,45.369055062339,0.0100233023689781
2.85226,45.37328,0.0142482400299571,45.3692468913597,0.01021513138963
2.86361,45.36815,0.00911824002995587,45.3696149370522,0.0105831770821473
2.87492,45.36662,0.0075882400299534,45.3701302554479,0.0110984954778109
2.88625,45.37265,0.013618240029956,45.3707477034085,0.0117159434384823
2.89758,45.3731,0.0140682400299568,45.3714104950529,0.0123787350828309
2.90891,45.36856,0.00952824002995811,45.3720561187669,0.013024358796814
2.92023,45.38042,0.0213882400299568,45.3726227984586,0.0135910384885199
2.93156,45.37051,0.0114782400299589,45.3730556548838,0.0140238949137474
2.94288,45.37541,0.0163782400299581,45.3733118577603,0.0142800977902387
2.9542,45.36621,0.00717824002995826,45.3733643318153,0.0143325718452374
2.96554,45.37998,0.0209482400299592,45.373203881018,0.0141721210479531
2.97686,45.37321,0.0141782400299562,45.3728397571376,0.0138079971676019
2.98815,45.37167,0.0126382400299576,45.3722986853736,0.0132669254035683
2.99947,45.37335,0.014318240029958,45.3716223497482,0.0125905897781327
3.0108,45.36629,0.00725824002995523,45.3708634858725,0.0118317259024959
3.0221,45.37482,0.0157882400299556,45.3700809485442,0.0110491885741589
3.03343,45.36779,0.00875824002995529,45.3693342491689,0.0103024891988952
3.04474,45.37079,0.0117582400299554,45.3686780683967,0.0096463084266396
3.05607,45.36092,0.00188824002995602,45.3681572499583,0.0091254899882832
3.06741,45.37119,0.0121582400299545,45.3678028227617,0.00877106279161647
3.07873,45.36385,0.00481824002995523,45.367629577886,0.00859781791595963
3.09003,45.36931,0.0102782400299546,45.3676355300617,0.00860377009164256
3.10135,45.36773,0.00869824002995756,45.3678032632985,0.0087715033284146
3.11268,45.36859,0.00955824002995342,45.3681028518053,0.00907109183525326
3.12401,45.36707,0.00803824002995412,45.368495863251,0.00946410328099914
3.13532,45.37388,0.0148482400299557,45.3689398940823,0.00990813411224594
3.14664,45.36772,0.00868824002995439,45.369393117165,0.0103613571949145
3.15796,45.36543,0.00639824002995937,45.3698184214481,0.0107866614780736
3.16926,45.36637,0.00733824002995931,45.370186861327,0.0111551013569108
3.18061,45.38223,0.0231982400299557,45.3704801830593,0.0114484230892978
3.19193,45.37543,0.0163982400299574,45.3706920526252,0.0116602926551914
3.20324,45.36622,0.00718824002995433,45.3708274725083,0.011795712538219
3.21456,45.37094,0.0119082400299533,45.37090012928,0.0118683693099509
3.22588,45.37083,0.0117982400299539,45.3709280866786,0.0118963267085197
3.23718,45.36354,0.00450824002995631,45.370928875476,0.0118971155059695
3.24848,45.37019,0.0111582400299568,45.3709152248734,0.0118834649033494
3.25979,45.37215,0.0131182400299537,45.3708924069558,0.0118606469857384
3.2711,45.37402,0.0149882400299575,45.3708576124969,0.0118258525268201
3.28242,45.3703,0.0112682400299562,45.3708011908626,0.0117694308926021
3.29374,45.36818,0.00914824002995829,45.3707092370274,0.0116774770573157
3.30507,45.36673,0.00769824002995279,45.3705669854551,0.0115352254850334
3.3164,45.37366,0.0146282400299569,45.3703625648368,0.0113308048667466
3.32773,45.37547,0.0164382400299559,45.3700906092836,0.0110588493135081
3.33905,45.3746,0.0155682400299568,45.3697550222467,0.0107232622766797
3.35034,45.36229,0.00325824002995745,45.3693701557454,0.0103383957753816
3.36166,45.3701,0.0110682400299567,45.3689600243881,0.0099282644180791
3.37297,45.36889,0.00985824002995628,45.3685557386678,0.00952397869776894
3.3843,45.36999,0.0109582400299573,45.3681917139445,0.00915995397441098
3.39564,45.37282,0.0137882400299532,45.3679012568708,0.00886949690071983
3.40696,45.35689,-0.00214175997004418,45.3677120903612,0.00868033039115177
3.41831,45.36757,0.00853824002995651,45.3676424712547,0.00861071128466993
3.42963,45.36571,0.00667824002995587,45.3676986584728,0.00866689850278695
3.44094,45.36832,0.00928824002995299,45.3678743063405,0.00884254637047053
3.45227,45.37559,0.0165582400299584,45.368151835378,0.00912007540791227
3.46362,45.36504,0.00600824002995637,45.368505283288,0.00947352331790554
3.47493,45.3655,0.00646824002995317,45.368903916368,0.00987215639792845
3.48624,45.36947,0.0104382400299556,45.3693160224796,0.0102842625095836
3.49756,45.37196,0.0129282400299573,45.3697125178357,0.0106807578656508
3.50888,45.37554,0.0165082400299568,45.3700700082012,0.0110382482311632
3.52019,45.36906,0.0100282400299534,45.3703728262208,0.0113410662507216
3.53148,45.37007,0.0110382400299542,45.370613622533,0.0115818625629279
3.54279,45.37511,0.0160782400299553,45.3707924388774,0.0117606789073743
3.55412,45.36044,0.00140824002995288,45.3709146491383,0.0118828891682609
3.56541,45.37105,0.0120182400299527,45.3709884631823,0.0119567032123063
3.57672,45.37599,0.0169582400299575,45.3710227033341,0.0119909433640179
3.58805,45.37256,0.0135282400299559,45.3710252756148,0.0119935156447105
3.59936,45.36623,0.0071982400299575,45.3710023615439,0.0119706015738085
3.61067,45.3724,0.0133682400299548,45.3709581561548,0.0119263961847579
3.62198,45.36918,0.010148240029956,45.370895037056,0.0118632770859741
3.63331,45.37175,0.0127182400299546,45.3708141240803,0.0117823641102243
3.64463,45.37618,0.0171482400299539,45.3707161086895,0.0116843487194918
3.65598,45.3698,0.0107682400299538,45.3706021112327,0.0115703512626397
3.66733,45.36238,0.00334824002995759,45.3704743627234,0.0114426027533939
3.67863,45.37007,0.0110382400299542,45.3703367178752,0.0113049579051985
3.68995,45.37458,0.0155482400299576,45.3701951423594,0.0111633823893169
3.70131,45.37143,0.0123982400299525,45.3700581413177,0.0110263813476852
3.71261,45.3789,0.0198682400299575,45.3699367400253,0.0109049800552785
3.72394,45.36421,0.00517824002995582,45.369843518307,0.0108117583369158
3.73525,45.36993,0.0108982400299524,45.3697905808775,0.0107588209074348
3.74654,45.3576,-0.00143175997004619,45.3697870051396,0.0107552451696003
3.75784,45.37157,0.0125382400299543,45.3698367566882,0.0108049967181259
3.76916,45.37691,0.0178782400299582,45.369937918367,0.0109061583969387
3.78048,45.36655,0.00751824002995249,45.3700833981068,0.0110516381367199
3.79178,45.37735,0.0183182400299557,45.3702625587719,0.0112307988018581
3.8031,45.36699,0.00795824002995715,45.3704629407958,0.0114311808257973
3.81442,45.36997,0.010938240029958,45.3706714800984,0.0116397201283918
3.82576,45.37366,0.0146282400299569,45.3708750523689,0.0118432923988672
3.8371,45.37041,0.0113782400299556,45.3710605064599,0.012028746489884
3.84843,45.36802,0.00898824002995724,45.3712145059761,0.0121827460060804
3.85977,45.37141,0.0123782400299532,45.3713235483727,0.0122917884026253
3.8711,45.36785,0.00881824002995302,45.3713745121181,0.0123427521480408
3.88244,45.3736,0.0145682400299592,45.3713559374503,0.01232417748026
3.89374,45.37034,0.0113082400299547,45.3712599526064,0.0122281926363362
3.90508,45.37464,0.0156082400299553,45.3710844200799,0.0120526601098349
3.9164,45.37399,0.014958240029955,45.3708346558438,0.0118028958737125
3.92772,45.36986,0.0108282400299586,45.3705240838388,0.0114923238687745
3.93905,45.3689,0.00986824002995235,45.3701734520828,0.0111416921128022
3.95038,45.3691,0.010068240029959,45.3698086524205,0.0107768924505016
3.96168,45.36855,0.00951824002995494,45.3694575467275,0.0104257867574803
3.97298,45.37402,0.0149882400299575,45.3691463460612,0.0101145860911883
3.9843,45.36612,0.00708824002995811,45.3688960461423,0.00986428617220788
3.99562,45.36314,0.00410824002995724,45.368719364619,0.0096876046489516
4.00694,45.36903,0.00999824002995808,45.3686186364672,0.00958687649710806
4.01826,45.3729,0.0138682400299572,45.36858507518,0.00955331520993525
4.02959,45.37167,0.0126382400299576,45.3685995695071,0.00956780953704765
4.04089,45.35802,-0.00101175997004077,45.3686349008856,0.00960314091558167
4.0522,45.36849,0.00945824002995721,45.3686591781875,0.00962741821746913
4.06351,45.37,0.0109682400299533,45.3686403151808,0.00960855521080261
4.07484,45.37266,0.0136282400299592,45.3685511969176,0.00951943694752376
4.08615,45.37209,0.0130582400299559,45.3683747567394,0.00934299676937599
4.09748,45.36393,0.00489824002995931,45.3681078912018,0.00907613123176462
4.10879,45.37652,0.0174882400299552,45.3677632791901,0.00873151922005661
4.1201,45.35851,-0.000521759970041558,45.3673686421083,0.00833688213823903
4.13142,45.37299,0.0139582400299574,45.3669634890142,0.00793172904415912
4.14276,45.3693,0.0102682400299585,45.3665937572589,0.00756199728882871
4.15405,45.36745,0.00841824002995395,45.3663049922966,0.00727323232658176
4.16538,45.36086,0.00182824002995829,45.3661349341789,0.0071031742088845
4.1767,45.36075,0.00171824002995891,45.366106682132,0.00707492216199688
4.18798,45.36518,0.00614824002995817,45.366223846727,0.00719208675696466
4.19931,45.35585,-0.00318175997004744,45.3664689610472,0.00743720107712653
4.21062,45.37837,0.0193382400299527,45.3668057728689,0.00777401289883668
4.22193,45.36654,0.00750824002995643,45.3671850814951,0.00815332152504933
4.23323,45.36528,0.00624824002995439,45.3675529202533,0.00852116028324829
4.24454,45.36936,0.0103282400299562,45.3678594692736,0.00882770930359952
4.25584,45.37105,0.0120182400299527,45.3680671409135,0.0090353809434927
4.26716,45.37592,0.0168882400299566,45.3681565407459,0.00912478077588367
4.2785,45.36649,0.00745824002995477,45.368129303559,0.00909754358891584
4.28982,45.36787,0.00883824002995937,45.3680072561308,0.00897549616080098
4.30115,45.36629,0.00725824002995523,45.3678280399574,0.00879627998732538
4.31246,45.37463,0.0155982400299592,45.3676380204713,0.0086062605012614
4.32377,45.36058,0.00154824002995468,45.3674837602758,0.00845200030579776
4.3351,45.36496,0.0059282400299594,45.3674035457464,0.0083717857763903
4.34641,45.35864,-0.000391759970042926,45.3674205371832,0.00838877721315314
4.35772,45.36439,0.00535824002995611,45.3675389655126,0.00850720554255738
4.36904,45.37287,0.0138382400299548,45.3677442064739,0.00871244650387038
4.38038,45.36943,0.0103982400299572,45.3680065640496,0.00897480407957121
4.39169,45.37093,0.0118982400299572,45.3682875985749,0.00925583860490207
4.40298,45.37307,0.0140382400299544,45.3685473130791,0.00951555310909042
4.4143,45.3677,0.00866824002995514,45.3687506198862,0.00971885991617565
4.4256,45.36869,0.00965824002995674,45.3688720484992,0.00984028852919849
4.43692,45.36691,0.00787824002995308,45.3688983074306,0.00986654746056776
4.44826,45.36797,0.00893824002995558,45.3688288184657,0.00979705849568244
4.45958,45.37533,0.0162982400299541,45.3686745655608,0.0096428055907444
4.47092,45.36937,0.0103382400299594,45.3684555966148,0.00942383664474274
4.48222,45.36331,0.00427824002995436,45.3681975171406,0.00916575717060159
4.49352,45.36173,0.00269824002995733,45.3679275039702,0.00889574400012436
4.50486,45.36776,0.00872824002995287,45.367670613117,0.00863885314699796
4.51618,45.37202,0.012988240029955,45.3674471062076,0.00841534623754552
4.52748,45.36917,0.0101382400299528,45.3672710601753,0.00823930020524154
4.53882,45.3666,0.00756824002995415,45.3671499968764,0.00811823690633331
4.55014,45.36459,0.00555824002995564,45.3670850924941,0.00805333252409436
4.56144,45.36528,0.00624824002995439,45.3670717266815,0.00803996671146577
4.57275,45.36824,0.00920824002995602,45.3671003759723,0.00806861600230183
4.58404,45.37061,0.0115782400299551,45.3671578703199,0.00812611034983186
4.59535,45.36639,0.00735824002995855,45.3672288592838,0.0081970993137823
4.60668,45.36568,0.00664824002995346,45.3672972153436,0.00826545537351918
4.61801,45.37104,0.0120082400299566,45.3673471759599,0.0083154159898749
4.62931,45.36303,0.00399824002995786,45.3673642098265,0.0083324498564329
4.64062,45.36771,0.00867824002995832,45.3673357332567,0.00830397328662942
4.65194,45.36812,0.00908824002995345,45.3672518389328,0.00822007896276056
4.66324,45.36835,0.0093182400299554,45.3671061435243,0.00807438355424184
4.67457,45.36213,0.0030982400299564,45.3668967569205,0.00786499695042053
4.6859,45.36841,0.00937824002995313,45.3666272883729,0.00759552840285069
4.69721,45.36729,0.0082582400299529,45.366307738793,0.00727597882294009
4.70854,45.36794,0.00890824002995316,45.3659550276389,0.00692326766883444
4.71988,45.36818,0.00914824002995829,45.365592798449,0.00656103847894459
4.73121,45.36292,0.00388824002995847,45.3652501788071,0.00621841883704197
4.74253,45.36361,0.00457824002995721,45.3649594001598,0.0059276401897814
4.75385,45.36946,0.0104282400299525,45.3647524903294,0.00572073035931881
4.76516,45.36178,0.00274824002995899,45.3646574660998,0.00562570612979711
4.77649,45.36488,0.00584824002995532,45.3646945413638,0.00566278139378628
4.78783,45.35944,0.000408240029955209,45.3648729139384,0.00584115396840305
4.79914,45.36473,0.00569824002995745,45.3651887067956,0.00615694682559148
4.81047,45.3688,0.00976824002995613,45.3656244927492,0.0065927327791663
4.82178,45.36988,0.0108482400299579,45.3661504837895,0.00711872381942636
4.83311,45.36255,0.00351824002995471,45.3667271097838,0.00769534981377105
4.84441,45.36201,0.00297824002995384,45.3673085951748,0.00827683520474301
4.8557,45.3698,0.0107682400299538,45.3678472459097,0.00881548593962183
4.86703,45.37634,0.0173082400299549,45.3682981853094,0.00926642533932747
4.87836,45.36704,0.00800824002995881,45.3686240770131,0.00959231704310341
4.8897,45.36089,0.00185824002995361,45.3687991961494,0.00976743617934467
4.901,45.37333,0.0142982400299587,45.3688123230363,0.00978056306627804
4.91232,45.37785,0.0188182400299581,45.3686681850956,0.00963642512550862
4.92364,45.35892,-0.000111759970046421,45.3683872769155,0.00935551694543976
4.93496,45.377,0.0179682400299583,45.3680039283793,0.00897216840929419
4.94629,45.36055,0.00151824002995937,45.3675627201455,0.00853096017542731
4.95761,45.36511,0.00607824002995727,45.3671137109572,0.00808195098716927
4.96891,45.36515,0.00611824002995576,45.3667071636598,0.00767540368979057
4.98024,45.37566,0.0166282400299593,45.3663883832468,0.00735662327676163
4.99157,45.36865,0.00961824002995826,45.366193002567,0.0071612425969063
5.00289,45.36045,0.00141824002995605,45.3661428745939,0.0071111146238215
5.01419,45.35924,0.000208240029955675,45.3662429278476,0.00721116787755859
5.02547,45.36271,0.00367824002995576,45.3664797546973,0.00744799472722769
5.0368,45.3718,0.0127682400299562,45.3668227948661,0.00779103489604848
5.04811,45.36266,0.0036282400299541,45.3672284523855,0.00819669241547276
5.05942,45.37165,0.0126182400299584,45.3676466383718,0.00861487840177813
5.07073,45.36861,0.00957824002995267,45.3680285710824,0.008996811112333
5.08206,45.37025,0.0112182400299545,45.3683344027529,0.00930264278286798
5.09337,45.37418,0.0151482400299585,45.3685393009029,0.00950754093284268
5.1047,45.37301,0.0139782400299566,45.3686368992373,0.00960513926725211
5.11602,45.36433,0.00529824002995838,45.368639547129,0.00960778715898265
5.12734,45.36279,0.00375824002995273,45.3685754937561,0.00954373378606162
5.13866,45.36964,0.0106082400299528,45.3684838278342,0.00945206786411803
5.15001,45.37031,0.0112782400299594,45.3684083139955,0.00937655402544526
5.16134,45.36929,0.0102582400299553,45.3683910932481,0.00935933327803104
5.17267,45.36773,0.00869824002995756,45.3684668287857,0.00943506881561539
5.18402,45.36999,0.0109582400299573,45.3686576636364,0.00962590366639889
5.19534,45.36452,0.00548824002995474,45.3689694023171,0.00993764234708297
5.20664,45.36528,0.00624824002995439,45.3693894465025,0.0103576865324899
5.21794,45.37109,0.0120582400299583,45.369886986039,0.010855226069006
5.22926,45.37083,0.0117982400299539,45.3704156609924,0.0113839010223923
5.24058,45.37112,0.0120882400299536,45.3709184268037,0.0118866668336558
5.25189,45.37614,0.0171082400299554,45.3713338953212,0.0123021353511778
5.26322,45.36871,0.00967824002995599,45.3716032094957,0.0125714495256528
5.27454,45.37319,0.0141582400299569,45.3716765876282,0.012644827658185
5.28585,45.37111,0.0120782400299575,45.3715189289477,0.0124871689776098
5.29717,45.36956,0.0105282400299558,45.3711141356953,0.0120823757252574
5.30849,45.36583,0.00679824002995844,45.3704679526542,0.0114361926842034
5.31981,45.37112,0.0120882400299536,45.3696091015084,0.0105773415383912
5.33112,45.38319,0.0241582400299549,45.3685882940654,0.00955653409538646
5.34246,45.36915,0.0101182400299535,45.3674744819895,0.00844272201942462
5.35377,45.37036,0.0113282400299539,45.366347806935,0.00731604696495838
5.3651,45.36206,0.0030282400299555,45.3652894757606,0.00625771579053576
5.37643,45.35524,-0.00379175997004211,45.364370029552,0.00533826958191745
5.38775,45.35136,-0.00767175997004443,45.3636385574164,0.00460679744631464
5.39908,45.35873,-0.000301759970042781,45.3631156820274,0.00408392205736466
5.41042,45.36342,0.00438824002995375,45.3627923486586,0.00376058868855338
5.42174,45.36159,0.00255824002995553,45.3626348209697,0.0036030609996125
5.43304,45.37316,0.0141282400299545,45.3625944750853,0.003562715115268
5.44435,45.37133,0.0122982400299563,45.3626196981387,0.00358793816868426
5.45565,45.35836,-0.000671759970046537,45.362666847839,0.00363508786897384
5.46696,45.37204,0.0130082400299543,45.3627078238929,0.00367606392285184
5.47828,45.36316,0.00412824002995649,45.3627330004919,0.00370124052189461
5.48958,45.36013,0.00109824002995396,45.3627495771846,0.00371781721459907
5.50091,45.35372,-0.00531175997004141,45.3627764782372,0.00374471826715038
5.51221,45.35902,-1.17599700431015e-05,45.3628376031482,0.00380584317815244
5.52351,45.36687,0.00783824002995459,45.362955324398,0.0039235644279722
5.53485,45.36488,0.00584824002995532,45.3631455752089,0.00411381523888111
5.54618,45.36034,0.00130824002995666,45.363415002483,0.00438324251294849
5.55751,45.36278,0.00374824002995666,45.3637600104725,0.00472825050247398
5.56885,45.37106,0.0120282400299558,45.3641672974141,0.00513553744401811
5.58018,45.359,-3.17599700423443e-05,45.36461549673,0.00558373675991973
5.5915,45.36583,0.00679824002995844,45.3650775846296,0.00604582465951676
5.60282,45.36426,0.00522824002995748,45.3655237913107,0.00649203134070434
5.61412,45.3609,0.00186824002995678,45.3659248085918,0.00689304862174222
5.62544,45.37212,0.0130882400299583,45.3662549936733,0.00722323370328846
5.63674,45.37746,0.0184282400299551,45.3664950130672,0.00746325309717133
5.64805,45.36854,0.00950824002995887,45.3666331768223,0.00760141685223563
5.65938,45.35822,-0.000811759970041237,45.3666649354142,0.00763317544415883
5.6707,45.36265,0.00361824002995803,45.3665907679267,0.00755900795664781
5.68206,45.36232,0.00328824002995276,45.3664135456223,0.0073817856522734
5.69338,45.36823,0.00919824002995284,45.3661367359371,0.00710497596704057
5.70471,45.36217,0.00313824002995489,45.3657643104699,0.00673255049984202
5.71603,45.36773,0.00869824002995756,45.3653023452244,0.00627058525433429
5.72734,45.37278,0.0137482400299547,45.3647615633582,0.00572980338816525
5.73866,45.36368,0.00464824002995812,45.3641597108771,0.00512795090702664
5.74999,45.36193,0.00289824002995687,45.363522728109,0.00449096813897756
5.76129,45.36262,0.00358824002995561,45.3628841325711,0.00385237260105504
5.77262,45.36517,0.006138240029955,45.3622826190306,0.00325085906054841
5.78396,45.36202,0.00298824002995701,45.3617583028661,0.00272654289610257
5.7953,45.36044,0.00140824002995288,45.3613482182846,0.00231645831453958
5.80662,45.35026,-0.00877175997004542,45.3610817885839,0.0020500286138639
5.81793,45.36796,0.00892824002995241,45.3609770476162,0.0019452876461416
5.82923,45.36528,0.00624824002995439,45.3610382443537,0.00200648438361972
5.84054,45.35301,-0.0060217599700465,45.3612550716922,0.00222331172220269
5.85188,45.36297,0.00393824002995302,45.3616033957034,0.00257163573338968
5.8632,45.36823,0.00919824002995284,45.3620472367598,0.00301547678975253
5.8745,45.35998,0.000948240029956082,45.3625417554882,0.00350999551814349
5.88582,45.36161,0.00257824002995477,45.3630369922854,0.00400523231534881
5.89714,45.35944,0.000408240029955209,45.3634821713721,0.00445041140201095
5.90846,45.3605,0.00146824002995771,45.3638304902711,0.0047987303010283
5.91978,45.36964,0.0106082400299528,45.3640442381387,0.00501247816867106
5.93111,45.36858,0.00954824002995736,45.364099716074,0.00506795610395494
5.94244,45.36507,0.00603824002995879,45.3639910197567,0.00495925978666907
5.95377,45.36536,0.00632824002995847,45.3637316738711,0.00469991390106997
5.96508,45.36335,0.00431824002995285,45.3633535156149,0.00432175564488654
5.9764,45.3595,0.000468240029952938,45.3629028849012,0.00387112493119826
5.98773,45.36483,0.00579824002995366,45.3624347472595,0.00340298728947584
5.99904,45.36605,0.00701824002995721,45.3620056702473,0.00297391027724916
6.01036,45.35762,-0.00141175997004694,45.3616666480481,0.00263488807807992
6.02167,45.34952,-0.00951175997004583,45.3614567945438,0.00242503457371392
6.03297,45.3582,-0.000831759970047585,45.3613989312811,0.00236717131105639
6.04429,45.37366,0.0146282400299569,45.3614978220068,0.00246606203671571
6.05562,45.36755,0.00851824002995727,45.3617410691723,0.00270930920225619
6.06691,45.35596,-0.00307175997004094,45.3621018862411,0.00307012627102573
6.07822,45.36147,0.00243824002995296,45.362542765203,0.00351100523296489
6.08954,45.35562,-0.00341175997004228,45.3630195485506,0.00398778858052281
6.10084,45.36754,0.0085082400299541,45.3634859294415,0.00445416947142611
6.11212,45.36827,0.00923824002995843,45.3638983686221,0.0048666086520443
6.12344,45.3664,0.00736824002995462,45.3642209498509,0.00518918988089526
6.13475,45.3688,0.00976824002995613,45.364429344728,0.00539758475793809
6.1461,45.35387,-0.00516175997004353,45.3645131961253,0.00548143615524137
6.1574,45.36683,0.0077982400299561,45.364476747474,0.00544498750391724
6.16871,45.36494,0.00590824002995305,45.3643380018769,0.00530624190686696
6.18003,45.36825,0.00921824002995919,45.3641267544372,0.00509499446718651
6.19136,45.36172,0.00268824002995416,45.3638815992663,0.00484983929629527
6.20266,45.36923,0.0101982400299576,45.3636458486357,0.00461408866562498
6.21398,45.35991,0.00087824002995518,45.3634624382297,0.0044306782596609
6.2253,45.36285,0.00381824002995756,45.3633682363645,0.00433647639448178
6.23662,45.36224,0.00320824002995579,45.3633885175771,0.00435675760707402
6.24791,45.36288,0.00384824002995288,45.3635325463805,0.00450078641040794
6.25921,45.36197,0.00293824002995535,45.3637911828803,0.00475942291025688
6.27054,45.3577,-0.00133175997004287,45.3641372075768,0.00510544760675597
6.28184,45.36107,0.0020382400299539,45.3645287242006,0.00549696423054625
6.29318,45.3678,0.00876824002995846,45.3649155015259,0.00588374155583177
6.30448,45.366,0.00696824002995555,45.3652474166238,0.00621565665378143
6.31578,45.37395,0.0149182400299566,45.3654834179288,0.00645165795879149
6.32711,45.36953,0.0104982400299534,45.3655989819138,0.00656722194373585
6.33842,45.37505,0.0160182400299576,45.3655901827872,0.00655842281717222
6.34974,45.3618,0.00276824002995824,45.3654732839185,0.00644152394849697
6.36106,45.35979,0.000758240029952617,45.3652799997686,0.0062482397985701
6.37241,45.35611,-0.00292175997004307,45.3650498527107,0.00601809274067905
6.38374,45.36678,0.00774824002995445,45.3648218154694,0.00579005549938727
6.39506,45.36581,0.00677824002995919,45.3646273315692,0.00559557159911003
6.4064,45.36277,0.00373824002995349,45.3644860135823,0.00545425361225323
6.4177,45.35852,-0.000511759970045489,45.3644044057767,0.00537264580665246
6.429,45.36559,0.00655824002995331,45.3643775787268,0.00534581875673807
6.44034,45.3676,0.00856824002995893,45.3643929361577,0.005361176187644
6.45168,45.36951,0.0104782400299541,45.3644352406933,0.00540348072326453
6.463,45.366,0.00696824002995555,45.3644915710898,0.00545981111971984
6.47432,45.36097,0.00193824002995768,45.3645549771069,0.00552321713687725
6.48566,45.36879,0.00975824002995296,45.3646260551297,0.00559429515961235
6.49699,45.36713,0.00809824002995896,45.3647122592019,0.0056804992318999
6.50832,45.36383,0.00479824002995599,45.3648252197313,0.00579345976126703
6.51965,45.36403,0.00499824002995553,45.3649766648017,0.00594490483170095
6.53094,45.35936,0.000328240029958238,45.3651738358994,0.00614207592933495
6.54229,45.36311,0.00407824002995483,45.3654154960194,0.00638373604931777
6.55361,45.37175,0.0127182400299546,45.3656895480842,0.00665778811420388
6.56493,45.35779,-0.00124175997004272,45.3659728713117,0.00694111134161753
6.57627,45.36394,0.00490824002995538,45.3662334445405,0.00720168457047349
6.58759,45.37637,0.0173382400299573,45.3664343683806,0.00740260841051489
6.59893,45.36776,0.00872824002995287,45.3665390495858,0.0075072896157465
6.61026,45.36016,0.00112824002995637,45.3665166003727,0.00748484040263614
6.62158,45.36758,0.00854824002995258,45.3663465795009,0.00731481953090246
6.6329,45.36919,0.0101582400299591,45.3660225170399,0.00699075706988921
6.64422,45.36764,0.00860824002995741,45.3655539104731,0.00652215050301563
6.65553,45.36314,0.00410824002995724,45.3649664320672,0.00593467209714455
6.66685,45.3692,0.0101682400299552,45.3643001617613,0.00526840179125718
6.67816,45.36076,0.00172824002995497,45.3636059168593,0.00457415688927517
6.6895,45.36165,0.00261824002995326,45.3629400995733,0.00390833960327421
6.70082,45.36145,0.00241824002995372,45.3623587734783,0.00332701350827405
6.71216,45.36178,0.00274824002995899,45.3619118145068,0.00288005453677051
6.72348,45.36101,0.00197824002995617,45.3616379213122,0.00260616134215436
6.73478,45.35384,-0.00519175997004595,45.3615610590589,0.00252929908880956
6.74609,45.37325,0.0142182400299546,45.3616886330684,0.00265687309834544
6.7574,45.35863,-0.000401759970046101,45.3620113859089,0.00297962593886107
6.7687,45.35789,-0.00114175997004651,45.3625047591654,0.00347299919533052
6.78005,45.36531,0.00627824002995681,45.3631313845611,0.00409962459109698
6.79135,45.36859,0.00955824002995342,45.3638444359203,0.00481267595023364
6.80269,45.36039,0.00135824002995832,45.3645916016595,0.00555984168947378
6.81402,45.36673,0.00769824002995279,45.365319406384,0.00628764641393329
6.82534,45.36206,0.0030282400299555,45.3659776536023,0.00694589363222932
6.83667,45.36363,0.00459824002995646,45.3665238486543,0.00749208868428142
6.84798,45.37016,0.0111282400299544,45.3669273970808,0.007895637110741
6.85932,45.37375,0.014718240029957,45.367173090015,0.00814133004491863
6.87064,45.36814,0.0091082400299527,45.3672630695088,0.00823130953877758
6.88197,45.37235,0.0133182400299532,45.3672164294451,0.00818466947501713
6.8933,45.36507,0.00603824002995879,45.3670660389607,0.00803427899068111
6.90462,45.36327,0.00423824002995588,45.3668529465147,0.00782118654462536
6.91598,45.36465,0.00561824002995337,45.3666194833592,0.00758772338916537
6.92731,45.36131,0.00227824002995902,45.3664026044832,0.00737084451318834
6.9386,45.36135,0.00231824002995751,45.3662289248213,0.00719716485125622
6.94992,45.37218,0.0131482400299561,45.3661123703481,0.00708061037810179
6.96123,45.36613,0.00709824002995418,45.3660545684895,0.00702280851948451
6.97254,45.36375,0.00471824002995902,45.3660473538643,0.00701559389423067
6.98387,45.37218,0.0131482400299561,45.366076345778,0.00704458580796026
6.99522,45.36784,0.00880824002995695,45.3661245319999,0.00709277202981775
7.00656,45.37002,0.0109882400299526,45.3661750405421,0.00714328057205546
7.01787,45.35624,-0.00279175997004444,45.3662126973729,0.00718093740282346
7.02919,45.36816,0.00912824002995904,45.3662244833271,0.00719272335704472
7.04054,45.37163,0.0125982400299591,45.3661993993361,0.00716763936606028
7.05186,45.35968,0.000648240029953229,45.3661283044728,0.00709654450278704
7.06319,45.35994,0.000908240029957597,45.3660040881254,0.00697232815536689
7.07451,45.36845,0.00941824002995872,45.36582229891,0.00679053894000552
7.08581,45.37627,0.017238240029954,45.365582070839,0.00655031086892293
7.09712,45.36667,0.00763824002995506,45.3652868057516,0.00625504578158602
7.10846,45.36525,0.00621824002995908,45.3649438844609,0.0059121244909082
7.1198,45.35967,0.00063824002995716,45.3645630560269,0.00553129605689235
7.1311,45.36304,0.00400824002995392,45.3641539492064,0.00512218923631916
7.14243,45.35638,-0.00265175997004263,45.3637237833611,0.00469202339110396
7.15374,45.36009,0.00105824002995547,45.3632764064825,0.0042446465124149
7.16507,45.36713,0.00809824002995896,45.3628132535466,0.00378149357654024
7.17639,45.3709,0.0118682400299548,45.3623359647065,0.00330420473649094
7.18772,45.35789,-0.00114175997004651,45.3618496328342,0.002817872864182
7.19905,45.36251,0.00347824002995623,45.3613653723137,0.00233361234367472
7.21038,45.36545,0.00641824002995861,45.3609012151955,0.0018694552254639
7.22166,45.36379,0.00475824002995751,45.3604809349364,0.0014491749663342
7.23297,45.3551,-0.00393175997004391,45.3601309495513,0.00109918958127585
7.24428,45.35658,-0.0024517599700431,45.3598759309125,0.000844170942440905
7.2556,45.35611,-0.00292175997004307,45.3597341402582,0.000702380288177112
7.26691,45.36624,0.00720824002995357,45.3597136182646,0.000681858294533491
7.27824,45.35544,-0.00359175997004257,45.3598100594079,0.000778299437890735
7.28955,45.35818,-0.000851759970046828,45.3600067189814,0.000974959011350682
7.30082,45.35925,0.000218240029958849,45.3602763497612,0.00124458979118458
7.31214,45.35753,-0.00150175997004709,45.360584965362,0.00155320539199314
7.32349,45.36666,0.00762824002995899,45.3608969829302,0.00186522296016383
7.3348,45.36146,0.0024282400299569,45.361180948493,0.00214918852297284
7.34615,45.36316,0.00412824002995649,45.3614147703151,0.0023830103450324
7.35746,45.36153,0.0024982400299578,45.361589378534,0.00255761856396805
7.36879,45.36862,0.00958824002995584,45.3617100093823,0.00267824941224266
7.38014,45.35883,-0.000201759970046567,45.3617947452438,0.00276298527378006
7.39147,45.36799,0.00895824002995482,45.3618704308174,0.00283867084740655
7.40279,45.35908,4.82400299546271e-05,45.3619666275116,0.00293486754155539
7.41413,45.35299,-0.00604175997004575,45.3621088274612,0.00307706749120117
7.42545,45.35739,-0.00164175997004179,45.3623125606032,0.00328080063312355
7.43679,45.3587,-0.000331759970045198,45.3625800247994,0.00354826482938067
7.44812,45.36396,0.00492824002995462,45.3629002491529,0.0038684891828477
7.45944,45.36667,0.00763824002995506,45.3632526852542,0.00422092528414912
7.47078,45.37193,0.0128982400299549,45.3636129791945,0.00458121922444366
7.48211,45.3679,0.00886824002995468,45.3639590261764,0.00492726620630717
7.49345,45.36185,0.00281824002995279,45.3642755153936,0.00524375542358485
7.50476,45.35944,0.000408240029955209,45.3645559322782,0.00552417230813599
7.51608,45.37066,0.0116282400299568,45.364801955025,0.00577019505496189
7.5274,45.361,0.00196824002995299,45.3650208460378,0.00598908606771772
7.53872,45.37115,0.012118240029956,45.3652216180851,0.00618985811505457
7.55003,45.36629,0.00725824002995523,45.3654107003077,0.00637894033765377
7.56136,45.35769,-0.00134175997004604,45.3655878680806,0.00655610811055784
7.5727,45.35948,0.000448240029953695,45.3657433925602,0.00671163259018416
7.58402,45.36481,0.00577824002995442,45.3658574615644,0.00682570159440208
7.59532,45.35883,-0.000201759970046567,45.3659025832771,0.00687082330706719
7.60665,45.37803,0.0189982400299584,45.3658488202923,0.00681706032228158
7.61798,45.37318,0.0141482400299537,45.3656706446443,0.00663888467429746
7.62931,45.366,0.00696824002995555,45.3653535178927,0.0063217579226508
7.64063,45.36342,0.00438824002995375,45.364898415051,0.0058666550809389
7.65197,45.35947,0.000438240029957626,45.364323378221,0.00529161825097578
7.66329,45.36587,0.00683824002995692,45.3636622304893,0.00463047051928005
7.67463,45.36417,0.00513824002995733,45.362961182715,0.0039294227449958
7.68596,45.36339,0.00435824002995844,45.3622741032811,0.00324234331108788
7.69729,45.35785,-0.00118175997004499,45.3616570350584,0.002625275088321
7.70861,45.36121,0.0021782400299557,45.3611624589798,0.00213069900979331
7.71994,45.36201,0.00297824002995384,45.3608338240359,0.00180206406589554
7.73129,45.36447,0.00543824002995308,45.3607008291274,0.00166906915736931
7.74261,45.35553,-0.00350175997004243,45.3607758360872,0.0017440761171803
7.75391,45.36097,0.00193824002995768,45.3610517522095,0.00201999223950428
7.76525,45.35703,-0.00200175997004237,45.3615017727847,0.00247001281470619
7.77654,45.3613,0.00226824002995585,45.3620813402632,0.00304958029316336
7.78784,45.36422,0.00518824002995899,45.3627323904554,0.0037006304853349
7.79918,45.3647,0.00566824002995503,45.3633894700741,0.0043577101040791
7.8105,45.36645,0.00741824002995628,45.3639868471332,0.00495508716319589
7.82183,45.36506,0.00602824002995561,45.3644655107379,0.00543375076788128
7.83316,45.37161,0.0125782400299528,45.3647790479923,0.0057472880222498
7.84447,45.35432,-0.00471175997004281,45.3648977319981,0.00586597202808439
7.85576,45.36606,0.00702824002995328,45.3648106129066,0.00577885293660175
7.8671,45.36543,0.00639824002995937,45.3645257597236,0.00549399975351391
7.87842,45.36905,0.0100182400299573,45.3640688523394,0.00503709236932254
7.88972,45.36868,0.00964824002995357,45.3634801260979,0.00444836612788411
7.90108,45.3643,0.00526824002995596,45.3628095909874,0.00377783101731409
7.91241,45.35238,-0.00665175997004752,45.3621107971829,0.00307903721280879
7.92374,45.35883,-0.000201759970046567,45.3614340860299,0.00240232605983124
7.93507,45.36377,0.00473824002995826,45.3608207705145,0.00178901054448549
7.94638,45.34483,-0.0142017599700424,45.3602996166808,0.00126785671074074
7.9577,45.37127,0.0122382400299585,45.3598863542228,0.000854594252741552
7.969,45.35748,-0.00155175997004164,45.3595860481481,0.000554288178086961
7.98034,45.36475,0.00571824002995669,45.3593973373795,0.000365577409497055
7.99167,45.35749,-0.00154175997004558,45.3593170557909,0.000285295820886039
8.003,45.36514,0.00610824002995258,45.3593437574063,0.000311997436287334
8.01432,45.36501,0.00597824002995395,45.3594790821554,0.000447322185356202
8.02562,45.36274,0.00370824002995818,45.3597265143659,0.000694754395826101
8.03692,45.34893,-0.0101017599700413,45.3600878323321,0.00105607236203124
8.04826,45.35856,-0.000471759970047003,45.360558369936,0.00152660996598278
8.0596,45.35768,-0.00135175997004211,45.361122801107,0.00209104113695378
8.07092,45.35619,-0.0028417599700461,45.3617531138608,0.00272135389075454
8.08223,45.36615,0.00711824002995343,45.3624097152507,0.0033779552806262
8.09356,45.36626,0.00722824002995281,45.3630455721764,0.00401381220631406
8.10489,45.36708,0.0080482400299573,45.3636124017281,0.00458064175804945
8.1162,45.36,0.000968240029955325,45.3640674849912,0.00503572502113009
8.12753,45.36836,0.00932824002995858,45.3643797607367,0.00534800076661551
8.13882,45.36764,0.00860824002995741,45.3645342547556,0.00550249478552048
8.15015,45.36032,0.00128824002995742,45.3645343212049,0.00550256123484932
8.16147,45.36816,0.00912824002995904,45.3644015051706,0.00536974520060066
8.1728,45.36075,0.00171824002995891,45.3641731205227,0.00514136055262483
8.18413,45.36651,0.00747824002995401,45.3638978583067,0.00486609833668425
8.19546,45.36793,0.00889824002995709,45.3636298517314,0.00459809176132126
8.2068,45.3619,0.00286824002995445,45.3634216853425,0.00438992537241712
8.21815,45.36408,0.00504824002995719,45.3633169860626,0.00428522609259587
8.22945,45.35683,-0.00220175997004191,45.3633435226141,0.00431176264406725
8.24076,45.35846,-0.000571759970043217,45.3635080207011,0.00447626073106061
8.2521,45.36721,0.00817824002995593,45.3637939092028,0.00476214923271856
8.2634,45.35505,-0.00398175997004557,45.364162794217,0.00513103424697754
8.2747,45.36424,0.00520824002995823,45.36455971363,0.00552795365992304
8.28599,45.37852,0.0194882400299576,45.3649213948351,0.00588963486505329
8.29731,45.36132,0.00228824002995509,45.3651860415857,0.00615428161561204
8.30862,45.36569,0.00665824002995663,45.3653028395697,0.00627107959969513
8.31994,45.37194,0.0129082400299581,45.3652395665953,0.00620780662522639
8.33126,45.36155,0.00251824002995704,45.3649872912034,0.00595553123336343
8.34257,45.36095,0.00191824002995844,45.3645617907899,0.00553003081983501
8.35388,45.37163,0.0125982400299591,45.3640017996496,0.00497003967950495
8.36522,45.36285,0.00381824002995756,45.3633644798976,0.00433271992759217
8.37652,45.36189,0.00285824002995838,45.3627186556241,0.00368689565410403
8.38786,45.36229,0.00325824002995745,45.3621365126361,0.0031047526660715
8.39918,45.35441,-0.00462175997004266,45.3616847197237,0.00265295975361097
8.4105,45.35992,0.000888240029958354,45.3614161108725,0.00238435090242775
8.42181,45.36652,0.00748824002995718,45.3613629500765,0.0023311901064171
8.43312,45.36647,0.00743824002995552,45.3615323667367,0.00250060676666801
8.44442,45.3566,-0.00243175997004386,45.361904083332,0.00287232336196334
8.45574,45.35978,0.000748240029956548,45.362430411305,0.00339865133492257
8.46707,45.36218,0.00314824002995806,45.3630386881973,0.00400692822725846
8.47838,45.36159,0.00255824002995553,45.3636364981995,0.00460473822948324
8.48972,45.3605,0.00146824002995771,45.364119840661,0.00508808069096498
8.50104,45.36359,0.00455824002995797,45.364383929275,0.00535216930490411
8.51236,45.36829,0.00925824002995768,45.3643357230334,0.00530396306336634
8.5237,45.36488,0.00584824002995532,45.3639067471803,0.0048749872102322
8.53501,45.36378,0.00474824002995433,45.3630643856541,0.00403262568404637
8.54635,45.37312,0.014088240029956,45.3618197614274,0.00278800145735042
8.55763,45.35946,0.000428240029954452,45.3602306257138,0.00119886574373966
8.56895,45.36281,0.00377824002995908,45.3583983247307,-0.000633435239314429
8.58028,45.35469,-0.00434175997004616,45.3564588442985,-0.00257291567155636
8.5916,45.35012,-0.00891175997004723,45.3545689746655,-0.00446278530457644
8.60292,45.35204,-0.00699175997004176,45.3528894836581,-0.00614227631190401
8.61422,45.35165,-0.00738175997004475,45.3515675790383,-0.00746418093176832
8.62554,45.35139,-0.00764175997004202,45.3507208545695,-0.00831090540052548
8.63688,45.33833,-0.020701759970045,45.3504245484698,-0.00860721150029078
8.64823,45.35622,-0.00281175997004368,45.3507035138983,-0.00832824607176109
8.65954,45.35024,-0.00879175997004467,45.3515298250372,-0.00750193493286134
8.67085,45.34565,-0.013381759970045,45.3528263395847,-0.00620542038532421
8.6822,45.35134,-0.00769175997004368,45.3544758745848,-0.00455588538521498
8.6935,45.35307,-0.00596175997004167,45.3563350233694,-0.00269673660064033
8.70482,45.37121,0.0121782400299537,45.3582509647896,-0.000780795180444095
8.71614,45.36544,0.00640824002995544,45.3600788770903,0.00104711712023273
8.72746,45.36569,0.00665824002995663,45.3616971320055,0.0026653720354973
8.73879,45.3707,0.0116682400299553,45.363017779484,0.00398601951397399
8.75009,45.36558,0.00654824002995724,45.3639909872319,0.0049592272619026
8.7614,45.34713,-0.0119017599700442,45.3646036457811,0.00557188581109588
8.7727,45.36613,0.00709824002995418,45.3648737190448,0.00584195907472818
8.78403,45.35792,-0.00111175997004409,45.3648425939746,0.00581083400452118
8.79538,45.37515,0.0161182400299538,45.36456737712,0.00553561714996387
8.80671,45.36404,0.0050082400299587,45.3641140769807,0.00508231701062658
8.81806,45.36639,0.00735824002995855,45.3635516579239,0.00451989795381875
8.82939,45.35904,8.24002995614137e-06,45.3629466514548,0.00391489148475203
8.84073,45.36063,0.00159824002995634,45.3623583310963,0.00332657112629147
8.85205,45.35448,-0.00455175997004176,45.3618349114391,0.00280315146904609
8.86334,45.3671,0.00806824002995654,45.3614113594893,0.00237959951926649
8.87465,45.36053,0.00149824002995302,45.3611090813581,0.00207732138804154
8.88602,45.36167,0.0026382400299525,45.3609371919715,0.00190543200148185
8.89732,45.36761,0.008578240029955,45.3608946552682,0.00186289529814546
8.90865,45.35857,-0.000461759970043829,45.3609725263867,0.00194076641669761
8.91999,45.3558,-0.00323175997004199,45.3611558110074,0.00212405103738852
8.93134,45.3634,0.00436824002995451,45.3614248794632,0.00239311949319275
8.94266,45.36211,0.00307824002995716,45.3617566633114,0.00272490334131172
8.95395,45.36622,0.00718824002995433,45.3621258530214,0.00309409305135712
8.96526,45.357,-0.00203175997004479,45.3625061309075,0.00347437093741082
8.97656,45.36108,0.00204824002995707,45.3628713792975,0.00383961932748889
8.98786,45.3681,0.00906824002995421,45.3631968461742,0.0041650862042064
8.9992,45.36396,0.00492824002995462,45.3634602479502,0.004428487980146
9.01054,45.36329,0.00425824002995512,45.3636426847138,0.00461092474372662
9.02186,45.36408,0.00504824002995719,45.363729212375,0.00469745240495147
9.03316,45.36146,0.0024282400299569,45.3637090701155,0.00467731014546847
9.04448,45.36118,0.00214824002995329,45.3635757688058,0.00454400883580182
9.0558,45.36579,0.00675824002995284,45.3633273125887,0.00429555261866175
9.06713,45.36254,0.00350824002995864,45.362966697039,0.00393493706891522
9.07845,45.3609,0.00186824002995678,45.3625025982891,0.00347083831902497
9.08978,45.36457,0.0055382400299564,45.3619499807866,0.00291822081659886
9.10113,45.36271,0.00367824002995576,45.36133027604,0.00229851606991797
9.11245,45.36408,0.00504824002995719,45.3606708081372,0.00163904816718966
9.12377,45.35735,-0.00168175997004738,45.3600032749026,0.000971514932524766
9.13508,45.35612,-0.002911759970047,45.3593613645224,0.000329604552395721
9.1464,45.36166,0.00262824002995643,45.3587779064281,-0.000253853541989848
9.15772,45.3551,-0.00393175997004391,45.3582821267799,-0.000749633190151217
9.16904,45.35477,-0.00426175997004208,45.3578975063254,-0.00113425364467543
9.18035,45.36316,0.00412824002995649,45.3576405043622,-0.00139125560787954
9.19168,45.35548,-0.00355175997004409,45.3575201396038,-0.00151162036624814
9.203,45.35955,0.000518240029954598,45.3575381942789,-0.00149356569114175
9.21434,45.35793,-0.00110175997004092,45.3576897237353,-0.00134203623475512
9.22568,45.35545,-0.00358175997004651,45.3579636452487,-0.00106811472134872
9.23702,45.36207,0.00303824002995867,45.3583433541344,-0.00068840583559413
9.24832,45.35421,-0.00482175997004219,45.3588074480905,-0.00022431187953249
9.25964,45.35701,-0.00202175997004161,45.3593306821969,0.000298922226826038
9.27097,45.36946,0.0104282400299525,45.3598852265893,0.000853466619211232
9.28231,45.35859,-0.000441759970044586,45.3604421817799,0.00141042180980642
9.29362,45.35419,-0.00484175997004144,45.3609732375122,0.00194147754212468
9.30494,45.36013,0.00109824002995396,45.3614524632919,0.00242070332183142
9.31627,45.36471,0.0056782400299582,45.3618583693784,0.00282660940835146
9.32758,45.36192,0.00288824002995369,45.3621762829637,0.00314452299365341
9.33892,45.36298,0.0039482400299562,45.3624007233976,0.0033689634275089
9.35022,45.36607,0.00703824002995646,45.362537143249,0.0035053832789607
9.36155,45.36069,0.00165824002995407,45.3626023566267,0.00357059665664904
9.37286,45.36954,0.0105082400299565,45.3626231642099,0.0035914042398504
9.3842,45.36251,0.00347824002995623,45.3626330002526,0.00360124028256522
9.39551,45.35837,-0.000661759970043363,45.3626668381559,0.00363507818580681
9.40683,45.36494,0.00590824002995305,45.3627550653862,0.0037233054161195
9.41816,45.36008,0.0010482400299594,45.3629174416041,0.00388568163407401
9.42949,45.35764,-0.0013917599700406,45.3631584142629,0.00412665429289915
9.44082,45.3589,-0.000131759970045664,45.3634649217605,0.00443316179041836
9.45214,45.36678,0.00774824002995445,45.3638073926971,0.00477563272706604
9.46346,45.36092,0.00188824002995602,45.3641439846786,0.00511222470854672
9.47481,45.374,0.0149682400299582,45.3644273311917,0.00539557122168513
9.48615,45.36193,0.00289824002995687,45.3646124681161,0.00558070814608429
9.49746,45.36324,0.00420824002995346,45.3646644383153,0.00563267834524311
9.50876,45.3679,0.00886824002995468,45.3645643126175,0.00553255264744491
9.52009,45.36892,0.00988824002995869,45.3643127730778,0.00528101310778678
9.53144,45.36439,0.00535824002995611,45.3639307640607,0.00489900409064639
9.54276,45.36406,0.00502824002995794,45.363457062276,0.00442530230591545
9.55408,45.3614,0.00236824002995917,45.3629430838706,0.00391132390053317
9.56537,45.36199,0.0029582400299546,45.362445780723,0.00341402075298084
9.57671,45.36076,0.00172824002995497,45.3620198672541,0.00298810728404238
9.58804,45.35565,-0.00338175997004697,45.3617107361836,0.00267897621358157
9.59936,45.35699,-0.00204175997004086,45.3615492736738,0.00251751370374752
9.61069,45.36414,0.00510824002995491,45.361549381801,0.00251762183098512
9.62204,45.36414,0.00510824002995491,45.3617083636702,0.00267660370010773
9.63337,45.36346,0.00442824002995934,45.3620095800012,0.00297782003117362
9.64468,45.36613,0.00709824002995418,45.3624262703662,0.00339451039617505
9.65602,45.36296,0.00392824002995695,45.3629253799106,0.00389361994055806
9.66732,45.36808,0.00904824002995497,45.3634705915048,0.00443883153473471
9.67864,45.3582,-0.000831759970047585,45.3640243190155,0.00499255904543722
9.68996,45.36071,0.00167824002995332,45.3645489711284,0.00551721115837175
9.70127,45.36092,0.00188824002995602,45.3650081597822,0.00597639981216546
9.71258,45.3699,0.0108682400299571,45.3653685059153,0.00633674594524753
9.7239,45.36989,0.0108582400299539,45.3656022498306,0.0065704898605728
9.73523,45.36023,0.00119824002995728,45.365690287135,0.00665852716493614
9.74656,45.36734,0.00830824002995456,45.3656249274156,0.00659316744554729
9.75789,45.3673,0.00826824002995608,45.3654117184329,0.00637995846281803
9.76922,45.3709,0.0118682400299548,45.3650698606126,0.00603810064255146
9.78054,45.35997,0.000938240029952908,45.3646308890848,0.00559912911472371
9.79186,45.366,0.00696824002995555,45.3641355197585,0.00510375978845679
9.8032,45.36916,0.0101282400299567,45.3636289182121,0.00459715824201003
9.81454,45.3569,-0.002131759970041,45.3631550355569,0.00412327558688607
9.82587,45.35472,-0.00431175997004374,45.3627509431718,0.00371918320174682
9.83717,45.36247,0.00343824002995774,45.3624422296487,0.0034104696786119
9.84849,45.36664,0.00760824002995264,45.3622403469536,0.003208586983511
9.85983,45.36293,0.00389824002995454,45.3621422225926,0.00311046262256705
9.87117,45.36282,0.00378824002995515,45.3621317799794,0.00310002000940069
9.88251,45.36044,0.00140824002995288,45.362182675385,0.00315091541496963
9.89384,45.36491,0.00587824002995774,45.3622616609415,0.00322990097141358
9.9052,45.35942,0.000388240029955966,45.3623322459797,0.00330048600969001
9.9165,45.36205,0.00301824002995943,45.3623585050079,0.00332674503786718
9.92783,45.36101,0.00197824002995617,45.3623089210006,0.00327716103057343
9.93914,45.36362,0.00458824002995328,45.3621600837524,0.00312832378230274
9.95049,45.36304,0.00400824002995392,45.3618999108566,0.00286815088660025
9.96181,45.363,0.00396824002995544,45.3615298999171,0.00249813994701766
9.97316,45.36623,0.0071982400299575,45.3610658770937,0.00203411712364317
9.9845,45.35586,-0.00317175997004426,45.3605368624933,0.00150510252323579
9.99582,45.36165,0.00261824002995326,45.3599820137067,0.000950253736682189
10.00716,45.35835,-0.000681759970042606,45.3594460114333,0.000414251463239263
10.01849,45.35937,0.000338240029954306,45.3589735388426,-5.82211274754082e-05
10.02984,45.35738,-0.00165175997004496,45.3586035920442,-0.000428167925824887
10.04116,45.36389,0.00485824002995372,45.3583643128035,-0.000667447166588288
10.05248,45.3504,-0.00863175997004362,45.358268982911,-0.00076277705903191
10.06378,45.35742,-0.00161175997004648,45.3583138231017,-0.000717936868368174
10.0751,45.35114,-0.00789175997004321,45.3584782275226,-0.000553532447426649
10.08644,45.35603,-0.00300175997004715,45.3587278403037,-0.000303919666357547
10.09779,45.37077,0.0117382400299562,45.3590202901888,-1.14697812397409e-05
10.10914,45.36071,0.00167824002995332,45.359312578403,0.000280818433008195
10.12046,45.3563,-0.00273175997004671,45.3595685064491,0.000536746479013921
10.13178,45.36475,0.00571824002995669,45.3597645236292,0.000732763659123641
10.14309,45.36672,0.00768824002995672,45.359892904878,0.000861144907974625
10.15442,45.35287,-0.0061617599700412,45.3599618541222,0.000930094152194432
10.16575,45.36097,0.00193824002995768,45.3599927465775,0.000960986607414298
10.17707,45.3625,0.00346824002995305,45.360015260826,0.000983500855942175
10.1884,45.35234,-0.00669175997004601,45.3600615141045,0.00102975413446692
10.19973,45.3597,0.000668240029952472,45.3601603830473,0.00112862307728823
10.21109,45.36049,0.00145824002995454,45.3603329931831,0.00130123321304767
10.22239,45.35979,0.000758240029952617,45.3605899712882,0.00155821131811098
10.23373,45.36942,0.010388240029954,45.3609305690152,0.0018988090451106
10.24504,45.35425,-0.00478175997004371,45.3613433858241,0.002311625854107
10.25635,45.35998,0.000948240029956082,45.3618083361692,0.00277657619917203
10.26767,45.35664,-0.00239175997004537,45.3622996561607,0.00326789619067336
10.279,45.36972,0.0106882400299568,45.3627898059445,0.00375804597447736
10.29036,45.36469,0.00565824002995896,45.3632538536784,0.00422209370838292
10.30171,45.36644,0.00740824002995311,45.3636734860227,0.00464172605268695
10.31306,45.36825,0.00921824002995919,45.3640395978303,0.00500783786030554
10.32438,45.36496,0.0059282400299594,45.3643526996297,0.00532093965967546
10.33572,45.35878,-0.000251759970041121,45.36462101738,0.00558925741000043
10.34707,45.36663,0.00759824002995657,45.3648568481101,0.0058250881400982
10.3584,45.36096,0.00192824002995451,45.3650721955096,0.00604043553951623
10.36974,45.36408,0.00504824002995719,45.3652747781788,0.00624301820874121
10.38108,45.36671,0.00767824002995354,45.3654652209951,0.0064334610250392
10.39239,45.36934,0.010308240029957,45.36563580215,0.00660404217992031
10.40371,45.36381,0.00477824002995675,45.3657707476941,0.00673898772407812
10.41505,45.36106,0.00202824002995783,45.3658478928954,0.00681613292536775
10.42638,45.36729,0.0082582400299529,45.3658415616149,0.00680980164480784
10.4377,45.36458,0.00554824002995247,45.3657265488787,0.0066947889086411
10.44904,45.36563,0.0065982400299589,45.3654829326788,0.00645117270877578
10.46037,45.36005,0.00101824002995698,45.3651011261518,0.00606936618177206
10.4717,45.3781,0.0190682400299593,45.3645862769255,0.00555451695543651
10.48302,45.3624,0.00336824002995684,45.363960932115,0.00492917214491668
10.49434,45.36863,0.00959824002995902,45.3632649255632,0.00423316559316435
10.50567,45.36221,0.00317824002995337,45.3625518658193,0.00352010584925938
10.51699,45.36194,0.00290824002995294,45.361882391953,0.00285063198298282
10.52834,45.35886,-0.00017175997004415,45.3613152354875,0.00228347551743785
10.53967,45.35585,-0.00318175997004744,45.3608977667604,0.00186600679032093
10.55098,45.35492,-0.0041117599700442,45.3606579497435,0.00162618977347333
10.56231,45.35639,-0.00264175997004656,45.3605994180613,0.00156765809121646
10.57364,45.36975,0.0107182400299592,45.3607007221556,0.00166896218558829
10.58499,45.35133,-0.00770175997004685,45.3609188518472,0.0018870918771719
10.5963,45.36558,0.00654824002995724,45.3611962534894,0.00216449351932151
10.60764,45.36266,0.0036282400299541,45.3614700103831,0.00243825041305936
10.61896,45.36654,0.00750824002995643,45.3616816297785,0.0026498698084064
10.6303,45.36003,0.000998240029957742,45.3617858607699,0.00275410079983446
10.64164,45.36598,0.00694824002995631,45.3617571610345,0.00272540106446306
10.65297,45.36551,0.00647824002995634,45.3615928567491,0.00256109677910532
10.6643,45.3574,-0.00163175997004572,45.3613125979718,0.00228083800176023
10.67564,45.36545,0.00641824002995861,45.360954289633,0.00192252966292589
10.68697,45.36213,0.0030982400299564,45.3605672202319,0.00153546026182906
10.69833,45.3521,-0.00693175997004403,45.360203562642,0.00117180267200732
10.70963,45.35835,-0.000681759970042606,45.3599097322798,0.000877972309792918
10.72096,45.35631,-0.00272175997004354,45.3597191777824,0.000687417812355667
10.7323,45.3562,-0.00283175997004292,45.3596479152057,0.000616155235691431
10.74364,45.36133,0.00229824002995827,45.3596934702126,0.000661710242513663
10.75494,45.36655,0.00751824002995249,45.3598370655452,0.000805305575106037
10.76629,45.35919,0.000158240029954015,45.3600482003549,0.00101644038484197
10.77762,45.3544,-0.00463175997004583,45.3602904694986,0.0012587095285672
10.78894,45.36266,0.0036282400299541,45.3605275940193,0.00149583404928226
10.80031,45.36559,0.00655824002995331,45.3607289026278,0.00169714265774851
10.81166,45.3638,0.00476824002995357,45.3608736161482,0.00184185617820264
10.82296,45.3581,-0.0009317599700438,45.3609533014637,0.00192154149366695
10.83429,45.36524,0.0062082400299559,45.3609720656701,0.00194030570007221
10.8456,45.36274,0.00370824002995818,45.3609445154137,0.001912755443649
10.85693,45.35212,-0.00691175997004478,45.3608920040178,0.00186024404777044
10.86828,45.3599,0.000868240029959111,45.3608380501886,0.001806290218545
10.87964,45.3633,0.00426824002995829,45.3608039346635,0.00177217469348237
10.89096,45.36084,0.00180824002995905,45.3608052790627,0.00177351909261652
10.9023,45.35976,0.000728240029957306,45.3608499757692,0.00181821579913303
10.9136,45.3597,0.000668240029952472,45.3609374601029,0.00190570013288125
10.92494,45.36665,0.00761824002995581,45.3610591651788,0.00202740520879989
10.93628,45.3571,-0.00193175997004147,45.3611999916271,0.00216823165701061
10.94764,45.3544,-0.00463175997004583,45.3613406536815,0.00230889371140971
10.95898,45.36587,0.00683824002995692,45.3614607845268,0.00242902455679907
10.97033,45.36337,0.00433824002995919,45.3615425824043,0.00251082243427339
10.98165,45.36184,0.00280824002995672,45.3615744857449,0.00254272577483953
10.99298,45.36574,0.00670824002995829,45.3615540746538,0.00252231468370935
11.00431,45.36479,0.00575824002995518,45.3614893908249,0.00245763085482887
11.01563,45.35683,-0.00220175997004191,45.3613982046117,0.00236644464161437
11.02697,45.36388,0.00484824002995765,45.3613052813744,0.0022735214043837
11.03833,45.35919,0.000158240029954015,45.3612382064514,0.00220644648133812
11.04966,45.35991,0.00087824002995518,45.3612226464374,0.00219088646733947
11.06097,45.35801,-0.00102175997004395,45.3612779894199,0.00224622944989442
11.0723,45.35952,0.000488240029959286,45.3614141655539,0.00238240558384836
11.08361,45.36742,0.00838824002995864,45.3616301525057,0.00259839253565254
11.09493,45.35671,-0.00232175997004447,45.3619142728667,0.00288251289669768
11.10629,45.3604,0.00136824002995439,45.3622460278788,0.00321426790872502
11.11761,45.3644,0.00536824002995928,45.3625989919642,0.00356723199416748
11.12892,45.37131,0.012278240029957,45.3629441553627,0.00391239539266988
11.14029,45.36327,0.00423824002995588,45.3632529853936,0.00422122542352157
11.15162,45.36195,0.00291824002995611,45.3634995390206,0.00446777905058003
11.16294,45.36168,0.00264824002995567,45.3636613714209,0.00462961145088112
11.17426,45.36476,0.00572824002995276,45.3637195788702,0.00468781890019949
11.18562,45.35311,-0.00592175997004318,45.3636587040071,0.00462694403700632
11.19696,45.37081,0.0117782400299546,45.3634672100783,0.00443545010821543
11.20828,45.35953,0.000498240029955355,45.3631388601156,0.00410710014553185
11.21962,45.36642,0.00738824002995386,45.3626748073994,0.00364304742930774
11.23095,45.36323,0.00419824002995739,45.3620857578277,0.00305399785765691
11.24229,45.36411,0.0050782400299525,45.3613934000344,0.00236164006436396
11.25358,45.36103,0.00199824002995541,45.3606304453481,0.00159868537804364
11.2649,45.35981,0.000778240029958965,45.3598389765246,0.000807216554514248
11.27622,45.35693,-0.00210175997004569,45.3590672402492,3.54802791552594e-05
11.28756,45.35754,-0.00149175997004392,45.3583653923313,-0.000666367638727343
11.29888,45.3558,-0.00323175997004199,45.3577808890991,-0.00125087087089986
11.31023,45.36104,0.00200824002995859,45.3573541684814,-0.00167759148860653
11.32154,45.35564,-0.00339175997004304,45.3571150551281,-0.00191670484195114
11.33288,45.35967,0.00063824002995716,45.3570801164784,-0.00195164349163593
11.34421,45.35419,-0.00484175997004144,45.3572511289658,-0.00178063100425804
11.35553,45.35337,-0.00566175997004592,45.3576148880882,-0.00141687188189586
11.36686,45.35529,-0.00374175997004755,45.3581446634198,-0.000887096550257521
11.37822,45.35944,0.000408240029955209,45.3588034601802,-0.000228299789843811
11.38954,45.36372,0.0046882400299566,45.3595488200329,0.000517060062813884
11.40086,45.36436,0.00532824002995369,45.3603383362037,0.00130657623367956
11.41218,45.3629,0.00386824002995922,45.3611347099325,0.00210294996246029
11.42351,45.35675,-0.00228175997004598,45.361909283865,0.00287752389491022
11.43482,45.36449,0.00545824002995943,45.3626434766279,0.00361171665782172
11.44614,45.36806,0.00902824002995573,45.363328068559,0.00429630858891657
11.45746,45.37045,0.0114182400299541,45.3639605898607,0.00492882989067674
11.46878,45.35706,-0.00197175997004706,45.3645412428826,0.00550948291256727
11.48013,45.36033,0.00129824002995349,45.3650681279934,0.00603636802332826
11.49148,45.35954,0.000508240029958529,45.3655330009663,0.0065012409962193
11.50282,45.36773,0.00869824002995756,45.3659189363057,0.00688717633564718
11.51415,45.36203,0.00299824002995308,45.3662007876768,0.00716902770676823
11.52547,45.37813,0.0190982400299546,45.3663484207965,0.00731666082642242
11.53678,45.36126,0.00222824002995736,45.3663318570686,0.00730009709858304
11.54812,45.36192,0.00288824002995369,45.3661270900141,0.00709533004406352
11.55946,45.37009,0.0110582400299535,45.3657214294098,0.00668966943978297
11.57079,45.37404,0.0150082400299567,45.3651174814398,0.0060857214698
11.58212,45.36425,0.0052182400299543,45.3643350424373,0.00530328246725178
11.59346,45.3603,0.00126824002995818,45.3634104144615,0.0043786544914783
11.60478,45.3605,0.00146824002995771,45.3623931865833,0.00336142661321318
11.6161,45.36103,0.00199824002995541,45.3613412000465,0.00230944007650271
11.62741,45.3571,-0.00193175997004147,45.360314792892,0.00128303292198413
11.63872,45.36153,0.0024982400299578,45.3593713317263,0.000339571756255585
11.65006,45.35526,-0.00377175997004287,45.3585606801835,-0.000471079786504601
11.66138,45.36348,0.00444824002995858,45.3579218732702,-0.00110988669983426
11.67273,45.35413,-0.00490175997004627,45.3574809918772,-0.00155076809287377
11.68406,45.36019,0.00115824002995879,45.3572501123283,-0.00178164764172408
11.69538,45.35487,-0.00416175997004586,45.3572272431269,-0.00180451684314588
11.7067,45.35074,-0.00829175997004228,45.357397279183,-0.00163448078702898
11.71801,45.36039,0.00135824002995832,45.3577340545987,-0.00129770537133146
11.72932,45.36156,0.00252824002995311,45.358203416968,-0.000828343002083176
11.74064,45.363,0.00396824002995544,45.3587668950451,-0.000264864924949593
11.752,45.35819,-0.000841759970043654,45.3593852450015,0.000353485031478155
11.76334,45.36028,0.00124824002995894,45.3600212311363,0.000989471166271402
11.77467,45.35794,-0.00109175997004485,45.3606414180743,0.00160965810427522
11.786,45.36095,0.00191824002995844,45.3612172133565,0.00218545338641072
11.7973,45.3613,0.00226824002995585,45.3617256165798,0.00269385660974562
11.80864,45.35766,-0.00137175997004135,45.3621500573396,0.00311829736953178
11.82,45.363,0.00396824002995544,45.3624814487409,0.00344968877090208
11.83136,45.36718,0.00814824002995351,45.3627192446122,0.00368748464212725
11.84266,45.37261,0.0135782400299576,45.3628719477163,0.00384018774621493
11.85398,45.35857,-0.000461759970043829,45.3629563633692,0.0039246033991572
11.86531,45.36063,0.00159824002995634,45.3629951702462,0.00396341027618419
11.87664,45.36179,0.00275824002995506,45.3630130533054,0.00398129333531082
11.88797,45.36032,0.00128824002995742,45.3630322851422,0.00400052517215885
11.8993,45.36404,0.0050082400299587,45.3630688343284,0.00403707435836105
11.91062,45.35969,0.000658240029956403,45.3631298136133,0.00409805364327805
11.92196,45.36502,0.00598824002995713,45.363212632748,0.00418087277800352
11.93327,45.36569,0.00665824002995663,45.363305809728,0.00427404975796611
11.9446,45.35964,0.000608240029954743,45.363391100385,0.00435934041499186
11.95594,45.36717,0.00813824002995744,45.3634464607183,0.00441470074826597
11.96728,45.3642,0.00516824002995264,45.3634493532636,0.00441759329359584
11.97859,45.364,0.00496824002995311,45.3633799939165,0.00434823394645323
11.98992,45.35962,0.0005882400299555,45.3632242735803,0.00419251361020606
12.00127,45.35644,-0.0025917599700449,45.362976256007,0.00394449603694714
12.0126,45.36564,0.00660824002995497,45.3626402205102,0.00360846054019211
12.02392,45.37425,0.0152182400299594,45.3622320135587,0.00320025358868618
12.03525,45.36436,0.00532824002995369,45.3617790855079,0.00274732553786369
12.04657,45.35696,-0.00207175997004327,45.3613184665285,0.00228670655844744
12.05792,45.36198,0.00294824002995853,45.3608924401466,0.00186068017654021
12.06926,45.35321,-0.00582175997004697,45.3605425734717,0.00151081350168197
12.08061,45.36095,0.00191824002995844,45.3603034318092,0.00127167183914674
12.09192,45.36131,0.00227824002995902,45.3601973659324,0.0011656059624052
12.10325,45.35641,-0.00262175997004732,45.3602313395089,0.00119957953883136
12.11455,45.35984,0.000808240029954277,45.3603962102009,0.00136445023088971
12.12584,45.35955,0.000518240029954598,45.3606684204914,0.00163666052131454
12.13717,45.36349,0.00445824002995465,45.3610137004092,0.00198194043912781
12.14848,45.36302,0.00398824002995468,45.3613920712684,0.00236031129832243
12.15982,45.36295,0.00391824002995378,45.3617632170492,0.00273145707915695
12.17114,45.36408,0.00504824002995719,45.362091277834,0.0030595178639668
12.18245,45.36008,0.0010482400299594,45.3623483429495,0.00331658297947552
12.19377,45.36502,0.00598824002995713,45.3625162716399,0.0034845116699059
12.20511,45.36583,0.00679824002995844,45.3625868035502,0.00355504358012411
12.21643,45.36164,0.00260824002995719,45.3625601821635,0.00352842219342144
12.22776,45.35585,-0.00318175997004744,45.3624427536498,0.00341099367973134
12.23912,45.3611,0.00206824002995631,45.3622442413896,0.00321248141957398
12.25044,45.36504,0.00600824002995637,45.3619754825721,0.00294372260202747
12.26176,45.36034,0.00130824002995666,45.3616471865637,0.00261542659361081
12.2731,45.35905,1.82400299593155e-05,45.3612698414429,0.00223808147282367
12.28442,45.35734,-0.00169175997004345,45.360854530319,0.00182277034898106
12.29574,45.36692,0.00788824002995625,45.3604142050933,0.00138244512329564
12.30707,45.37012,0.0110882400299559,45.3599647832902,0.00093302332018727
12.31837,45.35561,-0.00342175997004546,45.3595253285418,0.000493568571715427
12.32969,45.3545,-0.00453175997004251,45.3591168264495,8.50664794290028e-05
12.34104,45.35882,-0.000211759970042635,45.3587597373707,-0.000272022599341183
12.35235,45.35377,-0.00526175997004685,45.3584711706349,-0.000560589335097145
12.36366,45.35803,-0.0010017599700447,45.3582626909904,-0.000769068979611619
12.37499,45.35526,-0.00377175997004287,45.3581393926871,-0.000892367282894082
12.38632,45.36511,0.00607824002995727,45.3581002607181,-0.00093149925191323
12.39764,45.36362,0.00458824002995328,45.3581392817816,-0.000892478188484523
12.40899,45.36261,0.00357824002995244,45.3582465094733,-0.000785250496706603
12.42034,45.34781,-0.0112217599700415,45.3584085292635,-0.000623230706529234
12.43167,45.3555,-0.00353175997004485,45.3586084554438,-0.00042330452622972
12.44299,45.35802,-0.00101175997004077,45.3588262617282,-0.000205498241802841
12.4543,45.35204,-0.00699175997004176,45.3590403473113,8.58734123865445e-06
12.46563,45.36572,0.00668824002995905,45.3592306516636,0.000198891693519131
12.47694,45.36393,0.00489824002995931,45.3593827297017,0.000350969731623703
12.48828,45.36825,0.00921824002995919,45.3594914844012,0.000459724431119143
12.49958,45.35743,-0.0016017599700433,45.3595630961466,0.000531336176521007
12.51091,45.35794,-0.00109175997004485,45.3596142199751,0.00058246000510583
12.52224,45.35852,-0.000511759970045489,45.3596684997616,0.000636739791542083
12.53357,45.36052,0.00148824002995696,45.3597513446752,0.000719584705199371
12.54489,45.35382,-0.00521175997004519,45.3598843379619,0.00085257799183201
12.55624,45.35629,-0.00274175997004278,45.3600806002762,0.00104884030619629
12.56756,45.36358,0.0045482400299548,45.3603420866726,0.00131032670255015
12.57885,45.35884,-0.000191759970043393,45.360659262294,0.00162750232394389
12.59018,45.36443,0.00539824002995459,45.3610129860471,0.00198122607702659
12.6015,45.36241,0.00337824002995291,45.3613779542675,0.00234619429745949
12.6128,45.35651,-0.002521759970044,45.3617268880759,0.00269512810581168
12.62414,45.36112,0.00208824002995556,45.3620347332633,0.00300297329328669
12.63547,45.37145,0.0124182400299588,45.3622822567829,0.0032504968128661
12.6468,45.37112,0.0120882400299536,45.3624584228416,0.0034266628716031
12.6581,45.35538,-0.00365175997004741,45.3625609804168,0.00352922044677822
12.66943,45.35571,-0.00332175997004214,45.3625951212076,0.00356336123758627
12.68075,45.36429,0.00525824002995279,45.362570819599,0.00353905962893667
12.69209,45.36057,0.00153824002995862,45.3624999815884,0.00346822161837604
12.70343,45.36071,0.00167824002995332,45.3623943893441,0.00336262937407013
12.71476,45.36497,0.00593824002995547,45.3622648388445,0.00323307887441081
12.72607,45.36335,0.00431824002995285,45.3621212979817,0.00308953801168511
12.73737,45.36121,0.0021782400299557,45.361973594813,0.00294183484290916
12.74869,45.36255,0.00351824002995471,45.3618320803177,0.00280032034769701
12.76004,45.36432,0.0052882400299552,45.3617078236048,0.0026760636347619
12.77136,45.3609,0.00186824002995678,45.3616120883416,0.00258032837153859
12.78266,45.36343,0.00439824002995692,45.3615550421536,0.0025232821835808
12.79401,45.35963,0.000598240029958674,45.3615438713176,0.00251211134753205
12.80535,45.36411,0.0050782400299525,45.3615807076398,0.00254894766979556
12.8167,45.35054,-0.00849175997004181,45.3616609630977,0.0026292031276572
12.82804,45.36451,0.00547824002995867,45.3617727192195,0.00274095924943273
12.83937,45.36333,0.0042982400299536,45.3618976278163,0.00286586784621999
12.8507,45.36314,0.00410824002995724,45.3620133257121,0.00298156574208594
12.86204,45.36076,0.00172824002995497,45.3620968455249,0.00306508555489315
12.87337,45.36621,0.00717824002995826,45.3621282101663,0.00309645019628273
12.88468,45.36244,0.00340824002995532,45.3620934197153,0.00306165974527557
12.89603,45.36393,0.00489824002995931,45.3619862512901,0.00295449132005022
12.90738,45.36169,0.00265824002995885,45.3618085929324,0.00277683296230972
12.91872,45.35947,0.000438240029957626,45.3615693912917,0.0025376313216429
12.93008,45.36053,0.00149824002995302,45.3612826368172,0.00225087684714388
12.94142,45.36108,0.00204824002995707,45.36096501713,0.00193325715997919
12.95274,45.3586,-0.000431759970041412,45.3606338712411,0.001602111271098
12.96406,45.35286,-0.00617175997004438,45.3603059074597,0.0012741474896917
12.97539,45.37082,0.0117882400299578,45.3599968662818,0.000965106311716015
12.98673,45.35886,-0.00017175997004415,45.3597219495086,0.000690189538546726
12.99807,45.35493,-0.00410175997004103,45.3594965088508,0.00046474888077766
13.0094,45.36676,0.0077282400299552,45.3593363917586,0.00030463178856594
13.02073,45.35587,-0.00316175997004109,45.3592575216526,0.000225761682558173
13.03206,45.36177,0.00273824002995582,45.3592745622136,0.000242802243591605
13.04338,45.36222,0.00318824002995655,45.3593987533854,0.000366993415376441
13.05472,45.35444,-0.00459175997004735,45.3596352439738,0.000603484003723285
13.06606,45.35693,-0.00210175997004569,45.3599804964446,0.000948736474551628
13.07737,45.35972,0.00068824002995882,45.3604204960825,0.00138873611244472
13.08871,45.36467,0.00563824002995261,45.3609304078979,0.0018986479279009
13.10005,45.35892,-0.000111759970046421,45.3614759755726,0.00244421560255002
13.11139,45.35794,-0.00109175997004485,45.3620165535209,0.00298479355086679
13.12274,45.36069,0.00165824002995407,45.3625094035977,0.00347764362768614
13.13406,45.36888,0.0098482400299531,45.3629147044479,0.00388294447782413
13.14541,45.37133,0.0122982400299563,45.3632004561953,0.00416869622525964
13.15676,45.36506,0.00602824002995561,45.3633462433981,0.00431448342801166
13.16809,45.35459,-0.00444175997004237,45.3633450040029,0.00431324403287674
13.17942,45.36403,0.00499824002995553,45.3632026302155,0.00417087024540931
13.19072,45.36525,0.00621824002995908,45.3629359688503,0.00390420888027315
13.20206,45.36047,0.0014382400299553,45.3625700877998,0.00353832782977706
13.2134,45.3596,0.000568240029956257,45.36213550917,0.0031037491999653
13.22473,45.35986,0.00082824002995352,45.3616658195778,0.00263405960775029
13.23603,45.36547,0.00643824002995785,45.3611958338553,0.00216407388530709
13.24735,45.35967,0.00063824002995716,45.3607602450963,0.00172848512629175
13.25866,45.3597,0.000668240029952472,45.3603924492765,0.00136068930648989
13.26998,45.36861,0.00957824002995267,45.3601231273861,0.00109136741609875
13.28133,45.35696,-0.00207175997004327,45.35997827433,0.000946514360002512
13.29267,45.35147,-0.00756175997004505,45.3599766447112,0.00094488474114897
13.30401,45.36705,0.00801824002995488,45.3601269393465,0.00109517937648575
13.31532,45.36536,0.00632824002995847,45.3604252867955,0.00139352682549198
13.32665,45.35576,-0.00327175997004758,45.3608535654222,0.00182180545218374
13.33797,45.35622,-0.00281175997004368,45.3613790528502,0.00234729288013942
13.34934,45.35405,-0.00498175997004324,45.361955972384,0.00292421241394179
13.36063,45.36497,0.00593824002995547,45.3625294936701,0.00349773370002257
13.37196,45.36286,0.00382824002995363,45.3630422535275,0.00401049355742464
13.38329,45.3704,0.0113682400299524,45.363442553072,0.00441079310194512
13.39462,45.36744,0.00840824002995788,45.3636925680255,0.00466080805546344
13.40598,45.36408,0.00504824002995719,45.3637746490783,0.00474288910826232
13.41732,45.37022,0.0111882400299592,45.3636941833422,0.00466242337212533
13.42862,45.36057,0.00153824002995862,45.363478303739,0.00444654376893676
13.43994,45.36903,0.00999824002995808,45.3631706546401,0.00413889467005942
13.45128,45.35559,-0.0034417599700447,45.3628232447057,0.00379148473569323
13.46262,45.35672,-0.00231175997004129,45.3624870445675,0.00345528459749395
13.47393,45.36005,0.00101824002995698,45.3622032989378,0.00317153896778402
13.48526,45.35954,0.000508240029958529,45.3619973583278,0.002965598357782
13.49658,45.35891,-0.00012175997004249,45.3618761638012,0.00284440383111675
13.50792,45.36541,0.00637824002995302,45.3618295637268,0.00279780375676918
13.51926,45.36693,0.00789824002995942,45.3618347437964,0.00280298382631423
13.53056,45.3588,-0.000231759970041878,45.3618624661231,0.00283070615303316
13.54191,45.36525,0.00621824002995908,45.3618836632536,0.00285190328351647
13.55324,45.36282,0.00378824002995515,45.3618751742155,0.00284341424548074
13.56456,45.36235,0.00331824002995518,45.361823829605,0.00279206963492957
13.5759,45.36294,0.00390824002995771,45.3617284931618,0.00269673319170933
13.58723,45.36084,0.00180824002995905,45.3616000059736,0.00256824600352349
13.59854,45.36176,0.00272824002995264,45.3614592762663,0.00242751629621751
13.60989,45.35809,-0.000941759970046974,45.36133398822,0.00230222824999971
13.62122,45.36414,0.00510824002995491,45.361254520933,0.00222276096299377
13.63253,45.35657,-0.00246175997004627,45.3612496519031,0.00221789193303859
13.64389,45.36801,0.00897824002995407,45.3613424943911,0.00231073442105912
13.65523,45.36117,0.00213824002995722,45.3615469670412,0.00251520707115756
13.66657,45.35928,0.000248240029954161,45.3618650315601,0.00283327159002998
13.67792,45.35591,-0.0031217599700426,45.3622850225792,0.00325326260918633
13.68925,45.36615,0.00711824002995343,45.3627815238846,0.00374976391453005
13.7006,45.35878,-0.000251759970041121,45.3633171739129,0.00428541394286001
13.71193,45.36925,0.0102182400299569,45.3638464069863,0.0048146470162182
13.72326,45.36639,0.00735824002995855,45.3643206479852,0.00528888801519073
13.73459,45.36143,0.00239824002995448,45.3646941719498,0.00566241197970344
13.74592,45.35842,-0.000611759970041703,45.3649298394323,0.00589807946229754
13.75725,45.37344,0.0144082400299581,45.3650040781457,0.00597231817560877
13.76857,45.36759,0.00855824002995575,45.3649105319489,0.00587877197885495
13.77992,45.36858,0.00954824002995736,45.3646616916705,0.00562993170041713
13.79127,45.36574,0.00670824002995829,45.3642878643296,0.00525610435956167
13.8026,45.36296,0.00392824002995695,45.363833305286,0.00480154531598006
13.81393,45.35778,-0.0012517599700459,45.3633501062424,0.00431834627238235
13.82526,45.35581,-0.00322175997004592,45.3628911009581,0.00385934098807693
13.83659,45.36463,0.00559824002995413,45.3625032671684,0.00347150719839273
13.84793,45.36959,0.0105582400299582,45.3622227459083,0.00319098593822145
13.85928,45.35846,-0.000571759970043217,45.3620718917405,0.00304013177044904
13.8706,45.35732,-0.00171175997004269,45.3620581923137,0.00302643234361716
13.88194,45.36388,0.00484824002995765,45.3621747489,0.0031429889299453
13.89328,45.3646,0.00556824002995882,45.3624020884714,0.00337032850139955
13.9046,45.36221,0.00317824002995337,45.3627110302609,0.00367927029082982
13.91592,45.36862,0.00958824002995584,45.363066155358,0.00403439538798876
13.92723,45.36097,0.00193824002995768,45.3634293895201,0.00439762955010261
13.93855,45.35555,-0.00348175997004319,45.3637634227532,0.00473166278315292
13.94988,45.36149,0.00245824002995931,45.3640349830637,0.0050032230936747
13.96123,45.37411,0.0150782400299576,45.3642180398473,0.00518627987727624
13.97255,45.36877,0.00973824002995372,45.3642966798046,0.00526491983457158
13.98391,45.35767,-0.00136175997004528,45.3642669650582,0.00523520508820133
13.99523,45.37103,0.0119982400299534,45.3641370505827,0.00510529061265203
14.00656,45.36258,0.00354824002995713,45.3639253042473,0.00489354427729323
14.01788,45.35911,7.8240029957044e-05,45.3636567600638,0.00462500009377612
14.02923,45.36716,0.00812824002995427,45.3633586219392,0.00432686196917478
14.04055,45.36167,0.0026382400299525,45.3630556900799,0.00402393010982201
14.05189,45.36015,0.0011182400299532,45.3627665722353,0.00373481226526102
14.06322,45.35624,-0.00279175997004444,45.3625014301657,0.00346967019561145
14.07455,45.35935,0.000318240029955064,45.3622618128068,0.00323005283678282
14.08584,45.36651,0.00747824002995401,45.3620427375101,0.00301097754009831
14.09716,45.36655,0.00751824002995249,45.3618365410169,0.00280478104686276
14.10848,45.36057,0.00153824002995862,45.3616373652995,0.00260560532943182
14.1198,45.36595,0.00691824002995389,45.3614448618689,0.00241310189883134
14.13114,45.36697,0.00793824002995791,45.3612659478084,0.00223418783835734
14.14244,45.35803,-0.0010017599700447,45.3611140547628,0.0020822947927851
14.15374,45.36061,0.0015782400299571,45.361006048198,0.00197428822790989
14.1651,45.35515,-0.00388175997004225,45.3609577005114,0.00192594054130902
14.17643,45.35792,-0.00111175997004409,45.3609790733887,0.0019473134186833
14.18777,45.3596,0.000568240029956257,45.3610711813733,0.00203942140322895
14.19912,45.36312,0.004088240029958,45.3612248412295,0.00219308125948824
14.21045,45.36218,0.00314824002995806,45.3614218867569,0.00239012678686018
14.22176,45.36303,0.00399824002995786,45.3616382807397,0.00260652076968614
14.23308,45.35503,-0.00400175997004482,45.3618483143753,0.00281655440528997
14.2444,45.36987,0.0108382400299547,45.3620290324465,0.00299727247643887
14.25574,45.36278,0.00374824002995666,45.3621640642466,0.00313230427653837
14.26706,45.36459,0.00555824002995564,45.3622460655841,0.00321430561402164
14.2784,45.36778,0.00874824002995922,45.362277104494,0.00324534452400666
14.28974,45.36245,0.0034182400299585,45.3622667159301,0.00323495596005883
14.30106,45.35784,-0.00119175997004106,45.3622279924519,0.00319623248186893
14.31237,45.35513,-0.0039017599700415,45.3621727750074,0.00314101503736917
14.32368,45.35714,-0.00189175997004298,45.3621074634655,0.0030757034954423
14.33503,45.36246,0.00342824002995457,45.3620308757689,0.00299911579889269
14.34632,45.36276,0.00372824002995742,45.3619348693409,0.00290310937085109
14.35764,45.36863,0.00959824002995902,45.3618074083145,0.00277564834447432
14.36897,45.35988,0.000848240029952763,45.3616369294372,0.00260516946713504
14.38032,45.36335,0.00431824002995285,45.3614165799037,0.00238481993367661
14.39167,45.36354,0.00450824002995631,45.3611471553817,0.0021153954116461
14.40302,45.36261,0.00357824002995244,45.3608380768146,0.00180631684452568
14.41435,45.35873,-0.000301759970042781,45.3605062578002,0.00147449783015432
14.42569,45.3624,0.00336824002995684,45.3601731599652,0.00114139999513995
14.43704,45.35059,-0.00844175997004726,45.3598607063682,0.00082894639817035
14.44834,45.36617,0.00713824002995267,45.3595869423944,0.000555182424377078
14.45967,45.36182,0.00278824002995748,45.3593623071327,0.000330547162650964
14.47098,45.34999,-0.00904175997004586,45.3591871620469,0.000155402076856938
14.48232,45.3577,-0.00133175997004287,45.3590510101968,1.9250226725961e-05
14.49366,45.36372,0.0046882400299566,45.3589336920428,-9.80679272014105e-05
14.50501,45.35485,-0.00418175997004511,45.3588086012591,-0.000223158710937859
14.51633,45.35702,-0.00201175997004555,45.3586475599126,-0.000384200057454116
14.52764,45.35995,0.000918240029953665,45.3584266069483,-0.000605153021702086
14.53898,45.36283,0.00379824002995832,45.3581317103543,-0.000900049615717183
14.55031,45.35831,-0.000721759970041091,45.3577632727034,-0.00126848726662799
14.56165,45.36521,0.00617824002995349,45.3573383079975,-0.00169345197254845
14.57298,45.36001,0.000978240029958499,45.3568894812627,-0.00214227870734235
14.5843,45.35194,-0.00709175997004508,45.356460874328,-0.00257088564204948
14.59564,45.34991,-0.00912175997004283,45.3561012320217,-0.00293052794839353
14.60698,45.35147,-0.00756175997004505,45.3558562298403,-0.00317553012972225
14.61833,45.35455,-0.00448175997004086,45.3557615790347,-0.00327018093534484
14.62965,45.3588,-0.000231759970041878,45.3558383593296,-0.00319340064044428
14.64099,45.35387,-0.00516175997004353,45.3560910996693,-0.00294066030072075
14.65232,45.36166,0.00262824002995643,45.3565083109293,-0.00252344904073581
14.66366,45.35806,-0.000971759970042285,45.3570647460874,-0.00196701388262657
14.67499,45.35397,-0.00506175997004732,45.3577246487452,-0.00130711122486266
14.6863,45.35506,-0.0039717599700424,45.3584454899052,-0.000586270064892422
14.69762,45.3633,0.00426824002995829,45.3591819479404,0.000150187970366913
14.70896,45.36463,0.00559824002995413,45.3598899426725,0.000858182702488535
14.72029,45.35681,-0.00222175997004115,45.3605304054558,0.00149864548575414
14.73164,45.35715,-0.00188175997004691,45.3610724115636,0.00204065159360065
14.74296,45.36295,0.00391824002995378,45.3614954524091,0.00246369243903836
14.75432,45.36494,0.00590824002995305,45.3617907732848,0.00275901331476098
14.76564,45.36452,0.00548824002995474,45.3619616347011,0.00292987473107901
14.77696,45.36715,0.0081182400299582,45.3620222179758,0.00299045800578875
14.7883,45.35452,-0.00451175997004327,45.3619950070348,0.00296324706474509
14.79965,45.36261,0.00357824002995244,45.3619069110253,0.00287515105529999
14.81097,45.36086,0.00182824002995829,45.3617848784946,0.0027531185245963
14.8223,45.35941,0.000378240029952792,45.3616519616051,0.00262020163504364
14.83361,45.35807,-0.000961759970046216,45.3615246291645,0.00249286919442578
14.84492,45.36574,0.00670824002995829,45.3614117545834,0.00237999461332945
14.85627,45.35816,-0.000871759970046071,45.3613152863683,0.00228352639830139
14.86759,45.36586,0.00682824002995375,45.3612322398947,0.00220047992464198
14.87892,45.35995,0.000918240029953665,45.3611574242536,0.00212566428358898
14.89025,45.35436,-0.00467175997004432,45.3610862922628,0.00205453229274007
14.90158,45.3699,0.0108682400299571,45.3610173963454,0.0019856363753435
14.91292,45.36296,0.00392824002995695,45.3609539939948,0.00192223402475258
14.92426,45.36892,0.00988824002995869,45.3609043614028,0.00187260143279445
14.9356,45.34945,-0.00958175997004673,45.3608805672447,0.00184880727463275
14.94695,45.35776,-0.00127175997004514,45.3608959926922,0.00186423272219564
14.95828,45.35661,-0.00242175997004068,45.3609624797186,0.00193071974857044
14.96961,45.36544,0.00640824002995544,45.3610881089178,0.002056348947776
14.98094,45.36733,0.00829824002995849,45.3612760739687,0.00224431399870373
14.9923,45.36229,0.00325824002995745,45.3615243714549,0.00249261148487603
15.00361,45.36178,0.00274824002995899,45.3618256796459,0.00279391967581078
15.01496,45.36054,0.0015082400299562,45.3621670717517,0.00313531178169944
15.02628,45.35423,-0.00480175997004295,45.3625297892797,0.00349802930964667
15.03758,45.3618,0.00276824002995824,45.362889696622,0.00385793665198874
15.04891,45.36992,0.0108882400299564,45.363218943899,0.00418718392893603
15.06024,45.3642,0.00516824002995264,45.3634888355464,0.0044570755763344
15.07156,45.36227,0.00323824002995821,45.3636733209969,0.00464156102685708
15.08289,45.36478,0.00574824002995911,45.3637523032597,0.00472054328967271
15.09424,45.3654,0.00636824002995695,45.3637141508244,0.00468239085434506
15.10558,45.36304,0.00400824002995392,45.3635571157439,0.00452535577385308
15.11691,45.36033,0.00129824002995349,45.3632895907317,0.00425783076165949
15.12824,45.36613,0.00709824002995418,45.362929275349,0.00389751537898558
15.13956,45.35924,0.000208240029955675,45.3625013862061,0.00346962623602964
15.15091,45.37183,0.0127982400299587,45.3620360286282,0.00300426865813987
15.16223,45.35825,-0.000781759970045925,45.3615648262533,0.00253306628329116
15.17356,45.35567,-0.00336175997004062,45.361117034313,0.00208527434291345
15.18488,45.36177,0.00273824002995582,45.3607156678174,0.0016839078473743
15.19622,45.36119,0.00215824002995646,45.3603744382921,0.00134267832202832
15.20755,45.35638,-0.00265175997004263,45.3600962653655,0.00106450539544535
15.21887,45.34895,-0.010081759970042,45.359873828855,0.000842068884945452
15.23021,45.37128,0.0122482400299546,45.3596922071256,0.000660447155555121
15.24153,45.36197,0.00293824002995535,45.3595331303105,0.00050137034049787
15.25286,45.35699,-0.00204175997004086,45.3593798268525,0.000348066882455653
15.26421,45.36647,0.00743824002995552,45.359221176982,0.000189417011930282
15.27554,45.36065,0.00161824002995559,45.3590541410651,2.23810950379163e-05
15.28687,45.35255,-0.0064817599700433,45.3588840447453,-0.000147715224727682
15.29821,45.35598,-0.0030517599700417,45.358722960023,-0.000308799946999658
15.30954,45.36388,0.00484824002995765,45.3585868805393,-0.000444879430693585
15.32089,45.35597,-0.00306175997004487,45.3584924880948,-0.000539271875220646
15.33222,45.35629,-0.00274175997004278,45.3584540932244,-0.000577666745643075
15.34354,45.36385,0.00481824002995523,45.3584810777666,-0.000550682203465491
15.35486,45.3542,-0.00483175997004537,45.358576053721,-0.000455706249023837
15.36619,45.35742,-0.00161175997004648,45.3587339382007,-0.000297821769342534
15.37752,45.35542,-0.00361175997004182,45.3589421347291,-8.96252409150173e-05
15.38885,45.36334,0.00430824002995678,45.3591819209873,0.000150161017287502
15.40019,45.35787,-0.00116175997004575,45.3594309002273,0.000399140257285657
15.41152,45.36282,0.00378824002995515,45.3596660484427,0.000634288472639665
15.42285,45.36415,0.00511824002995809,45.3598666886147,0.000834928644701522
15.43418,45.35957,0.00053824002995384,45.3600167914236,0.000985031453590714
15.44553,45.35428,-0.00475175997004129,45.3601063275404,0.00107456757036815
15.45686,45.35966,0.000628240029953986,45.3601318355889,0.00110007561885299
15.4682,45.35253,-0.00650175997004254,45.3600966580666,0.00106489809659162
15.47954,45.36806,0.00902824002995573,45.3600111842044,0.000979424234399438
15.49084,45.36934,0.010308240029957,45.3598929415412,0.000861181571125494
15.50214,45.35603,-0.00300175997004715,45.3597658728903,0.000734112920211223
15.51346,45.35983,0.000798240029958208,45.3596580992324,0.000626339262370533
15.52479,45.36145,0.00241824002995372,45.3595980247487,0.000566264778608946
15.53608,45.35133,-0.00770175997004685,45.359609399309,0.000577639338977515
15.54744,45.36339,0.00435824002995844,45.3597064258452,0.000674665875140444
15.55878,45.3576,-0.00143175997004619,45.3598900254935,0.000858265523427452
15.57011,45.3587,-0.000331759970045198,45.3601460862948,0.00111432632478672
15.58144,45.35838,-0.000651759970047294,45.3604461234975,0.00141436352747514
15.59276,45.35772,-0.00131175997004362,45.360750401884,0.00171864191400498
15.60408,45.36234,0.00330824002995911,45.3610132060556,0.0019814460855205
15.6154,45.36622,0.00718824002995433,45.3611895329811,0.00215777301109614
15.62676,45.36248,0.00344824002995381,45.3612420870367,0.00221032706661101
15.6381,45.36034,0.00130824002995666,45.3611472838361,0.00211552386602852
15.64943,45.36778,0.00874824002995922,45.3608991535393,0.00186739356930776
15.66073,45.3587,-0.000331759970045198,45.3605104984848,0.00147873851476748
15.67208,45.35776,-0.00127175997004514,45.3600112187948,0.000979458824714858
15.68341,45.36008,0.0010482400299594,45.3594442439813,0.000412484011288301
15.69474,45.35583,-0.00320175997004668,45.3588598924774,-0.000171867492656903
15.70606,45.35825,-0.000781759970045925,45.358309610719,-0.000722149251021579
15.7174,45.36502,0.00598824002995713,45.3578399184115,-0.00119184155859343
15.72873,45.35052,-0.00851175997004106,45.3574871686556,-0.00154459131442805
15.74005,45.35571,-0.00332175997004214,45.3572736146584,-0.00175814531160292
15.7514,45.35416,-0.00487175997004385,45.3572052918272,-0.0018264681428234
15.76274,45.35234,-0.00669175997004601,45.3572721736702,-0.0017595862998821
15.77405,45.3605,0.00146824002995771,45.3574507091102,-0.00158105085986444
15.78538,45.36502,0.00598824002995713,45.357708214307,-0.00132354566309089
15.79671,45.36483,0.00579824002995366,45.3580079740872,-0.00102378588284823
15.80806,45.35693,-0.00210175997004569,45.3583137114379,-0.000718048532097052
15.81939,45.35324,-0.00579175997004455,45.3585925400066,-0.000439219963477031
15.8307,45.35258,-0.00645175997004088,45.358816405254,-0.000215354716091998
15.84205,45.35994,0.000908240029957597,45.3589627361664,-6.90238036185362e-05
15.85339,45.36219,0.00315824002995413,45.3590150798382,-1.66801318870937e-05
15.86471,45.36389,0.00485824002995372,45.3589639530002,-6.78069698831462e-05
15.87604,45.35973,0.000698240029954889,45.3588075646542,-0.00022419531586537
15.88738,45.35192,-0.00711175997004432,45.3585519341363,-0.000479825833703171
15.89871,45.36022,0.0011882400299541,45.3582102673239,-0.000821492646137788
15.91005,45.35517,-0.00386175997004301,45.3578018637095,-0.00122989626053178
15.92139,45.35885,-0.000181759970047324,45.3573509325293,-0.00168082744077126
15.93272,45.35844,-0.00059175997004246,45.3568854814821,-0.00214627848792154
15.94406,45.35572,-0.00331175997004607,45.3564361610538,-0.00259559891626387
15.9554,45.35619,-0.0028417599700461,45.3560348124778,-0.00299694749225111
15.96676,45.36303,0.00399824002995786,45.3557125081861,-0.00331925178396502
15.9781,45.35021,-0.00882175997004708,45.3554970336085,-0.00353472636156732
15.98942,45.35248,-0.0065517599700442,45.3554100092602,-0.00362175070982137
16.00078,45.35498,-0.00405175997004648,45.355464138583,-0.00356762138700264
16.0121,45.35475,-0.00428175997004132,45.3556612115481,-0.0033705484219136
16.02342,45.35892,-0.000111759970046421,45.3559913382645,-0.00304042170553813
16.03476,45.35491,-0.00412175997004738,45.3564335290616,-0.00259823090846965
16.04609,45.357,-0.00203175997004479,45.3569574432958,-0.00207431667419888
16.05741,45.35606,-0.00297175997004473,45.3575260330306,-0.00150572693944373
16.06874,45.36321,0.00417824002995815,45.3580988306981,-0.000932929271926343
16.08007,45.34921,-0.00982175997004475,45.358635649403,-0.000396110567082127
16.0914,45.36217,0.00313824002995489,45.3591004432316,6.86832615408414e-05
16.10274,45.3634,0.00436824002995451,45.3594649986825,0.000433238712497092
16.1141,45.36177,0.00273824002995582,45.3597119741065,0.000680214136478533
16.12542,45.36234,0.00330824002995911,45.3598366782857,0.000804918315690014
16.13676,45.35567,-0.00336175997004062,45.3598471023402,0.00081534237013022
16.1481,45.3631,0.00406824002995876,45.3597621335071,0.000730373537041087
16.15941,45.35531,-0.00372175997004121,45.3596083458539,0.000576585883896786
16.17072,45.35781,-0.00122175997004348,45.3594160252705,0.000384265300460541
16.18206,45.36181,0.0027782400299543,45.3592150820053,0.000183322035234002
16.19336,45.36231,0.00327824002995669,45.3590313161677,-4.43802373638011e-07
16.2047,45.35902,-1.17599700431015e-05,45.3588832827182,-0.000148477251838903
16.21602,45.35625,-0.00278175997004126,45.3587799423065,-0.000251817663522169
16.22737,45.35397,-0.00506175997004732,45.3587194556261,-0.000312304343986926
16.2387,45.35068,-0.00835175997004711,45.3586896867486,-0.000342073221454023
16.25002,45.36031,0.00127824002995425,45.3586708840147,-0.000360875955362593
16.26136,45.36708,0.0080482400299573,45.3586404293515,-0.000391330618553593
16.27268,45.3601,0.00106824002995864,45.3585786974958,-0.000453062474289265
16.28403,45.36622,0.00718824002995433,45.3584744692491,-0.000557290720896241
16.29537,45.35124,-0.007791759970047,45.3583284340645,-0.000703325905567618
16.30672,45.35559,-0.0034417599700447,45.3581540411402,-0.000877718829799342
16.31806,45.3606,0.00156824002995393,45.357975805913,-0.00105595405701774
16.32941,45.36212,0.00308824002995323,45.357825644942,-0.00120611502806875
16.34074,45.35876,-0.000271759970047469,45.357737828157,-0.00129393181305116
16.35207,45.35616,-0.00287175997004141,45.3577430660369,-0.00128869393314545
16.36338,45.35738,-0.00165175997004496,45.3578624257984,-0.0011693341715968
16.37474,45.35008,-0.00895175997004571,45.3581021299415,-0.000929630028564475
16.38611,45.35534,-0.00369175997004589,45.3584504970266,-0.000581262943433788
16.39743,45.35596,-0.00307175997004094,45.3588780715941,-0.000153688375982827
16.40879,45.36422,0.00518824002995899,45.3593413198835,0.000309559913463336
16.42013,45.35835,-0.000681759970042606,45.3597893488947,0.000757588924682111
16.43148,45.36449,0.00545824002995943,45.3601723105939,0.0011405506238571
16.44282,45.36256,0.00352824002995789,45.36044978162,0.0014180216499716
16.45415,45.36492,0.00588824002995381,45.3605975051039,0.00156574513384114
16.46548,45.35947,0.000438240029957626,45.360611310958,0.00157955098796609
16.47682,45.36418,0.0051482400299534,45.3605076507316,0.00147589076159207
16.48816,45.35329,-0.00574175997004289,45.3603208601089,0.00128910013890356
16.49951,45.36469,0.00565824002995896,45.3600978344546,0.00106607448451084
16.51083,45.35376,-0.00527175997004292,45.3598911247183,0.00085936474821479
16.52217,45.36472,0.00568824002995427,45.3597514896703,0.00071972970022083
16.5335,45.36003,0.000998240029957742,45.3597207692344,0.000689009264365569
16.54482,45.35997,0.000938240029952908,45.3598257509637,0.00079399099363806
16.55617,45.35604,-0.00299175997004397,45.3600736396454,0.00104187967536872
16.5675,45.35398,-0.00505175997004415,45.3604498091456,0.00141804917551544
16.57882,45.35979,0.000758240029952617,45.3609185157843,0.001886755814212
16.59015,45.36255,0.00351824002995471,45.3614269315937,0.00239517162366435
16.60148,45.36258,0.00354824002995713,45.3619121804803,0.00288042051028967
16.61282,45.36952,0.0104882400299573,45.3623103080207,0.00327854805062416
16.62416,45.35712,-0.00191175997004223,45.3625656564988,0.00353389652878234
16.63548,45.36622,0.00718824002995433,45.362639118353,0.00360735838295953
16.6468,45.36206,0.0030282400299555,45.3625140718251,0.00348231185502765
16.65813,45.36904,0.0100082400299542,45.3621991933246,0.00316743335456266
16.66946,45.3669,0.00786824002995701,45.3617276662864,0.00269590631638338
16.68078,45.3595,0.000468240029952938,45.3611527006804,0.0021209407103437
16.69213,45.35561,-0.00342175997004546,45.3605399177183,0.00150815774829106
16.70344,45.35136,-0.00767175997004443,45.3599579352933,0.000926175323234665
16.71477,45.36161,0.00257824002995477,45.3594689920315,0.000437232061459284
16.72609,45.36254,0.00350824002995864,45.3591213044803,8.95445102134828e-05
16.73742,45.35788,-0.00115175997004258,45.3589441574013,-8.76025687833441e-05
16.74878,45.34785,-0.011181759970043,45.3589459819836,-8.57779864397614e-05
16.76013,45.36671,0.00767824002995354,45.3591152414897,8.34815196848891e-05
16.77143,45.36075,0.00171824002995891,45.359423690897,0.000391930926939699
16.78276,45.36221,0.00317824002995337,45.3598312565134,0.000799496543332939
16.79411,45.36103,0.00199824002995541,45.3602915077503,0.00125974778023504
16.80545,45.36355,0.00451824002995238,45.3607567584729,0.00172499850287633
16.81678,45.35356,-0.00547175997004246,45.3611822418874,0.00215048191732272
16.82813,45.36404,0.0050082400299587,45.3615292683393,0.00249750836923885
16.83945,45.36435,0.00531824002995762,45.3617675355232,0.00273577555316817
16.85075,45.35942,0.000388240029955966,45.3618767423556,0.00284498238552164
16.86206,45.36271,0.00367824002995576,45.3618475021717,0.0028157422016201
16.87336,45.36436,0.00532824002995369,45.3616814641272,0.00264970415717734
16.88473,45.35947,0.000438240029957626,45.3613905923576,0.0023588323875543
16.89607,45.3612,0.00216824002995253,45.3609956542536,0.0019638942835697
16.90742,45.36113,0.00209824002995873,45.3605240854086,0.00149232543853506
16.91876,45.35376,-0.00527175997004292,45.3600074940731,0.000975734103060827
16.9301,45.36681,0.00777824002995686,45.3594790771539,0.000447317183842179
16.94146,45.35989,0.000858240029955937,45.3589711154243,-6.06445457523355e-05
16.95282,45.35276,-0.00627175997004059,45.3585125834282,-0.000519176541824859
16.96413,45.36146,0.0024282400299569,45.3581268911647,-0.000904868805317579
16.97548,45.36021,0.00117824002995803,45.3578298835854,-0.0012018763846069
16.9868,45.35477,-0.00426175997004208,45.3576283251286,-0.00140343484145758
16.99814,45.35496,-0.00407175997004572,45.3575191321729,-0.00151262779716181
17.00948,45.3577,-0.00133175997004287,45.3574896407235,-0.00154211924649699
17.0208,45.35071,-0.0083217599700447,45.3575191637932,-0.0015125961768574
17.03214,45.36058,0.00154824002995468,45.3575818655855,-0.00144989438457441
17.04347,45.3663,0.00726824002995841,45.3576505435571,-0.00138121641291945
17.05479,45.36111,0.00207824002995238,45.3577004590306,-0.00133130093948478
17.06612,45.35889,-0.000141759970041733,45.3577122272042,-0.00131953276582867
17.07746,45.34828,-0.0107517599700415,45.3576732058665,-0.00135855410353169
17.08881,45.35093,-0.00810175997004592,45.3575776154574,-0.00145414451262989
17.10014,45.3627,0.00366824002995259,45.3574261795546,-0.00160558041543822
17.11145,45.3574,-0.00163175997004572,45.3572259246751,-0.00180583529489817
17.12278,45.36744,0.00840824002995788,45.3569900805896,-0.00204167938043074
17.1341,45.35485,-0.00418175997004511,45.3567374300032,-0.0022943299668759
17.14542,45.35379,-0.00524175997004761,45.3564904907242,-0.00254126924580245
17.15673,45.3535,-0.00553175997004729,45.3562725220685,-0.0027592379015492
17.16806,45.35517,-0.00386175997004301,45.3561040287715,-0.00292773119853873
17.17941,45.35482,-0.00421175997004752,45.3559997162037,-0.00303204376635656
17.19072,45.35558,-0.00345175997004077,45.3559666460794,-0.00306511389068031
17.20204,45.3564,-0.00263175997004339,45.3560039008645,-0.00302785910556362
17.21338,45.35699,-0.00204175997004086,45.3561036555202,-0.00292810444981483
17.22472,45.35262,-0.0064117599700424,45.3562532888043,-0.00277847116576886
17.23605,45.36063,0.00159824002995634,45.3564380326152,-0.00259372735486781
17.24739,45.36005,0.00101824002995698,45.3566436004901,-0.00238815947991502
17.25869,45.35526,-0.00377175997004287,45.3568582392063,-0.00217352076374955
17.27002,45.35614,-0.00289175997004065,45.3570737773307,-0.00195798263929631
17.28134,45.36016,0.00112824002995637,45.3572855283749,-0.00174623159518915
17.29266,45.35518,-0.00385175997004694,45.3574912174216,-0.00154054254846463
17.304,45.35852,-0.000511759970045489,45.3576892958267,-0.00134246414332259
17.31533,45.35823,-0.000801759970045168,45.3578770893276,-0.00115467064241854
17.32668,45.35664,-0.00239175997004537,45.3580492587105,-0.000982501259542186
17.33803,45.35445,-0.00458175997004417,45.3581970577103,-0.000834702259727991
17.34935,45.35415,-0.00488175997004703,45.3583088139766,-0.00072294599340268
17.36066,45.35918,0.000148240029957947,45.3583718532165,-0.000659906753497527
17.37196,45.3639,0.00486824002995689,45.3583756641364,-0.00065609583359905
17.3833,45.36249,0.00345824002995698,45.3583155660482,-0.000716193921883217
17.39466,45.3527,-0.00633175997004543,45.3581958024722,-0.000835957497843363
17.406,45.36295,0.00391824002995378,45.3580310882186,-0.00100067175147735
17.41731,45.36227,0.00323824002995821,45.357846084303,-0.00118567566706809
17.42864,45.3586,-0.000431759970041412,45.3576727719911,-0.00135898797894587
17.43994,45.34816,-0.0108717599700441,45.3575461393433,-0.00148562062673263
17.45126,45.35849,-0.0005417599700408,45.3574990298376,-0.00153273013244541
17.4626,45.3533,-0.00573175997004682,45.357557290808,-0.00147446916209321
17.47394,45.36127,0.00223824002995343,45.3577362303235,-0.00129552964650721
17.48529,45.35751,-0.00152175997004633,45.3580388614533,-0.000992898516736105
17.49662,45.35812,-0.000911759970044557,45.3584558276592,-0.000575932310803935
17.50794,45.36373,0.00469824002995267,45.3589665651798,-6.51947901984871e-05
17.51926,45.36127,0.00223824002995343,45.3595412181109,0.000509458140844347
17.53057,45.3522,-0.00683175997004071,45.3601429979565,0.00111123798642254
17.5419,45.35915,0.00011824002995553,45.3607309674009,0.0016992074308333
17.55323,45.36557,0.00653824002995407,45.3612634361609,0.0022316761908716
17.56458,45.35492,-0.0041117599700442,45.3617020650137,0.00267030504363951
17.57592,45.36395,0.00491824002995855,45.3620163913005,0.00298463133046931
17.58724,45.37443,0.0153982400299526,45.3621880614755,0.00315630150548631
17.59856,45.36137,0.00233824002995675,45.362213815784,0.00318205581390797
17.60989,45.35606,-0.00297175997004473,45.3621063782069,0.00307461823686986
17.62119,45.36485,0.0058182400299529,45.3618929221173,0.00286116214729604
17.63254,45.36099,0.00195824002995693,45.3616114556865,0.0025796957164424
17.64388,45.36346,0.00442824002995934,45.3613058788009,0.00227411883085102
17.65522,45.35542,-0.00361175997004182,45.3610205079484,0.00198874797834354
17.66656,45.36293,0.00389824002995454,45.3607947860663,0.00176302609625461
17.67792,45.35953,0.000498240029955355,45.3606588264642,0.00162706649415951
17.68926,45.36051,0.00147824002995378,45.3606303156379,0.00159855566790161
17.70058,45.36029,0.001258240029955,45.360713097479,0.00168133750895568
17.7119,45.35466,-0.00437175997004147,45.3608975618626,0.00186580189259534
17.72322,45.36138,0.00234824002995282,45.3611627765862,0.00213101661616294
17.73456,45.3716,0.0125682400299567,45.3614800375407,0.00244827757065772
17.74588,45.36433,0.00529824002995838,45.3618171654571,0.00278540548704166
17.75722,45.35153,-0.00750175997004732,45.3621426961238,0.00311093615372661
17.76854,45.36326,0.0042282400299527,45.36242933559,0.0033975756199687
17.77989,45.36734,0.00830824002995456,45.3626564872507,0.00362472728064701
17.79125,45.36267,0.00363824002995727,45.3628118381395,0.00378007816947731
17.80259,45.36836,0.00932824002995858,45.3628918368893,0.00386007691926063
17.81394,45.36089,0.00185824002995361,45.362900803121,0.00386904315095502
17.82527,45.35865,-0.000381759970046858,45.3628486626028,0.0038169026327143
17.83658,45.36694,0.00790824002995549,45.3627477559149,0.00371599594489516
17.8479,45.35987,0.000838240029956694,45.3626094999966,0.00357774002659223
17.85924,45.3527,-0.00633175997004543,45.3624417371676,0.00340997719751751
17.8706,45.36702,0.00798824002995246,45.3622474254513,0.00321566548128792
17.88194,45.36803,0.00899824002995331,45.3620249554216,0.00299319545156165
17.89329,45.3546,-0.0044317599700463,45.3617698788464,0.00273811887631296
17.90462,45.36244,0.00340824002995532,45.3614774239613,0.0024456639912505
17.91595,45.36864,0.00960824002995508,45.3611450537388,0.00211329376871269
17.92728,45.36177,0.00273824002995582,45.3607744150432,0.00174265507320117
17.93862,45.356,-0.00303175997004246,45.3603721960992,0.00134043612913146
17.94997,45.36333,0.0042982400299536,45.3599497148304,0.000917954860359801
17.9613,45.35505,-0.00398175997004557,45.3595214841895,0.000489724219427137
17.97265,45.35705,-0.00198175997004313,45.3591033041314,7.15441613451613e-05
17.98399,45.36493,0.00589824002995698,45.3587104452023,-0.000321314767787176
17.99534,45.35603,-0.00300175997004715,45.3583562915793,-0.000675468390701041
18.00667,45.35209,-0.0069417599700472,45.3580515965245,-0.000980163445510943
18.018,45.3569,-0.002131759970041,45.3578043948255,-0.00122736514454596
18.02934,45.36077,0.00173824002995815,45.3576205253712,-0.0014112345988519
18.04068,45.36917,0.0101382400299528,45.3575044685331,-0.00152729143695754
18.05202,45.34895,-0.010081759970042,45.3574599049714,-0.0015718549986582
18.06334,45.363,0.00396824002995544,45.3574894308098,-0.00154232916027012
18.07466,45.35542,-0.00361175997004182,45.3575933544143,-0.00143840555572549
18.08599,45.34895,-0.010081759970042,45.3577681237212,-0.00126363624883871
18.09735,45.3553,-0.00373175997004438,45.3580052695437,-0.00102649042635607
18.10869,45.35656,-0.00247175997004234,45.3582916057697,-0.000740154200390921
18.12003,45.37218,0.0131482400299561,45.3586108189495,-0.000420941020519602
18.13132,45.3635,0.00446824002995783,45.358945782027,-8.59779430244119e-05
18.14263,45.35408,-0.00495175997004083,45.3592804949098,0.000248734939802
18.15396,45.35459,-0.00444175997004237,45.3596008935108,0.000569133540713368
18.1653,45.3604,0.00136824002995439,45.3598946173537,0.000862857383661912
18.17661,45.36325,0.00421824002995663,45.3601504563235,0.00111869635347591
18.18794,45.35453,-0.0045017599700472,45.3603582046873,0.00132644471722138
18.19928,45.35986,0.00082824002995352,45.3605092781032,0.00147751813318599
18.2106,45.35594,-0.00309175997004729,45.3605980764005,0.00156631643046136
18.2219,45.37131,0.012278240029957,45.3606237426233,0.00159198265325273
18.23322,45.36564,0.00660824002995497,45.3605915942877,0.00155983431766577
18.24454,45.36857,0.00953824002995418,45.3605132845012,0.00148152453114469
18.25589,45.34451,-0.0145217599700445,45.3604050662361,0.00137330626602016
18.26725,45.36208,0.00304824002995474,45.3602844189543,0.00125265898422013
18.27858,45.35685,-0.00218175997004266,45.3601662036378,0.00113444366774122
18.28992,45.35756,-0.00147175997004467,45.3600597743047,0.00102801433461952
18.30125,45.35721,-0.00182175997004208,45.3599679761892,0.000936216219188571
18.31258,45.36783,0.00879824002995377,45.3598881305504,0.000856370580315084
18.32393,45.36267,0.00363824002995727,45.3598143850397,0.000782625069659455
18.33526,45.35687,-0.00216175997004342,45.3597404341966,0.0007086742265242
18.3466,45.36253,0.00349824002995547,45.3596616992107,0.000629939240706222
18.35794,45.35938,0.000348240029957481,45.3595765043535,0.000544744383504782
18.36928,45.3553,-0.00373175997004438,45.3594862892806,0.000454529310584249
18.3806,45.35988,0.000848240029952763,45.3593952020559,0.000363442085817832
18.39192,45.35908,4.82400299546271e-05,45.3593094793319,0.000277719361840803
18.40328,45.35601,-0.00302175997004639,45.359236879156,0.000205119185970206
18.41459,45.36737,0.00833824002995698,45.359186168045,0.000154408074964325
18.42592,45.35437,-0.00466175997004115,45.3591664136218,0.000134653651738779
18.43728,45.36737,0.00833824002995698,45.3591857392283,0.000153979258217288
18.44862,45.3591,6.82400299538699e-05,45.3592493399103,0.000217579940293464
18.45997,45.354,-0.0050317599700449,45.3593569311465,0.000325171176495972
18.47133,45.3556,-0.00343175997004153,45.359500281922,0.000468521951966272
18.48265,45.35601,-0.00302175997004639,45.3596618280574,0.000630068087349083
18.494,45.35929,0.000258240029957335,45.3598152925241,0.000783532554098883
18.50533,45.35912,8.82400299531128e-05,45.3599286805312,0.00089692056114871
18.51665,45.36813,0.00909824002995663,45.3599692127751,0.000937452805100211
18.528,45.35593,-0.00310175997004336,45.3599090941838,0.000877334213776958
18.53934,45.3658,0.00676824002995602,45.3597307568245,0.000698996854500071
18.5507,45.36134,0.00230824002995433,45.3594304032796,0.000398643309508145
18.56203,45.35949,0.000458240029956869,45.3590191600672,-1.25999028758758e-05
18.57336,45.35488,-0.00415175997004269,45.3585217440297,-0.000510015940311166
18.58471,45.36103,0.00199824002995541,45.3579731117907,-0.00105864817930316
18.59605,45.35384,-0.00519175997004595,45.3574139699237,-0.00161779004637949
18.6074,45.35176,-0.00727175997004537,45.3568861704297,-0.00214558954033701
18.61874,45.35751,-0.00152175997004633,45.3564289072756,-0.0026028526944864
18.63009,45.35091,-0.00812175997004516,45.3560763057866,-0.00295545418347706
18.64143,45.35998,0.000948240029956082,45.3558564824199,-0.00317527755013205
18.65275,45.36319,0.0041582400299589,45.355791554353,-0.00324020561706424
18.66406,45.36185,0.00281824002995279,45.3558976406791,-0.00313411929091554
18.6754,45.35269,-0.00634175997004149,45.3561839101868,-0.00284784978327843
18.68673,45.35155,-0.00748175997004097,45.3566503147321,-0.0023814452379073
18.69806,45.36079,0.00175824002995739,45.357284530345,-0.00174722962500696
18.70942,45.35327,-0.00576175997004214,45.3580592758295,-0.000972484140578424
18.72076,45.35511,-0.00392175997004074,45.3589312817817,-0.000100478188396455
18.73209,45.35593,-0.00310175997004336,45.3598428596916,0.000811099721540533
18.74342,45.36103,0.00199824002995541,45.3607264846556,0.00169472468550786
18.75477,45.36033,0.00129824002995349,45.3615121191586,0.00248035918855866
18.76609,45.37148,0.0124482400299541,45.3621362464315,0.00310448646145315
18.77744,45.36123,0.00219824002995495,45.3625509882371,0.00351922826705884
18.78879,45.36321,0.00417824002995815,45.3627315128049,0.00369975283488251
18.80014,45.37264,0.0136082400299529,45.3626802557505,0.00364849578043108
18.81145,45.3574,-0.00163175997004572,45.3624271072751,0.00339534730510168
18.82279,45.36375,0.00471824002995902,45.3620254459039,0.00299368593384807
18.83411,45.36293,0.00389824002995454,45.3615446049238,0.00251284495379979
18.84546,45.35854,-0.000491759970046246,45.3610599449461,0.00202818497607641
18.85678,45.35889,-0.000141759970041733,45.3606420692634,0.00161030929339437
18.86812,45.35931,0.000278240029956578,45.3603468420157,0.0013150820456188
18.87944,45.35303,-0.00600175997004726,45.3602077895097,0.00117602953962698
18.89078,45.3548,-0.00423175997004677,45.3602321682977,0.00120040832765709
18.90212,45.3672,0.00816824002995276,45.3604014226477,0.00136966267768749
18.91342,45.3565,-0.00253175997004718,45.3606759515547,0.00164419158462455
18.92474,45.36001,0.000978240029958499,45.3610032544178,0.00197149444771418
18.93608,45.3651,0.0060682400299541,45.3613279018917,0.00229614192163784
18.94741,45.36771,0.00867824002995832,45.36160148834,0.0025697283699444
18.95874,45.36903,0.00999824002995808,45.3617907047285,0.00275894475849223
18.97009,45.36185,0.00281824002995279,45.3618819738034,0.00285021383332417
18.98144,45.36149,0.00245824002995931,45.3618818396032,0.0028500796331086
18.99276,45.35893,-0.000101759970043247,45.3618133804743,0.00278162050426568
19.0041,45.35669,-0.00234175997004371,45.3617099026445,0.002678142674494
19.01543,45.36169,0.00265824002995885,45.3616076761946,0.00257591622454735
19.02676,45.35463,-0.00440175997004388,45.3615393852367,0.0025076252666588
19.03808,45.36398,0.00494824002995387,45.3615294246331,0.0024976646630221
19.0494,45.3665,0.00746824002995794,45.3615914291011,0.00255966913108539
19.06072,45.36676,0.0077282400299552,45.3617277265882,0.00269596661812094
19.07208,45.35746,-0.00157175997004089,45.3619300433127,0.00289828334267385
19.0834,45.35968,0.000648240029953229,45.362180920907,0.00314916093698677
19.09473,45.35598,-0.0030517599700417,45.3624557588708,0.0034239989008027
19.10606,45.36509,0.00605824002995803,45.3627256922749,0.00369393230481469
19.11739,45.3699,0.0108682400299571,45.3629613212551,0.00392956128501071
19.12872,45.36402,0.00498824002995235,45.363136779745,0.00410501977490911
19.14004,45.35968,0.000648240029953229,45.3632332548468,0.00420149487679333
19.15136,45.36812,0.00908824002995345,45.3632411689021,0.0042094089320525
19.16267,45.36451,0.00547824002995867,45.3631606775777,0.00412891760761165
19.17403,45.35853,-0.000501759970042315,45.3630005824598,0.00396882248977183
19.18535,45.35872,-0.000311759970045955,45.3627760619844,0.00374430201431586
19.19668,45.37238,0.0133482400299556,45.3625057921445,0.00347403217442059
19.20802,45.35455,-0.00448175997004086,45.3622090170131,0.00317725704301598
19.21935,45.36431,0.00527824002995914,45.3619029780622,0.00287121809220389
19.23068,45.35985,0.000818240029957451,45.3616009961863,0.00256923621621838
19.24203,45.35825,-0.000781759970045925,45.3613114740058,0.00227971403579059
19.25335,45.35906,2.82400299553842e-05,45.361038007278,0.00200624730793759
19.26466,45.36885,0.00981824002995779,45.3607805614902,0.001748801520168
19.276,45.35721,-0.00182175997004208,45.3605373487527,0.00150558878263825
19.28733,45.36143,0.00239824002995448,45.3603068136101,0.00127505364009835
19.29868,45.36124,0.00220824002995812,45.3600891599842,0.00105740001414964
19.31004,45.36118,0.00214824002995329,45.3598870842025,0.000855324232501803
19.32135,45.35747,-0.00156175997004482,45.3597056427097,0.000673882739628413
19.3327,45.36087,0.00183824002995436,45.3595513840689,0.000519624098881996
19.344,45.35521,-0.00382175997004452,45.3594310162341,0.000399256264038203
19.35534,45.36577,0.0067382400299536,45.3593499373029,0.000318177332867043
19.36668,45.35657,-0.00246175997004627,45.3593109120091,0.000279152039024316
19.378,45.35238,-0.00665175997004752,45.3593130974857,0.000281337515629791
19.38935,45.36172,0.00268824002995416,45.3593515746564,0.000319814686328865
19.40069,45.36897,0.00993824002995325,45.3594174476275,0.0003856876574805
19.41204,45.35801,-0.00102175997004395,45.359498366096,0.000466606126002188
19.42337,45.35169,-0.00734175997004627,45.3595792039408,0.000547443970728609
19.43469,45.36114,0.0021082400299548,45.3596428239619,0.000611063991831111
19.44604,45.35718,-0.0018517599700445,45.3596711841109,0.000639424140843786
19.45738,45.36375,0.00471824002995902,45.359647065941,0.000615305971000866
19.46871,45.35895,-8.17599700440041e-05,45.3595563665099,0.000524606539847543
19.48003,45.35982,0.000788240029955034,45.3593905345124,0.000358774542350129
19.49133,45.35992,0.000888240029958354,45.3591486253439,0.000116865373824655
19.50268,45.35582,-0.00321175997004275,45.3588385662147,-0.000193193755327899
19.51401,45.36147,0.00243824002995296,45.3584773825944,-0.000554377375626786
19.52534,45.36128,0.00224824002995661,45.3580902231377,-0.000941536832347002
19.5367,45.35947,0.000438240029957626,45.3577080568847,-0.0013237030853373
19.54803,45.35798,-0.00105175997004636,45.3573640423163,-0.00166771765372514
19.55936,45.35777,-0.00126175997004196,45.3570888948954,-0.00194286507468338
19.57068,45.3456,-0.0134317599700466,45.356906043283,-0.00212571668706554
19.58202,45.35536,-0.00367175997004665,45.3568277195078,-0.00220404046225734
19.59334,45.35675,-0.00228175997004598,45.3568530864487,-0.00217867352132338
19.60468,45.36117,0.00213824002995722,45.3569689461829,-0.00206281378717758
19.616,45.36096,0.00192824002995451,45.3571527328717,-0.00187902709831904
19.62735,45.35426,-0.00477175997004764,45.3573768682125,-0.00165489175756643
19.63868,45.35364,-0.00539175997004548,45.3576134621866,-0.00141829778347419
19.65001,45.36612,0.00708824002995811,45.3578386266137,-0.00119313335634436
19.66133,45.35376,-0.00527175997004292,45.3580359451828,-0.000995814787196611
19.67267,45.35755,-0.00148175997004074,45.3581987366391,-0.000833023330990137
19.684,45.36656,0.00752824002995567,45.3583307856025,-0.000700974367519693
19.69536,45.35567,-0.00336175997004062,45.3584453360518,-0.000586423918248368
19.70668,45.35759,-0.00144175997004226,45.3585623649286,-0.000469395041480499
19.71801,45.36203,0.00299824002995308,45.3587044719779,-0.000327287992193939
19.72933,45.35247,-0.00656175997004738,45.3588920723965,-0.000139687573544239
19.74066,45.35719,-0.00184175997004132,45.3591388065915,0.00010704662144509
19.75199,45.35989,0.000858240029955937,45.3594480690001,0.000416309030086202
19.76334,45.36221,0.00317824002995337,45.3598112922246,0.00077953225453495
19.77467,45.35812,-0.000911759970044557,45.3602082017347,0.00117644176461095
19.78599,45.35938,0.000348240029957481,45.3606088843337,0.00157712436363565
19.79736,45.36319,0.0041582400299589,45.3609773337031,0.0019455737330336
19.80868,45.35537,-0.00366175997004348,45.3612760820826,0.00224432211254227
19.82002,45.36478,0.00574824002995911,45.3614714479257,0.00243968795567444
19.83135,45.36636,0.00732824002995613,45.361538771148,0.00250701117799404
19.84268,45.35798,-0.00105175997004636,45.3614668368655,0.00243507689543579
19.85403,45.37014,0.0111082400299551,45.3612606480016,0.0022288880315594
19.86536,45.35413,-0.00490175997004627,45.360941912587,0.00191015261697153
19.87669,45.36556,0.006528240029958,45.3605470255272,0.00151526555719839
19.88805,45.35888,-0.000151759970044907,45.3601227836532,0.00109102368312238
19.89941,45.35641,-0.00262175997004732,45.3597204317525,0.000688671782422927
19.91073,45.36697,0.00793824002995791,45.3593888473377,0.000357087367695927
19.92208,45.35353,-0.00550175997004487,45.3591677680278,0.000136008057787916
19.93342,45.35318,-0.00585175997004228,45.3590820162996,5.02563295961244e-05
19.94476,45.35793,-0.00110175997004092,45.3591376891721,0.000105929202073878
19.95608,45.35846,-0.000571759970043217,45.3593211185222,0.00028935855213545
19.96741,45.36125,0.00221824002995419,45.3596009285264,0.000569168556385102
19.97876,45.36153,0.0024982400299578,45.3599328359081,0.000901075938100558
19.99011,45.35944,0.000408240029955209,45.3602662845298,0.00123452455976561
20.00144,45.36221,0.00317824002995337,45.3605517882674,0.00152002829737832
20.01274,45.36084,0.00180824002995905,45.3607479220801,0.00171616211009517
20.02408,45.36175,0.00271824002995658,45.3608270834212,0.00179532345118008
20.03538,45.36266,0.0036282400299541,45.3607793372325,0.00174757726246729
20.04667,45.36144,0.00240824002995765,45.3606138481417,0.00158208817162807
20.05802,45.362,0.00296824002995777,45.3603576261478,0.00132586617779785
20.06932,45.36765,0.00861824002995348,45.3600515974029,0.00101983743288667
20.08066,45.35271,-0.00632175997004225,45.3597443890554,0.000712629085402397
20.09197,45.35452,-0.00451175997004327,45.3594846936818,0.000452933711756343
20.1033,45.36033,0.00129824002995349,45.3593135294587,0.00028176948861929
20.11462,45.3554,-0.00363175997004106,45.3592578594016,0.000226099431580654
20.12594,45.35551,-0.00352175997004167,45.3593267078968,0.000294947926739903
20.13728,45.36688,0.00784824002995776,45.3595102672971,0.000478507327065816
20.14861,45.35607,-0.00296175997004156,45.3597818199073,0.000750059937223719
20.15994,45.3617,0.00266824002995492,45.3601018225633,0.00107006259324354
20.17128,45.36253,0.00349824002995547,45.3604233061326,0.00139154616252671
20.1826,45.35655,-0.00248175997004552,45.3606977936395,0.00166603366944468
20.19392,45.36459,0.00555824002995564,45.3608810888546,0.00184932888459418
20.20525,45.35964,0.000608240029954743,45.360938403545,0.00190664357496393
20.21655,45.36764,0.00860824002995741,45.3608483531193,0.00181659314921811
20.22788,45.35543,-0.00360175997004575,45.3606054277204,0.00157366775038493
20.23922,45.35588,-0.00315175997004502,45.3602207289576,0.0011889689875253
20.25057,45.36795,0.00891824002995634,45.3597210123756,0.000689252405562469
20.2619,45.35699,-0.00204175997004086,45.3591462158019,0.000114455831840004
20.27324,45.35884,-0.000191759970043393,45.3585456291564,-0.000486130813646186
20.28461,45.36604,0.00700824002995404,45.3579728620624,-0.00105889790762708
20.29593,45.34818,-0.0108517599700448,45.3574799670155,-0.00155179295457337
20.30727,45.354,-0.0050317599700449,45.3571114249971,-0.00192033497291761
20.3186,45.35386,-0.00517175997004671,45.3568989785468,-0.00213278142321244
20.32995,45.36292,0.00388824002995847,45.3568582492336,-0.00217351073643838
20.34128,45.35363,-0.00540175997004155,45.3569876225533,-0.00204413741675934
20.3526,45.35758,-0.00145175997004543,45.3572692920367,-0.00176246793333451
20.36392,45.35962,0.0005882400299555,45.3576719898091,-0.00135977016089906
20.37526,45.35536,-0.00367175997004665,45.3581548586784,-0.000876901291609157
20.38661,45.36143,0.00239824002995448,45.3586719619074,-0.00035979806267678
20.39793,45.3633,0.00426824002995829,45.359176963042,0.000145203071918752
20.40927,45.35072,-0.00831175997004152,45.3596275629511,0.000595802981065035
20.42057,45.36081,0.00177824002995663,45.3599893917001,0.000957631730026902
20.4319,45.36212,0.00308824002995323,45.36023914071,0.00120738073993067
20.44323,45.36576,0.00672824002995753,45.3603666387896,0.00133487881956867
20.45456,45.3647,0.00566824002995503,45.360375367703,0.00134360773295471
20.46588,45.36527,0.00623824002995832,45.3602809011687,0.00124914119867214
20.4772,45.35147,-0.00756175997004505,45.360107209626,0.00107544965591903
20.48852,45.35166,-0.00737175997004158,45.3598815876064,0.000849827636346421
20.49986,45.35912,8.82400299531128e-05,45.3596296469289,0.000597886958812863
20.51121,45.35714,-0.00189175997004298,45.3593718606871,0.000340100717083671
20.52251,45.36131,0.00227824002995902,45.3591224313029,9.06713328658821e-05
20.53384,45.36789,0.00885824002995861,45.3588902213821,-0.000141538587912582
20.54513,45.35871,-0.000321759970042024,45.3586807350193,-0.000351024950697789
20.55646,45.35132,-0.00771175997004292,45.3584980149745,-0.00053374499553442
20.56778,45.3643,0.00526824002995596,45.3583457516019,-0.000686008368132745
20.57913,45.36036,0.00132824002995591,45.3582274781532,-0.000804281816841398
20.59046,45.35098,-0.00805175997004426,45.3581460816604,-0.00088567830967366
20.60179,45.35835,-0.000681759970042606,45.3581029709377,-0.000928789032347831
20.6131,45.36045,0.00141824002995605,45.3580972574152,-0.000934502554843149
20.62442,45.35603,-0.00300175997004715,45.3581252095128,-0.000906550457204525
20.63574,45.36415,0.00511824002995809,45.3581800177519,-0.000851742218105069
20.64706,45.3583,-0.000731759970044266,45.3582517292348,-0.000780030735272588
20.65841,45.3545,-0.00453175997004251,45.3583272619313,-0.000704498038701224
20.66976,45.35258,-0.00645175997004088,45.358390667891,-0.000641092079014057
20.68111,45.36104,0.00200824002995859,45.3584240478314,-0.000607712138688271
20.69244,45.35637,-0.00266175997004581,45.3584094537652,-0.000622306204868669
20.70376,45.36411,0.0050782400299525,45.3583317052249,-0.000700054745145162
20.71506,45.36081,0.00177824002995663,45.3581815670529,-0.000850192917160539
20.72638,45.35043,-0.0086017599700412,45.3579585372744,-0.0010732226956071
20.73772,45.3571,-0.00193175997004147,45.3576726544885,-0.00135910548159153
20.74903,45.36736,0.0083282400299538,45.3573450136895,-0.00168674628054727
20.76034,45.3542,-0.00483175997004537,45.3570067947935,-0.00202496517650657
20.77164,45.36159,0.00255824002995553,45.3566966071283,-0.00233515284178809
20.78298,45.35324,-0.00579175997004455,45.3564561441338,-0.00257561583621884
20.79431,45.35342,-0.00561175997004426,45.3563246205194,-0.00270713945062382
20.80562,45.35141,-0.00762175997004277,45.3563329534728,-0.00269880649726031
20.81695,45.36166,0.00262824002995643,45.3564988226775,-0.00253293729251364
20.82829,45.3547,-0.00433175997004298,45.3568235121426,-0.0022082478274807
20.83963,45.35062,-0.00841175997004484,45.3572909835102,-0.00174077645981599
20.85096,45.36201,0.00297824002995384,45.3578692133866,-0.00116254658349273
20.86229,45.35708,-0.00195175997004071,45.3585135088033,-0.000518251166703615
20.87363,45.36639,0.00735824002995855,45.3591712017282,0.000139441758144082
20.88498,45.36088,0.00184824002995754,45.3597868681255,0.000755108155413883
20.89629,45.35921,0.000178240029953258,45.3603072419317,0.00127548196165053
20.90761,45.35608,-0.00295175997004549,45.3606853826817,0.00165362271165829
20.91893,45.35206,-0.00697175997004251,45.3608841709199,0.00185241094982159
20.93024,45.36637,0.00733824002995931,45.3608794374035,0.00184767743350182
20.94158,45.36989,0.0108582400299539,45.3606627333541,0.00163097338403936
20.95292,45.36261,0.00357824002995244,45.3602431340922,0.00121137412213138
20.96423,45.35822,-0.000811759970041237,45.3596471319559,0.000615371985859747
20.97557,45.3594,0.000368240029956723,45.3589160312286,-0.000115728741435524
20.98693,45.35588,-0.00315175997004502,45.3581010935026,-0.000930666467465322
20.99827,45.35468,-0.00435175997004222,45.3572574207642,-0.00177433920586573
21.00963,45.35406,-0.00497175997004717,45.3564378572013,-0.00259390276869387
21.02096,45.35275,-0.00628175997004377,45.3556880603597,-0.00334369961030755
21.03226,45.35435,-0.00468175997004749,45.3550434810147,-0.00398827895535812
21.04361,45.35742,-0.00161175997004648,45.3545284230543,-0.0045033369157477
21.05494,45.35726,-0.00177175997004753,45.3541567757882,-0.00487498418180351
21.06625,45.3569,-0.002131759970041,45.3539336183909,-0.00509814157911328
21.07757,45.35274,-0.00629175997004694,45.3538568621473,-0.00517489782277454
21.0889,45.35358,-0.00545175997004321,45.3539184328991,-0.00511332707098819
21.10023,45.34937,-0.0096617599700437,45.3541050015617,-0.004926758408358
21.11156,45.35326,-0.00577175997004531,45.3543986463133,-0.0046331136567279
21.1229,45.36023,0.00119824002995728,45.3547778761691,-0.00425388380091444
21.13422,45.35149,-0.0075417599700458,45.3552191907429,-0.00381256922712839
21.14554,45.35695,-0.00208175997004645,45.3556990282382,-0.00333273173183339
21.15689,45.35493,-0.00410175997004103,45.3561957886025,-0.00283597136757126
21.16822,45.35474,-0.0042917599700445,45.3566916139502,-0.00234014601984999
21.17955,45.3659,0.00686824002995934,45.3571736104439,-0.00185814952612458
21.19086,45.36165,0.00261824002995326,45.3576341583945,-0.00139760157552726
21.20218,45.34826,-0.0107717599700408,45.3580700415865,-0.000961718383534148
21.21352,45.36403,0.00499824002995553,45.3584804899346,-0.000551270035416498
21.22486,45.3484,-0.0106317599700461,45.35886472987,-0.000167030100053512
21.23619,45.36134,0.00230824002995433,45.3592198896602,0.000188129690174044
21.24751,45.36714,0.00810824002995503,45.3595398964255,0.000508136455424552
21.25884,45.3561,-0.00293175997004624,45.3598155082906,0.000783748320516049
21.27015,45.35721,-0.00182175997004208,45.3600352343233,0.0010034743533015
21.28146,45.35748,-0.00155175997004164,45.3601868286842,0.00115506871411597
21.29279,45.36585,0.00681824002995768,45.3602591430172,0.00122738304714121
21.30411,45.36302,0.00398824002995468,45.3602440775142,0.00121231754415442
21.3154,45.35991,0.00087824002995518,45.3601381961879,0.00110643621781972
21.32674,45.36149,0.00245824002995931,45.3599435737878,0.000911813817791603
21.33806,45.35241,-0.0066217599700451,45.3596677625753,0.000636002605244081
21.34939,45.35895,-8.17599700440041e-05,45.3593231807255,0.000291420755483235
21.36072,45.35732,-0.00171175997004269,45.3589263888715,-0.000105371098547707
21.37205,45.36842,0.00938824002995631,45.3584974970934,-0.000534262876611484
21.38336,45.35845,-0.000581759970046392,45.3580595215044,-0.000972238465645431
21.3947,45.35203,-0.00700175997004493,45.3576372872121,-0.00139447275794374
21.40604,45.35393,-0.0051017599700458,45.3572556870228,-0.0017760729472792
21.41735,45.36202,0.00298824002995701,45.356937522766,-0.00209423720405526
21.42866,45.35628,-0.00275175997004595,45.3567013324239,-0.00233042754615285
21.43998,45.35661,-0.00242175997004068,45.3565594382676,-0.00247232170243711
21.45132,45.36279,0.00375824002995273,45.3565162554847,-0.0025155044853489
21.46267,45.34727,-0.0117617599700424,45.356566949318,-0.00246481065203874
21.47401,45.35549,-0.00354175997004091,45.3566967703207,-0.00233498964931111
21.48533,45.35597,-0.00306175997004487,45.3568815841657,-0.00215017580431137
21.49666,45.35808,-0.000951759970043042,45.3570900103231,-0.00194174964689771
21.508,45.35727,-0.00176175997004435,45.3572871658182,-0.00174459415183028
21.51935,45.35834,-0.00069175997004578,45.3574395149309,-0.00159224503910151
21.53069,45.35718,-0.0018517599700445,45.3575200192523,-0.00151174071771359
21.54203,45.35572,-0.00331175997004607,45.357512712485,-0.00151904748501972
21.55333,45.36608,0.00704824002995252,45.3574158736804,-0.00161588628961759
21.56468,45.36142,0.00238824002995841,45.3572430663503,-0.00178869361978058
21.57598,45.35496,-0.00407175997004572,45.3570215374164,-0.00201022255367727
21.58731,45.35654,-0.00249175997004158,45.356787981662,-0.00224377830801378
21.59866,45.35278,-0.00625175997004135,45.3565824161334,-0.00244934383663828
21.61004,45.35076,-0.00827175997004304,45.3564415303673,-0.00259022960273646
21.62135,45.35656,-0.00247175997004234,45.3563930447546,-0.00263871521546815
21.63266,45.35065,-0.00838175997004242,45.3564522533973,-0.00257950657276612
21.64399,45.36415,0.00511824002995809,45.3566212176154,-0.00241054235461118
21.6553,45.35528,-0.00375175997004362,45.3568902824259,-0.0021414775441693
21.66663,45.36774,0.00870824002995363,45.3572410036813,-0.00179075628875355
21.67796,45.34934,-0.00969175997004612,45.357649426327,-0.00138233364307535
21.68929,45.35986,0.00082824002995352,45.3580889792643,-0.000942780705737818
21.70064,45.35582,-0.00321175997004275,45.3585328099021,-0.000498950067968286
21.71196,45.35841,-0.000621759970044877,45.3589557883913,-7.59715787317328e-05
21.7233,45.35782,-0.00121175997004741,45.3593364476589,0.000304687688829645
21.73461,45.36406,0.00502824002995794,45.3596588758633,0.00062711589328423
21.74594,45.36028,0.00124824002995894,45.3599142727536,0.000882512783546309
21.7573,45.36206,0.0030282400299555,45.3601017133985,0.00106995342844944
21.76865,45.35896,-7.175997004083e-05,45.3602277332042,0.0011959732341911
21.78001,45.36271,0.00367824002995576,45.3603046281503,0.00127286818028423
21.79133,45.35778,-0.0012517599700459,45.36034770758,0.00131594760999762
21.80263,45.3631,0.00406824002995876,45.3603720071838,0.0013402472137438
21.81395,45.35334,-0.00569175997004123,45.3603891259028,0.0013573659327398
21.82525,45.36134,0.00230824002995433,45.3604048906722,0.00137313070214332
21.83659,45.35341,-0.00562175997004744,45.3604184338704,0.00138667390040694
21.84787,45.36718,0.00814824002995351,45.3604229269344,0.00139116696433599
21.85921,45.36366,0.00462824002995887,45.3604076863247,0.00137592635465116
21.87055,45.36118,0.00214824002995329,45.3603608776502,0.00132911768011694
21.8819,45.36404,0.0050082400299587,45.3602718941064,0.00124013413636353
21.89323,45.35262,-0.0064117599700424,45.3601327930341,0.00110103306407311
21.90456,45.36267,0.00363824002995727,45.3599387269984,0.000906967028375311
21.91588,45.36179,0.00275824002995506,45.3596877420979,0.000655982127887633
21.92721,45.35321,-0.00582175997004697,45.3593804413128,0.000348681342714129
21.93854,45.3615,0.00246824002995538,45.3590199074278,-1.18525422825727e-05
21.94991,45.3595,0.000468240029952938,45.3586121172973,-0.000419642672785709
21.96125,45.35246,-0.00657175997004344,45.3581669104654,-0.00086484950468853
21.97259,45.3609,0.00186824002995678,45.357699385823,-0.00133237414706517
21.98393,45.35436,-0.00467175997004432,45.3572313960698,-0.00180036390022344
21.99527,45.3601,0.00106824002995864,45.3567925885841,-0.00223917138598518
22.0066,45.3672,0.00816824002995276,45.3564202314389,-0.00261152853116619
22.01792,45.35799,-0.00104175997004319,45.3561570226129,-0.00287473735714405
22.02925,45.35386,-0.00517175997004671,45.356046439392,-0.00298532057802646
22.04059,45.35166,-0.00737175997004158,45.3561260053221,-0.0029057546479278
22.0519,45.35104,-0.00799175997004653,45.3564198160057,-0.00261194396434668
22.06322,45.35292,-0.00611175997004665,45.3569322242214,-0.00209953574860299
22.07454,45.35905,1.82400299593155e-05,45.3576444134472,-0.00138734652282728
22.08587,45.35303,-0.00600175997004726,45.3585148195272,-0.000516940442842809
22.09722,45.36491,0.00587824002995774,45.3594833890314,0.000451629061371731
22.10856,45.36012,0.00108824002995789,45.3604788358785,0.00144707590844973
22.11989,45.36351,0.00447824002995389,45.3614275418238,0.00239578185379278
22.13122,45.36161,0.00257824002995477,45.3622625763149,0.0032308163448139
22.14254,45.3659,0.00686824002995934,45.362931432366,0.00389967239594992
22.15386,45.37181,0.0127782400299594,45.3634013632419,0.00436960327185629
22.16519,45.3612,0.00216824002995253,45.3636615844873,0.00462982451722144
22.17652,45.36375,0.00471824002995902,45.3637221327677,0.00469037279770132
22.18786,45.35808,-0.000951759970043042,45.3636098620312,0.00457810206117371
22.19919,45.36389,0.00485824002995372,45.3633626844306,0.00433092446053273
22.21055,45.36075,0.00171824002995891,45.3630234124543,0.00399165248423403
22.22188,45.36167,0.0026382400299525,45.3626343489427,0.00360258897264371
22.23323,45.36054,0.0015082400299562,45.3622333029151,0.00320154294500935
22.24455,45.36541,0.00637824002995302,45.3618512186654,0.00281945869533297
22.2559,45.36287,0.00383824002995681,45.3615112129718,0.00247945300175488
22.26723,45.36229,0.00325824002995745,45.3612285878639,0.00219682789380949
22.27855,45.35509,-0.00394175997004709,45.3610113890287,0.0019796290586206
22.28989,45.3655,0.00646824002995317,45.3608612691995,0.00182950922946846
22.30125,45.36076,0.00172824002995497,45.360774599691,0.0017428397209256
22.31256,45.36102,0.00198824002995934,45.3607438104734,0.00171205050331093
22.3239,45.35503,-0.00400175997004482,45.3607589014879,0.00172714151785386
22.33519,45.36235,0.00331824002995518,45.3608090677806,0.00177730781060186
22.34651,45.36054,0.0015082400299562,45.3608843479806,0.00185258801055137
22.35782,45.37066,0.0116282400299568,45.3609770208272,0.00194526085713764
22.36916,45.35925,0.000218240029958849,45.361082252547,0.00205049257693785
22.38048,45.36537,0.00633824002995453,45.3611975424331,0.00216578246301048
22.39183,45.353,-0.00603175997004257,45.3613209742139,0.00228921424380864
22.40315,45.35635,-0.00268175997004505,45.3614489368575,0.00241717688745759
22.41448,45.36069,0.00165824002995407,45.361574383859,0.00254262388892188
22.42579,45.36407,0.00503824002995401,45.3616865312289,0.002654771258864
22.43714,45.36369,0.00465824002995419,45.361772223397,0.00274046342691051
22.44844,45.36616,0.0071282400299566,45.3618184574692,0.00278669749911687
22.45976,45.3564,-0.00263175997004339,45.3618151920188,0.00278343204875393
22.47111,45.36858,0.00954824002995736,45.3617576812285,0.00272592125844593
22.48242,45.35816,-0.000871759970046071,45.3616479438863,0.00261618391627558
22.49375,45.35738,-0.00165175997004496,45.36149532919,0.0024635692199869
22.50509,45.36127,0.00223824002995343,45.3613163466359,0.00228458666587665
22.51642,45.3635,0.00446824002995783,45.3611339327939,0.00210217282389394
22.52776,45.36449,0.00545824002995943,45.3609761235081,0.00194436353801617
22.53909,45.36369,0.00465824002995419,45.3608738405935,0.00184208062350426
22.55041,45.36188,0.00284824002995521,45.3608574716799,0.0018257117098355
22.56173,45.36045,0.00141824002995605,45.3609522615926,0.00192050162259667
22.57308,45.35744,-0.00159175997004724,45.361173102798,0.00214134282794581
22.5844,45.36007,0.00103824002995623,45.3615198248073,0.00248806483726619
22.59572,45.35328,-0.00575175997004607,45.3619742946044,0.00294253463432631
22.60706,45.36244,0.00340824002995532,45.3625004343216,0.00346867435157615
22.6184,45.36556,0.006528240029958,45.363047651593,0.00401589162290947
22.62975,45.36375,0.00471824002995902,45.3635573211712,0.00452556120117348
22.64111,45.36258,0.00354824002995713,45.3639711562024,0.00493939623238927
22.65245,45.37197,0.0129382400299534,45.3642398479621,0.00520808799202847
22.66376,45.36723,0.00819824002995517,45.3643302983801,0.00529853841000639
22.6751,45.36908,0.0100482400299526,45.36423004153,0.00519828155998972
22.68642,45.3624,0.00336824002995684,45.3639480265795,0.00491626660941565
22.69775,45.35627,-0.00276175997004202,45.3635117754329,0.0044800154628974
22.70911,45.37181,0.0127782400299594,45.362961783219,0.00393002324899195
22.72044,45.35607,-0.00296175997004156,45.3623445584555,0.00331279848550199
22.73175,45.35381,-0.00522175997004126,45.3617057972553,0.00267403728524449
22.74309,45.35804,-0.000991759970041528,45.3610849960376,0.00205323606753845
22.75442,45.36549,0.0064582400299571,45.3605123911691,0.00148063119909647
22.76578,45.36363,0.00459824002995646,45.3600084147959,0.000976654825900415
22.77709,45.35843,-0.000601759970045634,45.3595850680507,0.000553308080609175
22.78842,45.36189,0.00285824002995838,45.3592481811552,0.000216421185164933
22.79976,45.3562,-0.00283175997004292,45.3589996442187,-3.2115751365002e-05
22.8111,45.36178,0.00274824002995899,45.358839095134,-0.000192664836026738
22.82239,45.35471,-0.00432175997004691,45.3587648995645,-0.000266860405562442
22.83373,45.36431,0.00527824002995914,45.3587744301535,-0.00025732981649756
22.84505,45.35743,-0.0016017599700433,45.3588637042325,-0.000168055737592537
22.85638,45.35936,0.000328240029958238,45.3590264768005,-5.28316953024883e-06
22.86772,45.35971,0.000678240029955646,45.3592529901096,0.000221230139572592
22.87904,45.35801,-0.00102175997004395,45.3595287501589,0.000496990188844543
22.89036,45.35683,-0.00220175997004191,45.359833846311,0.000802086340929811
22.9017,45.35412,-0.00491175997004234,45.3601433538792,0.001111593909184
22.913,45.36176,0.00272824002995264,45.3604291784341,0.00139741846407526
22.9243,45.36843,0.00939824002995238,45.3606632668684,0.0016315068983328
22.93564,45.36201,0.00297824002995384,45.3608215425946,0.00178978262453483
22.94697,45.35911,7.8240029957044e-05,45.3608875620836,0.00185580211351384
22.95831,45.3628,0.0037682400299559,45.3608550170575,0.00182325708748474
22.96965,45.35856,-0.000471759970047003,45.3607287043538,0.00169694438371576
22.981,45.35745,-0.00158175997004406,45.3605240662201,0.00149230625007813
22.99232,45.36604,0.00700824002995404,45.3602656159543,0.00123385598422331
23.00363,45.35709,-0.00194175997004464,45.3599845299648,0.000952769994728652
23.01496,45.36153,0.0024982400299578,45.3597155698629,0.000683809892873935
23.02628,45.3591,6.82400299538699e-05,45.359493455714,0.000461695743981631
23.03756,45.35989,0.000858240029955937,45.359348889626,0.000317129655910217
23.0489,45.3596,0.000568240029956257,45.3593045543121,0.000272794342066891
23.06024,45.35945,0.000418240029958383,45.3593715158084,0.00033975583838108
23.07156,45.36162,0.00258824002995794,45.359546544361,0.00051478439090609
23.08288,45.35252,-0.00651175997004572,45.3598109522166,0.000779192246585792
23.0942,45.35567,-0.00336175997004062,45.3601316032126,0.00109984324258272
23.10555,45.35563,-0.00340175997004621,45.3604646474694,0.00143288749937442
23.11687,45.36219,0.00315824002995413,45.3607620865915,0.00173032662143037
23.1282,45.36573,0.00669824002995512,45.360980443903,0.00194868393291333
23.13952,45.36685,0.00781824002995535,45.3610898842716,0.00205812430154824
23.15086,45.36454,0.00550824002995398,45.3610815656083,0.00204980563826308
23.1622,45.37162,0.012588240029956,45.3609711286298,0.00193936865979024
23.17353,45.35892,-0.000111759970046421,45.360797038893,0.00176527892293754
23.18485,45.36118,0.00214824002995329,45.3606137481302,0.00158198816018415
23.19617,45.3547,-0.00433175997004298,45.3604810081887,0.00144924821866859
23.20749,45.34934,-0.00969175997004612,45.3604517592599,0.00141999928983861
23.21882,45.35509,-0.00394175997004709,45.3605614393749,0.00152967940489324
23.23013,45.3662,0.00716824002995509,45.3608211159753,0.00178935600521444
23.24146,45.36102,0.00198824002995934,45.3612156683574,0.00218390838739545
23.25278,45.36164,0.00260824002995719,45.3617068827155,0.00267512274543621
23.2641,45.35899,-4.17599700455185e-05,45.3622403653445,0.00320860537444066
23.27544,45.36281,0.00377824002995908,45.3627548229042,0.00372306293417961
23.28675,45.36928,0.0102482400299593,45.363192205403,0.0041604454329386
23.29811,45.36419,0.00515824002995657,45.363507151669,0.00447539169895252
23.30944,45.36842,0.00938824002995631,45.3636741601641,0.00464240019404775
23.32076,45.36779,0.00875824002995529,45.3636911555313,0.00465939556125336
23.33209,45.36804,0.00900824002995648,45.3635787194631,0.00454695949308832
23.34342,45.35747,-0.00156175997004482,45.3633751032302,0.00434334326020051
23.35476,45.36087,0.00183824002995436,45.363128063072,0.00409630310193179
23.36609,45.3628,0.0037682400299559,45.3628853123971,0.00385355242707427
23.37744,45.35387,-0.00516175997004353,45.3626856947054,0.00365393473538878
23.38878,45.36003,0.000998240029957742,45.362552948822,0.00352118885200833
23.40011,45.36039,0.00135824002995832,45.3624932803019,0.00346152033189594
23.41144,45.36543,0.00639824002995937,45.362497036515,0.00346527654490529
23.42275,45.36616,0.0071282400299566,45.3625437955786,0.00351203560858619
23.43409,45.36256,0.00352824002995789,45.3626094084538,0.0035776484837309
23.44541,45.36348,0.00444824002995858,45.3626732350243,0.00364147505424929
23.45671,45.37014,0.0111082400299551,45.3627239917057,0.00369223173570143
23.46802,45.36032,0.00128824002995742,45.3627630732602,0.00373131329019171
23.47935,45.36677,0.00773824002995838,45.362804758405,0.00377299843497755
23.49069,45.36132,0.00228824002995509,45.3628733152273,0.00384155525721539
23.50202,45.36221,0.00317824002995337,45.3629976314716,0.00396587150155239
23.51334,45.36427,0.00523824002995354,45.3632044806887,0.00417272071864931
23.52467,45.35406,-0.00497175997004717,45.3635118035432,0.00448004357313804
23.53602,45.36705,0.00801824002995488,45.3639234036223,0.00489164365228842
23.54734,45.35837,-0.000661759970043363,45.3644262058653,0.00539444589530342
23.55866,45.36867,0.0096382400299575,45.3649907103938,0.00595895042375951
23.57,45.36114,0.0021082400299548,45.3655746148653,0.00654285489527467
23.5813,45.36348,0.00444824002995858,45.3661289618204,0.00709720185030917
23.59264,45.37334,0.0143082400299548,45.3666056871283,0.00757392715825808
23.60396,45.37759,0.0185582400299538,45.3669650877197,0.00793332774966031
23.61527,45.36868,0.00964824002995357,45.3671815824901,0.00814982252001764
23.62656,45.36089,0.00185824002995361,45.3672464735998,0.00821471362978161
23.63789,45.37097,0.0119382400299557,45.3671673054178,0.00813554544774576
23.64921,45.36008,0.0010482400299594,45.3669644532429,0.00793269327282342
23.66055,45.36769,0.00865824002995907,45.3666661868299,0.00763442685983955
23.67188,45.36795,0.00891824002995634,45.3663034731467,0.00727171317661787
23.68325,45.36314,0.00410824002995724,45.3659054512487,0.00687369127864178
23.6946,45.36486,0.00582824002995608,45.3654961355628,0.0064643755927733
23.70592,45.36619,0.00715824002995902,45.3650926343355,0.00606087436542089
23.71725,45.35825,-0.000781759970045925,45.3647049875817,0.00567322761168601
23.72859,45.36653,0.00749824002995325,45.3643375334512,0.00530577348112961
23.73993,45.36451,0.00547824002995867,45.3639914344387,0.00495967446860778
23.75129,45.37251,0.0134782400299542,45.3636676560911,0.00463589612110449
23.76263,45.3651,0.0060682400299541,45.3633694509585,0.00433769098841823
23.77396,45.35603,-0.00300175997004715,45.3631035082159,0.00407174824580795
23.78529,45.36565,0.00661824002995814,45.3628794513323,0.00384769136229613
23.79662,45.3605,0.00146824002995771,45.3627079991901,0.00367623922005724
23.80797,45.36456,0.00552824002995322,45.3625984432234,0.0035666832533855
23.8193,45.36419,0.00515824002995657,45.3625560562647,0.00352429629460706
23.83062,45.35952,0.000488240029959286,45.3625798940734,0.00354813410335411
23.84194,45.36198,0.00294824002995853,45.3626614019314,0.00362964196131474
23.8533,45.3603,0.00126824002995818,45.3627842762365,0.00375251626650464
23.86463,45.35559,-0.0034417599700447,45.3629259870288,0.00389422705875873
23.87597,45.36512,0.00608824002995334,45.3630610966919,0.00402933672184273
23.88731,45.37052,0.011488240029955,45.3631659834974,0.00413422352737439
23.89865,45.36733,0.00829824002995849,45.363223950807,0.00419219083698679
23.91001,45.36128,0.00224824002995661,45.3632293274699,0.00419756749982071
23.92134,45.36718,0.00814824002995351,45.3631893517165,0.00415759174650378
23.93264,45.35919,0.000158240029954015,45.3631232965465,0.00409153657647434
23.94396,45.36803,0.00899824002995331,45.3630590308086,0.00402727083855858
23.95528,45.36407,0.00503824002995401,45.3630277172141,0.00399595724402176
23.96663,45.35292,-0.00611175997004665,45.3630576369143,0.00402587694422937
23.97795,45.36295,0.00391824002995378,45.3631683056183,0.00413654564825227
23.9893,45.36234,0.00330824002995911,45.3633660458908,0.0043342859207793
24.00064,45.36947,0.0104382400299556,45.3636418460094,0.00461008603938245
24.01197,45.35577,-0.00326175997004441,45.3639717417113,0.00493998174129276
24.02332,45.3703,0.0112682400299562,45.3643194400532,0.00528768008317313
24.03464,45.36172,0.00268824002995416,45.3646406712543,0.0056089112842448
24.04598,45.35954,0.000508240029958529,45.3648886927895,0.00585693281944667
24.05732,45.37434,0.0153082400299525,45.3650202947184,0.00598853474839695
24.06867,45.36934,0.010308240029957,45.3650015233808,0.00596976341071777
24.08002,45.35814,-0.000891759970045314,45.3648122703168,0.00578051034677584
24.09132,45.36423,0.00519824002995506,45.3644490480483,0.0054172880782896
24.10262,45.37209,0.0130582400299559,45.3639256833923,0.00489392342228482
24.11394,45.35487,-0.00416175997004586,45.3632720267303,0.00424026676023866
24.12525,45.36617,0.00713824002995267,45.3625309333419,0.00349917337182957
24.13659,45.36689,0.00785824002995383,45.3617538363623,0.0027220763922397
24.14793,45.35434,-0.00469175997004356,45.3609953210604,0.001963561090318
24.15927,45.36252,0.0034882400299594,45.3603072311804,0.00127547121034013
24.17059,45.36131,0.00227824002995902,45.3597329750204,0.00070121505039736
24.18192,45.35249,-0.00654175997004103,45.3593027955979,0.000271035627891253
24.19324,45.36016,0.00112824002995637,45.3590307465611,-1.01340896573494e-06
24.20456,45.35633,-0.00270175997004429,45.3589139519203,-0.000117808049724901
24.21589,45.35551,-0.00352175997004167,45.3589344194011,-9.73405689488059e-05
24.22722,45.36235,0.00331824002995518,45.3590632301621,3.1470192066067e-05
24.23854,45.3588,-0.000231759970041878,45.3592664213127,0.000234661342692217
24.24986,45.36203,0.00299824002995308,45.3595114453274,0.00047968535732962
24.2612,45.36754,0.0085082400299541,45.3597728638292,0.000741103859151969
24.27253,45.36105,0.00201824002995465,45.3600360162027,0.00100425623270519
24.28382,45.35851,-0.000521759970041558,45.3602978427432,0.0012660827731695
24.29517,45.36391,0.00487824002995296,45.3605647703819,0.00153301041187392
24.30648,45.35515,-0.00388175997004225,45.360848360604,0.00181660063391861
24.31778,45.35928,0.000248240029954161,45.3611599913138,0.00212823134377154
24.3291,45.35818,-0.000851759970046828,45.361506039696,0.00247427972594192
24.34044,45.35757,-0.0014617599700415,45.3618848407106,0.00285308074054365
24.3518,45.36273,0.003698240029955,45.3622861718068,0.00325441183677065
24.36314,45.36784,0.00880824002995695,45.362693281631,0.00366152166093465
24.37445,45.36165,0.00261824002995326,45.363086754885,0.0040549949149214
24.3858,45.3672,0.00816824002995276,45.3634490430843,0.00441728311420833
24.39713,45.36354,0.00450824002995631,45.3637684398273,0.004736679857305
24.40847,45.36581,0.00677824002995919,45.3640415644732,0.00500980450315084
24.41982,45.36814,0.0091082400299527,45.3642738388189,0.00524207884883866
24.43115,45.36218,0.00314824002995806,45.3644778696392,0.00544610966918473
24.44247,45.36462,0.00558824002995806,45.3646700710909,0.00563831112083851
24.4538,45.36163,0.00259824002995401,45.3648662535252,0.00583449355520502
24.46515,45.36582,0.00678824002995526,45.3650771645434,0.00604540457334492
24.47647,45.35956,0.000528240029957772,45.3653049833282,0.00627322335818613
24.48778,45.3662,0.00716824002995509,45.3655415328624,0.00650977289231011
24.4991,45.36631,0.00727824002995447,45.3657685643115,0.00673680434142425
24.51044,45.37166,0.0126282400299544,45.365959987429,0.00692822745893336
24.52178,45.36369,0.00465824002995419,45.3660855278358,0.0070537678657648
24.53312,45.35942,0.000388240029955966,45.3661151641369,0.0070834041668582
24.54446,45.36546,0.00642824002995468,45.3660238234454,0.00699206347540312
24.55579,45.37244,0.0134082400299533,45.3657959049086,0.00676414493851718
24.56714,45.369,0.00996824002995567,45.3654290169479,0.00639725697789651
24.57848,45.36851,0.00947824002995645,45.3649360381913,0.00590427822127505
24.58984,45.36596,0.00692824002995707,45.3643446854204,0.00531292545036998
24.60119,45.35772,-0.00131175997004362,45.3636943631611,0.00466260319106228
24.6125,45.36509,0.00605824002995803,45.3630308913565,0.00399913138646783
24.62381,45.35638,-0.00265175997004263,45.3624003197194,0.0033685597493293
24.63516,45.35938,0.000348240029957481,45.3618431888682,0.00281142889817065
24.64647,45.36507,0.00603824002995879,45.3613903115116,0.00235855154157574
24.65779,45.36086,0.00182824002995829,45.3610606100787,0.00202885010864239
24.66914,45.35503,-0.00400175997004482,45.3608610000969,0.00182924012684516
24.68047,45.36187,0.00283824002995914,45.3607879325138,0.00175617254377027
24.69183,45.37149,0.0124582400299573,45.3608299959833,0.00179823601328413
24.70316,45.36093,0.0018982400299592,45.3609708332352,0.00193907326511782
24.71451,45.35712,-0.00191175997004223,45.3611916394315,0.00215987946148098
24.72582,45.35597,-0.00306175997004487,45.3614728701917,0.00244111022162307
24.73715,45.36253,0.00349824002995547,45.3617953195758,0.00276355960578585
24.7485,45.36707,0.00803824002995412,45.3621409543575,0.00310919438743048
24.75984,45.36349,0.00445824002995465,45.3624936354063,0.00346187543625147
24.77118,45.3643,0.00526824002995596,45.3628394850629,0.00380772509287394
24.78248,45.36459,0.00555824002995564,45.3631666118551,0.0041348518851022
24.79382,45.35303,-0.00600175997004726,45.3634642295117,0.00443246954170035
24.80516,45.36762,0.00858824002995817,45.3637216020853,0.00468984211528999
24.81648,45.36534,0.00630824002995922,45.3639273747416,0.00489561477154408
24.82781,45.36566,0.00662824002995421,45.3640696165965,0.0050378566264756
24.83912,45.36141,0.00237824002995524,45.3641365414121,0.00510478144207202
24.85045,45.36517,0.006138240029955,45.3641177009895,0.00508594101941351
24.86178,45.35568,-0.00335175997004455,45.3640055016523,0.00497374168226518
24.8731,45.37232,0.0132882400299579,45.3637969339233,0.00476517395321962
24.88442,45.36311,0.00407824002995483,45.3634952434436,0.00446348347356606
24.89575,45.37121,0.0121782400299537,45.3631110061437,0.00407924617364869
24.90711,45.35646,-0.00257175997004566,45.3626620038572,0.00363024388717678
24.91845,45.36047,0.0014382400299553,45.3621716182174,0.00313985824732897
24.92979,45.36591,0.00687824002995541,45.3616660013914,0.0026342414213147
24.94112,45.35714,-0.00189175997004298,45.3611706695011,0.0021389095310382
24.95246,45.362,0.00296824002995777,45.3607072314953,0.00167547152529257
24.96381,45.35671,-0.00232175997004447,45.3602908537536,0.0012590937835144
24.97514,45.3616,0.0025682400299587,45.3599289248633,0.000897164893273999
24.98645,45.3569,-0.002131759970041,45.3596212196853,0.000589459715294581
24.99781,45.3576,-0.00143175997004619,45.359361627881,0.000329867910915574
25.00913,45.35798,-0.00105175997004636,45.3591412307253,0.000109470755221175
25.02044,45.36225,0.00321824002995896,45.3589521998333,-7.95601367067018e-05
25.03175,45.36222,0.00318824002995655,45.3587916712041,-0.000240088765989286
25.0431,45.36676,0.0077282400299552,45.3586645360092,-0.000367223960838894
25.05442,45.35571,-0.00332175997004214,45.3585841949944,-0.000447564975611927
25.06576,45.35606,-0.00297175997004473,45.3585708598328,-0.000460900137213946
25.0771,45.35375,-0.0052817599700461,45.3586477773121,-0.000383982657991896
25.08842,45.35976,0.000728240029957306,45.3588363773544,-0.000195382615642669
25.09976,45.35909,5.82400299578012e-05,45.359151458686,0.000119698715945186
25.1111,45.3653,0.00626824002995363,45.3595971725346,0.000565412564587352
25.12242,45.36102,0.00198824002995934,45.3601641272071,0.00113236723710773
25.13374,45.35337,-0.00566175997004592,45.3608277838563,0.00179602388626826
25.14505,45.35503,-0.00400175997004482,45.3615484939765,0.00251673400645919
25.15637,45.3647,0.00566824002995503,45.3622737147111,0.00324195474101918
25.16768,45.36507,0.00603824002995879,45.3629427204428,0.0039109604727919
25.179,45.3594,0.000368240029956723,45.3634934736202,0.0044617136501523
25.19034,45.37277,0.0137382400299586,45.3638706242934,0.00483886432340358
25.20164,45.36445,0.00541824002995384,45.3640332622672,0.00500150229711183
25.21298,45.36132,0.00228824002995509,45.3639611160163,0.00492935604628167
25.22427,45.36362,0.00458824002995328,45.3636582539074,0.00462649393731587
25.2356,45.36875,0.00971824002995447,45.36315380446,0.00412204448999782
25.24693,45.36288,0.00384824002995288,45.3624995724199,0.00346781244988111
25.25827,45.36502,0.00598824002995713,45.3617646661662,0.00273290619611747
25.26962,45.36265,0.00361824002995803,45.3610275587035,0.00199579873344034
25.28093,45.35254,-0.00649175997004647,45.3603664926692,0.00133473269911245
25.29226,45.35579,-0.00324175997004517,45.3598496650178,0.000817905047775349
25.30357,45.35857,-0.000461759970043829,45.3595268913726,0.000495131402558738
25.31489,45.35736,-0.00167175997004421,45.3594242194399,0.00039245946986445
25.32621,45.35946,0.000428240029954452,45.359542272754,0.000510512783985461
25.33754,45.35942,0.000388240029955966,45.3598582697813,0.000826509811245401
25.34887,45.36297,0.00393824002995302,45.3603309883682,0.00129922839815201
25.3602,45.36096,0.00192824002995451,45.3609075417435,0.00187578177340728
25.37154,45.36557,0.00653824002995407,45.3615306847332,0.00249892476312743
25.38287,45.36489,0.00585824002995849,45.362145455984,0.00311369601397883
25.39417,45.36433,0.00529824002995838,45.3627042688661,0.00367250889608942
25.40552,45.35463,-0.00440175997004388,45.3631700502633,0.00413829029330646
25.41686,45.36522,0.00618824002995666,45.3635175618837,0.00448580191369272
25.42816,45.36923,0.0101982400299576,45.3637333800804,0.00470162011040595
25.43951,45.36315,0.00411824002995331,45.3638150062155,0.00478324624547969
25.45086,45.35947,0.000438240029957626,45.3637694065349,0.0047376465648267
25.46219,45.36173,0.00269824002995733,45.3636112425602,0.00457948259015803
25.47353,45.3613,0.00226824002995585,45.3633611428573,0.00432938288730189
25.48486,45.36784,0.00880824002995695,45.3630442981098,0.0040125381397853
25.49619,45.36256,0.00352824002995789,45.3626893282431,0.00365756827302373
25.50753,45.36504,0.00600824002995637,45.3623270143395,0.00329525436948812
25.51884,45.3664,0.00736824002995462,45.3619884017506,0.00295664178055548
25.53015,45.357,-0.00203175997004479,45.3617020348874,0.00267027491739109
25.54148,45.36209,0.00305824002995791,45.3614905453976,0.00245878542752859
25.5528,45.36114,0.0021082400299548,45.3613672740902,0.00233551412017224
25.56416,45.35195,-0.0070817599700419,45.361333865257,0.0023021052869071
25.57549,45.3575,-0.0015317599700424,45.3613797127343,0.00234795276427613
25.58684,45.37136,0.0123282400299587,45.3614837284209,0.00245196845083341
25.59818,45.36174,0.0027082400299534,45.3616182124895,0.00258645251947789
25.60949,45.35882,-0.000211759970042635,45.3617539155644,0.0027221555943633
25.62084,45.36881,0.00977824002995931,45.3618650944923,0.00283333452223222
25.63218,45.36194,0.00290824002995294,45.3619335719281,0.00290181195808036
25.6435,45.35632,-0.00271175997004747,45.3619512507574,0.00291949078735301
25.65482,45.36277,0.00373824002995349,45.3619209534915,0.00288919352144757
25.66617,45.36202,0.00298824002995701,45.3618557307663,0.00282397079622151
25.6775,45.37396,0.0149282400299526,45.3617768268924,0.00274506692234894
25.68884,45.35558,-0.00345175997004077,45.3617104035722,0.00267864360216872
25.70017,45.35974,0.000708240029958063,45.361683228352,0.00265146838195953
25.71149,45.35417,-0.00486175997004068,45.3617179682057,0.00268620823565766
25.7228,45.36413,0.00509824002995884,45.3618291505017,0.00279739053161309
25.73413,45.3594,0.000368240029956723,45.3620208037559,0.00298904378586318
25.74546,45.3606,0.00156824002995393,45.3622862240705,0.00325446410045919
25.7568,45.37305,0.0140182400299551,45.3626095912219,0.00357783125189007
25.76812,45.36179,0.00275824002995506,45.3629686493043,0.0039368893342505
25.77946,45.36053,0.00149824002995302,45.3633375550962,0.00430579512617915
25.7908,45.36326,0.0042282400299527,45.3636892888921,0.00465752892202733
25.80213,45.36674,0.00770824002995596,45.3639974921877,0.00496573221761529
25.81344,45.36063,0.00159824002995634,45.3642379093319,0.00520614936181897
25.82476,45.36494,0.00590824002995305,45.3643896520345,0.00535789206449115
25.8361,45.36544,0.00640824002995544,45.3644364174343,0.00540465746422891
25.84742,45.36448,0.00544824002995625,45.3643676938219,0.00533593385186382
25.85877,45.36033,0.00129824002995349,45.3641799019111,0.00514814194101969
25.8701,45.36613,0.00709824002995418,45.363877351416,0.00484559144593172
25.8814,45.36409,0.00505824002995325,45.3634728255096,0.00444106553955967
25.89271,45.36649,0.00745824002995477,45.3629875063086,0.00395574633857177
25.90406,45.36683,0.0077982400299561,45.3624498904466,0.00341813047658032
25.91535,45.35568,-0.00335175997004455,45.3618934701203,0.00286171015023044
25.92669,45.36339,0.00435824002995844,45.3613533216302,0.00232156166020021
25.93803,45.3568,-0.00223175997004432,45.3608621770301,0.00183041706003176
25.94937,45.35893,-0.000101759970043247,45.3604467838125,0.0014150238424633
25.9607,45.36138,0.00234824002995282,45.3601252534967,0.00109349352664819
25.97202,45.36182,0.00278824002995748,45.3599057579559,0.000873997985846348
25.98335,45.35625,-0.00278175997004126,45.3597865556115,0.000754795641464634
25.99469,45.36256,0.00352824002995789,45.3597570846051,0.000725324635049429
26.00604,45.36092,0.00188824002995602,45.3597997843898,0.00076802441971549
26.01739,45.35947,0.000438240029957626,45.359892329435,0.000860569464935825
26.02872,45.35706,-0.00197175997004706,45.360010025121,0.000978265150968995
26.04003,45.3606,0.00156824002995393,45.3601282123953,0.00109645242526983
26.05136,45.36389,0.00485824002995372,45.3602245870623,0.00119282709227842
26.06271,45.35645,-0.00258175997004173,45.3602812943992,0.00124953442920129
26.07406,45.36453,0.00549824002995791,45.3602865751304,0.00125481516035041
26.08539,45.3578,-0.00123175997004665,45.3602357357919,0.00120397582180615
26.09672,45.36252,0.0034882400299594,45.3601313100015,0.0010995500314406
26.10806,45.36028,0.00124824002995894,45.3599824032807,0.000950643310641049
26.11941,45.36139,0.00235824002995599,45.3598033460072,0.000771586037160189
26.13073,45.35426,-0.00477175997004764,45.359611931501,0.000580171531002559
26.14207,45.35549,-0.00354175997004091,45.3594276663521,0.000395906382057789
26.15339,45.3601,0.00106824002995864,45.35927048732,0.000238727349970964
26.16473,45.36193,0.00289824002995687,45.3591601567499,0.000128396779851798
26.17609,45.3616,0.0025682400299587,45.3591160734852,8.43135151474494e-05
26.18741,45.36527,0.00623824002995832,45.3591568240458,0.000125064075763846
26.1987,45.35696,-0.00207175997004327,45.3592987680691,0.000267008099092041
26.21003,45.36286,0.00382824002995363,45.3595533725177,0.000521612547679868
26.22136,45.35259,-0.00644175997004481,45.3599236790884,0.000891919118357634
26.23266,45.35628,-0.00275175997004595,45.3604008877056,0.00136912773554719
26.244,45.36108,0.00204824002995707,45.3609622780329,0.00193051806281605
26.25532,45.36409,0.00505824002995325,45.3615714407445,0.00253968077446429
26.26667,45.35459,-0.00444175997004237,45.3621811796889,0.00314941971887923
26.27802,45.36165,0.00261824002995326,45.3627387843251,0.00370702435506953
26.28932,45.37292,0.0138882400299565,45.3631928520985,0.00416109212847733
26.30066,45.36661,0.00757824002995733,45.3635004431507,0.00446868318066805
26.312,45.36609,0.0070582400299557,45.3636331430501,0.00460138308009334
26.32332,45.35736,-0.00167175997004421,45.3635808407216,0.00454908075152131
26.33464,45.36327,0.00423824002995588,45.3633527089713,0.00432094900122604
26.34596,45.36901,0.00997824002995884,45.3629755790554,0.0039438190853368
26.35729,45.36165,0.00261824002995326,45.3624902283189,0.00345846834890309
26.36862,45.36295,0.00391824002995378,45.3619461268204,0.00291436685036219
26.37996,45.35816,-0.000871759970046071,45.361395263852,0.00236350388192191
26.39129,45.35688,-0.00215175997004735,45.3608859136441,0.00185415367401388
26.4026,45.3583,-0.000731759970044266,45.3604573758771,0.00142561590705093
26.41388,45.35907,3.82400299585584e-05,45.3601365881443,0.00110482817430818
26.4252,45.36057,0.00153824002995862,45.3599370272804,0.000905267310400042
26.43654,45.36639,0.00735824002995855,45.3598596882687,0.000827928298706832
26.44786,45.35794,-0.00109175997004485,45.3598954357985,0.000863675828446729
26.45922,45.36191,0.00287824002995762,45.3600278832898,0.000996123319726619
26.47056,45.35549,-0.00354175997004091,45.3602361844949,0.00120442452489118
26.4819,45.36358,0.0045482400299548,45.3604975060569,0.00146574608687722
26.49326,45.36073,0.00169824002995256,45.360789204692,0.00175744472193731
26.50459,45.357,-0.00203175997004479,45.361090760114,0.00205900014398118
26.51594,45.36444,0.00540824002995777,45.3613854190173,0.00235365904723249
26.5273,45.36263,0.00359824002995879,45.3616613970787,0.00262963710869471
26.53863,45.36531,0.00627824002995681,45.3619123941922,0.00288063422218174
26.54996,45.3652,0.00616824002995742,45.3621371660638,0.00310540609373539
26.56129,45.35822,-0.000811759970041237,45.3623380846113,0.0033063246412934
26.57262,45.3541,-0.00493175997004158,45.3625190158601,0.0034872558900194
26.58393,45.36538,0.00634824002995771,45.3626832126426,0.00365145267259324
26.59526,45.36339,0.00435824002995844,45.3628319280911,0.00380016812103778
26.60661,45.36876,0.00972824002995765,45.3629640213939,0.00393226142380724
26.61794,45.36481,0.00577824002995442,45.3630762889113,0.00404452894122832
26.62926,45.35378,-0.00525175997004368,45.3631640651775,0.0041323052074177
26.6406,45.36627,0.00723824002995599,45.3632218855039,0.00419012553389213
26.65195,45.36089,0.00185824002995361,45.3632443277805,0.00421256781044155
26.66327,45.36468,0.00564824002995579,45.3632271698887,0.00419540991868385
26.6746,45.36614,0.00710824002995736,45.3631687021876,0.00413694221756612
26.68593,45.36518,0.00614824002995817,45.3630707255497,0.00403896557966359
26.69729,45.36339,0.00435824002995844,45.3629387048084,0.00390694483830298
26.70862,45.36742,0.00838824002995864,45.3627807837051,0.00374902373509601
26.71996,45.35494,-0.00409175997004496,45.3626058042717,0.00357404430167117
26.7313,45.35881,-0.000221759970045809,45.3624209438859,0.00338918391587289
26.74262,45.35886,-0.00017175997004415,45.3622298627639,0.00319810279383322
26.75396,45.36687,0.00783824002995459,45.362032125106,0.0030003651359795
26.76529,45.36121,0.0021782400299557,45.3618241061089,0.00279234613888177
26.77663,45.36649,0.00745824002995477,45.3616009398597,0.00256917988964036
26.78797,45.3587,-0.000331759970045198,45.3613587069751,0.00232694700502083
26.79933,45.36536,0.00632824002995847,45.3610961459334,0.00206438596339386
26.81067,45.35513,-0.0039017599700415,45.3608155279741,0.00178376800407428
26.82199,45.3625,0.00346824002995305,45.3605227077323,0.00149094776222653
26.83334,45.361,0.00196824002995299,45.3602265831284,0.00119482315834912
26.84466,45.35994,0.000908240029957597,45.35993823043,0.000906470459946411
26.856,45.35908,4.82400299546271e-05,45.3596699109824,0.000638151012368619
26.86735,45.36041,0.00137824002995757,45.3594341051709,0.000402345200849707
26.87868,45.35464,-0.00439175997004071,45.3592427553787,0.000210995408674562
26.89004,45.36187,0.00283824002995914,45.3591069192238,7.51592537329673e-05
26.90136,45.35384,-0.00519175997004595,45.3590369612341,5.20126407624883e-06
26.9127,45.36363,0.00459824002995646,45.3590432205699,1.14605998695205e-05
26.92402,45.36213,0.0030982400299564,45.3591368355657,0.000105075595708182
26.93536,45.35398,-0.00505175997004415,45.3593302023273,0.000298442357209833
26.94671,45.36802,0.00898824002995724,45.3596365178062,0.000604757836149647
26.95805,45.36216,0.00312824002995882,45.3600680315114,0.0010362715413924
26.96935,45.3623,0.00326824002995352,45.3606329498903,0.00160118992029558
26.98067,45.35273,-0.00630175997004301,45.3613313927497,0.0022996327796568
26.99202,45.36406,0.00502824002995794,45.3621513484257,0.00311958845568805
27.00338,45.35113,-0.00790175997004638,45.3630659584975,0.00403419852746901
27.01469,45.36542,0.00638824002995619,45.3640333603056,0.0050016003356011
27.02601,45.36546,0.00642824002995468,45.3649996534006,0.0059678934305145
27.03734,45.37416,0.0151282400299593,45.3659045764308,0.00687281646075652
27.04864,45.36777,0.00873824002995605,45.3666886082666,0.00765684829653311
27.05993,45.3688,0.00976824002995613,45.3672998587062,0.0082680987361663
27.07126,45.36997,0.010938240029958,45.3676994310256,0.00866767105554716
27.08258,45.36144,0.00240824002995765,45.3678646654114,0.00883290544135784
27.09393,45.36682,0.00778824002995293,45.367790379436,0.00875861946592773
27.10526,45.36797,0.00893824002995558,45.3674885962612,0.00845683629113578
27.11659,45.37008,0.0110482400299574,45.3669872071205,0.00795544715048745
27.12792,45.3712,0.0121682400299576,45.3663277133649,0.00729595339484411
27.13921,45.3588,-0.000231759970041878,45.365561968404,0.00653020843392802
27.15054,45.36341,0.00437824002995768,45.3647479202216,0.00571616025157193
27.16187,45.37128,0.0122482400299546,45.36394462615,0.0049128661799069
27.1732,45.36324,0.00420824002995346,45.3632069826861,0.00417522271608138
27.18454,45.36219,0.00315824002995413,45.3625806343178,0.00354887434774689
27.19588,45.35406,-0.00497175997004717,45.3620976238037,0.00306586383364499
27.20722,45.3558,-0.00323175997004199,45.3617735785954,0.00274181862535033
27.21855,45.36242,0.00338824002995608,45.3616072637039,0.00257550373380527
27.22987,45.36612,0.00708824002995811,45.3615828448653,0.00255108489522764
27.24121,45.36437,0.00533824002995686,45.3616743302599,0.00264257028988933
27.25251,45.36451,0.00547824002995867,45.3618509195338,0.00281915956374441
27.26386,45.36529,0.00625824002995756,45.3620818225941,0.0030500626240174
27.2752,45.36528,0.00624824002995439,45.3623395327519,0.00330777278188122
27.28655,45.35654,-0.00249175997004158,45.3626012685251,0.00356950855501702
27.29789,45.35477,-0.00426175997004208,45.3628490327286,0.0038172727585397
27.3092,45.36473,0.00569824002995745,45.3630691956045,0.00403743563443443
27.32052,45.36475,0.00571824002995669,45.3632524377144,0.00422067774437926
27.33185,45.36679,0.00775824002995762,45.3633943005335,0.00436254056342783
27.34317,45.36517,0.006138240029955,45.3634959017123,0.00446414174225861
27.3545,45.36639,0.00735824002995855,45.3635640607619,0.00453230079187139
27.36584,45.3593,0.000268240029953404,45.3636102797063,0.00457851973628209
27.37719,45.36621,0.00717824002995826,45.3636485035919,0.00461674362184015
27.38854,45.36815,0.00911824002995587,45.363692042714,0.00466028274395175
27.39988,45.35534,-0.00369175997004589,45.3637503210278,0.00471856105779848
27.41122,45.3575,-0.0015317599700424,45.3638262540862,0.00479449411615568
27.42254,45.36779,0.00875824002995529,45.3639150612342,0.00488330126410643
27.43388,45.36377,0.00473824002995826,45.3640050337811,0.00497327381102038
27.44521,45.36201,0.00297824002995384,45.3640801795367,0.00504841956666776
27.45655,45.3671,0.00806824002995654,45.3641240329056,0.00509227293553017
27.46788,45.37389,0.0148582400299588,45.3641235714251,0.00509181145504143
27.47924,45.35957,0.00053824002995384,45.3640721813987,0.00504042142864594
27.49058,45.36509,0.00605824002995803,45.3639709403268,0.00493918035676633
27.5019,45.35831,-0.000721759970041091,45.3638280698737,0.00479630990369977
27.51322,45.36495,0.00591824002995622,45.3636569946729,0.00462523470281642
27.52455,45.36867,0.0096382400299575,45.3634736855523,0.00444192558225937
27.53588,45.36173,0.00269824002995733,45.3632938436942,0.00426208372419726
27.54721,45.36262,0.00358824002995561,45.3631303028849,0.00409854291488869
27.55853,45.35432,-0.00471175997004281,45.3629910500627,0.00395929009265325
27.56985,45.36334,0.00430824002995678,45.3628783907496,0.00384663077957481
27.58116,45.35956,0.000528240029957772,45.3627896805314,0.00375792056137304
27.5925,45.37074,0.0117082400299537,45.3627195358812,0.0036877759111946
27.60383,45.36608,0.00704824002995252,45.3626627434258,0.00363098345570817
27.61516,45.36378,0.00474824002995433,45.3626166454978,0.00358488552772497
27.62647,45.37023,0.0111982400299553,45.3625819037839,0.00355014381389306
27.63779,45.35695,-0.00208175997004645,45.3625612038208,0.00352944385076645
27.64914,45.35426,-0.00477175997004764,45.3625563606577,0.00352460068763693
27.66046,45.3672,0.00816824002995276,45.3625650327675,0.00353327279747135
27.67182,45.35187,-0.00716175997004598,45.3625785109808,0.00354675101071781
27.68317,45.36134,0.00230824002995433,45.3625817004216,0.00354994045159649
27.69453,45.36579,0.00675824002995284,45.3625556297999,0.00352386982985366
27.7059,45.36486,0.00582824002995608,45.3624819006801,0.00345014071007612
27.71722,45.37225,0.013218240029957,45.3623477117055,0.00331595173547263
27.72855,45.36707,0.00803824002995412,45.3621497673399,0.00311800736989161
27.7399,45.35527,-0.0037617599700468,45.3618957412173,0.00286398124723529
27.75123,45.35931,0.000278240029956578,45.3616029162533,0.0025711562832989
27.76253,45.3595,0.000468240029952938,45.3612946824133,0.00226292244326613
27.77386,45.35863,-0.000401759970046101,45.3609961628157,0.00196440284567864
27.78521,45.36581,0.00677824002995919,45.3607301498159,0.00169838984589326
27.79654,45.35818,-0.000851759970046828,45.3605140498417,0.00148228987165474
27.80791,45.35917,0.000138240029954773,45.3603580969532,0.00132633698318755
27.81922,45.35523,-0.00380175997004528,45.3602649045938,0.00123314462380418
27.83057,45.3633,0.00426824002995829,45.3602303665672,0.00119860659715705
27.84192,45.35804,-0.000991759970041528,45.3602457572146,0.00121399724452082
27.85326,45.36794,0.00890824002995316,45.3603005537911,0.00126879382109751
27.86462,45.36231,0.00327824002995669,45.3603852050042,0.00135344503417321
27.87594,45.35899,-4.17599700455185e-05,45.3604930590876,0.00146129911757928
27.88728,45.35609,-0.00294175997004231,45.3606210262313,0.00158926626122954
27.8986,45.36044,0.00140824002995288,45.3607690815072,0.00173732153716699
27.90994,45.36664,0.00760824002995264,45.3609390567068,0.00190729673671771
27.92124,45.35852,-0.000511759970045489,45.3611331497178,0.00210138974776309
27.93256,45.35947,0.000438240029957626,45.3613523936344,0.00232063366432457
27.9439,45.36224,0.00320824002995579,45.3615952574906,0.00256349752056875
27.95525,45.36364,0.00460824002995253,45.3618566070214,0.00282484705136698
27.96659,45.35574,-0.00329175997004683,45.3621272646846,0.00309550471454666
27.97795,45.36759,0.00855824002995575,45.3623943144809,0.00336255451087129
27.9893,45.36098,0.00194824002995375,45.362642157669,0.00361039769891679
28.00065,45.36136,0.00232824002995358,45.3628541786631,0.00382241869308639
28.01199,45.36378,0.00474824002995433,45.3630147558828,0.00398299591272833
28.0233,45.36521,0.00617824002995349,45.3631112783769,0.00407951840689809
28.03464,45.367,0.00796824002995322,45.3631357951683,0.00410403519830312
28.04595,45.36275,0.00371824002995425,45.3630859578882,0.00405419791818632
28.05727,45.3564,-0.00263175997004339,45.3629651090536,0.00393334908351212
28.0686,45.36145,0.00241824002995372,45.3627816893819,0.00374992941187789
28.0799,45.36745,0.00841824002995395,45.362548342953,0.00351658298293502
28.09125,45.3636,0.00456824002995404,45.3622809805293,0.00324922055930381
28.10259,45.36382,0.00478824002995282,45.3619977571705,0.00296599720044276
28.1139,45.35793,-0.00110175997004092,45.361717794202,0.0026860342319128
28.12522,45.35928,0.000248240029954161,45.3614596709946,0.00242791102455349
28.13655,45.36404,0.0050082400299587,45.3612399947721,0.00220823480203876
28.14788,45.35304,-0.00599175997004409,45.3610724253429,0.00204066537285985
28.15921,45.37036,0.0113282400299539,45.3609673269314,0.0019355669613475
28.17056,45.35865,-0.000381759970046858,45.3609318976868,0.00190013771677545
28.1819,45.36382,0.00478824002995282,45.3609703880608,0.00193862809073784
28.19325,45.36062,0.00158824002995317,45.3610840076807,0.00205224771067922
28.2046,45.36019,0.00115824002995879,45.3612703527313,0.00223859276126108
28.21591,45.3606,0.00156824002995393,45.3615225130672,0.00249075309716257
28.22722,45.35974,0.000708240029958063,45.3618282456925,0.00279648572240773
28.23854,45.36351,0.00447824002995389,45.3621696326024,0.00313787263236355
28.24988,45.36414,0.00510824002995491,45.3625235001948,0.00349174022471722
28.2612,45.35962,0.0005882400299555,45.3628626722292,0.00383091225912847
28.27254,45.36352,0.00448824002995707,45.3631579812436,0.00412622127355101
28.28387,45.36144,0.00240824002995765,45.3633809004672,0.00434914049720619
28.29519,45.36508,0.00604824002995485,45.363506588001,0.00447482803091023
28.30651,45.36709,0.00805824002995337,45.3635169876722,0.00448522770218332
28.31785,45.36192,0.00288824002995369,45.3634034776777,0.00437171770764253
28.3292,45.36365,0.0046182400299557,45.3631685413111,0.00413678134102812
28.34052,45.36603,0.00699824002995797,45.3628261015955,0.00379434162549075
28.35186,45.35792,-0.00111175997004409,45.3624004192606,0.0033686592905173
28.36318,45.36846,0.00942824002995479,45.3619236863728,0.00289192640278782
28.37454,45.35705,-0.00198175997004313,45.361432626766,0.00240086679592176
28.38588,45.36127,0.00223824002995343,45.3609645647793,0.00193280480924874
28.39721,45.35452,-0.00451175997004327,45.3605535451326,0.00152178516250629
28.40854,45.36486,0.00582824002995608,45.360227106714,0.00119534674392378
28.41987,45.36049,0.00145824002995454,45.360004143886,0.000972383915940308
28.43122,45.35876,-0.000271759970047469,45.3598939830878,0.000862223117715171
28.44257,45.35912,8.82400299531128e-05,45.3598965647679,0.000864804797810407
28.4539,45.35596,-0.00307175997004094,45.3600035676978,0.000971807727741974
28.46526,45.36283,0.00379824002995832,45.3602003210542,0.00116856108417104
28.47658,45.36617,0.00713824002995267,45.3604682396542,0.00143647968417752
28.4879,45.35736,-0.00167175997004421,45.3607873162537,0.00175555628366159
28.49924,45.36423,0.00519824002995506,45.3611381311944,0.00210637122432792
28.51058,45.36173,0.00269824002995733,45.3615030321211,0.00247127215105519
28.52191,45.35823,-0.000801759970045168,45.3618664856761,0.00283472570604979
28.53325,45.36258,0.00354824002995713,45.3622148996866,0.00318313971660357
28.5446,45.3597,0.000668240029952472,45.3625363372279,0.00350457725780879
28.55596,45.36546,0.00642824002995468,45.3628204648643,0.00378870489429464
28.5673,45.36274,0.00370824002995818,45.3630588415877,0.00402708161762807
28.57864,45.36464,0.0056082400299573,45.3632453957878,0.00421363581770568
28.58998,45.36721,0.00817824002995593,45.3633768048493,0.00434504487925659
28.60133,45.36069,0.00165824002995407,45.363452553757,0.00442079378694023
28.61264,45.35767,-0.00136175997004528,45.3634746714245,0.00444291145447226
28.62397,45.36474,0.00570824002995352,45.3634473883995,0.00441562842949409
28.63531,45.36779,0.00875824002995529,45.3633770179985,0.00434525802842687
28.64665,45.35841,-0.000621759970044877,45.3632721459362,0.00424038596617827
28.65798,45.36559,0.00655824002995331,45.3631439029894,0.00411214301934139
28.66934,45.36549,0.0064582400299571,45.3630059343265,0.00397417435645794
28.68068,45.3687,0.00966824002995281,45.3628737036931,0.00384194372303566
28.692,45.3595,0.000468240029952938,45.3627629280618,0.00373116809178506
28.70335,45.35661,-0.00242175997004068,45.3626872639482,0.00365550397813452
28.71468,45.35811,-0.000921759970040625,45.3626557973386,0.00362403736853288
28.72601,45.3699,0.0108682400299571,45.362671107178,0.00363934720795019
28.73733,45.36665,0.00761824002995581,45.3627284271889,0.00369666721881983
28.74867,45.35539,-0.00364175997004423,45.3628159366866,0.00378417671659719
28.75998,45.36134,0.00230824002995433,45.3629159402035,0.00388418023345873
28.77132,45.36436,0.00532824002995369,45.3630067630665,0.00397500309646828
28.78266,45.36482,0.00578824002995759,45.3630652479012,0.00403348793117092
28.79402,45.36592,0.00688824002995858,45.3630695466641,0.00403778669406682
28.80533,45.36183,0.00279824002995355,45.3630016655187,0.00396990554870285
28.81669,45.36415,0.00511824002995809,45.3628492277115,0.00381746774145867
28.82804,45.36304,0.00400824002995392,45.3626061789491,0.00357441897903043
28.83936,45.36362,0.00458824002995328,45.3622724789824,0.00324071901239212
28.85067,45.35509,-0.00394175997004709,45.3618530696689,0.00282130969885912
28.862,45.35987,0.000838240029956694,45.3613565490434,0.00232478907338566
28.87335,45.36578,0.00674824002995678,45.3607939526038,0.00176219263380629
28.88468,45.37012,0.0110882400299559,45.3601777997286,0.00114603975850715
28.89602,45.34862,-0.0104117599700473,45.3595212874568,0.000489527486703511
28.90734,45.35705,-0.00198175997004313,45.3588375448896,-0.000194215080398187
28.9187,45.35101,-0.00802175997004184,45.3581392096488,-0.000892550321239448
28.93004,45.36637,0.00733824002995931,45.3574387764978,-0.00159298347225754
28.94139,45.35832,-0.000711759970045023,45.3567498262454,-0.00228193372467181
28.95274,45.3532,-0.00583175997004304,45.3560886312257,-0.00294312874433558
28.96406,45.35679,-0.0022417599700475,45.3554753075889,-0.00355645238112633
28.97539,45.36199,0.0029582400299546,45.3549338197026,-0.00409794026745193
28.98676,45.35217,-0.00686175997004312,45.3544904865219,-0.00454127344818036
28.99809,45.35564,-0.00339175997004304,45.3541710026015,-0.00486075736857499
29.00944,45.34906,-0.00997175997004263,45.3539963979598,-0.00503536201027448
29.02078,45.35517,-0.00386175997004301,45.3539787785821,-0.00505298138797367
29.03212,45.34777,-0.0112617599700471,45.354117903274,-0.00491385669601933
29.04344,45.35592,-0.00311175997004653,45.3543995273608,-0.00463223260926306
29.05476,45.35268,-0.00635175997004467,45.3547960366401,-0.00423572332989902
29.06607,45.35461,-0.00442175997004313,45.3552693537263,-0.00376240624369782
29.07738,45.36077,0.00173824002995815,45.3557755720161,-0.00325618795390894
29.08873,45.35919,0.000158240029954015,45.3562703913673,-0.00276136860273305
29.1001,45.35755,-0.00148175997004074,45.356714310119,-0.00231744985101768
29.11145,45.35178,-0.00725175997004612,45.3570767375608,-0.00195502240919583
29.12279,45.36013,0.00109824002995396,45.3573386364977,-0.00169312347233414
29.13412,45.35624,-0.00279175997004444,45.3574937107597,-0.00153804921031715
29.14544,45.36206,0.0030282400299555,45.3575482954849,-0.00148346448514554
29.15677,45.35199,-0.00704175997004342,45.3575200519476,-0.00151170802242279
29.16811,45.3605,0.00146824002995771,45.357435530869,-0.00159622910104457
29.17942,45.35761,-0.00142175997004301,45.3573267256403,-0.00170503432976825
29.19077,45.36339,0.00435824002995844,45.3572268100754,-0.00180494989463553
29.20211,45.35835,-0.000681759970042606,45.3571653402533,-0.00186641971673905
29.21345,45.34734,-0.0116917599700415,45.3571634323383,-0.00186832763176247
29.22477,45.35038,-0.00865175997004286,45.3572298274986,-0.00180193247139128
29.23609,45.35535,-0.00368175997004272,45.3573590047237,-0.00167275524635405
29.24742,45.3643,0.00526824002995596,45.3575321777142,-0.00149958225584642
29.25873,45.35583,-0.00320175997004668,45.3577211013756,-0.00131065859448045
29.27006,45.36307,0.00403824002995634,45.3578936493089,-0.00113811066113336
29.2814,45.35971,0.000678240029955646,45.3580196694765,-0.00101209049351417
29.29274,45.35945,0.000418240029958383,45.3580757851891,-0.0009559747809266
29.30409,45.36077,0.00173824002995815,45.3580483309212,-0.000983429048888476
29.31542,45.34673,-0.0123017599700432,45.3579342335109,-0.00109752645909486
29.32674,45.3673,0.00826824002995608,45.3577401758284,-0.00129158414165158
29.33806,45.35092,-0.00811175997004199,45.3574806386631,-0.00155112130689658
29.34939,45.36006,0.00102824002995305,45.3571753562693,-0.00185640370078692
29.36073,45.35777,-0.00126175997004196,45.3568465028687,-0.00218525710135453
29.37206,45.36046,0.00142824002995923,45.3565157688983,-0.00251599107175583
29.38338,45.35262,-0.0064117599700424,45.3562014867761,-0.00283027319390149
29.39472,45.35415,-0.00488175997004703,45.3559161270855,-0.00311563288451461
29.40602,45.35201,-0.00702175997004417,45.3556647168323,-0.0033670431377202
29.41733,45.34807,-0.0109617599700442,45.3554448180367,-0.00358694193338159
29.42866,45.35953,0.000498240029955355,45.3552484381828,-0.00378332178727913
29.43999,45.36151,0.00247824002995856,45.3550656150912,-0.00396614487881071
29.45134,45.35844,-0.00059175997004246,45.3548886949239,-0.0041430650461454
29.46269,45.35541,-0.00362175997004499,45.3547159431433,-0.00431581682674001
29.47404,45.35325,-0.00578175997004138,45.3545533816637,-0.00447837830631583
29.48538,45.35027,-0.00876175997004225,45.35441446553,-0.00461729444006973
29.49672,45.35737,-0.00166175997004103,45.3543179126866,-0.0047138472834467
29.50808,45.3586,-0.000431759970041412,45.3542843231032,-0.00474743686684249
29.51943,45.34974,-0.00929175997004705,45.3543322084044,-0.00469955156569454
29.53073,45.35567,-0.00336175997004062,45.3544739955113,-0.0045577644587879
29.54204,45.35169,-0.00734175997004627,45.3547126486839,-0.00431911128616844
29.55337,45.34794,-0.0110917599700429,45.3550396554775,-0.00399210449255472
29.5647,45.35553,-0.00350175997004243,45.355435009104,-0.0035967508660778
29.57601,45.361,0.00196824002995299,45.355869387372,-0.0031623725980187
29.58732,45.35793,-0.00110175997004092,45.3563080841621,-0.00272367580794788
29.59863,45.35844,-0.00059175997004246,45.3567156998172,-0.00231606015282433
29.60996,45.35773,-0.00130175997004756,45.3570604616051,-0.00197129836491582
29.62131,45.3593,0.000268240029953404,45.3573173622555,-0.00171439771452512
29.63264,45.35371,-0.00532175997004458,45.3574698208319,-0.00156193913818708
29.64398,45.35608,-0.00295175997004549,45.3575100198765,-0.001521740093491
29.6553,45.35751,-0.00152175997004633,45.3574383186417,-0.00159344132836586
29.66662,45.36154,0.00250824002995387,45.3572621388486,-0.00176962112141176
29.67796,45.35559,-0.0034417599700447,45.3569945405193,-0.00203721945071435
29.6893,45.35374,-0.00529175997004216,45.3566525537423,-0.00237920622776397
29.70061,45.35471,-0.00432175997004691,45.3562553449265,-0.00277641504356825
29.71194,45.36307,0.00403824002995634,45.3558223728137,-0.00320938715635169
29.72328,45.35316,-0.00587175997004152,45.355371664804,-0.00366009516600169
29.7346,45.35257,-0.00646175997004406,45.3549182704458,-0.00411348952427526
29.74592,45.35244,-0.00659175997004269,45.3544730002391,-0.00455875973094335
29.75726,45.35301,-0.0060217599700465,45.354041695307,-0.00499006466301017
29.7686,45.35732,-0.00171175997004269,45.3536252626259,-0.00540649734410697
29.77994,45.35631,-0.00272175997004354,45.3532204796535,-0.00581128031651327
29.79129,45.34814,-0.0108917599700433,45.352821338126,-0.00621042184402931
29.80261,45.35096,-0.0080717599700435,45.3524206882885,-0.00661107168158478
29.81393,45.34934,-0.00969175997004612,45.3520121097632,-0.00701965020688669
29.82526,45.35772,-0.00131175997004362,45.3515919981287,-0.00743976184131914
29.8366,45.34747,-0.0115617599700428,45.351161666919,-0.0078700930510473
29.84792,45.35319,-0.00584175997004621,45.3507289858588,-0.00830277411127607
29.85929,45.35695,-0.00208175997004645,45.3503089606696,-0.00872279930042479
29.87063,45.34649,-0.0125417599700413,45.349922786824,-0.00910897314599747
29.88196,45.35173,-0.00730175997004068,45.3495952296205,-0.00943653034950398
29.89329,45.34782,-0.0112117599700454,45.3493506274447,-0.00968113252530744
29.90464,45.34795,-0.0110817599700468,45.3492082531056,-0.00982350686443972
29.91596,45.34373,-0.0153017599700433,45.3491780292582,-0.00985373071180402
29.92729,45.35072,-0.00831175997004152,45.349257589624,-0.00977417034602159
29.93862,45.34552,-0.0135117599700436,45.349431411048,-0.00960034892201407
29.94994,45.35262,-0.0064117599700424,45.3496722731453,-0.00935948682478082
29.96129,45.3505,-0.0085317599700474,45.3499447713184,-0.00908698865163147
29.97261,45.34914,-0.00989175997004565,45.3502101911967,-0.00882156877337244
29.98394,45.35334,-0.00569175997004123,45.3504318541079,-0.00859990586218845
29.9953,45.3521,-0.00693175997004403,45.3505800534088,-0.00845170656119884
30.00664,45.35313,-0.00590175997004394,45.3506358514362,-0.0083959085338389
30.01795,45.34518,-0.013851759970045,45.3505932576163,-0.00843850235370469
30.02928,45.3526,-0.00643175997004164,45.3504596289702,-0.00857213099981615
30.04062,45.35439,-0.0046417599700419,45.3502544148269,-0.00877734514314376
30.05196,45.34673,-0.0123017599700432,45.3500064987616,-0.00902526120842105
30.06327,45.35305,-0.00598175997004091,45.3497504326831,-0.00928132728695467
30.07462,45.34595,-0.0130817599700421,45.3495219612924,-0.00950979867760899
30.08591,45.34779,-0.0112417599700407,45.3493534083026,-0.00967835166747817
30.09723,45.35256,-0.00647175997004723,45.3492696019952,-0.00976215797488808
30.10855,45.34129,-0.0177417599700433,45.3492849623682,-0.00974679760188206
30.11986,45.35087,-0.00816175997004365,45.3494021752122,-0.00962958475788128
30.13118,45.35232,-0.00671175997004525,45.349612588815,-0.00941917115508364
30.1425,45.35361,-0.0054217599700408,45.3498981233984,-0.00913363657160236
30.15382,45.34332,-0.0157117599700456,45.3502341944689,-0.00879756550111024
30.16513,45.35207,-0.00696175997004644,45.3505930776127,-0.00843868235733488
30.17646,45.35781,-0.00122175997004348,45.3509472579508,-0.00808450201919992
30.1878,45.34885,-0.0101817599700453,45.3512724154256,-0.00775934454447193
30.19913,45.34961,-0.00942175997004568,45.3515497595234,-0.00748200044664817
30.21048,45.35138,-0.00765175997004519,45.3517675846569,-0.00726417531318026
30.22182,45.34619,-0.0128417599700441,45.351922139999,-0.00710961997107805
30.23316,45.35813,-0.000901759970041383,45.3520179571764,-0.00701380279360665
30.24446,45.35767,-0.00136175997004528,45.3520675577706,-0.00696420219948095
30.25582,45.34944,-0.0095917599700428,45.3520901832407,-0.00694157672932811
30.26716,45.35532,-0.00371175997004514,45.3521091804261,-0.0069225795439036
30.27847,45.34949,-0.00954175997004114,45.3521480490418,-0.006883710928288
30.2898,45.35413,-0.00490175997004627,45.3522256956906,-0.00680606427941161
30.30114,45.34879,-0.0102417599700431,45.3523518445686,-0.00667991540144685
30.31248,45.34586,-0.0131717599700423,45.3525237146929,-0.00650804527714135
30.32381,45.3503,-0.00873175997004694,45.3527249876195,-0.00630677235055577
30.33512,45.34953,-0.00950175997004266,45.3529277059644,-0.00610405400564726
30.34644,45.35854,-0.000491759970046246,45.3530970231947,-0.00593473677529713
30.35777,45.35969,0.000658240029956403,45.3531978358061,-0.00583392416394929
30.3691,45.3579,-0.00113175997004333,45.3532016591003,-0.00583010086969935
30.38043,45.35125,-0.00778175997004382,45.3530920371162,-0.00593972285383392
30.39176,45.34897,-0.0100617599700428,45.3528673717081,-0.00616438826192577
30.4031,45.35493,-0.00410175997004103,45.3525409552475,-0.00649080472251124
30.41445,45.35654,-0.00249175997004158,45.3521386779475,-0.00689308202253429
30.42578,45.3485,-0.0105317599700427,45.3516951402522,-0.00733661971785752
30.43712,45.34634,-0.0126917599700462,45.3512489440381,-0.00778281593195389
30.44847,45.34774,-0.0112917599700424,45.3508379978766,-0.00819376209342237
30.4598,45.35483,-0.00420175997004435,45.350495656141,-0.00853610382906068
30.47113,45.34853,-0.0105017599700474,45.3502482136658,-0.00878354630425662
30.48248,45.34692,-0.0121117599700469,45.3501137810607,-0.00891797890933191
30.49382,45.35429,-0.00474175997004522,45.3501021599025,-0.00892960006750543
30.50514,45.35461,-0.00442175997004313,45.3502151436744,-0.00881661629563662
30.51648,45.35518,-0.00385175997004694,45.3504466391305,-0.00858512083955656
30.5278,45.34875,-0.0102817599700415,45.3507821839026,-0.00824957606747651
30.53915,45.34568,-0.0133517599700426,45.3511979343794,-0.0078338255906733
30.55049,45.34346,-0.0155717599700438,45.351659854467,-0.00737190550300936
30.5618,45.3552,-0.00383175997004059,45.3521242047164,-0.00690755525364534
30.57312,45.3545,-0.00453175997004251,45.3525401728407,-0.00649158712929901
30.58443,45.34997,-0.0090617599700451,45.3528547322022,-0.00617702776786347
30.59576,45.35214,-0.00689175997004554,45.3530190538044,-0.00601270616568975
30.6071,45.35979,0.000758240029952617,45.3529953796188,-0.00603638035124673
30.61844,45.35578,-0.00325175997004123,45.3527631608301,-0.00626859913999319
30.62979,45.35048,-0.00855175997004665,45.35232335898,-0.0067084009900814
30.6411,45.34836,-0.0106717599700445,45.3517001313637,-0.00733162860637153
30.65243,45.35821,-0.000821759970044411,45.3509396285968,-0.00809213137321884
30.66374,45.34584,-0.0131917599700415,45.3501060740036,-0.00892568596642141
30.67509,45.3551,-0.00393175997004391,45.3492755229165,-0.0097562370535056
30.68642,45.3502,-0.00883175997004315,45.3485278499693,-0.0105039100007311
30.69772,45.33988,-0.0191517599700433,45.3479377652774,-0.0110939946926014
30.70905,45.34309,-0.0159417599700475,45.3475659971733,-0.0114657627967597
30.72039,45.35353,-0.00550175997004487,45.3474519787318,-0.0115797812381981
30.73172,45.34159,-0.0174417599700476,45.3476092050668,-0.0114225549032076
30.74305,45.34687,-0.0121617599700414,45.3480239199485,-0.0110078400215506
30.75438,45.3465,-0.0125317599700452,45.3486572259703,-0.0103745339997771
30.76571,45.34776,-0.0112717599700431,45.3494502522936,-0.00958150767643258
30.77706,45.35783,-0.00120175997004424,45.3503315755057,-0.00870018446439017
30.78839,45.35434,-0.00469175997004356,45.3512256545504,-0.00780610541960797
30.7997,45.35332,-0.00571175997004758,45.3520608231239,-0.00697093684614492
30.81104,45.34985,-0.00918175997004056,45.3527756029199,-0.00625615705011688
30.82236,45.35831,-0.000721759970041091,45.3533226992613,-0.00570906070873007
30.8337,45.35223,-0.0068017599700454,45.3536706973218,-0.0053610626481953
30.84502,45.34968,-0.00935175997004478,45.3538039340999,-0.005227825870115
30.85638,45.35164,-0.00739175997004082,45.3537212570197,-0.0053105029503161
30.86772,45.35392,-0.00511175997004187,45.3534344245647,-0.00559733540533803
30.87903,45.35125,-0.00778175997004382,45.3529667100126,-0.00606504995741652
30.89038,45.3542,-0.00483175997004537,45.3523518674955,-0.00667989247454541
30.90173,45.34758,-0.0114517599700434,45.3516331920716,-0.00739856789846085
30.91306,45.36424,0.00520824002995823,45.3508621118024,-0.00816964816766123
30.9244,45.34937,-0.0096617599700437,45.3500956518783,-0.00893610809173189
30.93574,45.35241,-0.0066217599700451,45.3493922980861,-0.00963946188393539
30.94708,45.34113,-0.0179017599700444,45.3488063554593,-0.0102254045107897
30.95842,45.34523,-0.0138017599700433,45.348381694936,-0.0106500650339966
30.96976,45.34093,-0.0181017599700439,45.3481463502227,-0.0108854097473901
30.98109,45.34889,-0.0101417599700468,45.3481093607948,-0.0109223991752228
30.99242,45.35285,-0.00618175997004755,45.3482605409171,-0.0107712190529134
31.00374,45.35283,-0.00620175997004679,45.3485728686041,-0.0104588913659336
31.01506,45.35398,-0.00505175997004415,45.3490064630888,-0.0100252968812717
31.02636,45.34247,-0.0165617599700454,45.3495130238528,-0.00951873611729669
31.0377,45.34868,-0.0103517599700425,45.3500400973906,-0.00899166257947643
31.04904,45.34439,-0.014641759970047,45.3505351737754,-0.00849658619467496
31.06037,45.35563,-0.00340175997004621,45.3509498749289,-0.00808188504117857
31.07169,45.3559,-0.00313175997004578,45.3512442072677,-0.00778755270233227
31.08303,45.35494,-0.00409175997004496,45.3513903210028,-0.00764143896724584
31.09434,45.35087,-0.00816175997004365,45.3513749562991,-0.00765680367090007
31.10568,45.34907,-0.00996175997004656,45.3512000282452,-0.00783173172487727
31.117,45.34693,-0.0121017599700437,45.350881418074,-0.0081503418960272
31.12832,45.35165,-0.00738175997004475,45.350446554664,-0.00858520530601907
31.13964,45.35238,-0.00665175997004752,45.3499314878736,-0.00910027209639875
31.15097,45.34698,-0.012051759970042,45.3493779290214,-0.00965383094869183
31.1623,45.35158,-0.00745175997004566,45.3488304516937,-0.0102013082763304
31.17364,45.34172,-0.0173117599700419,45.3483339235351,-0.010697836434979
31.18496,45.34621,-0.0128217599700449,45.3479312382198,-0.0111005217502846
31.19632,45.3563,-0.00273175997004671,45.3476613432435,-0.0113704167265647
31.20761,45.35107,-0.00796175997004411,45.3475573251678,-0.0114744348022166
31.21894,45.3521,-0.00693175997004403,45.3476441196569,-0.0113876403131263
31.23027,45.33401,-0.0250217599700449,45.3479356034768,-0.0110961564932092
31.2416,45.35143,-0.00760175997004353,45.3484314346988,-0.0106003252712371
31.25291,45.35103,-0.0080017599700426,45.3491145736987,-0.00991718627132665
31.26425,45.3467,-0.0123317599700457,45.3499504683045,-0.00908129166552796
31.27558,45.34643,-0.0126017599700461,45.3508884826958,-0.00814327727420053
31.28693,45.35223,-0.0068017599700454,45.3518656812008,-0.00716607876924284
31.29826,45.35269,-0.00634175997004149,45.3528126914841,-0.00621906848591133
31.30959,45.3614,0.00236824002995917,45.3536609596067,-0.00537080036330674
31.3209,45.35089,-0.0081417599700444,45.3543503204,-0.00468143957006684
31.33224,45.35139,-0.00764175997004202,45.3548356771012,-0.00419608286885427
31.34354,45.36635,0.00731824002995296,45.3550917848238,-0.00393997514628675
31.35486,45.35518,-0.00385175997004694,45.355115467787,-0.00391629218299687
31.36618,45.35229,-0.00674175997004056,45.3549249359341,-0.00410682403596781
31.37751,45.35608,-0.00295175997004549,45.354556298126,-0.00447546184401922
31.38881,45.34995,-0.00908175997004435,45.3540579147683,-0.00497384520175776
31.40015,45.35261,-0.00642175997004557,45.3534836490662,-0.00554811090381274
31.4115,45.35478,-0.00425175997004601,45.3528861512659,-0.00614560870411534
31.42284,45.35068,-0.00835175997004711,45.3523110982349,-0.00672066173509791
31.43418,45.34969,-0.00934175997004161,45.3517930090722,-0.00723875089787394
31.44553,45.34953,-0.00950175997004266,45.351353007786,-0.00767875218407672
31.45688,45.34983,-0.00920175997004691,45.3509986982777,-0.00803306169236215
31.46822,45.35268,-0.00635175997004467,45.3507260537177,-0.00830570625231776
31.47956,45.35391,-0.00512175997004505,45.3505228800397,-0.00850887993037226
31.49087,45.34673,-0.0123017599700432,45.3503731239108,-0.00865863605923894
31.50218,45.34941,-0.00962175997004522,45.3502612082281,-0.00877055174191733
31.51348,45.35799,-0.00104175997004319,45.35017567737,-0.00885608260004462
31.52481,45.35027,-0.00876175997004225,45.3501115790133,-0.00892018095671666
31.53615,45.34648,-0.0125517599700444,45.3500711704253,-0.00896058954471489
31.54748,45.35155,-0.00748175997004097,45.3500628226079,-0.00896893736215328
31.55881,45.35699,-0.00204175997004086,45.3500983830427,-0.00893337692731059
31.57016,45.34061,-0.018421759970046,45.3501895703115,-0.00884218965852589
31.58146,45.3496,-0.00943175997004175,45.3503441543574,-0.00868760561262206
31.5928,45.34841,-0.0106217599700429,45.3505627623906,-0.00846899757948312
31.60413,45.35371,-0.00532175997004458,45.3508370436842,-0.00819471628588854
31.61544,45.35132,-0.00771175997004292,45.3511495425582,-0.00788221741182283
31.62677,45.34811,-0.0109217599700457,45.3514751582991,-0.00755660167092594
31.6381,45.3571,-0.00193175997004147,45.3517837859276,-0.00724797404245611
31.64945,45.35055,-0.00848175997004574,45.3520436729113,-0.00698808705873767
31.6608,45.34954,-0.00949175997004659,45.3522250737966,-0.00680668617340093
31.67213,45.34867,-0.0103617599700456,45.3523038584107,-0.00672790155934463
31.68345,45.36251,0.00347824002995623,45.3522647639537,-0.00676699601634794
31.69478,45.35515,-0.00388175997004225,45.3521039112315,-0.00692784873857289
31.7061,45.34356,-0.0154717599700476,45.3518301504537,-0.00720160951634095
31.71744,45.34919,-0.009841759970044,45.351465002779,-0.0075667571910962
31.72878,45.35314,-0.00589175997004077,45.3510413525653,-0.0079904074046989
31.74011,45.35621,-0.00282175997004686,45.3506012182193,-0.00843054175076919
31.75144,45.34752,-0.0115117599700412,45.3501927326533,-0.0088390273167713
31.76276,45.351,-0.00803175997004502,45.3498662403297,-0.00916551964036289
31.7741,45.35361,-0.0054217599700408,45.3496694998593,-0.00936226011071756
31.78543,45.34673,-0.0123017599700432,45.3496423033149,-0.00938945665516511
31.79675,45.34556,-0.0134717599700451,45.3498111582767,-0.0092206016933752
31.80808,45.35074,-0.00829175997004228,45.3501849053829,-0.00884685458710838
31.81941,45.34673,-0.0123017599700432,45.3507521767638,-0.00827958320622873
31.83072,45.35004,-0.0089917599700442,45.3514813559656,-0.00755040400445359
31.84205,45.35442,-0.00461175997004659,45.3523232233744,-0.00670853659567837
31.85338,45.35546,-0.00357175997004333,45.3532159290537,-0.00581583091637121
31.86471,45.35466,-0.00437175997004147,45.3540915049593,-0.00494025501078707
31.87605,45.35524,-0.00379175997004211,45.354882950574,-0.00414880939604364
31.88737,45.35368,-0.005351759970047,45.3555310314474,-0.00350072852264989
31.8987,45.3576,-0.00143175997004619,45.355990183441,-0.00304157652909329
31.91005,45.3566,-0.00243175997004386,45.3562331237273,-0.0027986362427224
31.92134,45.35543,-0.00360175997004575,45.3562538556423,-0.00277790432779411
31.93268,45.35908,4.82400299546271e-05,45.3560687799479,-0.00296298002216053
31.94402,45.35415,-0.00488175997004703,45.3557156752781,-0.00331608469190025
31.95536,45.35731,-0.00172175997004587,45.3552504147961,-0.00378134517392678
31.96668,45.35486,-0.00417175997004193,45.3547414339064,-0.00429032606360816
31.97802,45.36835,0.0093182400299554,45.3542621512313,-0.00476960873870495
31.98935,45.3454,-0.0136317599700462,45.3538818336919,-0.00514992627814629
32.00066,45.34615,-0.0128817599700426,45.3536559009831,-0.00537585898691775
32.01196,45.35053,-0.00850175997004499,45.3536173127744,-0.00541444719568666
32.02327,45.34573,-0.0133017599700409,45.3537710359892,-0.00526072398082884
32.03459,45.35396,-0.00507175997004339,45.3540931974059,-0.00493856256415201
32.04593,45.35658,-0.0024517599700431,45.3545354309754,-0.00449632899459653
32.05727,45.3533,-0.00573175997004682,45.3550336136612,-0.00399814630882651
32.06859,45.36497,0.00593824002995547,45.3555191378008,-0.0035126221692334
32.07993,45.35961,0.000578240029959431,45.355930353647,-0.00310140632308356
32.09127,45.36022,0.0011882400299541,45.3562219026279,-0.00280985734218213
32.10259,45.35701,-0.00202175997004161,45.3563703050267,-0.00266145494338244
32.11391,45.35155,-0.00748175997004097,45.3563751859332,-0.00265657403680556
32.12523,45.35587,-0.00316175997004109,45.3562565724098,-0.00277518756022192
32.13658,45.35485,-0.00418175997004511,45.3560493908482,-0.0029823691218111
32.1479,45.35961,0.000578240029959431,45.3557964674741,-0.00323529249589698
32.15923,45.35462,-0.00441175997004706,45.355541141262,-0.00349061870808379
32.17057,45.35162,-0.00741175997004717,45.3553203627491,-0.00371139722097397
32.1819,45.35542,-0.00361175997004182,45.3551590720534,-0.0038726879166631
32.19322,45.34882,-0.0102117599700406,45.355066640239,-0.00396511973106601
32.20455,45.3521,-0.00693175997004403,45.3550359990058,-0.0039957609641924
32.21588,45.3625,0.00346824002995305,45.3550456561423,-0.00398610382772877
32.2272,45.35561,-0.00342175997004546,45.3550641834822,-0.0039675764878325
32.23853,45.35066,-0.00837175997004636,45.3550562320238,-0.00397552794622051
32.24987,45.35983,0.000798240029958208,45.3549889358295,-0.00404282414056655
32.26123,45.35539,-0.00364175997004423,45.3548377061795,-0.00419405379055896
32.27256,45.35537,-0.00366175997004348,45.3545906566673,-0.00444110330277058
32.28389,45.35578,-0.00325175997004123,45.3542511148682,-0.00478064510183492
32.29523,45.35631,-0.00272175997004354,45.3538379305853,-0.00519382938478367
32.30658,45.34888,-0.0101517599700429,45.3533836196634,-0.00564814030660742
32.31791,45.35113,-0.00790175997004638,45.3529307148633,-0.00610104510671984
32.32924,45.35179,-0.00724175997004295,45.3525269118841,-0.00650484808596789
32.34056,45.36,0.000968240029955325,45.3522195865782,-0.00681217339183808
32.35188,45.35594,-0.00309175997004729,45.3520500593388,-0.00698170063129523
32.36322,45.3457,-0.0133317599700433,45.3520478788965,-0.00698388107349799
32.37457,45.34325,-0.0157817599700465,45.3522256472296,-0.00680611274046871
32.3859,45.3552,-0.00383175997004059,45.3525753349997,-0.00645642497031717
32.39724,45.35454,-0.00449175997004403,45.3530671291235,-0.00596463084650013
32.4086,45.35257,-0.00646175997004406,45.3536513776013,-0.00538038236876033
32.41991,45.35118,-0.00785175997004472,45.3542634988162,-0.0047682611538743
32.43122,45.35439,-0.0046417599700419,45.3548312505769,-0.00420050939318193
32.44255,45.35408,-0.00495175997004083,45.3552835352704,-0.00374822469966209
32.45389,45.35853,-0.000501759970042315,45.3555597097544,-0.00347205021564671
32.46522,45.3618,0.00276824002995824,45.355618092895,-0.00341366707508822
32.47651,45.36015,0.0011182400299532,45.3554421998238,-0.00358956014620637
32.48782,45.3542,-0.00483175997004537,45.3550434224222,-0.00398833754781292
32.49915,45.35517,-0.00386175997004301,45.3544595049825,-0.00457225498751558
32.51047,45.35423,-0.00480175997004295,45.3537490461025,-0.0052827138675855
32.52181,45.35237,-0.00666175997004359,45.3529830520641,-0.00604870790597122
32.53315,45.35034,-0.00869175997004135,45.3522350564741,-0.0067967034959141
32.54447,45.34208,-0.0169517599700413,45.3515715092796,-0.00746025069044384
32.55578,45.34877,-0.0102617599700423,45.3510440594628,-0.0079877005072925
32.56712,45.35347,-0.0055617599700426,45.3506849333565,-0.0083468266135454
32.57846,45.35076,-0.00827175997004304,45.3505058200342,-0.0085259399358777
32.58979,45.35262,-0.0064117599700424,45.3504997674771,-0.00853199249292882
32.60115,45.35666,-0.00237175997004613,45.350644977203,-0.00838678276699426
32.61249,45.35178,-0.00725175997004612,45.3509092849456,-0.00812247502442224
32.62383,45.34838,-0.0106517599700453,45.3512544694861,-0.00777729048394621
32.63517,45.34499,-0.0140417599700413,45.3516401284578,-0.00739163151224931
32.64651,45.34851,-0.0105217599700467,45.3520273842727,-0.00700437569736295
32.65785,45.35747,-0.00156175997004482,45.3523827838651,-0.00664897610498284
32.66919,45.35568,-0.00335175997004455,45.3526823241636,-0.0063494358064572
32.68055,45.3572,-0.00183175997004525,45.3529149016619,-0.00611685830809994
32.69188,45.34877,-0.0102617599700423,45.353084169572,-0.00594759039809367
32.70323,45.36324,0.00420824002995346,45.353208020747,-0.00582373922300264
32.71457,45.3448,-0.0142317599700448,45.3533154965389,-0.00571626343116987
32.72589,45.35866,-0.000371759970043684,45.3534415265268,-0.0055902334432105
32.73721,45.35108,-0.00795175997004094,45.3536203661318,-0.00541139383822634
32.74852,45.35002,-0.00901175997004344,45.3538788783106,-0.00515288165943062
32.75985,45.3504,-0.00863175997004362,45.3542308806922,-0.00480087927789025
32.77116,45.35525,-0.00378175997004604,45.3546736246863,-0.00435813528370427
32.7825,45.35618,-0.00285175997004217,45.3551870721865,-0.00384468778357209
32.79382,45.3505,-0.0085317599700474,45.3557360655968,-0.00329569437325725
32.80515,45.36209,0.00305824002995791,45.3562749410141,-0.00275681895589365
32.81652,45.35599,-0.00304175997004563,45.3567537589686,-0.00227800100146345
32.82785,45.35694,-0.00209175997004252,45.3571251347087,-0.00190662526132717
32.83919,45.36083,0.00179824002995588,45.3573506247789,-0.00168113519113024
32.85052,45.35801,-0.00102175997004395,45.3574057613171,-0.00162599865294376
32.86182,45.36021,0.00117824002995803,45.3572830763507,-0.0017486836193783
32.87312,45.35353,-0.00550175997004487,45.356992784837,-0.00203897513306083
32.88446,45.35385,-0.00518175997004278,45.3565611661051,-0.00247059386497479
32.89578,45.36412,0.00508824002995567,45.356026995692,-0.00300476427805193
32.9071,45.35463,-0.00440175997004388,45.3554365198467,-0.0035952401233078
32.9184,45.35235,-0.00668175997004283,45.3548374999545,-0.0041942600155203
32.92971,45.35136,-0.00767175997004443,45.3542729794812,-0.00475878048885915
32.94104,45.35318,-0.00585175997004228,45.3537756485312,-0.0052561114388165
32.95238,45.34962,-0.00941175997004251,45.3533637541976,-0.00566800577247738
32.96373,45.35683,-0.00220175997004191,45.3530392596255,-0.00599250034455172
32.97507,45.35213,-0.00690175997004161,45.3527885029221,-0.00624325704794614
32.98641,45.35059,-0.00844175997004726,45.3525851866672,-0.00644657330282613
32.99775,45.34933,-0.00970175997004219,45.3523952845456,-0.00663647542441106
33.0091,45.34993,-0.00910175997004359,45.3521833351473,-0.00684842482277904
33.02043,45.35699,-0.00204175997004086,45.3519194211172,-0.00711233885287829
33.03175,45.35722,-0.00181175997004601,45.3515858145924,-0.00744594537765498
33.04308,45.35074,-0.00829175997004228,45.3511819874218,-0.00784977254823727
33.05441,45.35763,-0.00140175997004377,45.3507267486028,-0.00830501136728935
33.06573,45.3511,-0.0079317599700417,45.3502568034219,-0.00877495654813202
33.07706,45.34349,-0.0155417599700414,45.3498218591054,-0.00920990086468599
33.08835,45.34745,-0.0115817599700421,45.3494772378875,-0.00955452208256419
33.09967,45.35004,-0.0089917599700442,45.3492755162196,-0.00975624375045668
33.111,45.3496,-0.00943175997004175,45.3492587948469,-0.0097729651231173
33.12234,45.33924,-0.0197917599700475,45.3494528754794,-0.00957888449065948
33.13366,45.35404,-0.00499175997004642,45.3498641340322,-0.0091676259378379
33.14498,45.35053,-0.00850175997004499,45.3504793795515,-0.00855238041851594
33.1563,45.35038,-0.00865175997004286,45.3512684450968,-0.00776331487319868
33.16764,45.35596,-0.00307175997004094,45.3521887472699,-0.00684301270017833
33.17897,45.35609,-0.00294175997004231,45.3531907717009,-0.00584098826911491
33.19031,45.35143,-0.00760175997004353,45.3542234759599,-0.00480828401016861
33.20163,45.35885,-0.000181759970047324,45.3552388751448,-0.0037928848252437
33.21294,45.35279,-0.00624175997004528,45.3561954572745,-0.00283630269557843
33.22426,45.3577,-0.00133175997004287,45.3570604174224,-0.00197134254764578
33.2356,45.3577,-0.00133175997004287,45.3578108937467,-0.00122086622330751
33.24694,45.35724,-0.00179175997004677,45.3584344235553,-0.000597336414731845
33.25829,45.35838,-0.000651759970047294,45.3589287665298,-0.000102993440291379
33.26959,45.36086,0.00182824002995829,45.3593011252419,0.000269365271874828
33.28093,45.36796,0.00892824002995241,45.3595666806698,0.000534920699720864
33.29227,45.35513,-0.0039017599700415,45.3597463383972,0.000714578427174062
33.3036,45.35439,-0.0046417599700419,45.3598637709963,0.000832011026263677
33.31491,45.35659,-0.00244175997004703,45.3599422128454,0.000910452875370443
33.32622,45.36404,0.0050082400299587,45.3600016995072,0.000969939537112513
33.33754,45.35821,-0.000821759970044411,45.3600572410692,0.00102548109920355
33.34888,45.37156,0.0125282400299582,45.3601179008061,0.00108614083605595
33.3602,45.353,-0.00603175997004257,45.3601863746777,0.00115461470769647
33.37152,45.35927,0.000238240029958092,45.3602587456544,0.00122698568431695
33.38285,45.35559,-0.0034417599700447,45.3603245048848,0.00129274491478254
33.39418,45.36251,0.00347824002995623,45.3603672741029,0.00133551413289764
33.40552,45.36069,0.00165824002995407,45.3603666028146,0.00133484284458132
33.41684,45.35849,-0.0005417599700408,45.3603008123205,0.00126905235048012
33.42818,45.36668,0.00764824002995823,45.360150445246,0.0011186852759331
33.43951,45.35649,-0.00254175997004324,45.3599016900583,0.000869930088210702
33.45083,45.35778,-0.0012517599700459,45.3595492019149,0.000517441944888278
33.46214,45.36167,0.0026382400299525,45.3590979286129,6.61686428295453e-05
33.47346,45.35963,0.000598240029958674,45.3585637237459,-0.000468036224155318
33.48476,45.36242,0.00338824002995608,45.3579726023651,-0.00105915760497188
33.49612,45.35519,-0.00384175997004377,45.3573585613576,-0.00167319861242925
33.50746,45.35422,-0.00481175997004613,45.3567601061701,-0.00227165379990444
33.5188,45.35519,-0.00384175997004377,45.3562159710936,-0.00281578887645542
33.53014,45.35717,-0.00186175997004057,45.355760768123,-0.00327099184706575
33.54144,45.35315,-0.0058817599700447,45.3554212818141,-0.0036104781559297
33.55278,45.35511,-0.00392175997004074,45.3552139085113,-0.00381785145876424
33.5641,45.35311,-0.00592175997004318,45.3551434910049,-0.00388826896511755
33.57542,45.35841,-0.000621759970044877,45.3552035958546,-0.00382816411548208
33.58673,45.35123,-0.00780175997004307,45.3553780915298,-0.00365366844024653
33.59805,45.35876,-0.000271759970047469,45.3556437102738,-0.00338804969626136
33.60937,45.35731,-0.00172175997004587,45.3559731540414,-0.00305860592867076
33.6207,45.35417,-0.00486175997004068,45.3563382548844,-0.0026935050856839
33.63202,45.36065,0.00161824002995559,45.3567127304972,-0.0023190294728959
33.64333,45.36113,0.00209824002995873,45.3570741950417,-0.00195756492830176
33.65464,45.34673,-0.0123017599700432,45.3574052893702,-0.0016264705998784
33.66599,45.35991,0.00087824002995518,45.3576940481537,-0.00133771181639019
33.67734,45.3617,0.00266824002995492,45.3579337990787,-0.0010979608913097
33.68868,45.35681,-0.00222175997004115,45.3581228350699,-0.000908924900187783
33.70003,45.36389,0.00485824002995372,45.3582638799675,-0.000767880002525982
33.71135,45.34995,-0.00908175997004435,45.3583632704899,-0.00066848948012862
33.72269,45.35909,5.82400299578012e-05,45.3584299335419,-0.000601826428186379
33.73403,45.36013,0.00109824002995396,45.3584744419133,-0.000557318056751937
33.74538,45.35796,-0.0010717599700456,45.3585084235748,-0.000523336395267162
33.75673,45.35574,-0.00329175997004683,45.3585443782471,-0.000487381722939247
33.76804,45.36145,0.00241824002995372,45.3585957178129,-0.000436042157161223
33.77938,45.35903,-1.75997004703277e-06,45.3586767100797,-0.000355049890349444
33.79073,45.36285,0.00381824002995756,45.3588019406092,-0.000229819360823158
33.80205,45.36431,0.00527824002995914,45.3589849332395,-4.68267305549525e-05
33.81337,45.35445,-0.00458175997004417,45.3592358025207,0.000204042550649747
33.82469,45.35411,-0.00492175997004551,45.3595582883928,0.000526528422714561
33.83602,45.35711,-0.0019217599700454,45.359947047102,0.000915287131910941
33.84734,45.35778,-0.0012517599700459,45.3603862734527,0.00135451348269719
33.85868,45.36079,0.00175824002995739,45.3608503752792,0.00181861530912001
33.87002,45.36924,0.0102082400299537,45.361306662747,0.00227490277700219
33.88137,45.36221,0.00317824002995337,45.3617192756845,0.00268751571442087
33.89271,45.36423,0.00519824002995506,45.3620532412197,0.00302148124966805
33.90405,45.36073,0.00169824002995256,45.3622777686694,0.00324600869938728
33.91537,45.3585,-0.000531759970044732,45.3623684617653,0.00333670179524407
33.92671,45.35838,-0.000651759970047294,45.3623086728656,0.0032769128955139
33.93803,45.36984,0.0108082400299594,45.3620904213,0.00305866132992709
33.94938,45.35955,0.000518240029954598,45.3617151050115,0.00268334504147183
33.96074,45.36409,0.00505824002995325,45.3611939035992,0.00216214362919413
33.97205,45.35604,-0.00299175997004397,45.3605476338192,0.00151587384918895
33.98338,45.35843,-0.000601759970045634,45.3598059570629,0.000774197092809179
33.99471,45.36553,0.00649824002995558,45.3590060261662,-2.57338038530259e-05
34.00605,45.35431,-0.00472175997004598,45.3581906814007,-0.000841078569362247
34.01737,45.35322,-0.00581175997004379,45.3574062117749,-0.00162554819516456
34.02872,45.36335,0.00431824002995285,45.3566996458547,-0.00233211411531164
34.04004,45.36192,0.00288824002995369,45.356115535093,-0.00291622487708235
34.05138,45.35015,-0.00888175997004481,45.3556922087438,-0.00333955122622157
34.06271,45.36012,0.00108824002995789,45.3554576460892,-0.00357411388080489
34.07404,45.3452,-0.0138317599700457,45.3554255173832,-0.00360624258682888
34.08538,45.35225,-0.00678175997004615,45.355592352616,-0.00343940735407255
34.0967,45.35587,-0.00316175997004109,45.3559368343561,-0.0030949256139538
34.10804,45.35766,-0.00137175997004135,45.3564217309782,-0.00261002899188878
34.11937,45.36129,0.00225824002995267,45.3569981848159,-0.00203357515417949
34.13069,45.3588,-0.000231759970041878,45.357611359524,-0.00142040044599547
34.14202,45.36216,0.00312824002995882,45.3582061841673,-0.000825575802731556
34.15333,45.35876,-0.000271759970047469,45.3587321698913,-0.000299590078704726
34.16468,45.3555,-0.00353175997004485,45.3591468282005,0.000115068230475105
34.17603,45.35204,-0.00699175997004176,45.3594178116079,0.000386051637894641
34.18734,45.36371,0.00467824002995343,45.3595242458533,0.000492485883221629
34.19867,45.3653,0.00626824002995363,45.3594576360306,0.000425876060586426
34.21001,45.35789,-0.00114175997004651,45.3592223128045,0.000190552834412333
34.22134,45.35798,-0.00105175997004636,45.3588350554811,-0.000196704488927355
34.23267,45.35871,-0.000321759970042024,45.3583236002902,-0.000708159679794229
34.24402,45.35534,-0.00369175997004589,45.3577240817241,-0.00130767824598313
34.25534,45.35803,-0.0010017599700447,45.3570777104003,-0.00195404956974215
34.26666,45.36192,0.00288824002995369,45.3564270163674,-0.00260474360260566
34.27799,45.35627,-0.00276175997004202,45.3558119104356,-0.00321984953442694
34.28929,45.35039,-0.00864175997004679,45.355265851092,-0.00376590887807423
34.30062,45.34965,-0.0093817599700472,45.3548126369487,-0.00421912302137094
34.31192,45.35121,-0.00782175997004231,45.3544645834511,-0.00456717651896072
34.32322,45.35792,-0.00111175997004409,45.354222741437,-0.00480901853306938
34.33452,45.35408,-0.00495175997004083,45.3540792592361,-0.00495250073395912
34.34586,45.35435,-0.00468175997004749,45.3540212720942,-0.00501048787581153
34.35719,45.357,-0.00203175997004479,45.3540352296985,-0.00499653027153622
34.36853,45.35862,-0.000411759970042169,45.3541104968809,-0.00492126308915665
34.37985,45.35617,-0.00286175997004534,45.3542412918529,-0.00479046811714311
34.39121,45.35309,-0.00594175997004243,45.3544264665985,-0.00460529337158037
34.40254,45.35745,-0.00158175997004406,45.3546672377748,-0.00436452219527612
34.41387,45.35014,-0.00889175997004088,45.3549636149447,-0.00406814502536353
34.42521,45.34759,-0.0114417599700474,45.3553107441293,-0.00372101584076383
34.43655,45.35168,-0.00735175997004234,45.3556965159078,-0.00333524406219621
34.44789,45.35824,-0.000791759970041994,45.3561014549182,-0.00293030505188605
34.45923,45.36148,0.00244824002995614,45.3565011163606,-0.00253064360940928
34.47053,45.35819,-0.000841759970043654,45.3568702668486,-0.00216149312146054
34.48185,45.36266,0.0036282400299541,45.3571875215343,-0.00184423843572703
34.49321,45.35195,-0.0070817599700419,45.3574391388614,-0.00159262110861244
34.50452,45.35937,0.000338240029954306,45.3576211939471,-0.00141056602289654
34.51588,45.35683,-0.00220175997004191,45.357739962066,-0.00129179790402613
34.52723,45.36102,0.00198824002995934,45.3578107239505,-0.00122103601950109
34.53855,45.35556,-0.00347175997004712,45.3578553108942,-0.00117644907585925
34.54989,45.36163,0.00259824002995401,45.3578987164765,-0.00113304349357581
34.56122,45.35418,-0.00485175997004461,45.3579651753225,-0.00106658464758735
34.57256,45.35658,-0.0024517599700431,45.3580742499953,-0.000957509974770744
34.5839,45.35698,-0.00205175997004403,45.3582375677479,-0.000794192222144787
34.59525,45.35982,0.000788240029955034,45.3584567989717,-0.0005749609983147
34.6066,45.35526,-0.00377175997004287,45.3587232423782,-0.000308517591812747
34.61794,45.36029,0.001258240029955,45.3590190686076,-1.26913624418632e-05
34.6293,45.3566,-0.00243175997004386,45.3593199853954,0.000288225425337311
34.6406,45.36415,0.00511824002995809,45.3595988474868,0.000567087516733356
34.65196,45.36279,0.00375824002995273,45.3598295343231,0.000797774353026754
34.66328,45.36221,0.00317824002995337,45.3599903337653,0.000958573795302515
34.67461,45.35645,-0.00258175997004173,45.3600662294026,0.00103446943257984
34.68593,45.35422,-0.00481175997004613,45.3600498930139,0.0010181330438999
34.69729,45.36882,0.00978824002995538,45.3599415979088,0.000909837938785219
34.70863,45.35747,-0.00156175997004482,45.3597484125472,0.000716652577155733
34.71997,45.35718,-0.0018517599700445,45.3594829125707,0.000451152600698897
34.73132,45.36456,0.00552824002995322,45.3591615399611,0.000129779991103506
34.74267,45.35079,-0.00824175997004062,45.3588028011398,-0.000228958830290317
34.754,45.36191,0.00287824002995762,45.3584256156334,-0.000606144336611865
34.76532,45.35652,-0.00251175997004083,45.358048142106,-0.000983617864027924
34.77666,45.35653,-0.00250175997004476,45.3576872834016,-0.00134447656847171
34.78799,45.36013,0.00109824002995396,45.3573588678002,-0.00167289216987092
34.79932,45.35292,-0.00611175997004665,45.3570783126528,-0.0019534473172835
34.81065,45.36023,0.00119824002995728,45.3568614533521,-0.00217030661795022
34.82199,45.35589,-0.00314175997004185,45.3567251517078,-0.00230660826224154
34.83331,45.36221,0.00317824002995337,45.3566872611273,-0.0023444988427467
34.84462,45.35674,-0.00229175997004205,45.3567655614745,-0.00226619849556126
34.85595,45.36012,0.00108824002995789,45.3569754743311,-0.00205628563896764
34.86726,45.35196,-0.00707175997004583,45.3573267672954,-0.00170499267460609
34.87857,45.35613,-0.00290175997004383,45.3578199443096,-0.00121181566041788
34.88992,45.35359,-0.00544175997004714,45.358443363478,-0.000588396492011516
34.90126,45.35626,-0.0027717599700452,45.3591721023763,0.000140342406302382
34.9126,45.36283,0.00379824002995832,45.3599691438318,0.000937383861765202
34.92393,45.36321,0.00417824002995815,45.3607887390251,0.00175697905508162
34.93526,45.36749,0.00845824002995244,45.3615811283951,0.00254936842501195
34.94661,45.36191,0.00287824002995762,45.3622974853768,0.00326572540680484
34.95794,45.35913,9.82400299562869e-05,45.3628941415084,0.00386238153839829
34.96928,45.36263,0.00359824002995879,45.3633356959355,0.00430393596545605
34.98062,45.36177,0.00273824002995582,45.3635971236705,0.00456536370043241
34.99196,45.3696,0.0105682400299543,45.3636651638701,0.00463340390006402
35.0033,45.36051,0.00147824002995378,45.3635391118788,0.0045073519087723
35.01461,45.36052,0.00148824002995696,45.3632309366708,0.00419917670073903
35.02596,45.3704,0.0113682400299524,45.3627646053017,0.00373284533162012
35.03729,45.35526,-0.00377175997004287,45.3621745743255,0.00314281435540771
35.04863,45.36382,0.00478824002995282,45.3615034834418,0.00247172347179311
35.05997,45.36249,0.00345824002995698,45.3607991366696,0.00176737669953218
35.07131,45.35954,0.000508240029958529,45.3601108937144,0.00107913374432935
35.08263,45.36184,0.00280824002995672,45.3594856207348,0.00045386076477222
35.09397,45.3605,0.00146824002995771,45.3589634188468,-6.83411232255298e-05
35.1053,45.348,-0.0110317599700451,45.358573511465,-0.000458248505040237
35.11661,45.36487,0.00583824002995925,45.3583308564808,-0.000700903489281584
35.12795,45.35829,-0.00074175997004744,45.3582340867085,-0.00079767326158453
35.13928,45.35418,-0.00485175997004461,45.3582651920161,-0.000766567953971032
35.1506,45.36083,0.00179824002995588,45.3583910787175,-0.000640681252571879
35.16193,45.35683,-0.00220175997004191,45.3585669592689,-0.000464800701176137
35.17325,45.35198,-0.00705175997004659,45.3587414240073,-0.000290335962780908
35.18457,45.3626,0.00356824002995637,45.3588628875532,-0.000168872416799808
35.19592,45.36222,0.00318824002995655,45.3588868087006,-0.000144951269399862
35.20724,45.35744,-0.00159175997004724,45.3587827088361,-0.000249051133934184
35.21854,45.36629,0.00725824002995523,45.3585397560886,-0.000492003881484205
35.22986,45.35699,-0.00204175997004086,45.3581697477594,-0.000862012210638093
35.24119,45.35784,-0.00119175997004106,45.3577067338025,-0.00132502616755523
35.25253,45.36015,0.0011182400299532,45.3572031229795,-0.00182863699054369
35.26386,45.35912,8.82400299531128e-05,45.3567227132195,-0.00230904675058883
35.2752,45.35123,-0.00780175997004307,45.3563315789727,-0.00270018099731601
35.28653,45.35785,-0.00118175997004499,45.3560881274722,-0.00294363249781308
35.29789,45.34982,-0.00921175997004298,45.3560338995383,-0.00299786043174019
35.30924,45.34834,-0.0106917599700438,45.3561867354556,-0.00284502451440396
35.32058,45.361,0.00196824002995299,45.3565376260769,-0.00249413389312118
35.33192,45.35278,-0.00625175997004135,45.3570519032626,-0.00197985670741607
35.34325,45.36018,0.00114824002995562,45.3576745436098,-0.00135721636029161
35.35461,45.35793,-0.00110175997004092,45.3583385524135,-0.0006932075565016
35.36594,45.36491,0.00587824002995774,45.3589748924065,-5.68675635791977e-05
35.37726,45.36133,0.00229824002995827,45.3595222698852,0.000490509915175865
35.3886,45.35714,-0.00189175997004298,45.3599352520204,0.000903492050334757
35.39994,45.36359,0.00455824002995797,45.3601896099157,0.0011578499456931
35.41129,45.36313,0.00409824002995407,45.3602843146072,0.00125255463716611
35.42261,45.36051,0.00147824002995378,45.3602400788772,0.00120831890717375
35.43396,45.36014,0.00110824002995713,45.3600947139583,0.00106295398821922
35.4453,45.3613,0.00226824002995585,45.359895951409,0.000864191438986335
35.45661,45.35992,0.000888240029958354,45.3596927745087,0.000661014538622211
35.46793,45.35412,-0.00491175997004234,45.3595266225956,0.000494862625553846
35.47926,45.35296,-0.00607175997004106,45.3594240045333,0.000392244563217367
35.4906,45.35603,-0.00300175997004715,45.3593919926194,0.000360232649398346
35.50188,45.36378,0.00474824002995433,45.3594176238959,0.000385863925831847
35.51321,45.35342,-0.00561175997004426,45.3594714105625,0.000439650592409653
35.52453,45.36109,0.00205824002995314,45.3595142290956,0.000482469125505705
35.53585,45.36566,0.00662824002995421,45.3595061433097,0.000474383339684982
35.54721,45.3661,0.00706824002995887,45.3594153376932,0.000383577723105532
35.55855,45.35995,0.000918240029953665,45.3592253200248,0.000193560054722464
35.56987,45.35374,-0.00529175997004216,45.358938982511,-9.27774590227767e-05
35.5812,45.36574,0.00670824002995829,45.3585789230515,-0.000452836918555823
35.59254,45.35605,-0.0029817599700408,45.3581842641405,-0.000847495829530166
35.60386,45.35473,-0.00430175997004056,45.3578047473333,-0.00122701263671085
35.6152,45.36203,0.00299824002995308,45.3574931396413,-0.00153862032869919
35.62653,45.35069,-0.00834175997004394,45.357297113292,-0.00173464667801065
35.63787,45.36047,0.0014382400299553,45.3572517863046,-0.00177997366542427
35.64919,45.34898,-0.0100517599700467,45.3573740141394,-0.00165774583062422
35.66051,45.36233,0.00329824002995593,45.3576592984171,-0.0013724615529419
35.67183,45.35188,-0.0071517599700428,45.3580818191662,-0.000949940803847544
35.68314,45.36128,0.00224824002995661,45.3585976251365,-0.000434134833552824
35.69446,45.3564,-0.00263175997004339,45.3591505208153,0.000118760845263966
35.70579,45.36036,0.00132824002995591,45.35967975609,0.000647996119979448
35.71711,45.36763,0.00859824002995424,45.360128293201,0.0010965332309759
35.72847,45.36464,0.0056082400299573,45.3604502464908,0.00141848652079248
35.7398,45.35802,-0.00101175997004077,45.3606161913404,0.00158443137035326
35.75115,45.3575,-0.0015317599700424,45.3606155178731,0.00158375790302762
35.76248,45.37112,0.0120882400299536,45.3604557163594,0.00142395638938019
35.77379,45.35304,-0.00599175997004409,45.3601590934858,0.0011273335158025
35.78511,45.35925,0.000218240029958849,45.3597577828061,0.000726022836095095
35.79645,45.35664,-0.00239175997004537,45.3592881381007,0.000256378130640517
35.80781,45.35093,-0.00810175997004592,45.3587857062322,-0.000246053737813043
35.81915,45.36107,0.0020382400299539,45.3582817924304,-0.000749967539659651
35.83049,45.36344,0.00440824002995299,45.3578020792318,-0.00122968073823578
35.84182,45.35523,-0.00380175997004528,45.3573670481882,-0.00166471178181687
35.85313,45.35785,-0.00118175997004499,45.3569934483301,-0.00203831163991921
35.86445,45.3575,-0.0015317599700424,45.3566959824649,-0.00233577750511838
35.87577,45.35674,-0.00229175997004205,45.3564886236234,-0.00254313634660843
35.88713,45.3522,-0.00683175997004071,45.3563852446574,-0.00264651531264659
35.89844,45.36452,0.00548824002995474,45.3563993966415,-0.00263236332856662
35.90979,45.35481,-0.00422175997004359,45.3565431291825,-0.00248863078755221
35.92112,45.35818,-0.000851759970046828,45.3568248067118,-0.00220695325825925
35.93244,45.35921,0.000178240029953258,45.3572460582496,-0.00178570172041112
35.94377,45.35854,-0.000491759970046246,45.3577983331769,-0.00123342679317673
35.95512,45.34691,-0.0121217599700429,45.3584599128826,-0.000571847087472928
35.96646,45.3552,-0.00383175997004059,45.3591944761581,0.000162716188085966
35.97782,45.36461,0.00557824002995488,45.3599522246562,0.000920464686113004
35.98914,45.35814,-0.000891759970045314,45.3606739941327,0.00164223416267047
36.00046,45.36463,0.00559824002995413,45.361297886178,0.0022661262079312
36.01178,45.36353,0.00449824002995314,45.3617672206186,0.00273546064854449
36.02311,45.36298,0.0039482400299562,45.3620383384192,0.00300657844914423
36.03442,45.36696,0.00792824002995474,45.3620869255258,0.00305516555576579
36.04576,45.35886,-0.00017175997004415,45.3619118998866,0.00288013991652845
36.05708,45.36069,0.00165824002995407,45.3615363819266,0.00250462195657113
36.06842,45.36269,0.00365824002995652,45.3610057341308,0.00197397416079743
36.07975,45.36309,0.00405824002995558,45.3603829719866,0.00135121201656441
36.09108,45.36871,0.00967824002995599,45.3597419947766,0.000710234806523732
36.10239,45.34483,-0.0142017599700424,45.3591592415503,0.000127481580300772
36.11372,45.35919,0.000158240029954015,45.3587047211804,-0.000327038789618515
36.12504,45.35694,-0.00209175997004252,45.3584337423254,-0.000598017644621313
36.13636,45.35771,-0.0013217599700468,45.3583806858029,-0.000651074167123733
36.14769,45.35571,-0.00332175997004214,45.3585556848757,-0.000476075094385662
36.15904,45.36413,0.00509824002995884,45.3589444060637,-8.73539063878163e-05
36.17036,45.35849,-0.0005417599700408,45.3595105960672,0.000478836097197357
36.1817,45.35848,-0.000551759970043975,45.3602007900129,0.00116903004286031
36.19305,45.35575,-0.00328175997004365,45.360950525629,0.00191876565892182
36.20436,45.36997,0.010938240029958,45.3616914460152,0.00265968604514401
36.21571,45.36116,0.00212824002995404,45.3623586248654,0.00332686489531509
36.22703,45.36311,0.00407824002995483,45.3628973113985,0.00386555142841438
36.23835,45.36813,0.00909824002995663,45.3632682771992,0.00423651722919378
36.24967,45.35705,-0.00198175997004313,45.3634511755817,0.0044194156116672
36.26102,45.3675,0.00846824002995561,45.3634456749576,0.0044139149875415
36.27232,45.36472,0.00568824002995427,45.3632704160636,0.00423865609356342
36.28366,45.36292,0.00388824002995847,45.3629600032361,0.00392824326601996
36.29499,45.36169,0.00265824002995885,45.3625603443111,0.00352858434107511
36.30634,45.36438,0.00534824002995293,45.3621228042117,0.00309104424168635
36.31766,45.35661,-0.00242175997004068,45.3616978287791,0.00266606880903411
36.32898,45.36176,0.00272824002995264,45.361328826625,0.00229706665498736
36.34032,45.36061,0.0015782400299571,45.3610470862768,0.00201532630675266
36.35162,45.35841,-0.000621759970044877,45.3608683360213,0.00183657605129591
36.36297,45.36433,0.00529824002995838,45.3607912719964,0.00175951202640519
36.37431,45.35932,0.000288240029952647,45.3607980896557,0.00176632968561978
36.38564,45.36011,0.00107824002995471,45.360856853328,0.00182509335799728
36.39697,45.35855,-0.000481759970043072,45.3609254569514,0.0018936969813094
36.40828,45.36237,0.00333824002995442,45.3609569015423,0.00192514157228205
36.41963,45.35777,-0.00126175997004196,45.3609055301879,0.00187377021789764
36.43096,45.36213,0.0030982400299564,45.3607336715187,0.00170191154868233
36.44228,45.36121,0.0021782400299557,45.3604179011645,0.001386141194475
36.45361,45.36556,0.006528240029958,45.3599539248297,0.000922164859675971
36.46498,45.36582,0.00678824002995526,45.3593590179843,0.000327258014269176
36.47631,45.3545,-0.00453175997004251,45.3586711662716,-0.000360593698403188
36.48764,45.35938,0.000348240029957481,45.3579446180475,-0.00108714192252254
36.49898,45.3643,0.00526824002995596,45.3572423448488,-0.00178941512125051
36.51031,45.34663,-0.0124017599700466,45.3566266173405,-0.0024051426295629
36.52164,45.34927,-0.00976175997004702,45.3561493707751,-0.0028823891949462
36.53299,45.35669,-0.00234175997004371,45.3558442033884,-0.00318755658163395
36.5443,45.35369,-0.00534175997004382,45.3557215960628,-0.00331016390721895
36.55559,45.35239,-0.00664175997004435,45.3557682046855,-0.00326355528456053
36.56694,45.36156,0.00252824002995311,45.3559501261081,-0.00308163386192692
36.57828,45.35522,-0.00381175997004135,45.3562192577881,-0.00281250218190271
36.58961,45.35714,-0.00189175997004298,45.3565214329976,-0.00251032697246642
36.60096,45.35677,-0.00226175997004674,45.3568049033466,-0.00222685662342286
36.6123,45.3616,0.0025682400299587,45.3570278632891,-0.00200389668090346
36.62363,45.35941,0.000378240029952792,45.3571639377842,-0.00186782218584096
36.63495,45.35933,0.000298240029955821,45.3572048408755,-0.00182691909453041
36.6463,45.35941,0.000378240029952792,45.3571598336489,-0.0018719263211496
36.65763,45.35503,-0.00400175997004482,45.3570521955374,-0.00197956443268753
36.66896,45.35345,-0.00558175997004184,45.3569135570153,-0.0021182029547427
36.68029,45.35577,-0.00326175997004441,45.3567774278145,-0.00225433215554453
36.69163,45.34584,-0.0131917599700415,45.3566734157069,-0.00235834426311608
36.70296,45.35962,0.0005882400299555,45.3566233686203,-0.00240839134973269
36.71429,45.35945,0.000418240029958383,45.3566400083153,-0.00239175165470272
36.72561,45.35979,0.000758240029952617,45.3567277491434,-0.00230401082668638
36.73696,45.36056,0.00152824002995544,45.3568846820031,-0.00214707796690669
36.74831,45.36099,0.00195824002995693,45.3571045080542,-0.00192725191585955
36.75967,45.35177,-0.00726175997004219,45.3573775897716,-0.00165417019848262
36.77103,45.35567,-0.00336175997004062,45.3576909835392,-0.00134077643080382
36.78237,45.3615,0.00246824002995538,45.3580279409263,-0.00100381904370119
36.79371,45.3521,-0.00693175997004403,45.3583676287065,-0.000664131263516755
36.80503,45.3601,0.00106824002995864,45.358685697782,-0.000346062188036413
36.81635,45.35333,-0.00570175997004441,45.3589560138079,-7.57461621676561e-05
36.82767,45.36787,0.00883824002995937,45.3591534896525,0.000121729682502445
36.839,45.35911,7.8240029957044e-05,45.3592575756179,0.000225815647852721
36.8503,45.35632,-0.00271175997004747,45.3592556875653,0.000223927595224727
36.86163,45.36046,0.00142824002995923,45.3591458503132,0.000114090343180007
36.87299,45.36118,0.00214824002995329,45.3589380641559,-9.36958141847221e-05
36.88431,45.35904,8.24002995614137e-06,45.3586541390903,-0.000377620879737045
36.89566,45.35574,-0.00329175997004683,45.3583258767611,-0.000705883208902982
36.90701,45.36804,0.00900824002995648,45.3579916042679,-0.00104015570217613
36.91835,45.35745,-0.00158175997004406,45.3576912669498,-0.00134049302022818
36.92969,45.34775,-0.0112817599700463,45.3574606057483,-0.0015711542217088
36.94104,45.3558,-0.00323175997004199,45.3573253696023,-0.001706390367795
36.95238,45.35499,-0.0040417599700433,45.3572968297224,-0.00173493024764478
36.96371,45.35547,-0.00356175997004726,45.3573697221978,-0.00166203777228136
36.97504,45.36292,0.00388824002995847,45.357523096625,-0.00150866334504988
36.98637,45.3604,0.00136824002995439,45.3577237637681,-0.00130799620197264
36.9977,45.35072,-0.00831175997004152,45.3579315402011,-0.00110021976893474
37.00905,45.35605,-0.0029817599700408,45.3581054162337,-0.00092634373633993
37.02038,45.36168,0.00264824002995567,45.3582099047751,-0.000821855194956627
37.0317,45.3669,0.00786824002995701,45.3582208194051,-0.000810940564953196
37.04302,45.35482,-0.00421175997004752,45.358129540176,-0.000902219794036674
37.05433,45.36267,0.00363824002995727,45.357944808219,-0.00108695175104242
37.06565,45.35902,-1.17599700431015e-05,45.3576915123353,-0.00134024763478509
37.07697,45.35323,-0.00580175997004062,45.357406635084,-0.00162512488603801
37.08831,45.35795,-0.00108175997004167,45.3571331802005,-0.00189857976951221
37.09966,45.35419,-0.00484175997004144,45.3569133145755,-0.00211844539453867
37.11099,45.35032,-0.00871175997004059,45.3567820660478,-0.00224969392225465
37.12231,45.3571,-0.00193175997004147,45.3567627151666,-0.00226904480339494
37.13364,45.36221,0.00317824002995337,45.3568645473959,-0.00216721257413818
37.14496,45.35286,-0.00617175997004438,45.357083018143,-0.0019487418270215
37.1563,45.35695,-0.00208175997004645,45.3574018572706,-0.00162990269945537
37.16763,45.36322,0.00418824002995422,45.3577963885214,-0.00123537144869307
37.17896,45.35749,-0.00154175997004558,45.3582373224804,-0.000794437489663117
37.19025,45.35721,-0.00182175997004208,45.358694367013,-0.000337392957019007
37.20155,45.36504,0.00600824002995637,45.359139168551,0.000107408580910602
37.21288,45.35381,-0.00522175997004126,45.359547357604,0.000515597633927279
37.22421,45.35748,-0.00155175997004164,45.3598997393729,0.000867979402835236
37.23552,45.36426,0.00522824002995748,45.3601828377717,0.00115107780168105
37.24682,45.36338,0.00434824002995526,45.360388999534,0.00135723956398382
37.25816,45.3555,-0.00353175997004485,45.3605161382665,0.00148437829644254
37.26948,45.36381,0.00477824002995675,45.3605671293953,0.00153536942528629
37.28082,45.35471,-0.00432175997004691,45.3605489569427,0.00151719697261461
37.29213,45.36556,0.006528240029958,45.3604718206981,0.00144006072805244
37.30344,45.3602,0.00116824002995486,45.3603483730083,0.00131661303829362
37.31476,45.35698,-0.00205175997004403,45.3601931131842,0.0011613532141584
37.32608,45.36256,0.00352824002995789,45.3600218777127,0.000990117742615963
37.33739,45.36027,0.00123824002995576,45.3598513702702,0.000819610300123264
37.34873,45.35365,-0.00538175997004231,45.3596986979126,0.000666937942547771
37.36008,45.3648,0.00576824002995835,45.3595808540199,0.000549094049889833
37.37139,45.36199,0.0029582400299546,45.3595140083082,0.000482248338141109
37.38272,45.36475,0.00571824002995669,45.3595123741714,0.000480614201344866
37.39405,45.35609,-0.00294175997004231,45.3595864732078,0.000554713237766308
37.40537,45.34813,-0.0109017599700465,45.3597409468046,0.000709186834593334
37.41671,45.36386,0.00482824002995841,45.3599725123361,0.000940752366011195
37.42804,45.3671,0.00806824002995654,45.3602687935546,0.0012370335845655
37.43938,45.35913,9.82400299562869e-05,45.3606083880756,0.00157662810553488
37.45075,45.35873,-0.000301759970042781,45.3609620505136,0.00193029054356731
37.4621,45.36024,0.00120824002995334,45.3612947499753,0.00226299000522931
37.47343,45.36263,0.00359824002995879,45.361568574719,0.00253681474892403
37.48476,45.35243,-0.00660175997004586,45.3617466060198,0.00271484604970777
37.4961,45.36115,0.00211824002995797,45.3617977377499,0.00276597777981143
37.50745,45.372,0.0129682400299558,45.3617020039583,0.00267024398826086
37.51878,45.36665,0.00761824002995581,45.3614554238211,0.00242366385109028
37.53011,45.36549,0.0064582400299571,45.3610729968562,0.0020412368861991
37.54142,45.3488,-0.010231759970047,45.3605886979057,0.00155693793561605
37.55276,45.36829,0.00925824002995768,45.3600521538651,0.00102039389508407
37.5641,45.36116,0.00212824002995404,45.3595225975472,0.000490837577192563
37.57544,45.34924,-0.00979175997004234,45.3590611846822,2.94247121169457e-05
37.58677,45.36354,0.00450824002995631,45.3587228507335,-0.000308909236581065
37.5981,45.35778,-0.0012517599700459,45.358548825559,-0.000482934411072329
37.60944,45.3566,-0.00243175997004386,45.3585607739975,-0.000470985972568209
37.62078,45.36042,0.00138824002995364,45.3587572884842,-0.000274471485884901
37.63212,45.35399,-0.00504175997004097,45.3591132377749,8.14778048896857e-05
37.64344,45.3541,-0.00493175997004158,45.3595823142986,0.000550554328520661
37.65479,45.35351,-0.00552175997004412,45.3601028781145,0.00107111814443444
37.66615,45.37057,0.0115382400299566,45.3606066810475,0.00157492107745979
37.6775,45.36464,0.0056082400299573,45.3610292545484,0.00199749457837754
37.68884,45.37174,0.0127082400299585,45.361319987061,0.00228822709097966
37.70017,45.35929,0.000258240029957335,45.3614497409298,0.00241798095971842
37.71151,45.35764,-0.0013917599700406,45.3614145255058,0.00238276553575197
37.72284,45.35966,0.000628240029953986,45.3612349139145,0.00220315394443078
37.73417,45.3646,0.00556824002995882,45.3609518955925,0.00192013562241773
37.74548,45.35881,-0.000221759970045809,45.3606202714373,0.00158851146725219
37.75684,45.36407,0.00503824002995401,45.3603006421797,0.0012688822096997
37.76818,45.35809,-0.000941759970046974,45.3600509164078,0.00101915643771729
37.77954,45.35551,-0.00352175997004167,45.3599183070791,0.000886547109076428
37.79088,45.35654,-0.00249175997004158,45.3599329153725,0.000901155402482631
37.80219,45.35506,-0.0039717599700424,45.3601039819021,0.00107222193208733
37.81354,45.35944,0.000408240029955209,45.3604195209962,0.00138776102613267
37.82489,45.36646,0.00742824002995235,45.3608493336036,0.00181757363353502
37.83624,45.36516,0.00612824002995893,45.3613505482537,0.00231878828364948
37.84758,45.36412,0.00508824002995567,45.3618742439339,0.00284248396387023
37.85892,45.36255,0.00351824002995471,45.3623716602558,0.00333990028575338
37.87025,45.3631,0.00406824002995876,45.3627989857982,0.00376722582810539
37.88159,45.36185,0.00281824002995279,45.3631204185966,0.00408865862651316
37.89288,45.35686,-0.00217175997004659,45.363309758817,0.00427799884695227
37.90421,45.37078,0.0117482400299593,45.3633510412409,0.00431928127082076
37.91556,45.35781,-0.00122175997004348,45.3632386409903,0.00420688102026692
37.92689,45.36926,0.0102282400299529,45.3629770277111,0.00394526774109964
37.93824,45.35885,-0.000181759970047324,45.3625801242896,0.00354836431957895
37.9496,45.35947,0.000438240029957626,45.3620701881899,0.00303842821986341
37.96095,45.36483,0.00579824002995366,45.3614762162542,0.00244445628414432
37.9723,45.36189,0.00285824002995838,45.3608319145106,0.00180015454051834
37.98364,45.36345,0.00441824002995617,45.3601732216636,0.00114146169357907
37.99498,45.35599,-0.00304175997004563,45.3595353630309,0.00050360306082015
38.00635,45.36253,0.00349824002995547,45.3589495823853,-8.21775847477238e-05
38.01765,45.35445,-0.00458175997004417,45.3584399998649,-0.000591760105171071
38.02899,45.34792,-0.0111117599700421,45.3580212826682,-0.00101047730183341
38.04034,45.36016,0.00112824002995637,45.3576978148352,-0.00133394513480306
38.05165,45.36416,0.00512824002995416,45.3574646971062,-0.00156706286382735
38.06294,45.3567,-0.00233175997004764,45.3573102562857,-0.00172150368433515
38.07424,45.36131,0.00227824002995902,45.3572191618524,-0.00181259811760213
38.08555,45.35991,0.00087824002995518,45.3571751526222,-0.0018566073478107
38.09687,45.34828,-0.0107517599700415,45.3571628022781,-0.0018689576918982
38.10822,45.35989,0.000858240029955937,45.3571683593379,-0.00186340063209717
38.11954,45.35892,-0.000111759970046421,45.3571801104807,-0.00185164948937001
38.13083,45.34985,-0.00918175997004056,45.3571887652628,-0.00184299470725871
38.14218,45.36149,0.00245824002995931,45.3571881349819,-0.00184362498816494
38.15352,45.35573,-0.00330175997004289,45.3571760789344,-0.00185568103562859
38.16484,45.36145,0.00241824002995372,45.3571554213634,-0.00187633860667282
38.17619,45.3546,-0.0044317599700463,45.3571343493403,-0.00189741062975919
38.18753,45.36541,0.00637824002995302,45.3571257788615,-0.00190598110852421
38.19886,45.35445,-0.00458175997004417,45.3571453780184,-0.001886381951618
38.21021,45.35768,-0.00135175997004211,45.3572083219143,-0.00182343805575854
38.22152,45.35022,-0.00881175997004391,45.3573253304705,-0.00170642949958489
38.23285,45.35915,0.00011824002995553,45.3574989326111,-0.00153282735892653
38.24416,45.35769,-0.00134175997004604,45.3577209856075,-0.00131077436251588
38.25549,45.35782,-0.00121175997004741,45.3579721999994,-0.00105955997060893
38.26681,45.34903,-0.010001759970045,45.3582239805139,-0.000807779456138175
38.27811,45.35644,-0.0025917599700449,45.3584424945685,-0.00058926540152444
38.28946,45.36853,0.0094982400299557,45.3585944639372,-0.00043729603287775
38.3008,45.36528,0.00624824002995439,45.3586536191712,-0.000378140798843074
38.31212,45.35778,-0.0012517599700459,45.3586062866558,-0.000425473314220746
38.32346,45.35312,-0.00591175997004711,45.3584546571794,-0.000577102790601966
38.33481,45.36715,0.0081182400299582,45.3582169849982,-0.00081477497188464
38.34615,45.35735,-0.00168175997004738,45.3579248054856,-0.00110695448442522
38.35748,45.35288,-0.00615175997004513,45.3576178164449,-0.0014139435251773
38.36884,45.36076,0.00172824002995497,45.3573373892414,-0.00169437072867259
38.38018,45.348,-0.0110317599700451,45.3571199167789,-0.00191184319116672
38.3915,45.35881,-0.000221759970045809,45.3569912820858,-0.0020404778842366
38.40284,45.35223,-0.0068017599700454,45.3569634999549,-0.0020682600151885
38.41415,45.35787,-0.00116175997004575,45.3570340662605,-0.00199769370956839
38.4255,45.35772,-0.00131175997004362,45.3571878936841,-0.00184386628598592
38.43685,45.36604,0.00700824002995404,45.3574011045696,-0.00163065540048065
38.44819,45.35577,-0.00326175997004441,45.3576455864222,-0.00138617354787752
38.45954,45.3544,-0.00463175997004583,45.3578932462638,-0.00113851370624044
38.47087,45.35844,-0.00059175997004246,45.3581192952123,-0.000912464757707393
38.48221,45.36353,0.00449824002995314,45.3583043623902,-0.000727397579877574
38.49356,45.35788,-0.00115175997004258,45.3584354826826,-0.000596277287421623
38.50491,45.35545,-0.00358175997004651,45.358506062261,-0.000525697709051675
38.51623,45.36112,0.00208824002995556,45.3585150344864,-0.000516725483608247
38.52753,45.34866,-0.0103717599700417,45.3584656094186,-0.000566150551444747
38.53885,45.36206,0.0030282400299555,45.3583640858611,-0.000667674108969811
38.55019,45.36861,0.00957824002995267,45.3582189884583,-0.000812771511778862
38.56153,45.35205,-0.00698175997004569,45.3580404299469,-0.000991330023128188
38.57288,45.35714,-0.00189175997004298,45.3578394057883,-0.00119235418175117
38.58421,45.35622,-0.00281175997004368,45.3576269088918,-0.00140485107828785
38.59554,45.35461,-0.00442175997004313,45.3574130901715,-0.00161866979855027
38.6069,45.35961,0.000578240029959431,45.3572067910922,-0.00182496887788548
38.61824,45.35989,0.000858240029955937,45.3570155454503,-0.00201621451976694
38.62959,45.35923,0.000198240029952501,45.3568458376623,-0.00218592230774499
38.64093,45.35044,-0.00859175997004513,45.356703290593,-0.00232846937700174
38.65229,45.36243,0.00339824002995925,45.3565926134652,-0.00243914650479634
38.66361,45.34982,-0.00921175997004298,45.3565174072244,-0.00251435274568034
38.67495,45.35795,-0.00108175997004167,45.3564800692896,-0.00255169068041769
38.6863,45.35778,-0.0012517599700459,45.356481978708,-0.00254978126209269
38.69761,45.3571,-0.00193175997004147,45.3565239532444,-0.00250780672568039
38.70894,45.3536,-0.00543175997004397,45.3566067780725,-0.00242498189755476
38.72028,45.36322,0.00418824002995422,45.3567315123811,-0.00230024758893457
38.73159,45.35735,-0.00168175997004738,45.3568993092677,-0.00213245070234052
38.74294,45.35515,-0.00388175997004225,45.3571106172958,-0.00192114267419836
38.75429,45.35533,-0.00370175997004196,45.3573638747671,-0.00166788520294006
38.76563,45.35585,-0.00318175997004744,45.3576540993264,-0.00137766064361909
38.77696,45.36182,0.00278824002995748,45.3579719281646,-0.00105983180544457
38.78831,45.35241,-0.0066217599700451,45.3583035618097,-0.00072819816035996
38.79965,45.356,-0.00303175997004246,45.3586318083875,-0.000399951582596301
38.81099,45.36344,0.00440824002995299,45.3589381500969,-9.36098731916097e-05
38.82232,45.36062,0.00158824002995317,45.359205457603,0.000173697632981082
38.83361,45.36687,0.00783824002995459,45.3594206839578,0.000388923987770295
38.84496,45.3527,-0.00633175997004543,45.3595767835695,0.000545023599465973
38.8563,45.36307,0.00403824002995634,45.3596733953086,0.000641635338529908
38.86764,45.35539,-0.00364175997004423,45.3597163565885,0.00068459661847592
38.87898,45.35902,-1.17599700431015e-05,45.3597165256243,0.000684765654269593
38.89033,45.3568,-0.00223175997004432,45.3596884651102,0.000656705140184919
38.90166,45.36408,0.00504824002995719,45.3596493176681,0.000617557698099616
38.91298,45.3636,0.00456824002995404,45.3596178476684,0.000586087698330599
38.92435,45.35793,-0.00110175997004092,45.3596133489499,0.000581588979875481
38.9357,45.3578,-0.00123175997004665,45.359654120441,0.000622360470976787
38.94705,45.35894,-9.17599700471783e-05,45.359755494297,0.000723734326969433
38.95839,45.36277,0.00373824002995349,45.3599277148381,0.000895954868041418
38.96973,45.36231,0.00327824002995669,45.3601740801339,0.00114232016381054
38.98108,45.35342,-0.00561175997004426,45.3604897185598,0.00145795858979834
38.99242,45.35487,-0.00416175997004586,45.3608613558442,0.00182959587417165
39.00375,45.36513,0.00609824002995651,45.3612683946803,0.00223663471022586
39.01506,45.36633,0.00729824002995372,45.3616853453806,0.00265358541056833
39.02639,45.36163,0.00259824002995401,45.362085103872,0.00305334390193023
39.03771,45.37048,0.0114482400299565,45.3624421537552,0.00341039378516302
39.04902,45.35783,-0.00120175997004424,45.3627348387744,0.00370307880437515
39.06035,45.35981,0.000778240029958965,45.3629463740996,0.00391461412955277
39.07166,45.36171,0.00267824002995809,45.3630648869513,0.0040331269812547
39.08298,45.36453,0.00549824002995791,45.3630831280261,0.00405136805609845
39.09432,45.35807,-0.000961759970046216,45.3629984164219,0.0039666564518522
39.10564,45.36829,0.00925824002995768,45.3628130109474,0.00378125097737979
39.11694,45.36632,0.00728824002995765,45.3625347134965,0.00350295352650075
39.12828,45.3558,-0.00323175997004199,45.3621772993849,0.00314553941488091
39.13962,45.36068,0.001648240029958,45.3617604010042,0.00272864103413414
39.15097,45.37178,0.012748240029957,45.3613086565386,0.00227689656851081
39.16232,45.35504,-0.00399175997004164,45.3608500828676,0.00181832289753792
39.17365,45.36182,0.00278824002995748,45.3604137069112,0.00138194694113601
39.18497,45.36117,0.00213824002995722,45.3600266521075,0.000994892137425226
39.19631,45.35518,-0.00385175997004694,45.3597111488297,0.000679388859668898
39.20762,45.35393,-0.0051017599700458,45.3594821251266,0.000450365156536516
39.21897,45.36369,0.00465824002995419,45.3593459775528,0.000314217582779684
39.23029,45.35804,-0.000991759970041528,45.3593007964782,0.000269036508179418
39.24163,45.3628,0.0037682400299559,45.359337831843,0.000306071872946658
39.25296,45.36326,0.0042282400299527,45.3594435848334,0.000411824863335928
39.2643,45.35831,-0.000721759970041091,45.3596018368922,0.000570076922204183
39.27564,45.35479,-0.00424175997004284,45.359795201274,0.000763441303916068
39.28699,45.35945,0.000418240029958383,45.3600062002927,0.000974440322667942
39.29834,45.36081,0.00177824002995663,45.360218132865,0.00118637289500011
39.30968,45.36456,0.00552824002995322,45.3604159175012,0.00138415753111939
39.32101,45.3623,0.00326824002995352,45.3605868009829,0.00155504101283085
39.33232,45.3583,-0.000731759970044266,45.3607206465994,0.00168888662932234
39.34364,45.36245,0.0034182400299585,45.3608096538165,0.00177789384650421
39.355,45.35553,-0.00350175997004243,45.3608476925215,0.0018159325514925
39.36634,45.3624,0.00336824002995684,45.3608296854006,0.00179792543056098
39.37769,45.36069,0.00165824002995407,45.3607514743891,0.00171971441905389
39.38899,45.35932,0.000288240029952647,45.3606103938539,0.00157863388386959
39.40033,45.3576,-0.00143175997004619,45.360406491292,0.00137473132193679
39.41166,45.3653,0.00626824002995363,45.3601440991183,0.00111233914821911
39.42299,45.35969,0.000658240029956403,45.3598332810689,0.00080152109889115
39.43434,45.3636,0.00456824002995404,45.3594905665705,0.000458806600492962
39.44564,45.36042,0.00138824002995364,45.3591384474462,0.000106687476127772
39.45697,45.35286,-0.00617175997004438,45.3588034182206,-0.000228341749441639
39.46833,45.36352,0.00448824002995707,45.3585127941007,-0.000518965869348367
39.47965,45.35672,-0.00231175997004129,45.3582909177892,-0.00074084218084025
39.49099,45.35588,-0.00315175997004502,45.3581555271543,-0.000876232815770975
39.50234,45.35513,-0.0039017599700415,45.3581150448514,-0.000916715118635755
39.51368,45.3536,-0.00543175997004397,45.3581674481536,-0.000864311816446714
39.52499,45.35668,-0.00235175997004688,45.3583011243368,-0.000730635633209369
39.53632,45.36633,0.00729824002995372,45.3584976199863,-0.000534139983770848
39.54766,45.36002,0.000988240029954568,45.3587355531786,-0.000296206791471988
39.55897,45.36475,0.00571824002995669,45.3589945042452,-3.72557248185739e-05
39.57032,45.35911,7.8240029957044e-05,45.3592577532714,0.000225993301305942
39.58163,45.35777,-0.00126175997004196,45.35951331723,0.000481557259996623
39.59296,45.34827,-0.0107617599700447,45.3597535465855,0.000721786615444952
39.60429,45.36201,0.00297824002995384,45.3599741216343,0.000942361664295487
39.61562,45.36392,0.00488824002995614,45.3601732996337,0.00114153966369502
39.62696,45.36282,0.00378824002995515,45.3603517107112,0.00131995074112949
39.63831,45.36332,0.00428824002995754,45.3605123246137,0.00148056464362175
39.64965,45.3647,0.00566824002995503,45.3606599480302,0.00162818806012088
39.66101,45.3539,-0.00513175997004112,45.3607999222435,0.00176816227342567
39.67233,45.3571,-0.00193175997004147,45.3609363015934,0.00190454162332281
39.68367,45.3595,0.000468240029952938,45.3610702811705,0.00203852120048206
39.69503,45.35666,-0.00237175997004613,45.3611996753005,0.00216791533048365
39.70634,45.37409,0.0150582400299584,45.3613197694971,0.0022880095270842
39.71769,45.35741,-0.00162175997004255,45.3614251740256,0.00239341405558546
39.72902,45.36179,0.00275824002995506,45.3615118564684,0.00248009649835656
39.74035,45.36461,0.00557824002995488,45.361578578547,0.00254681857700153
39.75169,45.35683,-0.00220175997004191,45.3616273575432,0.00259559757315481
39.76302,45.36231,0.00327824002995669,45.36166295981,0.0026311998399632
39.77436,45.36715,0.0081182400299582,45.361691609606,0.0026598496359881
39.78567,45.36014,0.00110824002995713,45.3617191014431,0.00268734147306552
39.79703,45.36283,0.00379824002995832,45.3617485040294,0.00271674405930526
39.80836,45.36019,0.00115824002995879,45.3617777844318,0.00274602446179154
39.81969,45.35503,-0.00400175997004482,45.3617979341247,0.00276617415463638
39.83104,45.36626,0.00722824002995281,45.3617923367558,0.00276057678572874
39.84238,45.35213,-0.00690175997004161,45.3617379949533,0.00270623498329278
39.8537,45.36412,0.00508824002995567,45.3616088184439,0.00257705847382385
39.86504,45.36577,0.0067382400299536,45.3613805906535,0.00234883068343957
39.87638,45.36337,0.00433824002995919,45.3610366458441,0.0020048858740234
39.8877,45.36048,0.00144824002995847,45.3605729147212,0.00154115475110812
39.89906,45.36953,0.0104982400299534,45.3600010260658,0.000969266095758703
39.91039,45.35535,-0.00368175997004272,45.3593485991989,0.000316839228848731
39.92172,45.36101,0.00197824002995617,45.3586565623728,-0.000375197597209402
39.93303,45.3521,-0.00693175997004403,45.3579740906983,-0.00105766927172194
39.94435,45.35349,-0.00554175997004336,45.3573523664058,-0.00167939356421169
39.95571,45.35297,-0.00606175997004499,45.3568385907834,-0.00219316918667921
39.96704,45.35998,0.000948240029956082,45.3564713973431,-0.00256036262690856
39.9784,45.35832,-0.000711759970045023,45.3562781476062,-0.00275361236384693
39.98975,45.36042,0.00138824002995364,45.3562738744255,-0.00275788554457665
40.00107,45.35149,-0.0075417599700458,45.3564612488611,-0.00257051110897292
40.01237,45.35534,-0.00369175997004589,45.3568310182359,-0.00220074173412381
40.0237,45.36709,0.00805824002995337,45.3573626754338,-0.00166908453623661
40.03502,45.35181,-0.00722175997004371,45.3580253600068,-0.00100639996324906
40.04634,45.35637,-0.00266175997004581,45.358779103769,-0.000252656201059561
40.05766,45.35924,0.000208240029955675,45.3595766478125,0.000544887842496908
40.069,45.36454,0.00550824002995398,45.3603661448898,0.00133438491975394
40.08035,45.35468,-0.00435175997004222,45.3610949678725,0.00206320790249588
40.09169,45.35572,-0.00331175997004607,45.3617146033298,0.00268284335976533
40.10301,45.36469,0.00565824002995896,45.3621863380257,0.00315457805560623
40.11431,45.36927,0.0102382400299561,45.3624870796752,0.00345531970514167
40.12563,45.36758,0.00854824002995258,45.3626141529377,0.0035823929676878
40.13697,45.36736,0.0083282400299538,45.3625875911218,0.00355583115173923
40.14827,45.36317,0.00413824002995256,45.3624487188973,0.00341695892721695
40.15961,45.36407,0.00503824002995401,45.3622547191625,0.00322295919240824
40.17091,45.35242,-0.00661175997004193,45.36207001198,0.00303825200993269
40.18224,45.35952,0.000488240029959286,45.3619561805322,0.00292442056217757
40.1936,45.35906,2.82400299553842e-05,45.3619625325906,0.0029307726205704
40.20492,45.361,0.00196824002995299,45.3621190732854,0.00308731331537701
40.21624,45.36706,0.00802824002995806,45.3624328622185,0.00340110224847708
40.22758,45.36306,0.00402824002995317,45.3628878444277,0.00385608445768864
40.23887,45.36037,0.00133824002995908,45.3634476645988,0.00441590462875178
40.25018,45.35908,4.82400299546271e-05,45.3640608093926,0.00502904942256397
40.26147,45.36615,0.00711824002995343,45.3646674621221,0.00563570215209324
40.27277,45.3685,0.00946824002995328,45.3652073636285,0.00617560365841162
40.2841,45.36995,0.0109182400299588,45.3656276501008,0.00659589013080027
40.29543,45.3691,0.010068240029959,45.365889345683,0.00685758571297878
40.30676,45.37041,0.0113782400299556,45.3659712756166,0.0069395156465857
40.3181,45.36308,0.00404824002995241,45.3658707292326,0.00683896926253688
40.32945,45.36416,0.00512824002995416,45.3656010413662,0.00656928139620264
40.3408,45.36185,0.00281824002995279,45.3651870513602,0.00615529139010959
40.35214,45.35865,-0.000381759970046858,45.3646598481417,0.00562808817164169
40.36349,45.36548,0.00644824002995392,45.3640521662488,0.00502040627873892
40.37481,45.36601,0.00697824002995873,45.3633953111435,0.00436355117343383
40.38612,45.35792,-0.00111175997004409,45.3627177971998,0.00368603722979657
40.39743,45.36652,0.00748824002995718,45.3620452828253,0.00301352285526957
40.40877,45.36596,0.00692824002995707,45.3614010672733,0.00236930730327782
40.42012,45.36185,0.00281824002995279,45.3608063706425,0.00177461067247418
40.43142,45.36137,0.00233824002995675,45.3602798232792,0.00124806330911628
40.44275,45.35558,-0.00345175997004077,45.3598360424728,0.000804282502767385
40.45406,45.35899,-4.17599700455185e-05,45.3594837355705,0.00045197560044748
40.46539,45.35167,-0.00736175997004551,45.3592241502724,0.00019239030235056
40.47672,45.36146,0.0024282400299569,45.3590506744825,1.891451247423e-05
40.48806,45.36166,0.00262824002995643,45.3589499674034,-8.17925666116423e-05
40.49941,45.36046,0.00142824002995923,45.3589043879095,-0.000127372060579793
40.51074,45.35823,-0.000801759970045168,45.3588950004822,-0.0001367594878419
40.52206,45.36345,0.00441824002995617,45.3589043221544,-0.000127437815609004
40.53338,45.36186,0.00282824002995596,45.3589182070016,-0.000113552968435887
40.54472,45.35162,-0.00741175997004717,45.3589266739736,-0.000105085996458141
40.55605,45.35233,-0.00670175997004208,45.3589239222531,-0.000107837716904816
40.56738,45.36313,0.00409824002995407,45.3589080635005,-0.000123696469585377
40.57872,45.3648,0.00576824002995835,45.3588809939455,-0.000150766024532581
40.59008,45.35903,-1.75997004703277e-06,45.3588483616618,-0.000183398308284866
40.60139,45.35729,-0.00174175997004511,45.3588192001549,-0.000212559815177605
40.61272,45.355,-0.00403175997004723,45.3588048764177,-0.000226883552327523
40.62403,45.36007,0.00103824002995623,45.3588173838217,-0.000214376148374665
40.63535,45.36661,0.00757824002995733,45.3588672599895,-0.000164499980572617
40.64667,45.35224,-0.00679175997004222,45.3589613804944,-7.03794756297455e-05
40.65799,45.36272,0.00368824002995893,45.359100815095,6.90551249134662e-05
40.66935,45.35561,-0.00342175997004546,45.3592790535871,0.000247293617030593
40.68069,45.35937,0.000338240029954306,45.3594811155021,0.000449355532104822
40.69202,45.35288,-0.00615175997004513,45.3596841219307,0.000652361960651502
40.70334,45.36032,0.00128824002995742,45.3598597295741,0.000827969604017355
40.71465,45.35991,0.00087824002995518,45.3599784191523,0.000946659182257464
40.72599,45.36072,0.00168824002995649,45.3600150539614,0.000983293991336046
40.73734,45.36993,0.0108982400299524,45.3599545506502,0.000922790680150792
40.74866,45.36249,0.00345824002995698,45.3597961982678,0.000764438297722702
40.76,45.35471,-0.00432175997004691,45.3595553385099,0.000523578539900417
40.77134,45.36092,0.00188824002995602,45.3592617784916,0.000230018521553395
40.78267,45.36367,0.00463824002995494,45.3589551466703,-7.66132997384498e-05
40.79402,45.35863,-0.000401759970046101,45.3586780377113,-0.000353722258720867
40.80533,45.35315,-0.0058817599700447,45.3584681380859,-0.000563621884146261
40.81665,45.35482,-0.00421175997004752,45.3583507623054,-0.000680997664624668
40.82797,45.35301,-0.0060217599700465,45.3583333760884,-0.000698383881681696
40.83931,45.35265,-0.00638175997004709,45.358403492092,-0.000628267878043072
40.85063,45.36539,0.00635824002995378,45.3585306438954,-0.000501116074603084
40.86195,45.35555,-0.00348175997004319,45.3586721418787,-0.000359618091370795
40.87328,45.3629,0.00386824002995922,45.3587813657088,-0.000250394261217251
40.88462,45.36334,0.00430824002995678,45.3588167913052,-0.000214968664863078
40.89597,45.36088,0.00184824002995754,45.3587498998965,-0.000281860073523848
40.90733,45.35744,-0.00159175997004724,45.358570480129,-0.000461279841004829
40.91863,45.36595,0.00691824002995389,45.3582884541479,-0.000743305822162162
40.92995,45.35592,-0.00311175997004653,45.3579320773281,-0.00109968264194767
40.94128,45.35036,-0.0086717599700421,45.3575430490329,-0.00148871093717478
40.95263,45.3593,0.000268240029953404,45.3571696350507,-0.00186212491930703
40.96394,45.35347,-0.0055617599700426,45.3568592013137,-0.00217255865635345
40.97526,45.35706,-0.00197175997004706,45.3566514585627,-0.00238030140738231
40.98661,45.36021,0.00117824002995803,45.3565733049575,-0.00245845501257588
40.99796,45.34776,-0.0112717599700431,45.3566357071327,-0.00239605283734901
41.0093,45.35843,-0.000601759970045634,45.3568327619014,-0.0021989980686547
41.02066,45.35884,-0.000191759970043393,45.3571428710467,-0.0018888889233462
41.03198,45.36156,0.00252824002995311,45.3575316961129,-0.00150006385718314
41.04332,45.35837,-0.000661759970043363,45.3579562734489,-0.00107548652118754
41.05465,45.35683,-0.00220175997004191,45.3583695887474,-0.000662171222597439
41.06599,45.35805,-0.000981759970045459,45.3587251441828,-0.000306615787258769
41.07732,45.35306,-0.00597175997004484,45.358981405334,-5.03546359937597e-05
41.08866,45.35625,-0.00278175997004126,45.3591061801397,7.44201696484048e-05
41.09999,45.36514,0.00610824002995258,45.3590807881236,4.90281536007339e-05
41.11134,45.37124,0.0122082400299561,45.3589033973489,-0.000128362621118818
41.12266,45.35524,-0.00379175997004211,45.3585904868161,-0.000441273153932194
41.13399,45.36342,0.00438824002995375,45.3581755025337,-0.000856257436374799
41.14532,45.34752,-0.0115117599700412,45.3577045647957,-0.00132719517435513
41.15663,45.35367,-0.00536175997004307,45.3572301242152,-0.00180163575481006
41.16798,45.35677,-0.00226175997004674,45.3568040966029,-0.00222766336719672
41.17933,45.35609,-0.00294175997004231,45.3564718970365,-0.00255986293355348
41.19066,45.35732,-0.00171175997004269,45.3562681243234,-0.00276363564661556
41.202,45.36451,0.00547824002995867,45.3562138985218,-0.0028178614482342
41.21333,45.35251,-0.00652175997004178,45.3563154402995,-0.00271631967053296
41.22465,45.3553,-0.00373175997004438,45.3565635411044,-0.00246821886560029
41.23598,45.35152,-0.00751175997004339,45.3569339622942,-0.00209779767585653
41.24732,45.35556,-0.00347175997004712,45.357389164629,-0.00164259534103065
41.25864,45.35947,0.000438240029957626,45.357881757664,-0.00115000230604447
41.26999,45.35995,0.000918240029953665,45.3583596187749,-0.000672141195140384
41.28133,45.36227,0.00323824002995821,45.3587720500813,-0.000259709888772467
41.29265,45.35838,-0.000651759970047294,45.3590759821001,4.42221300191244e-05
41.304,45.35902,-1.17599700431015e-05,45.359241259761,0.000209499790959637
41.31532,45.35764,-0.0013917599700406,45.3592543505038,0.000222590533769534
41.32665,45.36169,0.00265824002995885,45.3591201460315,8.83860614914405e-05
41.33799,45.35968,0.000648240029953229,45.3588617115994,-0.000170048370605099
41.3493,45.36047,0.0014382400299553,45.3585178891463,-0.000513870823726808
41.36064,45.36369,0.00465824002995419,45.3581387402256,-0.000893019744408478
41.37196,45.35637,-0.00266175997004581,45.3577790609388,-0.00125269903129159
41.38328,45.35141,-0.00762175997004277,45.3574906404283,-0.00154111954178661
41.39462,45.35542,-0.00361175997004182,45.3573144409605,-0.00171731900950496
41.40594,45.35714,-0.00189175997004298,45.3572741793247,-0.00175758064532019
41.41727,45.35207,-0.00696175997004644,45.3573726534713,-0.00165910649869845
41.42859,45.35166,-0.00737175997004158,45.3575916203795,-0.00144013959050664
41.43992,45.36488,0.00584824002995532,45.3578953049448,-0.00113645502524235
41.45127,45.35732,-0.00171175997004269,45.3582368530907,-0.000794906879340099
41.46259,45.3641,0.00506824002995643,45.3585663626588,-0.000465397311252259
41.47391,45.36165,0.00261824002995326,45.3588387699117,-0.000192990058327951
41.48524,45.35964,0.000608240029954743,45.3590200141635,-1.17458065131582e-05
41.49656,45.3636,0.00456824002995404,45.3590904689406,5.87089705673385e-05
41.5079,45.35437,-0.00466175997004115,45.3590453787561,1.3618786063787e-05
41.51923,45.35546,-0.00357175997004333,45.3588927540868,-0.000139005883258267
41.53058,45.36244,0.00340824002995532,45.3586496739708,-0.000382085999214617
41.54192,45.35125,-0.00778175997004382,45.3583380965986,-0.000693663371402793
41.55326,45.36382,0.00478824002995282,45.3579810959941,-0.00105066397595611
41.56457,45.35375,-0.0052817599700461,45.3576001016083,-0.00143165836176609
41.57591,45.35472,-0.00431175997004374,45.3572134021901,-0.00181835777990383
41.58727,45.3532,-0.00583175997004304,45.3568359371394,-0.00219582283068213
41.59861,45.36172,0.00268824002995416,45.3564801536375,-0.00255160633256063
41.60994,45.36744,0.00840824002995788,45.3561573765308,-0.00287438343921037
41.62127,45.3541,-0.00493175997004158,45.3558788661844,-0.00315289378560644
41.63257,45.34621,-0.0128217599700449,45.3556558746914,-0.00337588527861154
41.64389,45.35713,-0.00190175997004616,45.3554986425649,-0.00353311740512812
41.65522,45.35144,-0.00759175997004746,45.3554149383875,-0.00361682158249909
41.66653,45.36199,0.0029582400299546,45.3554088687471,-0.00362289122297811
41.67785,45.35374,-0.00529175997004216,45.355480274111,-0.00355148585904825
41.68916,45.35596,-0.00307175997004094,45.3556245649456,-0.0034071950244175
41.70051,45.36144,0.00240824002995765,45.3558327140698,-0.00319904590020868
41.71181,45.35038,-0.00865175997004286,45.3560912938301,-0.0029404661399438
41.72316,45.34943,-0.00960175997004598,45.3563827339906,-0.00264902597940364
41.7345,45.35961,0.000578240029959431,45.3566861751551,-0.00234558481492595
41.74584,45.35943,0.00039824002995914,45.3569792076877,-0.00205255228239058
41.75717,45.35574,-0.00329175997004683,45.3572403772242,-0.00179138274588851
41.76851,45.36147,0.00243824002995296,45.3574518729969,-0.00157988697314798
41.77983,45.36269,0.00365824002995652,45.3576016322522,-0.00143012771786517
41.79117,45.3529,-0.00613175997004589,45.3576842747906,-0.00134748517941645
41.8025,45.35558,-0.00345175997004077,45.3577006979169,-0.00133106205316833
41.81382,45.35979,0.000758240029952617,45.3576566206626,-0.00137513930742829
41.82515,45.36063,0.00159824002995634,45.357560645106,-0.00147111486406178
41.83645,45.35066,-0.00837175997004636,45.3574224155114,-0.00160934445866121
41.84779,45.35094,-0.00809175997004274,45.3572513483473,-0.00178041162276603
41.8591,45.36195,0.00291824002995611,45.3570562728539,-0.00197548711610088
41.87044,45.36069,0.00165824002995407,45.3568460252281,-0.00218573474196291
41.88176,45.35917,0.000138240029954773,45.3566305500592,-0.00240120991082628
41.8931,45.35867,-0.000361759970047615,45.3564217170662,-0.00261004290386885
41.90445,45.35262,-0.0064117599700424,45.3562332005817,-0.00279855938832099
41.91577,45.35588,-0.00315175997004502,45.3560793077764,-0.00295245219367864
41.92711,45.35117,-0.00786175997004079,45.3559731798224,-0.00305858014767904
41.93843,45.35845,-0.000581759970046392,45.3559250052484,-0.00310675472167875
41.94976,45.35869,-0.000341759970041267,45.3559407280591,-0.00309103191093779
41.96109,45.35812,-0.000911759970044557,45.3560214007504,-0.00301035921960289
41.9724,45.35045,-0.00858175997004196,45.3561631147426,-0.00286864522745176
41.98374,45.35149,-0.0075417599700458,45.3563574820478,-0.00267427792222795
41.99508,45.36144,0.00240824002995765,45.3565927708765,-0.00243898909355686
42.0064,45.35822,-0.000811759970041237,45.35685570677,-0.00217605320000903
42.01771,45.3581,-0.0009317599700438,45.3571336056588,-0.00189815431129253
42.02905,45.36131,0.00227824002995902,45.3574162245845,-0.00161553538551767
42.04038,45.35511,-0.00392175997004074,45.3576967797398,-0.00133498023025099
42.05172,45.35497,-0.00406175997004254,45.3579719392681,-0.00105982070195017
42.06304,45.35577,-0.00326175997004441,45.3582409864817,-0.000790773488301303
42.07438,45.36464,0.0056082400299573,45.3585045203759,-0.000527239594142774
42.08569,45.36205,0.00301824002995943,45.3587629451133,-0.000268814856749765
42.09702,45.35814,-0.000891759970045314,45.3590148050535,-1.69549164956594e-05
42.10833,45.35444,-0.00459175997004735,45.3592550683874,0.000223308417337166
42.11967,45.35231,-0.00672175997004132,45.3594737957404,0.000442035770400072
42.131,45.36404,0.0050082400299587,45.3596558943813,0.000624134411306149
42.14232,45.35582,-0.00321175997004275,45.3597824753782,0.000750715408194166
42.15365,45.36662,0.0075882400299534,45.3598337275329,0.000801967562871544
42.165,45.35633,-0.00270175997004429,45.3597925887532,0.000760828783108636
42.17632,45.36443,0.00539824002995459,45.359648180333,0.000616420362943975
42.18763,45.36696,0.00792824002995474,45.3593980321299,0.00036627215982231
42.19894,45.35469,-0.00434175997004616,45.359048466226,1.67062559872549e-05
42.21029,45.35783,-0.00120175997004424,45.3586130529199,-0.000418707050140567
42.22162,45.35139,-0.00764175997004202,45.358109701609,-0.000922058361039251
42.23294,45.35853,-0.000501759970042315,45.3575574222186,-0.00147433775145321
42.24428,45.3588,-0.000231759970041878,45.3569738026472,-0.00205795732288878
42.25563,45.35277,-0.00626175997004452,45.3563738198489,-0.00265794012116108
42.26697,45.35687,-0.00216175997004342,45.3557700617817,-0.00326169818833998
42.27834,45.35352,-0.00551175997004094,45.355174055052,-0.00385770491807013
42.28968,45.35524,-0.00379175997004211,45.3545981738249,-0.00443358614513628
42.30102,45.36065,0.00161824002995559,45.3540574408641,-0.004974319105949
42.31232,45.36138,0.00234824002995282,45.3535704365201,-0.00546132344995962
42.32364,45.34669,-0.0123417599700417,45.3531586816529,-0.00587307831715785
42.33495,45.34985,-0.00918175997004056,45.3528443965685,-0.00618736340158834
42.34629,45.34972,-0.0093117599700463,45.3526472894054,-0.00638447056463882
42.35764,45.34851,-0.0105217599700467,45.3525815184751,-0.00645024149497581
42.36899,45.35369,-0.00534175997004382,45.352653854063,-0.00637790590699748
42.38033,45.35622,-0.00281175997004368,45.3528634448481,-0.00616831512198677
42.39165,45.35614,-0.00289175997004065,45.3532028775637,-0.00582888240634689
42.40297,45.35281,-0.00622175997004604,45.3536597779257,-0.00537198204430149
42.41432,45.35685,-0.00218175997004266,45.3542181988502,-0.00481356111984035
42.42566,45.35434,-0.00469175997004356,45.354859385854,-0.00417237411609088
42.43701,45.35131,-0.00772175997004609,45.3555619531042,-0.00346980686581253
42.4483,45.35542,-0.00361175997004182,45.3563018335855,-0.00272992638456743
42.45964,45.35905,1.82400299593155e-05,45.3570524693903,-0.00197929057978816
42.47097,45.35533,-0.00370175997004196,45.3577855599895,-0.00124619998049671
42.48232,45.3644,0.00536824002995928,45.3584723969638,-0.000559363006227166
42.49363,45.3516,-0.00743175997004641,45.359085582303,5.38223329882447e-05
42.50497,45.36289,0.00385824002995605,45.3596008635309,0.000569103560867752
42.5163,45.36203,0.00299824002995308,45.3599988533623,0.000967093392253209
42.52761,45.36116,0.00212824002995404,45.3602664148526,0.00123465488256681
42.53893,45.35821,-0.000821759970044411,45.360397493352,0.00136573338191728
42.55024,45.363,0.00396824002995544,45.3603932678003,0.00136150783020946
42.56158,45.35855,-0.000481759970043072,45.3602616798381,0.00122991986801342
42.57293,45.35654,-0.00249175997004158,45.3600165611239,0.000984801153870767
42.58424,45.36095,0.00191824002995844,45.3596766276053,0.000644867635258991
42.59559,45.36514,0.00610824002995258,45.3592645299258,0.00023276995573855
42.60692,45.35191,-0.00712175997004749,45.3588059904316,-0.000225769538483195
42.61826,45.35456,-0.00447175997004479,45.358328941139,-0.000702818831043749
42.62962,45.36482,0.00578824002995759,45.3578625528418,-0.00116920712828288
42.64094,45.36483,0.00579824002995366,45.3574359858221,-0.00159577414797968
42.65226,45.35382,-0.00521175997004519,45.3570765743664,-0.00195518560368123
42.6636,45.35349,-0.00554175997004336,45.356807254271,-0.0022245056990097
42.67492,45.35738,-0.00165175997004496,45.3566435118015,-0.00238824816850074
42.68626,45.35571,-0.00332175997004214,45.3565906609196,-0.00244109905040936
42.69756,45.34912,-0.0099117599700449,45.3566424354816,-0.00238932448841575
42.70887,45.35538,-0.00365175997004741,45.356781663228,-0.00225009674199876
42.7202,45.35692,-0.00211175997004176,45.3569833166092,-0.00204844336081041
42.73154,45.35531,-0.00372175997004121,45.3572195836062,-0.0018121763638053
42.74286,45.3713,0.0122682400299539,45.3574658710229,-0.00156588894718762
42.7542,45.35935,0.000318240029955064,45.3577061199698,-0.00132564000020709
42.76555,45.36163,0.00259824002995401,45.357935810415,-0.00109594955502095
42.7769,45.35373,-0.00530175997004534,45.3581616983249,-0.000870061645094629
42.78823,45.35278,-0.00625175997004135,45.3583984197024,-0.00063334026767591
42.79955,45.36367,0.00463824002995494,45.3586630571677,-0.000368702802296816
42.81086,45.35612,-0.002911759970047,45.3589691530844,-6.26068856561807e-05
42.8222,45.35702,-0.00201175997004555,45.359321490948,0.000289730977911803
42.83351,45.35688,-0.00215175997004735,45.359712603294,0.000680843323946309
42.84483,45.35987,0.000838240029956694,45.3601216312996,0.00108987132952638
42.85615,45.36079,0.00175824002995739,45.3605158127046,0.00148405273453109
42.86748,45.35912,8.82400299531128e-05,45.3608544417554,0.00182268178532368
42.8788,45.35793,-0.00110175997004092,45.3610947109591,0.00206295098907059
42.89015,45.3664,0.00736824002995462,45.3611985027553,0.00216674278525432
42.90148,45.37173,0.0126982400299553,45.361138948249,0.00210718827896308
42.9128,45.35536,-0.00367175997004665,45.3609054710157,0.00187371104563616
42.92413,45.36253,0.00349824002995547,45.3605062856684,0.00147452569834512
42.93544,45.35677,-0.00226175997004674,45.3599679686133,0.000936208643276639
42.94675,45.36156,0.00252824002995311,45.359332434239,0.000300674268931756
42.95808,45.35791,-0.00112175997004726,45.3586520490809,-0.000379710889117672
42.9694,45.36041,0.00137824002995757,45.3579836667883,-0.0010480931817191
42.98074,45.35444,-0.00459175997004735,45.3573823059658,-0.00164945400423724
42.99205,45.35741,-0.00162175997004255,45.3568951963546,-0.00213656361549671
43.0034,45.34905,-0.0099817599700458,45.3565569670371,-0.0024747929329034
43.01469,45.35726,-0.00177175997004753,45.3563867038464,-0.00264505612361195
43.02604,45.35849,-0.0005417599700408,45.3563873308176,-0.00264442915241029
43.03737,45.35614,-0.00289175997004065,45.3565472839318,-0.00248447603827207
43.0487,45.35675,-0.00228175997004598,45.3568439457453,-0.0021878142247258
43.06003,45.35704,-0.0019917599700463,45.3572480239522,-0.00178373601779889
43.07135,45.36156,0.00252824002995311,45.3577280172568,-0.00130374271324595
43.08267,45.3579,-0.00113175997004333,45.3582539923352,-0.000777767634831685
43.09402,45.36216,0.00312824002995882,45.3588000328048,-0.000231727165273134
43.10534,45.36401,0.00497824002995628,45.3593449651572,0.000313205187181876
43.11668,45.35835,-0.000681759970042606,45.3598713642538,0.000839604283737021
43.128,45.34939,-0.00964175997004446,45.3603633653057,0.00133160533561121
43.13935,45.35984,0.000808240029954277,45.3608043032809,0.00177254331086811
43.15069,45.36094,0.00190824002995527,45.3611753484504,0.00214358848037698
43.16202,45.36538,0.00634824002995771,45.3614558797939,0.00242411982390046
43.17333,45.36017,0.00113824002995244,45.3616255414764,0.00259378150632947
43.18463,45.36007,0.00103824002995623,45.3616672695713,0.00263550960124883
43.19596,45.37106,0.0120282400299558,45.3615703465959,0.00253858662588177
43.20731,45.35801,-0.00102175997004395,45.3613326417591,0.00230088178902589
43.21863,45.36156,0.00252824002995311,45.3609614609699,0.00192970099982018
43.22996,45.36395,0.00491824002995855,45.3604728255595,0.0014410655894369
43.24129,45.35536,-0.00367175997004665,45.3598894580622,0.00085769809211845
43.25264,45.3536,-0.00543175997004397,45.3592381209493,0.00020636097926712
43.26396,45.35813,-0.000901759970041383,45.3585470963224,-0.000484663647604712
43.27531,45.36028,0.00124824002995894,45.3578444255767,-0.00118733439335767
43.28663,45.35789,-0.00114175997004651,45.3571570569722,-0.00187470299787327
43.29796,45.35919,0.000158240029954015,45.3565105053851,-0.00252125458492524
43.30928,45.36302,0.00398824002995468,45.3559283458912,-0.00310341407885048
43.3206,45.35134,-0.00769175997004368,45.3554310000564,-0.00360075991359508
43.33192,45.35019,-0.00884175997004633,45.3550337531734,-0.00399800679663529
43.34325,45.35378,-0.00525175997004368,45.3547445222517,-0.00428723771830519
43.35456,45.35282,-0.00621175997004286,45.3545622363465,-0.00446952362356856
43.36592,45.35377,-0.00526175997004685,45.354476560604,-0.00455519936602593
43.37724,45.35616,-0.00287175997004141,45.3544691976887,-0.00456256228133891
43.38855,45.35901,-2.17599700462756e-05,45.3545164597423,-0.00451530022777269
43.39987,45.3504,-0.00863175997004362,45.3545924777916,-0.00443928217846162
43.41122,45.35758,-0.00145175997004543,45.3546723859316,-0.00435937403844055
43.42253,45.35772,-0.00131175997004362,45.3547350126084,-0.0042967473616379
43.43385,45.3472,-0.0118317599700433,45.3547648715887,-0.00426688838131134
43.44519,45.35678,-0.00225175997004357,45.3547534490607,-0.00427831090937184
43.45653,45.35498,-0.00405175997004648,45.3546998701332,-0.00433188983679844
43.46789,45.356,-0.00303175997004246,45.3546109499404,-0.00442081002965496
43.47925,45.36167,0.0026382400299525,45.3545004478182,-0.00453131215180575
43.49059,45.34883,-0.0102017599700446,45.3543872633051,-0.00464449666499049
43.50193,45.35569,-0.00334175997004138,45.3542925138474,-0.004739246122601
43.51326,45.35509,-0.00394175997004709,45.3542358396247,-0.00479592034532622
43.52457,45.3544,-0.00463175997004583,45.3542316437098,-0.00480011626028269
43.53591,45.34096,-0.0180717599700415,45.3542861356088,-0.00474562436120764
43.54725,45.35765,-0.00138175997004453,45.3543959891825,-0.00463577078755752
43.5586,45.3604,0.00136824002995439,45.3545491074627,-0.00448265250737092
43.56992,45.35196,-0.00707175997004583,45.3547273845408,-0.00430437542923612
43.58126,45.35852,-0.000511759970045489,45.3549107340709,-0.004121025899125
43.59259,45.34881,-0.0102217599700438,45.3550813988473,-0.00395036112279156
43.60393,45.36038,0.00134824002995515,45.3552276895261,-0.00380407044392763
43.61526,45.3592,0.00016824002995719,45.3553465089897,-0.00368525098032095
43.62659,45.35989,0.000858240029955937,45.3554441312257,-0.00358762874433717
43.63793,45.35263,-0.00640175997004633,45.3555348841763,-0.00349687579377194
43.64927,45.35416,-0.00487175997004385,45.3556378350904,-0.00339392487966879
43.66059,45.352,-0.00703175997004735,45.3557721914889,-0.00325956848110021
43.67194,45.35703,-0.00200175997004237,45.3559525599425,-0.00307920002751138
43.68328,45.35402,-0.00501175997004566,45.356185212034,-0.00284654793599537
43.69464,45.35357,-0.00546175997004639,45.3564661705063,-0.00256558946375111
43.70596,45.35603,-0.00300175997004715,45.3567814760725,-0.0022502838975622
43.71732,45.35744,-0.00159175997004724,45.3571095526193,-0.0019222073507572
43.72866,45.35831,-0.000721759970041091,45.3574251597499,-0.00160660022011561
43.73998,45.36052,0.00148824002995696,45.3577040398114,-0.00132772015859741
43.75133,45.36602,0.0069882400299548,45.3579271510321,-0.00110460893795039
43.76263,45.35154,-0.00749175997004414,45.3580834554433,-0.000948304526762277
43.77395,45.36574,0.00670824002995829,45.3581706396542,-0.000861120315815783
43.78528,45.35486,-0.00417175997004193,45.3581937758067,-0.000837984163326486
43.79663,45.35231,-0.00672175997004132,45.3581625479326,-0.000869212037457772
43.80796,45.35656,-0.00247175997004234,45.3580880673941,-0.000943692575902424
43.81931,45.35672,-0.00231175997004129,45.3579803552081,-0.00105140476197501
43.83065,45.35516,-0.00387175997004618,45.3578472310509,-0.00118452891918748
43.84198,45.36102,0.00198824002995934,45.3576947266075,-0.00133703336258668
43.85331,45.36508,0.00604824002995485,45.3575284990702,-0.0015032608998145
43.86466,45.35497,-0.00406175997004254,45.3573553303393,-0.00167642963074815
43.87601,45.35739,-0.00164175997004179,45.3571838272332,-0.00184793273685606
43.88736,45.35988,0.000848240029952763,45.357023864874,-0.00200789509602644
43.8987,45.35395,-0.00508175997004656,45.3568848853397,-0.00214687463032738
43.91006,45.35736,-0.00167175997004421,45.3567735964135,-0.00225816355657748
43.92139,45.35233,-0.00670175997004208,45.3566918281928,-0.00233993177723067
43.93272,45.3511,-0.0079317599700417,45.3566353273027,-0.00239643266736046
43.94405,45.35761,-0.00142175997004301,45.3565940670205,-0.00243769294952273
43.95538,45.35874,-0.000291759970046712,45.3565541771073,-0.00247758286275537
43.96674,45.36586,0.00682824002995375,45.35650095464,-0.00253080533004921
43.97806,45.35558,-0.00345175997004077,45.3564219307857,-0.002609829184349
43.98941,45.35514,-0.00389175997004543,45.3563089874339,-0.00272277253613462
44.00074,45.35554,-0.00349175997004636,45.3561590777669,-0.00287268220313558
44.01205,45.35025,-0.00878175997004149,45.3559738355479,-0.00305792442219105
44.02338,45.35603,-0.00300175997004715,45.3557587969614,-0.00327296300867777
44.03472,45.3547,-0.00433175997004298,45.3555229128036,-0.00350884716641594
44.04603,45.356,-0.00303175997004246,45.3552786188397,-0.00375314113032031
44.05734,45.35533,-0.00370175997004196,45.3550422201176,-0.00398953985246234
44.06868,45.36368,0.00464824002995812,45.3548339682561,-0.00419779171394565
44.08003,45.35617,-0.00286175997004534,45.3546771141919,-0.00435464577815466
44.09134,45.35183,-0.00720175997004446,45.3545954803182,-0.00443627965180264
44.10265,45.34919,-0.009841759970044,45.354609691637,-0.00442206833304588
44.114,45.35508,-0.00395175997004316,45.3547328766273,-0.00429888334272624
44.12532,45.35636,-0.00267175997004188,45.3549669887303,-0.00406477123977345
44.13667,45.35385,-0.00518175997004278,45.3553007422468,-0.00373101772320979
44.14801,45.35247,-0.00656175997004738,45.3557097424421,-0.00332201752795548
44.15935,45.34937,-0.0096617599700437,45.3561590267362,-0.00287273323383278
44.17069,45.35291,-0.00612175997004272,45.3566079211085,-0.00242383886152978
44.18202,45.3703,0.0112682400299562,45.3570166251542,-0.00201513481582202
44.19335,45.36434,0.00530824002995445,45.3573532355452,-0.00167852442483872
44.20469,45.35535,-0.00368175997004272,45.3575994055614,-0.00143235440860496
44.21602,45.36076,0.00172824002995497,45.3577530405942,-0.00127871937583488
44.22734,45.35912,8.82400299531128e-05,45.3578273707699,-0.00120438920013906
44.23865,45.35326,-0.00577175997004531,45.3578468769657,-0.00118488300431104
44.24997,45.35313,-0.00590175997004394,45.3578413492471,-0.00119041072297753
44.26131,45.35826,-0.000771759970042751,45.3578396739005,-0.00119208606949929
44.27266,45.34886,-0.0101717599700422,45.3578648034801,-0.00116695648994864
44.284,45.36459,0.00555824002995564,45.3579308240767,-0.00110093589336707
44.29532,45.36032,0.00128824002995742,45.3580422650546,-0.000989494915430758
44.30665,45.35958,0.000548240029957014,45.3581950867081,-0.000836673261904899
44.31799,45.36295,0.00391824002995378,45.3583784286704,-0.000653331299600237
44.32934,45.35444,-0.00459175997004735,45.3585763445132,-0.000455415456800708
44.34065,45.35655,-0.00248175997004552,45.3587692401474,-0.000262519822612071
44.35199,45.35483,-0.00420175997004435,45.358935235173,-9.65247970819368e-05
44.36331,45.36299,0.00395824002995937,45.359051866794,2.01068239393326e-05
44.37466,45.36066,0.00162824002995876,45.3590983630063,6.6603036271145e-05
44.38602,45.35667,-0.00236175997004295,45.3590583225799,2.65626098079894e-05
44.39735,45.35947,0.000438240029957626,45.3589223721867,-0.000109387783322903
44.40867,45.35974,0.000708240029958063,45.3586903503445,-0.000341409625526222
44.42001,45.35886,-0.00017175997004415,45.3583726593318,-0.00065910063822191
44.43132,45.35737,-0.00166175997004103,45.3579904906819,-0.00104126928810135
44.44267,45.36529,0.00625824002995756,45.3575746856299,-0.00145707434011973
44.45399,45.3556,-0.00343175997004153,45.3571631275303,-0.00186863243971333
44.46534,45.34837,-0.0106617599700414,45.3567968383588,-0.00223492161125118
44.47669,45.35931,0.000278240029956578,45.3565153228067,-0.00251643716331973
44.48804,45.35947,0.000438240029957626,45.3563519554202,-0.00267980454986891
44.49939,45.35357,-0.00546175997004639,45.3563301391077,-0.00270162086235856
44.51072,45.34961,-0.00942175997004568,45.356460688297,-0.00257107167301697
44.52206,45.36283,0.00379824002995832,45.3567406595284,-0.00229110044159888
44.53337,45.35377,-0.00526175997004685,45.3571536692287,-0.00187809074133866
44.54469,45.36334,0.00430824002995678,45.3576714711703,-0.00136028879975852
44.55603,45.35721,-0.00182175997004208,45.3582563005744,-0.000775459395690089
44.56734,45.36502,0.00598824002995713,45.3588634480804,-0.00016831188961569
44.57867,45.35278,-0.00625175997004135,45.3594437723802,0.000412012410188156
44.59,45.35562,-0.00341175997004228,45.3599462727955,0.0009145128254681
44.60129,45.35624,-0.00279175997004444,45.3603211836804,0.00128942371035557
44.61263,45.36335,0.00431824002995285,45.3605240371586,0.00149227718858578
44.62398,45.36045,0.00141824002995605,45.3605206552015,0.00148889523145873
44.63528,45.36609,0.0070582400299557,45.3602923191805,0.00126055921043023
44.6466,45.36477,0.00573824002995593,45.3598398623078,0.000808102337769971
44.65792,45.35778,-0.0012517599700459,45.359185427525,0.000153667554995696
44.66923,45.36098,0.00194824002995375,45.3583711285512,-0.000660631418851907
44.68057,45.35707,-0.00196175997004389,45.3574546202773,-0.00157713969277512
44.69191,45.35296,-0.00607175997004106,45.3565023233588,-0.00252943661123344
44.70327,45.35178,-0.00725175997004612,45.3555815360528,-0.00345022391721263
44.71458,45.35801,-0.00102175997004395,45.3547528201957,-0.00427893977434334
44.7259,45.34926,-0.00977175997004309,45.354063874526,-0.00496788544406337
44.73724,45.34989,-0.00914175997004207,45.3535457068831,-0.00548605308690526
44.74855,45.35157,-0.00746175997004173,45.3532114359785,-0.00582032399151192
44.75989,45.35728,-0.00175175997004118,45.3530575440563,-0.00597421591373578
44.77125,45.36271,0.00367824002995576,45.3530668578965,-0.00596490207353453
44.78257,45.35239,-0.00664175997004435,45.3532121355826,-0.00581962438748973
44.79391,45.3532,-0.00583175997004304,45.3534592107067,-0.00557254926332329
44.80526,45.34566,-0.0133717599700418,45.3537692735377,-0.0052624864323614
44.8166,45.3587,-0.000331759970045198,45.3541006553847,-0.00493110458534384
44.82795,45.34628,-0.012751759970044,45.354410888952,-0.00462087101800266
44.83929,45.35654,-0.00249175997004158,45.3546596525041,-0.00437210746594686
44.85062,45.35169,-0.00734175997004627,45.3548126774602,-0.00421908250986897
44.86195,45.36334,0.00430824002995678,45.3548460902626,-0.00418566970748927
44.87328,45.35958,0.000548240029957014,45.3547501652299,-0.00428159474012556
44.88463,45.35716,-0.00187175997004374,45.3545312943406,-0.00450046562945434
44.89597,45.35045,-0.00858175997004196,45.354211326066,-0.0048204339040565
44.90732,45.35482,-0.00421175997004752,45.353824221937,-0.00520753803306481
44.91864,45.34576,-0.0132717599700456,45.3534108292861,-0.00562093068391326
44.92999,45.35424,-0.00479175997004688,45.3530130359659,-0.00601872400413338
44.94134,45.35646,-0.00257175997004566,45.352668506134,-0.00636325383608301
44.95267,45.34577,-0.0132617599700424,45.3524067681662,-0.00662499180387934
44.96404,45.35445,-0.00458175997004417,45.3522469487631,-0.00678481120693353
44.97536,45.35255,-0.0064817599700433,45.3521971211145,-0.00683463885558416
44.98671,45.35537,-0.00366175997004348,45.352255037798,-0.00677672217208916
44.99803,45.34873,-0.0103017599700408,45.3524098836258,-0.00662187634422813
45.00939,45.35437,-0.00466175997004115,45.3526446509375,-0.00638710903259073
45.02072,45.35371,-0.00532175997004458,45.3529388272615,-0.00609293270856501
45.03202,45.3492,-0.00983175997004082,45.3532711888568,-0.00576057111325771
45.04333,45.35378,-0.00525175997004368,45.3536225194111,-0.00540924055890786
45.05465,45.35911,7.8240029957044e-05,45.353978010197,-0.0050537497730301
45.06599,45.35458,-0.00445175997004554,45.354328978062,-0.00470278190809631
45.07732,45.35899,-4.17599700455185e-05,45.3546734708133,-0.0043582891567439
45.08868,45.35009,-0.00894175997004254,45.3550154816401,-0.00401627832992656
45.1,45.35536,-0.00367175997004665,45.3553628859538,-0.00366887401626769
45.11134,45.35292,-0.00611175997004665,45.3557246288751,-0.00330713109496025
45.12265,45.35581,-0.00322175997004592,45.3561078652405,-0.00292389472951031
45.13397,45.36205,0.00301824002995943,45.3565156111491,-0.00251614882093352
45.1453,45.35339,-0.00564175997004668,45.3569451672249,-0.00208659274519225
45.15664,45.35212,-0.00691175997004478,45.3573873600321,-0.00164439993790115
45.16796,45.36673,0.00769824002995279,45.3578266087041,-0.00120515126599409
45.17928,45.3541,-0.00493175997004158,45.3582418323461,-0.000789927623905964
45.19063,45.355,-0.00403175997004723,45.3586081566445,-0.000423603325515433
45.20197,45.35959,0.000558240029953083,45.3588993084267,-0.0001324515433507
45.21328,45.3611,0.00206824002995631,45.35909052913,5.8769159923619e-05
45.2246,45.35783,-0.00120175997004424,45.359161695995,0.000129936024924688
45.23592,45.36749,0.00845824002995244,45.3591001335253,6.83735552465109e-05
45.24726,45.35551,-0.00352175997004167,45.3589025267975,-0.00012923317259317
45.25856,45.3567,-0.00233175997004764,45.3585755513852,-0.000456208584852042
45.2699,45.35899,-4.17599700455185e-05,45.3581352361141,-0.000896523855958218
45.28126,45.35508,-0.00395175997004316,45.3576054394693,-0.00142632050079002
45.29259,45.3545,-0.00453175997004251,45.3570159388509,-0.00201582111912873
45.30394,45.3564,-0.00263175997004339,45.3564004806755,-0.00263127929452437
45.31528,45.36524,0.0062082400299559,45.3557948359536,-0.0032369240163955
45.32662,45.35368,-0.005351759970047,45.3552346132954,-0.00379714667463508
45.33797,45.35532,-0.00371175997004514,45.3547525161611,-0.00427924380892865
45.3493,45.35563,-0.00340175997004621,45.354375042967,-0.00465671700305328
45.36062,45.3418,-0.0172317599700449,45.3541191742731,-0.00491258569696548
45.37193,45.35441,-0.00462175997004266,45.35398999261,-0.00504176736004611
45.38326,45.357,-0.00203175997004479,45.3539801216876,-0.0050516382824247
45.39457,45.35441,-0.00462175997004266,45.3540713216546,-0.00496043831549518
45.40591,45.35579,-0.00324175997004517,45.3542378463291,-0.00479391364095511
45.41724,45.35512,-0.00391175997004467,45.3544506963736,-0.00458106359647925
45.42854,45.35789,-0.00114175997004651,45.3546818712298,-0.00434988874024594
45.43988,45.34998,-0.00905175997004193,45.354907978714,-0.0041237812560667
45.45122,45.35412,-0.00491175997004234,45.3551128790839,-0.00391888088610786
45.46255,45.35587,-0.00316175997004109,45.3552892619121,-0.00374249805797798
45.4739,45.36111,0.00207824002995238,45.3554390735913,-0.00359268637872098
45.48524,45.35778,-0.0012517599700459,45.3555725756922,-0.00345918427785895
45.49659,45.36096,0.00192824002995451,45.3557057765668,-0.0033259834032238
45.5079,45.35045,-0.00858175997004196,45.3558562957471,-0.00317546422291995
45.51921,45.34752,-0.0115117599700412,45.3560383611405,-0.00299339882952931
45.53052,45.35532,-0.00371175997004514,45.3562582409337,-0.00277351903638793
45.54186,45.35254,-0.00649175997004647,45.3565115229122,-0.00252023705780193
45.55319,45.3612,0.00216824002995253,45.3567830981934,-0.00224866177668764
45.56452,45.35853,-0.000501759970042315,45.3570497688418,-0.00198199112827258
45.57585,45.35949,0.000458240029956869,45.3572845939074,-0.00174716606262678
45.58717,45.35814,-0.000891759970045314,45.3574617597257,-0.00157000024433786
45.59851,45.35846,-0.000571759970043217,45.3575609114665,-0.0014708485035271
45.60983,45.35486,-0.00417175997004193,45.3575702891645,-0.00146147080553835
45.62119,45.35793,-0.00110175997004092,45.3574884170941,-0.00154334287589899
45.63253,45.35873,-0.000301759970042781,45.357324339936,-0.0017074200340728
45.64385,45.36013,0.00109824002995396,45.3570964581318,-0.00193530183821017
45.65519,45.35759,-0.00144175997004226,45.3568300015215,-0.0022017584485756
45.66655,45.35592,-0.00311175997004653,45.3565532691645,-0.00247849080551341
45.67789,45.36217,0.00313824002995489,45.356293034013,-0.00273872595700994
45.68923,45.34333,-0.0157017599700424,45.3560698856084,-0.00296187436162342
45.70058,45.35093,-0.00810175997004592,45.3558945968089,-0.00313716316118058
45.71193,45.35398,-0.00505175997004415,45.3557666287674,-0.00326513120261018
45.72326,45.36265,0.00361824002995803,45.3556754096214,-0.00335635034865632
45.73459,45.35825,-0.000781759970045925,45.3556041008465,-0.00342765912352171
45.74593,45.3541,-0.00493175997004158,45.3555347041757,-0.00349705579434969
45.75726,45.3577,-0.00133175997004287,45.3554530792668,-0.00357868070324231
45.76859,45.35891,-0.00012175997004249,45.35535275205,-0.00367900792000522
45.77994,45.34904,-0.00999175997004187,45.3552369176563,-0.00379484231378065
45.79128,45.35689,-0.00214175997004418,45.3551184817037,-0.00391327826630223
45.8026,45.36113,0.00209824002995873,45.3550182587941,-0.00401350117590102
45.81394,45.35513,-0.0039017599700415,45.3549615724812,-0.00407018748884071
45.82529,45.35427,-0.00476175997004447,45.35497360013,-0.00405815984002026
45.83662,45.34949,-0.00954175997004114,45.3550740569081,-0.00395770306196668
45.84796,45.35347,-0.0055617599700426,45.3552721720143,-0.00375958795574699
45.85931,45.35772,-0.00131175997004362,45.3555630742105,-0.00346868575949914
45.87065,45.35324,-0.00579175997004455,45.3559264743403,-0.00310528562971556
45.88198,45.35203,-0.00700175997004493,45.3563280490038,-0.00270371096623572
45.8933,45.35417,-0.00486175997004068,45.356723444672,-0.00230831529800391
45.90466,45.36376,0.00472824002995509,45.3570643872675,-0.00196737270255524
45.91599,45.35949,0.000458240029956869,45.3573059224816,-0.00172583748843724
45.92731,45.35865,-0.000381759970046858,45.3574134310489,-0.00161832892116108
45.93865,45.36211,0.00307824002995716,45.3573680320121,-0.00166372795798018
45.95,45.35395,-0.00508175997004656,45.3571694008837,-0.00186235908635639
45.96131,45.36301,0.00397824002995861,45.356835689002,-0.00219607096806755
45.97261,45.34402,-0.0150117599700437,45.3564008704037,-0.00263088956636629
45.98396,45.3587,-0.000331759970045198,45.3559102914961,-0.00312146847395051
45.9953,45.36057,0.00153824002995862,45.3554153363994,-0.00361642357064802
46.00664,45.35509,-0.00394175997004709,45.3549679267645,-0.00406383320551022
46.01797,45.35133,-0.00770175997004685,45.3546152750184,-0.00441648495166418
46.0293,45.35199,-0.00704175997004342,45.3543952192619,-0.00463654070813043
46.04062,45.35394,-0.00509175997004263,45.3543325905365,-0.00469916943353123
46.05194,45.3553,-0.00373175997004438,45.3544370947846,-0.00459466518540396
46.06326,45.3539,-0.00513175997004112,45.3547029633995,-0.00432879657051675
46.07459,45.35782,-0.00121175997004741,45.3551102904513,-0.00392146951870735
46.08595,45.35041,-0.00862175997004755,45.3556277492262,-0.00340401074384548
46.09727,45.35652,-0.00251175997004083,45.356216308804,-0.00281545116603231
46.1086,45.36356,0.00452824002995555,45.3568335422494,-0.00219821772065759
46.11992,45.35269,-0.00634175997004149,45.3574380398579,-0.00159372011217889
46.13125,45.3597,0.000668240029952472,45.3579933747085,-0.00103838526155755
46.14259,45.36238,0.00334824002995759,45.3584711342636,-0.000560625706404133
46.15392,45.35732,-0.00171175997004269,45.3588527227321,-0.000179037237965279
46.16527,45.35223,-0.0068017599700454,45.3591298576961,9.80977260173456e-05
46.17657,45.366,0.00696824002995555,45.3593038670773,0.000272107107286757
46.1879,45.36298,0.0039482400299562,45.3593839675812,0.000352207611104662
46.19922,45.36121,0.0021782400299557,45.3593846617336,0.000352901763509511
46.21056,45.35421,-0.00482175997004219,45.3593224286459,0.000290668675878739
46.22189,45.3538,-0.00523175997004444,45.3592121889184,0.000180428948364487
46.23322,45.35655,-0.00248175997004552,45.3590643949491,3.26349790395122e-05
46.24457,45.3653,0.00626824002995363,45.3588836070941,-0.000148152875983729
46.2559,45.35331,-0.00572175997004365,45.3586689385425,-0.000362821427577733
46.26722,45.36372,0.0046882400299566,45.3584161191429,-0.000615640827165854
46.27856,45.35533,-0.00370175997004196,45.3581205392448,-0.000911220725225141
46.28989,45.35921,0.000178240029953258,45.357780574609,-0.00125118536109104
46.30124,45.35629,-0.00274175997004278,45.3574005970927,-0.00163116287734514
46.31257,45.35711,-0.0019217599700454,45.3569931857198,-0.00203857425022829
46.3239,45.35852,-0.000511759970045489,45.3565801100247,-0.00245164994538092
46.33525,45.36341,0.00437824002995768,45.3561916791041,-0.00284008086593414
46.34656,45.35571,-0.00332175997004214,45.3558641371433,-0.00316762282678313
46.35791,45.35676,-0.00227175997004281,45.3556350926109,-0.00339666735918188
46.36924,45.34499,-0.0140417599700413,45.3555375362413,-0.00349422372870976
46.38055,45.35967,0.00063824002995716,45.355593608155,-0.00343815181499615
46.3919,45.35015,-0.00888175997004481,45.3558095398769,-0.00322222009318489
46.40319,45.35555,-0.00348175997004319,45.356172939967,-0.00285882000299789
46.41453,45.35876,-0.000271759970047469,45.3566529859395,-0.00237877403050606
46.42588,45.35501,-0.00402175997004406,45.3572034412762,-0.0018283186938216
46.43719,45.356,-0.00303175997004246,45.3577679236714,-0.00126383629860381
46.44851,45.36465,0.00561824002995337,45.3582865428585,-0.000745217111542866
46.45984,45.35863,-0.000401759970046101,45.3587028671454,-0.000328892824641754
46.47116,45.36414,0.00510824002995491,45.3589701663567,-6.15936133155476e-05
46.4825,45.35329,-0.00574175997004289,45.3590560889236,2.43289535862361e-05
46.49384,45.36077,0.00173824002995815,45.3589453666047,-8.63933653466364e-05
46.50518,45.35806,-0.000971759970042285,45.3586406097715,-0.000391150198507782
46.51653,45.35658,-0.0024517599700431,45.3581615209629,-0.000870239007096412
46.52787,45.35871,-0.000321759970042024,45.3575428625443,-0.00148889742578325
46.53918,45.35712,-0.00191175997004223,45.3568313917787,-0.00220036819139079
46.55051,45.35738,-0.00165175997004496,45.35608185508,-0.0029499048900877
46.56185,45.36178,0.00274824002995899,45.3553520862744,-0.00367967369567085
46.57319,45.34771,-0.0113217599700448,45.354697344276,-0.00433441569408354
46.58452,45.35286,-0.00617175997004438,45.354164281939,-0.00486747803104301
46.59584,45.35964,0.000608240029954743,45.3537852515036,-0.00524650846648287
46.60719,45.34546,-0.0135717599700413,45.3535738157712,-0.00545794419885927
46.61852,45.35555,-0.00348175997004319,45.3535222669536,-0.00550949301646519
46.62985,45.35155,-0.00748175997004097,45.3536017610757,-0.00542999889432356
46.6412,45.34545,-0.0135817599700445,45.3537654254573,-0.00526633451275391
46.65254,45.35248,-0.0065517599700442,45.3539544264121,-0.00507733355797139
46.66387,45.36309,0.00405824002995558,45.3541064183351,-0.0049253416349694
46.67522,45.35873,-0.000301759970042781,45.3541650915467,-0.00486666842332711
46.68653,45.35579,-0.00324175997004517,45.3540889970307,-0.00494276293932551
46.69788,45.35571,-0.00332175997004214,45.3538578570433,-0.00517390292679435
46.70923,45.35322,-0.00581175997004379,45.3534752465934,-0.0055565133766542
46.72056,45.35166,-0.00737175997004158,45.3529674694311,-0.00606429053894854
46.73188,45.34893,-0.0101017599700413,45.3523792070036,-0.00665255296646682
46.74318,45.3572,-0.00183175997004525,45.3517669024504,-0.0072648575196526
46.75454,45.35349,-0.00554175997004336,45.3511909019265,-0.00784085804354932
46.76585,45.3458,-0.0132317599700471,45.3507073061451,-0.00832445382498635
46.77716,45.34338,-0.0156517599700408,45.3503605037685,-0.00867125620155644
46.78848,45.35468,-0.00435175997004222,45.350177457304,-0.00885430266607554
46.79979,45.34378,-0.0152517599700417,45.3501647214995,-0.00886703847055715
46.81113,45.34821,-0.0108217599700424,45.3503087254283,-0.00872303454170897
46.82246,45.35314,-0.00589175997004077,45.3505791920315,-0.00845256793857483
46.83378,45.35578,-0.00325175997004123,45.3509349329766,-0.00809682699340049
46.84512,45.35415,-0.00488175997004703,45.3513307838882,-0.00770097608182145
46.85646,45.34814,-0.0108917599700433,45.3517242903775,-0.00730746959250744
46.86781,45.35554,-0.00349175997004636,45.3520810150678,-0.00695074490227535
46.87915,45.35247,-0.00656175997004738,45.3523778426416,-0.00665391732847655
46.89051,45.35651,-0.002521759970044,45.3526041179764,-0.00642764199362984
46.90185,45.34714,-0.011891759970041,45.3527607624893,-0.0062709974807619
46.91316,45.35828,-0.000751759970043508,45.3528577731463,-0.00617398682372207
46.92449,45.34491,-0.0141217599700454,45.3529107539753,-0.00612100599474321
46.93584,45.3512,-0.00783175997004548,45.3529372623916,-0.00609449757845358
46.94715,45.35645,-0.00258175997004173,45.3529536662576,-0.00607809371249201
46.9585,45.35801,-0.00102175997004395,45.3529728949213,-0.00605886504876204
46.96985,45.34694,-0.0120917599700476,45.3530030865545,-0.00602867341554036
46.98121,45.35321,-0.00582175997004697,45.3530469473793,-0.00598481259077614
46.99253,45.35564,-0.00339175997004304,45.3531017231341,-0.00593003683593755
47.00385,45.35239,-0.00664175997004435,45.3531598209166,-0.00587193905339962
47.01518,45.35421,-0.00482175997004219,45.3532101290784,-0.00582163089168015
47.0265,45.34307,-0.0159617599700468,45.3532400363507,-0.00579172361933599
47.03782,45.35473,-0.00430175997004056,45.3532381139638,-0.00579364600626624
47.04915,45.36149,0.00245824002995931,45.3531972500733,-0.00583450989675406
47.06048,45.3563,-0.00273175997004671,45.35311762579,-0.00591413418002773
47.07183,45.35609,-0.00294175997004231,45.3530085794179,-0.006023180552193
47.08317,45.34639,-0.0126417599700446,45.3528885489975,-0.00614321097258991
47.09447,45.35366,-0.00537175997004624,45.3527829406434,-0.00624881932668713
47.10582,45.35548,-0.00355175997004409,45.3527204813173,-0.00631127865273303
47.11713,45.34315,-0.0158817599700427,45.3527289445451,-0.0063028154249083
47.12848,45.36026,0.00122824002995259,45.3528310628258,-0.0062006971442925
47.13979,45.35679,-0.0022417599700475,45.3530411851572,-0.0059905748128013
47.15114,45.3453,-0.0137317599700424,45.3533629988495,-0.00566876112052343
47.16246,45.35156,-0.0074717599700449,45.3537885404535,-0.00524321951658316
47.17381,45.35158,-0.00745175997004566,45.3542987480457,-0.00473301192436006
47.18512,45.35843,-0.000601759970045634,45.3548656986923,-0.00416606127771525
47.19644,45.36049,0.00145824002995454,45.3554562500371,-0.00357550993294208
47.20776,45.35661,-0.00242175997004068,45.3560362961393,-0.0029954638307779
47.2191,45.35435,-0.00468175997004749,45.3565746717537,-0.00245708821638318
47.23045,45.35823,-0.000801759970045168,45.3570460191674,-0.00198574080260074
47.24176,45.35997,0.000938240029952908,45.3574324048917,-0.00159935507835348
47.25312,45.35494,-0.00409175997004496,45.3577238285175,-0.001307931452514
47.26445,45.35787,-0.00116175997004575,45.357917939387,-0.00111382058306112
47.2758,45.35373,-0.00530175997004534,45.3580193618552,-0.00101239811485453
47.28712,45.35852,-0.000511759970045489,45.3580390301361,-0.000992729833989163
47.29844,45.35385,-0.00518175997004278,45.3579937584766,-0.00103800149349294
47.30977,45.37041,0.0113782400299556,45.3579059125985,-0.00112584737151956
47.32108,45.35768,-0.00135175997004211,45.3578026663495,-0.00122909362054486
47.33242,45.35517,-0.00386175997004301,45.3577142035919,-0.0013175563781863
47.34378,45.36209,0.00305824002995791,45.3576705480477,-0.00136121192230047
47.35509,45.35341,-0.00562175997004744,45.3576973342648,-0.001334425705258
47.36644,45.35088,-0.00815175997004758,45.3578113974692,-0.00122036250089004
47.37778,45.35916,0.000128240029958704,45.3580172853995,-0.00101447457052383
47.38913,45.35878,-0.000251759970041121,45.3583056141655,-0.00072614580456026
47.40048,45.35786,-0.00117175997004182,45.3586536800528,-0.000378079917242543
47.41183,45.36298,0.0039482400299562,45.3590281396075,-3.62036256894697e-06
47.42316,45.357,-0.00203175997004479,45.3593891738126,0.000357413842554476
47.43451,45.35449,-0.00454175997004569,45.3596954591641,0.000663699194085111
47.44584,45.36879,0.00975824002995296,45.3599093395836,0.000877579613547833
47.45716,45.35451,-0.00452175997004645,45.3600016300189,0.000969870048882727
47.46851,45.36421,0.00517824002995582,45.3599554324504,0.000923672480383836
47.47985,45.36069,0.00165824002995407,45.3597683287022,0.000736568732153348
47.49122,45.36569,0.00665824002995663,45.359452445165,0.000420685194950833
47.50256,45.36013,0.00109824002995396,45.3590321771842,4.17214143279848e-07
47.5139,45.35104,-0.00799175997004653,45.3585398238243,-0.00049193614571343
47.52522,45.35672,-0.00231175997004129,45.3580099684716,-0.0010217914983951
47.53656,45.35147,-0.00756175997004505,45.3574738872725,-0.00155787269758218
47.54792,45.36144,0.00240824002995765,45.3569552464164,-0.00207651355362298
47.55926,45.3572,-0.00183175997004525,45.3564678222025,-0.00256393776756145
47.57058,45.35782,-0.00121175997004741,45.3560152855627,-0.00301647440734684
47.58192,45.35022,-0.00881175997004391,45.3555926469539,-0.00343911301612161
47.59325,45.35821,-0.000821759970044411,45.3551888854959,-0.00384287447416038
47.60459,45.35147,-0.00756175997004505,45.3547903826131,-0.00424137735689891
47.61593,45.35358,-0.00545175997004321,45.3543847803719,-0.0046469795981895
47.62725,45.36223,0.00319824002995261,45.3539647240414,-0.00506703592866253
47.63859,45.3547,-0.00433175997004298,45.3535307624442,-0.00550099752582188
47.64994,45.3532,-0.00583175997004304,45.3530926767126,-0.00593908325744485
47.6613,45.35578,-0.00325175997004123,45.3526688375971,-0.00636292237293164
47.67265,45.33871,-0.0203217599700452,45.3522837822766,-0.00674797769341284
47.68399,45.35648,-0.00255175997004642,45.3519647360394,-0.00706702393062534
47.69534,45.35446,-0.004571759970041,45.3517379441052,-0.00729381586486762
47.70668,45.35624,-0.00279175997004444,45.3516253660281,-0.00740639394196186
47.71801,45.34982,-0.00921175997004298,45.3516418564788,-0.0073899034912008
47.72934,45.34638,-0.0126517599700406,45.3517928539978,-0.0072389059721994
47.7407,45.34909,-0.00994175997004731,45.3520728726743,-0.00695888729574915
47.75201,45.35205,-0.00698175997004569,45.352465331201,-0.00656642876907741
47.76332,45.35223,-0.0068017599700454,45.3529440772976,-0.00608768267246343
47.77464,45.36144,0.00240824002995765,45.3534764155495,-0.00555534442052822
47.78594,45.35368,-0.005351759970047,45.3540268952902,-0.0050048646798773
47.79731,45.35474,-0.0042917599700445,45.3545609209276,-0.00447083904249354
47.80867,45.35822,-0.000811759970041237,45.3550475089858,-0.00398425098428149
47.81999,45.3468,-0.0122317599700423,45.3554610408987,-0.00357071907132184
47.83134,45.35333,-0.00570175997004441,45.3557823235886,-0.00324943638139861
47.84269,45.36263,0.00359824002995879,45.3559994146508,-0.00303234531920262
47.85404,45.35595,-0.00308175997004412,45.3561084329049,-0.00292332706516175
47.86537,45.35812,-0.000911759970044557,45.3561141703218,-0.00291758964827168
47.87671,45.34828,-0.0107517599700415,45.3560301113791,-0.00300164859099103
47.88805,45.36461,0.00557824002995488,45.3558775797369,-0.00315418023311939
47.89936,45.3564,-0.00263175997004339,45.3556839418101,-0.00334781815996368
47.91072,45.35353,-0.00550175997004487,45.3554799098943,-0.0035518500756993
47.92204,45.35511,-0.00392175997004074,45.3552961072347,-0.00373565273534901
47.93338,45.35263,-0.00640175997004633,45.3551592988091,-0.0038724611609672
47.94472,45.35754,-0.00149175997004392,45.3550889171686,-0.00394284280146535
47.95604,45.35089,-0.0081417599700444,45.3550945370902,-0.0039372228797969
47.96739,45.35285,-0.00618175997004755,45.3551747894777,-0.00385697049232421
47.97872,45.35457,-0.00446175997004161,45.3553179557227,-0.0037138042473334
47.99006,45.3623,0.00326824002995352,45.3555041660568,-0.00352759391323286
48.0014,45.35373,-0.00530175997004534,45.3557087637255,-0.0033229962445351
48.01273,45.35488,-0.00415175997004269,45.3559061574396,-0.00312560253043795
48.02407,45.35492,-0.0041117599700442,45.3560735202905,-0.00295823967958763
48.03542,45.35825,-0.000781759970045925,45.3561939024359,-0.00283785753412567
48.04676,45.36173,0.00269824002995733,45.3562584678344,-0.00277329213565394
48.05812,45.35152,-0.00751175997004339,45.356267599639,-0.00276416033104821
48.06943,45.35499,-0.0040417599700433,45.3562307165322,-0.00280104343787483
48.08074,45.35754,-0.00149175997004392,45.3561648685593,-0.00286689141071737
48.09206,45.3619,0.00286824002995445,45.3560923693599,-0.00293939061011543
48.10339,45.34963,-0.00940175997004644,45.3560377550818,-0.00299400488825779
48.11476,45.36181,0.0027782400299543,45.3560243711431,-0.00300738882696829
48.12611,45.34761,-0.011421759970041,45.3560710231353,-0.00296073683471487
48.13744,45.35615,-0.00288175997004458,45.3561892944329,-0.00284246553719008
48.14877,45.35516,-0.00387175997004618,45.3563821178032,-0.00264964216688213
48.16012,45.36274,0.00370824002995818,45.3566439033194,-0.00238785665067327
48.17146,45.35107,-0.00796175997004411,45.356962093765,-0.00206966620508331
48.18279,45.3558,-0.00323175997004199,45.3573196829189,-0.00171207705110765
48.19415,45.36219,0.00315824002995413,45.3576981049431,-0.00133365502698299
48.20547,45.36195,0.00291824002995611,45.3580798620884,-0.000951897881658794
48.21678,45.36355,0.00451824002995238,45.358450217032,-0.00058154293802809
48.22812,45.35624,-0.00279175997004444,45.358797410606,-0.000234349364025485
48.23942,45.35162,-0.00741175997004717,45.3591113516594,7.95916893049028e-05
48.25074,45.36233,0.00329824002995593,45.3593813787733,0.00034961880325768
48.26208,45.35915,0.00011824002995553,45.3595940788631,0.000562318893022398
48.27341,45.35838,-0.000651759970047294,45.3597320463197,0.000700286349644551
48.28474,45.35791,-0.00112175997004726,45.3597740835042,0.000742323534121557
48.2961,45.35788,-0.00115175997004258,45.3596969932718,0.000665233301804779
48.30745,45.35848,-0.000551759970043975,45.3594788572008,0.000447097230764706
48.31881,45.35981,0.000778240029958965,45.3591034060973,7.16461272826559e-05
48.33014,45.36163,0.00259824002995401,45.3585647347997,-0.000467025170378233
48.34147,45.3659,0.00686824002995934,45.3578713134309,-0.00116044653910518
48.35281,45.35298,-0.00605175997004181,45.357048192932,-0.00198356703805494
48.36412,45.35738,-0.00165175997004496,45.3561366221923,-0.00289513777771243
48.37547,45.35666,-0.00237175997004613,45.3551909043612,-0.00384085560887756
48.3868,45.35544,-0.00359175997004257,45.3542729374964,-0.0047588224736803
48.39814,45.34814,-0.0108917599700433,45.3534452902961,-0.00558646967392926
48.40947,45.35822,-0.000811759970041237,45.3527638688138,-0.00626789115620704
48.4208,45.34393,-0.0151017599700438,45.3522713154968,-0.00676044447321141
48.43215,45.3471,-0.0119317599700466,45.3519922362074,-0.00703952376260845
48.44348,45.35173,-0.00730175997004068,45.351931102834,-0.00710065713600247
48.4548,45.35606,-0.00297175997004473,45.3520731627192,-0.00695859725088901
48.46612,45.3523,-0.00673175997004449,45.3523879586135,-0.00664380135655765
48.47746,45.36015,0.0011182400299532,45.3528344151128,-0.00619734485729475
48.48877,45.35365,-0.00538175997004231,45.3533662243659,-0.00566553560418188
48.50013,45.34911,-0.00992175997004097,45.353936556343,-0.00509520362706286
48.51146,45.35647,-0.00256175997004249,45.3545017161609,-0.00453004380917595
48.52281,45.34962,-0.00941175997004251,45.3550239226019,-0.00400783736814889
48.53412,45.35714,-0.00189175997004298,45.3554736033563,-0.00355815661372709
48.54548,45.35577,-0.00326175997004441,45.3558314472738,-0.0032003126962528
48.55683,45.35539,-0.00364175997004423,45.3560900996447,-0.00294166032530012
48.56815,45.36018,0.00114824002995562,45.3562550537351,-0.00277670623493222
48.57948,45.36098,0.00194824002995375,45.3563441206284,-0.00268763934160662
48.59083,45.36112,0.00208824002995556,45.356384926432,-0.00264683353808932
48.60216,45.35416,-0.00487175997004385,45.3564102565001,-0.00262150346996604
48.61349,45.3527,-0.00633175997004543,45.3564517371957,-0.00258002277436323
48.62482,45.35075,-0.00828175997004621,45.356533104306,-0.00249865566403157
48.63617,45.34819,-0.0108417599700417,45.3566647559813,-0.00236700398872959
48.6475,45.36018,0.00114824002995562,45.3568411035952,-0.00219065637481135
48.65883,45.35998,0.000948240029956082,45.3570414158261,-0.00199034414394615
48.67021,45.35935,0.000318240029955064,45.3572337653982,-0.00179799457186574
48.68156,45.3586,-0.000431759970041412,45.3573808682268,-0.00165089174322683
48.6929,45.35593,-0.00310175997004336,45.3574463822495,-0.00158537772056979
48.70423,45.36217,0.00313824002995489,45.3574005079041,-0.00163125206598827
48.71555,45.35446,-0.004571759970041,45.3572241637748,-0.00180759619527704
48.72686,45.36166,0.00262824002995643,45.3569113787268,-0.00212038124320905
48.73822,45.35314,-0.00589175997004077,45.356469840561,-0.00256191940900633
48.74953,45.3552,-0.00383175997004059,45.3559198193045,-0.00311194066549676
48.76088,45.35426,-0.00477175997004764,45.3552919121873,-0.00373984778278292
48.77219,45.35447,-0.00456175997004493,45.3546241507293,-0.00440760924070647
48.78352,45.35423,-0.00480175997004295,45.3539589247917,-0.00507283517834866
48.79482,45.3528,-0.00623175997004211,45.353339979307,-0.00569178066299891
48.80617,45.35404,-0.00499175997004642,45.352809547978,-0.00622221199205971
48.81749,45.35436,-0.00467175997004432,45.3524055799977,-0.00662617997239102
48.82882,45.35513,-0.0039017599700415,45.3521590105676,-0.00687274940247397
48.84016,45.34886,-0.0101717599700422,45.3520911446205,-0.00694061534951826
48.85152,45.34328,-0.0157517599700441,45.3522114632284,-0.00682029674167121
48.86284,45.35342,-0.00561175997004426,45.3525163791159,-0.00651538085417863
48.87418,45.36101,0.00197824002995617,45.3529893932329,-0.0060423667370957
48.88552,45.3501,-0.00893175997004647,45.3536026550633,-0.00542910490677042
48.89684,45.3567,-0.00233175997004764,45.354319429029,-0.0047123309410313
48.90817,45.35664,-0.00239175997004537,45.3550968269007,-0.00393493306932716
48.9195,45.35529,-0.00374175997004755,45.3558884086783,-0.00314335129170443
48.93084,45.35316,-0.00587175997004152,45.3566466081889,-0.00238515178111451
48.94218,45.35515,-0.00388175997004225,45.3573251949373,-0.00170656503278292
48.9535,45.35615,-0.00288175997004458,45.3578820473697,-0.00114971260034885
48.96485,45.36546,0.00642824002995468,45.358282324608,-0.000749435362060617
48.9762,45.35432,-0.00471175997004281,45.358501755621,-0.00053000434906644
48.98752,45.36023,0.00119824002995728,45.3585294609031,-0.000502299066940632
48.99886,45.36327,0.00423824002995588,45.3583696772826,-0.000662082687408246
49.01021,45.35579,-0.00324175997004517,45.3580419388699,-0.000989821100153917
49.02155,45.35497,-0.00406175997004254,45.3575795429339,-0.00145221703609777
49.03289,45.36243,0.00339824002995925,45.3570264206589,-0.00200533931119162
49.04422,45.356,-0.00303175997004246,45.3564327743372,-0.00259898563289083
49.05555,45.35236,-0.00667175997004676,45.3558499919619,-0.00318176800814404
49.06687,45.35427,-0.00476175997004447,45.3553254590652,-0.00370630090480664
49.07821,45.35456,-0.00447175997004479,45.3548979744744,-0.00413378549562672
49.08952,45.35429,-0.00474175997004522,45.3545944307651,-0.00443732920490707
49.10086,45.34727,-0.0117617599700424,45.3544281807195,-0.00460357925057666
49.11217,45.36438,0.00534824002995293,45.354399165292,-0.00463259467805943
49.1235,45.35256,-0.00647175997004723,45.3544955299865,-0.00453622998351692
49.13486,45.35509,-0.00394175997004709,45.3546961994279,-0.00433556054215245
49.14618,45.35313,-0.00590175997004394,45.3549738432243,-0.00405791674573578
49.15751,45.35439,-0.0046417599700419,45.3552978552465,-0.0037339047235506
49.16884,45.36085,0.00181824002995512,45.3556371751412,-0.00339458482882353
49.18017,45.3513,-0.00773175997004216,45.3559628350704,-0.0030689248996138
49.19151,45.35811,-0.000921759970040625,45.3562500830557,-0.00278167691433396
49.20282,45.35468,-0.00435175997004222,45.3564799487252,-0.00255181124484921
49.21414,45.3619,0.00286824002995445,45.3566401670823,-0.00239159288778043
49.22547,45.35973,0.000698240029954889,45.3567254028547,-0.00230635711530891
49.23681,45.34833,-0.010701759970047,45.356736792541,-0.00229496742905741
49.24813,45.35131,-0.00772175997004609,45.3566810343569,-0.00235072561314575
49.25946,45.36255,0.00351824002995471,45.3565694571126,-0.00246230285743674
49.2708,45.36002,0.000988240029954568,45.356417383948,-0.00261437602202373
49.28211,45.35252,-0.00651175997004572,45.3562436754086,-0.00278808456143876
49.29345,45.36105,0.00201824002995465,45.3560699951249,-0.00296176484519214
49.30479,45.35453,-0.0045017599700472,45.355919393632,-0.00311236633808595
49.31614,45.35448,-0.00455175997004176,45.3558141246728,-0.00321763529724181
49.32747,45.35979,0.000758240029952617,45.3557729266634,-0.00325883330660038
49.33878,45.35294,-0.00609175997004741,45.3558082184627,-0.00322354150734914
49.35012,45.3489,-0.0101317599700437,45.355923790045,-0.00310796992505664
49.36147,45.35601,-0.00302175997004639,45.3561136020015,-0.00291815796857839
49.37279,45.3568,-0.00223175997004432,45.3563621390544,-0.00266962091562578
49.38414,45.36301,0.00397824002995861,45.356646318207,-0.00238544176306902
49.39548,45.35747,-0.00156175997004482,45.3569384108291,-0.00209334914089872
49.4068,45.35672,-0.00231175997004129,45.357209171003,-0.00182258896709007
49.41813,45.35204,-0.00699175997004176,45.3574305500607,-0.00160120990936487
49.42945,45.36173,0.00269824002995733,45.357577799285,-0.00145396068507252
49.44079,45.358,-0.00103175997004712,45.3576310402572,-0.00140071971288787
49.45211,45.36228,0.00324824002995427,45.3575763814146,-0.00145537855546194
49.46347,45.35322,-0.00581175997004379,45.3574065912114,-0.0016251687586151
49.47483,45.34926,-0.00977175997004309,45.3571214442596,-0.00191031571043993
49.48617,45.35818,-0.000851759970046828,45.3567280636931,-0.00230369627692144
49.4975,45.35542,-0.00361175997004182,45.3562415597535,-0.00279020021656767
49.50885,45.36294,0.00390824002995771,45.3556858367647,-0.0033459232053793
49.5202,45.35648,-0.00255175997004642,45.3550938618122,-0.00393789815783655
49.53152,45.36201,0.00297824002995384,45.3545064231006,-0.00452533686946749
49.54284,45.35268,-0.00635175997004467,45.353968711351,-0.00506304861909551
49.55418,45.35186,-0.00717175997004205,45.3535248368754,-0.00550692309467766
49.56553,45.3394,-0.0196317599700464,45.3532113165785,-0.00582044339156847
49.57685,45.35628,-0.00275175997004595,45.353051195064,-0.00598056490599928
49.5882,45.35298,-0.00605175997004181,45.3530504331493,-0.00598132682078905
49.59954,45.34893,-0.0101017599700413,45.3531974868418,-0.00583427312824709
49.61089,45.35462,-0.00441175997004706,45.3534660257966,-0.00556573417346124
49.62223,45.35727,-0.00176175997004435,45.3538199648505,-0.00521179511954937
49.63357,45.36053,0.00149824002995302,45.3542195458648,-0.0048122141052692
49.64493,45.35244,-0.00659175997004269,45.3546270811939,-0.00440467877612071
49.65626,45.3605,0.00146824002995771,45.355011199937,-0.00402056003300697
49.66759,45.35091,-0.00812175997004516,45.3553490089804,-0.00368275098960019
49.67894,45.35728,-0.00175175997004118,45.3556262716535,-0.00340548831654516
49.69027,45.35073,-0.00830175997004545,45.3558362471416,-0.00319551282839632
49.70158,45.35159,-0.00744175997004248,45.3559780745258,-0.00305368544422285
49.71291,45.3577,-0.00133175997004287,45.3560554817712,-0.00297627819883447
49.72423,45.35916,0.000128240029958704,45.3560761803857,-0.00295557958434653
49.73555,45.35935,0.000318240029955064,45.3560517375933,-0.00298002237671703
49.74688,45.35752,-0.00151175997004316,45.3559973118695,-0.00303444810058303
49.7582,45.35666,-0.00237175997004613,45.3559306521015,-0.0031011078685231
49.76953,45.34956,-0.00947175997004734,45.3558701691314,-0.00316159083860284
49.78086,45.35829,-0.00074175997004744,45.3558324002849,-0.00319935968515656
49.79221,45.35602,-0.00301175997004322,45.3558294838294,-0.0032022761406108
49.80354,45.35121,-0.00782175997004231,45.3558672244711,-0.00316453549898876
49.81487,45.35686,-0.00217175997004659,45.3559440875592,-0.00308767241085806
49.82621,45.36187,0.00283824002995914,45.3560511834892,-0.00298057648086827
49.83754,45.35535,-0.00368175997004272,45.3561730760751,-0.00285868389490193
49.84889,45.3521,-0.00693175997004403,45.3562891469358,-0.0027426130342391
49.86023,45.35833,-0.000701759970041849,45.3563753501174,-0.00265640985266784
49.87156,45.35306,-0.00597175997004484,45.3564063896264,-0.00262537034362379
49.8829,45.35426,-0.00477175997004764,45.35635840524,-0.00267335473004391
49.89421,45.35949,0.000458240029956869,45.3562120640391,-0.0028196959308997
49.90554,45.35859,-0.000441759970044586,45.3559556366099,-0.00307612336009387
49.9169,45.35759,-0.00144175997004226,45.3555873678241,-0.00344439214595349
49.92825,45.36067,0.00163824002995483,45.3551164137654,-0.00391534620468601
49.93958,45.3484,-0.0106317599700461,45.3545619139584,-0.00446984601161959
49.95094,45.35123,-0.00780175997004307,45.3539503160175,-0.00508144395253403
49.96227,45.35452,-0.00451175997004327,45.3533115928525,-0.00572016711749898
49.97363,45.35459,-0.00444175997004237,45.3526751998317,-0.00635656013835449
49.98496,45.3502,-0.00883175997004315,45.352066460447,-0.00696529952303694
49.9963,45.35294,-0.00609175997004741,45.3515037911825,-0.00752796878757763
50.00766,45.34841,-0.0106217599700429,45.350997033843,-0.00803472612706505
50.01899,45.34628,-0.012751759970044,45.3505471554115,-0.00848460455852987
50.03033,45.35102,-0.00801175997004577,45.3501475286135,-0.00888423135657617
50.04162,45.35085,-0.00818175997004289,45.3497867874842,-0.00924497248582212
50.05294,45.34601,-0.0130217599700444,45.3494528732147,-0.00957888675538971
50.06425,45.35133,-0.00770175997004685,45.3491374876438,-0.00989427232621031
50.07558,45.36019,0.00115824002995879,45.3488398992595,-0.0101918607105844
50.08694,45.35115,-0.00788175997004714,45.3485689879537,-0.0104627720162934
50.09826,45.34151,-0.0175217599700446,45.3483427004095,-0.0106890595605933
50.1096,45.3527,-0.00633175997004543,45.3481848012675,-0.010846958702563
50.12091,45.34216,-0.0168717599700443,45.3481196968699,-0.0109120631001382
50.13224,45.34369,-0.0153417599700418,45.3481667032327,-0.0108650567373791
50.14356,45.34676,-0.0122717599700408,45.3483351811212,-0.0106965788488164
50.15489,45.35699,-0.00204175997004086,45.3486215615207,-0.0104101984493012
50.16624,45.33803,-0.0210017599700407,45.3490086683984,-0.0100230915716684
50.17759,45.35495,-0.00408175997004179,45.349467187856,-0.00956457211403896
50.18895,45.35298,-0.00605175997004181,45.3499588145049,-0.0090729454651625
50.20027,45.34692,-0.0121117599700469,45.3504404836322,-0.00859127633787758
50.2116,45.35075,-0.00828175997004621,45.3508690731767,-0.00816268679332616
50.22293,45.35137,-0.00766175997004126,45.3512060209584,-0.00782573901163749
50.23426,45.3546,-0.0044317599700463,45.351421390821,-0.0076103691489998
50.24558,45.35255,-0.0064817599700433,45.3514969445983,-0.0075348153717684
50.25691,45.34973,-0.00930175997004312,45.3514277953376,-0.00760396463241948
50.26827,45.35439,-0.0046417599700419,45.3512223629253,-0.00780939704470689
50.27957,45.35278,-0.00625175997004135,45.3509006183008,-0.00813114166921453
50.29091,45.34353,-0.0155017599700429,45.3504908802775,-0.0085408796925191
50.30223,45.35285,-0.00618175997004755,45.3500256563409,-0.00900610362915782
50.31358,45.35675,-0.00228175997004598,45.3495371523627,-0.0094946076073274
50.32491,45.34564,-0.0133917599700411,45.3490530943305,-0.0099786656395883
50.33621,45.33734,-0.0216917599700466,45.3485935224094,-0.0104382375606631
50.34752,45.34285,-0.0161817599700456,45.3481693241357,-0.0108624358343184
50.35886,45.34935,-0.00968175997004295,45.3477832068459,-0.0112485531241639
50.3702,45.3529,-0.00613175997004589,45.3474331838657,-0.0115985761043805
50.38153,45.35449,-0.00454175997004569,45.3471175923681,-0.0119141676019156
50.39282,45.34476,-0.0142717599700433,45.3468398500072,-0.0121919099628674
50.40414,45.35428,-0.00475175997004129,45.3466111357385,-0.0124206242315315
50.41546,45.35066,-0.00837175997004636,45.3464498905905,-0.0125818693795101
50.42679,45.34519,-0.0138417599700418,45.3463780675645,-0.0126536924055157
50.43814,45.33224,-0.0267917599700453,45.3464151022346,-0.0126166577354547
50.44949,45.34548,-0.0135517599700421,45.3465714085627,-0.0124603514073685
50.46083,45.34627,-0.0127617599700471,45.3468434867752,-0.0121882731948214
50.47215,45.34575,-0.0132817599700417,45.3472122125175,-0.0118195474525419
50.48349,45.3437,-0.0153317599700458,45.3476448086401,-0.0113869513299627
50.49484,45.35262,-0.0064117599700424,45.3480999465207,-0.0109318134493491
50.50616,45.34982,-0.00921175997004298,45.3485347023642,-0.0104970576058747
50.51751,45.35578,-0.00325175997004123,45.3489117029043,-0.0101200570657661
50.52882,45.35531,-0.00372175997004121,45.3492047436217,-0.00982701634834737
50.54017,45.34597,-0.0130617599700429,45.3494015555365,-0.00963020443349736
50.55152,45.35146,-0.00757175997004111,45.3495032190133,-0.00952854095672399
50.56284,45.34292,-0.0161117599700447,45.3495207105612,-0.00951104940888465
50.57414,45.35021,-0.00882175997004708,45.3494698255797,-0.00956193439036564
50.58546,45.34867,-0.0103617599700456,45.3493659816752,-0.00966577829484826
50.59677,45.34056,-0.0184717599700406,45.3492201976921,-0.00981156227798796
50.60808,45.35288,-0.00615175997004513,45.3490370654599,-0.00999469451010132
50.61941,45.34998,-0.00905175997004193,45.3488149461397,-0.0102168138303084
50.63073,45.35123,-0.00780175997004307,45.3485480255536,-0.0104837344164776
50.64204,45.34771,-0.0113217599700448,45.3482294173635,-0.0108023426065651
50.65336,45.3478,-0.0112317599700447,45.3478543933732,-0.0111773665968788
50.6647,45.34879,-0.0102417599700431,45.3474230240825,-0.0116087358875701
50.67604,45.34922,-0.00981175997004158,45.3469418120228,-0.01208994794724
50.68739,45.33972,-0.0193117599700443,45.346424136325,-0.0126076236450403
50.69873,45.35396,-0.00507175997004339,45.3458894915045,-0.0131422684655358
50.71005,45.35025,-0.00878175997004149,45.3453616240306,-0.0136701359394306
50.72136,45.33676,-0.0222717599700459,45.3448657958005,-0.0141659641695798
50.73268,45.34145,-0.0175817599700423,45.3444256410127,-0.0146061189573626
50.74401,45.33668,-0.0223517599700429,45.3440603895299,-0.0149713704401822
50.75535,45.35058,-0.00845175997004333,45.3437832698427,-0.015248490127364
50.76667,45.34441,-0.0146217599700407,45.3436014257036,-0.0154303342664298
50.778,45.35048,-0.00855175997004665,45.3435169385521,-0.0155148214179298
50.78932,45.34212,-0.0169117599700428,45.343528103489,-0.0155036564809946
50.80065,45.33907,-0.0199617599700446,45.3436302639388,-0.0154014960312298
50.81197,45.34254,-0.0164917599700445,45.3438160705604,-0.0152156894096441
50.82333,45.3484,-0.0106317599700461,45.344075521525,-0.0149562384450089
50.83464,45.33668,-0.0223517599700429,45.3443962473268,-0.0146355126431941
50.84598,45.34732,-0.0117117599700407,45.3447642847901,-0.0142674751799525
50.85731,45.35126,-0.00777175997004065,45.3451652836227,-0.0138664763473875
50.86861,45.34557,-0.013461759970042,45.3455858559484,-0.0134459040216459
50.87993,45.33852,-0.0205117599700415,45.346014707542,-0.0130170524280298
50.89127,45.34851,-0.0105217599700467,45.3464433386101,-0.0125884213599846
50.90261,45.35038,-0.00865175997004286,45.3468663171027,-0.0121654428673431
50.91396,45.34921,-0.00982175997004475,45.3472811522523,-0.0117506077177028
50.92528,45.34623,-0.0128017599700456,45.3476876710564,-0.0113440889136215
50.93661,45.34666,-0.0123717599700441,45.3480868152355,-0.0109449447345774
50.94793,45.35142,-0.00761175997004671,45.3484790134877,-0.0105527464823347
50.95923,45.34533,-0.0137017599700471,45.3488625338195,-0.0101692261505057
50.97056,45.34414,-0.0148917599700411,45.3492323111321,-0.00979944883793422
50.98188,45.35381,-0.00522175997004126,45.3495796706751,-0.00945208929490784
50.99324,45.35004,-0.0089917599700442,45.3498931462651,-0.00913861370499031
51.00455,45.34501,-0.0140217599700421,45.3501602601628,-0.00887149980724742
51.01588,45.35537,-0.00366175997004348,45.3503698246667,-0.00866193530332116
51.02722,45.35728,-0.00175175997004118,45.350514155539,-0.0085176044310248
51.03853,45.34878,-0.0102517599700462,45.3505905689524,-0.00844119101763709
51.04987,45.34719,-0.0118417599700464,45.3506017237104,-0.00843003625959492
51.06123,45.34955,-0.00948175997004341,45.3505548026488,-0.00847695732120338
51.07255,45.35467,-0.0043617599700454,45.3504599808846,-0.00857177908545115
51.08384,45.34224,-0.0167917599700473,45.3503288011747,-0.00870295879532094
51.09515,45.35036,-0.0086717599700421,45.3501729464259,-0.00885881354410133
51.10648,45.35548,-0.00355175997004409,45.3500036399919,-0.00902811997816309
51.11779,45.34644,-0.0125917599700429,45.3498316061781,-0.00920015379190673
51.12913,45.35389,-0.00514175997004429,45.349667252928,-0.00936450704203353
51.14045,45.35111,-0.00792175997004563,45.3495206440168,-0.00951111595328384
51.15175,45.3465,-0.0125317599700452,45.3494009794529,-0.00963078051713453
51.1631,45.34787,-0.0111617599700438,45.3493155990206,-0.00971616094942782
51.17443,45.34986,-0.00917175997004449,45.3492687969967,-0.00976296297336326
51.18575,45.35248,-0.0065517599700442,45.3492608476108,-0.00977091235921938
51.19707,45.34599,-0.0130417599700436,45.3492875756928,-0.00974418427720422
51.2084,45.34487,-0.0141617599700439,45.3493407013511,-0.00969105861891074
51.2197,45.34793,-0.011101759970046,45.3494091292676,-0.00962263070242475
51.23104,45.35126,-0.00777175997004065,45.3494812178059,-0.00955054216413763
51.24236,45.35284,-0.00619175997004362,45.3495477094724,-0.00948405049762728
51.25371,45.3507,-0.00833175997004076,45.3496045552048,-0.00942720476521523
51.26505,45.35427,-0.00476175997004447,45.3496546296696,-0.00937713030048351
51.2764,45.35782,-0.00121175997004741,45.3497075028748,-0.00932425709521406
51.28773,45.34071,-0.0183217599700427,45.3497769769526,-0.00925478301748244
51.29905,45.35082,-0.00821175997004531,45.3498768734531,-0.00915488651690132
51.31037,45.34122,-0.0178117599700442,45.3500163110265,-0.00901544894352697
51.32166,45.34367,-0.0153617599700411,45.3501960715827,-0.00883568838738938
51.33295,45.3575,-0.0015317599700424,45.3504073487051,-0.00862441126489665
51.3443,45.34936,-0.00967175997004688,45.3506332993305,-0.00839846063956519
51.35563,45.35144,-0.00759175997004746,45.350852807406,-0.00817895256405768
51.36696,45.35625,-0.00278175997004126,45.3510451931964,-0.00798656677364757
51.37828,45.35603,-0.00300175997004715,45.3511944647268,-0.00783729524328923
51.38963,45.34592,-0.0131117599700445,45.3512920013527,-0.00773975861735916
51.40097,45.35666,-0.00237175997004613,45.3513371036504,-0.00769465631961303
51.41228,45.35164,-0.00739175997004082,45.3513354739846,-0.00769628598541555
51.42362,45.34595,-0.0130817599700421,45.351296227551,-0.00773553241905722
51.43496,45.34612,-0.012911759970045,45.3512283653406,-0.00780339462947751
51.4463,45.35477,-0.00426175997004208,45.3511377276102,-0.00789403235985207
51.45763,45.34978,-0.00925175997004146,45.3510252253676,-0.00800653460240399
51.46895,45.35367,-0.00536175997004307,45.3508866675866,-0.00814509238346149
51.48029,45.34972,-0.0093117599700463,45.3507140400472,-0.00831771992287968
51.49161,45.34426,-0.0147717599700457,45.3504978947352,-0.00853386523487216
51.50291,45.3493,-0.00973175997004461,45.3502305174358,-0.00880124253425233
51.51423,45.35871,-0.000321759970042024,45.3499094881406,-0.00912227182941423
51.52555,45.34859,-0.0104417599700426,45.3495409962301,-0.00949076373993576
51.53685,45.34898,-0.0100517599700467,45.3491420157659,-0.00988974420412914
51.54819,45.35204,-0.00699175997004176,45.3487404976613,-0.0102912623087761
51.55952,45.35056,-0.00847175997004257,45.3483731244026,-0.0106586355674357
51.57085,45.34912,-0.0099117599700449,45.3480806673973,-0.0109510925727074
51.58216,45.34843,-0.0106017599700436,45.3479014505513,-0.0111303094187531
51.59349,45.3459,-0.0131317599700438,45.3478638823711,-0.0111678775988979
51.60487,45.342,-0.0170317599700454,45.3479794416915,-0.0110523182785346
51.61622,45.3445,-0.0145317599700476,45.3482377304965,-0.0107940294735122
51.62755,45.34563,-0.0134017599700442,45.3486050674624,-0.0104266925076661
51.6389,45.34494,-0.014091759970043,45.3490275201162,-0.0100042398538875
51.65023,45.34684,-0.0121917599700438,45.3494383626847,-0.00959339728529771
51.66159,45.35532,-0.00371175997004514,45.3497689138608,-0.00926284610921166
51.67292,45.36119,0.00215824002995646,45.3499607814084,-0.0090709785616849
51.68423,45.3493,-0.00973175997004461,45.3499769837169,-0.00905477625315138
51.69557,45.35599,-0.00304175997004563,45.3498095236976,-0.00922223627246376
51.70694,45.34339,-0.0156417599700447,45.3494818170308,-0.0095499429391916
51.71828,45.36213,0.0030982400299564,45.3490455690341,-0.00998619093595069
51.72963,45.34192,-0.0171117599700423,45.3485727744521,-0.0104589855179085
51.74095,45.34375,-0.0152817599700441,45.3481443019085,-0.0108874580615794
51.75229,45.34639,-0.0126417599700446,45.3478370792122,-0.0111946807578164
51.76364,45.34359,-0.0154417599700452,45.3477121612866,-0.011319598683446
51.77498,45.34294,-0.0160917599700454,45.347805766093,-0.011225993877017
51.78631,45.34327,-0.0157617599700473,45.348124710155,-0.0109070498150709
51.79762,45.35328,-0.00575175997004607,45.3486467587567,-0.0103850012133031
51.80894,45.35444,-0.00459175997004735,45.3493254207176,-0.00970633925247262
51.82026,45.35154,-0.00749175997004414,45.3500978918645,-0.00893386810559231
51.83158,45.34293,-0.0161017599700415,45.3508944815171,-0.00813727845289864
51.8429,45.35616,-0.00287175997004141,45.3516480200078,-0.00738373996226831
51.85425,45.35578,-0.00325175997004123,45.3523021132769,-0.00672964669315399
51.86557,45.3572,-0.00183175997004525,45.3528173143313,-0.00621444563869724
51.87691,45.35744,-0.00159175997004724,45.3531743778315,-0.0058573821385914
51.88827,45.34927,-0.00976175997004702,45.353374096398,-0.00565766357201377
51.8996,45.35286,-0.00617175997004438,45.3534338980093,-0.00559786196077083
51.91096,45.35126,-0.00777175997004065,45.353382132172,-0.00564962779803673
51.92229,45.35352,-0.00551175997004094,45.353251418488,-0.00578034148203194
51.93361,45.34661,-0.0124217599700458,45.3530724430347,-0.00595931693535298
51.94492,45.35817,-0.000861759970042897,45.3528692923792,-0.00616246759082249
51.95625,45.34604,-0.012991759970042,45.3526569907145,-0.00637476925554031
51.96759,45.34769,-0.0113417599700441,45.3524414499048,-0.0065903100652003
51.97895,45.35789,-0.00114175997004651,45.3522215751481,-0.00681018482198481
51.99031,45.35629,-0.00274175997004278,45.3519927705372,-0.00703898943284683
52.00164,45.36224,0.00320824002995579,45.3517506397561,-0.00728112021390693
52.01299,45.34832,-0.010711759970043,45.3514935810711,-0.0075381788989283
52.02429,45.34415,-0.014881759970045,45.3512235053648,-0.00780825460520079
52.03562,45.34806,-0.0109717599700474,45.3509448666241,-0.00808689334591008
52.04693,45.35405,-0.00498175997004324,45.3506629542871,-0.00836880568298368
52.05822,45.34829,-0.0107417599700455,45.3503824782594,-0.00864928171066319
52.06954,45.34959,-0.00944175997004493,45.3501070137643,-0.00892474620572519
52.08086,45.34905,-0.0099817599700458,45.3498393553477,-0.00919240462237589
52.09217,45.34765,-0.0113817599700425,45.349582525458,-0.0094492345120873
52.10347,45.3589,-0.000131759970045664,45.3493410139386,-0.00969074603139457
52.11479,45.34781,-0.0112217599700415,45.3491217022095,-0.00991005776056302
52.12612,45.34777,-0.0112617599700471,45.3489339578989,-0.0100978020711835
52.13743,45.34327,-0.0157617599700473,45.3487886886229,-0.0102430713471922
52.14875,45.35295,-0.00608175997004423,45.3486965673026,-0.0103351926673991
52.16009,45.35233,-0.00670175997004208,45.3486658611626,-0.0103658988074537
52.17139,45.35032,-0.00871175997004059,45.3487002280073,-0.0103315319627036
52.18272,45.34363,-0.0154017599700467,45.3487967720379,-0.010234987932172
52.19407,45.34122,-0.0178117599700442,45.3489448231372,-0.0100869368328004
52.20537,45.35064,-0.0083917599700456,45.349126139482,-0.00990562048807962
52.2167,45.3458,-0.0132317599700471,45.3493171186183,-0.00971464135172671
52.22797,45.35197,-0.00706175997004266,45.349492993149,-0.00953876682108742
52.23929,45.35485,-0.00418175997004511,45.3496331764307,-0.00939858353931973
52.25061,45.35584,-0.00319175997004351,45.3497263380354,-0.00930542193469099
52.26194,45.35135,-0.00768175997004761,45.3497736986864,-0.00925806128368117
52.27328,45.34811,-0.0109217599700457,45.3497895013411,-0.00924225862889975
52.28461,45.35036,-0.0086717599700421,45.3497984736075,-0.00923328636254324
52.29593,45.34504,-0.0139917599700468,45.3498309775113,-0.00920078245876024
52.30726,45.34753,-0.0115017599700451,45.3499170862117,-0.00911467375835196
52.31857,45.34983,-0.00920175997004691,45.3500808974531,-0.00895086251694499
52.3299,45.35561,-0.00342175997004546,45.350336077553,-0.00869568241707237
52.34125,45.34607,-0.0129617599700467,45.3506831526457,-0.0083486073243616
52.35256,45.34562,-0.0134117599700474,45.3511086909797,-0.00792306899037854
52.36388,45.35734,-0.00169175997004345,45.3515863506911,-0.00744540927899147
52.37521,45.35003,-0.00900175997004737,45.352079638691,-0.00695212127901283
52.38654,45.35824,-0.000791759970041994,45.3525459901893,-0.00648576978075413
52.39788,45.35246,-0.00657175997004344,45.3529415708378,-0.00609018913227465
52.40921,45.34116,-0.017871759970042,45.3532262439102,-0.00580551605983823
52.42053,45.35864,-0.000391759970042926,45.3533683723641,-0.0056633876059909
52.43184,45.35435,-0.00468175997004749,45.3533492075263,-0.00568255244371909
52.44321,45.3639,0.00486824002995689,45.3531663519789,-0.0058654079911641
52.45456,45.35258,-0.00645175997004088,45.3528354401535,-0.00619631981658628
52.46589,45.34827,-0.0107617599700447,45.3523892609623,-0.00664249900769934
52.47723,45.3509,-0.00813175997004123,45.3518741925317,-0.00715756743830411
52.48858,45.34944,-0.0095917599700428,45.3513446066442,-0.00768715332582257
52.49992,45.35386,-0.00517175997004671,45.3508563072166,-0.00817545275345243
52.51126,45.35149,-0.0075417599700458,45.3504599886136,-0.00857177135649202
52.52256,45.34531,-0.0137217599700463,45.3501954383954,-0.0088363215746274
52.53388,45.34969,-0.00934175997004161,45.3500870590097,-0.00894470096038578
52.54522,45.34958,-0.009451759970041,45.3501412393914,-0.00889052057864445
52.55656,45.34879,-0.0102417599700431,45.3503459806667,-0.00868577930330992
52.5679,45.35068,-0.00835175997004711,45.3506728877799,-0.00835887219015981
52.57922,45.34927,-0.00976175997004702,45.3510812803396,-0.00795047963046703
52.59055,45.35004,-0.0089917599700442,45.351523858203,-0.00750790176704606
52.60189,45.35561,-0.00342175997004546,45.3519530854876,-0.0070786744824216
52.61322,45.36333,0.0042982400299536,45.3523272231354,-0.00670453683459638
52.62454,45.35056,-0.00847175997004257,45.3526148639035,-0.00641689606656791
52.63586,45.35219,-0.00684175997004388,45.3527971279816,-0.00623463198841435
52.64719,45.3468,-0.0122317599700423,45.3528674098748,-0.00616435009526672
52.65852,45.35199,-0.00704175997004342,45.3528293753797,-0.00620238459030874
52.66985,45.35345,-0.00558175997004184,45.3526942923317,-0.00633746763835428
52.68119,45.35206,-0.00697175997004251,45.3524785822279,-0.00655317774213648
52.6925,45.35153,-0.00750175997004732,45.3522019818346,-0.00682977813543643
52.70385,45.35271,-0.00632175997004225,45.3518862711074,-0.00714548886266166
52.71516,45.35379,-0.00524175997004761,45.3515542998332,-0.00747746013683404
52.72649,45.35183,-0.00720175997004446,45.3512289843519,-0.00780277561812864
52.73782,45.34917,-0.00986175997004324,45.350932000149,-0.00809975982103188
52.74917,45.35486,-0.00417175997004193,45.3506820556967,-0.00834970427337036
52.76051,45.34796,-0.0110717599700436,45.3504928481798,-0.00853891179025476
52.77185,45.34903,-0.010001759970045,45.3503710003647,-0.00866075960531319
52.78318,45.34983,-0.00920175997004691,45.3503144210608,-0.0087173389092395
52.79452,45.34854,-0.0104917599700443,45.350311580157,-0.00872017981302959
52.80586,45.35036,-0.0086717599700421,45.3503420922979,-0.00868966767218341
52.81719,45.34721,-0.0118217599700472,45.3503787709628,-0.00865298900721523
52.82854,45.35178,-0.00725175997004612,45.3503910178116,-0.00864074215842818
52.83985,45.3563,-0.00273175997004671,45.3503491103242,-0.00868264964589327
52.85122,45.34523,-0.0138017599700433,45.3502287088751,-0.00880305109497768
52.86252,45.35135,-0.00768175997004761,45.3500148278056,-0.00901693216441377
52.87387,45.35151,-0.00752175997004656,45.3497046371287,-0.00932712284132163
52.88522,45.35157,-0.00746175997004173,45.3493086567323,-0.00972310323770396
52.89655,45.35121,-0.00782175997004231,45.3488500612929,-0.0101816986771214
52.90788,45.3472,-0.0118317599700433,45.348362000666,-0.0106697593040137
52.91921,45.34831,-0.0107217599700462,45.3478831627275,-0.0111485972425312
52.93052,45.34583,-0.0132017599700447,45.3474522046983,-0.0115795552717306
52.94188,45.34505,-0.0139817599700436,45.3471019857312,-0.0119297742388355
52.95322,45.34449,-0.0145417599700437,45.3468546317406,-0.0121771282294143
52.96453,45.34529,-0.0137417599700456,45.3467183342952,-0.0123134256748323
52.97589,45.34562,-0.0134117599700474,45.3466864624869,-0.0123452974831875
52.98721,45.34485,-0.0141817599700431,45.3467391148677,-0.0122926451023934
52.9985,45.35233,-0.00670175997004208,45.3468467529918,-0.0121850069782669
53.00982,45.34647,-0.0125617599700476,45.3469751508074,-0.0120566091626029
53.02116,45.35018,-0.00885175997004239,45.3470906836316,-0.0119410763384244
53.03251,45.34343,-0.0156017599700462,45.34716504726,-0.0118667127099957
53.04383,45.3474,-0.0116317599700437,45.3471787859071,-0.0118529740629604
53.05515,45.3536,-0.00543175997004397,45.3471233205512,-0.0119084394188158
53.06649,45.34553,-0.0135017599700475,45.3470013585042,-0.0120304014658936
53.07782,45.34856,-0.010471759970045,45.3468256998985,-0.0122060600715214
53.08915,45.34103,-0.0180017599700406,45.3466167023156,-0.0124150576544787
53.10046,45.34301,-0.0160217599700445,45.3463989973277,-0.0126327626423346
53.11176,45.34797,-0.0110617599700475,45.3461982219922,-0.012833537977883
53.12313,45.34816,-0.0108717599700441,45.346038338677,-0.0129934212930724
53.13445,45.34833,-0.010701759970047,45.3459396739603,-0.0130920860097012
53.14577,45.34212,-0.0169117599700428,45.3459174425686,-0.013114317401452
53.1571,45.34914,-0.00989175997004565,45.3459804661425,-0.0130512938274924
53.16843,45.34747,-0.0115617599700428,45.3461299763764,-0.012901783593626
53.17976,45.34555,-0.0134817599700412,45.3463585989365,-0.0126731610335037
53.1911,45.34552,-0.0135117599700436,45.34664977356,-0.012381986410007
53.20243,45.34031,-0.0187217599700418,45.3469780091579,-0.0120537508121227
53.21375,45.34582,-0.0132117599700408,45.347310431816,-0.011721328154061
53.22508,45.35316,-0.00587175997004152,45.3476098891512,-0.0114218708188141
53.23641,45.35107,-0.00796175997004411,45.3478394001123,-0.0111923598577052
53.2477,45.34397,-0.0150617599700453,45.3479672516535,-0.0110645083165276
53.25905,45.34738,-0.011651759970043,45.3479718839264,-0.0110598760436249
53.27036,45.35081,-0.00822175997004138,45.3478458981901,-0.0111858617799551
53.2817,45.34517,-0.013861759970041,45.3475987644889,-0.0114329954811306
53.29305,45.3498,-0.00923175997004222,45.3472578838218,-0.0117738761482308
53.30438,45.34907,-0.00996175997004656,45.3468676470472,-0.0121641129228512
53.31571,45.35078,-0.00825175997004379,45.3464861885413,-0.012545571428701
53.32706,45.34431,-0.014721759970044,45.3461797377298,-0.012852022240223
53.33839,45.34988,-0.00915175997004525,45.3460148536989,-0.0130169062711737
53.34973,45.3457,-0.0133317599700433,45.3460493434878,-0.0129824164822149
53.36108,45.33569,-0.0233417599700445,45.3463231782945,-0.0127085816755785
53.37243,45.34372,-0.0153117599700465,45.3468510589282,-0.0121807010418508
53.38375,45.34765,-0.0113817599700425,45.3476182423226,-0.0114135176474812
53.39508,45.3488,-0.010231759970047,45.3485806859109,-0.0104510740591615
53.40642,45.34579,-0.0132417599700432,45.3496696429701,-0.0093621169999164
53.41775,45.35349,-0.00554175997004336,45.3507999480491,-0.00823181192093006
53.4291,45.35189,-0.00714175997004673,45.3518806348004,-0.00715112516960137
53.44041,45.35739,-0.00164175997004179,45.3528262071715,-0.00620555279853345
53.45174,45.3577,-0.00133175997004287,45.3535667725439,-0.00546498742619083
53.46309,45.3602,0.00116824002995486,45.3540554008338,-0.00497635913623921
53.47443,45.35383,-0.00520175997004202,45.354271582563,-0.0047601774070033
53.48576,45.35186,-0.00717175997004205,45.3542204940709,-0.00481126589913814
53.49711,45.3518,-0.00723175997004688,45.3539287352953,-0.00510302467474045
53.50845,45.35044,-0.00859175997004513,45.3534379521381,-0.00559380783191649
53.51978,45.34395,-0.0150817599700446,45.3527980193277,-0.00623374064230947
53.53112,45.35888,-0.000151759970044907,45.3520611885738,-0.00697057139624844
53.54244,45.35273,-0.00630175997004301,45.3512779494046,-0.00775381056548473
53.55379,45.34884,-0.0101917599700414,45.3504945970605,-0.00853716290958167
53.56512,45.34921,-0.00982175997004475,45.3497520005241,-0.00927975944591847
53.57646,45.34954,-0.00949175997004659,45.3490849647011,-0.00994679526891115
53.58778,45.35332,-0.00571175997004758,45.348521701579,-0.0105100583910826
53.5991,45.35229,-0.00674175997004056,45.3480830431275,-0.0109487168425554
53.61044,45.34445,-0.0145817599700422,45.3477811886133,-0.0112505713567876
53.62173,45.34193,-0.0171017599700463,45.3476181381873,-0.0114136217827115
53.63307,45.34483,-0.0142017599700424,45.3475844341362,-0.0114473258338561
53.64441,45.35085,-0.00818175997004289,45.3476590561459,-0.0113727038241345
53.65572,45.34365,-0.0153817599700474,45.3478110600214,-0.0112206999486795
53.66706,45.34674,-0.0122917599700472,45.3480029712009,-0.0110287887691163
53.67839,45.35658,-0.0024517599700431,45.348195390231,-0.0108363697390154
53.68973,45.34988,-0.00915175997004525,45.3483519250517,-0.0106798349183407
53.70107,45.34445,-0.0145817599700422,45.3484434923241,-0.0105882676459497
53.71241,45.35117,-0.00786175997004079,45.3484512747253,-0.0105804852447874
53.72373,45.34912,-0.0099117599700449,45.3483680799882,-0.0106636799817949
53.73506,45.3457,-0.0133317599700433,45.3481982496981,-0.010833510271949
53.74638,45.34814,-0.0108917599700433,45.3479564631434,-0.011075296826684
53.75772,45.34734,-0.0116917599700415,45.3476658347535,-0.0113659252165791
53.76904,45.34374,-0.0152917599700473,45.3473556737231,-0.0116760862469964
53.78037,45.35168,-0.00735175997004234,45.3470591536444,-0.0119726063256061
53.79171,45.34508,-0.0139517599700412,45.3468109509405,-0.0122208090295924
53.80304,45.35238,-0.00665175997004752,45.3466447410827,-0.012387018887349
53.81438,45.34431,-0.014721759970044,45.3465904070211,-0.0124413529489763
53.82571,45.3443,-0.0147317599700472,45.3466709828674,-0.0123607771026625
53.83702,45.34557,-0.013461759970042,45.3468996528142,-0.0121321071558433
53.84837,45.34788,-0.0111517599700406,45.3472773450358,-0.011754414934211
53.85972,45.34852,-0.0105117599700435,45.3477914405655,-0.0112403194045139
53.87107,45.34727,-0.0117617599700424,45.3484159032156,-0.0106158567544914
53.88239,45.34995,-0.00908175997004435,45.3491129177282,-0.00991884224185299
53.89374,45.34325,-0.0157817599700465,45.3498360111898,-0.009195748780267
53.90508,45.3522,-0.00683175997004071,45.3505345609768,-0.00849719899320118
53.91639,45.34811,-0.0109217599700457,45.3511594140922,-0.00787234587783171
53.92773,45.35649,-0.00254175997004324,45.3516689883025,-0.00736277166756856
53.93905,45.35571,-0.00332175997004214,45.3520347984613,-0.00699696150869685
53.95039,45.36016,0.00112824002995637,45.3522450931115,-0.0067866668585435
53.96171,45.36074,0.00170824002995573,45.3523054459968,-0.0067263139732024
53.97305,45.34321,-0.015821759970045,45.3522358565356,-0.00679590343443539
53.98437,45.33827,-0.0207617599700427,45.352065055182,-0.00696670478801212
53.9957,45.35272,-0.00631175997004618,45.3518237860206,-0.00720797394942935
54.00704,45.3534,-0.0056317599700435,45.3515391560769,-0.00749260389316593
54.01838,45.35176,-0.00727175997004537,45.3512314442485,-0.00780031572157833
54.0297,45.3509,-0.00813175997004123,45.3509135995815,-0.00811816038853331
54.04104,45.34837,-0.0106617599700414,45.3505928143192,-0.008438945650852
54.05236,45.3551,-0.00393175997004391,45.3502732795423,-0.0087584804277328
54.06368,45.35036,-0.0086717599700421,45.3499592563475,-0.00907250362253255
54.07501,45.34705,-0.0119817599700411,45.3496576890887,-0.00937407088139591
54.08632,45.35509,-0.00394175997004709,45.3493797412732,-0.0096520186968703
54.09763,45.34888,-0.0101517599700429,45.3491408691627,-0.00989089080730912
54.10899,45.34793,-0.011101759970046,45.3489593190994,-0.0100724408706418
54.12029,45.34896,-0.0100717599700459,45.3488532212527,-0.0101785387173161
54.1316,45.35376,-0.00527175997004292,45.3488367414024,-0.0101950185676739
54.14292,45.34761,-0.011421759970041,45.3489159934146,-0.0101157665554235
54.15426,45.33759,-0.0214417599700454,45.3490856064656,-0.00994615350445699
54.16559,45.34969,-0.00934175997004161,45.3493269869612,-0.00970477300880573
54.17696,45.34174,-0.0172917599700426,45.349609233389,-0.00942252658100099
54.18829,45.35386,-0.00517175997004671,45.3498930992856,-0.00913866068448812
54.19963,45.35836,-0.000671759970046537,45.3501374130097,-0.00889434696033964
54.21099,45.35324,-0.00579175997004455,45.3503064027039,-0.00872535726611221
54.22234,45.35083,-0.00820175997004213,45.3503759566271,-0.00865580334290524
54.23366,45.35401,-0.00502175997004173,45.3503371819759,-0.00869457799414345
54.24496,45.35448,-0.00455175997004176,45.350196479485,-0.00883528048502862
54.25628,45.3476,-0.0114317599700442,45.3499723093816,-0.00905945058842399
54.26762,45.34447,-0.0145617599700429,45.3496896478924,-0.0093421120776299
54.27892,45.33965,-0.0193817599700452,45.3493737432202,-0.00965801674979871
54.29027,45.34363,-0.0154017599700467,45.3490449856254,-0.00998677434464981
54.30156,45.36149,0.00245824002995931,45.3487162548735,-0.0103155050965723
54.31288,45.34531,-0.0137217599700463,45.3483930721882,-0.0106386877818544
54.3242,45.34859,-0.0104417599700426,45.3480758195833,-0.0109559403867951
54.33554,45.3463,-0.0127317599700447,45.3477627932772,-0.0112689666928226
54.34687,45.3578,-0.00123175997004665,45.3474529838293,-0.0115787761406994
54.35821,45.34507,-0.0139617599700443,45.3471478410143,-0.0118839189556958
54.36955,45.34554,-0.0134917599700444,45.3468516735821,-0.0121800863879773
54.38086,45.33902,-0.0200117599700462,45.3465708162867,-0.0124609436833512
54.39221,45.34627,-0.0127617599700471,45.3463121692643,-0.012719590705782
54.40356,45.35609,-0.00294175997004231,45.34608184508,-0.0129499148900483
54.41492,45.33924,-0.0197917599700475,45.3458843516494,-0.0131474083206392
54.42622,45.34119,-0.0178417599700467,45.3457223461561,-0.0133094138139377
54.43751,45.35142,-0.00761175997004671,45.3455968583034,-0.0134349016666034
54.44884,45.34679,-0.0122417599700455,45.3455079065437,-0.0135238534263113
54.46017,45.34282,-0.0162117599700409,45.3454553753812,-0.0135763845888082
54.4715,45.34586,-0.0131717599700423,45.3454399389146,-0.0135918210554702
54.48285,45.34266,-0.0163717599700419,45.3454638665809,-0.0135678933891772
54.49419,45.34753,-0.0115017599700451,45.3455316451848,-0.0135001147852401
54.50555,45.34687,-0.0121617599700414,45.3456503180778,-0.0133814418922928
54.51688,45.34691,-0.0121217599700429,45.3458292993977,-0.0132024605723402
54.52825,45.35135,-0.00768175997004761,45.346079344042,-0.0129524159280242
54.53959,45.34412,-0.0149117599700475,45.3464104781678,-0.0126212818022073
54.55091,45.34642,-0.0126117599700422,45.3468290334893,-0.0122027264807596
54.56224,45.34367,-0.0153617599700411,45.3473343691542,-0.0116973908158286
54.57357,45.34483,-0.0142017599700424,45.347916198867,-0.0111155611030382
54.58492,45.34497,-0.0140617599700406,45.3485534661916,-0.010478293778429
54.59628,45.35322,-0.00581175997004379,45.3492153649668,-0.00981639500327359
54.60759,45.34798,-0.0110517599700444,45.3498645063744,-0.00916725359569323
54.61892,45.35431,-0.00472175997004598,45.3504616363939,-0.00857012357619423
54.63025,45.34903,-0.010001759970045,45.3509709441042,-0.0080608158658396
54.64159,45.35735,-0.00168175997004738,45.3513649532871,-0.00766680668294575
54.65291,45.3498,-0.00923175997004222,45.3516281770319,-0.00740358293818577
54.66423,45.3502,-0.00883175997004315,45.3517590294795,-0.00727273049057234
54.67556,45.35478,-0.00425175997004601,45.3517698503021,-0.00726190966798511
54.68689,45.35201,-0.00702175997004417,45.3516852101823,-0.00734654978778967
54.6982,45.349,-0.0100317599700475,45.3515388614788,-0.00749289849122843
54.70955,45.35021,-0.00882175997004708,45.3513698084904,-0.00766195147967227
54.72087,45.35037,-0.00866175997004603,45.3512180321426,-0.00781372782743273
54.73219,45.35339,-0.00564175997004668,45.3511203599201,-0.00791140004998796
54.74353,45.35056,-0.00847175997004257,45.3511067958337,-0.0079249641363023
54.75486,45.35321,-0.00582175997004697,45.3511974301008,-0.00783432986927818
54.76617,45.35484,-0.00419175997004118,45.3513999841467,-0.00763177582330908
54.7775,45.34676,-0.0122717599700408,45.3517081640483,-0.00732359592178846
54.78886,45.34269,-0.0163417599700466,45.3521012292676,-0.00693053070243952
54.80018,45.35438,-0.00465175997004508,45.3525453440772,-0.00648641589279264
54.81149,45.35786,-0.00117175997004182,45.3529970976335,-0.00603466233654448
54.82281,45.34975,-0.00928175997004388,45.3534089870081,-0.00562277296198669
54.83413,45.35561,-0.00342175997004546,45.3537359862687,-0.00529577370135528
54.84549,45.36211,0.00307824002995716,45.3539419799569,-0.00508978001312028
54.85683,45.34958,-0.009451759970041,45.3540048962653,-0.00502686370475611
54.86816,45.35632,-0.00271175997004747,45.3539196907973,-0.0051120691727741
54.87951,45.35361,-0.0054217599700408,45.3536987924155,-0.00533296755457097
54.89086,45.35414,-0.0048917599700431,45.3533700987964,-0.00566166117365207
54.90223,45.35465,-0.00438175997004464,45.35297295505,-0.00605880492008916
54.91356,45.35147,-0.00756175997004505,45.3525527560801,-0.00647900388994181
54.92489,45.34673,-0.0123017599700432,45.3521549750099,-0.00687678496013756
54.93623,45.3527,-0.00633175997004543,45.3518195405129,-0.00721221945711627
54.94754,45.34627,-0.0127617599700471,45.3515764442528,-0.00745531571725839
54.95888,45.35766,-0.00137175997004135,45.3514431593554,-0.00758860061464584
54.97023,45.35101,-0.00802175997004184,45.3514239716105,-0.00760778835959492
54.98156,45.35055,-0.00848175997004574,45.3515109024712,-0.00752085749882791
54.99288,45.34868,-0.0103517599700425,45.351685732877,-0.00734602709307119
55.00423,45.35895,-8.17599700440041e-05,45.3519226929008,-0.00710906706926611
55.01557,45.35292,-0.00611175997004665,45.3521914821449,-0.00684027782518973
55.02688,45.34402,-0.0150117599700437,45.3524603601993,-0.00657139977072868
55.0382,45.35093,-0.00810175997004592,45.3526991705977,-0.00633258937234454
55.04955,45.35809,-0.000941759970046974,45.3528822659314,-0.00614949403864506
55.06085,45.36014,0.00110824002995713,45.3529911690521,-0.00604059091789851
55.07216,45.34944,-0.0095917599700428,45.3530165007386,-0.00601525923143032
55.0835,45.35524,-0.00379175997004211,45.3529586412778,-0.00607311869221117
55.09484,45.34866,-0.0103717599700417,45.3528269838325,-0.00620477613749437
55.10617,45.34912,-0.0099117599700449,45.35263818809,-0.00639357188007588
55.1175,45.35164,-0.00739175997004082,45.3524141225288,-0.0066176374412292
55.1288,45.35078,-0.00825175997004379,45.3521800302411,-0.00685172972895722
55.14014,45.36059,0.00155824002995786,45.3519629897592,-0.00706877021083193
55.15145,45.35702,-0.00201175997004555,45.3517902541184,-0.00724150585162581
55.16277,45.34878,-0.0102517599700462,45.3516868857754,-0.00734487419468012
55.17413,45.349,-0.0100317599700475,45.3516724695969,-0.0073592903731484
55.18548,45.34779,-0.0112417599700407,45.3517574067977,-0.00727435317234557
55.19683,45.35066,-0.00837175997004636,45.3519398731249,-0.00709188684510401
55.20818,45.34884,-0.0101917599700414,45.3522045734812,-0.00682718648880804
55.2195,45.35189,-0.00714175997004673,45.3525239634146,-0.00650779655539569
55.23083,45.35302,-0.00601175997004333,45.3528619185018,-0.00616984146821589
55.24219,45.35829,-0.00074175997004744,45.3531791703014,-0.00585258966861577
55.25351,45.35397,-0.00506175997004732,45.3534393538977,-0.00559240607233219
55.26485,45.35727,-0.00176175997004435,45.3536143551439,-0.00541740482614225
55.27618,45.35489,-0.00414175997004662,45.353687863419,-0.00534389655105478
55.28752,45.35434,-0.00469175997004356,45.353656543135,-0.00537521683499894
55.29885,45.35404,-0.00499175997004642,45.3535288549626,-0.00550290500741228
55.3102,45.34622,-0.0128117599700417,45.3533221196849,-0.00570964028513022
55.32151,45.35262,-0.0064117599700424,45.3530587902902,-0.00597296967986196
55.33281,45.35007,-0.00896175997004178,45.3527629531844,-0.0062688067856132
55.34415,45.35364,-0.00539175997004548,45.3524577584545,-0.0065740015154965
55.35547,45.36053,0.00149824002995302,45.3521639111677,-0.00686784880229863
55.36681,45.34957,-0.00946175997004417,45.3518988509906,-0.00713290897941307
55.37815,45.34625,-0.0127817599700464,45.3516761041098,-0.00735565586022396
55.38949,45.35443,-0.00460175997004342,45.3515045392852,-0.00752722068479632
55.40084,45.35521,-0.00382175997004452,45.3513876003458,-0.00764415962426728
55.41217,45.34841,-0.0106217599700429,45.3513227214811,-0.00770903848890039
55.42352,45.34976,-0.0092717599700407,45.3513011062414,-0.00773065372867143
55.43485,45.34821,-0.0108217599700424,45.3513080740525,-0.00772368591754629
55.44617,45.35548,-0.00355175997004409,45.3513242244187,-0.00770753555135226
55.45749,45.3448,-0.0142317599700448,45.3513275594059,-0.00770420056417595
55.46884,45.35467,-0.0043617599700454,45.3512964288871,-0.00773533108292894
55.48013,45.35397,-0.00506175997004732,45.351212865482,-0.00781889448807559
55.49146,45.35341,-0.00562175997004744,45.3510656658265,-0.00796609414357489
55.50277,45.34657,-0.0124617599700443,45.3508525248383,-0.00817923513177182
55.51406,45.36003,0.000998240029957742,45.3505807004552,-0.00845105951486303
55.52539,45.34282,-0.0162117599700409,45.3502660247439,-0.00876573522617269
55.53671,45.3535,-0.00553175997004729,45.3499304429176,-0.00910131705246529
55.54807,45.34633,-0.0127017599700423,45.349598563301,-0.00943319666903295
55.55939,45.3499,-0.00913175997004601,45.3492938877182,-0.00973787225183821
55.57073,45.34875,-0.0102817599700415,45.3490354164129,-0.00999634355716195
55.58205,45.34308,-0.0159517599700436,45.3488352026547,-0.0101965573153385
55.59338,45.35074,-0.00829175997004228,45.3486972304056,-0.01033452956448
55.60472,45.35057,-0.0084617599700465,45.3486177148749,-0.0104140450951628
55.61604,45.3478,-0.0112317599700447,45.3485865896846,-0.0104451702854301
55.62737,45.35241,-0.0066217599700451,45.3485896617775,-0.0104420981925315
55.63869,45.35034,-0.00869175997004135,45.3486108427513,-0.0104209172187247
55.65004,45.34367,-0.0153617599700411,45.3486340406626,-0.0103977193074643
55.66135,45.34732,-0.0117117599700407,45.3486446102581,-0.0103871497119761
55.67267,45.3503,-0.00873175997004694,45.3486305198993,-0.0104012400707491
55.68402,45.34616,-0.0128717599700465,45.3485834224568,-0.0104483375132644
55.69534,45.35361,-0.0054217599700408,45.3484996095331,-0.0105321504369817
55.70668,45.35058,-0.00845175997004333,45.3483805831219,-0.0106511768481237
55.71802,45.34403,-0.0150017599700476,45.3482329153804,-0.0107988445896336
55.72934,45.35201,-0.00702175997004417,45.3480672500494,-0.0109645099206106
55.74068,45.34028,-0.0187517599700442,45.34789660876,-0.011135151210016
55.75203,45.35358,-0.00545175997004321,45.3477343893055,-0.0112973706645281
55.76337,45.34615,-0.0128817599700426,45.3475924508363,-0.0114393091337487
55.77472,45.34737,-0.0116617599700461,45.3474795342761,-0.0115522256939512
55.78608,45.35002,-0.00901175997004344,45.3474001362511,-0.011631623718923
55.79742,45.34403,-0.0150017599700476,45.3473539498117,-0.0116778101583497
55.80873,45.34031,-0.0187217599700418,45.3473360663864,-0.0116956935836335
55.82008,45.34917,-0.00986175997004324,45.3473381525946,-0.011693607375407
55.83142,45.35155,-0.00748175997004097,45.3473506095212,-0.0116811504488279
55.84274,45.34727,-0.0117617599700424,45.3473652799961,-0.0116664799739342
55.85407,45.35306,-0.00597175997004484,45.3473778509775,-0.0116539089925729
55.86541,45.35191,-0.00712175997004749,45.3473890378914,-0.0116427220786202
55.87675,45.34489,-0.0141417599700446,45.3474040358599,-0.0116277241101833
55.88809,45.33705,-0.0219817599700463,45.3474304181236,-0.0116013418464477
55.89941,45.34966,-0.00937175997004402,45.3474753409047,-0.0115564190653169
55.91074,45.34649,-0.0125417599700413,45.3475431905608,-0.0114885694092821
55.92207,45.347,-0.0120317599700428,45.3476344916717,-0.0113972682983598
55.9334,45.34876,-0.0102717599700455,45.34774622987,-0.011285530100058
55.94474,45.35256,-0.00647175997004723,45.3478731724271,-0.0111585875429392
55.95609,45.34753,-0.0115017599700451,45.3480095200214,-0.0110222399486647
55.96743,45.34602,-0.0130117599700412,45.3481502825693,-0.0108814774007784
55.97873,45.34998,-0.00905175997004193,45.3482920423729,-0.01073971759719
55.99008,45.34277,-0.0162617599700425,45.3484330770678,-0.0105986829022898
56.00142,45.36073,0.00169824002995256,45.3485729748196,-0.0104587851504587
56.01276,45.34384,-0.015191759970044,45.3487118644398,-0.0103198955302493
56.0241,45.34906,-0.00997175997004263,45.348849392344,-0.0101823676260629
56.03543,45.33897,-0.0200617599700408,45.3489837704511,-0.010047989518911
56.04676,45.34964,-0.00939175997004327,45.3491114570234,-0.00992030294669242
56.0581,45.35274,-0.00629175997004694,45.3492279576194,-0.009803802350661
56.06944,45.35002,-0.00901175997004344,45.3493297089819,-0.00970205098812967
56.08076,45.35146,-0.00757175997004111,45.3494163528221,-0.00961540714795252
56.09211,45.35421,-0.00482175997004219,45.3494923693521,-0.00953939061792023
56.10345,45.35287,-0.0061617599700412,45.3495671815534,-0.00946457841662721
56.11477,45.34686,-0.0121717599700446,45.3496533343706,-0.00937842559941534
56.12611,45.35101,-0.00802175997004184,45.3497630213083,-0.00926873866177111
56.13742,45.34283,-0.0162017599700448,45.3499038909167,-0.00912786905331116
56.14875,45.3426,-0.0164317599700468,45.3500754777659,-0.00895628220411254
56.16008,45.35463,-0.00440175997004388,45.3502675530577,-0.00876420691235061
56.17141,45.34572,-0.0133117599700441,45.3504611287657,-0.00857063120435903
56.18277,45.35637,-0.00266175997004581,45.3506319713185,-0.00839978865154332
56.19412,45.35395,-0.00508175997004656,45.3507556667231,-0.00827609324694176
56.20547,45.35198,-0.00705175997004659,45.3508128601252,-0.00821889984482078
56.2168,45.35236,-0.00667175997004676,45.3507933688944,-0.00823839107568181
56.22813,45.34989,-0.00914175997004207,45.3506983227913,-0.00833343717872451
56.23945,45.35123,-0.00780175997004307,45.3505400798859,-0.00849168008410621
56.25077,45.35006,-0.00897175997004496,45.350340168815,-0.00869159115501848
56.26207,45.34698,-0.012051759970042,45.3501258085563,-0.00890595141378953
56.27342,45.35398,-0.00505175997004415,45.3499256717396,-0.00910608823041131
56.28476,45.35054,-0.00849175997004181,45.349765545313,-0.0092662146570581
56.2961,45.34268,-0.0163517599700427,45.3496644839226,-0.00936727604743738
56.30742,45.34894,-0.0100917599700452,45.3496320192408,-0.0093997407292581
56.31876,45.35105,-0.00798175997004336,45.3496669316571,-0.00936482831297418
56.33009,45.34934,-0.00969175997004612,45.349757862548,-0.00927389742206943
56.3414,45.34727,-0.0117617599700424,45.3498856470446,-0.00914611292540068
56.35275,45.35196,-0.00707175997004583,45.350026872611,-0.00900488735900008
56.36409,45.35532,-0.00371175997004514,45.3501579459957,-0.00887381397431186
56.37542,45.34863,-0.0104017599700441,45.350258864594,-0.00877289537606818
56.38675,45.35022,-0.00881175997004391,45.350315953324,-0.00871580664601258
56.39809,45.35396,-0.00507175997004339,45.3503230843887,-0.00870867558129573
56.40945,45.35152,-0.00751175997004339,45.3502812598381,-0.00875050013196545
56.42079,45.35079,-0.00824175997004062,45.3501967818264,-0.00883497814360425
56.43212,45.34633,-0.0127017599700423,45.3500785629041,-0.00895319706596603
56.44344,45.33844,-0.0205917599700456,45.349935447935,-0.00909631203506684
56.45476,45.34746,-0.011571759970046,45.3497745439488,-0.00925721602126223
56.4661,45.35792,-0.00111175997004409,45.3496011907848,-0.00943056918522774
56.47745,45.36089,0.00185824002995361,45.3494203330544,-0.0096114269156356
56.4888,45.3489,-0.0101317599700437,45.3492381885358,-0.00979357143421717
56.50011,45.34584,-0.0131917599700415,45.3490629725993,-0.00996878737075778
56.51144,45.34045,-0.0185817599700471,45.3489042053904,-0.0101275545796562
56.52277,45.34962,-0.00941175997004251,45.3487711501063,-0.0102606098637245
56.53409,45.348,-0.0110317599700451,45.3486713805026,-0.0103603794674889
56.54544,45.355,-0.00403175997004723,45.3486101384533,-0.0104216215167479
56.55679,45.3479,-0.0111317599700413,45.3485904821257,-0.0104412778443088
56.56812,45.34396,-0.0150717599700414,45.3486138260485,-0.0104179339215748
56.57946,45.35175,-0.00728175997004143,45.3486805204208,-0.0103512395492777
56.59076,45.34636,-0.012671759970047,45.3487903534466,-0.010241406523485
56.60207,45.34838,-0.0106517599700453,45.3489429638841,-0.010088796085974
56.6134,45.35649,-0.00254175997004324,45.3491380596604,-0.00989370030959533
56.62472,45.3473,-0.0117317599700471,45.3493752181205,-0.00965654184956163
56.63606,45.34877,-0.0102617599700423,45.349653075443,-0.00937868452707415
56.64738,45.35012,-0.00891175997004723,45.3499679529779,-0.00906380699214661
56.65871,45.34449,-0.0145417599700437,45.3503122854179,-0.0087194745521117
56.67001,45.35806,-0.000971759970042285,45.3506733800091,-0.00835837996091661
56.68134,45.34889,-0.0101417599700468,45.3510329519901,-0.00799880797990796
56.69268,45.34353,-0.0155017599700429,45.3513676810539,-0.00766407891619368
56.70402,45.35427,-0.00476175997004447,45.3516508808021,-0.00738087916795621
56.71535,45.34963,-0.00940175997004644,45.3518552256619,-0.0071765343081319
56.72667,45.36386,0.00482824002995841,45.3519561832817,-0.00707557668839174
56.738,45.34869,-0.0103417599700464,45.3519354367159,-0.00709632325409704
56.74934,45.35288,-0.00615175997004513,45.3517834947101,-0.00724826525994553
56.76065,45.34517,-0.013861759970041,45.3515010608487,-0.00753069912136714
56.77199,45.35161,-0.00742175997004324,45.3510992977575,-0.00793246221256981
56.78334,45.34785,-0.011181759970043,45.3505994246898,-0.00843233528027765
56.79469,45.35752,-0.00151175997004316,45.3500319316414,-0.00899982832864996
56.80603,45.34953,-0.00950175997004266,45.3494352898396,-0.00959647013048495
56.81738,45.35081,-0.00822175997004138,45.3488537713508,-0.0101779886192738
56.82871,45.34491,-0.0141217599700454,45.3483340986114,-0.0106976613586797
56.84002,45.34633,-0.0127017599700423,45.3479210458104,-0.0111107141596746
56.85135,45.35568,-0.00335175997004455,45.3476525038566,-0.0113792561134121
56.86268,45.33879,-0.0202417599700411,45.3475546845776,-0.0114770753924322
56.87403,45.34876,-0.0102717599700455,45.3476381357915,-0.0113936241785569
56.88537,45.35022,-0.00881175997004391,45.3478952118547,-0.0111365481152967
56.89672,45.3417,-0.0173317599700411,45.3482995843271,-0.0107321756429083
56.90805,45.34621,-0.0128217599700449,45.3488082004693,-0.0102235595007506
56.9194,45.3512,-0.00783175997004548,45.3493657934884,-0.00966596648161967
56.93072,45.34724,-0.0117917599700448,45.3499116237513,-0.00912013621873638
56.94204,45.35282,-0.00621175997004286,45.3503876090574,-0.008644150912636
56.95338,45.35767,-0.00136175997004528,45.350746528815,-0.00828523115508065
56.96473,45.35514,-0.00389175997004543,45.3509587632899,-0.0080729966801861
56.97607,45.35034,-0.00869175997004135,45.3510161993112,-0.00801556065879891
56.98742,45.35034,-0.00869175997004135,45.3509325293239,-0.00809923064613773
56.99873,45.34798,-0.0110517599700444,45.3507400099308,-0.00829175003924086
57.01008,45.35642,-0.00261175997004415,45.3504834675459,-0.00854829242417409
57.02142,45.34846,-0.0105717599700412,45.3502127034099,-0.00881905656015598
57.03275,45.34374,-0.0152917599700473,45.3499745455144,-0.0090572144556093
57.04407,45.34513,-0.0139017599700466,45.3498058211429,-0.00922593882714619
57.05539,45.34856,-0.010471759970045,45.349728449092,-0.00930331087803622
57.06671,45.35326,-0.00577175997004531,45.3497474574081,-0.00928430256198118
57.07803,45.35107,-0.00796175997004411,45.3498520133012,-0.00917974666883718
57.08937,45.3517,-0.00733175997004309,45.3500188544514,-0.0090129055186371
57.1007,45.34074,-0.0182917599700474,45.3502171914646,-0.00881456850545392
57.11201,45.36052,0.00148824002995696,45.3504142032472,-0.00861755672287918
57.12334,45.34908,-0.00995175997004338,45.3505803717017,-0.00845138826829687
57.13468,45.34889,-0.0101417599700468,45.3506939116238,-0.00833784834624669
57.14601,45.36135,0.00231824002995751,45.3507435646819,-0.00828819528815042
57.15733,45.34914,-0.00989175997004565,45.3507292299126,-0.00830253005742895
57.16866,45.34637,-0.0126617599700438,45.3506603296261,-0.0083714303439237
57.17999,45.34777,-0.0112617599700471,45.3505523694788,-0.00847939049120631
57.19134,45.35436,-0.00467175997004432,45.3504226373096,-0.00860912266047656
57.20267,45.34561,-0.0134217599700435,45.3502861376216,-0.00874562234841756
57.21399,45.34542,-0.0136117599700469,45.350152643828,-0.00887911614206644
57.2253,45.35474,-0.0042917599700445,45.3500253777178,-0.0090063822521974
57.23666,45.34888,-0.0101517599700429,45.3499014309676,-0.00913032900240971
57.248,45.35235,-0.00668175997004283,45.3497736498113,-0.00925811015877222
57.25931,45.34497,-0.0140617599700406,45.3496334211602,-0.00939833880988899
57.27065,45.35144,-0.00759175997004746,45.349473735316,-0.00955802465407929
57.282,45.35466,-0.00437175997004147,45.3492919676295,-0.00973979234050174
57.29336,45.34644,-0.0125917599700429,45.349091872759,-0.00993988721100776
57.3047,45.35081,-0.00822175997004138,45.3488843545995,-0.0101474053705016
57.31602,45.34942,-0.00961175997004204,45.348686780609,-0.0103449793610664
57.32733,45.34736,-0.0116717599700422,45.3485209215793,-0.0105108383907861
57.33868,45.34966,-0.00937175997004402,45.3484098780381,-0.0106218819319713
57.35001,45.34397,-0.0150617599700453,45.3483745317902,-0.0106572281798084
57.36133,45.34601,-0.0130217599700444,45.3484301292206,-0.0106016307494614
57.37264,45.3531,-0.00593175997004636,45.3485835259442,-0.0104482340258951
57.38398,45.3506,-0.00843175997004408,45.3488313804936,-0.0102003794764124
57.39532,45.35182,-0.00721175997004764,45.3491593049826,-0.00987245498743783
57.40665,45.34717,-0.0118617599700457,45.3495419058841,-0.00948985408589578
57.41798,45.33682,-0.0222117599700411,45.3499438755448,-0.00908788442523577
57.42932,45.35229,-0.00674175997004056,45.3503225739912,-0.0087091859788087
57.44064,45.3536,-0.00543175997004397,45.3506324380132,-0.00839932195683371
57.45198,45.35643,-0.00260175997004097,45.3508309141857,-0.00820084578437035
57.4633,45.34929,-0.00974175997004068,45.3508848214287,-0.0081469385412929
57.47464,45.35927,0.000238240029958092,45.3507756959673,-0.00825606400270077
57.48598,45.34483,-0.0142017599700424,45.3505029622798,-0.00852879769023935
57.4973,45.34737,-0.0116617599700461,45.3500844380179,-0.00894732195218222
57.50867,45.35525,-0.00378175997004604,45.3495543257224,-0.00947743424763852
57.52002,45.34909,-0.00994175997004731,45.3489592165096,-0.0100725434604344
57.53136,45.34692,-0.0121117599700469,45.3483527281731,-0.0106790317968954
57.54272,45.34393,-0.0151017599700438,45.347789433334,-0.011242326636016
57.55405,45.34705,-0.0119817599700411,45.3473188321909,-0.0117129277791283
57.56538,45.34679,-0.0122417599700455,45.3469801513614,-0.0120516086086777
57.57673,45.34624,-0.0127917599700424,45.3467985458043,-0.0122332141657494
57.58807,45.35223,-0.0068017599700454,45.3467829265451,-0.0122488334249554
57.59938,45.3479,-0.0111317599700413,45.3469253628975,-0.0121063970724977
57.61074,45.33617,-0.0228617599700414,45.3472019752688,-0.0118297847012777
57.62207,45.34879,-0.0102417599700431,45.3475754052608,-0.0114563547092064
57.63343,45.34412,-0.0149117599700475,45.3479990486342,-0.011032711335847
57.64475,45.35304,-0.00599175997004409,45.3484229579489,-0.0106088020211447
57.65609,45.35144,-0.00759175997004746,45.3488006961637,-0.0102310638063847
57.6674,45.35158,-0.00745175997004566,45.3490958451619,-0.00993591480809288
57.67872,45.35693,-0.00210175997004569,45.3492867206357,-0.00974503933431443
57.69004,45.3466,-0.0124317599700419,45.3493682046686,-0.00966355530146426
57.7014,45.34985,-0.00918175997004056,45.3493503359466,-0.00968142402346148
57.71275,45.34777,-0.0112617599700471,45.3492541459137,-0.00977761405630135
57.72409,45.34362,-0.0154117599700427,45.3491059115921,-0.00992584837796711
57.73544,45.35063,-0.00840175997004167,45.3489312958032,-0.0101004641668849
57.74678,45.34349,-0.0155417599700414,45.3487507228934,-0.0102810370766064
57.75812,45.34808,-0.0109517599700411,45.3485769084696,-0.010454851500417
57.76945,45.34903,-0.010001759970045,45.3484148883303,-0.0106168716397371
57.7808,45.34532,-0.0137117599700431,45.3482643053145,-0.0107674546555458
57.79213,45.35268,-0.00635175997004467,45.3481232002518,-0.0109085597182048
57.80346,45.35447,-0.00456175997004493,45.3479921890963,-0.0110395708737264
57.8148,45.34599,-0.0130417599700436,45.347877786333,-0.0111539736370456
57.82613,45.35188,-0.0071517599700428,45.3477938534667,-0.0112379065032995
57.83748,45.34665,-0.0123817599700473,45.3477607032314,-0.0112710567386106
57.84881,45.3412,-0.0178317599700435,45.3478020737749,-0.0112296861951961
57.86015,45.35453,-0.0045017599700472,45.3479407204944,-0.0110910394756841
57.87149,45.34973,-0.00930175997004312,45.3481935949958,-0.0108381649742534
57.88284,45.33888,-0.0201517599700409,45.3485675499459,-0.0104642100241358
57.89418,45.34347,-0.0155617599700406,45.3490564103731,-0.00997534959690107
57.9055,45.3541,-0.00493175997004158,45.3496401048973,-0.00939165507276087
57.91685,45.35664,-0.00239175997004537,45.3502861449032,-0.00874561506683733
57.92818,45.34879,-0.0102417599700431,45.3509530812704,-0.0080786786996373
57.9395,45.34562,-0.0134117599700474,45.3515950860518,-0.00743667391825731
57.95083,45.35925,0.000218240029958849,45.3521668081553,-0.00686495181472031
57.96218,45.35278,-0.00625175997004135,45.3526279047026,-0.00640385526746843
57.97353,45.34978,-0.00925175997004146,45.352946799512,-0.0060849604580658
57.98485,45.35961,0.000578240029959431,45.3531032757169,-0.0059284842531901
57.99619,45.35324,-0.00579175997004455,45.3530896497913,-0.00594211017871708
58.00752,45.34584,-0.0131917599700415,45.3529105241478,-0.00612123582229505
58.01887,45.35406,-0.00497175997004717,45.3525813880173,-0.00645037195272283
58.03022,45.35673,-0.00230175997004523,45.3521265116149,-0.0069052483551788
58.04155,45.34501,-0.0140217599700421,45.3515765459801,-0.00745521398989659
58.05288,45.35268,-0.00635175997004467,45.3509660560943,-0.00806570387574946
58.06421,45.35627,-0.00276175997004202,45.3503310551299,-0.00870070484013069
58.07553,45.34677,-0.0122617599700447,45.3497065415259,-0.0093252184441527
58.08685,45.34597,-0.0130617599700429,45.3491240611245,-0.00990769884559064
58.09819,45.34957,-0.00946175997004417,45.3486094393345,-0.0104223206354974
58.10953,45.34932,-0.00971175997004536,45.3481809622144,-0.0108507977556855
58.12087,45.34595,-0.0130817599700421,45.3478482684533,-0.0111834915167772
58.1322,45.34773,-0.0113017599700456,45.3476120595217,-0.0114197004483725
58.14354,45.34501,-0.0140217599700421,45.3474645892208,-0.0115671707492833
58.15485,45.35394,-0.00509175997004263,45.3473907969563,-0.0116409630137854
58.16618,45.34342,-0.0156117599700423,45.3473698569577,-0.0116619030122991
58.17751,45.35421,-0.00482175997004219,45.3473768713172,-0.0116548886528668
58.18884,45.33801,-0.0210217599700471,45.3473845368044,-0.0116472231656602
58.20019,45.3474,-0.0116317599700437,45.3473648405248,-0.0116669194452229
58.21152,45.35358,-0.00545175997004321,45.3472910009272,-0.0117407590428867
58.22286,45.33949,-0.0195417599700463,45.3471398045426,-0.0118919554274163
58.23418,45.34781,-0.0112217599700415,45.3468942516496,-0.0121375083204005
58.24553,45.34831,-0.0107217599700462,45.3465461948524,-0.0124855651176365
58.25687,45.35247,-0.00656175997004738,45.3460984881683,-0.0129332718017066
58.26821,45.34386,-0.0151717599700447,45.3455660540344,-0.0134657059355959
58.27955,45.34614,-0.0128917599700458,45.3449753495076,-0.0140564104624176
58.29088,45.34648,-0.0125517599700444,45.3443620760691,-0.0146696839009691
58.30223,45.3363,-0.0227317599700427,45.3437674837921,-0.0152642761779649
58.31355,45.34274,-0.016291759970045,45.3432340049843,-0.0157977549857198
58.32487,45.34634,-0.0126917599700462,45.342801049417,-0.0162307105530479
58.3362,45.33883,-0.0202017599700426,45.342501586213,-0.0165301737570669
58.34753,45.34146,-0.0175717599700462,45.3423597674691,-0.016671992500953
58.35887,45.34424,-0.0147917599700449,45.342389524514,-0.0166422354560514
58.3702,45.34768,-0.0113517599700472,45.3425938684419,-0.0164378915281697
58.38154,45.33983,-0.0192017599700449,45.3429645265071,-0.0160672334629165
58.39288,45.34541,-0.013621759970043,45.3434815919572,-0.0155501680128866
58.40422,45.34598,-0.0130517599700468,45.3441131043365,-0.0149186556335216
58.41556,45.34091,-0.0181217599700432,45.3448148039934,-0.0142169559766559
58.42689,45.34418,-0.0148517599700426,45.3455305609772,-0.0135011989928334
58.43824,45.34578,-0.0132517599700464,45.3461940878435,-0.0128376721265701
58.44954,45.34615,-0.0128817599700426,45.3467324725317,-0.0122992874383473
58.46085,45.33649,-0.0225417599700464,45.3470718074884,-0.0119599524815976
58.47216,45.35007,-0.00896175997004178,45.3471447858827,-0.0118869740873516
58.48349,45.35471,-0.00432175997004691,45.3468995935468,-0.0121321664232119
58.49483,45.34441,-0.0146217599700407,45.3463087883209,-0.012722971649115
58.50618,45.35196,-0.00707175997004583,45.3453763919144,-0.0136553680556344
58.51752,45.35085,-0.00818175997004289,45.3441414575412,-0.0148903024288717
58.52888,45.34577,-0.0132617599700424,45.3426769726712,-0.0163547872988422
58.54018,45.33627,-0.0227617599700451,45.3410839179528,-0.0179478420172937
58.55149,45.33131,-0.0277217599700421,45.3394814010045,-0.0195503589655631
58.56283,45.33688,-0.0221517599700434,45.3379946850713,-0.021037074898702
58.57414,45.33605,-0.0229817599700439,45.3367432187342,-0.0222885412358631
58.58547,45.33413,-0.0249017599700423,45.335830311276,-0.0232014486940436
58.5968,45.33659,-0.0224417599700431,45.3353352337853,-0.0236965261847694
58.60813,45.34463,-0.0144017599700419,45.3353077523669,-0.0237240076031921
58.61948,45.33681,-0.0222217599700443,45.3357647057325,-0.0232670542375796
58.63081,45.33215,-0.0268817599700455,45.3366883225916,-0.0223434373784668
58.64213,45.32599,-0.0330417599700468,45.3380264773583,-0.021005282611767
58.65348,45.33623,-0.0228017599700436,45.3396956309044,-0.0193361290656378
58.66482,45.34589,-0.013141759970047,45.3415872046941,-0.0174445552759783
58.67616,45.34474,-0.0142917599700425,45.3435773418308,-0.0154544181392451
58.68751,45.3505,-0.0085317599700474,45.3455388568766,-0.0134929030934859
58.69884,45.35152,-0.00751175997004339,45.3473533997132,-0.011678360256843
58.71018,45.35282,-0.00621175997004286,45.3489218325148,-0.0101099274552382
58.7215,45.34827,-0.0107617599700447,45.3501714196999,-0.00886034027015472
58.73283,45.35048,-0.00855175997004665,45.3510593291086,-0.00797243086145716
58.74419,45.34634,-0.0126917599700462,45.3515728063904,-0.0074589535796924
58.75552,45.35099,-0.00804175997004108,45.3517269253024,-0.00730483466761095
58.76685,45.35466,-0.00437175997004147,45.3515608834199,-0.00747087655015537
58.77821,45.34817,-0.0108617599700409,45.3511334933907,-0.00789826657938637
58.78955,45.3539,-0.00513175997004112,45.3505180909013,-0.00851366906878133
58.8009,45.35342,-0.00561175997004426,45.3497968055626,-0.00923495440745429
58.81223,45.34946,-0.00957175997004356,45.3490541198244,-0.0099776401455988
58.82355,45.34982,-0.00921175997004298,45.3483698586251,-0.0106619013449251
58.83489,45.33965,-0.0193817599700452,45.3478121515139,-0.0112196084561897
58.84624,45.33965,-0.0193817599700452,45.3474313192109,-0.0116004407591295
58.85755,45.35546,-0.00357175997004333,45.3472557505571,-0.0117760094129296
58.8689,45.34943,-0.00960175997004598,45.3472904441417,-0.0117413158283628
58.88022,45.3448,-0.0142317599700448,45.3475181896889,-0.0115135702811048
58.89156,45.34515,-0.0138817599700474,45.3479028607913,-0.011128899178751
58.90292,45.35228,-0.00675175997004374,45.3483942331301,-0.0106375268399131
58.91426,45.34095,-0.0180817599700447,45.3489338752388,-0.0100978847312431
58.9256,45.35779,-0.00124175997004272,45.3494616456532,-0.00957011431687092
58.93694,45.34863,-0.0104017599700441,45.349922146444,-0.00910961352609463
58.94828,45.35694,-0.00209175997004252,45.3502703181812,-0.00876144178883916
58.95963,45.34908,-0.00995175997004338,45.3504754098354,-0.00855635013464829
58.97095,45.34581,-0.0132217599700439,45.3505229061088,-0.00850885386125522
58.98231,45.35509,-0.00394175997004709,45.3504145230315,-0.00861723693850234
58.99365,45.34435,-0.0146817599700455,45.3501668091739,-0.00886495079617053
59.005,45.34508,-0.0139517599700412,45.3498090147682,-0.00922274520183545
59.01628,45.35506,-0.0039717599700424,45.3493807195326,-0.0096510404374294
59.02761,45.35207,-0.00696175997004644,45.3489293448207,-0.0101024151493509
59.03894,45.35001,-0.00902175997004662,45.3485072801386,-0.0105244798314422
59.05027,45.34387,-0.0151617599700415,45.3481681883149,-0.0108635716550997
59.06159,45.35405,-0.00498175997004324,45.3479622642331,-0.0110694957369628
59.07291,45.35197,-0.00706175997004266,45.3479306386346,-0.0111011213354147
59.08426,45.34224,-0.0167917599700473,45.3480995049584,-0.0109322550116481
59.09561,45.34164,-0.0173917599700459,45.3484748893352,-0.0105568706348659
59.10695,45.34589,-0.013141759970047,45.3490392716674,-0.00999248830265485
59.11828,45.34782,-0.0112117599700454,45.3497512348709,-0.00928052509916463
59.12961,45.35526,-0.00377175997004287,45.3505487406789,-0.00848301929112155
59.14092,45.35044,-0.00859175997004513,45.351355706899,-0.00767605307104876
59.15224,45.35458,-0.00445175997004554,45.3520907830241,-0.00694097694597236
59.1636,45.35549,-0.00354175997004091,45.3526769089545,-0.00635485101557748
59.17493,45.34581,-0.0132217599700439,45.3530503584086,-0.00598140156146507
59.18627,45.3577,-0.00133175997004287,45.3531682736863,-0.00586348628377258
59.19761,45.35157,-0.00746175997004173,45.3530139459968,-0.00601781397324818
59.20894,45.36232,0.00328824002995276,45.3525991679216,-0.00643259204843079
59.22029,45.36153,0.0024982400299578,45.3519630048246,-0.00706875514544013
59.23162,45.34464,-0.0143917599700458,45.3511666288426,-0.00786513112739563
59.24297,45.34361,-0.0154217599700459,45.350284657223,-0.00874710274701686
59.2543,45.34577,-0.0132617599700424,45.3493944968623,-0.00963726310772346
59.26566,45.34531,-0.0137217599700463,45.3485658741473,-0.0104658858227529
59.27697,45.35145,-0.00758175997004429,45.3478525608033,-0.0111791991667595
59.28831,45.34371,-0.0153217599700426,45.3472874763958,-0.0117442835742672
59.29964,45.34882,-0.0102117599700406,45.346881436086,-0.0121503238840163
59.31096,45.34246,-0.0165717599700415,45.3466252119436,-0.0124065480264284
59.3223,45.34225,-0.0167817599700442,45.3464942741631,-0.0125374858069254
59.33361,45.35181,-0.00722175997004371,45.346455345698,-0.0125764142720749
59.34495,45.3558,-0.00323175997004199,45.3464735821793,-0.0125581777907725
59.3563,45.35056,-0.00847175997004257,45.3465188966703,-0.0125128632997784
59.36763,45.34821,-0.0108217599700424,45.3465700516812,-0.0124617082888511
59.37895,45.33604,-0.0229917599700471,45.3466158755597,-0.0124158844103355
59.39026,45.34451,-0.0145217599700445,45.3466540430307,-0.0123777169393693
59.40162,45.34871,-0.0103217599700471,45.3466886240732,-0.0123431358968858
59.41297,45.34211,-0.016921759970046,45.3467276054342,-0.0123041545358205
59.42432,45.34985,-0.00918175997004056,45.3467809834024,-0.0122507765676878
59.43564,45.3537,-0.00533175997004065,45.3468593257053,-0.0121724342647424
59.44698,45.34923,-0.00980175997004551,45.3469722914187,-0.0120594685513558
59.45834,45.34499,-0.0140417599700413,45.3471266265855,-0.0119051333845881
59.46964,45.34618,-0.0128517599700473,45.347323606024,-0.0117081539459986
59.481,45.34286,-0.0161717599700424,45.3475565363938,-0.0114752235762258
59.49234,45.34078,-0.0182517599700418,45.3478093693884,-0.0112223905816803
59.50368,45.34881,-0.0102217599700438,45.3480574052324,-0.0109743547376727
59.51504,45.35017,-0.00886175997004557,45.3482704851946,-0.0107612747754054
59.52636,45.35058,-0.00845175997004333,45.3484182138432,-0.0106135461268744
59.53769,45.35056,-0.00847175997004257,45.3484759986866,-0.0105557612834474
59.54903,45.3531,-0.00593175997004636,45.3484303710127,-0.0106013889573058
59.56038,45.35431,-0.00472175997004598,45.3482822296693,-0.0107495303007072
59.5717,45.34566,-0.0133717599700418,45.3480472096547,-0.0109845503153136
59.58304,45.34439,-0.014641759970047,45.3477531740016,-0.0112785859684252
59.59436,45.33981,-0.0192217599700442,45.3474356561668,-0.011596103803272
59.60569,45.35181,-0.00722175997004371,45.3471326026534,-0.0118991573166589
59.61699,45.34551,-0.0135217599700468,45.3468797154324,-0.0121520445376775
59.62835,45.34442,-0.0146117599700446,45.346707178455,-0.0123245815150688
59.63967,45.34122,-0.0178117599700442,45.3466379649323,-0.0123937950377837
59.65101,45.35648,-0.00255175997004642,45.3466875043666,-0.0123442556034737
59.66232,45.34826,-0.0107717599700408,45.3468641849806,-0.012167574989419
59.67366,45.34969,-0.00934175997004161,45.347169963648,-0.0118617963220489
59.68501,45.34421,-0.0148217599700473,45.3476004522307,-0.0114313077393965
59.69634,45.349,-0.0100317599700475,45.3481443250569,-0.0108874349131824
59.70769,45.34286,-0.0161717599700424,45.3487824641226,-0.0102492958474235
59.71904,45.35084,-0.00819175997004606,45.3494875557888,-0.00954420418125892
59.73036,45.34716,-0.0118717599700418,45.35022474934,-0.00880701063003855
59.74169,45.35623,-0.00280175997004761,45.3509536026005,-0.00807815736958265
59.75306,45.35366,-0.00537175997004624,45.3516310950291,-0.00740066494091886
59.76438,45.3464,-0.0126317599700414,45.352215213545,-0.00681654642506098
59.77571,45.35346,-0.00557175997004578,45.3526686222367,-0.00636313773331438
59.78706,45.35864,-0.000391759970042926,45.3529620935369,-0.0060696664331443
59.79841,45.34318,-0.0158517599700474,45.3530774755531,-0.00595428441689114
59.80975,45.35862,-0.000411759970042169,45.3530099273533,-0.00602183261671344
59.8211,45.35587,-0.00316175997004109,45.3527690603218,-0.00626269964821393
59.83243,45.35721,-0.00182175997004208,45.3523785501889,-0.00665320978115552
59.84377,45.35545,-0.00358175997004651,45.3518738347694,-0.00715792520063037
59.85512,45.33988,-0.0191517599700433,45.3512978675805,-0.00773389238958375
59.86644,45.35491,-0.00412175997004738,45.3506955373559,-0.00833622261419121
59.87778,45.34646,-0.0125717599700437,45.3501079180534,-0.00892384191664513
59.88914,45.34407,-0.014961759970042,45.3495676088794,-0.00946415109066824
59.90049,45.35038,-0.00865175997004286,45.3490960489448,-0.0099357110252221
59.91178,45.35423,-0.00480175997004295,45.3487030940128,-0.0103286659572307
59.92312,45.34614,-0.0128917599700458,45.3483885559069,-0.0106432040631455
59.93444,45.34768,-0.0113517599700472,45.3481450208594,-0.0108867391106138
59.94578,45.34833,-0.010701759970047,45.3479612032036,-0.0110705567664908
59.95713,45.34894,-0.0100917599700452,45.3478252497208,-0.0112065102492647
59.96848,45.34812,-0.0109117599700426,45.3477275568286,-0.0113042031414829
59.97983,45.35011,-0.0089217599700433,45.34766272691,-0.0113690330600391
59.99118,45.3503,-0.00873175997004694,45.3476303755389,-0.011401384431134
60.00253,45.34118,-0.0178517599700427,45.3476346970797,-0.0113970628903658
60.01386,45.34767,-0.0113617599700433,45.3476829749285,-0.0113487850415112
60.02522,45.3505,-0.0085317599700474,45.3477834400416,-0.0112483199284666
60.03653,45.35173,-0.00730175997004068,45.347942890041,-0.0110888699290888
60.04786,45.34657,-0.0124617599700443,45.3481643436469,-0.0108674163231446
60.05919,45.34311,-0.0159217599700412,45.3484449749658,-0.010586785004232
60.0705,45.3493,-0.00973175997004461,45.3487747450768,-0.0102570148932063
60.08186,45.34385,-0.0151817599700408,45.3491362887902,-0.0098954711798724
60.09321,45.35033,-0.00870175997004452,45.3495064440019,-0.00952531596809597
60.1045,45.35278,-0.00625175997004135,45.3498593244383,-0.00917243553177994
60.1158,45.35537,-0.00366175997004348,45.3501702688981,-0.00886149107190308
60.12712,45.34703,-0.0120017599700475,45.3504196353311,-0.00861212463895199
60.13843,45.35565,-0.00338175997004697,45.350595429057,-0.00843633091308328
60.14977,45.3537,-0.00533175997004065,45.3506941282708,-0.00833763169925414
60.1611,45.34609,-0.0129417599700474,45.3507195959421,-0.00831216402789752
60.17243,45.34884,-0.0101917599700414,45.3506804771585,-0.00835128281155287
60.18376,45.35146,-0.00757175997004111,45.3505868739707,-0.00844488599936644
60.19507,45.34943,-0.00960175997004598,45.3504472413039,-0.00858451866614768
60.20641,45.34634,-0.0126917599700462,45.3502663085255,-0.00876545144450792
60.21774,45.34755,-0.0114817599700459,45.3500445240137,-0.00898723595630176
60.22907,45.35317,-0.00586175997004545,45.3497791628841,-0.00925259708594273
60.2404,45.34721,-0.0118217599700472,45.3494668295774,-0.00956493039266891
60.25173,45.35408,-0.00495175997004083,45.3491066656058,-0.00992509436420625
60.26303,45.3496,-0.00943175997004175,45.3487032982994,-0.0103284616706845
60.27436,45.35472,-0.00431175997004374,45.3482685740193,-0.0107631859507643
60.28568,45.34752,-0.0115117599700412,45.3478214311438,-0.0112103288262675
60.29702,45.34323,-0.0158017599700457,45.3473858347958,-0.0116459251742514
60.30835,45.34015,-0.0188817599700428,45.3469873697543,-0.0120443902157212
60.31966,45.34643,-0.0126017599700461,45.346649568241,-0.0123821917290189
60.33101,45.34814,-0.0108917599700433,45.3463910258628,-0.0126407341072663
60.34233,45.35044,-0.00859175997004513,45.3462238265859,-0.0128079333841119
60.35365,45.34569,-0.0133417599700465,45.3461531430267,-0.0128786169433398
60.36498,45.34377,-0.0152617599700449,45.3461775488145,-0.0128542111554995
60.37635,45.34527,-0.0137617599700448,45.3462896762158,-0.0127420837542028
60.38768,45.34952,-0.00951175997004583,45.3464771038251,-0.0125546561449509
60.39901,45.34681,-0.0122217599700463,45.3467234743262,-0.0123082856438894
60.41033,45.34497,-0.0140617599700406,45.3470098029984,-0.0120219569716915
60.42162,45.34911,-0.00992175997004097,45.3473159098194,-0.0117158501506287
60.43294,45.34248,-0.0165517599700422,45.3476219583633,-0.0114098016067735
60.44426,45.34745,-0.0115817599700421,45.3479101094509,-0.0111216505191608
60.45557,45.3575,-0.0015317599700424,45.3481661866582,-0.010865573311856
60.46691,45.34483,-0.0142017599700424,45.3483810397125,-0.010650720257527
60.47824,45.35128,-0.00775175997004141,45.3485511789945,-0.0104805809754932
60.48955,45.34416,-0.0148717599700419,45.3486784235871,-0.0103533363829558
60.5009,45.34855,-0.0104817599700411,45.3487686747489,-0.010263085221141
