time_s,capacitance_raw_pF,capacitance_zero_mean_pF,capacitance_filtered_pF,capacitance_filtered_zero_mean_pF
0.00173,45.99204,-0.00117152950018351,45.99204238954,-0.00116913996018046
0.01298,45.99051,-0.00270152950018598,45.9921524290914,-0.00105910040877027
0.0243,45.99284,-0.000371529500185375,45.9922453173031,-0.000966212197049581
0.0356,45.99169,-0.00152152950018802,45.9923108514373,-0.000900678062902625
0.04689,45.99399,0.000778470499810169,45.9923427174321,-0.000868812068124785
0.05818,45.995,0.00178847049981101,45.9923394199826,-0.000872109517629372
0.0695,45.99073,-0.00248152950018721,45.9923045148759,-0.000907014624255806
0.08082,45.99259,-0.000621529500186568,45.9922460221233,-0.000965507376925468
0.09212,45.99134,-0.00187152950018543,45.992175107601,-0.00103642189913508
0.10345,45.99166,-0.00155152950018334,45.9921043165839,-0.00110721291627514
0.11474,45.99071,-0.00250152950018645,45.9920457209231,-0.00116580857708511
0.12604,45.9938,0.000588470499813809,45.9920092921557,-0.00120223734447106
0.13735,45.99125,-0.00196152950018558,45.9920016933182,-0.00120983618199462
0.14867,45.9929,-0.000311529500187646,45.992025563916,-0.0011859655841987
0.15999,45.99081,-0.00240152950018313,45.9920793115393,-0.00113221796089465
0.17131,45.98901,-0.00420152950018604,45.9921574245559,-0.0010541049443063
0.18262,45.99496,0.00174847049981253,45.9922513168365,-0.000960212663733435
0.19395,45.99383,0.000618470499816226,45.9923506300621,-0.000860899438064652
0.20525,45.99168,-0.00153152950018409,45.9924447687209,-0.000766760779319921
0.21657,45.99314,-7.15295001896266e-05,45.9925243513588,-0.000687178141352413
0.22786,45.99126,-0.00195152950018951,45.9925823154471,-0.000629214053123039
0.23914,45.9947,0.00148847049981526,45.992614548839,-0.000596980661218484
0.25045,45.99309,-0.000121529500184181,45.9926200230487,-0.000591506451444024
0.26174,45.99243,-0.000781529500187617,45.992600456341,-0.000611073159207462
0.27306,45.9909,-0.00231152950018298,45.9925596025273,-0.000651926972847727
0.2844,45.99193,-0.0012815295001829,45.9925023624349,-0.000709167065330351
0.29569,45.99238,-0.000831529500189276,45.9924339765669,-0.000777552933333179
0.307,45.99105,-0.00216152950018511,45.9923595049983,-0.000852024501885187
0.31831,45.99405,0.000838470499815003,45.9922836477079,-0.000927881792317655
0.32962,45.99471,0.00149847049981133,45.9922107887027,-0.00100074079749504
0.34093,45.99059,-0.00262152950018901,45.9921450501672,-0.00106647933295753
0.35224,45.99055,-0.0026615295001875,45.9920901765669,-0.00112135293325284
0.36355,45.99426,0.00104847049981061,45.9920492098565,-0.00116231964368204
0.37487,45.99196,-0.00125152950018759,45.9920240523956,-0.00118747710461326
0.38622,45.99041,-0.0028015295001893,45.9920150619156,-0.00119646758460035
0.39755,45.9907,-0.00251152950018962,45.9920208182281,-0.00119071127206833
0.40889,45.9921,-0.00111152950018578,45.9920381878756,-0.00117334162460266
0.4202,45.99285,-0.000361529500189306,45.9920627479079,-0.00114878159226207
0.43148,45.99333,0.000118470499813839,45.9920894846449,-0.00112204485526512
0.44278,45.99345,0.000238470499816401,45.9921135394822,-0.00109799001795512
0.4541,45.9918,-0.00141152950018864,45.9921307478265,-0.00108078167368663
0.46542,45.99132,-0.00189152950018467,45.9921378400988,-0.00107368940140392
0.4767,45.99015,-0.00306152950018657,45.9921323683007,-0.00107916119946366
0.48799,45.99252,-0.000691529500187471,45.9921125612116,-0.00109896828853708
0.49931,45.99389,0.000678470499813955,45.9920773075047,-0.00113422199553608
0.51061,45.99107,-0.00214152950018587,45.9920263414734,-0.00118518802674535
0.52192,45.99138,-0.00183152950018695,45.9919605783365,-0.00125095116364476
0.5332,45.99004,-0.00317152950018595,45.9918825039443,-0.00132902555593233
0.5445,45.99448,0.00126847049981649,45.9917965296944,-0.00141499980574207
0.55581,45.99297,-0.000241529500186743,45.9917091883129,-0.00150234118725659
0.56714,45.99132,-0.00189152950018467,45.9916289799332,-0.00158254956701976
0.57847,45.99172,-0.00149152950018561,45.9915656887625,-0.00164584073766655
0.58977,45.99382,0.000608470499813052,45.9915291309445,-0.00168239855568956
0.60108,45.99001,-0.00320152950018837,45.9915274971432,-0.00168403235694334
0.61239,45.98903,-0.0041815295001868,45.991565636279,-0.00164589322118106
0.62368,45.98922,-0.00399152950018333,45.9916437490497,-0.00156778045047223
0.63502,45.99142,-0.00179152950018846,45.9917569570423,-0.00145457245784292
0.64633,45.992,-0.0012115295001891,45.9918960080071,-0.00131552149313052
0.65766,45.99443,0.00121847049981483,45.9920490059812,-0.00116252351900297
0.66898,45.99272,-0.000491529500187937,45.9922036910596,-0.00100783844060157
0.6803,45.99368,0.000468470499811247,45.9923496158472,-0.000861913652974704
0.69161,45.9951,0.00188847049981433,45.9924796311598,-0.000731898340379841
0.70293,45.99103,-0.00218152950018435,45.9925903419687,-0.000621187531486292
0.71424,45.99172,-0.00149152950018561,45.9926815252026,-0.000530004297543449
0.72556,45.99266,-0.000551529500185666,45.9927548127548,-0.000456716745413166
0.73687,45.99017,-0.00304152950018732,45.9928121335394,-0.000399395960816678
0.74817,45.99349,0.000278470499814887,45.9928544131303,-0.000357116369850176
0.75946,45.9932,-1.15295001847926e-05,45.9928808716644,-0.000330657835825699
0.77074,45.99162,-0.00159152950018893,45.9928890297316,-0.000322499768632217
0.78207,45.99544,0.00222847049981567,45.9928753236507,-0.000336205849515426
0.79337,45.99133,-0.00188152950018861,45.9928361065698,-0.00037542293038364
0.80467,45.99429,0.00107847049981302,45.9927687816423,-0.000442747857907814
0.81596,45.9903,-0.00291152950018869,45.9926728539114,-0.000538675588781752
0.82727,45.9929,-0.000311529500187646,45.9925507526956,-0.000660776804621452
0.83858,45.9938,0.000588470499813809,45.9924083078085,-0.000803221691637282
0.8499,45.99437,0.0011584704998171,45.9922547347525,-0.000956794747644668
0.86125,45.99499,0.00177847049981494,45.9921019560782,-0.00110957342195977
0.87258,45.98734,-0.00587152950018321,45.9919631741266,-0.00124835537363641
0.8839,45.99337,0.000158470499812324,45.9918508569935,-0.0013606725066939
0.89524,45.98871,-0.00450152950018889,45.9917745841431,-0.00143694535707674
0.90652,45.99072,-0.00249152950018328,45.9917393275243,-0.00147220197588135
0.91783,45.99194,-0.00127152950018683,45.9917446345958,-0.00146689490440481
0.92916,45.99152,-0.00169152950018514,45.9917849032463,-0.0014266262539062
0.94048,45.99338,0.000168470499815498,45.9918506253136,-0.00136090418662048
0.95178,45.99195,-0.00126152950018366,45.9919302356836,-0.0012812938165781
0.9631,45.9928,-0.00041152950018386,45.9920121023093,-0.00119942719084555
0.97442,45.99352,0.000308470499810198,45.9920862306175,-0.00112529888270497
0.98571,45.99162,-0.00159152950018893,45.9921453879162,-0.00106614158398697
0.99704,45.99167,-0.00154152950018727,45.9921855284291,-0.00102600107109105
1.00837,45.99264,-0.000571529500184909,45.9922055738755,-0.00100595562463875
1.01968,45.99265,-0.00056152950018884,45.9922067328114,-0.001004796688801
1.03098,45.98946,-0.00375152950018531,45.9921915982396,-0.00101993126060622
1.04231,45.9929,-0.000311529500187646,45.9921632592562,-0.00104827024399688
1.05362,45.99317,-4.15295001872096e-05,45.9921246124873,-0.00108691701287805
1.06493,45.99195,-0.00126152950018366,45.9920779648804,-0.00113356461978649
1.07624,45.99115,-0.0020615295001889,45.9920249205179,-0.00118660898230129
1.08757,45.99296,-0.000251529500189918,45.9919665034937,-0.00124502600653131
1.0989,45.98925,-0.00396152950018802,45.9919034859459,-0.00130804355427944
1.11021,45.99349,0.000278470499814887,45.9918368991624,-0.0013746303377978
1.12153,45.99081,-0.00240152950018313,45.9917686592395,-0.00144287026072876
1.13282,45.99492,0.00170847049981404,45.9917021503475,-0.0015093791526561
1.14412,45.99202,-0.00119152950018986,45.9916425399093,-0.00156898959093417
1.15543,45.98885,-0.00436152950018709,45.9915966268456,-0.00161490265459357
1.16674,45.99171,-0.00150152950018878,45.991572163412,-0.00163936608818688
1.17807,45.99503,0.00181847049981343,45.9915767515858,-0.00163477791436689
1.18937,45.99185,-0.00136152950018698,45.9916164897677,-0.00159503973248523
1.20069,45.98854,-0.00467152950018601,45.991694563182,-0.00151696631821621
1.21199,45.99088,-0.00233152950018933,45.9918100425304,-0.00140148696974812
1.2233,45.98932,-0.00389152950018712,45.9919572578613,-0.00125427163890019
1.23462,45.99374,0.000528470499816081,45.9921260815314,-0.00108544796875661
1.24594,45.99276,-0.000451529500189451,45.9923032072954,-0.000908322204753965
1.25725,45.99244,-0.000771529500184442,45.992474176857,-0.000737352643214345
1.26855,45.99526,0.00204847049981538,45.9926256705232,-0.000585858976937442
1.27985,45.9924,-0.000811529500182928,45.9927475343238,-0.000463995176426943
1.29116,45.99324,2.84704998136931e-05,45.9928341336386,-0.000377395861580873
1.30246,45.99158,-0.00163152950018741,45.9928848273021,-0.000326702198120705
1.31375,45.99567,0.00245847049981052,45.9929035641228,-0.000307965377390391
1.32511,45.99237,-0.000841529500185345,45.9928977520352,-0.000313777464960811
1.33642,45.99195,-0.00126152950018366,45.9928766401044,-0.00033488939577619
1.34773,45.99104,-0.00217152950018829,45.9928495342845,-0.000361995215725998
1.35905,45.9915,-0.00171152950018438,45.9928242341278,-0.000387295372436763
1.37036,45.99314,-7.15295001896266e-05,45.9928060464357,-0.00040548306449212
1.38166,45.9933,8.84704998114216e-05,45.9927975540612,-0.000413975438992673
1.39296,45.99327,5.84704998161101e-05,45.9927990629294,-0.000412466570825235
1.40429,45.99303,-0.000181529500189015,45.9928094479671,-0.000402081533132542
1.41562,45.99431,0.00109847049981227,45.9928270476009,-0.000384481899297876
1.42692,45.99258,-0.000631529500189743,45.9928503063804,-0.00036122311977948
1.43825,45.9944,0.00118847049981241,45.9928779872333,-0.000333542266896226
1.44956,45.99122,-0.00199152950018799,45.9929089317763,-0.000302597723919601
1.46086,45.99284,-0.000371529500185375,45.9929415088139,-0.000270020686279248
1.47217,45.99262,-0.000591529500184151,45.9929730131777,-0.00023851632251183
1.48348,45.99063,-0.00258152950018342,45.9929993127233,-0.000212216776924057
1.49482,45.99382,0.000608470499813052,45.9930149731472,-0.000196556353032044
1.50614,45.99309,-0.000121529500184181,45.9930139375843,-0.000197591915884372
1.51746,45.99254,-0.000671529500188228,45.9929906453382,-0.00022088416203191
1.52876,45.99484,0.00162847049981707,45.992941304294,-0.000270225206211782
1.54004,45.99612,0.00290847049981124,45.9928649454003,-0.000346584099889895
1.55132,45.99121,-0.00200152950018406,45.9927639243731,-0.000447605127134037
1.56265,45.99115,-0.0020615295001889,45.9926437105561,-0.000567818944059732
1.57394,45.99194,-0.00127152950018683,45.9925120660143,-0.000699463485881111
1.58529,45.9922,-0.00101152950018957,45.9923779254659,-0.000833604034297146
1.59662,45.99257,-0.000641529500185811,45.9922503121803,-0.000961217319928294
1.60796,45.99125,-0.00196152950018558,45.9921374923159,-0.00107403718431578
1.61927,45.99355,0.000338470499812615,45.9920464103193,-0.00116511918090193
1.63058,45.99054,-0.00267152950018357,45.9919823473496,-0.00122918215062235
1.64188,45.99358,0.000368470499815032,45.9919487067608,-0.00126282273937659
1.65319,45.99287,-0.000341529500182958,45.9919468334313,-0.00126469606887918
1.66451,45.9914,-0.0018115295001877,45.99197581123,-0.0012357182702254
1.67582,45.99058,-0.00263152950018508,45.9920322617125,-0.00117926778772325
1.68713,45.99273,-0.000481529500184763,45.9921102694002,-0.00110126010002539
1.69844,45.98922,-0.00399152950018333,45.9922016201402,-0.0010099093600207
1.70972,45.99347,0.000258470499815644,45.9922964956251,-0.000915033875084297
1.72104,45.99312,-9.15295001888694e-05,45.9923846190961,-0.00082691040405146
1.73234,45.9938,0.000588470499813809,45.9924566588337,-0.000754870666507157
1.74362,45.99185,-0.00136152950018698,45.9925055623927,-0.000705967107465042
1.75492,45.99536,0.00214847049981159,45.9925274909409,-0.000684038559278067
1.76625,45.99025,-0.00296152950018325,45.9925221485029,-0.000689380997256061
1.77756,45.99238,-0.000831529500189276,45.992492486278,-0.000719043222178923
1.7889,45.99298,-0.000231529500183569,45.9924439276403,-0.000767601859916869
1.80022,45.99215,-0.00106152950018412,45.9923833469903,-0.000828182509911512
1.81154,45.99068,-0.00253152950018887,45.9923180333273,-0.000893496172874373
1.82284,45.99128,-0.00193152950018316,45.9922548142927,-0.000956715207468734
1.83417,45.99557,0.0023584704998143,45.9921994356149,-0.00101209388531982
1.84549,45.99113,-0.00208152950018814,45.9921561836077,-0.00105534589245227
1.8568,45.99308,-0.000131529500187355,45.9921276470214,-0.00108388247882375
1.86812,45.99194,-0.00127152950018683,45.9921145201734,-0.00109700932680645
1.87943,45.98996,-0.00325152950018293,45.9921154586597,-0.00109607084049419
1.89075,45.99186,-0.0013515295001838,45.9921271164411,-0.00108441305912105
1.90206,45.99158,-0.00163152950018741,45.9921445164553,-0.00106701304488257
1.91338,45.99421,0.000998470499816051,45.992161805778,-0.00104972372217573
1.9247,45.99176,-0.00145152950018712,45.9921732780083,-0.00103825149184794
1.93601,45.99371,0.000498470499813664,45.9921744209223,-0.00103710857790669
1.94729,45.99031,-0.00290152950018552,45.9921627455596,-0.00104878394062586
1.9586,45.99197,-0.00124152950018441,45.9921382534284,-0.00107327607180631
1.96991,45.99435,0.00113847049981075,45.9921035088503,-0.00110802064987579
1.98125,45.99171,-0.00150152950018878,45.9920633339504,-0.00114819554978224
1.99255,45.99091,-0.00230152950018692,45.9920241548528,-0.00118737464738434
2.00385,45.99334,0.000128470499817013,45.9919930655046,-0.00121846399559626
2.01516,45.99083,-0.00238152950018389,45.9919767483948,-0.00123478110535964
2.02646,45.99039,-0.00282152950018855,45.991980443631,-0.0012310858691752
2.0378,45.99243,-0.000781529500187617,45.992007150103,-0.00120437939716483
2.0491,45.99396,0.000748470499814857,45.9920571727005,-0.00115435679967211
2.06045,45.99339,0.000178470499811567,45.992128022856,-0.00108350664414645
2.07178,45.98907,-0.00414152950018831,45.9922146104374,-0.000996919062786819
2.0831,45.99049,-0.00272152950018523,45.9923097011806,-0.000901828319632696
2.0944,45.99232,-0.000891529500187005,45.9924046933011,-0.000806836199070523
2.10575,45.99718,0.00396847049981375,45.9924907338584,-0.000720795641771711
2.11707,45.99182,-0.00139152950018939,45.9925600180477,-0.000651511452533658
2.1284,45.99015,-0.00306152950018657,45.9926069674036,-0.000604562096606985
2.13973,45.99416,0.000948470499814391,45.9926290265924,-0.000582502907761399
2.15107,45.99286,-0.000351529500186132,45.992626983838,-0.000584545662202332
2.16237,45.99249,-0.000721529500189888,45.9926048271482,-0.000606702352021199
2.1737,45.99522,0.00200847049981689,45.9925691587707,-0.000642370729532841
2.18502,45.99079,-0.00242152950018948,45.9925282073898,-0.000683322110364971
2.19634,45.99092,-0.00229152950018374,45.9924905699979,-0.00072095950223988
2.20768,45.99148,-0.00173152950018363,45.9924639399851,-0.000747589515083961
2.21896,45.99191,-0.00130152950018925,45.9924541280866,-0.000757401413619859
2.23029,45.99397,0.000758470499810926,45.9924645826682,-0.000746946831961157
2.24163,45.99325,3.84704998168672e-05,45.992496406214,-0.000715123286150167
2.25296,45.99244,-0.000771529500184442,45.9925486820852,-0.000662847415016581
2.2643,45.99263,-0.000581529500188083,45.99261887754,-0.000592651960145015
2.27562,45.99202,-0.00119152950018986,45.9927031674885,-0.000508362011661019
2.28695,45.99398,0.0007684704998141,45.9927966355823,-0.000414893917913755
2.29829,45.99342,0.000208470499813984,45.992893378168,-0.000318151332199912
2.30963,45.99168,-0.00153152950018409,45.9929865641096,-0.000224965390574885
2.32097,45.9928,-0.00041152950018386,45.9930685337146,-0.000142995785615393
2.33229,45.99305,-0.000161529500189772,45.9931310588488,-8.04706513462328e-05
2.3436,45.99236,-0.000851529500188519,45.9931658883449,-4.56411552630629e-05
2.35493,45.99183,-0.00138152950018622,45.993165637736,-4.58917642182279e-05
2.36628,45.99398,0.0007684704998141,45.9931249668788,-8.65626213975883e-05
2.3776,45.99513,0.00191847049981675,45.9930418515,-0.000169678000167432
2.38891,45.99245,-0.000761529500188374,45.9929186308519,-0.000292898648324508
2.40024,45.99552,0.00230847049981264,45.992762470936,-0.000449058564149556
2.41156,45.99177,-0.00144152950018395,45.9925849776937,-0.000626551806513333
2.42289,45.99162,-0.00159152950018893,45.9924009069283,-0.000810622571926829
2.43419,45.99115,-0.0020615295001889,45.9922261597607,-0.00098536973947859
2.44552,45.99383,0.000618470499816226,45.992075423805,-0.00113610569518166
2.45682,45.99127,-0.00194152950018633,45.9919598655066,-0.00125166399359576
2.46816,45.99104,-0.00217152950018829,45.991885232782,-0.00132629671814517
2.4795,45.99076,-0.00245152950018479,45.99185067318,-0.00136085632016955
2.49082,45.99066,-0.00255152950018811,45.9918485341159,-0.00136299538427659
2.50213,45.98977,-0.00344152950018639,45.9918653276755,-0.00134620182472332
2.51342,45.99371,0.000498470499813664,45.9918838590867,-0.00132767041351235
2.52475,45.99174,-0.00147152950018636,45.9918862540768,-0.00132527542337279
2.53605,45.99432,0.00110847049981544,45.99185736103,-0.00135416847015316
2.54738,45.9918,-0.00141152950018864,45.9917878577402,-0.00142367176003252
2.5587,45.99253,-0.000681529500184297,45.9916764247236,-0.00153510477663722
2.57003,45.99456,0.00134847049981346,45.9915305342993,-0.00168099520087645
2.58132,45.98994,-0.00327152950018927,45.9913656728717,-0.00184585662846742
2.59263,45.99072,-0.00249152950018328,45.9912031074446,-0.00200842205563423
2.60396,45.99028,-0.00293152950018793,45.9910665869717,-0.00214494252845136
2.61529,45.99152,-0.00169152950018514,45.9909785671063,-0.00223296239386677
2.62661,45.99022,-0.00299152950018566,45.9909566026113,-0.00225492688883813
2.63792,45.98898,-0.00423152950018846,45.9910104872582,-0.00220104224201084
2.64927,45.98886,-0.00435152950018391,45.9911406051249,-0.00207092437527978
2.66063,45.99168,-0.00153152950018409,45.9913377993412,-0.00187373015899052
2.67196,45.9902,-0.00301152950018491,45.9915848180117,-0.00162671148845811
2.6833,45.99468,0.00146847049981602,45.9918590667711,-0.00135246272911719
2.69462,45.99522,0.00200847049981689,45.9921360857719,-0.00107544372825031
2.70593,45.99177,-0.00144152950018395,45.9923930149627,-0.000818514537478162
2.71726,45.99224,-0.000971529500183976,45.9926113995674,-0.000600129932763648
2.72858,45.99233,-0.000881529500183831,45.992778973762,-0.000432555738238798
2.7399,45.99288,-0.000331529500186889,45.9928903746544,-0.000321154845789401
2.75122,45.99366,0.000448470499812004,45.9929469190541,-0.000264610446082041
2.76252,45.99398,0.0007684704998141,45.9929556061333,-0.000255923366880947
2.77386,45.99358,0.000368470499815032,45.9929274938031,-0.000284035697066548
2.78521,45.99142,-0.00179152950018846,45.9928756341167,-0.000335895383505076
2.79653,45.99088,-0.00233152950018933,45.992812857368,-0.000398672132207506
2.80788,45.99343,0.000218470499810053,45.9927497914138,-0.000461738086418458
2.81923,45.99102,-0.00219152950018753,45.9926934924541,-0.000518037046074674
2.83056,45.9932,-1.15295001847926e-05,45.9926469177518,-0.000564611748347471
2.84188,45.99155,-0.00166152950018983,45.9926092570377,-0.000602272462510062
2.8532,45.99534,0.00212847049981235,45.9925769431029,-0.000634586397304564
2.86452,45.99364,0.000428470499812761,45.9925450309592,-0.000666498541021075
2.87586,45.9902,-0.00301152950018491,45.9925086038517,-0.000702925648478846
2.88718,45.99239,-0.000821529500186102,45.9924639524338,-0.000747577066406641
2.89852,45.9921,-0.00111152950018578,45.9924094187774,-0.000802110722790328
2.90982,45.99477,0.00155847049981617,45.9923458769657,-0.000865652534485067
2.92113,45.99194,-0.00127152950018683,45.9922767950676,-0.000934734432597836
2.93247,45.99302,-0.000191529500185084,45.9922077859391,-0.00100374356104939
2.94378,45.99178,-0.00143152950018788,45.992145612962,-0.0010659165381516
2.9551,45.99215,-0.00106152950018412,45.9920967635933,-0.00111476590684541
2.96642,45.99213,-0.00108152950018336,45.992065853019,-0.00114567648120111
2.97774,45.98976,-0.00345152950018957,45.9920542106728,-0.00115731882738157
2.98908,45.99048,-0.0027315295001884,45.9920590181512,-0.00115251134894847
3.0004,45.99236,-0.000851529500188519,45.9920732933387,-0.00113823616152946
3.01171,45.99205,-0.00116152950018744,45.9920868325106,-0.00112469698962059
3.02301,45.99314,-7.15295001896266e-05,45.992087962174,-0.00112356732614255
3.03432,45.99369,0.000478470499814421,45.9920657199891,-0.00114580951106412
3.04565,45.99196,-0.00125152950018759,45.9920119836353,-0.00119954586488868
3.05698,45.99033,-0.00288152950018628,45.9919231249625,-0.00128840453764624
3.06829,45.99357,0.000358470499811858,45.9918009237034,-0.00141060579674156
3.07958,45.9938,0.000588470499813809,45.9916526296249,-0.00155889987524104
3.09092,45.99044,-0.00277152950018689,45.9914901641514,-0.00172136534874726
3.10225,45.99103,-0.00218152950018435,45.9913285510353,-0.00188297846490133
3.11356,45.99056,-0.00265152950018432,45.9911838136428,-0.00202771585738044
3.1249,45.98986,-0.00335152950018625,45.9910707217513,-0.00214080774892735
3.13625,45.99014,-0.00307152950018974,45.9910008132125,-0.00221071628768867
3.14757,45.99108,-0.0021315295001898,45.9909810252739,-0.00223050422626446
3.1589,45.99141,-0.00180152950018453,45.9910130933041,-0.00219843619604495
3.17021,45.99094,-0.0022715295001845,45.9910936810218,-0.00211784847840912
3.18153,45.99355,0.000338470499812615,45.9912150625481,-0.00199646695212357
3.19285,45.99004,-0.00317152950018595,45.9913661270827,-0.00184540241750023
3.20416,45.99053,-0.00268152950018674,45.9915335253003,-0.00167800419988406
3.2155,45.99216,-0.00105152950018805,45.9917028775999,-0.00150865190030489
3.22682,45.99131,-0.00190152950018785,45.9918600373549,-0.00135149214531457
3.23814,45.9931,-0.000111529500188112,45.9919923915816,-0.00121913791857172
3.24947,45.99108,-0.0021315295001898,45.9920901135928,-0.00112141590738637
3.26082,45.99343,0.000218470499810053,45.9921472280764,-0.00106430142375559
3.27214,45.99176,-0.00145152950018712,45.9921623428231,-0.00104918667712056
3.28347,45.99151,-0.00170152950018831,45.9921389294648,-0.0010726000353765
3.29479,45.99442,0.00120847049981165,45.9920850755265,-0.00112645397365091
3.3061,45.99205,-0.00116152950018744,45.9920126726891,-0.0011988568110892
3.31741,45.99013,-0.00308152950018581,45.9919360635316,-0.00127546596858429
3.32871,45.99443,0.00121847049981483,45.9918702592091,-0.00134127029113181
3.34003,45.99061,-0.00260152950018977,45.9918289468096,-0.00138258269062446
3.35135,45.98877,-0.00444152950018406,45.9918225835457,-0.0013889459544689
3.36267,45.99377,0.000558470499811392,45.9918568993914,-0.00135463010874035
3.374,45.99039,-0.00282152950018855,45.9919320828371,-0.00127944666310558
3.38532,45.99316,-5.15295001832783e-05,45.9920427945607,-0.0011687349394962
3.39665,45.99087,-0.0023415295001854,45.992178986042,-0.00103254345817284
3.40797,45.9922,-0.00101152950018957,45.9923273706585,-0.00088415884172831
3.4193,45.99256,-0.000651529500188985,45.99247331974,-0.000738209760181536
3.43058,45.9939,0.000688470499810023,45.9926028956737,-0.000608633826522358
3.44193,45.99476,0.00154847049981299,45.992704676873,-0.000506852627207073
3.45327,45.99276,-0.000451529500189451,45.9927710253116,-0.00044050418857937
3.46457,45.99265,-0.00056152950018884,45.992798556499,-0.000412973001137797
3.47589,45.99234,-0.000871529500187762,45.9927877864369,-0.000423743063326181
3.48721,45.99358,0.000368470499815032,45.9927421592243,-0.000469370275903183
3.49854,45.99055,-0.0026615295001875,45.9926668068572,-0.000544722642976927
3.50985,45.98952,-0.00369152950018758,45.9925674315553,-0.000644097944866086
3.52117,45.99352,0.000308470499810198,45.9924496375089,-0.000761891991297736
3.5325,45.99303,-0.000181529500189015,45.9923188600766,-0.000892669423580364
3.54382,45.99416,0.000948470499814391,45.9921807686795,-0.00103076082063737
3.55513,45.99407,0.000858470499814246,45.9920417846645,-0.00116974483566184
3.56646,45.99043,-0.00278152950018296,45.9919093129371,-0.00130221656306645
3.57781,45.99068,-0.00253152950018887,45.9917914647636,-0.00142006473659638
3.58913,45.99211,-0.00110152950018971,45.9916963182011,-0.00151521129904035
3.60045,45.99171,-0.00150152950018878,45.9916309463535,-0.00158058314672682
3.61178,45.99144,-0.00177152950018922,45.991600467778,-0.0016110617221719
3.62308,45.99093,-0.00228152950018767,45.9916073033572,-0.00160422614297414
3.63442,45.99184,-0.00137152950018304,45.9916507562262,-0.00156077327394448
3.64575,45.99176,-0.00145152950018712,45.9917269890166,-0.00148454048360573
3.65708,45.98911,-0.00410152950018983,45.9918294280954,-0.00138210140475501
3.6684,45.99424,0.00102847049981136,45.9919495588078,-0.00126197069234407
3.67974,45.99361,0.000398470499810344,45.9920779852447,-0.00113354425544368
3.69108,45.99218,-0.00103152950018881,45.9922055369004,-0.00100599259978301
3.70241,45.99073,-0.00248152950018721,45.9923241832917,-0.000887346208514242
3.7137,45.99314,-7.15295001896266e-05,45.9924276083927,-0.00078392110743807
3.72502,45.99356,0.000348470499815789,45.9925114287852,-0.000700100715016089
3.73636,45.99448,0.00126847049981649,45.9925731132652,-0.000638416235005839
3.74771,45.98841,-0.00480152950018464,45.9926116899072,-0.000599839592946605
3.75904,45.99171,-0.00150152950018878,45.9926273835742,-0.000584145925951882
3.77036,45.99492,0.00170847049981404,45.9926213861315,-0.000590143368713294
3.78168,45.99135,-0.00186152950018936,45.9925959128906,-0.000615616609569852
3.79302,45.99144,-0.00177152950018922,45.9925545322813,-0.000656997218887642
3.80438,45.995,0.00178847049981101,45.9925025918083,-0.000708937691873311
3.81572,45.99353,0.000318470499813372,45.992447484746,-0.000764044754197346
3.82706,45.992,-0.0012115295001891,45.9923985019012,-0.000813027598971059
3.83837,45.9953,0.00208847049981387,45.9923660949036,-0.000845434596580809
3.84971,45.98842,-0.00479152950018857,45.9923605571845,-0.000850972315666901
3.86105,45.993,-0.000211529500184326,45.9923903541956,-0.000821175304551836
3.87238,45.99121,-0.00200152950018406,45.9924604988848,-0.000751030615435415
3.88368,45.99117,-0.00204152950018965,45.9925713873236,-0.000640142176541194
3.89501,45.99391,0.000698470499813197,45.9927183752125,-0.00049315428765752
3.90632,45.99283,-0.000381529500188549,45.9928921592821,-0.000319370218109682
3.91764,45.99352,0.000308470499810198,45.9930798239743,-0.000131705525883283
3.92896,45.99486,0.00164847049981631,45.9932662937436,5.47642433634047e-05
3.9403,45.99136,-0.00185152950018619,45.9934359207728,0.000224391272598938
3.95164,45.99509,0.00187847049981116,45.9935740123408,0.000362482840579047
3.96298,45.99275,-0.00046152950018552,45.9936682013238,0.000456671823623013
3.97433,45.99184,-0.00137152950018304,45.9937096286085,0.000498099108331305
3.98566,45.99546,0.00224847049981491,45.9936939094214,0.000482379921179181
3.997,45.99455,0.00133847049981028,45.9936217999539,0.000410270453747396
4.00835,45.99511,0.0018984704998104,45.9934994033748,0.000287873874631666
4.01968,45.99391,0.000698470499813197,45.9933377362249,0.000126206724754669
4.03098,45.9914,-0.0018115295001877,45.9931515892546,-5.99402455572553e-05
4.04231,45.99118,-0.00203152950018648,45.9929578316826,-0.000253697817634118
4.05363,45.9936,0.000388470499814275,45.9927734918536,-0.000438037646577204
4.06495,45.99177,-0.00144152950018395,45.9926139762039,-0.000597553296315843
4.07629,45.99316,-5.15295001832783e-05,45.9924916582793,-0.000719871220862047
4.08762,45.99437,0.0011584704998171,45.992414891209,-0.000796638291208936
4.09894,45.99006,-0.00315152950018671,45.9923873876725,-0.000824141827703123
4.11026,45.99237,-0.000841529500185345,45.9924079086623,-0.000803620837848613
4.12156,45.99461,0.00139847049981512,45.9924702602512,-0.000741269249006906
4.1329,45.99065,-0.00256152950018418,45.9925636406384,-0.000647888861818731
4.14423,45.99335,0.000138470499813081,45.9926733825056,-0.000538146994594741
4.15555,45.98974,-0.00347152950018881,45.9927821300926,-0.000429399407615165
4.16688,45.99532,0.00210847049981311,45.9928714780143,-0.000340051485870932
4.1782,45.99114,-0.00207152950018497,45.9929240316218,-0.000287497878384609
4.18952,45.99174,-0.00147152950018636,45.9929257174492,-0.000285812050945025
4.20086,45.99743,0.00421847049981494,45.992868030575,-0.000343498925156864
4.21218,45.99223,-0.00098152950018715,45.9927498067493,-0.000461722750932258
4.22352,45.99355,0.000338470499812615,45.9925780947608,-0.000633434739344283
4.23483,45.99343,0.000218470499810053,45.9923678269743,-0.000843702525902082
4.24612,45.99058,-0.00263152950018508,45.9921402320648,-0.00107129743537837
4.25742,45.99264,-0.000571529500184909,45.9919202040717,-0.00129132542845933
4.26874,45.99181,-0.00140152950018546,45.9917330358784,-0.00147849362182656
4.28004,45.99012,-0.00309152950018898,45.9916010144847,-0.00161051501547922
4.29134,45.99226,-0.000951529500184733,45.99154038554,-0.00167114396018414
4.30266,45.98704,-0.00617152950018607,45.9915591552482,-0.00165237425197211
4.31396,45.99285,-0.000361529500189306,45.9916561032221,-0.00155542627808068
4.32529,45.99184,-0.00137152950018304,45.9918211965308,-0.00139033296942484
4.33661,45.99217,-0.00104152950018488,45.9920373260747,-0.00117420342548802
4.34792,45.99274,-0.000471529500188694,45.9922830154477,-0.000928514052511221
4.35926,45.99426,0.00104847049981061,45.9925355869988,-0.000675942501424868
4.3706,45.99105,-0.00216152950018511,45.9927742459299,-0.000437283570268955
4.38192,45.99441,0.00119847049981558,45.9929826198031,-0.000228909697085396
4.39324,45.99531,0.00209847049981704,45.9931504079167,-6.11215834893891e-05
4.40458,45.99488,0.00166847049981556,45.9932739195562,6.23900560160191e-05
4.41592,45.99107,-0.00214152950018587,45.9933554343229,0.000143904822752
4.42722,45.99427,0.00105847049981378,45.9934015412153,0.00019001171515814
4.43855,45.99088,-0.00233152950018933,45.9934208623717,0.000209332871538958
4.44989,45.99435,0.00113847049981075,45.9934217188239,0.000210189323729483
4.46122,45.99005,-0.00316152950018989,45.9934102755341,0.000198746033949713
4.47252,45.99443,0.00121847049981483,45.9933895433692,0.000178013868996301
4.48384,45.99244,-0.000771529500184442,45.9933593823469,0.000147852846725705
4.49513,45.99499,0.00177847049981494,45.9933173936274,0.000105864127248467
4.50648,45.99362,0.000408470499813518,45.9932603647649,4.88352646986476e-05
4.5178,45.99458,0.0013684704998127,45.9931858130777,-2.57164224717001e-05
4.52914,45.99451,0.0012984704998118,45.9930931950222,-0.000118334478007324
4.54047,45.99211,-0.00110152950018971,45.9929845011341,-0.000227028366074583
4.5518,45.99148,-0.00173152950018363,45.9928641834132,-0.00034734608700698
4.56313,45.99104,-0.00217152950018829,45.9927385815612,-0.000472947938974105
4.57443,45.99461,0.00139847049981512,45.992615124575,-0.000596404925195869
4.58577,45.99321,-1.52950018872389e-06,45.9925015330237,-0.000709996476439145
4.59709,45.99184,-0.00137152950018304,45.9924051061486,-0.000806423351635016
4.60842,45.99255,-0.000661529500185054,45.9923320892383,-0.000879440261911198
4.61975,45.98943,-0.00378152950018773,45.9922871418557,-0.000924387644438889
4.6311,45.99395,0.000738470499811683,45.9922729878397,-0.000938541660488431
4.64244,45.99261,-0.000601529500187326,45.9922903136953,-0.000921215804842952
4.65378,45.99237,-0.000841529500185345,45.9923378803472,-0.000873649152997044
4.66511,45.99354,0.000328470499816547,45.9924127127275,-0.000798816772657446
4.67642,45.99239,-0.000821529500186102,45.9925102178443,-0.000701311655895747
4.68773,45.99339,0.000178470499811567,45.9926241593786,-0.000587370121612864
4.69906,45.99043,-0.00278152950018296,45.9927465352587,-0.00046499424149593
4.71037,45.99309,-0.000121529500184181,45.9928675105398,-0.000344018960388228
4.72169,45.99291,-0.000301529500184472,45.9929756012978,-0.000235928202400139
4.73301,45.99306,-0.000151529500186598,45.9930582559303,-0.00015327356984105
4.74432,45.99305,-0.000161529500189772,45.9931028673822,-0.000108662117948892
4.75566,45.99199,-0.00122152950018517,45.9930981427482,-0.000113386752013692
4.76697,45.99256,-0.000651529500188985,45.9930356890785,-0.000175840421674925
4.7783,45.99414,0.000928470499815148,45.9929116176076,-0.000299911892586076
4.78964,45.99445,0.00123847049981407,45.9927278921309,-0.000483637369320808
4.80098,45.9936,0.000388470499814275,45.9924930835391,-0.000718445961061537
4.8123,45.99308,-0.000131529500187355,45.9922222252139,-0.000989304286312072
4.82364,45.99041,-0.0028015295001893,45.9919356400556,-0.00127588944458366
4.83493,45.99144,-0.00177152950018922,45.9916568736709,-0.00155465582925309
4.84625,45.99008,-0.00313152950018747,45.9914100936135,-0.00180143588667656
4.85759,45.99195,-0.00126152950018366,45.9912174002536,-0.00199412924654127
4.86893,45.99114,-0.00207152950018497,45.9910964332167,-0.00211509628346724
4.88027,45.99079,-0.00242152950018948,45.9910585259214,-0.00215300357877987
4.89158,45.99132,-0.00189152950018467,45.9911075515022,-0.00210397799798058
4.90292,45.98867,-0.00454152950018738,45.9912395523645,-0.00197197713570643
4.91424,45.99156,-0.00165152950018665,45.9914432171756,-0.00176831232459703
4.92557,45.99278,-0.000431529500183103,45.9917011981508,-0.0015103313493685
4.9369,45.99173,-0.00148152950018954,45.9919921226782,-0.00121940682198733
4.94823,45.99277,-0.000441529500186277,45.9922930006923,-0.000918528807875063
4.95953,45.99374,0.000528470499816081,45.9925816483018,-0.000629881198430722
4.97085,45.9929,-0.000311529500187646,45.9928387695932,-0.000372759906945711
4.9822,45.99444,0.0012284704998109,45.993049432797,-0.000162096703238712
4.99352,45.99215,-0.00106152950018412,45.993203812813,-7.71668720170611e-06
5.00485,45.99387,0.000658470499814712,45.9932972295858,8.57000856587818e-05
5.01617,45.991,-0.00221152950018677,45.9933296565865,0.000118127086293914
5.02749,45.99371,0.000498470499813664,45.9933049564516,9.34269513827885e-05
5.03877,45.99246,-0.0007515295001852,45.9932300842582,1.85547580073805e-05
5.05007,45.99451,0.0012984704998118,45.9931143868935,-9.71426066755757e-05
5.0614,45.99425,0.00103847049981454,45.9929689782101,-0.000242551290090486
5.07272,45.99123,-0.00198152950018482,45.9928060726902,-0.000405456810023919
5.08408,45.99327,5.84704998161101e-05,45.9926381703368,-0.000573359163348308
5.0954,45.99341,0.00019847049981081,45.9924770747569,-0.000734454743276269
5.10672,45.9924,-0.000811529500182928,45.9923328186004,-0.000878710899798343
5.11804,45.99084,-0.00237152950018782,45.9922126312358,-0.000998898264361067
5.12937,45.99285,-0.000361529500189306,45.992120134065,-0.00109139543520607
5.1407,45.98869,-0.00452152950018814,45.992054988335,-0.00115654116521733
5.15202,45.99142,-0.00179152950018846,45.9920131976941,-0.00119833180605982
5.16334,45.99382,0.000608470499813052,45.9919881373501,-0.00122339215012521
5.17466,45.99264,-0.000571529500184909,45.9919721564607,-0.00123937303947518
5.186,45.99471,0.00149847049981133,45.9919583752207,-0.0012531542794422
5.19735,45.99042,-0.00279152950018613,45.9919422118989,-0.00126931760131963
5.20867,45.99078,-0.00243152950018555,45.9919222916618,-0.00128923783838904
5.21999,45.99289,-0.000321529500183715,45.9919006189905,-0.00131091050973219
5.23133,45.99402,0.000808470499812586,45.9918820774275,-0.00132945207268575
5.24263,45.99096,-0.00225152950018526,45.9918733863899,-0.00133814311032134
5.254,45.99018,-0.00303152950018415,45.9918816724768,-0.00132985702340046
5.26533,45.99243,-0.000781529500187617,45.9919128854686,-0.0012986440315538
5.27666,45.99171,-0.00150152950018878,45.9919703645297,-0.00124116497045645
5.28798,45.99023,-0.00298152950018959,45.992053847096,-0.00115768240422004
5.2993,45.99405,0.000838470499815003,45.99215910919,-0.00105242031019227
5.3106,45.99096,-0.00225152950018526,45.9922782961388,-0.000933233361427717
5.32192,45.99164,-0.00157152950018968,45.9924008902542,-0.000810639246020121
5.33326,45.99134,-0.00187152950018543,45.9925151737314,-0.000696355768786632
5.3446,45.99548,0.00226847049981416,45.9926099614177,-0.000601568082509775
5.35593,45.99564,0.00242847049981521,45.9926762809948,-0.00053524850535266
5.36726,45.99072,-0.00249152950018328,45.9927086203449,-0.000502909155308932
5.3786,45.99426,0.00104847049981061,45.9927054504905,-0.000506079009677703
5.38991,45.99119,-0.00202152950018331,45.9926689805793,-0.000542548920918082
5.40126,45.98915,-0.00406152950018424,45.9926043695916,-0.000607159908587781
5.41256,45.9956,0.00238847049981672,45.9925187488226,-0.000692780677614331
5.42386,45.99113,-0.00208152950018814,45.9924203500539,-0.000791179446245926
5.43518,45.99322,8.47049981445025e-06,45.9923178566227,-0.000893672877486079
5.44651,45.99155,-0.00166152950018983,45.9922199290313,-0.00099160046893729
5.45784,45.99262,-0.000591529500184151,45.9921347903412,-0.00107673915898924
5.46915,45.99277,-0.000441529500186277,45.9920697692718,-0.00114176022839635
5.4805,45.99278,-0.000431529500183103,45.9920307323174,-0.00118079718280775
5.49181,45.99369,0.000478470499814421,45.9920213834646,-0.00119014603554306
5.50314,45.98891,-0.00430152950018936,45.9920425031022,-0.00116902639801005
5.51448,45.99072,-0.00249152950018328,45.9920913353607,-0.00112019413944566
5.52582,45.99111,-0.00210152950018738,45.9921614366816,-0.00105009281858222
5.53712,45.99229,-0.000921529500189422,45.9922432539164,-0.000968275583768785
5.54846,45.99327,5.84704998161101e-05,45.9923254770551,-0.000886052445097346
5.5598,45.99292,-0.000291529500188403,45.992396918547,-0.000814610953157775
5.57113,45.99494,0.00172847049981328,45.9924484648679,-0.0007630646323027
5.58246,45.9926,-0.000611529500183394,45.9924746133276,-0.000736916172609574
5.59379,45.99133,-0.00188152950018861,45.9924742431172,-0.000737286383016534
5.60507,45.99316,-5.15295001832783e-05,45.9924505058888,-0.000761023611369086
5.6164,45.99197,-0.00124152950018441,45.9924099509511,-0.000801578549049984
5.62772,45.99374,0.000528470499816081,45.9923611362674,-0.000850393232757502
5.63907,45.99113,-0.00208152950018814,45.9923130192678,-0.000898510232404058
5.65036,45.9896,-0.00361152950018351,45.9922734339641,-0.00093809553612769
5.66167,45.99136,-0.00185152950018619,45.9922479632757,-0.000963566224502891
5.673,45.99285,-0.000361529500189306,45.9922394443773,-0.000972085122919411
5.6843,45.99411,0.000898470499812731,45.9922481462979,-0.000963383202260407
5.69562,45.99459,0.00137847049981588,45.9922724036573,-0.000939125842883088
5.70696,45.99111,-0.00210152950018738,45.9923093471522,-0.000902182347982232
5.7183,45.991,-0.00221152950018677,45.9923554462304,-0.000856083269737388
5.72961,45.99284,-0.000371529500185375,45.9924068017167,-0.000804727783437297
5.74095,45.99142,-0.00179152950018846,45.9924593136831,-0.000752215817043381
5.75229,45.99291,-0.000301529500184472,45.9925088830288,-0.000702646471356573
5.76364,45.99254,-0.000671529500188228,45.9925517139592,-0.000659815541015242
5.77498,45.99336,0.000148470499816256,45.9925846694351,-0.000626860065076449
5.78631,45.99285,-0.000361529500189306,45.9926055602792,-0.000605969221014017
5.79765,45.99389,0.000678470499813955,45.9926132423217,-0.000598287178451602
5.80899,45.9922,-0.00101152950018957,45.992607455938,-0.000604073562176056
5.82031,45.9918,-0.00141152950018864,45.9925884544947,-0.000623075005517901
5.83162,45.98941,-0.00380152950018697,45.9925565920638,-0.000654937436400709
5.84292,45.99365,0.000438470499815935,45.9925121022933,-0.000699427206851257
5.85426,45.99245,-0.000761529500188374,45.9924552267385,-0.000756302761701529
5.86557,45.99503,0.00181847049981343,45.9923866523057,-0.000824877194495581
5.87691,45.9922,-0.00101152950018957,45.9923080193849,-0.000903510115249688
5.88823,45.99257,-0.000641529500185811,45.9922222102895,-0.000989319210663997
5.89954,45.99108,-0.0021315295001898,45.9921332539408,-0.00107827555937305
5.91084,45.9904,-0.00281152950018537,45.9920458846565,-0.00116564484368043
5.92218,45.99333,0.000118470499813839,45.9919649292907,-0.00124660020947754
5.93345,45.993,-0.000211529500184326,45.991894697374,-0.0013168321261785
5.94481,45.99119,-0.00202152950018331,45.991838459164,-0.00137307033617592
5.95615,45.99216,-0.00105152950018805,45.9917980306448,-0.00141349885539714
5.96746,45.99011,-0.00310152950018505,45.9917735081194,-0.00143802138076192
5.97878,45.99051,-0.00270152950018598,45.9917632595992,-0.00144826990096945
5.99011,45.99291,-0.000301529500184472,45.9917642860211,-0.00144724347911434
6.00144,45.99145,-0.00176152950018604,45.9917729665246,-0.00143856297553823
6.01276,45.99362,0.000408470499813518,45.9917860453386,-0.0014254841616095
6.02408,45.99078,-0.00243152950018555,45.9918016015931,-0.00140992790706318
6.0354,45.99169,-0.00152152950018802,45.9918197331288,-0.00139179637136261
6.04673,45.99323,1.8470499810519e-05,45.9918427598461,-0.00136876965407286
6.05805,45.99581,0.00259847049981232,45.9918748451485,-0.00133668435171558
6.06936,45.98876,-0.00445152950018723,45.9919210326112,-0.00129049688900891
6.08068,45.98974,-0.00347152950018881,45.9919858527645,-0.00122567673573026
6.09202,45.99067,-0.00254152950018494,45.9920718609848,-0.00113966851535946
6.10334,45.99263,-0.000581529500188083,45.992178568866,-0.00103296063423129
6.11467,45.99382,0.000608470499813052,45.9923020955421,-0.00090943395807082
6.12598,45.99142,-0.00179152950018846,45.9924355719544,-0.000775957545807183
6.13731,45.99202,-0.00119152950018986,45.9925700894881,-0.000641440012085198
6.14862,45.99531,0.00209847049981704,45.9926959007296,-0.000515628770615173
6.15996,45.99309,-0.000121529500184181,45.9928036020925,-0.000407927407724052
6.17132,45.99265,-0.00056152950018884,45.9928850911179,-0.000326438382277964
6.18264,45.99195,-0.00126152950018366,45.9929342017981,-0.000277327702070978
6.19399,45.99146,-0.00175152950018997,45.9929470707873,-0.000264458712857693
6.2053,45.9929,-0.000311529500187646,45.9929223879489,-0.000289141551317316
6.21664,45.99382,0.000608470499813052,45.9928616533305,-0.00034987616969207
6.22796,45.99353,0.000318470499813372,45.9927694211273,-0.000442108372876938
6.23928,45.99288,-0.000331529500186889,45.99265336983,-0.000558159670188154
6.2506,45.99416,0.000948470499814391,45.9925239987629,-0.000687530737293216
6.2619,45.99056,-0.00265152950018432,45.9923938348041,-0.000817694696113573
6.27323,45.99283,-0.000381529500188549,45.9922761840699,-0.000935345430332943
6.28454,45.9918,-0.00141152950018864,45.9921836035496,-0.00102792595057828
6.29585,45.99306,-0.000151529500186598,45.9921263409117,-0.00108518858843964
6.30716,45.98946,-0.00375152950018531,45.9921109925946,-0.00110053690559078
6.31848,45.99223,-0.00098152950018715,45.9921395952254,-0.00107193427482297
6.32982,45.99241,-0.000801529500186859,45.9922093052585,-0.00100222424164776
6.34113,45.99355,0.000338470499812615,45.9923127157175,-0.000898813782724644
6.35246,45.99217,-0.00104152950018488,45.9924387261958,-0.000772803304376944
6.36378,45.99126,-0.00195152950018951,45.9925737989023,-0.000637730597848753
6.37511,45.99244,-0.000771529500184442,45.9927034367748,-0.000508092725387388
6.38641,45.99434,0.00112847049981468,45.9928137500328,-0.000397779467425409
6.39772,45.99298,-0.000231529500183569,45.9928929616676,-0.000318567832589582
6.40907,45.99387,0.000658470499814712,45.9929326573737,-0.000278872126476397
6.4204,45.99222,-0.000991529500183219,45.9929285911877,-0.00028293831252257
6.43172,45.99327,5.84704998161101e-05,45.9928809460183,-0.000330583481864332
6.44304,45.99275,-0.00046152950018552,45.9927940678379,-0.000417461662248003
6.45436,45.99275,-0.00046152950018552,45.9926757807791,-0.000535748721051053
6.46569,45.99107,-0.00214152950018587,45.9925364308789,-0.000675098621305576
6.47702,45.99254,-0.000671529500188228,45.9923878106509,-0.000823718849309651
6.48837,45.99389,0.000678470499813955,45.9922420864321,-0.000969443068042578
6.4997,45.99139,-0.00182152950018377,45.9921107885264,-0.00110074097378064
6.51105,45.9933,8.84704998114216e-05,45.9920038725192,-0.00120765698097577
6.52236,45.98937,-0.00384152950018546,45.9919288717109,-0.00128265778930356
6.53366,45.99257,-0.000641529500185811,45.9918902258195,-0.00132130368069238
6.54499,45.99168,-0.00153152950018409,45.9918889155935,-0.00132261390669357
6.5563,45.99109,-0.00212152950018663,45.9919224995396,-0.00128902996063092
6.56761,45.99262,-0.000591529500184151,45.991985553421,-0.00122597607923486
6.57896,45.99309,-0.000121529500184181,45.9920704118659,-0.00114111763431413
6.59029,45.99163,-0.00158152950018575,45.9921680458998,-0.00104348360037659
6.60158,45.99364,0.000428470499812761,45.9922689003849,-0.000942629115263232
6.61292,45.99317,-4.15295001872096e-05,45.9923635686385,-0.000847960861699741
6.62423,45.98932,-0.00389152950018712,45.992443284718,-0.000768244782179902
6.63556,45.99199,-0.00122152950018517,45.9925003280427,-0.000711201457492717
6.64686,45.99254,-0.000671529500188228,45.9925284923069,-0.00068303719327971
6.65821,45.99322,8.47049981445025e-06,45.9925237033039,-0.000687826196264169
6.66954,45.99414,0.000928470499815148,45.9924846956051,-0.00072683389505411
6.68089,45.99329,7.84704998153529e-05,45.9924135009417,-0.000798028558510098
6.69222,45.99162,-0.00159152950018893,45.9923154838817,-0.00089604561850331
6.70357,45.99318,-3.15295001840354e-05,45.9921987958141,-0.00101273368610405
6.71491,45.99083,-0.00238152950018389,45.9920733201034,-0.00113820939677382
6.72622,45.991,-0.00221152950018677,45.9919493464922,-0.00126218300796141
6.73754,45.99056,-0.00265152950018432,45.9918362825175,-0.00137524698270022
6.74886,45.99225,-0.000961529500187908,45.9917416684027,-0.00146986109745973
6.76019,45.99329,7.84704998153529e-05,45.9916706236952,-0.00154090580498632
6.77153,45.9925,-0.000711529500186714,45.9916256821932,-0.00158584730696123
6.78283,45.9906,-0.00261152950018584,45.9916068726815,-0.00160465681863989
6.79416,45.99002,-0.0031915295001852,45.9916119403431,-0.00159958915713105
6.80547,45.99126,-0.00195152950018951,45.9916367186772,-0.00157481082299093
6.81679,45.99309,-0.000121529500184181,45.9916757191808,-0.00153581031935947
6.82812,45.99091,-0.00230152950018692,45.9917229374666,-0.00148859203361833
6.83944,45.99293,-0.000281529500185229,45.9917727465862,-0.00143878291394849
6.85076,45.99315,-6.15295001864524e-05,45.9918206737291,-0.00139085577104384
6.86208,45.9908,-0.0024115295001863,45.9918638812288,-0.00134764827134509
6.87339,45.9921,-0.00111152950018578,45.9919012733225,-0.00131025617772133
6.88472,45.99152,-0.00169152950018514,45.9919332775631,-0.00127825193711247
6.89606,45.99046,-0.00275152950018764,45.9919614453592,-0.00125008414098576
6.90739,45.99216,-0.00105152950018805,45.9919880325555,-0.00122349694464749
6.91871,45.99311,-0.000101529500184938,45.992015652243,-0.00119587725721336
6.93003,45.99392,0.000708470499816372,45.9920469775397,-0.00116455196049401
6.94132,45.99148,-0.00173152950018363,45.9920843896653,-0.00112713983486995
6.95262,45.99084,-0.00237152950018782,45.9921294934943,-0.00108203600592117
6.96392,45.99265,-0.00056152950018884,45.9921825534056,-0.00102897609462463
6.97524,45.99125,-0.00196152950018558,45.9922420310984,-0.000969498401780178
6.98656,45.99158,-0.00163152950018741,45.9923044347836,-0.000907094716590115
6.99791,45.99187,-0.00134152950018773,45.9923646117617,-0.000846917738519177
7.00925,45.99252,-0.000691529500187471,45.9924164848673,-0.000795044632924797
7.02057,45.99453,0.00131847049981104,45.9924540865826,-0.000757442917567496
7.03187,45.9938,0.000588470499813809,45.9924726230255,-0.000738906474651118
7.0432,45.99104,-0.00217152950018829,45.9924692699843,-0.000742259515867553
7.05451,45.99421,0.000998470499816051,45.9924435078758,-0.000768021624434001
7.06583,45.98867,-0.00454152950018738,45.9923969944881,-0.000814535012066304
7.07718,45.99351,0.00029847049981413,45.9923331367425,-0.000878392757702585
7.0885,45.99194,-0.00127152950018683,45.9922565626048,-0.00095496689535451
7.09983,45.99422,0.00100847049981212,45.9921726079809,-0.001038921519291
7.11114,45.99169,-0.00152152950018802,45.9920868060126,-0.00112472348757912
7.12247,45.9925,-0.000711529500186714,45.9920043113415,-0.0012072181587269
7.13374,45.99014,-0.00307152950018974,45.991929255257,-0.00128227424313595
7.14505,45.99214,-0.0010715295001873,45.991864146125,-0.00134738337514528
7.15638,45.99255,-0.000661529500185054,45.9918094999616,-0.00140202953860781
7.16771,45.98965,-0.00356152950018895,45.9917638638676,-0.00144766563260804
7.17904,45.9903,-0.00291152950018869,45.9917243131859,-0.00148721631424363
7.19033,45.99267,-0.000541529500189597,45.9916873977484,-0.00152413175175763
7.20165,45.99257,-0.000641529500185811,45.9916503715155,-0.00156115798473138
7.21298,45.99567,0.00245847049981052,45.9916123717738,-0.00159915772637628
7.22431,45.99158,-0.00163152950018741,45.9915751223499,-0.00163640715028069
7.23564,45.98904,-0.00417152950018362,45.9915428434367,-0.00166868606345306
7.24698,45.99239,-0.000821529500186102,45.9915213482216,-0.00169018127860784
7.25831,45.99004,-0.00317152950018595,45.9915166190441,-0.0016949104561308
7.26964,45.99095,-0.00226152950018843,45.9915332999427,-0.00167822955745035
7.28096,45.99203,-0.00118152950018668,45.9915734877836,-0.00163804171659591
7.29226,45.99177,-0.00144152950018395,45.9916360495672,-0.00157547993296223
7.30356,45.99056,-0.00265152950018432,45.9917165393586,-0.00149499014158569
7.31487,45.99265,-0.00056152950018884,45.9918076805471,-0.00140384895309052
7.3262,45.99125,-0.00196152950018558,45.9919003173367,-0.00131121216347713
7.33754,45.99134,-0.00187152950018543,45.991984696229,-0.00122683327120795
7.34884,45.9939,0.000688470499810023,45.9920518931495,-0.00115963635072077
7.36018,45.99261,-0.000601529500187326,45.9920951600574,-0.00111636944282298
7.37148,45.99166,-0.00155152950018334,45.9921109540337,-0.00110057546651652
7.38282,45.99314,-7.15295001896266e-05,45.9920994647321,-0.00111206476803946
7.39413,45.99105,-0.00216152950018511,45.9920645702126,-0.00114695928760967
7.40545,45.9926,-0.000611529500183394,45.9920132755258,-0.00119825397442934
7.41676,45.99089,-0.00232152950018616,45.9919547724657,-0.00125675703443977
7.42812,45.99125,-0.00196152950018558,45.9918992880378,-0.00131224146239586
7.43942,45.99411,0.000898470499812731,45.9918568680315,-0.00135466146869509
7.45072,45.99213,-0.00108152950018336,45.991836188182,-0.00137534131821184
7.46205,45.99077,-0.00244152950018872,45.9918434479152,-0.00136808158493991
7.47336,45.99004,-0.00317152950018595,45.9918814326296,-0.00133009687054564
7.4847,45.99129,-0.00192152950018709,45.9919489030452,-0.00126262645495814
7.49602,45.99558,0.00236847049981037,45.9920404780715,-0.00117105142868388
7.50735,45.99031,-0.00290152950018552,45.9921470714007,-0.00106445809949948
7.51868,45.99011,-0.00310152950018505,45.9922568126723,-0.000954716827915755
7.52999,45.9936,0.000388470499814275,45.9923563359989,-0.00085519350127861
7.54134,45.99376,0.000548470499815323,45.9924323178815,-0.000779211618737334
7.55268,45.99323,1.8470499810519e-05,45.9924731041789,-0.000738425321330939
7.56399,45.99065,-0.00256152950018418,45.9924702108923,-0.000741318607910862
7.57532,45.99212,-0.00109152950018654,45.9924195095342,-0.000792019966001755
7.58666,45.99266,-0.000551529500185666,45.9923219962643,-0.000889533235917351
7.59796,45.99338,0.000168470499815498,45.99218408422,-0.0010274452802378
7.6093,45.99469,0.00147847049981209,45.9920173199836,-0.00119420951661039
7.6206,45.99052,-0.00269152950018992,45.9918374061028,-0.00137412339743094
7.63194,45.992,-0.0012115295001891,45.9916625155872,-0.00154901391303818
7.64327,45.98896,-0.0042515295001877,45.9915110962249,-0.00170043327526157
7.6546,45.99121,-0.00200152950018406,45.991399553661,-0.00181197583914925
7.66592,45.99191,-0.00130152950018925,45.9913402458643,-0.00187128363593552
7.67726,45.99079,-0.00242152950018948,45.9913401015353,-0.00187142796489346
7.6886,45.99194,-0.00127152950018683,45.9913999859619,-0.00181154353831234
7.69994,45.99157,-0.00164152950018348,45.9915147913449,-0.00169673815530701
7.7113,45.98997,-0.00324152950018686,45.9916741653581,-0.00153736414203847
7.72264,45.99158,-0.00163152950018741,45.9918637762416,-0.00134775325861123
7.73395,45.99374,0.000528470499816081,45.992066983861,-0.00114454563915277
7.7453,45.993,-0.000211529500184326,45.9922667136332,-0.000944815866945008
7.75662,45.99289,-0.000321529500183715,45.9924472560806,-0.000764273419586653
7.76795,45.99251,-0.00070152950018354,45.9925957232141,-0.00061580628610255
7.77929,45.99158,-0.00163152950018741,45.992703009253,-0.000508520247200298
7.79063,45.99262,-0.000591529500184151,45.9927642530599,-0.000447276440300533
7.80195,45.99419,0.000978470499816808,45.9927788861745,-0.000432643325657079
7.81329,45.99224,-0.000971529500183976,45.9927503462497,-0.000461183250452578
7.82461,45.99271,-0.000501529500184006,45.9926854961317,-0.000526033368471382
7.83594,45.99298,-0.000231529500183569,45.9925937824753,-0.000617747024884701
7.8473,45.99248,-0.000731529500185957,45.9924862052658,-0.000725324234368734
7.85862,45.99129,-0.00192152950018709,45.9923742148144,-0.000837314685775196
7.86998,45.99218,-0.00103152950018881,45.9922686780663,-0.000942851433846142
7.88133,45.99188,-0.00133152950018456,45.9921790489917,-0.00103248050846976
7.89262,45.9914,-0.0018115295001877,45.9921128262178,-0.00109870328241051
7.90393,45.99392,0.000708470499816372,45.9920752901714,-0.00113623932880854
7.91528,45.99289,-0.000321529500183715,45.9920694187314,-0.00114211076878831
7.92659,45.99081,-0.00240152950018313,45.9920958377526,-0.00111569174757376
7.93791,45.99235,-0.000861529500184588,45.9921527048851,-0.00105882461509322
7.94924,45.99266,-0.000551529500185666,45.9922355248321,-0.000976004668102188
7.96057,45.99408,0.000868470499810314,45.9923369785269,-0.000874550973268212
7.97191,45.98945,-0.00376152950018849,45.9924468875853,-0.000764641914879433
7.98323,45.99267,-0.000541529500189597,45.992552465572,-0.000659063928185164
7.99454,45.99126,-0.00195152950018951,45.9926390365791,-0.000572492921054514
8.00589,45.99166,-0.00155152950018334,45.9926913635236,-0.000520165976584696
8.01721,45.99304,-0.000171529500185841,45.9926955752247,-0.000515954275467478
8.02856,45.99522,0.00200847049981689,45.992641453417,-0.000570076083221115
8.03988,45.993,-0.000211529500184326,45.9925246364716,-0.000686893028592315
8.0512,45.99248,-0.000731529500185957,45.9923482166681,-0.000863312832132819
8.06253,45.99302,-0.000191529500185084,45.9921233013805,-0.00108822811970919
8.07382,45.99283,-0.000381529500188549,45.9918683260048,-0.0013432034953471
8.08516,45.9917,-0.00151152950018485,45.9916071453072,-0.00160438419302697
8.09645,45.99159,-0.00162152950018424,45.9913661357597,-0.00184539374051497
8.10777,45.99011,-0.00310152950018505,45.9911707185394,-0.00204081096074385
8.11906,45.98994,-0.00327152950018927,45.99104185476,-0.00216967474017497
8.13041,45.98757,-0.00564152950018837,45.990993127616,-0.00221840188419299
8.14174,45.99112,-0.00209152950018421,45.9910289576914,-0.00218257180876852
8.15306,45.99213,-0.00108152950018336,45.9911442715402,-0.00206725796000081
8.16438,45.99145,-0.00176152950018604,45.9913256042678,-0.00188592523243636
8.1757,45.99304,-0.000171529500185841,45.9915532947067,-0.00165823479348971
8.18704,45.99104,-0.00217152950018829,45.9918042623345,-0.00140726716567965
8.19836,45.99329,7.84704998153529e-05,45.992054868332,-0.00115666116819942
8.2097,45.99247,-0.000741529500189131,45.9922834836095,-0.000928045890678921
8.22102,45.99136,-0.00185152950018619,45.9924725270137,-0.000739002486453843
8.23233,45.99352,0.000308470499810198,45.9926098548602,-0.000601674640006866
8.24362,45.9922,-0.00101152950018957,45.9926894633235,-0.000522066176641571
8.25493,45.99396,0.000748470499814857,45.9927115017728,-0.000500027727345243
8.26626,45.99327,5.84704998161101e-05,45.9926816064957,-0.000529923004496762
8.27761,45.99309,-0.000121529500184181,45.9926095954699,-0.000601934030289764
8.28894,45.99198,-0.00123152950018834,45.9925076503049,-0.000703879195288386
8.30026,45.98924,-0.00397152950018409,45.9923882383619,-0.000823291138326565
8.31159,45.9955,0.0022884704998134,45.9922621307951,-0.000949398705112238
8.32288,45.99092,-0.00229152950018374,45.9921368783039,-0.00107465119625984
8.33422,45.98933,-0.00388152950018394,45.9920160163914,-0.00119551310874623
8.34555,45.99015,-0.00306152950018657,45.9918991552086,-0.00131237429156827
8.35685,45.99375,0.000538470499812149,45.9917829826316,-0.00142854686861076
8.36822,45.99306,-0.000151529500186598,45.9916630141423,-0.00154851535784858
8.37955,45.99283,-0.000381529500188549,45.9915356802143,-0.00167584928586887
8.3909,45.99061,-0.00260152950018977,45.9914002045458,-0.00181132495438007
8.40221,45.99187,-0.00134152950018773,45.9912597996811,-0.00195172981911732
8.41354,45.99278,-0.000431529500183103,45.9911219182305,-0.00208961126970169
8.42485,45.99048,-0.0027315295001884,45.9909975091956,-0.00221402030454019
8.43618,45.99203,-0.00118152950018668,45.9908993909368,-0.00231213856341998
8.44748,45.99048,-0.0027315295001884,45.9908400001438,-0.00237152935636164
8.45879,45.98841,-0.00480152950018464,45.9908289265687,-0.00238260293150646
8.4701,45.98911,-0.00410152950018983,45.9908707537456,-0.00234077575459698
8.48142,45.99095,-0.00226152950018843,45.9909637244921,-0.0022478050080726
8.49272,45.99129,-0.00192152950018709,45.9910995886923,-0.00211194080784696
8.50402,45.98936,-0.00385152950018863,45.9912647062948,-0.0019468232054224
8.51534,45.99249,-0.000721529500189888,45.991442182694,-0.00176934680617074
8.52666,45.99281,-0.000401529500187792,45.9916145921567,-0.00159693734349182
8.53798,45.99429,0.00107847049981302,45.9917667115964,-0.00144481790382684
8.5493,45.99413,0.000918470499811974,45.9918876596306,-0.00132386986960987
8.56063,45.99113,-0.00208152950018814,45.9919719726556,-0.00123955684454504
8.57196,45.98983,-0.00338152950018866,45.9920194627593,-0.00119206674090872
8.58328,45.99202,-0.00119152950018986,45.9920340774371,-0.00117745206313453
8.59461,45.9911,-0.00211152950018345,45.9920222317302,-0.00118929776995845
8.60595,45.99356,0.000348470499815789,45.9919911043151,-0.00122042518506856
8.61728,45.98977,-0.00344152950018639,45.9919472438921,-0.0012642856080716
8.62861,45.99137,-0.00184152950018301,45.991895665249,-0.00131586425117431
8.63992,45.99425,0.00103847049981454,45.9918394981659,-0.0013720313343116
8.65124,45.98933,-0.00388152950018394,45.9917801642388,-0.00143136526141505
8.66258,45.99205,-0.00116152950018744,45.9917179757312,-0.00149355376896422
8.6739,45.99282,-0.000391529500184618,45.9916529936014,-0.00155853589881612
8.68521,45.99074,-0.00247152950018403,45.9915859495706,-0.00162557992953561
8.69657,45.99395,0.000738470499811683,45.9915190150093,-0.0016925144908954
8.70792,45.99072,-0.00249152950018328,45.9914562076564,-0.00175532184380408
8.71926,45.9915,-0.00171152950018438,45.9914032987945,-0.00180823070573318
8.73057,45.99142,-0.00179152950018846,45.9913672090722,-0.00184432042803151
8.74189,45.99049,-0.00272152950018523,45.9913550090719,-0.00185652042825567
8.7532,45.99352,0.000308470499810198,45.9913727203913,-0.00183880910886396
8.76451,45.98979,-0.00342152950018715,45.9914241374317,-0.00178739206852655
8.77582,45.99121,-0.00200152950018406,45.9915098960155,-0.00170163348473453
8.78716,45.98701,-0.00620152950018849,45.9916270249592,-0.00158450454096424
8.79851,45.99419,0.000978470499816808,45.9917691827136,-0.0014423467865598
8.80984,45.99134,-0.00187152950018543,45.9919276221354,-0.00128390736483195
8.82116,45.99591,0.00269847049981564,45.9920926515026,-0.00111887799754333
8.83248,45.99331,9.84704998145958e-05,45.9922551201977,-0.00095640930251641
8.84379,45.99291,-0.000301529500184472,45.9924074295363,-0.000804099963879823
8.85512,45.99024,-0.00297152950018642,45.9925437951335,-0.000667734366734759
8.86642,45.99281,-0.000401529500187792,45.9926598375588,-0.00055169194136446
8.87774,45.99154,-0.0016715295001859,45.9927518514942,-0.000459678006034522
8.88909,45.99317,-4.15295001872096e-05,45.9928161745155,-0.000395354984721314
8.9004,45.99026,-0.00295152950018718,45.9928489682274,-0.000362561272804214
8.91172,45.99567,0.00245847049981052,45.9928465403531,-0.000364989147042021
8.92306,45.99129,-0.00192152950018709,45.9928061528755,-0.000405376624700246
8.93438,45.99183,-0.00138152950018622,45.9927271125381,-0.000484416962078957
8.9457,45.99504,0.0018284704998166,45.9926118462832,-0.000599683216990486
8.95701,45.99572,0.00250847049981218,45.9924666265877,-0.000744902912489321
8.96836,45.99114,-0.00207152950018497,45.9923016376614,-0.000909891838822831
8.97969,45.9921,-0.00111152950018578,45.9921302145549,-0.00108131494530206
8.99101,45.98975,-0.00346152950018563,45.9919673551446,-0.00124417435557886
9.00234,45.99008,-0.00313152950018747,45.9918278722436,-0.00138365725661739
9.01367,45.99276,-0.000451529500189451,45.9917246445312,-0.00148688496903612
9.02498,45.99316,-5.15295001832783e-05,45.9916672925255,-0.00154423697466656
9.03632,45.99199,-0.00122152950018517,45.9916613673666,-0.00155016213362656
9.04764,45.99025,-0.00296152950018325,45.9917079731006,-0.00150355639958756
9.05896,45.99105,-0.00216152950018511,45.9918037338222,-0.00140779567800985
9.07027,45.99308,-0.000131529500187355,45.9919410920386,-0.00127043746163327
9.08161,45.99232,-0.000891529500187005,45.9921089530676,-0.00110257643258366
9.09293,45.99155,-0.00166152950018983,45.9922936412962,-0.0009178882039882
9.10424,45.99341,0.00019847049981081,45.992480082007,-0.000731447493144148
9.11558,45.99005,-0.00316152950018989,45.9926531188063,-0.000558410693918028
9.12688,45.9936,0.000388470499814275,45.9927988881713,-0.000412641328860341
9.13822,45.99433,0.00111847049981151,45.9929061410628,-0.000305388437372356
9.14952,45.99573,0.00251847049981535,45.99296732322,-0.000244206280195322
9.16086,45.9927,-0.00051152950018718,45.9929791801884,-0.000232349311735127
9.17218,45.98997,-0.00324152950018686,45.9929427435231,-0.000268785977073163
9.1835,45.992,-0.0012115295001891,45.9928627744264,-0.000348755073812018
9.19482,45.99287,-0.000341529500182958,45.9927469273874,-0.000464602112795027
9.20614,45.99541,0.00219847049981325,45.992604887621,-0.000606641879157818
9.21746,45.99287,-0.000341529500182958,45.9924475649484,-0.000763964551785846
9.22879,45.98996,-0.00325152950018293,45.9922862901391,-0.000925239361049691
9.24012,45.99097,-0.00224152950018919,45.9921319890325,-0.00107954046773011
9.25142,45.99313,-8.15295001856953e-05,45.9919944252476,-0.0012171042525785
9.26276,45.99288,-0.000331529500186889,45.9918816324334,-0.00132989706675621
9.27408,45.99287,-0.000341529500182958,45.9917995641473,-0.00141196535291396
9.28542,45.98934,-0.00387152950018788,45.9917519023096,-0.00145962719058957
9.29674,45.99146,-0.00175152950018997,45.9917399890406,-0.00147154045962664
9.30809,45.99242,-0.000791529500183685,45.9917629273209,-0.00144860217928153
9.31938,45.98951,-0.00370152950018365,45.9918179080347,-0.00139362146551226
9.3307,45.9953,0.00208847049981387,45.991900727412,-0.00131080208820542
9.34201,45.99367,0.000458470499815178,45.9920063333722,-0.00120519612794482
9.3533,45.99039,-0.00282152950018855,45.9921291843124,-0.00108234518780347
9.36462,45.99299,-0.000221529500187501,45.9922632838089,-0.000948245691294873
9.37595,45.99192,-0.00129152950018607,45.9924019434665,-0.000809586033649027
9.38729,45.99026,-0.00295152950018718,45.9925375058581,-0.000674023642080706
9.3986,45.99146,-0.00175152950018997,45.9926613214989,-0.000550208001314058
9.40993,45.99463,0.00141847049981436,45.9927641931894,-0.000447336310771277
9.42123,45.99301,-0.000201529500188258,45.9928373135519,-0.000374215948249177
9.43256,45.99367,0.000458470499815178,45.992873512091,-0.00033801740922672
9.44387,45.99171,-0.00150152950018878,45.9928685113798,-0.000343018120417693
9.45519,45.99321,-1.52950018872389e-06,45.9928219133712,-0.000389616128948512
9.46651,45.99371,0.000498470499813664,45.992737725022,-0.00047380447813754
9.47784,45.9944,0.00118847049981241,45.9926242996203,-0.000587229879850219
9.48916,45.99254,-0.000671529500188228,45.9924936198233,-0.000717909676939331
9.50049,45.99111,-0.00210152950018738,45.9923599482725,-0.000851581227698454
9.5118,45.9905,-0.00271152950018916,45.9922380392109,-0.000973490289276092
9.52315,45.99265,-0.00056152950018884,45.9921412528413,-0.00107027665889775
9.53448,45.99159,-0.00162152950018424,45.9920799325499,-0.00113159695032571
9.54584,45.99331,9.84704998145958e-05,45.9920602815394,-0.00115124796079333
9.55715,45.99053,-0.00268152950018674,45.9920838088817,-0.00112772061843831
9.56848,45.99255,-0.000661529500185054,45.9921473064645,-0.00106422303565516
9.5798,45.99323,1.8470499810519e-05,45.9922432813345,-0.000968248165682123
9.5911,45.99178,-0.00143152950018788,45.9923607577598,-0.000850771740421643
9.60243,45.99345,0.000238470499816401,45.9924863593087,-0.000725170191503364
9.61375,45.98939,-0.00382152950018622,45.992605599046,-0.000605930454177347
9.62508,45.99267,-0.000541529500189597,45.9927043347925,-0.000507194707728044
9.6364,45.99577,0.00255847049981384,45.9927703259563,-0.000441203543861995
9.64773,45.99277,-0.000441529500186277,45.9927947267129,-0.000416802787267984
9.65908,45.99233,-0.000881529500183831,45.9927732432799,-0.000438286220235159
9.67041,45.99376,0.000548470499815323,45.9927066892202,-0.000504840279977574
9.68172,45.99326,4.84704998129359e-05,45.9926008046837,-0.000610724816483695
9.69304,45.99198,-0.00123152950018834,45.9924653698664,-0.000746159633757053
9.70437,45.99155,-0.00166152950018983,45.9923127754366,-0.000898754063561855
9.71567,45.99201,-0.00120152950018593,45.9921563104922,-0.00105521900799935
9.72702,45.9904,-0.00281152950018537,45.9920084770528,-0.00120305244736988
9.73833,45.9921,-0.00111152950018578,45.9918796065589,-0.00133192294131116
9.74968,45.99303,-0.000181529500189015,45.9917769394976,-0.00143459000256388
9.76102,45.99194,-0.00127152950018683,45.9917041825817,-0.00150734691853043
9.77234,45.99183,-0.00138152950018622,45.9916614528277,-0.00155007667250713
9.78368,45.9906,-0.00261152950018584,45.9916455088382,-0.00156602066199694
9.79502,45.99191,-0.00130152950018925,45.9916502385251,-0.00156129097506322
9.80633,45.99117,-0.00204152950018965,45.991667439998,-0.0015440895022294
9.81766,45.9901,-0.00311152950018823,45.9916879360667,-0.00152359343353013
9.82898,45.99043,-0.00278152950018296,45.9917029967764,-0.00150853272377247
9.8403,45.9957,0.00248847049981293,45.9917059227346,-0.00150560676562538
9.85164,45.9927,-0.00051152950018718,45.9916934890376,-0.0015180404626246
9.86298,45.99194,-0.00127152950018683,45.9916668498142,-0.00154467968595022
9.8743,45.99205,-0.00116152950018744,45.9916315730149,-0.0015799564852653
9.88562,45.99025,-0.00296152950018325,45.9915967228814,-0.0016148066187597
9.89694,45.9901,-0.00311152950018823,45.9915731925043,-0.00163833699585361
9.9083,45.99471,0.00149847049981133,45.9915716561281,-0.00163987337212945
9.91963,45.98992,-0.00329152950018852,45.9916005220513,-0.00161100744891328
9.93098,45.99131,-0.00190152950018785,45.9916642016924,-0.00154732780775998
9.9423,45.98933,-0.00388152950018394,45.9917619663309,-0.00144956316926914
9.9536,45.99083,-0.00238152950018389,45.9918876395365,-0.00132388996371737
9.96492,45.99329,7.84704998153529e-05,45.992030276178,-0.00118125332215174
9.97624,45.9938,0.000588470499813809,45.9921757616347,-0.00103576786551715
9.98757,45.99136,-0.00185152950018619,45.9923090178196,-0.000902511680610251
9.99891,45.99358,0.000368470499815032,45.9924163701902,-0.000795159309962483
10.01024,45.99141,-0.00180152950018453,45.9924876616533,-0.000723867846866642
10.02156,45.99323,1.8470499810519e-05,45.9925178158122,-0.00069371368797228
10.03285,45.99403,0.00081847049981576,45.992507651852,-0.000703877648144679
10.04417,45.99405,0.000838470499815003,45.9924638149067,-0.000747714593497927
10.0555,45.99257,-0.000641529500185811,45.9923977655058,-0.000813763994397471
10.06684,45.9909,-0.00231152950018298,45.992323931406,-0.00088759809423026
10.07818,45.98955,-0.00366152950018517,45.992257348865,-0.000954180635171041
10.08952,45.99311,-0.000101529500184938,45.9922112933255,-0.00100023617469601
10.10085,45.99153,-0.00168152950018907,45.9921953984946,-0.00101613100555922
10.11218,45.9904,-0.00281152950018537,45.9922145805547,-0.000996948945458953
10.12348,45.99366,0.000448470499812004,45.9922688303832,-0.000942699117015776
10.13482,45.99545,0.00223847049981174,45.9923537180896,-0.000857811410629067
10.14614,45.99104,-0.00217152950018829,45.9924613198362,-0.000750209664006353
10.15748,45.99378,0.000568470499814566,45.9925812683907,-0.000630261109515088
10.16882,45.99038,-0.00283152950018462,45.9927017630796,-0.000509766420592124
10.18015,45.9915,-0.00171152950018438,45.9928105649411,-0.000400964559047506
10.19147,45.99255,-0.000661529500185054,45.9928961003615,-0.000315429138678423
10.20283,45.99576,0.00254847049981066,45.9929487237759,-0.000262805724247408
10.21416,45.99273,-0.000481529500184763,45.9929620038794,-0.000249525620774598
10.22548,45.99393,0.00071847049981244,45.9929337465707,-0.000277782929462857
10.23683,45.9916,-0.00161152950018817,45.9928664713378,-0.000345058162384679
10.24814,45.99461,0.00139847049981512,45.9927672001992,-0.000444329300997523
10.25945,45.99158,-0.00163152950018741,45.9926465856528,-0.000564943847416222
10.2708,45.99316,-5.15295001832783e-05,45.9925175182357,-0.000694011264506588
10.28214,45.99177,-0.00144152950018395,45.9923934207455,-0.000818108754658856
10.29348,45.9935,0.000288470499810956,45.9922864815534,-0.000925047946817935
10.30483,45.98859,-0.00462152950018435,45.9922061073041,-0.00100542219605746
10.31615,45.99187,-0.00134152950018773,45.9921578726241,-0.00105365687603635
10.32749,45.99207,-0.0011415295001882,45.992143179012,-0.0010683504882313
10.33882,45.99289,-0.000321529500183715,45.9921596717145,-0.00105185778568853
10.35016,45.99447,0.00125847049981331,45.9922022347818,-0.00100929471843773
10.36149,45.99189,-0.00132152950018849,45.9922642103604,-0.000947319139772208
10.37283,45.99275,-0.00046152950018552,45.99233847558,-0.000873053920180628
10.38416,45.9922,-0.00101152950018957,45.9924181537666,-0.00079337573361092
10.39546,45.99196,-0.00125152950018759,45.9924969339283,-0.000714595571907421
10.40679,45.99316,-5.15295001832783e-05,45.9925691188727,-0.000642410627496652
10.41812,45.9913,-0.00191152950018392,45.9926295806861,-0.000581948814122588
10.42945,45.98999,-0.00322152950018761,45.9926737906066,-0.000537738893594566
10.44078,45.99699,0.00377847049981028,45.9926980242189,-0.000513505281315358
10.45212,45.99197,-0.00124152950018441,45.992699724661,-0.000511804839197513
10.46344,45.99231,-0.000901529500183074,45.9926778830635,-0.000533646436724778
10.47475,45.99324,2.84704998136931e-05,45.9926332595951,-0.00057826990505968
10.48606,45.99201,-0.00120152950018593,45.992568345462,-0.000643184038136987
10.49741,45.99418,0.000968470499813634,45.9924870732614,-0.000724456238834825
10.50873,45.99026,-0.00295152950018718,45.9923943494042,-0.000817180095966417
10.52006,45.99204,-0.00117152950018351,45.992295517274,-0.000916012226149384
10.53138,45.99156,-0.00165152950018665,45.9921958766715,-0.00101565282873622
10.54272,45.9933,8.84704998114216e-05,45.9921003522094,-0.00111117729078618
10.55404,45.99429,0.00107847049981302,45.9920133090908,-0.00119822040941079
10.5654,45.98879,-0.00442152950018482,45.9919384261324,-0.00127310336783818
10.57671,45.99279,-0.000421529500187035,45.9918785370544,-0.00133299244582246
10.58806,45.99199,-0.00122152950018517,45.9918354306307,-0.00137609886945847
10.59942,45.99199,-0.00122152950018517,45.9918096607768,-0.00140186872337448
10.61076,45.99147,-0.0017415295001868,45.9918004087038,-0.00141112079633909
10.62207,45.99353,0.000318470499813372,45.9918054096653,-0.00140611983490565
10.63342,45.98883,-0.00438152950018633,45.9918209620503,-0.00139056744991939
10.64476,45.99331,9.84704998145958e-05,45.9918420707875,-0.00136945871272144
10.6561,45.99106,-0.00215152950018904,45.9918627980763,-0.0013487314238847
10.66744,45.99122,-0.00199152950018799,45.9918768681019,-0.00133466139832392
10.67878,45.99249,-0.000721529500189888,45.9918785007619,-0.00133302873823385
10.69012,45.99194,-0.00127152950018683,45.9918633647322,-0.00134816476802595
10.70144,45.99284,-0.000371529500185375,45.9918294719103,-0.00138205758989006
10.71277,45.99279,-0.000421529500187035,45.991777806184,-0.00143372331621723
10.72412,45.99012,-0.00309152950018898,45.9917125138595,-0.00149901564071628
10.73542,45.99262,-0.000591529500184151,45.9916405810948,-0.00157094840542388
10.74674,45.99212,-0.00109152950018654,45.9915710404643,-0.00164048903583967
10.75807,45.99002,-0.0031915295001852,45.9915138309345,-0.00169769856567657
10.7694,45.99247,-0.000741529500189131,45.9914784727707,-0.00173305672952308
10.78074,45.99027,-0.002941529500184,45.991472731528,-0.00173879797219663
10.79208,45.99243,-0.000781529500187617,45.9915014378327,-0.0017100916674414
10.80344,45.99162,-0.00159152950018893,45.9915655981023,-0.00164593139784982
10.81477,45.99174,-0.00147152950018636,45.9916618946698,-0.00154963483040712
10.82612,45.99002,-0.0031915295001852,45.9917826598203,-0.00142886967991524
10.83744,45.99032,-0.00289152950018945,45.9919164121305,-0.00129511736968524
10.84876,45.99273,-0.000481529500184763,45.9920490122679,-0.00116251723230378
10.86007,45.99374,0.000528470499816081,45.9921653743118,-0.00104615518837684
10.8714,45.99239,-0.000821529500186102,45.9922514836136,-0.000960045886621057
10.8827,45.99287,-0.000341529500182958,45.9922963374206,-0.000915192079547391
10.89403,45.99371,0.000498470499813664,45.9922934328835,-0.000918096616694443
10.90537,45.99147,-0.0017415295001868,45.9922415629675,-0.000969966532671635
10.91669,45.99209,-0.00112152950018896,45.9921448648645,-0.00106666463566005
10.92804,45.99022,-0.00299152950018566,45.992012231353,-0.00119929814721533
10.93936,45.99187,-0.00134152950018773,45.9918562934964,-0.00135523600380566
10.95071,45.99356,0.000348470499815789,45.9916921751644,-0.00151935433578029
10.96204,45.99129,-0.00192152950018709,45.9915361234899,-0.00167540601028144
10.97336,45.99274,-0.000471529500188694,45.9914040253592,-0.00180750414095344
10.98472,45.99041,-0.0028015295001893,45.9913098220022,-0.00190170749798888
10.99606,45.99085,-0.00236152950018464,45.9912639390975,-0.00194759040273327
11.00739,45.98803,-0.00518152950018447,45.9912719773961,-0.00193955210409598
11.01872,45.99279,-0.000421529500187035,45.9913339569652,-0.00187757253497316
11.03008,45.99188,-0.00133152950018456,45.9914443183149,-0.00176721118527492
11.04142,45.99101,-0.0022015295001836,45.9915926864853,-0.00161884301487025
11.05278,45.99222,-0.000991529500183219,45.9917652120212,-0.00144631747899649
11.06408,45.99261,-0.000601529500187326,45.9919462099473,-0.00126531955289689
11.0754,45.99398,0.0007684704998141,45.9921198225957,-0.00109170690446439
11.08672,45.99017,-0.00304152950018732,45.9922714922593,-0.00094003724086554
11.09806,45.992,-0.0012115295001891,45.9923891303174,-0.000822399182798256
11.10939,45.99259,-0.000621529500186568,45.9924639822447,-0.000747547255462278
11.12074,45.99276,-0.000451529500189451,45.9924912411632,-0.000720288336982722
11.13206,45.99389,0.000678470499813955,45.9924704231597,-0.000741106340461079
11.14337,45.99131,-0.00190152950018785,45.9924054494001,-0.000806080100125529
11.15472,45.99191,-0.00130152950018925,45.9923043684236,-0.000907161076567517
11.16605,45.99276,-0.000451529500189451,45.9921787027125,-0.00103282678771933
11.17739,45.99316,-5.15295001832783e-05,45.9920424541637,-0.00116907533648736
11.18874,45.99286,-0.000351529500186132,45.9919108195763,-0.00130070992389303
11.20009,45.98867,-0.00454152950018738,45.9917986906952,-0.00141283880499869
11.21141,45.99255,-0.000661529500185054,45.9917190840599,-0.00149244544024035
11.22272,45.9924,-0.000811529500182928,45.9916817174768,-0.00152981202339995
11.23406,45.98985,-0.00336152950018942,45.9916919422775,-0.00151958722265705
11.24538,45.99314,-7.15295001896266e-05,45.9917501561377,-0.00146137336248019
11.2567,45.99071,-0.00250152950018645,45.991851731018,-0.00135979848218777
11.26802,45.99335,0.000138470499813081,45.991987431523,-0.00122409797719006
11.27934,45.99213,-0.00108152950018336,45.9921442630515,-0.00106726644865903
11.29067,45.99064,-0.00257152950018735,45.992306678379,-0.000904851121237573
11.30202,45.99085,-0.00236152950018464,45.9924580865177,-0.000753442982473865
11.31334,45.99393,0.00071847049981244,45.9925826048075,-0.000628924692694046
11.32468,45.99537,0.00215847049981477,45.9926669159947,-0.000544613505464745
11.33604,45.99094,-0.0022715295001845,45.9927019610831,-0.000509568417104229
11.34738,45.99526,0.00204847049981538,45.9926841363604,-0.000527393139799181
11.35872,45.99036,-0.00285152950018386,45.9926157498378,-0.000595779662407556
11.37008,45.99456,0.00134847049981346,45.9925046717942,-0.000706857705971254
11.38137,45.99084,-0.00237152950018782,45.9923632754708,-0.000848254029374613
11.3927,45.99265,-0.00056152950018884,45.9922068581838,-0.00100467131640961
11.40401,45.9931,-0.000111529500188112,45.9920517736967,-0.00115975580353806
11.41533,45.99014,-0.00307152950018974,45.9919135198422,-0.00129800965802184
11.42663,45.99088,-0.00233152950018933,45.9918050288976,-0.0014065006026221
11.43797,45.99056,-0.00265152950018432,45.991735395354,-0.00147613414618476
11.44929,45.99442,0.00120847049981165,45.9917092075767,-0.00150232192346996
11.46062,45.99026,-0.00295152950018718,45.9917265099539,-0.0014850195462813
11.47194,45.99091,-0.00230152950018692,45.991783273948,-0.00142825555216408
11.48327,45.99461,0.00139847049981512,45.99187218149,-0.00133934801017247
11.49461,45.99324,2.84704998136931e-05,45.9919835257738,-0.00122800372639754
11.50596,45.9904,-0.00281152950018537,45.9921060818111,-0.00110544768912877
11.51728,45.98871,-0.00450152950018889,45.9922279017367,-0.000983627763442435
11.52861,45.99396,0.000748470499814857,45.9923371194562,-0.000874410043998359
11.53996,45.99314,-7.15295001896266e-05,45.9924228793137,-0.00078865018653362
11.5513,45.9936,0.000388470499814275,45.9924763658678,-0.00073516363234233
11.56263,45.99294,-0.00027152950018916,45.9924917308409,-0.000719798659263376
11.57398,45.99197,-0.00124152950018441,45.9924666654497,-0.000744864050446476
11.58533,45.99296,-0.000251529500189918,45.9924024783745,-0.000809051125659506
11.59664,45.99091,-0.00230152950018692,45.9923037025385,-0.000907826961701637
11.60795,45.99244,-0.000771529500184442,45.9921773642872,-0.00103416521299279
11.61927,45.99272,-0.000491529500187937,45.9920320750158,-0.00117945448433827
11.63061,45.99281,-0.000401529500187792,45.991877071555,-0.00133445794517188
11.64196,45.98971,-0.00350152950018412,45.9917212920507,-0.00149023744945082
11.65329,45.9917,-0.00151152950018485,45.9915725752864,-0.00163895421380417
11.66463,45.99067,-0.00254152950018494,45.9914370976748,-0.00177443182537009
11.67598,45.99113,-0.00208152950018814,45.9913191459309,-0.00189238356932575
11.68733,45.99331,9.84704998145958e-05,45.9912212331963,-0.00199029630391462
11.69867,45.99085,-0.00236152950018464,45.9911444527902,-0.00206707670999319
11.70999,45.99001,-0.00320152950018837,45.9910889086725,-0.00212262082767357
11.72131,45.99132,-0.00189152950018467,45.9910540974037,-0.00215743209653355
11.73263,45.993,-0.000211529500184326,45.9910391936862,-0.00217233581401551
11.74396,45.98826,-0.00495152950018962,45.9910432408689,-0.0021682886312721
11.7553,45.9914,-0.0018115295001877,45.9910652610041,-0.0021462684960654
11.76663,45.99177,-0.00144152950018395,45.9911043008983,-0.00210722860183365
11.77798,45.99287,-0.000341529500182958,45.9911594111117,-0.00205211838848357
11.78934,45.99059,-0.00262152950018901,45.99122951533,-0.00198201417021484
11.80067,45.99051,-0.00270152950018598,45.9913131305783,-0.0018983989219243
11.81202,45.99264,-0.000571529500184909,45.9914079820947,-0.00180354740547182
11.82338,45.98861,-0.00460152950018511,45.9915106605078,-0.00170086899242767
11.8347,45.9913,-0.00191152950018392,45.9916165079295,-0.0015950215706542
11.84603,45.99292,-0.000291529500188403,45.9917198625578,-0.00149166694234744
11.85737,45.99323,1.8470499810519e-05,45.9918146570567,-0.00139687244344934
11.86867,45.99174,-0.00147152950018636,45.991895220347,-0.00131630915315407
11.88002,45.99073,-0.00248152950018721,45.9919570745853,-0.00125445491485763
11.89132,45.99133,-0.00188152950018861,45.9919975832711,-0.00121394622907304
11.90265,45.99329,7.84704998153529e-05,45.992016403217,-0.00119512628320992
11.91396,45.99339,0.000178470499811567,45.9920157158226,-0.00119581367756154
11.9253,45.99124,-0.00197152950018875,45.9920001723678,-0.00121135713240774
11.93664,45.99151,-0.00170152950018831,45.9919764836372,-0.00123504586295797
11.94797,45.99184,-0.00137152950018304,45.9919526602582,-0.00125886924197478
11.95932,45.99315,-6.15295001864524e-05,45.9919370016756,-0.00127452782457845
11.97065,45.99209,-0.00112152950018896,45.9919369683143,-0.00127456118591021
11.98199,45.99105,-0.00216152950018511,45.9919580722984,-0.00125345720175288
11.99334,45.9904,-0.00281152950018537,45.9920029443647,-0.00120858513547997
12.00468,45.99149,-0.00172152950018756,45.9920707681077,-0.00114076139250094
12.01602,45.99352,0.000308470499810198,45.9921572419862,-0.00105428751397027
12.02734,45.99229,-0.000921529500189422,45.9922551007681,-0.000956428732127085
12.03868,45.99181,-0.00140152950018546,45.9923550704914,-0.0008564590087493
12.05001,45.994,0.000788470499813343,45.9924470445332,-0.000764484966955244
12.0613,45.99136,-0.00185152950018619,45.9925212780509,-0.000690251449286348
12.07264,45.99387,0.000658470499814712,45.9925694569493,-0.000642072550909976
12.08398,45.98956,-0.0036515295001891,45.9925855605747,-0.000625968925497358
12.0953,45.99538,0.00216847049981084,45.9925664805968,-0.000645048903394366
12.10661,45.99387,0.000658470499814712,45.9925123629619,-0.00069916653824658
12.11797,45.99148,-0.00173152950018363,45.9924266227342,-0.000784906766038839
12.1293,45.99066,-0.00255152950018811,45.9923156109498,-0.000895918550406952
12.14062,45.99148,-0.00173152950018363,45.9921880131704,-0.00102351632980687
12.15196,45.99287,-0.000341529500182958,45.9920541393091,-0.00115739019107124
12.16329,45.99206,-0.00115152950018427,45.991925220211,-0.00128630928922276
12.17463,45.99347,0.000258470499815644,45.9918126889627,-0.00139884053746493
12.18599,45.99341,0.00019847049981081,45.9917273255117,-0.00148420398850559
12.1973,45.99061,-0.00260152950018977,45.9916781774005,-0.00153335209966029
12.20864,45.98943,-0.00378152950018773,45.9916713340724,-0.001540195427777
12.21998,45.98923,-0.00398152950018726,45.9917088327366,-0.00150269676357705
12.23131,45.9937,0.000488470499810489,45.9917880611198,-0.00142346838034274
12.24265,45.99207,-0.0011415295001882,45.9919019000186,-0.00130962948155236
12.25398,45.99294,-0.00027152950018916,45.9920395863972,-0.00117194310297413
12.26528,45.99117,-0.00204152950018965,45.9921880631381,-0.00102346636213023
12.27661,45.9924,-0.000811529500182928,45.9923335288942,-0.000878000606003718
12.28794,45.99398,0.0007684704998141,45.9924629611021,-0.000748568398061867
12.29929,45.99327,5.84704998161101e-05,45.9925654527142,-0.000646076785979234
12.31064,45.98842,-0.00479152950018857,45.9926332517605,-0.000578277739708815
12.32195,45.99555,0.00233847049981506,45.9926624476137,-0.000549081886515934
12.33328,45.9941,0.000888470499816663,45.992653285979,-0.000558243521195629
12.34461,45.99162,-0.00159152950018893,45.992610077516,-0.000601451984138334
12.35596,45.99342,0.000208470499813984,45.9925406449324,-0.000670884567807021
12.3673,45.99115,-0.0020615295001889,45.9924553160053,-0.000756213494917059
12.37865,45.99266,-0.000551529500185666,45.9923655918312,-0.000845937669032128
12.38997,45.99263,-0.000581529500188083,45.9922827017453,-0.000928827754883272
12.40134,45.99138,-0.00183152950018695,45.9922162591966,-0.000995270303577458
12.41267,45.99043,-0.00278152950018296,45.9921731916458,-0.00103833785434962
12.42398,45.99315,-6.15295001864524e-05,45.9921570613818,-0.00105446811839225
12.4353,45.99402,0.000808470499812586,45.9921678113573,-0.00104371814286097
12.44662,45.9925,-0.000711529500186714,45.9922018659201,-0.0010096635800859
12.45797,45.99235,-0.000861529500184588,45.9922524635683,-0.000959065931894483
12.46932,45.99032,-0.00289152950018945,45.9923101672481,-0.000901362252063234
12.48067,45.98945,-0.00376152950018849,45.9923636409357,-0.000847888564529367
12.49201,45.993,-0.000211529500184326,45.9924008520812,-0.000810677419012206
12.50334,45.99471,0.00149847049981133,45.9924107451372,-0.000800784362969556
12.51468,45.99218,-0.00103152950018881,45.9923851706976,-0.000826358802565306
12.526,45.99441,0.00119847049981558,45.992320624583,-0.000890904917187443
12.53732,45.99307,-0.000141529500183424,45.9922193125347,-0.000992216965512041
12.54868,45.99139,-0.00182152950018377,45.9920892207917,-0.001122308708508
12.56001,45.99183,-0.00138152950018622,45.9919431369165,-0.00126839258365988
12.57136,45.99169,-0.00152152950018802,45.9917968151717,-0.00141471432846082
12.58271,45.99162,-0.00159152950018893,45.9916666413755,-0.00154488812471312
12.59407,45.9907,-0.00251152950018962,45.9915672039844,-0.00164432551581412
12.60542,45.99174,-0.00147152950018636,45.9915091554215,-0.00170237407865867
12.61676,45.99097,-0.00224152950018919,45.9914976927982,-0.00171383670199649
12.62807,45.98794,-0.00527152950018461,45.9915319136772,-0.00167961582295354
12.63938,45.99208,-0.00113152950018502,45.9916051951109,-0.00160633438924556
12.6507,45.99406,0.000848470499811071,45.9917065703274,-0.0015049591727626
12.66203,45.99147,-0.0017415295001868,45.9918228383779,-0.00138869112233268
12.67334,45.99309,-0.000121529500184181,45.9919409330835,-0.00127059641669244
12.68471,45.99295,-0.000261529500185986,45.9920500231557,-0.0011615063444957
12.69602,45.99281,-0.000401529500187792,45.9921429326698,-0.0010685968303637
12.70736,45.99255,-0.000661529500185054,45.9922166752782,-0.00099485422197659
12.7187,45.99178,-0.00143152950018788,45.9922721125588,-0.000939416941382603
12.73002,45.99138,-0.00183152950018695,45.9923129426033,-0.000898586896924762
12.74134,45.99075,-0.00246152950018796,45.9923443615215,-0.000867167978684957
12.75266,45.9934,0.000188470499814741,45.9923717726706,-0.000839756829617525
12.764,45.9916,-0.00161152950018817,45.9923998327023,-0.000811696797914613
12.77532,45.99181,-0.00140152950018546,45.9924319648339,-0.000779564666272307
12.78664,45.99369,0.000478470499814421,45.9924703131856,-0.000741216314616413
12.79798,45.99252,-0.000691529500187471,45.9925160030132,-0.000695526486987446
12.80931,45.99234,-0.000871529500187762,45.992569514812,-0.000642014688168244
12.82064,45.99389,0.000678470499813955,45.9926309743597,-0.00058055514050282
12.83198,45.99476,0.00154847049981299,45.9927002053851,-0.000511324115075994
12.84334,45.99083,-0.00238152950018389,45.9927764822074,-0.000435047292765046
12.85468,45.99158,-0.00163152950018741,45.9928580554259,-0.000353474074296566
12.86604,45.99147,-0.0017415295001868,45.9929416702329,-0.000269859267272701
12.87737,45.99497,0.0017584704998157,45.9930223570868,-0.000189172413366392
12.88869,45.99256,-0.000651529500188985,45.9930936810978,-0.000117848402395321
12.90004,45.99132,-0.00189152950018467,45.9931484557434,-6.30737567722148e-05
12.91136,45.99431,0.00109847049981227,45.9931797832749,-3.17462253084709e-05
12.92269,45.9951,0.00188847049981433,45.9931822123967,-2.93171034467895e-05
12.93402,45.99283,-0.000381529500188549,45.9931527628233,-5.87666768710259e-05
12.94532,45.99327,5.84704998161101e-05,45.9930915643324,-0.000119965167776968
12.95665,45.9942,0.000988470499812877,45.9930019421782,-0.000209587322011061
12.96798,45.99147,-0.0017415295001868,45.9928899331637,-0.000321596336441744
12.97928,45.9931,-0.000111529500188112,45.9927633633028,-0.000448166197400539
12.99063,45.99146,-0.00175152950018997,45.9926307102512,-0.000580819248954229
13.00196,45.99337,0.000158470499812324,45.9924999985724,-0.000711530927800776
13.01328,45.99025,-0.00296152950018325,45.992377935277,-0.000833594223190493
13.02462,45.99276,-0.000451529500189451,45.99226940647,-0.000942123030185713
13.03599,45.99435,0.00113847049981075,45.9921773486973,-0.00103418080292647
13.04733,45.9903,-0.00291152950018869,45.9921029042111,-0.00110862528912531
13.05868,45.99366,0.000448470499812004,45.9920457077383,-0.00116582176192658
13.07,45.99133,-0.00188152950018861,45.9920041676062,-0.00120736189396237
13.08133,45.99329,7.84704998153529e-05,45.9919756763255,-0.00123585317465686
13.09265,45.99018,-0.00303152950018415,45.9919567660654,-0.00125476343477467
13.10394,45.99098,-0.00223152950018601,45.9919432886085,-0.0012682408917041
13.11527,45.99324,2.84704998136931e-05,45.9919307301152,-0.00128079938497048
13.1266,45.99081,-0.00240152950018313,45.9919147382597,-0.00129679124053766
13.13791,45.9915,-0.00171152950018438,45.9918918460939,-0.00131968340629736
13.14924,45.99367,0.000458470499815178,45.9918602752535,-0.00135125424672526
13.16058,45.99032,-0.00289152950018945,45.9918206331021,-0.00139089639811993
13.17192,45.99465,0.0014384704998136,45.9917762917994,-0.00143523770080052
13.18324,45.99104,-0.00217152950018829,45.9917332586504,-0.00147827084975628
13.19456,45.99281,-0.000401529500187792,45.9916994296222,-0.00151209987799037
13.20588,45.9902,-0.00301152950018491,45.9916832567778,-0.00152827272238772
13.21721,45.9941,0.000888470499816663,45.9916920207813,-0.00151950871883958
13.22854,45.99006,-0.00315152950018671,45.9917300341129,-0.0014814953872601
13.23984,45.98891,-0.00430152950018936,45.9917971853423,-0.001414344157936
13.25117,45.98873,-0.00448152950018965,45.9918882592163,-0.00132327028384158
13.26249,45.99285,-0.000361529500189306,45.9919933743301,-0.0012181551700381
13.27386,45.99407,0.000858470499814246,45.9920995988582,-0.00111193064200662
13.28519,45.99488,0.00166847049981556,45.9921933956499,-0.00101813385029896
13.29652,45.99245,-0.000761529500188374,45.9922632335691,-0.000948295931058879
13.30787,45.99229,-0.000921529500189422,45.9923016782413,-0.000909851258896143
13.3192,45.99219,-0.00102152950018564,45.9923065254129,-0.000905004087288676
13.33052,45.99306,-0.000151529500186598,45.9922808735055,-0.000930655994651415
13.34185,45.99127,-0.00194152950018633,45.9922322771368,-0.000979252363363581
13.3532,45.99178,-0.00143152950018788,45.9921712424864,-0.00104028701381438
13.36455,45.99364,0.000428470499812761,45.9921093637067,-0.00110216579346384
13.37589,45.99088,-0.00233152950018933,45.992057397489,-0.00115413201119649
13.38725,45.99059,-0.00262152950018901,45.9920235544802,-0.0011879750200331
13.39859,45.99223,-0.00098152950018715,45.9920122655317,-0.00119926396847364
13.40994,45.99015,-0.00306152950018657,45.992023634955,-0.00118789454520831
13.42126,45.99285,-0.000361529500189306,45.9920536801384,-0.00115784936183335
13.4326,45.99413,0.000918470499811974,45.9920952822234,-0.00111624727678923
13.4439,45.991,-0.00221152950018677,45.9921396041697,-0.00107192533049876
13.45523,45.99421,0.000998470499816051,45.9921776530803,-0.00103387641991549
13.46656,45.99088,-0.00233152950018933,45.9922017088547,-0.00100982064546609
13.47791,45.99006,-0.00315152950018671,45.9922064675216,-0.00100506197854283
13.48924,45.99335,0.000138470499813081,45.9921898599163,-0.00102166958389547
13.5006,45.99326,4.84704998129359e-05,45.9921535241068,-0.00105800539342395
13.51196,45.99422,0.00100847049981212,45.992102832942,-0.00110869655820179
13.52329,45.99266,-0.000551529500185666,45.992046311308,-0.00116521819214557
13.53462,45.99118,-0.00203152950018648,45.9919943483156,-0.00121718118462666
13.54596,45.99079,-0.00242152950018948,45.99195733083,-0.00125419867020299
13.55732,45.99095,-0.00226152950018843,45.9919435717489,-0.00126795775132354
13.5687,45.99099,-0.00222152950018994,45.9919575296382,-0.00125399986194671
13.58006,45.99133,-0.00188152950018861,45.9919987561286,-0.00121277337155674
13.59136,45.99213,-0.00108152950018336,45.9920618101048,-0.00114971939536218
13.60268,45.99189,-0.00132152950018849,45.9921371330144,-0.00107439648574046
13.61404,45.99374,0.000528470499816081,45.9922126627017,-0.000998866798494101
13.62539,45.99211,-0.00110152950018971,45.992275820694,-0.00093570880618627
13.63674,45.99408,0.000868470499810314,45.9923154645613,-0.000896064938885827
13.64808,45.99166,-0.00155152950018334,45.9923234554875,-0.000888074012716456
13.65944,45.99296,-0.000251529500189918,45.9922956272373,-0.000915902262929521
13.67078,45.99097,-0.00224152950018919,45.9922321083633,-0.000979421136911086
13.68214,45.99107,-0.00214152950018587,45.9921370868886,-0.00107444261160631
13.69346,45.99348,0.000268470499811713,45.9920181664154,-0.00119336308478331
13.70477,45.99358,0.000368470499815032,45.9918854316999,-0.00132609780029669
13.71612,45.99088,-0.00233152950018933,45.9917502738901,-0.00146125561009152
13.72746,45.99143,-0.00178152950018529,45.9916240166818,-0.00158751281835807
13.73879,45.99095,-0.00226152950018843,45.9915164726371,-0.00169505686304088
13.75012,45.99049,-0.00272152950018523,45.9914346701696,-0.00177685933054898
13.76144,45.9916,-0.00161152950018817,45.99138202572,-0.0018295037801369
13.77276,45.99017,-0.00304152950018732,45.9913581678576,-0.00185336164261157
13.7841,45.98895,-0.00426152950018377,45.991359490095,-0.00185203940514528
13.79543,45.99474,0.00152847049981375,45.9913803497285,-0.00183117977168951
13.80676,45.99195,-0.00126152950018366,45.9914146519157,-0.00179687758443715
13.8181,45.99233,-0.000881529500183831,45.9914574071472,-0.00175412235302196
13.82942,45.99242,-0.000791529500183685,45.9915058215537,-0.0017057079464998
13.84077,45.99205,-0.00116152950018744,45.9915596219479,-0.00165190755229867
13.85211,45.99087,-0.0023415295001854,45.9916205657014,-0.00159096379876908
13.86345,45.99001,-0.00320152950018837,45.9916913287392,-0.00152020076095092
13.8748,45.99332,0.000108470499810664,45.9917741258639,-0.00143740363633123
13.88614,45.99018,-0.00303152950018415,45.9918694605411,-0.0013420689590781
13.89746,45.99088,-0.00233152950018933,45.991975338326,-0.00123619117415082
13.9088,45.99041,-0.0028015295001893,45.9920871586768,-0.00112437082342539
13.92014,45.99336,0.000148470499816256,45.9921983468604,-0.0010131826397564
13.93147,45.9933,8.84704998114216e-05,45.9923015878889,-0.000909941611249101
13.94281,45.99508,0.00186847049981509,45.9923903130119,-0.00082121648830256
13.95415,45.99172,-0.00149152950018561,45.992459977984,-0.00075155151616011
13.96548,45.99374,0.000528470499816081,45.9925087504473,-0.00070277905285105
13.97682,45.9919,-0.00131152950018532,45.9925374611791,-0.000674068321132343
13.98814,45.99174,-0.00147152950018636,45.9925489471876,-0.00066258231259473
13.9995,45.98948,-0.00373152950018607,45.9925471074628,-0.000664422037335348
14.01084,45.99398,0.0007684704998141,45.9925360445341,-0.000675484966111315
14.02218,45.99222,-0.000991529500183219,45.9925195621928,-0.000691967307367756
14.03349,45.99258,-0.000631529500189743,45.9925010763489,-0.00071045315127858
14.04481,45.99422,0.00100847049981212,45.9924837835049,-0.000727745995282655
14.05612,45.99358,0.000368470499815032,45.992470825292,-0.000740704208163575
14.06745,45.99376,0.000548470499815323,45.9924652205024,-0.000746308997781834
14.07877,45.98903,-0.0041815295001868,45.9924694884182,-0.000742041081962155
14.09009,45.99136,-0.00185152950018619,45.9924851017831,-0.000726427717088691
14.10141,45.99221,-0.00100152950018639,45.9925120644981,-0.000699465002103877
14.11274,45.99209,-0.00112152950018896,45.9925488814045,-0.000662648095700052
14.12408,45.99484,0.00162847049981707,45.9925929725979,-0.000618556902302955
14.13542,45.99437,0.0011584704998171,45.9926413276687,-0.000570201831474193
14.14674,45.99314,-7.15295001896266e-05,45.9926910665118,-0.000520462988404995
14.15809,45.99009,-0.00312152950018429,45.9927396483221,-0.00047188117805904
14.16944,45.99411,0.000898470499812731,45.9927846897856,-0.000426839714596701
14.18077,45.99142,-0.00179152950018846,45.9928235623421,-0.000387967158130962
14.1921,45.99462,0.00140847049981119,45.9928530112097,-0.000358518290478997
14.20345,45.99074,-0.00247152950018403,45.9928689868159,-0.000342542684243971
14.21478,45.99179,-0.0014215295001847,45.992866797974,-0.000344731526156857
14.22611,45.99437,0.0011584704998171,45.9928416296828,-0.000369899817433545
14.23745,45.99235,-0.000861529500184588,45.9927893849923,-0.000422144507912454
14.24879,45.99323,1.8470499810519e-05,45.9927076986857,-0.000503830814530464
14.26013,45.99298,-0.000231529500183569,45.9925968859482,-0.000614643551978724
14.27147,45.9934,0.000188470499814741,45.9924605824344,-0.000750947065736795
14.2828,45.99128,-0.00193152950018316,45.9923058933812,-0.000905636118956161
14.29413,45.99376,0.000548470499815323,45.9921429627546,-0.00106856674561104
14.3055,45.99236,-0.000851529500188519,45.9919839743561,-0.0012275551441336
14.31683,45.99128,-0.00193152950018316,45.9918416955784,-0.00136983392180418
14.32816,45.99088,-0.00233152950018933,45.9917277742258,-0.00148375527442633
14.33948,45.99118,-0.00203152950018648,45.9916510905487,-0.00156043895147117
14.35082,45.99137,-0.00184152950018301,45.9916165070163,-0.00159502248391296
14.36217,45.98859,-0.00462152950018435,45.9916243080219,-0.00158722147832132
14.3735,45.99195,-0.00126152950018366,45.9916704840379,-0.00154104546229335
14.38482,45.99374,0.000528470499816081,45.9917478108052,-0.00146371869498835
14.39614,45.99436,0.00114847049981393,45.9918474383849,-0.00136409111532655
14.40746,45.99287,-0.000341529500182958,45.9919605358132,-0.00125099368698528
14.41879,45.98944,-0.00377152950018456,45.9920795641429,-0.00113196535725901
14.43011,45.99037,-0.00284152950018779,45.9921989817973,-0.00101254770290893
14.44144,45.99381,0.000598470499816983,45.9923154432874,-0.000896086212746762
14.45278,45.99513,0.00191847049981675,45.9924276345117,-0.000783894988482325
14.46411,45.99237,-0.000841529500185345,45.9925357931805,-0.000675736319722082
14.47544,45.99215,-0.00106152950018412,45.9926408853876,-0.000570644112610591
14.4868,45.99025,-0.00296152950018325,45.9927434952047,-0.00046803429544847
14.49815,45.99588,0.00266847049981322,45.9928426611591,-0.000368868341132096
14.50949,45.99009,-0.00312152950018429,45.9929349903818,-0.000276539118399478
14.52082,45.99316,-5.15295001832783e-05,45.9930143427987,-0.000197186701536549
14.53214,45.98892,-0.00429152950018619,45.9930722723996,-0.000139257100576611
14.54346,45.99568,0.00246847049981369,45.993099275349,-0.000112254151235285
14.5548,45.9945,0.00128847049981573,45.993086687561,-0.000124841939174303
14.56611,45.99434,0.00112847049981468,45.9930288199462,-0.000182709553984461
14.57746,45.99568,0.00246847049981369,45.9929247628038,-0.000286766696371035
14.58877,45.99094,-0.0022715295001845,45.9927793659486,-0.00043216355160838
14.60008,45.98983,-0.00338152950018866,45.9926031845395,-0.000608344960666331
14.61139,45.99455,0.00133847049981028,45.9924115015123,-0.000800027987873356
14.62271,45.99191,-0.00130152950018925,45.9922227112101,-0.000988818290049749
14.63407,45.9926,-0.000611529500183394,45.9920563255316,-0.00115520396854582
14.64539,45.99387,0.000658470499814712,45.9919307644224,-0.00128076507778202
14.65674,45.9901,-0.00311152950018823,45.991861068111,-0.00135046138914962
14.66808,45.99024,-0.00297152950018642,45.9918567531968,-0.00135477630341036
14.67942,45.99241,-0.000801529500186859,45.9919201478335,-0.00129138166671269
14.69076,45.99029,-0.00292152950018476,45.9920455741804,-0.00116595531978842
14.70212,45.99056,-0.00265152950018432,45.992219645094,-0.000991884406173023
14.71344,45.99407,0.000858470499814246,45.9924227373162,-0.000788792183954135
14.72474,45.99254,-0.000671529500188228,45.992631461015,-0.000580068485184965
14.73606,45.99435,0.00113847049981075,45.9928217275704,-0.000389801929786999
14.7474,45.99293,-0.000281529500185229,45.992971893014,-0.000239636486212634
14.75874,45.99322,8.47049981445025e-06,45.993065468779,-0.000146060721221697
14.77007,45.99516,0.00194847049981206,45.9930930158351,-0.000118513665085134
14.7814,45.99243,-0.000781529500187617,45.9930530035825,-0.000158525917729256
14.79276,45.99358,0.000368470499815032,45.9929515834019,-0.000259946098301471
14.80408,45.98994,-0.00327152950018927,45.9928013940435,-0.000410135456642032
14.81542,45.99472,0.00150847049981451,45.9926196543552,-0.000591875144994816
14.82676,45.99337,0.000158470499812324,45.9924258541708,-0.000785675329360639
14.8381,45.99134,-0.00187152950018543,45.9922393250265,-0.000972204473711146
14.84944,45.99162,-0.00159152950018893,45.9920769400903,-0.00113458940989387
14.86076,45.98907,-0.00414152950018831,45.9919512174814,-0.0012603120187907
14.8721,45.99222,-0.000991529500183219,45.9918691254136,-0.00134240408660268
14.88343,45.99252,-0.000691529500187471,45.9918318039849,-0.00137972551530514
14.89472,45.99205,-0.00116152950018744,45.9918352126606,-0.00137631683960659
14.90604,45.9921,-0.00111152950018578,45.9918714912043,-0.00134003829588223
14.91738,45.99032,-0.00289152950018945,45.9919307001043,-0.00128082939587814
14.92873,45.99556,0.00234847049981113,45.9920025974377,-0.00120893206246807
14.94004,45.99224,-0.000971529500183976,45.9920781487963,-0.00113338070392362
14.95136,45.99118,-0.00203152950018648,45.9921505293075,-0.00106100019266773
14.96271,45.9934,0.000188470499814741,45.9922154963268,-0.000996033173360561
14.97404,45.9901,-0.00311152950018823,45.9922711832244,-0.000940346275747514
14.98537,45.99304,-0.000171529500185841,45.9923175067779,-0.000894022722336661
14.99671,45.99307,-0.000141529500183424,45.9923554246345,-0.000856104865727683
15.00808,45.99097,-0.00224152950018919,45.9923862386424,-0.00082529085778684
15.01941,45.99221,-0.00100152950018639,45.9924110751518,-0.000800454348391716
15.03076,45.99295,-0.000261529500185986,45.9924306227868,-0.000780906713424643
15.04212,45.99267,-0.000541529500189597,45.9924451617599,-0.000766367740237625
15.05346,45.98917,-0.00404152950018499,45.9924548604147,-0.000756669085444549
15.06479,45.99444,0.0012284704998109,45.9924602503685,-0.000751279131666287
15.07612,45.99574,0.00252847049981142,45.9924627166855,-0.000748812814687916
15.08744,45.99374,0.000528470499816081,45.9924647601158,-0.000746769384379167
15.09878,45.9907,-0.00251152950018962,45.9924697941693,-0.000741735330881412
15.11013,45.99084,-0.00237152950018782,45.9924814242412,-0.000730105258968126
15.12146,45.99181,-0.00140152950018546,45.9925024394535,-0.000709090046659055
15.1328,45.99264,-0.000571529500184909,45.9925339140866,-0.000677615413575409
15.14412,45.99183,-0.00138152950018622,45.9925747504265,-0.000636779073720949
15.15545,45.99368,0.000468470499811247,45.992621785753,-0.000589743747182418
15.16678,45.99162,-0.00159152950018893,45.9926703845985,-0.00054114490171406
15.1781,45.99406,0.000848470499811071,45.9927153175972,-0.000496211903009032
15.18942,45.99332,0.000108470499810664,45.9927516851738,-0.000459844326435568
15.20078,45.99374,0.000528470499816081,45.9927756580141,-0.000435871486044884
15.21212,45.99218,-0.00103152950018881,45.9927848756983,-0.000426653801855108
15.22346,45.99215,-0.00106152950018412,45.9927784680963,-0.000433061403846868
15.23481,45.99341,0.00019847049981081,45.9927568023019,-0.000454727198325121
15.2461,45.98996,-0.00325152950018293,45.9927211462369,-0.000490383263255888
15.25742,45.99267,-0.000541529500189597,45.992673438181,-0.00053809131917692
15.26874,45.99434,0.00112847049981468,45.9926162594152,-0.000595270085009801
15.2801,45.99186,-0.0013515295001838,45.992552954029,-0.000658575471161643
15.29143,45.99654,0.00332847049981666,45.9924876957318,-0.000723833768362085
15.30276,45.99143,-0.00178152950018529,45.9924252646251,-0.000786264875047988
15.31408,45.99041,-0.0028015295001893,45.992370420168,-0.000841109332216128
15.3254,45.99216,-0.00105152950018805,45.9923269863686,-0.000884543131599613
15.33674,45.99146,-0.00175152950018997,45.9922969597874,-0.000914569712803782
15.3481,45.99205,-0.00116152950018744,45.9922799840952,-0.00093154540498225
15.35944,45.99133,-0.00188152950018861,45.9922734046462,-0.000938124853940938
15.37076,45.99324,2.84704998136931e-05,45.9922729220057,-0.000938607494483684
15.3821,45.99244,-0.000771529500184442,45.9922736900829,-0.000937839417295076
15.39344,45.99357,0.000358470499811858,45.9922715867746,-0.000939942725591261
15.40478,45.9915,-0.00171152950018438,45.9922643442437,-0.000947185256463655
15.41612,45.99285,-0.000361529500189306,45.9922522716714,-0.000959257828744468
15.42742,45.99433,0.00111847049981151,45.9922384073055,-0.000973122194665563
15.43875,45.99206,-0.00115152950018427,45.992228057173,-0.000983472327192349
15.45007,45.98852,-0.00469152950018525,45.9922278067441,-0.000983722756066885
15.46143,45.99447,0.00125847049981331,45.9922442262718,-0.000967303228357838
15.47277,45.99076,-0.00245152950018479,45.9922825695313,-0.000928959968909877
15.48409,45.99292,-0.000291529500188403,45.9923457222481,-0.000865807252067907
15.49542,45.99306,-0.000151529500186598,45.9924335259399,-0.000778003560283775
15.50675,45.99385,0.000638470499815469,45.9925424910376,-0.000669038462561922
15.51808,45.98936,-0.00385152950018863,45.9926658823029,-0.000545647197328736
15.52942,45.99205,-0.00116152950018744,45.9927941945447,-0.000417334955523823
15.54074,45.99348,0.000268470499811713,45.9929160615661,-0.000295467934060921
15.5521,45.99461,0.00139847049981512,45.9930195677036,-0.000191961796586699
15.5634,45.99328,6.84704998121788e-05,45.9930937663369,-0.000117763163276236
15.57474,45.99529,0.00207847049981069,45.9931300834357,-8.14460645289154e-05
15.58606,45.99072,-0.00249152950018328,45.9931233121264,-8.82173738373267e-05
15.59738,45.99344,0.000228470499813227,45.993072067528,-0.000139461972165725
15.60871,45.99321,-1.52950018872389e-06,45.992978752434,-0.000232777066179636
15.62004,45.99192,-0.00129152950018607,45.992849179275,-0.000362350225202868
15.63138,45.99334,0.000128470499817013,45.9926919845046,-0.000519544995575509
15.6427,45.99311,-0.000101529500184938,45.9925179139474,-0.000693615552811088
15.65404,45.99328,6.84704998121788e-05,45.9923390124468,-0.000872517053363845
15.66538,45.98946,-0.00375152950018531,45.9921677498705,-0.00104377962967255
15.67673,45.9921,-0.00111152950018578,45.9920161574648,-0.00119537203541904
15.68806,45.99253,-0.000681529500184297,45.9918950837509,-0.00131644574929623
15.6994,45.99178,-0.00143152950018788,45.9918136415968,-0.00139788790335194
15.71072,45.9925,-0.000711529500186714,45.9917788160861,-0.00143271341412767
15.72206,45.99295,-0.000261529500185986,45.9917951233613,-0.00141640613891234
15.7334,45.99062,-0.0025915295001866,45.9918642191096,-0.00134731039056966
15.74472,45.99236,-0.000851529500188519,45.9919844408015,-0.0012270886986591
15.75604,45.99187,-0.00134152950018773,45.9921503739827,-0.00106115551753181
15.76737,45.9926,-0.000611529500183394,45.9923526033737,-0.000858926126530829
15.77872,45.99078,-0.00243152950018555,45.9925778221339,-0.000633707366297653
15.79007,45.99318,-3.15295001840354e-05,45.9928094418508,-0.000402087649428053
15.80142,45.99272,-0.000491529500187937,45.9930287830218,-0.000182746478426624
15.81275,45.99175,-0.00146152950018319,45.9932168261764,5.29667624368688e-06
15.8241,45.99504,0.0018284704998166,45.993356376634,0.000144847133824508
15.83544,45.99117,-0.00204152950018965,45.9934343678553,0.000222838355103453
15.84676,45.99786,0.00464847049981643,45.9934439207302,0.000232391229982025
15.85811,45.99558,0.00236847049981037,45.9933857155135,0.000174186013267176
15.86948,45.9927,-0.00051152950018718,45.9932682792172,5.67497169795534e-05
15.88082,45.9922,-0.00101152950018957,45.9931070059389,-0.000104523561324543
15.89214,45.99163,-0.00158152950018575,45.9929220737198,-0.000289455780406993
15.90348,45.99189,-0.00132152950018849,45.9927357295699,-0.000475799930316002
15.91478,45.99171,-0.00150152950018878,45.9925695191961,-0.000642010304123432
15.9261,45.99418,0.000968470499813634,45.9924419262097,-0.000769603290444066
15.93744,45.99043,-0.00278152950018296,45.9923666722936,-0.000844857206594654
15.94877,45.99297,-0.000241529500186743,45.9923517395152,-0.000859789984976062
15.96014,45.99194,-0.00127152950018683,45.9923990620746,-0.000812467425613948
15.97147,45.99519,0.00197847049981448,45.9925047761204,-0.000706753379758957
15.98282,45.99022,-0.00299152950018566,45.9926598838897,-0.000551645610502896
15.99415,45.99407,0.000858470499814246,45.9928511960371,-0.000360333463128371
16.00549,45.99197,-0.00124152950018441,45.993062473029,-0.000149056471181016
16.0168,45.992,-0.0012115295001891,45.993275744876,6.42153757828392e-05
16.02813,45.99535,0.00213847049981553,45.9934727874594,0.000261257959173824
16.03947,45.99347,0.000258470499815644,45.9936366666065,0.000425137106326537
16.0508,45.99537,0.00215847049981477,45.9937531798525,0.000541650352322237
16.06215,45.99266,-0.000551529500185666,45.9938120028716,0.000600473371367575
16.0735,45.99272,-0.000491529500187937,45.9938074158529,0.000595886352749433
16.08482,45.99554,0.00232847049981189,45.9937385964393,0.000527066939081654
16.09616,45.99455,0.00133847049981028,45.9936095376228,0.000398008122615098
16.10749,45.98982,-0.00339152950018473,45.9934286626237,0.000217133123529736
16.11882,45.99394,0.000728470499815614,45.99320821344,-3.3160601473073e-06
16.13015,45.99413,0.000918470499811974,45.9929634945356,-0.000248034964609237
16.14146,45.99316,-5.15295001832783e-05,45.992712005845,-0.000499523655169296
16.15278,45.99249,-0.000721529500189888,45.9924724092959,-0.000739120204298779
16.16409,45.99225,-0.000961529500187908,45.9922632366562,-0.000948292843945833
16.17543,45.99332,0.000108470499810664,45.9921013096503,-0.00111021984988503
16.18676,45.99296,-0.000251529500189918,45.9919999534937,-0.0012115760065126
16.1981,45.98944,-0.00377152950018456,45.9919671943246,-0.00124433517557258
16.20944,45.99243,-0.000781529500187617,45.9920042384044,-0.0012072910957603
16.22074,45.99052,-0.00269152950018992,45.9921046127468,-0.00110691675338443
16.23208,45.98946,-0.00375152950018531,45.9922543365296,-0.000957192970569161
16.24343,45.99097,-0.00224152950018919,45.9924333464001,-0.000778183100132385
16.25477,45.99546,0.00224847049981491,45.9926181237824,-0.000593405717825045
16.26614,45.99619,0.00297847049981215,45.9927851213393,-0.000426408160918628
16.27749,45.99228,-0.000931529500185491,45.9929142926532,-0.000297236847032326
16.28885,45.99347,0.000258470499815644,45.9929919716365,-0.000219557863674991
16.3002,45.99364,0.000428470499812761,45.9930125715782,-0.000198957921953241
16.31153,45.99265,-0.00056152950018884,45.992978919068,-0.000232610432210194
16.32288,45.99384,0.000628470499812295,45.9929013163765,-0.00031021312372415
16.33424,45.99058,-0.00263152950018508,45.9927955856126,-0.000415943887549108
16.34556,45.99458,0.0013684704998127,45.9926804302214,-0.000531099278790306
16.35688,45.99361,0.000398470499810344,45.9925744829067,-0.000637046593500099
16.36822,45.99126,-0.00195152950018951,45.9924934136808,-0.000718115819413235
16.37954,45.98968,-0.00353152950018654,45.9924474898205,-0.000764039679639172
16.39087,45.98922,-0.00399152950018333,45.9924400137789,-0.000771515721262153
16.4022,45.99294,-0.00027152950018916,45.9924670126717,-0.000744516828502814
16.4135,45.99543,0.0022184704998125,45.9925183004832,-0.000693229017022012
16.42483,45.99409,0.000878470499813488,45.9925796362361,-0.000631893264059525
16.43616,45.99323,1.8470499810519e-05,45.9926353901041,-0.000576139396122933
16.44747,45.99068,-0.00253152950018887,45.9926711015853,-0.000540427914846117
16.45879,45.99353,0.000318470499813372,45.9926755362382,-0.000535993262008818
16.47012,45.99188,-0.00133152950018456,45.9926421073224,-0.000569422177784866
16.48142,45.9936,0.000388470499814275,45.9925696554312,-0.00064187406900611
16.49278,45.99297,-0.000241529500186743,45.9924625739785,-0.000748955521646755
16.50412,45.99345,0.000238470499816401,45.9923302369631,-0.000881292537046973
16.51542,45.99187,-0.00134152950018773,45.9921857134482,-0.00102581605201123
16.52674,45.99311,-0.000101529500184938,45.9920438587793,-0.00116767072089842
16.53807,45.99038,-0.00283152950018462,45.9919190233321,-0.0012925061681125
16.5494,45.99076,-0.00245152950018479,45.9918227611694,-0.00138876833078675
16.56074,45.99024,-0.00297152950018642,45.9917619964741,-0.00144953302606118
16.57206,45.99029,-0.00292152950018476,45.9917380659817,-0.00147346351844462
16.58339,45.9914,-0.0018115295001877,45.9917468786959,-0.00146465080428774
16.5947,45.99332,0.000108470499810664,45.9917801501835,-0.00143137931664632
16.60603,45.99537,0.00215847049981477,45.9918273664253,-0.00138416307492888
16.61735,45.99109,-0.00212152950018663,45.9918779389355,-0.0013335905647088
16.62868,45.98998,-0.00323152950018368,45.9919230338512,-0.00128849564899458
16.64003,45.99249,-0.000721529500189888,45.9919567723595,-0.00125475714065142
16.65137,45.99327,5.84704998161101e-05,45.9919767391985,-0.00123479030165243
16.6627,45.99348,0.000268470499811713,45.9919838456466,-0.00122768385363061
16.67402,45.99136,-0.00185152950018619,45.9919816026742,-0.00122992682597452
16.68538,45.99225,-0.000961529500187908,45.9919749102891,-0.00123661921105021
16.69672,45.98842,-0.00479152950018857,45.9919686096532,-0.00124291984696005
16.70808,45.99186,-0.0013515295001838,45.9919661762183,-0.00124535328184278
16.71939,45.99159,-0.00162152950018424,45.9919689251373,-0.00124260436291284
16.73076,45.99309,-0.000121529500184181,45.9919759178625,-0.00123561163768029
16.74208,45.99346,0.00024847049981247,45.9919844922151,-0.00122703728511823
16.75343,45.99187,-0.00134152950018773,45.9919911406542,-0.00122038884598108
16.76476,45.99257,-0.000641529500185811,45.9919924319549,-0.00121909754530779
16.77609,45.98927,-0.00394152950018878,45.99198578856,-0.00122574094020387
16.78746,45.99178,-0.00143152950018788,45.9919700832535,-0.00124144624668662
16.7988,45.99231,-0.000901529500183074,45.9919460816485,-0.0012654478516676
16.81013,45.99713,0.00391847049981209,45.9919166848898,-0.00129484461036353
16.82147,45.98835,-0.00486152950018948,45.9918868058562,-0.00132472364397423
16.83281,45.99529,0.00207847049981069,45.9918627042284,-0.0013488252717845
16.84415,45.98885,-0.00436152950018709,45.9918507818044,-0.0013607476957544
16.85552,45.99155,-0.00166152950018983,45.9918560941558,-0.0013554353443345
16.86685,45.99046,-0.00275152950018764,45.9918810038738,-0.00133052562643525
16.8782,45.99102,-0.00219152950018753,45.9919244024693,-0.00128712703085086
16.88952,45.99136,-0.00185152950018619,45.9919817747133,-0.00122975478684537
16.90088,45.99289,-0.000321529500183715,45.9920461319546,-0.00116539754556973
16.9122,45.99295,-0.000261529500185986,45.9921095810026,-0.00110194849755328
16.92352,45.99382,0.000608470499813052,45.9921651035516,-0.00104642594858154
16.93486,45.99223,-0.00098152950018715,45.9922080604584,-0.00100346904176159
16.94616,45.99319,-2.15295001879667e-05,45.9922370248091,-0.0009745046910767
16.95751,45.99343,0.000218470499810053,45.9922537472734,-0.00095778222680089
16.96886,45.9912,-0.00201152950018724,45.9922622949554,-0.000949234544749023
16.98017,45.99045,-0.00276152950018371,45.992267623963,-0.000943905537155737
16.99151,45.9913,-0.00191152950018392,45.9922740020243,-0.000937527475878129
17.00285,45.99256,-0.000651529500188985,45.9922837330974,-0.0009277964027659
17.01418,45.99109,-0.00212152950018663,45.9922965175304,-0.000915011969814679
17.02551,45.99395,0.000738470499811683,45.9923095611032,-0.000901968396981032
17.03684,45.99187,-0.00134152950018773,45.9923183326093,-0.000893196890855945
17.04822,45.99136,-0.00185152950018619,45.9923177385704,-0.000893790929782767
17.05955,45.99337,0.000158470499812324,45.9923034407822,-0.000908088717999494
17.0709,45.99426,0.00104847049981061,45.9922730467587,-0.000938482741442592
17.08224,45.99145,-0.00176152950018604,45.9922269242748,-0.000984605225415592
17.09356,45.99316,-5.15295001832783e-05,45.9921684509807,-0.001043078519446
17.10488,45.99113,-0.00208152950018814,45.9921036381314,-0.00110789136875192
17.1162,45.99126,-0.00195152950018951,45.9920402271758,-0.00117130232439735
17.12755,45.99258,-0.000631529500189743,45.9919864689166,-0.00122506058357593
17.13888,45.99248,-0.000731529500185957,45.9919498146944,-0.00126171480583794
17.1502,45.9916,-0.00161152950018817,45.9919357045708,-0.00127582492937366
17.16158,45.99181,-0.00140152950018546,45.9919465932775,-0.00126493622271902
17.17292,45.99001,-0.00320152950018837,45.9919813491858,-0.00123018031435996
17.18425,45.99304,-0.000171529500185841,45.992035166288,-0.00117636321215268
17.19558,45.99066,-0.00255152950018811,45.9921000846248,-0.00111144487537684
17.20692,45.99224,-0.000971529500183976,45.9921661014455,-0.00104542805467265
17.21826,45.994,0.000788470499813343,45.9922227108508,-0.000988818649400964
17.2296,45.9917,-0.00151152950018485,45.9922605880773,-0.000950941422877262
17.24092,45.99472,0.00150847049981451,45.992273080562,-0.00093844893820038
17.25224,45.99045,-0.00276152950018371,45.9922572099555,-0.000954319544726246
17.26355,45.9935,0.000288470499810956,45.9922140188319,-0.000997510668255466
17.27487,45.99144,-0.00177152950018922,45.9921482578597,-0.00106327164046084
17.28622,45.99186,-0.0013515295001838,45.9920675382197,-0.00114399128047314
17.29758,45.99201,-0.00120152950018593,45.9919811394493,-0.00123039005087352
17.30891,45.99267,-0.000541529500189597,45.9918986740127,-0.00131285548744588
17.32026,45.99115,-0.0020615295001889,45.9918287940384,-0.00138273546177196
17.33158,45.99053,-0.00268152950018674,45.9917781106966,-0.00143341880356375
17.34291,45.99058,-0.00263152950018508,45.9917504880116,-0.00146104148863155
17.35425,45.99356,0.000348470499815789,45.9917468344455,-0.00146469505468111
17.36559,45.99123,-0.00198152950018482,45.9917654119472,-0.00144611755298973
17.37694,45.99158,-0.00163152950018741,45.9918025473173,-0.00140898218291726
17.38827,45.9927,-0.00051152950018718,45.9918535441457,-0.00135798535443845
17.39959,45.99244,-0.000771529500184442,45.9919135857429,-0.00129794375728528
17.41093,45.99198,-0.00123152950018834,45.9919784590147,-0.00123307048547587
17.42227,45.99042,-0.00279152950018613,45.9920449896419,-0.00116653985832132
17.43362,45.99452,0.00130847049981497,45.992111149126,-0.00110038037420575
17.44494,45.99309,-0.000121529500184181,45.9921758494109,-0.0010356800892497
17.45627,45.9903,-0.00291152950018869,45.992238476726,-0.000973052774153184
17.46761,45.99139,-0.00182152950018377,45.9922982729551,-0.000913256545078421
17.47895,45.99244,-0.000771529500184442,45.9923537522374,-0.00085777726280541
17.4903,45.99257,-0.000641529500185811,45.9924023632958,-0.000809166204406189
17.50164,45.9931,-0.000111529500188112,45.9924405241563,-0.000771005343925471
17.51298,45.99042,-0.00279152950018613,45.9924640286529,-0.000747500847295577
17.52434,45.99334,0.000128470499817013,45.9924687397224,-0.000742789777794843
17.53566,45.99129,-0.00192152950018709,45.9924514428993,-0.000760086600920896
17.54698,45.99594,0.00272847049981095,45.9924106818392,-0.000800847660953962
17.55834,45.99405,0.000838470499815003,45.9923473369132,-0.000864192586950292
17.56964,45.99031,-0.00290152950018552,45.9922647209133,-0.000946808586885745
17.58094,45.99173,-0.00148152950018954,45.9921681247458,-0.00104340475441468
17.59228,45.98936,-0.00385152950018863,45.9920639926889,-0.00114753681128253
17.60364,45.99168,-0.00153152950018409,45.9919590663387,-0.00125246316153074
17.61498,45.99432,0.00110847049981544,45.9918597803685,-0.00135174913169241
17.62631,45.99213,-0.00108152950018336,45.9917719690352,-0.00143956046494904
17.63765,45.99162,-0.00159152950018893,45.9917007282829,-0.00151080121731506
17.649,45.99179,-0.0014215295001847,45.9916502236462,-0.00156130585398233
17.66034,45.99191,-0.00130152950018925,45.9916233378356,-0.00158819166455168
17.67168,45.9903,-0.00291152950018869,45.9916211979791,-0.00159033152107796
17.68302,45.99284,-0.000371529500185375,45.991642715459,-0.00156881404121716
17.69434,45.99144,-0.00177152950018922,45.9916842965789,-0.00152723292130882
17.70567,45.99017,-0.00304152950018732,45.9917398680175,-0.00147166148264682
17.717,45.99112,-0.00209152950018421,45.9918013327118,-0.00141019678837041
17.72832,45.99098,-0.00223152950018601,45.9918595224103,-0.00135200708989784
17.73968,45.99238,-0.000831529500189276,45.9919056055636,-0.00130592393661188
17.751,45.99371,0.000498470499813664,45.9919327365773,-0.00127879292286869
17.76234,45.99355,0.000338470499812615,45.9919375633315,-0.00127396616865458
17.77367,45.99315,-6.15295001864524e-05,45.9919211507191,-0.0012903787810423
17.785,45.99119,-0.00202152950018331,45.9918889939865,-0.00132253551364942
17.79636,45.99248,-0.000731529500185957,45.9918500576449,-0.00136147185526459
17.80772,45.9905,-0.00271152950018916,45.991815072623,-0.00139645687718414
17.81904,45.98901,-0.00420152950018604,45.9917945371298,-0.0014169923703817
17.83036,45.99126,-0.00195152950018951,45.9917969273722,-0.00141460212799057
17.84165,45.99313,-8.15295001856953e-05,45.9918275140644,-0.00138401543582838
17.85297,45.99226,-0.000951529500184733,45.9918879340078,-0.00132359549243076
17.86431,45.99242,-0.000791529500183685,45.9919763970261,-0.00123513247408411
17.87565,45.99429,0.00107847049981302,45.9920882585249,-0.00112327097531496
17.88701,45.98994,-0.00327152950018927,45.9922167118808,-0.000994817619366889
17.89836,45.99108,-0.0021315295001898,45.9923534944373,-0.000858035062866305
17.9097,45.99224,-0.000971529500183976,45.9924896437696,-0.00072188573061147
17.92104,45.99371,0.000498470499813664,45.9926163794659,-0.000595150034328094
17.93239,45.99261,-0.000601529500187326,45.9927260880901,-0.000485441410075795
17.94371,45.99316,-5.15295001832783e-05,45.992813241038,-0.000398288462199357
17.95502,45.99494,0.00172847049981328,45.9928749964806,-0.000336533019628931
17.96633,45.99518,0.0019684704998113,45.9929112726443,-0.000300256855919822
17.97766,45.98882,-0.00439152950018951,45.9929242165988,-0.000287312901398622
17.98901,45.992,-0.0012115295001891,45.9929172015252,-0.00029432797500801
18.00035,45.99312,-9.15295001888694e-05,45.9928936763755,-0.000317853124665313
18.01166,45.99332,0.000108470499810664,45.9928562258965,-0.000355303603672275
18.023,45.99427,0.00105847049981378,45.9928060459855,-0.00040548351470319
18.03432,45.9904,-0.00281152950018537,45.9927428436048,-0.000468685895381575
18.04566,45.99367,0.000458470499815178,45.9926650817167,-0.000546447783463167
18.05701,45.99178,-0.00143152950018788,45.9925705034232,-0.000641026076985981
18.06835,45.99203,-0.00118152950018668,45.9924568843234,-0.000754645176795687
18.07967,45.99421,0.000998470499816051,45.9923229231708,-0.000888606329424192
18.09098,45.99219,-0.00102152950018564,45.9921691184139,-0.00104241108631541
18.10232,45.99119,-0.00202152950018331,45.991998451693,-0.00121307780723656
18.11365,45.99211,-0.00110152950018971,45.991816739687,-0.00139478981316288
18.12497,45.99228,-0.000931529500185491,45.991632596009,-0.00157893349121461
18.13632,45.99081,-0.00240152950018313,45.9914570076784,-0.00175452182178415
18.14766,45.99152,-0.00169152950018514,45.9913025556895,-0.00190897381070844
18.15898,45.99232,-0.000891529500187005,45.9911823218206,-0.00202920767961037
18.17032,45.99189,-0.00132152950018849,45.991108546733,-0.00210298276716382
18.18162,45.9894,-0.00381152950018304,45.991091149688,-0.00212037981215005
18.19296,45.98958,-0.00363152950018986,45.9911362959991,-0.00207523350104358
18.20432,45.99172,-0.00149152950018561,45.9912452680384,-0.00196626146178623
18.21564,45.99149,-0.00172152950018756,45.9914138797959,-0.00179764970432486
18.22696,45.99149,-0.00172152950018756,45.9916325488967,-0.00157898060349848
18.23828,45.99297,-0.000241529500186743,45.9918869824108,-0.0013245470893369
18.24962,45.99196,-0.00125152950018759,45.9921593394803,-0.00105219001991407
18.26096,45.99017,-0.00304152950018732,45.9924297272972,-0.000781802203006657
18.2723,45.99445,0.00123847049981407,45.9926779222507,-0.000533607249480172
18.28364,45.99117,-0.00204152950018965,45.9928852192667,-0.000326310233508871
18.29497,45.99386,0.000648470499811538,45.9930362619155,-0.000175267584718577
18.30634,45.99497,0.0017584704998157,45.9931206177185,-9.09117817035603e-05
18.31769,45.99606,0.00284847049981352,45.9931338030029,-7.77264973274186e-05
18.32904,45.99049,-0.00272152950018523,45.9930774990458,-0.00013403045442692
18.34039,45.99321,-1.52950018872389e-06,45.9929588743955,-0.000252655104658646
18.35174,45.99308,-0.000131529500187355,45.9927891838039,-0.000422345696300517
18.36307,45.99021,-0.00300152950018884,45.9925820132113,-0.000629516288927947
18.37442,45.993,-0.000211529500184326,45.9923515876534,-0.000859941846743083
18.38573,45.99064,-0.00257152950018735,45.9921114754714,-0.00110005402873983
18.39705,45.9912,-0.00201152950018724,45.9918738689028,-0.00133766059736305
18.40839,45.994,0.000788470499813343,45.9916494365598,-0.00156209294040243
18.41974,45.99134,-0.00187152950018543,45.9914475652735,-0.00176396422666416
18.43108,45.99275,-0.00046152950018552,45.9912766971833,-0.00193483231693095
18.44242,45.98979,-0.00342152950018715,45.9911444777547,-0.00206705174547255
18.45378,45.99107,-0.00214152950018587,45.9910575540498,-0.00215397545039344
18.46512,45.99228,-0.000931529500185491,45.9910210160421,-0.00219051345812081
18.47644,45.99222,-0.000991529500183219,45.9910375743867,-0.00217395511352362
18.48778,45.99017,-0.00304152950018732,45.9911066198669,-0.00210490963325306
18.49914,45.98852,-0.00469152950018525,45.9912233767823,-0.00198815271793525
18.51049,45.98957,-0.00364152950018592,45.9913784492612,-0.0018330802389382
18.5218,45.99397,0.000758470499810926,45.9915580639317,-0.00165346556851231
18.53315,45.99243,-0.000781529500187617,45.9917451508529,-0.001466378647292
18.54446,45.98936,-0.00385152950018863,45.9919211533194,-0.00129037618081671
18.55578,45.99166,-0.00155152950018334,45.992068281652,-0.00114324784814207
18.5671,45.99355,0.000338470499812615,45.9921718716397,-0.00103965786046966
18.57845,45.99591,0.00269847049981564,45.9922224750483,-0.000989054451935321
18.5898,45.9929,-0.000311529500187646,45.9922172606754,-0.000994268824761627
18.60114,45.99129,-0.00192152950018709,45.9921603588669,-0.00105117063324647
18.61249,45.9903,-0.00291152950018869,45.9920620308145,-0.00114949868570091
18.62385,45.99277,-0.000441529500186277,45.9919368778269,-0.00127465167325547
18.63519,45.99146,-0.00175152950018997,45.9918015197864,-0.00141000971380454
18.64653,45.99168,-0.00153152950018409,45.9916721863621,-0.00153934313807183
18.65789,45.99161,-0.00160152950018499,45.9915625715336,-0.00164895796658238
18.66922,45.9894,-0.00381152950018304,45.9914822184861,-0.00172931101406487
18.68058,45.9905,-0.00271152950018916,45.9914356485781,-0.00177588092205921
18.69194,45.99125,-0.00196152950018558,45.9914223675112,-0.00178916198901026
18.70324,45.99342,0.000208470499813984,45.9914377250147,-0.00177380448545221
18.71457,45.99095,-0.00226152950018843,45.9914743997965,-0.00173712970368172
18.72591,45.99289,-0.000321529500183715,45.991524130249,-0.00168739925117968
18.73723,45.99272,-0.000491529500187937,45.9915792960775,-0.001632233422659
18.74856,45.99036,-0.00285152950018386,45.9916340689182,-0.00157746058199516
18.75988,45.9911,-0.00211152950018345,45.9916850226743,-0.00152650682587353
18.77123,45.99354,0.000328470499816547,45.9917312529438,-0.00148027655636477
18.7826,45.98987,-0.00334152950018307,45.9917741449658,-0.00143738453436923
18.79395,45.99086,-0.00235152950018858,45.9918169431244,-0.00139458637580133
18.80528,45.9925,-0.000711529500186714,45.9918642432645,-0.00134728623572807
18.8166,45.993,-0.000211529500184326,45.9919214648646,-0.0012900646355861
18.82791,45.99226,-0.000951529500184733,45.9919942677019,-0.00121726179826763
18.83925,45.99313,-8.15295001856953e-05,45.9920878119389,-0.00112371756131437
18.85058,45.99247,-0.000741529500189131,45.9922057911616,-0.00100573833859085
18.8619,45.9928,-0.00041152950018386,45.992349296671,-0.000862232829236493
18.87323,45.98846,-0.00475152950018298,45.9925157385015,-0.00069579099865439
18.88456,45.99173,-0.00148152950018954,45.9926981759425,-0.000513353557656532
18.89589,45.99349,0.000278470499814887,45.9928854082517,-0.000326121248468218
18.90726,45.9927,-0.00051152950018718,45.9930629888339,-0.000148540666241749
18.91861,45.99555,0.00233847049981506,45.9932150187463,3.4892461419321e-06
18.92995,45.99456,0.00134847049981346,45.9933263173059,0.000114787805728287
18.94129,45.99226,-0.000951529500184733,45.9933844932872,0.00017296378699031
18.95264,45.99266,-0.000551529500185666,45.9933815551832,0.000170025683012112
18.96399,45.99438,0.00116847049981317,45.9933148975099,0.000103368009678832
18.97532,45.99251,-0.00070152950018354,45.9931876486096,-2.38808905933522e-05
18.98664,45.99526,0.00204847049981538,45.9930084089145,-0.000203120585688462
18.998,45.99183,-0.00138152950018622,45.9927904054546,-0.000421124045552811
19.00933,45.99182,-0.00139152950018939,45.9925501229729,-0.000661406527248462
19.02066,45.99291,-0.000301529500184472,45.9923055577108,-0.000905971789373862
19.03199,45.99125,-0.00196152950018558,45.9920743192399,-0.00113721026032374
19.0433,45.99292,-0.000291529500188403,45.9918718256346,-0.00133970386553664
19.05464,45.99049,-0.00272152950018523,45.9917098063021,-0.0015017231981267
19.066,45.9909,-0.00231152950018298,45.9915952879907,-0.00161624150945649
19.07735,45.99051,-0.00270152950018598,45.9915302046908,-0.00168132480938064
19.08869,45.99188,-0.00133152950018456,45.9915117083146,-0.00169982118556383
19.10003,45.99173,-0.00148152950018954,45.9915331364796,-0.00167839302057624
19.11135,45.99117,-0.00204152950018965,45.9915854410834,-0.00162608841680777
19.12268,45.99448,0.00126847049981649,45.9916587593814,-0.00155277011876692
19.13405,45.99221,-0.00100152950018639,45.9917437686202,-0.00146776087995527
19.14537,45.99103,-0.00218152950018435,45.9918325285253,-0.00137900097490316
19.1567,45.99334,0.000128470499817013,45.9919186797122,-0.00129284978798477
19.16804,45.99018,-0.00303152950018415,45.9919970796195,-0.00121444988064537
19.17936,45.99234,-0.000871529500187762,45.9920631345776,-0.00114839492260385
19.1907,45.9901,-0.00311152950018823,45.9921121685084,-0.00109936099182512
19.20202,45.99163,-0.00158152950018575,45.9921391459025,-0.00107238359769611
19.21336,45.99293,-0.000281529500185229,45.9921389487606,-0.00107258073955071
19.22471,45.99117,-0.00204152950018965,45.992107220805,-0.00110430869517843
19.23604,45.99123,-0.00198152950018482,45.9920415946508,-0.00116993484939356
19.24738,45.99597,0.00275847049981337,45.9919429662964,-0.0012685632037374
19.25873,45.99231,-0.000901529500183074,45.9918164028497,-0.00139512665047976
19.27005,45.99264,-0.000571529500184909,45.9916712922459,-0.0015402372542677
19.28137,45.99123,-0.00198152950018482,45.9915205119972,-0.00169101750295749
19.29271,45.99142,-0.00179152950018846,45.9913786882514,-0.00183284124875508
19.30406,45.98833,-0.00488152950018872,45.9912599168666,-0.0019516126336283
19.31537,45.99065,-0.00256152950018418,45.9911754954086,-0.00203603409162394
19.32672,45.99049,-0.00272152950018523,45.9911322090255,-0.00207932047472838
19.33806,45.99155,-0.00166152950018983,45.9911315358574,-0.00207999364280783
19.34942,45.99119,-0.00202152950018331,45.9911698672793,-0.00204166222088004
19.36076,45.99062,-0.0025915295001866,45.9912395908683,-0.00197193863189402
19.37209,45.99241,-0.000801529500186859,45.9913307346657,-0.00188079483443999
19.38343,45.99247,-0.000741529500189131,45.9914328150519,-0.00177871444833467
19.39478,45.99089,-0.00232152950018616,45.9915365337281,-0.00167499577212556
19.40612,45.99248,-0.000731529500185957,45.9916350229597,-0.00157650654051231
19.41748,45.99416,0.000948470499814391,45.991724440469,-0.00148708903118334
19.4288,45.99045,-0.00276152950018371,45.9918038489073,-0.00140768059287507
19.44014,45.98965,-0.00356152950018895,45.991874468875,-0.00133706062521288
19.45149,45.9927,-0.00051152950018718,45.9919385494655,-0.00127298003471443
19.46285,45.99334,0.000128470499817013,45.9919981862398,-0.00121334326034812
19.4742,45.99018,-0.00303152950018415,45.9920543801082,-0.00115714939196752
19.48552,45.99126,-0.00195152950018951,45.9921065288461,-0.00110500065411104
19.49687,45.99034,-0.0028715295001831,45.9921524610322,-0.00105906846793573
19.50824,45.99405,0.000838470499815003,45.9921890395477,-0.00102248995246483
19.51956,45.99205,-0.00116152950018744,45.9922132112863,-0.000998318213846116
19.53091,45.9939,0.000688470499810023,45.9922231914561,-0.000988338044107019
19.54224,45.99619,0.00297847049981215,45.9922193631972,-0.000992166303035878
19.55358,45.98964,-0.00357152950018502,45.9922045372685,-0.00100699223166771
19.56492,45.99076,-0.00245152950018479,45.9921834538433,-0.00102807565687942
19.57625,45.99142,-0.00179152950018846,45.9921617190377,-0.0010498104624763
19.58759,45.99168,-0.00153152950018409,45.9921445775391,-0.0010669519611196
19.59894,45.99149,-0.00172152950018756,45.9921359068087,-0.00107562269149311
19.6103,45.99529,0.00207847049981069,45.992137626137,-0.00107390336313901
19.62163,45.99068,-0.00253152950018887,45.9921495052312,-0.00106202426897632
19.63296,45.99221,-0.00100152950018639,45.9921692583013,-0.00104227119884345
19.64429,45.99102,-0.00219152950018753,45.9921928409431,-0.00101868855712109
19.65564,45.99226,-0.000951529500184733,45.9922149478125,-0.000996581687709224
19.66702,45.99237,-0.000841529500185345,45.9922297321764,-0.000981797323749616
19.67836,45.99308,-0.000131529500187355,45.992231703488,-0.000979826012210815
19.68971,45.99249,-0.000721529500189888,45.9922166683118,-0.000994861188356361
19.70106,45.9916,-0.00161152950018817,45.9921825396228,-0.00102898987736056
19.71238,45.99307,-0.000141529500183424,45.9921298721523,-0.00108165734790809
19.72371,45.99138,-0.00183152950018695,45.9920620526769,-0.001149476823249
19.73506,45.99155,-0.00166152950018983,45.9919851372255,-0.00122639227470454
19.74639,45.99294,-0.00027152950018916,45.9919073606555,-0.00130416884471637
19.75776,45.9918,-0.00141152950018864,45.9918383502021,-0.00137317929808432
19.76908,45.99311,-0.000101529500184938,45.9917880715193,-0.00142345798086809
19.78041,45.99087,-0.0023415295001854,45.9917655573396,-0.0014459721606177
19.79174,45.99179,-0.0014215295001847,45.9917775384353,-0.00143399106486452
19.80306,45.9897,-0.00351152950018729,45.9918271901165,-0.00138433938365328
19.81439,45.99242,-0.000791529500183685,45.9919132610036,-0.00129826849661782
19.82574,45.99203,-0.00118152950018668,45.9920298105772,-0.00118171892301472
19.83707,45.99105,-0.00216152950018511,45.9921666531473,-0.00104487635291062
19.84842,45.99366,0.000448470499812004,45.9923104503311,-0.000901079169083892
19.85976,45.99252,-0.000691529500187471,45.9924462741017,-0.000765255398482859
19.87111,45.99129,-0.00192152950018709,45.9925593995754,-0.00065212992475297
19.88244,45.99434,0.00112847049981468,45.9926370737926,-0.000574455707627305
19.89379,45.99201,-0.00120152950018593,45.9926700236398,-0.000541505860397765
19.90512,45.99512,0.00190847049981357,45.9926534921004,-0.000558037399744286
19.91644,45.99382,0.000608470499813052,45.992587638014,-0.000623891486168734
19.92778,45.99009,-0.00312152950018429,45.9924772434935,-0.000734286006676121
19.93911,45.98965,-0.00356152950018895,45.9923308555105,-0.000880673989647473
19.95046,45.99218,-0.00103152950018881,45.9921596569615,-0.00105187253865103
19.96179,45.99387,0.000658470499814712,45.9919763752072,-0.00123515429297545
19.97315,45.99244,-0.000771529500184442,45.991794353756,-0.00141717574416875
19.98448,45.99356,0.000348470499815789,45.991626686459,-0.00158484304123269
19.99584,45.99095,-0.00226152950018843,45.9914852432631,-0.00172628623711417
20.00719,45.98878,-0.00443152950018799,45.9913795526445,-0.00183197685563927
20.01853,45.98996,-0.00325152950018293,45.9913157240276,-0.00189580547257202
20.02985,45.9922,-0.00101152950018957,45.9912957132607,-0.00191581623947791
20.04119,45.99267,-0.000541529500189597,45.9913171565225,-0.00189437297763815
20.05252,45.99165,-0.00156152950018651,45.9913737895417,-0.00183773995852607
20.06386,45.99134,-0.00187152950018543,45.9914563060181,-0.00175522348206426
20.0752,45.99,-0.00321152950018444,45.9915535017421,-0.00165802775806792
20.08653,45.98934,-0.00387152950018788,45.9916536424263,-0.00155788707391117
20.09786,45.99279,-0.000421529500187035,45.9917460365466,-0.0014654929535603
20.10919,45.9938,0.000588470499813809,45.9918226954605,-0.0013888340396918
20.12051,45.99348,0.000268470499811713,45.9918797672272,-0.00133176227299994
20.13186,45.99377,0.000558470499811392,45.9919182988737,-0.00129323062649992
20.1432,45.99189,-0.00132152950018849,45.991943958181,-0.00126757131919203
20.15453,45.99178,-0.00143152950018788,45.9919656314172,-0.00124589808293935
20.16588,45.99028,-0.00293152950018793,45.9919931760627,-0.00121835343752215
20.17722,45.99135,-0.00186152950018936,45.9920348903299,-0.00117663917030923
20.18852,45.98909,-0.00412152950018907,45.9920953651028,-0.00111616439734376
20.19984,45.99139,-0.00182152950018377,45.9921742860235,-0.00103724347668366
20.21119,45.99228,-0.000931529500185491,45.9922664858696,-0.000945043630626499
20.22252,45.99422,0.00100847049981212,45.99236317921,-0.000848350290203516
20.23384,45.99481,0.00159847049981465,45.9924539556444,-0.000757573855772402
20.24518,45.99379,0.000578470499810635,45.9925289069402,-0.000682622559963007
20.2565,45.99238,-0.000831529500189276,45.9925803132677,-0.000631216232445592
20.26783,45.99028,-0.00293152950018793,45.9926035848157,-0.000607944684528589
20.27913,45.99262,-0.000591529500184151,45.992597490894,-0.000614038606191891
20.29045,45.99165,-0.00156152950018651,45.9925639217959,-0.000647607704247658
20.30181,45.99361,0.000398470499810344,45.9925074305937,-0.000704098906482795
20.31316,45.99443,0.00121847049981483,45.9924346580851,-0.000776871415071127
20.32448,45.99168,-0.00153152950018409,45.9923536052323,-0.00085792426788941
20.33582,45.99127,-0.00194152950018633,45.9922726989205,-0.000938830579648811
20.34713,45.99217,-0.00104152950018488,45.9921996984167,-0.00101183108344563
20.35844,45.99291,-0.000301529500184472,45.9921406087184,-0.00107092078181419
20.36979,45.99191,-0.00130152950018925,45.9920988076987,-0.00111272180146462
20.38114,45.98922,-0.00399152950018333,45.9920745625911,-0.00113696690907942
20.39247,45.99251,-0.00070152950018354,45.9920650624598,-0.0011464670404119
20.40377,45.99307,-0.000141529500183424,45.992065021843,-0.00114650765717154
20.4151,45.99274,-0.000471529500188694,45.9920677810675,-0.00114374843271
20.42643,45.99131,-0.00190152950018785,45.992066683627,-0.00114484587318905
20.43776,45.99146,-0.00175152950018997,45.9920564459034,-0.00115508359679688
20.44907,45.99392,0.000708470499816372,45.9920342653741,-0.00117726412610353
20.4604,45.99361,0.000398470499810344,45.9920004686692,-0.00121106083095959
20.47173,45.99114,-0.00207152950018497,45.9919585501303,-0.00125297936986133
20.48304,45.99171,-0.00150152950018878,45.9919145469677,-0.00129698253245345
20.49436,45.99116,-0.00205152950018572,45.9918758600224,-0.00133566947779177
20.5057,45.992,-0.0012115295001891,45.9918497815093,-0.00136174799088257
20.51704,45.99148,-0.00173152950018363,45.9918420453087,-0.00136948419148043
20.52837,45.99201,-0.00120152950018593,45.9918556723862,-0.00135585711396017
20.53972,45.98931,-0.00390152950018319,45.9918903041524,-0.00132122534774539
20.55104,45.99393,0.00071847049981244,45.9919421345508,-0.00126939494934994
20.56239,45.99138,-0.00183152950018695,45.9920044554933,-0.0012070740068994
20.57373,45.99194,-0.00127152950018683,45.992068715024,-0.00114281447618605
20.58506,45.99331,9.84704998145958e-05,45.9921258915517,-0.00108563794844699
20.59636,45.99191,-0.00130152950018925,45.9921679511844,-0.00104357831582681
20.60772,45.99049,-0.00272152950018523,45.9921891753819,-0.00102235411825623
20.61906,45.99337,0.000158470499812324,45.9921871876442,-0.00102434185602047
20.63039,45.9941,0.000888470499816663,45.992163530845,-0.00104799865523336
20.64169,45.99439,0.00117847049981634,45.9921236439389,-0.00108788556131686
20.65301,45.99057,-0.00264152950018826,45.9920761253351,-0.00113540416507738
20.66435,45.99073,-0.00248152950018721,45.9920313327656,-0.00118019673455214
20.67567,45.99009,-0.00312152950018429,45.9919996168729,-0.00121191262728449
20.68701,45.99111,-0.00210152950018738,45.9919896494829,-0.00122188001732172
20.69833,45.99306,-0.000151529500186598,45.992007253989,-0.00120427551120996
20.70967,45.99314,-7.15295001896266e-05,45.9920549070715,-0.00115662242865896
20.721,45.99155,-0.00166152950018983,45.9921318176022,-0.00107971189800466
20.73232,45.99234,-0.000871529500187762,45.9922343461809,-0.00097718331932984
20.74366,45.9936,0.000388470499814275,45.9923565348985,-0.000854994601665534
20.755,45.99347,0.000258470499815644,45.9924905991147,-0.000720930385441259
20.76632,45.99111,-0.00210152950018738,45.9926273290573,-0.000584200442860873
20.77766,45.99231,-0.000901529500183074,45.9927564555807,-0.000455073919454139
20.78901,45.99014,-0.00307152950018974,45.9928671357477,-0.000344393752508121
20.80033,45.99528,0.00206847049981462,45.992948736499,-0.000262793001175204
20.81167,45.99157,-0.00164152950018348,45.9929919846319,-0.000219544868268042
20.82299,45.99411,0.000898470499812731,45.9929903579467,-0.000221171553491902
20.83432,45.994,0.000788470499813343,45.9929414296255,-0.000270099874691858
20.84565,45.9931,-0.000111529500188112,45.9928478200983,-0.000363709401851046
20.85699,45.99387,0.000658470499814712,45.9927174600451,-0.000494069455065297
20.86832,45.99224,-0.000971529500183976,45.9925629963911,-0.000648533109114229
20.87966,45.9939,0.000688470499810023,45.9924003465352,-0.000811182964997521
20.891,45.99165,-0.00156152950018651,45.9922465881136,-0.000964941386582439
20.90233,45.98975,-0.00346152950018563,45.9921175345944,-0.0010939949057809
20.91365,45.99093,-0.00228152950018767,45.9920254629664,-0.00118606653378682
20.925,45.99163,-0.00158152950018575,45.9919774744951,-0.00123405500513227
20.93635,45.99075,-0.00246152950018796,45.9919748329625,-0.00123669653768096
20.94767,45.99366,0.000448470499812004,45.9920133642086,-0.00119816529160458
20.95904,45.99258,-0.000631529500189743,45.9920847220256,-0.00112680747455705
20.97035,45.99326,4.84704998129359e-05,45.992178136234,-0.00103339326614563
20.98168,45.99187,-0.00134152950018773,45.9922822137425,-0.000929315757660151
20.99302,45.99219,-0.00102152950018564,45.9923864514459,-0.000825078054298209
21.00436,45.99489,0.00167847049981162,45.9924822716867,-0.000729257813446405
21.01571,45.99115,-0.0020615295001889,45.9925635320327,-0.000647997467449273
21.02704,45.99129,-0.00192152950018709,45.9926265721484,-0.00058495735176891
21.03837,45.99232,-0.000891529500187005,45.9926699518002,-0.0005415776999549
21.04972,45.99405,0.000838470499815003,45.9926940747142,-0.00051745478600911
21.06105,45.9923,-0.000911529500186248,45.992700842562,-0.000510686938194979
21.07237,45.99168,-0.00153152950018409,45.9926933812873,-0.000518148212925517
21.0837,45.99427,0.00105847049981378,45.9926758144092,-0.000535715090993193
21.09502,45.99231,-0.000901529500183074,45.9926530476205,-0.000558481879733473
21.10636,45.99183,-0.00138152950018622,45.9926305402949,-0.000580989205334203
21.11768,45.99216,-0.00105152950018805,45.9926140540479,-0.000597475452243432
21.12902,45.99289,-0.000321529500183715,45.9926093785096,-0.000602150990615476
21.14032,45.99395,0.000738470499811683,45.9926220137171,-0.000589515783049789
21.15164,45.99323,1.8470499810519e-05,45.992656738686,-0.00055479081421817
21.16298,45.99303,-0.000181529500189015,45.9927169774324,-0.000494552067770846
21.17433,45.99298,-0.000231529500183569,45.9928039435861,-0.00040758591410826
21.18567,45.99287,-0.000341529500182958,45.9929156887703,-0.000295840729915451
21.197,45.9895,-0.00371152950018683,45.9930463294781,-0.000165200022115862
21.2083,45.993,-0.000211529500184326,45.9931858071822,-2.57223180112325e-05
21.21963,45.99205,-0.00116152950018744,45.9933204840308,0.000108954530620482
21.23095,45.99493,0.00171847049981011,45.9934346670352,0.000223137535042567
21.24228,45.99355,0.000338470499812615,45.9935128503503,0.000301320850088311
21.25359,45.99674,0.00352847049981619,45.9935422055953,0.000330676095085407
21.26493,45.99328,6.84704998121788e-05,45.993514752961,0.000303223460803326
21.27628,45.99316,-5.15295001832783e-05,45.993428743795,0.000217214294779481
21.2876,45.99267,-0.000541529500189597,45.9932890214788,7.74919785875285e-05
21.29892,45.9953,0.00208847049981387,45.9931063838589,-0.000105145641275277
21.31026,45.99216,-0.00105152950018805,45.9928961445224,-0.000315384977827363
21.32156,45.98954,-0.00367152950018834,45.992676174702,-0.000535354798183645
21.33288,45.99474,0.00152847049981375,45.9924647515208,-0.000746777979427942
21.3442,45.99169,-0.00152152950018802,45.9922785396633,-0.000932989836876498
21.35554,45.99128,-0.00193152950018316,45.992130961366,-0.00108056813418861
21.36688,45.99149,-0.00172152950018756,45.9920310989668,-0.0011804305334087
21.37822,45.99155,-0.00166152950018983,45.9919831848488,-0.00122834465139813
21.38953,45.99297,-0.000241529500186743,45.9919866562666,-0.00122487323363007
21.40088,45.99358,0.000368470499815032,45.9920366564759,-0.00117487302430564
21.41222,45.9929,-0.000311529500187646,45.9921247862792,-0.00108674322096788
21.42356,45.98923,-0.00398152950018726,45.992239926085,-0.00097160341523109
21.43493,45.99418,0.000968470499813634,45.9923690668147,-0.000842462685469436
21.44624,45.98977,-0.00344152950018639,45.9924982158636,-0.000713313636542942
21.45754,45.99397,0.000758470499810926,45.9926134727016,-0.000598056798604584
21.46886,45.99335,0.000138470499813081,45.9927022809102,-0.000509248589979157
21.48021,45.99295,-0.000261529500185986,45.9927547361402,-0.000456793360013227
21.49154,45.99207,-0.0011415295001882,45.9927647515277,-0.00044677797247934
21.50285,45.99224,-0.000971529500183976,45.9927308878847,-0.000480641615485322
21.51416,45.99493,0.00171847049981011,45.9926567066283,-0.000554822871931997
21.52546,45.99389,0.000678470499813955,45.9925505415334,-0.000660987966752688
21.5368,45.99105,-0.00216152950018511,45.9924246227243,-0.000786906775881526
21.54815,45.99316,-5.15295001832783e-05,45.992293588689,-0.000917940811202248
21.55949,45.98948,-0.00373152950018607,45.9921725921338,-0.00103893736638473
21.57082,45.99167,-0.00154152950018727,45.9920753449871,-0.00113618451309912
21.58216,45.99333,0.000118470499813839,45.9920124577452,-0.00119907175501247
21.5935,45.99228,-0.000931529500185491,45.991990305141,-0.00122122435915978
21.60485,45.98997,-0.00324152950018686,45.9920104846482,-0.0012010448520293
21.6162,45.99412,0.000908470499815905,45.9920698281032,-0.00114170139698755
21.62754,45.99172,-0.00149152950018561,45.992160899052,-0.00105063044822389
21.63888,45.99028,-0.00293152950018793,45.9922729080453,-0.000938621454910191
21.65021,45.99374,0.000528470499816081,45.9923929695775,-0.000818559922668041
21.66156,45.993,-0.000211529500184326,45.9925076005458,-0.000703928954362805
21.6729,45.99215,-0.00106152950018412,45.9926043163253,-0.000607213174895827
21.68424,45.99209,-0.00112152950018896,45.9926731391102,-0.000538390390035999
21.69556,45.99403,0.00081847049981576,45.9927078290237,-0.000503700476529033
21.70691,45.99352,0.000308470499810198,45.992706672876,-0.0005048566241499
21.71822,45.99218,-0.00103152950018881,45.9926726955682,-0.000538833932018384
21.72954,45.99321,-1.52950018872389e-06,45.9926132136894,-0.000598315810816535
21.7409,45.99248,-0.000731529500185957,45.9925387483099,-0.000672781190268969
21.75222,45.99448,0.00126847049981649,45.9924614259349,-0.000750103565258617
21.76354,45.98888,-0.00433152950018467,45.9923930923308,-0.000818437169416577
21.77489,45.99311,-0.000101529500184938,45.9923434437612,-0.000868085739020421
21.78622,45.99034,-0.0028715295001831,45.9923185263807,-0.000893003119453719
21.79755,45.9925,-0.000711529500186714,45.9923199114384,-0.000891618061770638
21.80889,45.99273,-0.000481529500184763,45.9923446995532,-0.000866829946970231
21.82021,45.99285,-0.000361529500189306,45.9923863006063,-0.000825228893904384
21.83154,45.99056,-0.00265152950018432,45.9924357657831,-0.00077576371712852
21.84287,45.99629,0.00307847049981547,45.9924833612301,-0.000728168270055464
21.8542,45.99218,-0.00103152950018881,45.9925200594607,-0.000691470039449311
21.86554,45.99308,-0.000131529500187355,45.9925386721817,-0.000672857318523342
21.87687,45.9917,-0.00151152950018485,45.9925344710164,-0.000677058483741695
21.88822,45.99081,-0.00240152950018313,45.9925053238662,-0.000706205634028216
21.89956,45.99265,-0.00056152950018884,45.9924515220705,-0.000760007429726049
21.91091,45.99374,0.000528470499816081,45.9923754950607,-0.000836034439493703
21.92225,45.99156,-0.00165152950018665,45.9922815125103,-0.000930016989848182
21.93356,45.99218,-0.00103152950018881,45.9921753582588,-0.00103617124140385
21.94493,45.99463,0.00141847049981436,45.9920639146899,-0.00114761481024965
21.95624,45.98956,-0.0036515295001891,45.9919546300938,-0.00125689940636057
21.96758,45.99021,-0.00300152950018884,45.9918549164686,-0.00135661303163282
21.9789,45.99227,-0.000941529500188665,45.9917715931731,-0.00143993632707381
21.99023,45.99328,6.84704998121788e-05,45.991710487675,-0.00150104182523797
22.00158,45.99113,-0.00208152950018814,45.991676201241,-0.00153532825917142
22.01288,45.99333,0.000118470499813839,45.9916719280474,-0.00153960145282244
22.02421,45.99169,-0.00152152950018802,45.9916991965788,-0.00151233292135902
22.03556,45.99107,-0.00214152950018587,45.9917575010429,-0.00145402845730637
22.04688,45.98955,-0.00366152950018517,45.991843936118,-0.00136759338221331
22.0582,45.99167,-0.00154152950018727,45.9919530506734,-0.00125847882683467
22.06954,45.9929,-0.000311529500187646,45.9920771205333,-0.00113440896689447
22.0809,45.99361,0.000398470499810344,45.9922068941562,-0.0010046353439821
22.09222,45.99203,-0.00118152950018668,45.9923326804442,-0.000878849056029768
22.1035,45.99039,-0.00282152950018855,45.9924455546976,-0.00076597480255826
22.11484,45.99332,0.000108470499810664,45.9925384877127,-0.000673041787470737
22.12618,45.99454,0.00132847049981422,45.9926072589215,-0.000604270578735526
22.1375,45.99445,0.00123847049981407,45.9926510143671,-0.000560515133035171
22.14885,45.99025,-0.00296152950018325,45.992672324388,-0.000539205112166328
22.16016,45.99329,7.84704998153529e-05,45.9926766868463,-0.00053484265387652
22.17151,45.99128,-0.00193152950018316,45.9926715936975,-0.000539935802669412
22.18284,45.9938,0.000588470499813809,45.9926654001393,-0.000546129360879625
22.19414,45.9917,-0.00151152950018485,45.9926662278927,-0.000545301607461787
22.20547,45.99217,-0.00104152950018488,45.9926810459468,-0.000530483553369828
22.2168,45.99437,0.0011584704998171,45.9927149838631,-0.000496545637085776
22.22815,45.99306,-0.000151529500186598,45.9927708737761,-0.000440655724120539
22.23948,45.99056,-0.00265152950018432,45.9928489922043,-0.000362537295904714
22.25083,45.99379,0.000578470499810635,45.9929469888683,-0.000264540631906616
22.26216,45.99395,0.000738470499811683,45.9930600199534,-0.000151509546743618
22.27352,45.99197,-0.00124152950018441,45.9931810959629,-3.04335372842514e-05
22.28484,45.9953,0.00208847049981387,45.9933016123179,9.00828176790402e-05
22.29621,45.99202,-0.00119152950018986,45.9934120113293,0.000200481829089793
22.30753,45.99174,-0.00147152950018636,45.9935025511429,0.000291021642665636
22.31885,45.99441,0.00119847049981558,45.9935641904886,0.000352660988432381
22.33018,45.99399,0.000778470499810169,45.993589577577,0.000378048076784484
22.34151,45.99525,0.00203847049981221,45.9935740420397,0.000362512539514226
22.35283,45.99208,-0.00113152950018502,45.9935163971715,0.000304867671343588
22.36418,45.99463,0.00141847049981436,45.9934193546576,0.000207825157441972
22.37552,45.99298,-0.000231529500183569,45.9932894415491,7.79120489183044e-05
22.38687,45.99374,0.000528470499816081,45.9931364183069,-7.51111933324293e-05
22.39823,45.9923,-0.000911529500186248,45.9929722765232,-0.000239252976990443
22.40958,45.99277,-0.000441529500186277,45.9928099491059,-0.000401580394290057
22.42089,45.99197,-0.00124152950018441,45.9926619026281,-0.000549626872123178
22.43224,45.99474,0.00152847049981375,45.9925387891141,-0.000672740386133512
22.44357,45.99072,-0.00249152950018328,45.9924483132681,-0.000763216232047321
22.45491,45.99065,-0.00256152950018418,45.9923944519838,-0.000817077516348001
22.46622,45.99188,-0.00133152950018456,45.9923771579828,-0.000834371517399652
22.47754,45.99305,-0.000161529500189772,45.9923926361401,-0.000818893360044777
22.48889,45.9953,0.00208847049981387,45.9924341478365,-0.000777381663691273
22.50022,45.99037,-0.00284152950018779,45.9924931326875,-0.000718396812696892
22.51155,45.99364,0.000428470499812761,45.9925603681666,-0.000651161333609902
22.5229,45.99265,-0.00056152950018884,45.9926269615023,-0.000584567997848701
22.53424,45.99252,-0.000691529500187471,45.9926850988263,-0.000526430673895668
22.54557,45.99134,-0.00187152950018543,45.9927285674462,-0.000482962053943487
22.55688,45.99314,-7.15295001896266e-05,45.992753097399,-0.000458432101230619
22.56824,45.99538,0.00216847049981084,45.992756550685,-0.000454978815219989
22.57959,45.99139,-0.00182152950018377,45.9927389411716,-0.000472588328606822
22.5909,45.99157,-0.00164152950018348,45.9927022505211,-0.000509278979089898
22.60226,45.99306,-0.000151529500186598,45.9926500564141,-0.000561473086072947
22.61359,45.99234,-0.000871529500187762,45.9925870560964,-0.000624473403821669
22.62492,45.99405,0.000838470499815003,45.9925185679207,-0.000692961579534859
22.63625,45.99072,-0.00249152950018328,45.9924500353935,-0.00076149410663797
22.64758,45.99284,-0.000371529500185375,45.992386519391,-0.000825010109187487
22.6589,45.99458,0.0013684704998127,45.992332174055,-0.000879355445143133
22.67024,45.99059,-0.00262152950018901,45.9922897309624,-0.000921798537780952
22.68157,45.99192,-0.00129152950018607,45.9922600537256,-0.00095147577462064
22.69291,45.99252,-0.000691529500187471,45.992241882192,-0.000969647308164972
22.70426,45.9894,-0.00381152950018304,45.9922319303296,-0.000979599170605851
22.71561,45.99299,-0.000221529500187501,45.9922254735457,-0.000986055954532143
22.72694,45.9911,-0.00211152950018345,45.9922174374965,-0.000994092003699732
22.73827,45.99443,0.00121847049981483,45.9922038112691,-0.00100771823108881
22.7496,45.99393,0.00071847049981244,45.9921830188378,-0.00102851066233654
22.76094,45.99241,-0.000801529500186859,45.9921567865709,-0.00105474292928509
22.77228,45.99564,0.00242847049981521,45.9921301172186,-0.00108141228162491
22.78361,45.98939,-0.00382152950018622,45.9921102247159,-0.00110130478427779
22.79495,45.99119,-0.00202152950018331,45.9921046224576,-0.001106907042621
22.8063,45.99102,-0.00219152950018753,45.9921188663895,-0.00109266311069529
22.81764,45.99112,-0.00209152950018421,45.992154605175,-0.00105692432519219
22.82896,45.99072,-0.00249152950018328,45.9922085213953,-0.00100300810483495
22.84028,45.9909,-0.00231152950018298,45.9922725087468,-0.000939020753343008
22.85161,45.99335,0.000138470499813081,45.9923351172684,-0.000876412231769528
22.86294,45.99305,-0.000161529500189772,45.9923839799343,-0.000827549565904012
22.87427,45.99393,0.00071847049981244,45.9924086659714,-0.000802863528816557
22.88559,45.99525,0.00203847049981221,45.9924032664216,-0.000808263078612093
22.89694,45.9933,8.84704998114216e-05,45.9923680686751,-0.000843460825066141
22.90827,45.98906,-0.00415152950018438,45.9923099190946,-0.000901610405601267
22.9196,45.99405,0.000838470499815003,45.992241224684,-0.000970304816149514
22.93095,45.99424,0.00102847049981136,45.9921778599085,-0.00103366959164217
22.94229,45.99012,-0.00309152950018898,45.992136416516,-0.00107511298423396
22.95362,45.98989,-0.00332152950018383,45.9921312976605,-0.00108023183971522
22.96496,45.99045,-0.00276152950018371,45.9921721952985,-0.00103933420173377
22.97632,45.99176,-0.00145152950018712,45.9922624624193,-0.000949067080838402
22.98764,45.99269,-0.000521529500183249,45.9923986971016,-0.000812832398625413
22.99899,45.99377,0.000558470499811392,45.9925715180421,-0.000640011458079591
23.01034,45.99361,0.000398470499810344,45.9927671892782,-0.000444340221983641
23.02166,45.99624,0.00302847049981381,45.9929695890212,-0.000241940478991134
23.03299,45.99072,-0.00249152950018328,45.9931620597356,-4.94697645993435e-05
23.04428,45.99236,-0.000851529500188519,45.9933288830361,0.00011735353591464
23.05562,45.99346,0.00024847049981247,45.9934563810985,0.000244851598266113
23.06698,45.99207,-0.0011415295001882,45.9935338064858,0.000322276985575779
23.07832,45.9935,0.000288470499810956,45.993554160108,0.000342630607786752
23.08962,45.99694,0.00372847049981573,45.993514920481,0.000303390980847764
23.10096,45.99287,-0.000341529500182958,45.9934185008679,0.000206971367715409
23.11231,45.99283,-0.000381529500188549,45.9932721877407,6.06582404846627e-05
23.12362,45.99547,0.00225847049981098,45.9930874010529,-0.000124128447264764
23.13495,45.99282,-0.000391529500184618,45.9928783038755,-0.000333225624674953
23.14626,45.98901,-0.00420152950018604,45.9926599840334,-0.000551545466802933
23.15757,45.9922,-0.00101152950018957,45.9924465779737,-0.000764951526469033
23.1689,45.99146,-0.00175152950018997,45.9922497572651,-0.00096177223510441
23.18022,45.99314,-7.15295001896266e-05,45.9920778879288,-0.00113364157136785
23.19156,45.99284,-0.000371529500185375,45.9919359288029,-0.00127560069728989
23.20289,45.99156,-0.00165152950018665,45.9918259026042,-0.00138562689601375
23.21422,45.99108,-0.0021315295001898,45.9917476776019,-0.00146385189830716
23.22555,45.99163,-0.00158152950018575,45.9916998325873,-0.00151169691289208
23.23686,45.99355,0.000338470499812615,45.9916804465927,-0.00153108290753326
23.2482,45.99102,-0.00219152950018753,45.9916876878336,-0.00152384166660637
23.25954,45.99194,-0.00127152950018683,45.9917200924677,-0.00149143703253349
23.27089,45.99262,-0.000591529500184151,45.9917764754573,-0.00143505404285666
23.28224,45.99229,-0.000921529500189422,45.9918555067702,-0.00135602273003367
23.29357,45.98997,-0.00324152950018686,45.9919550823857,-0.00125644711445477
23.3049,45.99211,-0.00110152950018971,45.9920716992313,-0.00113983026883731
23.31624,45.99129,-0.00192152950018709,45.9922000822885,-0.00101144721169761
23.32756,45.99101,-0.0022015295001836,45.9923332700769,-0.000878259423304844
23.33888,45.99313,-8.15295001856953e-05,45.9924632297452,-0.000748299755010446
23.35021,45.99451,0.0012984704998118,45.9925818865882,-0.000629642911964749
23.36155,45.99381,0.000598470499816983,45.9926822865643,-0.000529242935846488
23.37287,45.99195,-0.00126152950018366,45.9927595463564,-0.000451983143812999
23.38421,45.99362,0.000408470499813518,45.9928113324135,-0.000400197086723921
23.39555,45.9921,-0.00111152950018578,45.9928378013409,-0.000373728159279289
23.4069,45.99231,-0.000901529500183074,45.9928411147804,-0.000370414719781649
23.41824,45.99337,0.000158470499812324,45.9928247355147,-0.000386793985508204
23.42959,45.99154,-0.0016715295001859,45.9927927179534,-0.000418811546755192
23.44094,45.99185,-0.00136152950018698,45.9927491585162,-0.000462370984015431
23.45225,45.99442,0.00120847049981165,45.9926978933878,-0.000513636112358175
23.46354,45.99249,-0.000721529500189888,45.9926424343844,-0.000569095115791088
23.47486,45.99253,-0.000681529500184297,45.9925860454167,-0.000625484083527921
23.48618,45.99262,-0.000591529500184151,45.9925318280653,-0.000679701434932643
23.49753,45.9932,-1.15295001847926e-05,45.9924827179481,-0.000728811552112516
23.50886,45.99221,-0.00100152950018639,45.9924413548762,-0.000770174623953135
23.52018,45.99183,-0.00138152950018622,45.9924098444828,-0.000801685017382604
23.53152,45.99072,-0.00249152950018328,45.992389471774,-0.000822057726219774
23.54286,45.99429,0.00107847049981302,45.9923804417838,-0.000831087716361645
23.55421,45.99465,0.0014384704998136,45.9923816832488,-0.000829846251433561
23.56552,45.99043,-0.00278152950018296,45.9923906891383,-0.000820840361892018
23.57683,45.99141,-0.00180152950018453,45.9924033720257,-0.000808157474482837
23.58818,45.99316,-5.15295001832783e-05,45.9924140084261,-0.000797521074060222
23.59953,45.99126,-0.00195152950018951,45.9924154353253,-0.000796094174861211
23.61087,45.99077,-0.00244152950018872,45.9923996442543,-0.000811885245931313
23.62221,45.99396,0.000748470499814857,45.9923588040465,-0.000852725453688946
23.63355,45.99267,-0.000541529500189597,45.9922865950431,-0.000924934457128139
23.64486,45.99184,-0.00137152950018304,45.9921796015839,-0.00103192791631517
23.65621,45.99454,0.00132847049981422,45.9920384355319,-0.00117309396824701
23.66752,45.99149,-0.00172152950018756,45.9918682910186,-0.00134323848161938
23.67884,45.99232,-0.000891529500187005,45.9916787522589,-0.00153277724131851
23.69017,45.98947,-0.00374152950018924,45.9914828526671,-0.00172867683304954
23.70149,45.99269,-0.000521529500183249,45.9912955589148,-0.00191597058543596
23.71284,45.9912,-0.00201152950018724,45.9911319626553,-0.00207956684490809
23.7242,45.98942,-0.0037915295001838,45.9910054809389,-0.00220604856132924
23.73554,45.9902,-0.00301152950018491,45.9909263342013,-0.00228519529883834
23.74685,45.99017,-0.00304152950018732,45.9909005216158,-0.00231100788435509
23.7582,45.99216,-0.00105152950018805,45.9909294231916,-0.00228210630863115
23.76954,45.99092,-0.00229152950018374,45.9910100101026,-0.00220151939760436
23.78088,45.99307,-0.000141529500183424,45.9911354980795,-0.00207603142073077
23.79222,45.99009,-0.00312152950018429,45.9912962199548,-0.00191530954543076
23.80355,45.99218,-0.00103152950018881,45.9914805509346,-0.0017309785656171
23.81487,45.98882,-0.00439152950018951,45.991675842968,-0.00153568653216973
23.82621,45.99084,-0.00237152950018782,45.9918694192912,-0.00134211020894384
23.83751,45.9953,0.00208847049981387,45.9920496634678,-0.00116186603240044
23.84883,45.99339,0.000178470499811567,45.9922070997439,-0.0010044297563312
23.86018,45.99297,-0.000241529500186743,45.9923352128642,-0.000876316635936766
23.8715,45.99094,-0.0022715295001845,45.9924307539718,-0.000780775528369353
23.88282,45.9925,-0.000711529500186714,45.9924934615626,-0.000718067937588627
23.89413,45.99238,-0.000831529500189276,45.99252535393,-0.00068617557013977
23.90548,45.99168,-0.00153152950018409,45.9925298649078,-0.000681664592390132
23.91681,45.99246,-0.0007515295001852,45.9925110714182,-0.000700458082022726
23.92816,45.99198,-0.00123152950018834,45.9924731677751,-0.000738361725061873
23.9395,45.99462,0.00140847049981119,45.9924202364263,-0.000791293073927778
23.95083,45.98964,-0.00357152950018502,45.9923562765739,-0.000855252926319437
23.96218,45.99208,-0.00113152950018502,45.9922854032014,-0.000926126298754998
23.97351,45.99477,0.00155847049981617,45.9922121133734,-0.000999416126832715
23.98485,45.99256,-0.000651529500188985,45.9921414958662,-0.00107003363393711
23.9962,45.99043,-0.00278152950018296,45.9920792380508,-0.00113229144937276
24.00752,45.99358,0.000368470499815032,45.9920313216646,-0.00118020783555076
24.01882,45.99241,-0.000801529500186859,45.9920034072251,-0.0012081222750968
24.03013,45.9902,-0.00301152950018491,45.9920000161032,-0.00121151339693585
24.04144,45.9921,-0.00111152950018578,45.9920236839766,-0.00118784552358455
24.0528,45.99238,-0.000831529500189276,45.992074282732,-0.00113724676813564
24.06414,45.99203,-0.00118152950018668,45.992148684415,-0.00106284508515203
24.07546,45.99027,-0.002941529500184,45.9922408720764,-0.000970657423776275
24.0868,45.99367,0.000458470499815178,45.9923425213012,-0.000869008198997702
24.09814,45.99286,-0.000351529500186132,45.9924439987041,-0.000767530796053593
24.10949,45.99139,-0.00182152950018377,45.9925356425165,-0.0006758869837318
24.12084,45.99186,-0.0013515295001838,45.9926091233606,-0.000602406139542351
24.13218,45.99548,0.00226847049981416,45.9926586502156,-0.000552879284591487
24.14354,45.99459,0.00137847049981588,45.9926817723043,-0.000529757195896039
24.15488,45.99294,-0.00027152950018916,45.9926795462198,-0.000531983280336643
24.1662,45.98989,-0.00332152950018383,45.9926559630222,-0.000555566478013846
24.17752,45.99249,-0.000721529500189888,45.9926167711479,-0.000594758352299581
24.18886,45.99363,0.000418470499816692,45.9925680490881,-0.000643480412035275
24.20016,45.99131,-0.00190152950018785,45.9925149319778,-0.000696597522364958
24.21151,45.99032,-0.00289152950018945,45.9924607944073,-0.000750735092918542
24.22284,45.9929,-0.000311529500187646,45.9924070500845,-0.000804479415693028
24.23418,45.99242,-0.000791529500183685,45.9923535869235,-0.000857942576673906
24.24552,45.99284,-0.000371529500185375,45.992299685945,-0.000911843555195031
24.25684,45.99517,0.00195847049981523,45.9922451028843,-0.000966426615872493
24.26817,45.99211,-0.00110152950018971,45.9921909162472,-0.00102061325297378
24.27951,45.99155,-0.00166152950018983,45.9921398273609,-0.00107170213928015
24.29084,45.99164,-0.00157152950018968,45.9920958098708,-0.00111571962942047
24.30218,45.9927,-0.00051152950018718,45.9920632413106,-0.00114828818960012
24.3135,45.99144,-0.00177152950018922,45.9920457950998,-0.00116573440035078
24.32483,45.99035,-0.00286152950018703,45.9920454000644,-0.00116612943575446
24.33617,45.99186,-0.0013515295001838,45.9920615325715,-0.00114999692864503
24.3475,45.9919,-0.00131152950018532,45.9920910204659,-0.00112050903424522
24.35882,45.99311,-0.000101529500184938,45.9921284005298,-0.00108312897035489
24.37015,45.9938,0.000588470499813809,45.9921667110198,-0.0010448184803383
24.38147,45.98923,-0.00398152950018726,45.9921984972895,-0.00101303221072928
24.3928,45.99416,0.000948470499814391,45.992216811309,-0.000994718191182246
24.40412,45.99304,-0.000171529500185841,45.9922160548455,-0.00099547465469747
24.41546,45.99198,-0.00123152950018834,45.992192576551,-0.00101895294915448
24.42683,45.99168,-0.00153152950018409,45.9921449761095,-0.00106655339069121
24.43817,45.98984,-0.00337152950018549,45.9920741315105,-0.001137397989675
24.44952,45.99485,0.00163847049981314,45.9919830285265,-0.00122850097370792
24.46087,45.99152,-0.00169152950018514,45.9918764687724,-0.00133506072778227
24.47218,45.99146,-0.00175152950018997,45.9917606704907,-0.00145085900948747
24.4835,45.99159,-0.00162152950018424,45.991642741427,-0.00156878807318721
24.49486,45.99198,-0.00123152950018834,45.9915300396854,-0.00168148981476064
24.5062,45.99122,-0.00199152950018799,45.9914294978311,-0.0017820316690659
24.51752,45.98936,-0.00385152950018863,45.9913470149978,-0.00186451450238453
24.52885,45.99242,-0.000791529500183685,45.9912870160155,-0.001924513484648
24.5402,45.99258,-0.000631529500189743,45.9912522362064,-0.00195929329378982
24.55152,45.9901,-0.00311152950018823,45.9912437206056,-0.0019678088945448
24.56285,45.99204,-0.00117152950018351,45.9912609751974,-0.00195055430273968
24.5742,45.99142,-0.00179152950018846,45.9913022235318,-0.00190930596839918
24.58553,45.98906,-0.00415152950018438,45.9913647833803,-0.00184674611983661
24.59686,45.98972,-0.00349152950018805,45.991445618276,-0.00176591122417673
24.60822,45.99365,0.000438470499815935,45.9915420805374,-0.00166944896280822
24.61952,45.99366,0.000448470499812004,45.9916527233005,-0.00155880619971009
24.63088,45.99333,0.000118470499813839,45.9917778829193,-0.00143364658089864
24.64222,45.99091,-0.00230152950018692,45.9919196719257,-0.00129185757443587
24.65357,45.99421,0.000998470499816051,45.9920811739957,-0.00113035550451731
24.66491,45.9896,-0.00361152950018351,45.9922649226907,-0.000946606809480715
24.67623,45.9932,-1.15295001847926e-05,45.9924710158126,-0.000740513687552989
24.68756,45.99155,-0.00166152950018983,45.9926953671915,-0.000516162308690508
24.6989,45.99009,-0.00312152950018429,45.9929286122779,-0.00028291722233879
24.71022,45.99314,-7.15295001896266e-05,45.9931560796395,-5.54498606990993e-05
24.72156,45.99344,0.000228470499813227,45.9933590335716,0.000147504071412549
24.73288,45.99351,0.00029847049981413,45.9935171116993,0.000305582199156514
24.74423,45.99221,-0.00100152950018639,45.9936115946505,0.00040006515035314
24.75558,45.99567,0.00245847049981052,45.9936289324685,0.000417402968293066
24.76694,45.99715,0.00393847049981133,45.9935638396974,0.000352310197223558
24.77828,45.99441,0.00119847049981558,45.9934212580001,0.000209728499949698
24.78962,45.9946,0.00138847049981194,45.9932166219252,5.09242499994731e-06
24.80098,45.99252,-0.000691529500187471,45.9929741965163,-0.000237332983900742
24.81232,45.99203,-0.00118152950018668,45.9927237112098,-0.000487818290410051
24.82367,45.99086,-0.00235152950018858,45.9924959238043,-0.000715605695893026
24.83503,45.98981,-0.00340152950018791,45.9923179752293,-0.000893554270925916
24.84638,45.99272,-0.000491529500187937,45.9922093957113,-0.00100213378891532
24.8577,45.9922,-0.00101152950018957,45.9921794240463,-0.00103210545391096
24.86902,45.99188,-0.00133152950018456,45.9922259944562,-0.000985535043957971
24.88033,45.98749,-0.00572152950018534,45.9923364525989,-0.000875076901303253
24.89167,45.99506,0.00184847049981585,45.992489841757,-0.000721687743174635
24.90298,45.99339,0.000178470499811567,45.9926603944799,-0.000551135020254991
24.91433,45.99669,0.00347847049981453,45.9928216236405,-0.000389905859673411
24.92566,45.9944,0.00118847049981241,45.9929502318408,-0.000261297659351362
24.93699,45.9906,-0.00261152950018584,45.9930291214824,-0.000182408017752943
24.94833,45.99307,-0.000141529500183424,45.9930491103975,-0.00016241910263336
24.95964,45.99291,-0.000301529500184472,45.9930093499592,-0.000202179541037351
24.97098,45.99404,0.000828470499811829,45.9929166827326,-0.000294846767578225
24.98232,45.99234,-0.000871529500187762,45.9927842148684,-0.000427314631778436
24.99366,45.99181,-0.00140152950018546,45.9926293337435,-0.000582195756673414
25.00502,45.9936,0.000388470499814275,45.9924713867933,-0.000740142706861194
25.01636,45.99266,-0.000551529500185666,45.9923292563385,-0.000882273161649026
25.02772,45.99113,-0.00208152950018814,45.9922190805996,-0.000992448900629672
25.03906,45.99003,-0.00318152950018913,45.9921523821349,-0.00105914736528895
25.0504,45.9922,-0.00101152950018957,45.9921348656883,-0.00107666381191597
25.06175,45.99291,-0.000301529500184472,45.9921660836858,-0.00104544581441719
25.07308,45.99064,-0.00257152950018735,45.9922400078596,-0.000971521640626397
25.08441,45.99319,-2.15295001879667e-05,45.9923463486979,-0.000865180802242131
25.09575,45.99352,0.000308470499810198,45.9924723149932,-0.000739214507037505
25.10708,45.99611,0.00289847049981518,45.9926044332365,-0.000607096263701201
25.1184,45.98988,-0.003331529500187,45.992730063255,-0.000481466245236077
25.12975,45.99313,-8.15295001856953e-05,45.9928383812747,-0.000373148225534197
25.14109,45.99268,-0.000531529500186423,45.992920821207,-0.000290708293210151
25.15242,45.99346,0.00024847049981247,45.9929711433043,-0.000240386195871814
25.16376,45.99146,-0.00175152950018997,45.9929853467443,-0.000226182755922563
25.1751,45.99231,-0.000901529500183074,45.9929615939777,-0.000249935522533598
25.18644,45.99219,-0.00102152950018564,45.9929002352337,-0.000311294266490042
25.19778,45.99594,0.00272847049981095,45.9928039157098,-0.000407613790385565
25.20914,45.99301,-0.000201529500188258,45.9926776190863,-0.000533910413861543
25.22049,45.99479,0.00157847049981541,45.992528428658,-0.000683100842220219
25.23182,45.98896,-0.0042515295001877,45.992364868872,-0.000846660628220726
25.24316,45.99055,-0.0026615295001875,45.9921959123542,-0.00101561714599612
25.25452,45.99263,-0.000581529500188083,45.9920299468206,-0.00118158267958132
25.26582,45.99199,-0.00122152950018517,45.9918740253759,-0.00133750412433167
25.27714,45.99205,-0.00116152950018744,45.9917335569846,-0.00147797251558405
25.28846,45.9914,-0.0018115295001877,45.9916123773622,-0.00159915213797495
25.2998,45.99282,-0.000391529500184618,45.9915130176685,-0.00169851183168914
25.31113,45.99118,-0.00203152950018648,45.9914369803133,-0.00177454918684594
25.32249,45.991,-0.00221152950018677,45.9913848872213,-0.00182664227888969
25.33384,45.993,-0.000211529500184326,45.9913564467943,-0.00185508270585304
25.34518,45.98907,-0.00414152950018831,45.991350268751,-0.00186126074920535
25.35652,45.9926,-0.000611529500183394,45.9913636210739,-0.00184790842624072
25.36788,45.99069,-0.00252152950018569,45.9913922575549,-0.00181927194530736
25.37921,45.99136,-0.00185152950018619,45.9914304419902,-0.00178108751003182
25.39058,45.9915,-0.00171152950018438,45.9914712621331,-0.0017402673670775
25.40192,45.99007,-0.00314152950018354,45.9915072816095,-0.00170424789064434
25.41326,45.99055,-0.0026615295001875,45.9915315269093,-0.00168000259087363
25.4246,45.99269,-0.000521529500183249,45.9915387281333,-0.00167280136692259
25.43594,45.99236,-0.000851529500188519,45.9915266095346,-0.00168491996555484
25.44724,45.99392,0.000708470499816372,45.9914968954936,-0.00171463400660106
25.45856,45.99033,-0.00288152950018628,45.9914556497947,-0.00175587970552738
25.46988,45.99543,0.0022184704998125,45.9914126702578,-0.00179885924241095
25.48121,45.98929,-0.00392152950018954,45.9913798997588,-0.00183162974142403
25.49257,45.9889,-0.00431152950018543,45.9913691100019,-0.00184241949828323
25.50394,45.99147,-0.0017415295001868,45.9913893721997,-0.00182215730051849
25.51528,45.99091,-0.00230152950018692,45.9914449469291,-0.00176658257109639
25.5266,45.98888,-0.00433152950018467,45.9915341426217,-0.00167738687849851
25.53795,45.99083,-0.00238152950018389,45.9916494549074,-0.00156207459280195
25.5493,45.99176,-0.00145152950018712,45.9917790020797,-0.0014325274204786
25.56066,45.99373,0.000518470499812906,45.9919089599857,-0.00130256951451135
25.57197,45.99535,0.00213847049981553,45.992026410489,-0.00118511901120841
25.58331,45.99258,-0.000631529500189743,45.9921218578522,-0.00108967164794093
25.59464,45.99282,-0.000391529500184618,45.9921907480377,-0.00102078146253165
25.60595,45.99379,0.000578470499810635,45.9922336406938,-0.000977888806350507
25.61729,45.99085,-0.00236152950018464,45.9922550991552,-0.00095643034501335
25.62863,45.98902,-0.00419152950018997,45.9922617281983,-0.000949801301887875
25.63998,45.99148,-0.00173152950018363,45.9922600067327,-0.000951522767450716
25.6513,45.99107,-0.00214152950018587,45.9922545719639,-0.000956957536260392
25.66262,45.99398,0.0007684704998141,45.9922473949007,-0.000964134599512828
25.67394,45.99104,-0.00217152950018829,45.9922379356139,-0.000973593886300623
25.68527,45.993,-0.000211529500184326,45.9922240499174,-0.000987479582755658
25.69662,45.99364,0.000428470499812761,45.9922032482702,-0.00100828122993967
25.708,45.99386,0.000648470499811538,45.9921738787568,-0.00103765074341076
25.71932,45.99193,-0.0012815295001829,45.9921358799577,-0.00107564954247035
25.73066,45.99112,-0.00209152950018421,45.9920909144934,-0.0011206150068047
25.742,45.99236,-0.000851529500188519,45.9920419179809,-0.00116961151928401
25.75334,45.99108,-0.0021315295001898,45.991992290228,-0.00121923927213635
25.76466,45.99126,-0.00195152950018951,45.9919450341708,-0.00126649532940522
25.776,45.99138,-0.00183152950018695,45.991902111081,-0.00130941841921916
25.78733,45.99232,-0.000891529500187005,45.9918641743443,-0.00134735515590677
25.79864,45.9908,-0.0024115295001863,45.9918307087048,-0.00138082079536892
25.80999,45.99539,0.00217847049981401,45.9918004712044,-0.00141105829575346
25.82133,45.98885,-0.00436152950018709,45.9917720462999,-0.00143948320030204
25.83266,45.99377,0.000558470499811392,45.9917443253887,-0.00146720411144133
25.84402,45.99156,-0.00165152950018665,45.9917167950657,-0.00149473443445464
25.85536,45.98962,-0.00359152950018427,45.9916896183829,-0.00152191111724298
25.8667,45.99131,-0.00190152950018785,45.9916635622862,-0.00154796721394461
25.87806,45.99432,0.00110847049981544,45.991639828785,-0.00157170071519193
25.8894,45.9929,-0.000311529500187646,45.9916197874181,-0.00159174208204441
25.90076,45.99197,-0.00124152950018441,45.9916045508341,-0.00160697866611142
25.91209,45.98747,-0.00574152950018458,45.9915943933601,-0.00161713614006275
25.92341,45.99136,-0.00185152950018619,45.9915881870465,-0.00162334245367808
25.93476,45.99089,-0.00232152950018616,45.9915831563007,-0.0016283731994384
25.94612,45.99397,0.000758470499810926,45.9915751721371,-0.0016363573630831
25.95745,45.99069,-0.00252152950018569,45.9915595602717,-0.00165196922852937
25.9688,45.99243,-0.000781529500187617,45.9915321763635,-0.00167935313665197
25.98014,45.99158,-0.00163152950018741,45.9914904408347,-0.00172108866547464
25.99147,45.99113,-0.00208152950018814,45.9914340987488,-0.00177743075134829
26.00281,45.99261,-0.000601529500187326,45.9913655792456,-0.00184595025454458
26.01414,45.99034,-0.0028715295001831,45.9912899177262,-0.00192161177402519
26.02546,45.99214,-0.0010715295001873,45.9912142717142,-0.00199725778597128
26.03679,45.98951,-0.00370152950018365,45.9911471195801,-0.00206440992011023
26.04811,45.99141,-0.00180152950018453,45.9910972738769,-0.00211425562329003
26.05944,45.99256,-0.000651529500188985,45.991072847926,-0.0021386815742095
26.07078,45.98959,-0.00362152950018668,45.9910802831545,-0.00213124634572984
26.08214,45.99037,-0.00284152950018779,45.9911235082771,-0.00208802122308198
26.09348,45.99282,-0.000391529500184618,45.9912032870788,-0.00200824242136465
26.10482,45.99195,-0.00126152950018366,45.9913168019577,-0.00189472754249525
26.11618,45.99069,-0.00252152950018569,45.9914575016661,-0.0017540278340729
26.12752,45.98963,-0.0035815295001882,45.991615248749,-0.00159628075122067
26.13887,45.99248,-0.000731529500185957,45.9917768462812,-0.00143468321899183
26.15023,45.99145,-0.00176152950018604,45.9919270343646,-0.00128449513563714
26.16155,45.99249,-0.000721529500189888,45.9920499642394,-0.0011615652608287
26.1729,45.99234,-0.000871529500187762,45.9921310238562,-0.00108050564400923
26.18422,45.99072,-0.00249152950018328,45.9921587891159,-0.00105274038423539
26.19557,45.99405,0.000838470499815003,45.9921268375053,-0.00108469199490432
26.20692,45.99197,-0.00124152950018441,45.9920351541294,-0.00117637537081366
26.21827,45.99268,-0.000531529500186423,45.9918908635397,-0.00132066596046386
26.22959,45.99279,-0.000421529500187035,45.9917080574245,-0.00150347207571945
26.24094,45.99416,0.000948470499814391,45.9915065898151,-0.00170493968512318
26.25228,45.98795,-0.00526152950018854,45.9913098838583,-0.00190164564190755
26.26364,45.99053,-0.00268152950018674,45.9911420150519,-0.00206951444828732
26.27498,45.99229,-0.000921529500189422,45.9910245363114,-0.00218699318882818
26.28633,45.98826,-0.00495152950018962,45.9909735890764,-0.00223794042377663
26.29768,45.99097,-0.00224152950018919,45.9909977672612,-0.00221376223898095
26.30903,45.99171,-0.00150152950018878,45.9910970343049,-0.00211449519525144
26.32036,45.99079,-0.00242152950018948,45.991262811925,-0.00194871757521847
26.33172,45.99041,-0.0028015295001893,45.9914791951346,-0.00173233436561077
26.34305,45.99097,-0.00224152950018919,45.9917251221196,-0.00148640738057848
26.35438,45.99123,-0.00198152950018482,45.9919772307832,-0.0012342987169972
26.36572,45.99544,0.00222847049981567,45.9922130200606,-0.000998509439557462
26.37705,45.99407,0.000858470499814246,45.9924137995015,-0.000797729998711559
26.38838,45.9938,0.000588470499813809,45.9925668469431,-0.000644682557094084
26.39971,45.99377,0.000558470499811392,45.9926663150317,-0.000545214468496734
26.41107,45.9928,-0.00041152950018386,45.9927127452176,-0.000498784282544283
26.4224,45.98965,-0.00356152950018895,45.9927114491642,-0.000500080336021947
26.43373,45.98914,-0.00407152950018741,45.9926703450797,-0.00054118442052424
26.44507,45.99281,-0.000401529500187792,45.9925979558138,-0.000613573686369398
26.45642,45.99392,0.000708470499816372,45.9925021130885,-0.000709416411724111
26.46777,45.99404,0.000828470499811829,45.9923895333319,-0.000821996168332763
26.47912,45.99078,-0.00243152950018555,45.9922660549619,-0.000945474538300398
26.49045,45.99383,0.000618470499816226,45.9921371610994,-0.00107436840082513
26.50181,45.99055,-0.0026615295001875,45.9920084673328,-0.00120306216740545
26.51316,45.99368,0.000468470499811247,45.9918859899043,-0.00132553959583662
26.52449,45.99145,-0.00176152950018604,45.991776112979,-0.0014354165211495
26.53582,45.99046,-0.00275152950018764,45.9916852369682,-0.00152629253200178
26.54712,45.99356,0.000348470499815789,45.9916191437851,-0.00159238571505932
26.55846,45.99242,-0.000791529500183685,45.9915821640746,-0.00162936542563225
26.56981,45.99129,-0.00192152950018709,45.9915762763912,-0.00163525310903947
26.58116,45.98655,-0.00666152950018528,45.9916003351889,-0.00161119431125382
26.5925,45.99297,-0.000241529500186743,45.9916497021021,-0.00156182739805927
26.60384,45.99159,-0.00162152950018424,45.9917165387904,-0.0014949907097659
26.61518,45.99226,-0.000951529500184733,45.99179082752,-0.00142070198018183
26.62648,45.99358,0.000368470499815032,45.9918619051903,-0.00134962430990902
26.63782,45.99231,-0.000901529500183074,45.9919201106755,-0.0012914188246924
26.64914,45.99294,-0.00027152950018916,45.9919581461161,-0.00125338338410808
26.66046,45.99119,-0.00202152950018331,45.9919719020921,-0.00123962740807571
26.67182,45.98948,-0.00373152950018607,45.991960703837,-0.00125082566320565
26.68317,45.99451,0.0012984704998118,45.9919271030722,-0.0012844264279604
26.69452,45.99065,-0.00256152950018418,45.9918763931801,-0.00133513632011427
26.70586,45.991,-0.00221152950018677,45.9918159686167,-0.0013955608834977
26.71722,45.99356,0.000348470499815789,45.9917545623203,-0.00145696717985612
26.72855,45.99358,0.000368470499815032,45.9917013433982,-0.0015101861020184
26.73986,45.98967,-0.00354152950018971,45.991664859517,-0.00154666998322098
26.7512,45.991,-0.00221152950018677,45.991651877455,-0.00155965204513971
26.76254,45.99213,-0.00108152950018336,45.9916662948608,-0.00154523463934853
26.77388,45.99005,-0.00316152950018989,45.9917083780379,-0.00150315146226755
26.78524,45.99256,-0.000651529500188985,45.9917745502868,-0.00143697921342047
26.79656,45.99011,-0.00310152950018505,45.9918578380274,-0.00135369147278303
26.80788,45.99289,-0.000321529500183715,45.9919489427694,-0.00126258673079271
26.81922,45.99277,-0.000441529500186277,45.9920377764293,-0.00117375307084388
26.83056,45.99223,-0.00098152950018715,45.9921151904632,-0.00109633903703192
26.84191,45.99155,-0.00166152950018983,45.9921745764107,-0.00103695308944884
26.85326,45.99437,0.0011584704998171,45.9922130357942,-0.000998493705968813
26.86459,45.99226,-0.000951529500184733,45.99223188949,-0.000979640010166217
26.87593,45.99234,-0.000871529500187762,45.9922363930656,-0.000975136434546903
26.88726,45.99319,-2.15295001879667e-05,45.9922346476949,-0.000976881805297543
26.89858,45.99286,-0.000351529500186132,45.9922358483341,-0.000975681166130427
26.90994,45.99141,-0.00180152950018453,45.9922481682362,-0.000963361263971003
26.92127,45.98833,-0.00488152950018872,45.9922767154946,-0.000934814005581883
26.93262,45.99094,-0.0022715295001845,45.9923220725068,-0.000889456993382295
26.94397,45.99319,-2.15295001879667e-05,45.9923798577811,-0.00083167171908197
26.95532,45.99288,-0.000331529500186889,45.9924414767401,-0.000770052760051711
26.96666,45.99357,0.000358470499811858,45.9924958466931,-0.000715682807068643
26.97803,45.99362,0.000408470499813518,45.99253158751,-0.000679941990223575
26.98936,45.995,0.00178847049981101,45.9925390912057,-0.000672438294529805
27.0007,45.99028,-0.00293152950018793,45.992512007517,-0.000699521983239306
27.01199,45.99335,0.000138470499813081,45.9924479240048,-0.000763605495342227
27.02336,45.99214,-0.0010715295001873,45.9923482778849,-0.000863251615292737
27.03468,45.99216,-0.00105152950018805,45.992217718865,-0.000993810635193325
27.04602,45.99129,-0.00192152950018709,45.9920632129831,-0.00114831651712531
27.05732,45.9875,-0.00571152950018927,45.9918931697453,-0.00131835975487479
27.06866,45.99619,0.00297847049981215,45.9917168076481,-0.0014947218520864
27.08,45.992,-0.0012115295001891,45.9915438242307,-0.00166770526943978
27.09134,45.99096,-0.00225152950018526,45.9913842442129,-0.00182728528731773
27.10268,45.99235,-0.000861529500184588,45.991248218207,-0.00196331129315715
27.114,45.98863,-0.00458152950018587,45.991145615456,-0.00206591404418159
27.12534,45.99165,-0.00156152950018651,45.9910854082428,-0.00212612125734938
27.13668,45.99155,-0.00166152950018983,45.9910749348617,-0.00213659463844854
27.14804,45.99414,0.000928470499815148,45.9911191053404,-0.00209242415980932
27.15937,45.99054,-0.00267152950018357,45.9912195595929,-0.00199196990728823
27.17072,45.99004,-0.00317152950018595,45.9913738216299,-0.00183770787030746
27.18206,45.98811,-0.0051015295001875,45.9915746455911,-0.00163688390908509
27.1934,45.99211,-0.00110152950018971,45.9918098940555,-0.00140163544470071
27.20474,45.99121,-0.00200152950018406,45.9920632526424,-0.00114827685775086
27.21607,45.99451,0.0012984704998118,45.9923158298892,-0.000895699611030941
27.22741,45.99347,0.000258470499815644,45.9925483623961,-0.000663167104094997
27.23876,45.99517,0.00195847049981523,45.9927435377638,-0.000467991736408138
27.2501,45.98942,-0.0037915295001838,45.9928879624644,-0.000323567035812393
27.26144,45.99387,0.000658470499814712,45.9929734967081,-0.000238032792058516
27.27279,45.99393,0.00071847049981244,45.9929979077458,-0.00021362175442369
27.28413,45.99128,-0.00193152950018316,45.9929649169266,-0.000246612573578471
27.29546,45.99413,0.000918470499811974,45.9928837155038,-0.0003278139964146
27.30681,45.99408,0.000868470499810314,45.9927679829289,-0.000443546571327445
27.31814,45.99144,-0.00177152950018922,45.992634428802,-0.000577100698206744
27.32946,45.99498,0.00176847049981177,45.9925009163429,-0.000710613157256239
27.34077,45.98942,-0.0037915295001838,45.9923843124627,-0.000827217037526559
27.35212,45.99264,-0.000571529500184909,45.9922983212501,-0.000913208250074307
27.36346,45.99141,-0.00180152950018453,45.9922516343243,-0.000959895175867723
27.3748,45.99299,-0.000221529500187501,45.9922467197161,-0.000964809784068458
27.38613,45.99105,-0.00216152950018511,45.9922794722184,-0.000932057281786993
27.39744,45.99044,-0.00277152950018689,45.9923398177715,-0.00087171172865634
27.40878,45.99214,-0.0010715295001873,45.9924132412586,-0.000798288241635865
27.42012,45.99529,0.00207847049981069,45.9924830666017,-0.000728462898435796
27.43144,45.99195,-0.00126152950018366,45.9925331422722,-0.00067838722801478
27.44278,45.99419,0.000978470499816808,45.9925504459852,-0.000661083515007182
27.45413,45.99223,-0.00098152950018715,45.9925271210866,-0.000684408413609923
27.46544,45.99403,0.00081847049981576,45.9924616010629,-0.000749928437277851
27.47678,45.99332,0.000108470499810664,45.9923586860484,-0.000852843451811785
27.48811,45.98924,-0.00397152950018409,45.9922286418788,-0.000982887621425632
27.49946,45.99178,-0.00143152950018788,45.9920855756928,-0.00112595380743421
27.5108,45.99139,-0.00182152950018377,45.9919454564336,-0.0012660730665491
27.52213,45.99365,0.000438470499815935,45.9918241275622,-0.00138740193800308
27.53347,45.9932,-1.15295001847926e-05,45.9917355181592,-0.00147601134099831
27.54481,45.9893,-0.00391152950018636,45.9916901268273,-0.00152140267284656
27.55618,45.99181,-0.00140152950018546,45.991693846043,-0.00151768345715591
27.56752,45.98956,-0.0036515295001891,45.9917472812154,-0.00146424828481297
27.57884,45.99088,-0.00233152950018933,45.9918457567554,-0.00136577274481746
27.59015,45.99422,0.00100847049981212,45.9919800928061,-0.0012314366941358
27.6015,45.99319,-2.15295001879667e-05,45.9921380157794,-0.00107351372076184
27.61282,45.99214,-0.0010715295001873,45.9923058651926,-0.000905664307583225
27.62414,45.99322,8.47049981445025e-06,45.9924702043036,-0.000741325196616731
27.63546,45.99226,-0.000951529500184733,45.9926190515369,-0.000592477963318264
27.6468,45.99378,0.000568470499814566,45.9927426299812,-0.000468899519000321
27.65813,45.99098,-0.00223152950018601,45.9928336840005,-0.000377845499650987
27.66946,45.9932,-1.15295001847926e-05,45.9928875040843,-0.000324025415912219
27.68078,45.99139,-0.00182152950018377,45.9929018339854,-0.0003096955148246
27.69211,45.99315,-6.15295001864524e-05,45.9928767973212,-0.000334732179011573
27.70345,45.99601,0.00279847049981186,45.9928148763356,-0.000396653164605108
27.71478,45.99225,-0.000961529500187908,45.9927208583402,-0.000490671159994976
27.72613,45.98923,-0.00398152950018726,45.992601627362,-0.000609902138134525
27.73747,45.99356,0.000348470499815789,45.9924657544497,-0.00074577505046698
27.74882,45.994,0.000788470499813343,45.9923229353528,-0.000888594147340027
27.76017,45.99179,-0.0014215295001847,45.992183320658,-0.00102820884223471
27.7715,45.99396,0.000748470499814857,45.9920567119557,-0.00115481754447315
27.78284,45.99012,-0.00309152950018898,45.9919515940356,-0.00125993546461241
27.79416,45.99163,-0.00158152950018575,45.9918740827595,-0.00133744674065565
27.80548,45.99092,-0.00229152950018374,45.9918270019812,-0.001384527518952
27.81679,45.99174,-0.00147152950018636,45.9918093541795,-0.00140217532068335
27.82813,45.98994,-0.00327152950018927,45.9918163841343,-0.00139514536592689
27.83946,45.99467,0.00145847049981285,45.9918402895002,-0.00137123999995277
27.85081,45.99023,-0.00298152950018959,45.9918714688108,-0.00134006068940134
27.86214,45.99216,-0.00105152950018805,45.9919000725734,-0.00131145692681056
27.87349,45.99437,0.0011584704998171,45.9919175712003,-0.00129395829985131
27.88481,45.99046,-0.00275152950018764,45.9919180722328,-0.00129345726737435
27.89614,45.99229,-0.000921529500189422,45.9918991867226,-0.00131234277761103
27.90748,45.99162,-0.00159152950018893,45.9918623430643,-0.00134918643589095
27.91883,45.99201,-0.00120152950018593,45.9918125436371,-0.00139898586310774
27.93016,45.99233,-0.000881529500183831,45.9917576138577,-0.00145391564250358
27.94148,45.99374,0.000528470499816081,45.9917070079109,-0.00150452158924297
27.95281,45.99061,-0.00260152950018977,45.9916702642033,-0.00154126529686397
27.96413,45.98935,-0.0038615295001847,45.9916552914418,-0.00155623805837255
27.97548,45.99243,-0.000781529500187617,45.9916667895117,-0.00154473998851249
27.98682,45.98964,-0.00357152950018502,45.9917051733918,-0.001506356108342
27.99816,45.99158,-0.00163152950018741,45.9917662944413,-0.00144523505884524
28.00951,45.99254,-0.000671529500188228,45.9918420617,-0.00136946780015789
28.02084,45.9925,-0.000711529500186714,45.9919218431396,-0.0012896863606207
28.03216,45.99157,-0.00164152950018348,45.9919943520013,-0.00121717749883439
28.04349,45.99319,-2.15295001879667e-05,45.9920496424791,-0.00116188702110025
28.05483,45.99268,-0.000531529500186423,45.9920808550202,-0.00113067447995706
28.06616,45.99145,-0.00176152950018604,45.9920854292225,-0.00112610027765395
28.07751,45.99361,0.000398470499810344,45.9920656072366,-0.00114592226361657
28.08885,45.99272,-0.000491529500187937,45.9920281672436,-0.00118336225663247
28.10019,45.98972,-0.00349152950018805,45.9919834473101,-0.00122808219009618
28.11154,45.99205,-0.00116152950018744,45.9919438361276,-0.00126769337255221
28.12284,45.99244,-0.000771529500184442,45.9919219890394,-0.00128954046080127
28.1342,45.99259,-0.000621529500186568,45.9919290322289,-0.00128249727132113
28.1455,45.99116,-0.00205152950018572,45.9919729565593,-0.00123857294093798
28.15683,45.99177,-0.00144152950018395,45.9920573504929,-0.00115417900728086
28.16818,45.99121,-0.00200152950018406,45.992180618113,-0.00103091138715793
28.17953,45.9923,-0.000911529500186248,45.9923358276786,-0.000875701821609332
28.19087,45.99274,-0.000471529500188694,45.9925112812091,-0.000700248291067856
28.20219,45.99141,-0.00180152950018453,45.992691788539,-0.00051974096113531
28.21351,45.99275,-0.00046152950018552,45.992860512069,-0.000351017431195746
28.22484,45.99396,0.000748470499814857,45.9930011456966,-0.000210383803557625
28.23619,45.99478,0.00156847049981224,45.9931001017586,-0.000111427741617489
28.24754,45.99372,0.000508470499816838,45.9931483235947,-6.32059055208944e-05
28.25887,45.99444,0.0012284704998109,45.9931423766712,-6.91528289516629e-05
28.2702,45.99097,-0.00224152950018919,45.9930846302988,-0.000126899201380661
28.28155,45.99202,-0.00119152950018986,45.9929825706158,-0.000228958884371395
28.29284,45.99477,0.00155847049981617,45.9928474679182,-0.0003640615819887
28.30418,45.99327,5.84704998161101e-05,45.9926926740502,-0.000518855449938064
28.31553,45.9916,-0.00161152950018817,45.9925317802711,-0.000679749229099092
28.32686,45.99168,-0.00153152950018409,45.9923768358349,-0.000834693665321519
28.33819,45.991,-0.00221152950018677,45.9922368624206,-0.000974667079614974
28.34951,45.99144,-0.00177152950018922,45.9921169250154,-0.00109460448483008
28.36086,45.99146,-0.00175152950018997,45.9920179447814,-0.0011935847187476
28.3722,45.99278,-0.000431529500183103,45.9919372616729,-0.00127426782725052
28.38352,45.99438,0.00116847049981317,45.9918697469808,-0.00134178251938134
28.39484,45.99239,-0.000821529500186102,45.9918091234978,-0.00140240600234517
28.40617,45.99041,-0.0028015295001893,45.9917491539389,-0.00146237556133383
28.41751,45.99052,-0.00269152950018992,45.9916845151363,-0.00152701436388377
28.42885,45.99235,-0.000861529500184588,45.9916113805573,-0.00160014894286697
28.44019,45.99176,-0.00145152950018712,45.9915278413381,-0.00168368816205542
28.45151,45.99018,-0.00303152950018415,45.9914342646147,-0.00177726488547562
28.46285,45.99068,-0.00253152950018887,45.9913335979104,-0.00187793158978409
28.4742,45.99295,-0.000261529500185986,45.991231552204,-0.00197997729616595
28.48554,45.99258,-0.000631529500189743,45.9911365322234,-0.00207499727683263
28.49687,45.99131,-0.00190152950018785,45.9910591370771,-0.00215239242312514
28.50821,45.99144,-0.00177152950018922,45.9910110919699,-0.00220043753029168
28.51954,45.99033,-0.00288152950018628,45.9910036271193,-0.00220790238087299
28.53089,45.99084,-0.00237152950018782,45.9910455278058,-0.00216600169437623
28.54222,45.9904,-0.00281152950018537,45.9911412359775,-0.00207029352265395
28.55356,45.98827,-0.00494152950018645,45.991289433314,-0.00192209618617094
28.56492,45.99131,-0.00190152950018785,45.9914824705196,-0.00172905898055969
28.57626,45.994,0.000788470499813343,45.9917068303184,-0.00150469918176597
28.58762,45.99121,-0.00200152950018406,45.9919445542249,-0.00126697527527709
28.59895,45.99434,0.00112847049981468,45.9921753300263,-0.00103619947384917
28.6103,45.99109,-0.00212152950018663,45.9923788488543,-0.000832680645901445
28.62162,45.99012,-0.00309152950018898,45.9925371140711,-0.000674415429080568
28.63296,45.99427,0.00105847049981378,45.9926365098949,-0.000575019605265101
28.6443,45.99362,0.000408470499813518,45.9926694863047,-0.000542043195462391
28.65562,45.99219,-0.00102152950018564,45.99263565775,-0.000575871750138892
28.66696,45.99757,0.00435847049981675,45.9925420421853,-0.000669487314921881
28.67832,45.99268,-0.000531529500186423,45.9924022115858,-0.000809317914341522
28.68969,45.98843,-0.0047815295001854,45.9922343403631,-0.000977189137088937
28.70102,45.98991,-0.00330152950018459,45.9920584711305,-0.0011530583696855
28.71233,45.99278,-0.000431529500183103,45.9918935989084,-0.00131793059173785
28.72366,45.99221,-0.00100152950018639,45.9917552100485,-0.00145631945168399
28.73498,45.99084,-0.00237152950018782,45.9916536872335,-0.00155784226667676
28.74633,45.98967,-0.00354152950018971,45.9915937048606,-0.00161782463961411
28.75764,45.99355,0.000338470499812615,45.9915745547176,-0.00163697478260832
28.76898,45.99046,-0.00275152950018764,45.9915912392937,-0.00162029020648102
28.78032,45.99387,0.000658470499814712,45.9916360748412,-0.00157545465896729
28.79164,45.99043,-0.00278152950018296,45.9917004728859,-0.00151105661431095
28.80296,45.99216,-0.00105152950018805,45.991776570763,-0.00143495873718177
28.81429,45.99383,0.000618470499816226,45.9918584541764,-0.00135307532383295
28.82563,45.99255,-0.000661529500185054,45.9919428113257,-0.0012687181744956
28.83696,45.9906,-0.00261152950018584,45.9920289660645,-0.00118256343571237
28.84828,45.98971,-0.00350152950018412,45.9921183742425,-0.00109315525770284
28.8596,45.993,-0.000211529500184326,45.9922137946808,-0.00099773481943778
28.87092,45.99468,0.00146847049981602,45.9923183647577,-0.000893164742466963
28.88226,45.99213,-0.00108152950018336,45.9924346973928,-0.000776832107388296
28.89358,45.99235,-0.000861529500184588,45.9925639979161,-0.000647531584049016
28.90493,45.99294,-0.00027152950018916,45.9927052094243,-0.000506320075894787
28.91628,45.99084,-0.00237152950018782,45.9928543134554,-0.000357216044744446
28.92761,45.99088,-0.00233152950018933,45.9930040099024,-0.00020751959781691
28.93895,45.99619,0.00297847049981215,45.9931439790032,-6.755049700173e-05
28.95031,45.99234,-0.000871529500187762,45.9932617822508,5.02527505781253e-05
28.96164,45.99535,0.00213847049981553,45.9933442695378,0.000132740037561378
28.97298,45.99041,-0.0028015295001893,45.9933792512754,0.000167721775246718
28.98431,45.99224,-0.000971529500183976,45.9933572152762,0.000145685776024031
28.99565,45.99593,0.00271847049981488,45.9932729269289,6.1397428694599e-05
29.00703,45.99557,0.0023584704998143,45.9931267305977,-8.47989024808155e-05
29.01835,45.99218,-0.00103152950018881,45.9929252951563,-0.000286234343868012
29.0297,45.9899,-0.00331152950018776,45.9926815638962,-0.000529965603993533
29.04105,45.99475,0.00153847049981692,45.9924138350219,-0.000797694478332784
29.05238,45.99308,-0.000131529500187355,45.9921440817335,-0.0010674477667255
29.0637,45.99246,-0.0007515295001852,45.991895691953,-0.00131583754722612
29.07503,45.99162,-0.00159152950018893,45.9916908226312,-0.0015207068690061
29.08639,45.98957,-0.00364152950018592,45.9915476455069,-0.00166388399326871
29.09774,45.99054,-0.00267152950018357,45.9914779012349,-0.0017336282652553
29.10908,45.98878,-0.00443152950018799,45.9914852497885,-0.00172627971169891
29.12043,45.99222,-0.000991529500183219,45.9915648072489,-0.00164672225130386
29.13176,45.99317,-4.15295001872096e-05,45.9917039979089,-0.00150753159127921
29.1431,45.99144,-0.00177152950018922,45.9918845275598,-0.0013270019404241
29.15443,45.99226,-0.000951529500184733,45.9920850395549,-0.00112648994528379
29.16578,45.99415,0.000938470499811217,45.992283933199,-0.00092759630118126
29.17713,45.9937,0.000488470499810489,45.9924618790826,-0.000749650417542436
29.18848,45.99161,-0.00160152950018499,45.9926036949696,-0.000607834530629717
29.19983,45.99124,-0.00197152950018875,45.9926994219434,-0.000512107556796406
29.21117,45.99548,0.00226847049981416,45.9927446300276,-0.000466899472635713
29.2225,45.98944,-0.00377152950018456,45.9927401096649,-0.000471419835318084
29.23382,45.99469,0.00147847049981209,45.9926911311327,-0.000520398367476293
29.24514,45.99225,-0.000961529500187908,45.9926064193145,-0.00060511018570892
29.25647,45.9926,-0.000611529500183394,45.9924969497261,-0.000714579774085432
29.26778,45.99244,-0.000771529500184442,45.9923746469785,-0.000836882521678024
29.27912,45.99323,1.8470499810519e-05,45.9922510706527,-0.000960458847483439
29.29045,45.99072,-0.00249152950018328,45.9921362053699,-0.00107532413027828
29.30178,45.99018,-0.00303152950018415,45.9920375128676,-0.00117401663262829
29.31313,45.99224,-0.000971529500183976,45.9919594188431,-0.00125211065706115
29.32447,45.99331,9.84704998145958e-05,45.9919033487555,-0.0013081807446588
29.33583,45.99036,-0.00285152950018386,45.9918682860264,-0.00134324347377528
29.34716,45.99382,0.000608470499813052,45.991851676722,-0.00135985277823879
29.35854,45.99084,-0.00237152950018782,45.9918504337181,-0.00136109578209389
29.3699,45.99316,-5.15295001832783e-05,45.9918618105362,-0.00134971896401512
29.38123,45.99063,-0.00258152950018342,45.991883976226,-0.00132755327417036
29.39257,45.99314,-7.15295001896266e-05,45.9919161928624,-0.00129533663778386
29.40393,45.99435,0.00113847049981075,45.9919585614012,-0.00125296809893663
29.41525,45.99069,-0.00252152950018569,45.9920113680471,-0.00120016145309928
29.42659,45.9902,-0.00301152950018491,45.9920741662005,-0.00113736329972154
29.43793,45.99084,-0.00237152950018782,45.9921448674629,-0.00106666203724583
29.44925,45.99343,0.000218470499810053,45.9922191968145,-0.000992332685693318
29.46059,45.98986,-0.00335152950018625,45.9922907933531,-0.000920736147035778
29.47194,45.99342,0.000208470499813984,45.9923520327985,-0.000859496701737379
29.48329,45.99149,-0.00172152950018756,45.9923954227005,-0.000816106799721288
29.49463,45.99572,0.00250847049981218,45.9924152469098,-0.000796282590433338
29.50596,45.99251,-0.00070152950018354,45.9924090326248,-0.000802496875395406
29.5173,45.99341,0.00019847049981081,45.992378417598,-0.000833111902228105
29.52864,45.99262,-0.000591529500184151,45.9923291410302,-0.000882388469961437
29.53999,45.9906,-0.00261152950018584,45.9922701309832,-0.000941398517015445
29.55133,45.99332,0.000108470499810664,45.9922119094085,-0.000999620091721224
29.56268,45.99064,-0.00257152950018735,45.9921646905062,-0.00104683899401655
29.57398,45.99158,-0.00163152950018741,45.9921365823507,-0.001074947149479
29.58532,45.99097,-0.00224152950018919,45.9921322426814,-0.0010792868188063
29.59665,45.99246,-0.0007515295001852,45.9921522198452,-0.00105930965499733
29.60799,45.99297,-0.000241529500186743,45.9921930470872,-0.00101848241295839
29.61932,45.99221,-0.00100152950018639,45.9922479866882,-0.000963542812025473
29.63066,45.99209,-0.00112152950018896,45.9923082003927,-0.000903329107456895
29.64201,45.99325,3.84704998168672e-05,45.9923640912003,-0.000847438299880511
29.65332,45.99323,1.8470499810519e-05,45.9924065975064,-0.000804931993817083
29.66466,45.99119,-0.00202152950018331,45.992428283649,-0.000783245851184542
29.67601,45.99123,-0.00198152950018482,45.9924241445771,-0.000787384923129879
29.68736,45.99367,0.000458470499815178,45.9923921063739,-0.000819423126316606
29.6987,45.99462,0.00140847049981119,45.9923332168002,-0.000878312700023275
29.71006,45.99062,-0.0025915295001866,45.9922514849789,-0.000960044521254781
29.72138,45.99271,-0.000501529500184006,45.9921533294406,-0.00105820005962069
29.7327,45.99087,-0.0023415295001854,45.992046682551,-0.00116484694922076
29.74404,45.99303,-0.000181529500189015,45.9919399144303,-0.00127161506987725
29.75538,45.98988,-0.003331529500187,45.9918407875035,-0.00137074199664689
29.76673,45.9931,-0.000111529500188112,45.9917556209879,-0.00145590851231715
29.77809,45.99056,-0.00265152950018432,45.9916887771894,-0.00152275231075617
29.78943,45.99283,-0.000381529500188549,45.9916425105017,-0.00156901899847303
29.80078,45.98927,-0.00394152950018878,45.9916171591747,-0.00159437032546217
29.81212,45.9939,0.000688470499810023,45.9916116155606,-0.00159991393961305
29.82343,45.98969,-0.00352152950018336,45.9916239733531,-0.00158755614705199
29.83479,45.99403,0.00081847049981576,45.9916522092437,-0.00155932025651401
29.84614,45.99194,-0.00127152950018683,45.9916947264455,-0.00151680305464647
29.85747,45.9916,-0.00161152950018817,45.9917506033182,-0.00146092618200544
29.8688,45.99208,-0.00113152950018502,45.9918194719639,-0.00139205753629119
29.88016,45.99158,-0.00163152950018741,45.9919010786909,-0.00131045080927028
29.89146,45.98858,-0.00463152950018753,45.9919946933142,-0.00121683618597083
29.9028,45.99474,0.00152847049981375,45.9920985753722,-0.00111295412797727
29.91414,45.99426,0.00104847049981061,45.9922096432563,-0.00100188624389794
29.92548,45.99144,-0.00177152950018922,45.9923233722469,-0.000888157253307782
29.93684,45.98936,-0.00385152950018863,45.9924338866463,-0.000777642853866368
29.94819,45.99363,0.000418470499816692,45.99253426951,-0.000677259990215426
29.95956,45.99052,-0.00269152950018992,45.9926171843309,-0.000594345169297575
29.97087,45.99428,0.00106847049981695,45.9926758402131,-0.000535689287088338
29.98223,45.99395,0.000738470499811683,45.9927051427084,-0.000506386791771121
29.99359,45.99444,0.0012284704998109,45.9927026950108,-0.000508834489346711
30.00495,45.99344,0.000228470499813227,45.9926692734703,-0.000542256029925083
30.01628,45.99369,0.000478470499814421,45.9926085390911,-0.000602990409039221
30.02759,45.99035,-0.00286152950018703,45.9925260198667,-0.000685509633449931
30.03892,45.98899,-0.00422152950018528,45.9924276981367,-0.000783831363442546
30.05025,45.99216,-0.00105152950018805,45.9923187221427,-0.000892807357531927
30.06158,45.9927,-0.00051152950018718,45.9922027173235,-0.00100881217664393
30.07291,45.99251,-0.00070152950018354,45.9920819015778,-0.00112962792242862
30.08427,45.99352,0.000308470499810198,45.9919578642995,-0.00125366520070834
30.0956,45.99046,-0.00275152950018764,45.9918326452594,-0.00137888424078622
30.10695,45.99277,-0.000441529500186277,45.9917097177631,-0.00150181173704652
30.11828,45.99316,-5.15295001832783e-05,45.9915945712426,-0.00161695825755427
30.1296,45.99181,-0.00140152950018546,45.9914947070053,-0.00171682249491397
30.14096,45.99152,-0.00169152950018514,45.9914189847323,-0.00179254476787688
30.15231,45.99026,-0.00295152950018718,45.9913764120501,-0.00183511745004065
30.16364,45.98962,-0.00359152950018427,45.9913746374337,-0.00183689206649573
30.17499,45.99165,-0.00156152950018651,45.9914185059802,-0.0017930235200086
30.18634,45.99143,-0.00178152950018529,45.991509000106,-0.00170252939417
30.19764,45.99346,0.00024847049981247,45.9916427330622,-0.00156879643803581
30.20898,45.98928,-0.0039315295001856,45.9918119925717,-0.00139953692847358
30.22034,45.99369,0.000478470499814421,45.9920052395098,-0.00120628999038657
30.23168,45.99236,-0.000851529500188519,45.9922079599425,-0.00100356955773316
30.243,45.99194,-0.00127152950018683,45.99240379103,-0.000807738470184775
30.25435,45.99154,-0.0016715295001859,45.9925758591298,-0.000635670370344457
30.26564,45.99199,-0.00122152950018517,45.9927082828416,-0.000503246658609568
30.27699,45.99395,0.000738470499811683,45.9927877816746,-0.000423747825584265
30.2883,45.99323,1.8470499810519e-05,45.9928052613063,-0.000406268193840114
30.29962,45.99249,-0.000721529500189888,45.9927571501501,-0.000454379350133261
30.31096,45.99358,0.000368470499815032,45.9926462152681,-0.000565314232121011
30.32229,45.99483,0.0016184704998139,45.992481623685,-0.000729905815152645
30.33363,45.99131,-0.00190152950018785,45.9922781192156,-0.000933410284552903
30.34497,45.99236,-0.000851529500188519,45.9920543399325,-0.00115718956764376
30.3563,45.99157,-0.00164152950018348,45.9918304958747,-0.00138103362550933
30.36765,45.98954,-0.00367152950018834,45.9916258062419,-0.0015857232582479
30.379,45.98991,-0.00330152950018459,45.9914561827334,-0.00175534676678402
30.39036,45.99124,-0.00197152950018875,45.9913325960291,-0.00187893347110027
30.40169,45.99146,-0.00175152950018997,45.9912603770582,-0.00195115244202111
30.41302,45.99319,-2.15295001879667e-05,45.9912394383335,-0.00197209116666151
30.42433,45.99073,-0.00248152950018721,45.9912651646055,-0.00194636489467952
30.43564,45.99171,-0.00150152950018878,45.9913296219755,-0.0018819075246481
30.44695,45.99171,-0.00150152950018878,45.991422785157,-0.00178874434319418
30.45828,45.99084,-0.00237152950018782,45.9915336063539,-0.00167792314625729
30.46962,45.99363,0.000418470499816692,45.991650859741,-0.0015606697591596
30.48096,45.98991,-0.00330152950018459,45.991763765027,-0.0014477644731965
30.49231,45.99197,-0.00124152950018441,45.9918624418859,-0.00134908761423994
30.50365,45.99105,-0.00216152950018511,45.9919382851224,-0.00127324437779153
30.51496,45.99261,-0.000601529500187326,45.9919843536876,-0.00122717581254159
30.52628,45.99175,-0.00146152950018319,45.9919958121315,-0.00121571736865142
30.5376,45.99306,-0.000151529500186598,45.9919703762482,-0.00124115325195662
30.54893,45.99098,-0.00223152950018601,45.9919086522321,-0.00130287726810447
30.56025,45.9923,-0.000911529500186248,45.991814252098,-0.00139727740214898
30.57159,45.99281,-0.000401529500187792,45.99169360317,-0.00151792633022101
30.58294,45.99155,-0.00166152950018983,45.9915554171646,-0.00165611233562269
30.59427,45.99032,-0.00289152950018945,45.9914098398217,-0.00180168967848005
30.6056,45.99214,-0.0010715295001873,45.9912673740155,-0.00194415548466158
30.61695,45.99094,-0.0022715295001845,45.9911377391775,-0.00207379032267217
30.62831,45.98986,-0.00335152950018625,45.9910288627957,-0.00218266670444548
30.63962,45.98802,-0.00519152950018764,45.9909461873465,-0.00226534215372859
30.65097,45.99516,0.00194847049981206,45.9908924172486,-0.002319112251552
30.66229,45.9907,-0.00251152950018962,45.9908677122616,-0.00234381723863012
30.67361,45.98901,-0.00420152950018604,45.990870197026,-0.00234133247414207
30.68494,45.99259,-0.000621529500186568,45.9908966029343,-0.00231492656590332
30.69628,45.98959,-0.00362152950018668,45.9909429156553,-0.00226861384489765
30.70761,45.9913,-0.00191152950018392,45.9910049766859,-0.00220655281432245
30.71892,45.9917,-0.00151152950018485,45.9910790039956,-0.00213252550457273
30.73026,45.99146,-0.00175152950018997,45.9911619734366,-0.00204955606359611
30.74159,45.99222,-0.000991529500183219,45.9912517896878,-0.00195973981234146
30.75291,45.98879,-0.00442152950018482,45.9913472035187,-0.00186432598143506
30.76426,45.99337,0.000158470499812324,45.9914474968769,-0.00176403262323937
30.7756,45.99229,-0.000921529500189422,45.99155201594,-0.00165951356023683
30.78694,45.99078,-0.00243152950018555,45.9916596525541,-0.00155187694606647
30.79828,45.99002,-0.0031915295001852,45.9917683836475,-0.0014431458526545
30.80964,45.99099,-0.00222152950018994,45.9918750037496,-0.00133652575061546
30.82096,45.99293,-0.000281529500185229,45.9919751763483,-0.00123635315191803
30.8323,45.99391,0.000698470499813197,45.992063821203,-0.00114770829715962
30.84362,45.99287,-0.000341529500182958,45.9921356953025,-0.00107583419770792
30.85494,45.9903,-0.00291152950018869,45.9921859511737,-0.00102557832647853
30.86624,45.99317,-4.15295001872096e-05,45.9922105349775,-0.00100099452272075
30.87757,45.99098,-0.00223152950018601,45.9922064378545,-0.00100509164572095
30.8889,45.99232,-0.000891529500187005,45.9921719063492,-0.00103962315096374
30.90025,45.99211,-0.00110152950018971,45.9921067047289,-0.00110482477131822
30.91157,45.99256,-0.000651529500188985,45.9920124495498,-0.00119907995034747
30.92292,45.99111,-0.00210152950018738,45.9918929653495,-0.00131856415064597
30.93425,45.98965,-0.00356152950018895,45.9917545679802,-0.00145696152000558
30.94561,45.99528,0.00206847049981462,45.9916061553088,-0.00160537419134066
30.95695,45.99549,0.00227847049981023,45.9914589460562,-0.00175258344398488
30.96828,45.9885,-0.0047115295001845,45.9913256969607,-0.00188583253950068
30.9796,45.9891,-0.0041115295001859,45.9912193580072,-0.00199217149303071
30.99095,45.99126,-0.00195152950018951,45.9911514011187,-0.00206012838148077
31.00229,45.98842,-0.00479152950018857,45.9911302810925,-0.00208124840768256
31.01363,45.99192,-0.00129152950018607,45.991160461942,-0.00205106755820203
31.02496,45.99249,-0.000721529500189888,45.9912421909435,-0.00196933855666247
31.03628,45.99281,-0.000401529500187792,45.9913719031141,-0.0018396263860495
31.04758,45.99197,-0.00124152950018441,45.9915429501949,-0.00166857930529261
31.0589,45.99088,-0.00233152950018933,45.9917463453066,-0.00146518419359906
31.07026,45.9915,-0.00171152950018438,45.9919713654872,-0.00124016401295754
31.08159,45.99219,-0.00102152950018564,45.9922060363512,-0.00100549314901754
31.09291,45.99184,-0.00137152950018304,45.9924376176734,-0.000773911826756923
31.10426,45.99291,-0.000301529500184472,45.9926531899743,-0.000558339525844113
31.11559,45.99218,-0.00103152950018881,45.9928403621402,-0.000371167359959477
31.12693,45.99536,0.00214847049981159,45.9929880367113,-0.000223492788934539
31.13827,45.9938,0.000588470499813809,45.993087118123,-0.000124411377194428
31.1496,45.99047,-0.00274152950018447,45.9931310622295,-8.04672707341971e-05
31.16093,45.9936,0.000388470499814275,45.9931162561821,-9.52733181175838e-05
31.17226,45.99129,-0.00192152950018709,45.9930423262072,-0.000169203292950509
31.18362,45.99377,0.000558470499811392,45.9929124895231,-0.000299039977070708
31.19494,45.99087,-0.0023415295001854,45.9927339549211,-0.000477574579101852
31.20628,45.99594,0.00272847049981095,45.9925181984701,-0.000693331030096513
31.21762,45.99502,0.00180847049981026,45.9922807916951,-0.000930737805126706
31.22894,45.99457,0.00135847049981663,45.9920404275123,-0.00117110198786614
31.24026,45.99033,-0.00288152950018628,45.9918169609869,-0.00139456851326446
31.25161,45.98662,-0.00659152950018438,45.9916286687478,-0.0015828607523815
31.26294,45.99082,-0.00239152950018706,45.9914893643792,-0.00172216512094428
31.27428,45.98909,-0.00412152950018907,45.9914062054991,-0.00180532400103934
31.28563,45.99277,-0.000441529500186277,45.9913788347185,-0.00183269478166217
31.29696,45.99085,-0.00236152950018464,45.9914000260365,-0.00181150346364242
31.30829,45.99497,0.0017584704998157,45.991457528632,-0.00175400086817688
31.31962,45.99208,-0.00113152950018502,45.9915365171934,-0.00167501230675629
31.33094,45.9905,-0.00271152950018916,45.9916220339845,-0.0015894955157109
31.34227,45.99195,-0.00126152950018366,45.9917009912603,-0.00151053823984684
31.35359,45.99116,-0.00205152950018572,45.9917635604309,-0.00144796906933449
31.36493,45.99269,-0.000521529500183249,45.9918039588542,-0.00140757064599427
31.37626,45.99337,0.000158470499812324,45.9918207031326,-0.00139082636760404
31.3876,45.98914,-0.00407152950018741,45.9918163956901,-0.00139513381005455
31.39894,45.99066,-0.00255152950018811,45.9917971317838,-0.00141439771634081
31.41028,45.99388,0.00066847049981078,45.9917716487233,-0.00143988077691214
31.42162,45.99353,0.000318470499813372,45.9917503160263,-0.00146121347388186
31.43295,45.98997,-0.00324152950018686,45.9917439857457,-0.00146754375445103
31.4443,45.99155,-0.00166152950018983,45.9917626935796,-0.00144883592055287
31.45563,45.99253,-0.000681529500184297,45.9918142794598,-0.00139725004037296
31.46697,45.99107,-0.00214152950018587,45.9919030955295,-0.00130843397067732
31.4783,45.99239,-0.000821529500186102,45.9920289963457,-0.0011825331544901
31.48964,45.99274,-0.000471529500188694,45.9921867749359,-0.00102475456427256
31.50099,45.9903,-0.00291152950018869,45.9923661762069,-0.000845353293252331
31.51229,45.99155,-0.00166152950018983,45.9925525990066,-0.000658930493601902
31.52364,45.99235,-0.000861529500184588,45.992728554207,-0.000482975293206014
31.53495,45.99256,-0.000651529500188985,45.9928758300226,-0.000335699477602097
31.54626,45.99493,0.00171847049981011,45.9929781220153,-0.000233407484851925
31.5576,45.99401,0.000798470499816517,45.9930236860304,-0.00018784346978504
31.56895,45.99342,0.000208470499813984,45.9930074731954,-0.000204056304796854
31.58028,45.99514,0.00192847049981282,45.9929322664688,-0.000279263031373546
31.59161,45.99308,-0.000131529500187355,45.9928085387393,-0.000402990760856501
31.60294,45.98985,-0.00336152950018942,45.992653026178,-0.000558503322233975
31.61426,45.99433,0.00111847049981151,45.9924862806866,-0.000725248813611986
31.62561,45.99137,-0.00184152950018301,45.99232965275,-0.00088187675014418
31.63696,45.9925,-0.000711529500186714,45.9922022122205,-0.00100931727964149
31.64832,45.99027,-0.002941529500184,45.9921180729264,-0.00109345657383287
31.65965,45.98981,-0.00340152950018791,45.9920845161,-0.00112701340014065
31.67098,45.99242,-0.000791529500183685,45.9921012079203,-0.00111032157986584
31.68233,45.99332,0.000108470499810664,45.9921606235709,-0.00105090592932773
31.69364,45.99224,-0.000971529500183976,45.9922495307276,-0.000961998772572888
31.70497,45.9947,0.00148847049981526,45.9923511578683,-0.000860371631848622
31.71632,45.99171,-0.00150152950018878,45.9924475931628,-0.00076393633738455
31.72766,45.99186,-0.0013515295001838,45.9925220468299,-0.000689482670258617
31.73901,45.99132,-0.00189152950018467,45.9925607824294,-0.000650747070790713
31.75034,45.99365,0.000438470499815935,45.9925546627703,-0.000656866729879812
31.76168,45.99181,-0.00140152950018546,45.992500284049,-0.000711245451185684
31.77303,45.99487,0.00165847049981238,45.9924006031562,-0.000810926343958881
31.78436,45.99261,-0.000601529500187326,45.9922648932992,-0.000946636200982937
31.79573,45.99178,-0.00143152950018788,45.9921078828323,-0.00110364666793021
31.80706,45.99283,-0.000381529500188549,45.9919480619953,-0.00126346750486886
31.81842,45.99137,-0.00184152950018301,45.9918053297041,-0.00140619979606661
31.82976,45.98924,-0.00397152950018409,45.9916983180427,-0.00151321145750847
31.8411,45.99232,-0.000891529500187005,45.9916418190115,-0.00156971048869266
31.85243,45.99268,-0.000531529500186423,45.9916447220322,-0.00156680746797402
31.86377,45.98864,-0.0045715295001898,45.9917087627694,-0.00150276673075588
31.87514,45.99173,-0.00148152950018954,45.9918282394766,-0.00138329002358421
31.88648,45.99375,0.000538470499812149,45.9919907186868,-0.00122081081340562
31.89785,45.99036,-0.00285152950018386,45.9921786169149,-0.00103291258523861
31.9092,45.99314,-7.15295001896266e-05,45.9923714047991,-0.000840124701048661
31.92056,45.99499,0.00177847049981494,45.9925480808411,-0.000663448659056177
31.9319,45.99236,-0.000851529500188519,45.9926895395161,-0.000521989984062507
31.94323,45.99313,-8.15295001856953e-05,45.9927805177839,-0.00043101171624025
31.95455,45.9911,-0.00211152950018345,45.992810942079,-0.000400587421196659
31.96587,45.99282,-0.000391529500184618,45.9927766674043,-0.000434862095902724
31.97719,45.99322,8.47049981445025e-06,45.9926797042202,-0.000531825279999039
31.98851,45.99238,-0.000831529500189276,45.9925280159839,-0.000683513516302708
31.99983,45.99349,0.000278470499814887,45.992334891741,-0.000876637759150491
32.01119,45.99314,-7.15295001896266e-05,45.9921178468704,-0.00109368262981374
32.02249,45.99055,-0.0026615295001875,45.9918970332363,-0.00131449626390886
32.03382,45.99233,-0.000881529500183831,45.991693239659,-0.0015182898411986
32.04515,45.99126,-0.00195152950018951,45.9915256849066,-0.00168584459357177
32.05647,45.99028,-0.00293152950018793,45.9914098882579,-0.00180164124230513
32.0678,45.99082,-0.00239152950018706,45.9913559172504,-0.00185561224977336
32.07914,45.99166,-0.00155152950018334,45.9913672643872,-0.00184426511295195
32.09048,45.99174,-0.00147152950018636,45.9914405092762,-0.00177102022396815
32.1018,45.99008,-0.00313152950018747,45.9915658056397,-0.00164572386046452
32.11313,45.99268,-0.000531529500186423,45.9917281333079,-0.00148339619231031
32.12446,45.99111,-0.00210152950018738,45.9919091888334,-0.00130234066674034
32.13577,45.9896,-0.00361152950018351,45.9920897309553,-0.00112179854486322
32.14708,45.9949,0.0016884704998148,45.992252119553,-0.000959409947237193
32.15843,45.99564,0.00242847049981521,45.9923826810831,-0.000828848417127549
32.16977,45.99458,0.0013684704998127,45.9924734472771,-0.000738082223037501
32.1811,45.98861,-0.00460152950018511,45.9925228669782,-0.000688662521968904
32.19244,45.99258,-0.000631529500189743,45.9925353537967,-0.000676175703525924
32.20375,45.99363,0.000418470499816692,45.9925198730915,-0.000691656408729934
32.21507,45.99323,1.8470499810519e-05,45.9924879636068,-0.000723565893425701
32.22639,45.99101,-0.0022015295001836,45.9924515803743,-0.000759949125937495
32.23771,45.99074,-0.00247152950018403,45.9924210813017,-0.000790448198452409
32.24903,45.99201,-0.00120152950018593,45.9924036558759,-0.000807873624277362
32.26038,45.99295,-0.000261529500185986,45.9924024459295,-0.000809083570648175
32.27171,45.99184,-0.00137152950018304,45.9924164624688,-0.000795067031391063
32.28307,45.99379,0.000578470499810635,45.9924412067514,-0.000770322748833098
32.2944,45.99186,-0.0013515295001838,45.9924697610029,-0.000741768497244974
32.30574,45.99416,0.000948470499814391,45.9924940710878,-0.000717458412392521
32.31705,45.99175,-0.00146152950018319,45.9925061822729,-0.000705347227296108
32.32838,45.99152,-0.00169152950018514,45.9924992748183,-0.000712254681882304
32.33974,45.99178,-0.00143152950018788,45.9924684384971,-0.000743091003065693
32.35107,45.99502,0.00180847049981026,45.9924111728246,-0.000800356675574109
32.36239,45.99452,0.00130847049981497,45.992327580541,-0.000883948959180541
32.37375,45.98808,-0.00513152950018991,45.9922202001011,-0.000991329399083245
32.3851,45.99265,-0.00056152950018884,45.9920934924358,-0.00111803706438493
32.39643,45.99254,-0.000671529500188228,45.9919531333022,-0.00125839619797616
32.40776,45.99077,-0.00244152950018872,45.9918053272906,-0.00140620220953961
32.41907,45.99191,-0.00130152950018925,45.9916562928078,-0.00155523669242221
32.4304,45.99078,-0.00243152950018555,45.9915119510269,-0.00169957847325103
32.44172,45.99477,0.00155847049981617,45.9913777675583,-0.00183376194193197
32.45305,45.98834,-0.00487152950018555,45.9912586550184,-0.00195287448175823
32.46439,45.99321,-1.52950018872389e-06,45.9911588547851,-0.00205267471505298
32.47571,45.98955,-0.00366152950018517,45.9910817845508,-0.00212974494941663
32.48706,45.99033,-0.00288152950018628,45.991029922571,-0.00218160692922277
32.49839,45.99081,-0.00240152950018313,45.9910048349419,-0.00220669455829563
32.50976,45.98995,-0.0032615295001861,45.9910074100744,-0.00220411942582223
32.52109,45.99231,-0.000901529500183074,45.9910382554776,-0.00217327402261295
32.53243,45.99492,0.00170847049981404,45.9910980762744,-0.00211345322580104
32.54378,45.98991,-0.00330152950018459,45.991187770991,-0.00202375850921714
32.55511,45.99168,-0.00153152950018409,45.9913080389572,-0.00190349054294431
32.56644,45.98977,-0.00344152950018639,45.9914585092731,-0.00175302022704822
32.57778,45.9911,-0.00211152950018345,45.9916366552071,-0.00157487429306402
32.58911,45.99001,-0.00320152950018837,45.9918368882674,-0.00137464123282863
32.60048,45.99374,0.000528470499816081,45.9920501693158,-0.00116136018442833
32.61179,45.99205,-0.00116152950018744,45.9922642886789,-0.00094724082124878
32.62314,45.99257,-0.000641529500185811,45.9924647647973,-0.000746764702837096
32.63449,45.99149,-0.00172152950018756,45.9926361847232,-0.000575344777020457
32.64582,45.9944,0.00118847049981241,45.9927637782531,-0.000447751247117853
32.65715,45.99344,0.000228470499813227,45.9928350284302,-0.000376501069997691
32.66848,45.99166,-0.00155152950018334,45.9928411351943,-0.000370394305907182
32.67982,45.99249,-0.000721529500189888,45.9927781820346,-0.000433347465550719
32.69115,45.99243,-0.000781529500187617,45.9926479119967,-0.000563617503503278
32.70248,45.99392,0.000708470499816372,45.9924580500956,-0.000753479404606788
32.71383,45.99239,-0.000821529500186102,45.9922220846131,-0.000989444887111234
32.72514,45.99387,0.000658470499814712,45.9919583918675,-0.00125313763265928
32.73647,45.99101,-0.0022015295001836,45.9916886363849,-0.00152289311523643
32.74777,45.99158,-0.00163152950018741,45.9914355218071,-0.00177600769312611
32.75913,45.99113,-0.00208152950018814,45.9912201576188,-0.00199137188134935
32.77045,45.98798,-0.00523152950018613,45.991059464976,-0.00215206452420968
32.78181,45.99018,-0.00303152950018415,45.9909641061396,-0.00224742336054835
32.79315,45.99178,-0.00143152950018788,45.9909373472184,-0.00227418228177902
32.80449,45.99094,-0.0022715295001845,45.9909750562962,-0.00223647320394779
32.81585,45.98885,-0.00436152950018709,45.9910667728455,-0.00214475665468564
32.82719,45.99461,0.00139847049981512,45.9911975678931,-0.00201396160704718
32.83852,45.99178,-0.00143152950018788,45.9913502960229,-0.00186123347729024
32.84986,45.99107,-0.00214152950018587,45.9915078101193,-0.00170371938090882
32.86117,45.99229,-0.000921529500189422,45.9916547726232,-0.00155675687700442
32.87251,45.99199,-0.00122152950018517,45.9917788469869,-0.00143268251324922
32.88382,45.99273,-0.000481529500184763,45.9918712234058,-0.00134030609435907
32.89516,45.99154,-0.0016715295001859,45.9919265634901,-0.0012849660100525
32.90651,45.99052,-0.00269152950018992,45.9919425454354,-0.0012689840647822
32.91782,45.98975,-0.00346152950018563,45.9919192664934,-0.00129226300681377
32.92916,45.99244,-0.000771529500184442,45.991858768752,-0.00135276074816247
32.94051,45.99418,0.000968470499813634,45.9917648427313,-0.0014466867688584
32.95181,45.98999,-0.00322152950018761,45.9916430634259,-0.00156846607429496
32.96315,45.99316,-5.15295001832783e-05,45.9915008527232,-0.0017106767770104
32.97448,45.99191,-0.00130152950018925,45.9913473401443,-0.00186418935590122
32.98582,45.98986,-0.00335152950018625,45.9911928882695,-0.00201864123064636
32.99717,45.99267,-0.000541529500189597,45.991048277051,-0.00216325244920229
33.00849,45.99026,-0.00295152950018718,45.9909236509881,-0.00228787851211063
33.01979,45.98994,-0.00327152950018927,45.9908274103843,-0.00238411911585888
33.03113,45.98958,-0.00363152950018986,45.9907652693296,-0.00244626017058545
33.04248,45.9912,-0.00201152950018724,45.9907396978142,-0.00247183168599285
33.0538,45.98996,-0.00325152950018293,45.9907498921891,-0.00246163731108901
33.06514,45.98994,-0.00327152950018927,45.9907922816064,-0.00241924789376232
33.07648,45.99344,0.000228470499813227,45.9908614244514,-0.00235010504877309
33.08784,45.9919,-0.00131152950018532,45.9909510290998,-0.00226050040036181
33.09917,45.99197,-0.00124152950018441,45.9910547922545,-0.00215673724571348
33.11051,45.98941,-0.00380152950018697,45.9911668304809,-0.00204469901931243
33.12183,45.99181,-0.00140152950018546,45.9912816760568,-0.00192985344334089
33.13315,45.98919,-0.00402152950018575,45.9913940111909,-0.00181751830927371
33.14446,45.99287,-0.000341529500182958,45.9914984044687,-0.0017131250315056
33.1558,45.98974,-0.00347152950018881,45.991589260367,-0.00162226913321858
33.16715,45.99354,0.000328470499816547,45.9916610572947,-0.00155047220548902
33.17846,45.99289,-0.000321529500183715,45.9917088133251,-0.00150271617505416
33.18979,45.98901,-0.00420152950018604,45.9917286420997,-0.00148288740053251
33.2011,45.99255,-0.000661529500185054,45.9917182674052,-0.00149326209495531
33.21243,45.99168,-0.00153152950018409,45.9916774152815,-0.00153411421868188
33.22375,45.99384,0.000628470499812295,45.9916080224476,-0.00160350705255343
33.23508,45.99136,-0.00185152950018619,45.991514177243,-0.00169735225720783
33.24641,45.99128,-0.00193152950018316,45.9914017240893,-0.00180980541089815
33.25777,45.98957,-0.00364152950018592,45.9912775720204,-0.00193395747978971
33.26912,45.99044,-0.00277152950018689,45.991148893237,-0.00206263626320975
33.28045,45.99034,-0.0028715295001831,45.9910224603529,-0.00218906914728409
33.29178,45.992,-0.0012115295001891,45.9909042902967,-0.00230723920350406
33.30314,45.99195,-0.00126152950018366,45.9907995856358,-0.00241194386438978
33.31447,45.992,-0.0012115295001891,45.9907128055173,-0.00249872398291754
33.32583,45.98937,-0.00384152950018546,45.990647661357,-0.00256386814315136
33.33717,45.98974,-0.00347152950018881,45.99060693567,-0.00260459383020857
33.34853,45.99071,-0.00250152950018645,45.9905921812132,-0.00261934828697541
33.35985,45.99078,-0.00243152950018555,45.9906034500332,-0.00260807946702524
33.3712,45.98971,-0.00350152950018412,45.9906391780901,-0.00257235141008474
33.38256,45.99215,-0.00106152950018412,45.9906962631009,-0.00251526639930803
33.39391,45.99065,-0.00256152950018418,45.9907702973544,-0.00244123214575073
33.40525,45.98988,-0.003331529500187,45.9908558870973,-0.00235564240292329
33.41661,45.99146,-0.00175152950018997,45.9909470017863,-0.00226452771389103
33.42795,45.99186,-0.0013515295001838,45.9910373245737,-0.00217420492653044
33.4393,45.99081,-0.00240152950018313,45.9911205912631,-0.00209093823712773
33.45061,45.99108,-0.0021315295001898,45.9911909132691,-0.00202061623105801
33.46194,45.98946,-0.00375152950018531,45.9912431056394,-0.00196842386081158
33.4733,45.9916,-0.00161152950018817,45.9912730686444,-0.00193846085578758
33.48461,45.99205,-0.00116152950018744,45.9912782473485,-0.00193328215167975
33.49593,45.99279,-0.000421529500187035,45.9912581037259,-0.00195342577432949
33.50728,45.9903,-0.00291152950018869,45.9912144467144,-0.00199708278578818
33.5186,45.99096,-0.00225152950018526,45.9911514621675,-0.00206006733270628
33.52993,45.99275,-0.00046152950018552,45.9910753740089,-0.00213615549130791
33.54127,45.99043,-0.00278152950018296,45.9909937791182,-0.00221775038198729
33.55261,45.98891,-0.00430152950018936,45.9909147794234,-0.00229675007674677
33.56395,45.99052,-0.00269152950018992,45.990846085538,-0.0023654439622294
33.5753,45.99221,-0.00100152950018639,45.9907942717868,-0.00241725771338625
33.58664,45.99085,-0.00236152950018464,45.9907642892459,-0.002447240254251
33.59796,45.99104,-0.00217152950018829,45.990759228225,-0.00245230127519619
33.60931,45.98878,-0.00443152950018799,45.9907802605331,-0.00243126896711424
33.62064,45.99237,-0.000841529500185345,45.9908267138648,-0.00238481563542929
33.63195,45.99148,-0.00173152950018363,45.9908962659234,-0.00231526357675583
33.64329,45.98943,-0.00378152950018773,45.990985239097,-0.00222629040321272
33.6546,45.99198,-0.00123152950018834,45.9910889549369,-0.00212257456330615
33.66598,45.9922,-0.00101152950018957,45.9912021112503,-0.00200941824990923
33.67733,45.99046,-0.00275152950018764,45.9913191649861,-0.00189236451408986
33.68866,45.98927,-0.00394152950018878,45.9914347261392,-0.0017768033610003
33.70003,45.99241,-0.000801529500186859,45.9915439869024,-0.00166754259782815
33.71135,45.99207,-0.0011415295001882,45.9916431895261,-0.00156833997408198
33.72268,45.99384,0.000628470499812295,45.9917300458054,-0.00148148369478
33.73404,45.99298,-0.000231529500183569,45.9918039250865,-0.0014076044136734
33.74538,45.98962,-0.00359152950018427,45.9918656434196,-0.00134588608058577
33.75671,45.99237,-0.000841529500185345,45.9919168458879,-0.00129468361226097
33.76806,45.99064,-0.00257152950018735,45.9919591746396,-0.0012523548605538
33.77939,45.99216,-0.00105152950018805,45.9919935178763,-0.00121801162386052
33.79074,45.99058,-0.00263152950018508,45.9920195916088,-0.00119193789142099
33.80207,45.99201,-0.00120152950018593,45.9920359694971,-0.00117556000312392
33.8134,45.99459,0.00137847049981588,45.9920405150359,-0.00117101446430657
33.82478,45.99241,-0.000801529500186859,45.9920310312916,-0.0011804982085437
33.83611,45.9916,-0.00161152950018817,45.9920058837309,-0.00120564576924577
33.84743,45.9903,-0.00291152950018869,45.991964418085,-0.00124711141519209
33.85876,45.99234,-0.000871529500187762,45.9919071416988,-0.0013043878013574
33.87009,45.99369,0.000478470499814421,45.9918357389537,-0.00137579054650783
33.88145,45.99023,-0.00298152950018959,45.9917529856224,-0.00145854387780834
33.89279,45.99059,-0.00262152950018901,45.9916625773151,-0.00154895218505884
33.90413,45.99364,0.000428470499812761,45.9915688718252,-0.00164265767499091
33.91547,45.99265,-0.00056152950018884,45.9914765528438,-0.00173497665640886
33.92682,45.98972,-0.00349152950018805,45.9913902239083,-0.00182130559188752
33.93814,45.99029,-0.00292152950018476,45.9913139719177,-0.00189755758244317
33.94949,45.99037,-0.00284152950018779,45.9912510134225,-0.00196051607772492
33.9608,45.99126,-0.00195152950018951,45.9912035682015,-0.00200796129864584
33.97213,45.99155,-0.00166152950018983,45.9911730120442,-0.00203851745599386
33.98344,45.99348,0.000268470499811713,45.9911601861051,-0.0020513433950399
33.99481,45.99201,-0.00120152950018593,45.9911656073838,-0.0020459221163959
34.00615,45.9927,-0.00051152950018718,45.9911893337377,-0.00202219576245493
34.01749,45.98856,-0.00465152950018677,45.991230409972,-0.00198111952821795
34.02884,45.98965,-0.00356152950018895,45.9912860884864,-0.00192544101382389
34.04019,45.98985,-0.00336152950018942,45.9913512309757,-0.00186029852449073
34.05153,45.99134,-0.00187152950018543,45.9914183126002,-0.00179321690003012
34.06285,45.99213,-0.00108152950018336,45.991478238124,-0.00173329137623226
34.0742,45.9914,-0.0018115295001877,45.9915218574858,-0.00168967201436264
34.08556,45.99336,0.000148470499816256,45.9915418010496,-0.00166972845060864
34.09689,45.99341,0.00019847049981081,45.9915341389445,-0.00167739055573159
34.10822,45.99202,-0.00119152950018986,45.9914994160896,-0.00171211341058461
34.11955,45.9906,-0.00261152950018584,45.9914428005681,-0.00176872893207371
34.13088,45.98895,-0.00426152950018377,45.9913733537259,-0.00183817577428967
34.14222,45.99221,-0.00100152950018639,45.9913026735719,-0.0019088559282694
34.15354,45.99226,-0.000951529500184733,45.9912432565331,-0.00196827296706017
34.16488,45.99144,-0.00177152950018922,45.9912068515719,-0.00200467792832761
34.17621,45.98946,-0.00375152950018531,45.991202964481,-0.00200856501916689
34.18756,45.99229,-0.000921529500189422,45.9912376272385,-0.00197390226168691
34.19888,45.98956,-0.0036515295001891,45.9913125679332,-0.00189896156698854
34.21024,45.99107,-0.00214152950018587,45.9914249123023,-0.00178661719789278
34.22156,45.99314,-7.15295001896266e-05,45.991567474439,-0.00164405506117953
34.23288,45.98993,-0.00328152950018534,45.9917295784296,-0.00148195107061056
34.2442,45.99446,0.00124847049981014,45.9918982459996,-0.0013132835006013
34.25551,45.99094,-0.0022715295001845,45.9920595302552,-0.00115199924494723
34.26684,45.99395,0.000738470499811683,45.9921997882651,-0.00101174123511896
34.27817,45.99059,-0.00262152950018901,45.9923067549038,-0.000904774596375913
34.28947,45.99112,-0.00209152950018421,45.9923703782546,-0.000841151245632713
34.3008,45.995,0.00178847049981101,45.9923834530102,-0.000828076490013608
34.31209,45.99132,-0.00189152950018467,45.9923420965204,-0.000869432979747156
34.32341,45.99146,-0.00175152950018997,45.9922460677116,-0.000965461788606361
34.33473,45.99353,0.000318470499813372,45.992098898418,-0.00111263108218325
34.34606,45.98996,-0.00325152950018293,45.9919078156561,-0.00130371384406485
34.35741,45.99338,0.000168470499815498,45.9916834444937,-0.0015280850064405
34.36876,45.99182,-0.00139152950018939,45.9914392689359,-0.00177226056426467
34.38009,45.9911,-0.00211152950018345,45.991190815757,-0.00202071374319651
34.39142,45.9904,-0.00281152950018537,45.9909545487953,-0.00225698070486086
34.40274,45.99142,-0.00179152950018846,45.9907465241914,-0.00246500530877206
34.41406,45.9915,-0.00171152950018438,45.9905809266106,-0.00263060288963402
34.42539,45.98842,-0.00479152950018857,45.9904686518846,-0.00274287761561108
34.43674,45.98991,-0.00330152950018459,45.9904161288315,-0.00279540066868011
34.44807,45.99033,-0.00288152950018628,45.9904245820533,-0.00278694744693857
34.45941,45.99097,-0.00224152950018919,45.9904898903939,-0.00272163910624307
34.47074,45.9905,-0.00271152950018916,45.9906030808289,-0.00260844867132476
34.48205,45.99058,-0.00263152950018508,45.9907513743402,-0.00246015516001576
34.49339,45.98944,-0.00377152950018456,45.9909196311316,-0.00229189836856249
34.50473,45.99335,0.000138470499813081,45.9910920189944,-0.00211951050582418
34.51605,45.99199,-0.00122152950018517,45.9912537052921,-0.00195782420808786
34.52739,45.99002,-0.0031915295001852,45.9913923503428,-0.00181917915738583
34.53871,45.99216,-0.00105152950018805,45.9914992067502,-0.00171232274996274
34.55006,45.99085,-0.00236152950018464,45.9915697140904,-0.00164181540974908
34.56139,45.99358,0.000368470499815032,45.9916035583047,-0.0016079711955056
34.57271,45.99094,-0.0022715295001845,45.9916041962534,-0.0016073332468307
34.58402,45.99325,3.84704998168672e-05,45.9915778656106,-0.0016336638895465
34.59536,45.99168,-0.00153152950018409,45.9915321681731,-0.00167936132704996
34.6067,45.98922,-0.00399152950018333,45.9914744405257,-0.00173708897452243
34.61803,45.98827,-0.00494152950018645,45.9914102624985,-0.00180126700170574
34.62936,45.99218,-0.00103152950018881,45.9913425097033,-0.001869019796869
34.6407,45.99047,-0.00274152950018447,45.9912712383074,-0.00194029119275436
34.65202,45.99456,0.00134847049981346,45.9911944036396,-0.00201712586063469
34.66336,45.99097,-0.00224152950018919,45.9911091096124,-0.00210241988782147
34.67471,45.99062,-0.0025915295001866,45.9910129438811,-0.00219858561907301
34.68606,45.99116,-0.00205152950018572,45.9909050267378,-0.00230650276242374
34.69738,45.99206,-0.00115152950018427,45.9907865894783,-0.00242494002191631
34.70871,45.9886,-0.00461152950018828,45.9906610657795,-0.00255046372067781
34.72005,45.99168,-0.00153152950018409,45.9905337760137,-0.0026777534864742
34.73139,45.99129,-0.00192152950018709,45.9904113301489,-0.00280019935125966
34.74273,45.98784,-0.00537152950018793,45.9903008923197,-0.00291063718051568
34.75409,45.9897,-0.00351152950018729,45.9902094495906,-0.00300207990959716
34.76542,45.99201,-0.00120152950018593,45.9901432057489,-0.0030683237512468
34.77676,45.99013,-0.00308152950018581,45.9901071566464,-0.00310437285373935
34.7881,45.98854,-0.00467152950018601,45.9901048117577,-0.00310671774251572
34.79943,45.99321,-1.52950018872389e-06,45.9901379761837,-0.00307355331644093
34.81076,45.98841,-0.00480152950018464,45.9902065310679,-0.00300499843227285
34.8221,45.99046,-0.00275152950018764,45.9903082131086,-0.00290331639153573
34.83343,45.99015,-0.00306152950018657,45.9904384597528,-0.00277306974743511
34.84476,45.99073,-0.00248152950018721,45.9905904348168,-0.00262109468335876
34.85609,45.98872,-0.00449152950018572,45.9907553536859,-0.00245617581428043
34.86745,45.99145,-0.00176152950018604,45.9909231785143,-0.00228835098589641
34.87879,45.99137,-0.00184152950018301,45.9910836621778,-0.00212786732236214
34.89014,45.99144,-0.00177152950018922,45.991227599007,-0.00198393049316339
34.90148,45.99296,-0.000251529500189918,45.9913480280188,-0.00186350148135976
34.91283,45.99133,-0.00188152950018861,45.991441089891,-0.00177043960918266
34.92414,45.99332,0.000108470499810664,45.9915062951828,-0.00170523431736337
34.93549,45.99215,-0.00106152950018412,45.9915461057222,-0.00166542377798853
34.94682,45.98838,-0.00483152950018706,45.9915649295809,-0.00164659991926794
34.95817,45.99043,-0.00278152950018296,45.9915678307308,-0.00164369876935199
34.9695,45.99155,-0.00166152950018983,45.9915593677713,-0.00165216172887856
34.98083,45.99084,-0.00237152950018782,45.9915429134841,-0.00166861601611003
34.99216,45.99233,-0.000881529500183831,45.9915205807707,-0.00169094872948137
35.00349,45.99331,9.84704998145958e-05,45.9914936190443,-0.00171791045592615
35.0148,45.99178,-0.00143152950018788,45.9914629821285,-0.00174854737167093
35.02613,45.99104,-0.00217152950018829,45.9914297598078,-0.00178176969239753
35.03747,45.99263,-0.000581529500188083,45.9913952895029,-0.0018162399972866
35.04884,45.98931,-0.00390152950018319,45.9913609467308,-0.0018505827693677
35.06018,45.99152,-0.00169152950018514,45.9913277636526,-0.0018837658475478
35.0715,45.99106,-0.00215152950018904,45.9912960908974,-0.00191543860277973
35.08284,45.98942,-0.0037915295001838,45.9912654911275,-0.00194603837271305
35.09414,45.993,-0.000211529500184326,45.991234954373,-0.00197657512716509
35.10547,45.99009,-0.00312152950018429,45.991203392002,-0.00200813749815186
35.11682,45.9955,0.0022884704998134,45.9911702432332,-0.00204128626698421
35.12815,45.98923,-0.00398152950018726,45.9911359713382,-0.00207555816199037
35.13948,45.98858,-0.00463152950018753,45.99110228607,-0.00210924343017158
35.15082,45.99277,-0.000441529500186277,45.9910720802507,-0.00213944924944442
35.16216,45.99043,-0.00278152950018296,45.9910491898292,-0.00216233967097973
35.1735,45.99234,-0.000871529500187762,45.9910380788184,-0.00217345068181651
35.18482,45.99219,-0.00102152950018564,45.9910434629685,-0.00216806653165175
35.19617,45.98872,-0.00449152950018572,45.9910698491738,-0.00214168032637145
35.20752,45.98999,-0.00322152950018761,45.9911210281872,-0.00209050131302565
35.21888,45.99173,-0.00148152950018954,45.9911996369125,-0.00201189258771625
35.23022,45.99169,-0.00152152950018802,45.991306893671,-0.00190463582913896
35.24157,45.99289,-0.000321529500183715,45.9914424881336,-0.00176904136662043
35.2529,45.99246,-0.0007515295001852,45.9916044804878,-0.00160704901239687
35.26426,45.99328,6.84704998121788e-05,45.991789052123,-0.00142247737718149
35.27559,45.98907,-0.00414152950018831,45.9919900829513,-0.00122144654892091
35.28691,45.99005,-0.00316152950018989,45.9921987391127,-0.00101279038750075
35.29825,45.99163,-0.00158152950018575,45.9924034066466,-0.000808122853561399
35.30959,45.99335,0.000138470499813081,45.9925902708587,-0.000621258641498123
35.32093,45.99413,0.000918470499811974,45.9927446005548,-0.000466928945388866
35.33225,45.99374,0.000528470499816081,45.9928524960863,-0.000359033413907672
35.3436,45.99271,-0.000501529500184006,45.9929026900689,-0.000308839431328971
35.35495,45.99245,-0.000761529500188374,45.9928880206389,-0.000323508861260954
35.36627,45.99456,0.00134847049981346,45.9928063508721,-0.000405178628116917
35.3776,45.99231,-0.000901529500183074,45.9926608649892,-0.000550664511030269
35.38895,45.99145,-0.00176152950018604,45.9924597827268,-0.000751746773421668
35.40029,45.98987,-0.00334152950018307,45.9922156134624,-0.000995916037776535
35.41164,45.99462,0.00140847049981119,45.991944112566,-0.00126741693423637
35.42296,45.99308,-0.000131529500187355,45.9916630600655,-0.00154846943470438
35.43428,45.98948,-0.00373152950018607,45.9913908809709,-0.00182064852932325
35.44562,45.99304,-0.000171529500185841,45.9911450818411,-0.00206644765909712
35.45695,45.99028,-0.00293152950018793,45.990940551575,-0.00227097792523866
35.46828,45.99129,-0.00192152950018709,45.9907879017377,-0.0024236277624715
35.47963,45.98703,-0.00618152950018924,45.9906921189521,-0.00251941054812797
35.49097,45.99117,-0.00204152950018965,45.9906518376718,-0.00255969182840252
35.5023,45.99079,-0.00242152950018948,45.9906594871245,-0.00255204237566134
35.51364,45.99053,-0.00268152950018674,45.9907023992504,-0.00250913024977364
35.52496,45.98966,-0.00355152950018578,45.9907647416867,-0.00244678781347157
35.53628,45.99192,-0.00129152950018607,45.9908299607806,-0.00238156871955881
35.5476,45.99141,-0.00180152950018453,45.9908833183879,-0.00232821111233593
35.55894,45.99456,0.00134847049981346,45.9909140596072,-0.00229746989303258
35.57029,45.99017,-0.00304152950018732,45.9909167720101,-0.00229475749011474
35.58163,45.99202,-0.00119152950018986,45.9908916480511,-0.00231988144904187
35.59298,45.98859,-0.00462152950018435,45.9908436426256,-0.00236788687459028
35.60431,45.99084,-0.00237152950018782,45.9907808224174,-0.00243070708281441
35.61564,45.98959,-0.00362152950018668,45.9907123940286,-0.00249913547156374
35.62702,45.98988,-0.003331529500187,45.9906469091276,-0.00256462037262528
35.63835,45.99037,-0.00284152950018779,45.9905910130726,-0.00262051642759772
35.6497,45.99041,-0.0028015295001893,45.9905489072788,-0.00266262222135859
35.66105,45.99048,-0.0027315295001884,45.9905224979394,-0.00268903156077894
35.67238,45.99254,-0.000671529500188228,45.9905120433246,-0.00269948617559223
35.68372,45.99129,-0.00192152950018709,45.9905170202713,-0.00269450922888049
35.69506,45.98698,-0.0062315295001838,45.9905369354465,-0.00267459405368888
35.70639,45.99295,-0.000261529500185986,45.9905719000411,-0.0026396294590522
35.71771,45.99154,-0.0016715295001859,45.9906228926164,-0.00258863688375869
35.72902,45.99136,-0.00185152950018619,45.9906916792671,-0.00251985023311846
35.74034,45.98948,-0.00373152950018607,45.9907803750647,-0.00243115443547164
35.75167,45.99032,-0.00289152950018945,45.9908907010996,-0.00232082840062655
35.76299,45.9918,-0.00141152950018864,45.9910231045471,-0.00218842495305341
35.7743,45.99098,-0.00223152950018601,45.9911759686524,-0.00203556084783147
35.78564,45.99046,-0.00275152950018764,45.9913451120032,-0.00186641749702099
35.79698,45.98957,-0.00364152950018592,45.9915237158019,-0.00168781369827505
35.80835,45.99337,0.000158470499812324,45.9917027548931,-0.00150877460710373
35.81969,45.99269,-0.000521529500183249,45.9918719140182,-0.00133961548198235
35.83104,45.99085,-0.00236152950018464,45.9920208454066,-0.00119068409353924
35.8424,45.99306,-0.000151529500186598,45.9921405379571,-0.00107099154308812
35.85375,45.99152,-0.00169152950018514,45.9922245698045,-0.000986959695704359
35.8651,45.99387,0.000658470499814712,45.9922700651525,-0.000941464347637578
35.87645,45.99097,-0.00224152950018919,45.9922782171002,-0.000933312399963809
35.88775,45.99429,0.00107847049981302,45.9922542710632,-0.000957258436965478
35.89909,45.9922,-0.00101152950018957,45.9922069147262,-0.00100461477402713
35.91043,45.99221,-0.00100152950018639,45.9921471009879,-0.00106442851230694
35.92174,45.99237,-0.000841529500185345,45.9920864389315,-0.00112509056870754
35.93306,45.99002,-0.0031915295001852,45.9920354094347,-0.00117612006548394
35.94439,45.99102,-0.00219152950018753,45.9920017533636,-0.00120977613660617
35.95573,45.99065,-0.00256152950018418,45.9919893829276,-0.00122214657261202
35.96707,45.9938,0.000588470499813809,45.9919980450144,-0.00121348448579461
35.97842,45.99251,-0.00070152950018354,45.9920237472069,-0.00118778229325976
35.98978,45.99207,-0.0011415295001882,45.9920597448076,-0.00115178469254576
36.0011,45.99179,-0.0014215295001847,45.9920977901726,-0.00111373932756067
36.01244,45.99263,-0.000581529500188083,45.9921293822134,-0.00108214728678802
36.02375,45.99301,-0.000201529500188258,45.992146846414,-0.00106468308619074
36.03507,45.99162,-0.00159152950018893,45.9921441522763,-0.00106737722384706
36.04641,45.99133,-0.00188152950018861,45.9921174331243,-0.00109409637589007
36.05775,45.99279,-0.000421529500187035,45.9920652300409,-0.00114629945930236
36.06909,45.9926,-0.000611529500183394,45.9919885205223,-0.00122300897789613
36.08043,45.98997,-0.00324152950018686,45.9918905950402,-0.00132093445997929
36.09177,45.99185,-0.00136152950018698,45.9917768291533,-0.00143470034689788
36.1031,45.99272,-0.000491529500187937,45.9916543785181,-0.00155715098208792
36.11441,45.99232,-0.000891529500187005,45.9915317823114,-0.00167974718883268
36.12574,45.99234,-0.000871529500187762,45.9914184106408,-0.00179311885934555
36.13709,45.98951,-0.00370152950018365,45.9913236991985,-0.00188783030164801
36.14841,45.99124,-0.00197152950018875,45.9912562085983,-0.00195532090192401
36.15975,45.99019,-0.00302152950018808,45.9912226574078,-0.0019888720923389
36.17108,45.99314,-7.15295001896266e-05,45.9912271094293,-0.00198442007089037
36.1824,45.99026,-0.00295152950018718,45.9912704297976,-0.00194109970259696
36.19373,45.99247,-0.000741529500189131,45.9913500359705,-0.00186149352970446
36.20507,45.99097,-0.00224152950018919,45.9914599384313,-0.00175159106884659
36.2164,45.98989,-0.00332152950018383,45.9915911001025,-0.00162042939771013
36.22776,45.99071,-0.00250152950018645,45.9917321871941,-0.00147934230607509
36.23907,45.9919,-0.00131152950018532,45.9918707665503,-0.00134076294992817
36.25043,45.99286,-0.000351529500186132,45.9919948857804,-0.00121664371974387
36.26175,45.99385,0.000638470499815469,45.9920947871864,-0.0011167423137491
36.27309,45.99275,-0.00046152950018552,45.9921643617348,-0.00104716776538434
36.28444,45.9941,0.000888470499816663,45.9922019477359,-0.00100958176423424
36.29577,45.99164,-0.00157152950018968,45.992210241931,-0.00100128756916624
36.30711,45.9902,-0.00301152950018491,45.9921953554853,-0.00101617401490043
36.31844,45.99091,-0.00230152950018692,45.9921653058201,-0.00104622368009261
36.32978,45.99326,4.84704998129359e-05,45.9921283722424,-0.00108315725778016
36.34113,45.99056,-0.00265152950018432,45.9920916976466,-0.00111983185362824
36.35244,45.99335,0.000138470499813081,45.9920603414744,-0.00115118802581111
36.36378,45.99319,-2.15295001879667e-05,45.9920368051759,-0.00117472432425181
36.37513,45.99141,-0.00180152950018453,45.9920209520551,-0.0011905774450372
36.38647,45.99099,-0.00222152950018994,45.9920102467521,-0.00120128274810404
36.39783,45.99041,-0.0028015295001893,45.9920003074132,-0.00121122208697564
36.40916,45.99096,-0.00225152950018526,45.9919858088885,-0.00122572061172606
36.42049,45.99442,0.00120847049981165,45.9919617088741,-0.0012498206260691
36.43183,45.99414,0.000928470499815148,45.9919245930865,-0.00128693641373365
36.44317,45.99118,-0.00203152950018648,45.9918737748649,-0.001337754635253
36.4545,45.99413,0.000918470499811974,45.9918117882186,-0.0013997412815666
36.46581,45.98914,-0.00407152950018741,45.9917441126791,-0.00146741682109278
36.47714,45.98979,-0.00342152950018715,45.9916782462488,-0.0015332832514078
36.48849,45.99279,-0.000421529500187035,45.9916224372483,-0.00158909225185027
36.49983,45.99216,-0.00105152950018805,45.9915844026446,-0.00162712685553878
36.51119,45.99106,-0.00215152950018904,45.9915702282064,-0.00164130129376423
36.52253,45.99321,-1.52950018872389e-06,45.9915834952775,-0.00162803422273183
36.53386,45.99119,-0.00202152950018331,45.9916246257524,-0.00158690374774405
36.54519,45.98975,-0.00346152950018563,45.9916904870761,-0.00152104242408368
36.55651,45.99096,-0.00225152950018526,45.9917743802626,-0.00143714923758678
36.56784,45.99185,-0.00136152950018698,45.9918665598463,-0.00134496965389601
36.57918,45.99235,-0.000861529500184588,45.9919553480349,-0.0012561814652865
36.59053,45.99227,-0.000941529500188665,45.992028729114,-0.00118280038618471
36.60188,45.99238,-0.000831529500189276,45.9920761425024,-0.00113538699779715
36.6132,45.99393,0.00071847049981244,45.9920901163432,-0.00112141315694307
36.62454,45.99297,-0.000241529500186743,45.9920674115458,-0.0011441179544104
36.63586,45.98938,-0.00383152950018939,45.9920094592782,-0.00120207022200569
36.64722,45.99296,-0.000251529500189918,45.9919220427901,-0.00128948671006096
36.65856,45.99373,0.000518470499812906,45.9918143309791,-0.00139719852110184
36.6699,45.99025,-0.00296152950018325,45.9916974508258,-0.00151407867441473
36.68127,45.99207,-0.0011415295001882,45.9915828092135,-0.0016287202867241
36.6926,45.99041,-0.0028015295001893,45.9914804133063,-0.00173111619385027
36.70395,45.98955,-0.00366152950018517,45.9913974932701,-0.00181403623007159
36.71528,45.99085,-0.00236152950018464,45.991337727753,-0.0018738017472241
36.72661,45.99104,-0.00217152950018829,45.9913012591486,-0.00191027035154212
36.73793,45.9929,-0.000311529500187646,45.9912854781053,-0.00192605139492878
36.74927,45.99128,-0.00193152950018316,45.9912863298912,-0.00192519960894296
36.76064,45.99207,-0.0011415295001882,45.9912997485759,-0.0019117809243022
36.77198,45.99335,0.000138470499813081,45.9913228173306,-0.00188871216957733
36.78334,45.99102,-0.00219152950018753,45.9913543692908,-0.00185716020939568
36.79468,45.98929,-0.00392152950018954,45.991394931928,-0.00181659757223195
36.80603,45.99123,-0.00198152950018482,45.9914461187488,-0.00176541075142379
36.81737,45.99305,-0.000161529500189772,45.9915097032708,-0.00170182622940922
36.82868,45.99261,-0.000601529500187326,45.9915866131461,-0.00162491635412277
36.84001,45.99112,-0.00209152950018421,45.9916760116249,-0.00153551787527943
36.85132,45.98886,-0.00435152950018391,45.9917746140124,-0.00143691548782529
36.86266,45.99025,-0.00296152950018325,45.9918764447743,-0.00133508472587438
36.87401,45.99301,-0.000201529500188258,45.9919732518512,-0.00123827764898455
36.88532,45.99155,-0.00166152950018983,45.9920556377153,-0.0011558917848913
36.89664,45.99483,0.0016184704998139,45.9921146842171,-0.00109684528309727
36.90797,45.99363,0.000418470499816692,45.9921436117789,-0.00106791772125088
36.9193,45.99304,-0.000171529500185841,45.9921389663314,-0.00107256316881802
36.93063,45.99251,-0.00070152950018354,45.9921009967454,-0.00111053275478239
36.94195,45.98855,-0.00466152950018994,45.9920331957672,-0.00117833373296597
36.95329,45.99139,-0.00182152950018377,45.9919412866112,-0.00127024288895954
36.96464,45.99146,-0.00175152950018997,45.991832090703,-0.0013794387971916
36.97598,45.99239,-0.000821529500186102,45.9917126343996,-0.00149889510055566
36.98733,45.99264,-0.000571529500184909,45.9915896159137,-0.00162191358645498
36.99866,45.99308,-0.000131529500187355,45.9914691286228,-0.00174240087736926
37.01002,45.98933,-0.00388152950018394,45.9913564579666,-0.0018550715336297
37.02132,45.99104,-0.00217152950018829,45.9912558471419,-0.00195568235826782
37.03264,45.99179,-0.0014215295001847,45.9911702643455,-0.00204126515472092
37.04399,45.98859,-0.00462152950018435,45.9911012809584,-0.00211024854179718
37.05532,45.99425,0.00103847049981454,45.9910491384984,-0.00216239100182754
37.06665,45.99143,-0.00178152950018529,45.9910129901181,-0.00219853938209582
37.07797,45.98903,-0.0041815295001868,45.9909912354275,-0.00222029407271156
37.08934,45.99155,-0.00166152950018983,45.9909818828389,-0.00222964666125163
37.10069,45.98998,-0.00323152950018368,45.9909829492584,-0.0022285802417389
37.11202,45.98985,-0.00336152950018942,45.9909929505342,-0.00221857896600451
37.12336,45.99165,-0.00156152950018651,45.9910114828671,-0.00220004663307702
37.1347,45.99292,-0.000291529500188403,45.9910397677551,-0.00217176174503651
37.14603,45.99364,0.000428470499812761,45.9910809066952,-0.00213062280494897
37.15738,45.99068,-0.00253152950018887,45.9911395621474,-0.00207196735283637
37.16871,45.99176,-0.00145152950018712,45.9912209226326,-0.00199060686760284
37.18005,45.98833,-0.00488152950018872,45.9913290943986,-0.00188243510155916
37.19139,45.99126,-0.00195152950018951,45.9914653440741,-0.00174618542607439
37.20274,45.99001,-0.00320152950018837,45.991626738051,-0.00158479144922177
37.21408,45.9911,-0.00211152950018345,45.9918056278946,-0.00140590160555111
37.2254,45.99277,-0.000441529500186277,45.9919901769571,-0.00122135254311133
37.23674,45.99224,-0.000971529500183976,45.992165824934,-0.00104570456616709
37.24807,45.99391,0.000698470499813197,45.9923173457056,-0.00089418379459687
37.25942,45.99402,0.000808470499812586,45.9924310342879,-0.000780495212254289
37.27074,45.98928,-0.0039315295001856,45.9924965843724,-0.000714945127823732
37.28208,45.99567,0.00245847049981052,45.9925083571836,-0.000703172316616507
37.29344,45.99379,0.000578470499810635,45.9924659130658,-0.000745616434432486
37.30478,45.99003,-0.00318152950018913,45.9923738138285,-0.00083771567167652
37.31613,45.9928,-0.00041152950018386,45.9922408197424,-0.000970709757754647
37.32746,45.98882,-0.00439152950018951,45.9920787236785,-0.00113280582172024
37.33881,45.99388,0.00066847049981078,45.9919011243798,-0.00131040512035253
37.35012,45.99222,-0.000991529500183219,45.9917223650907,-0.00148916440947169
37.36142,45.99115,-0.0020615295001889,45.991556692302,-0.00165483719816794
37.37274,45.99115,-0.0020615295001889,45.9914175497194,-0.00179397978083034
37.38406,45.99189,-0.00132152950018849,45.9913168887799,-0.0018946407202491
37.39539,45.99301,-0.000201529500188258,45.9912644127713,-0.0019471167288635
37.40671,45.99099,-0.00222152950018994,45.9912667198767,-0.00194480962349247
37.41807,45.99149,-0.00172152950018756,45.9913263805221,-0.00188514897805864
37.42942,45.98813,-0.00508152950018825,45.9914411024363,-0.00177042706391431
37.44076,45.99133,-0.00188152950018861,45.9916032533892,-0.0016082761109571
37.4521,45.99297,-0.000241529500186743,45.9918000195973,-0.00141150990292112
37.46344,45.99279,-0.000421529500187035,45.9920143311691,-0.00119719833105845
37.47481,45.99042,-0.00279152950018613,45.9922264734079,-0.000985056092328828
37.48614,45.99207,-0.0011415295001882,45.992416162516,-0.000795366984179266
37.49748,45.99385,0.000638470499815469,45.9925648273107,-0.000646702189462062
37.50882,45.99331,9.84704998145958e-05,45.9926578231232,-0.000553706376978715
37.52015,45.99295,-0.000261529500185986,45.9926862671568,-0.000525262343353353
37.53147,45.99372,0.000508470499816838,45.9926481832892,-0.000563346210959508
37.54279,45.99399,0.000778470499810169,45.9925487333894,-0.000662796110823113
37.55411,45.99152,-0.00169152950018514,45.9923994762529,-0.000812053247256102
37.56543,45.9902,-0.00301152950018491,45.9922167900114,-0.000994739488741149
37.57677,45.99243,-0.000781529500187617,45.9920197674038,-0.00119176209640566
37.58813,45.99061,-0.00260152950018977,45.9918279712587,-0.0013835582415087
37.59947,45.99448,0.00126847049981649,45.9916593756687,-0.00155215383146456
37.61084,45.99097,-0.00224152950018919,45.9915286754847,-0.00168285401553221
37.62219,45.98827,-0.00494152950018645,45.9914460447108,-0.00176548478934876
37.63353,45.9931,-0.000111529500188112,45.991416418068,-0.00179511143219889
37.64484,45.99155,-0.00166152950018983,45.9914393887002,-0.00177214080001616
37.65615,45.98917,-0.00404152950018499,45.9915097644145,-0.00170176508572893
37.66748,45.99271,-0.000501529500184006,45.9916187106379,-0.00159281886232977
37.67883,45.99224,-0.000971529500183976,45.9917552938601,-0.00145623564005251
37.69017,45.99377,0.000558470499811392,45.9919081480618,-0.00130338143841158
37.7015,45.9929,-0.000311529500187646,45.9920669362124,-0.00114459328782871
37.71283,45.99091,-0.00230152950018692,45.9922233264626,-0.000988203037571072
37.72417,45.99174,-0.00147152950018636,45.992371365441,-0.000840164059150064
37.73552,45.99307,-0.000141529500183424,45.9925073226347,-0.000704206865455024
37.74684,45.99369,0.000478470499814421,45.9926291859989,-0.000582343501247327
37.75818,45.9924,-0.000811529500182928,45.9927359893434,-0.000475540156777013
37.7695,45.99197,-0.00124152950018441,45.9928271286267,-0.000384400873509509
37.78088,45.9906,-0.00261152950018584,45.9929018425059,-0.000309686994322101
37.79224,45.99203,-0.00118152950018668,45.9929590503043,-0.000252479195912463
37.80357,45.99376,0.000548470499815323,45.9929976596368,-0.000213869863400656
37.8149,45.99691,0.00369847049981331,45.9930172475376,-0.000194281962546701
37.82625,45.99263,-0.000581529500188083,45.9930187894466,-0.000192740053577236
37.83758,45.99443,0.00121847049981483,45.9930050341811,-0.000206495319096789
37.84887,45.99168,-0.00153152950018409,45.9929802840029,-0.000231245497333913
37.86022,45.99073,-0.00248152950018721,45.9929496406909,-0.000261888809313996
37.87156,45.99294,-0.00027152950018916,45.9929180284364,-0.000293501063735244
37.88289,45.99215,-0.00106152950018412,45.9928893664163,-0.000322163083910349
37.89426,45.99355,0.000338470499812615,45.9928661333614,-0.000345396138805549
37.90561,45.99462,0.00140847049981119,45.992849347554,-0.000362181946137712
37.91695,45.99155,-0.00166152950018983,45.9928388130448,-0.000372716455377115
37.92828,45.99252,-0.000691529500187471,45.9928334342239,-0.000378095276326058
37.93962,45.99515,0.00193847049981599,45.9928314566656,-0.000380072834594001
37.95097,45.9926,-0.000611529500183394,45.992830576397,-0.000380953103182498
37.9623,45.99142,-0.00179152950018846,45.9928279324063,-0.000383597093915422
37.97364,45.99136,-0.00185152950018619,45.9928200748543,-0.000391454645887504
37.98497,45.99269,-0.000521529500183249,45.992803066524,-0.000408462976142786
37.99632,45.99418,0.000968470499813634,45.9927728500112,-0.00043867948894336
38.00766,45.99308,-0.000131529500187355,45.9927258776429,-0.000485651857312264
38.01895,45.99229,-0.000921529500189422,45.9926598545508,-0.000551674949415172
38.03027,45.99384,0.000628470499812295,45.9925743997353,-0.000637129764847307
38.04162,45.99112,-0.00209152950018421,45.9924714935588,-0.000740035941404944
38.05296,45.99016,-0.00305152950018339,45.9923556776954,-0.000855851804795684
38.0643,45.99406,0.000848470499811071,45.9922340264623,-0.000977503037859954
38.07563,45.99355,0.000338470499812615,45.9921158731886,-0.00109565631161764
38.08699,45.99451,0.0012984704998118,45.9920121791659,-0.00119935033431472
38.09834,45.99118,-0.00203152950018648,45.9919343944684,-0.00127713503181991
38.10966,45.98957,-0.00364152950018592,45.9918927899678,-0.00131873953236798
38.12099,45.99203,-0.00118152950018668,45.9918944940294,-0.00131703547077007
38.13234,45.99379,0.000578470499810635,45.9919416679335,-0.00126986156670889
38.14367,45.9884,-0.00481152950018782,45.9920302809304,-0.001181248569745
38.15501,45.99078,-0.00243152950018555,45.9921498442792,-0.00106168522095592
38.16634,45.99223,-0.00098152950018715,45.9922843217587,-0.000927207741454032
38.17767,45.99129,-0.00192152950018709,45.992414242571,-0.000797286929206829
38.18899,45.99369,0.000478470499814421,45.9925197661668,-0.000691763333388625
38.20035,45.99585,0.00263847049981081,45.992584152026,-0.000627377474194754
38.21169,45.99374,0.000528470499816081,45.9925969009524,-0.000614628547762909
38.22301,45.99343,0.000218470499810053,45.9925558560406,-0.000655673459554841
38.23434,45.99146,-0.00175152950018997,45.9924677966449,-0.000743732855316425
38.24567,45.9934,0.000188470499814741,45.992347433836,-0.000864095664204647
38.25703,45.99165,-0.00156152950018651,45.9922150612586,-0.000996468241539998
38.26837,45.99249,-0.000721529500189888,45.9920933276747,-0.00111820182552371
38.27969,45.9903,-0.00291152950018869,45.9920036876689,-0.00120784183130808
38.29104,45.99056,-0.00265152950018432,45.991963107334,-0.00124842216618401
38.30239,45.99073,-0.00248152950018721,45.9919815593862,-0.00122997011400569
38.31373,45.99317,-4.15295001872096e-05,45.9920607049735,-0.00115082452666818
38.32506,45.99091,-0.00230152950018692,45.9921939276872,-0.00101760181302473
38.33638,45.99299,-0.000221529500187501,45.9923676281295,-0.000843901370737584
38.34772,45.99134,-0.00187152950018543,45.9925634886577,-0.000648040842455231
38.35906,45.99606,0.00284847049981352,45.9927613018501,-0.000450227650045351
38.3704,45.99132,-0.00189152950018467,45.9929419010481,-0.000269628452124038
38.38173,45.99465,0.0014384704998136,45.993089735433,-0.000121794067235781
38.39305,45.99417,0.00095847049981046,45.993194712808,-1.68166922113162e-05
38.40439,45.99426,0.00104847049981061,45.9932530782675,4.1548767262051e-05
38.41574,45.99083,-0.00238152950018389,45.9932672732958,5.57437956256152e-05
38.42706,45.99443,0.00121847049981483,45.9932449018454,3.33723451862193e-05
38.4384,45.99249,-0.000721529500189888,45.9931970749408,-1.44545594028065e-05
38.44976,45.99301,-0.000201529500188258,45.9931364601773,-7.50693229100289e-05
38.46109,45.99442,0.00120847049981165,45.9930753305323,-0.000136198967907749
38.47242,45.99052,-0.00269152950018992,45.9930238511774,-0.00018767832282142
38.48376,45.99238,-0.000831529500189276,45.9929888074571,-0.000222722043125437
38.49511,45.99327,5.84704998161101e-05,45.992972940888,-0.000238588612207268
38.50641,45.99223,-0.00098152950018715,45.9929749708945,-0.000236558605704467
38.51771,45.99465,0.0014384704998136,45.9929902287074,-0.000221300792763548
38.52905,45.99494,0.00172847049981328,45.9930116809063,-0.000199848593876634
38.5404,45.99183,-0.00138152950018622,45.9930310611333,-0.000180468366895559
38.55174,45.99233,-0.000881529500183831,45.9930399001505,-0.000171629349721102
38.56308,45.99354,0.000328470499816547,45.993030402868,-0.000181126632185689
38.57443,45.98977,-0.00344152950018639,45.9929962552699,-0.000215274230313239
38.5858,45.99427,0.00105847049981378,45.9929334603425,-0.000278069157691846
38.59715,45.99428,0.00106847049981695,45.992841192424,-0.00037033707615998
38.60851,45.99501,0.00179847049981419,45.9927224949312,-0.000489034568950242
38.61985,45.9913,-0.00191152950018392,45.9925845448244,-0.000626984675741701
38.63115,45.99151,-0.00170152950018831,45.9924382660128,-0.000773263487392734
38.64248,45.99295,-0.000261529500185986,45.9922972645309,-0.000914264969327703
38.65379,45.99481,0.00159847049981465,45.9921762366694,-0.00103529283083688
38.66512,45.98938,-0.00383152950018939,45.9920890785987,-0.00112245090151771
38.67646,45.99269,-0.000521529500183249,45.9920469580812,-0.00116457141900467
38.68782,45.98919,-0.00402152950018575,45.9920566651889,-0.00115486431123881
38.69916,45.99183,-0.00138152950018622,45.9921195918305,-0.00109193766967222
38.71051,45.99138,-0.00183152950018695,45.9922316022181,-0.000979927282126499
38.72184,45.9938,0.000588470499813809,45.9923838342815,-0.000827695218659624
38.73322,45.99447,0.00125847049981331,45.9925642028781,-0.000647326622063758
38.74457,45.99342,0.000208470499813984,45.9927591850013,-0.000452344498916978
38.75587,45.99163,-0.00158152950018575,45.9929554485284,-0.000256080971739348
38.76721,45.99383,0.000618470499816226,45.9931410354739,-7.04940263093792e-05
38.77855,45.99387,0.000658470499814712,45.993306018543,9.44890427905752e-05
38.78985,45.9943,0.0010884704998162,45.9934426987858,0.000231169285648199
38.80121,45.98981,-0.00340152950018791,45.9935454839921,0.000333954491906807
38.81253,45.99486,0.00164847049981631,45.9936106270527,0.000399097552523698
38.82387,45.99394,0.000728470499815614,45.9936360055466,0.000424476046422433
38.83517,45.99455,0.00133847049981028,45.9936210472082,0.000409517708057386
38.84652,45.99282,-0.000391529500184618,45.9935667872117,0.000355257711499319
38.85785,45.99197,-0.00124152950018441,45.9934759807741,0.000264451273872896
38.86921,45.99494,0.00172847049981328,45.9933532107161,0.000141681215927056
38.88057,45.99443,0.00121847049981483,45.9932049492753,-6.58022491849085e-06
38.89189,45.99049,-0.00272152950018523,45.9930395135917,-0.000172015908533516
38.90322,45.99347,0.000258470499815644,45.9928668387505,-0.000344690749648857
38.91457,45.99589,0.0026784704998164,45.9926980128663,-0.000513516633932473
38.92591,45.99204,-0.00117152950018351,45.9925445477856,-0.000666981714605545
38.93725,45.99036,-0.00285152950018386,45.992417401542,-0.000794127958154698
38.94862,45.99216,-0.00105152950018805,45.9923258705383,-0.000885658961902524
38.95998,45.99065,-0.00256152950018418,45.9922765882265,-0.000934941273710085
38.97133,45.99283,-0.000381529500188549,45.992272876739,-0.000938652761152047
38.98268,45.99613,0.00291847049981442,45.9923145585492,-0.000896970950938618
38.99403,45.9885,-0.0047115295001845,45.9923981558734,-0.000813373626804822
39.00537,45.99316,-5.15295001832783e-05,45.992517324309,-0.000694205191181548
39.01671,45.99375,0.000538470499812149,45.9926634078012,-0.000548121698954462
39.02807,45.9931,-0.000111529500188112,45.9928260656056,-0.000385463894575577
39.03941,45.99253,-0.000681529500184297,45.9929939343616,-0.000217595138534642
39.05076,45.99292,-0.000291529500188403,45.9931552894056,-5.62400945548286e-05
39.0621,45.99356,0.000348470499815789,45.9932987074915,8.71779912970924e-05
39.07343,45.99174,-0.00147152950018636,45.9934137752767,0.000202245776494974
39.08475,45.99345,0.000238470499816401,45.9934918827145,0.00028035321427548
39.09608,45.99628,0.00306847049981229,45.9935270799362,0.000315550435975149
39.1074,45.9904,-0.00281152950018537,45.9935168878863,0.000305358386150619
39.11876,45.99632,0.00310847049981078,45.9934628873324,0.000251357832212908
39.1301,45.99302,-0.000191529500185084,45.9933709083537,0.000159378853551957
39.14143,45.99297,-0.000241529500186743,45.9932506947028,3.91652026046526e-05
39.15277,45.99532,0.00210847049981311,45.9931149961262,-9.6533373939109e-05
39.1641,45.99251,-0.00070152950018354,45.9929781405663,-0.000233388933933791
39.17546,45.99153,-0.00168152950018907,45.9928542599059,-0.000357269594333321
39.18681,45.99062,-0.0025915295001866,45.9927554702179,-0.000456059282308319
39.19816,45.99331,9.84704998145958e-05,45.9926903828568,-0.000521146643408787
39.20951,45.99174,-0.00147152950018636,45.9926632712087,-0.000548258291464612
39.22084,45.99282,-0.000391529500184618,45.9926740324441,-0.000537497056130958
39.23217,45.99392,0.000708470499816372,45.9927188554871,-0.000492674013114937
39.24352,45.99288,-0.000331529500186889,45.9927913390251,-0.000420190475130332
39.25484,45.99395,0.000738470499811683,45.9928837406911,-0.000327788809055717
39.26618,45.99258,-0.000631529500189743,45.9929880772659,-0.000223452234291456
39.27753,45.9921,-0.00111152950018578,45.9930969050907,-0.000114624409516823
39.28886,45.99535,0.00213847049981553,45.9932037339868,-7.7955133409424e-06
39.3002,45.99305,-0.000161529500189772,45.99330311524,9.1585739857911e-05
39.31152,45.99114,-0.00207152950018497,45.9933904917418,0.000178962241596116
39.32285,45.9943,0.0010884704998162,45.9934619368106,0.000250407310439468
39.33418,45.99336,0.000148470499816256,45.9935139311915,0.000302401691312408
39.3455,45.99249,-0.000721529500189888,45.9935432921325,0.000331762632299799
39.35683,45.99558,0.00236847049981037,45.9935472766398,0.000335747139569209
39.36818,45.99463,0.00141847049981436,45.993523794415,0.000312264914847551
39.37949,45.991,-0.00221152950018677,45.9934716414042,0.000260111904013758
39.39083,45.99174,-0.00147152950018636,45.9933907155586,0.000179186058380606
39.40219,45.99473,0.00151847049981058,45.9932822470206,7.07175204536057e-05
39.41352,45.99589,0.0026784704998164,45.9931490651627,-6.24643374846889e-05
39.42483,45.9905,-0.00271152950018916,45.992995820578,-0.000215708922173398
39.43615,45.99516,0.00194847049981206,45.99282900605,-0.000382523450186315
39.44748,45.9901,-0.00311152950018823,45.9926566756241,-0.000554853876043778
39.45882,45.994,0.000788470499813343,45.992487886507,-0.000723642993221528
39.47017,45.99165,-0.00156152950018651,45.992331969619,-0.000879559881146106
39.4815,45.99302,-0.000191529500185084,45.9921977396841,-0.00101378981612937
39.49285,45.99146,-0.00175152950018997,45.9920927300811,-0.0011187994190987
39.5042,45.99088,-0.00233152950018933,45.9920225260108,-0.00118900348940586
39.51555,45.9931,-0.000111529500188112,45.9919902715046,-0.00122125799559079
39.5269,45.99127,-0.00194152950018633,45.991996408615,-0.00121512088523328
39.53825,45.9917,-0.00151152950018485,45.992038655774,-0.0011728737261523
39.54956,45.99393,0.00071847049981244,45.9921121715808,-0.00109935791934696
39.56091,45.99334,0.000128470499817013,45.9922098145411,-0.0010017149591112
39.57225,45.99117,-0.00204152950018965,45.9923224256011,-0.000889103899087962
39.58357,45.99176,-0.00145152950018712,45.9924391484895,-0.00077238101071648
39.59491,45.99018,-0.00303152950018415,45.9925479331776,-0.00066359632263466
39.60624,45.99177,-0.00144152950018395,45.9926364372102,-0.000575092290000581
39.61756,45.9921,-0.00111152950018578,45.9926934500435,-0.00051807945666793
39.62889,45.99598,0.00276847049981654,45.9927107194306,-0.000500810069579748
39.64024,45.99528,0.00206847049981462,45.992684772237,-0.000526757263186974
39.6516,45.99301,-0.000201529500188258,45.9926181676623,-0.000593361837844203
39.66295,45.99185,-0.00136152950018698,45.9925197252368,-0.000691804263400545
39.67427,45.9924,-0.000811529500182928,45.9924036016508,-0.000807927849394733
39.68561,45.9887,-0.00451152950018496,45.9922874613189,-0.000924068181325155
39.69697,45.99365,0.000438470499815935,45.9921901980002,-0.00102133149995523
39.7083,45.99343,0.000218470499810053,45.9921296490381,-0.00108188046213228
39.71966,45.99168,-0.00153152950018409,45.9921205763147,-0.00109095318546409
39.731,45.99281,-0.000401529500187792,45.9921730246558,-0.0010385048443777
39.74234,45.99034,-0.0028715295001831,45.9922911244161,-0.000920405084078653
39.75364,45.99105,-0.00216152950018511,45.9924724573168,-0.000739072183431532
39.76497,45.99409,0.000878470499813488,45.992708132209,-0.000503397291154874
39.7763,45.99258,-0.000631529500189743,45.9929836363211,-0.000227893179080021
39.78767,45.99325,3.84704998168672e-05,45.9932803679802,6.88384800296317e-05
39.79902,45.99387,0.000658470499814712,45.9935776175285,0.00036608802828846
39.81035,45.99476,0.00154847049981299,45.9938547049466,0.00064317544639984
39.82168,45.99416,0.000948470499814391,45.9940929916032,0.000881462103048825
39.83301,45.99503,0.00181847049981343,45.9942775313737,0.00106600187350875
39.84434,45.99325,3.84704998168672e-05,45.9943982080576,0.00118667855740071
39.85568,45.99527,0.00205847049981145,45.9944503084907,0.00123877899052616
39.86701,45.99417,0.00095847049981046,45.9944345675472,0.00122303804699856
39.87835,45.9935,0.000288470499810956,45.9943567648,0.00114523529985936
39.8897,45.99694,0.00372847049981573,45.9942269586669,0.00101542916671279
39.90101,45.99137,-0.00184152950018301,45.9940584392644,0.000846909764241645
39.91237,45.99337,0.000158470499812324,45.9938664891979,0.000654959697689673
39.9237,45.99569,0.00247847049981686,45.9936670573291,0.00045552782887509
39.93505,45.99414,0.000928470499815148,45.9934754421605,0.000263912660310962
39.9464,45.99097,-0.00224152950018919,45.9933050488974,9.35193972587896e-05
39.95775,45.99393,0.00071847049981244,45.9931662815269,-4.52479732624346e-05
39.96911,45.99323,1.8470499810519e-05,45.9930656723274,-0.00014585717280058
39.98045,45.99267,-0.000541529500189597,45.9930053717244,-0.000206157775803275
39.9918,45.99221,-0.00100152950018639,45.9929830859645,-0.000228443535702768
40.00316,45.99216,-0.00105152950018805,45.9929924950534,-0.000219034446769129
40.0145,45.99468,0.00146847049981602,45.993024129486,-0.000187400014209332
40.02585,45.99246,-0.0007515295001852,45.9930666132095,-0.000144916290711718
40.03716,45.99336,0.000148470499816256,45.9931081042349,-0.000103425265240758
40.04849,45.994,0.000788470499813343,45.9931377311513,-7.37983488939414e-05
40.05984,45.99184,-0.00137152950018304,45.9931468498792,-6.46796210193344e-05
40.07117,45.99476,0.00154847049981299,45.9931299996417,-8.15298585017748e-05
40.0825,45.99208,-0.00113152950018502,45.9930854878929,-0.000126041607241603
40.09386,45.99282,-0.000391529500184618,45.9930155713264,-0.000195958173833856
40.10516,45.99492,0.00170847049981404,45.9929262266255,-0.000285302874711874
40.11651,45.992,-0.0012115295001891,45.9928265263278,-0.000385003172352173
40.12783,45.99178,-0.00143152950018788,45.9927276666975,-0.000483862802638699
40.13916,45.99249,-0.000721529500189888,45.9926417458169,-0.000569783683270279
40.15049,45.99383,0.000618470499816226,45.9925804332916,-0.000631096208565794
40.16181,45.99202,-0.00119152950018986,45.992553666443,-0.0006578630572293
40.17314,45.99252,-0.000691529500187471,45.992568467101,-0.000643062399201609
40.18446,45.99327,5.84704998161101e-05,45.9926279558064,-0.000583573693803218
40.1958,45.99247,-0.000741529500189131,45.9927306637372,-0.000480865762955993
40.20711,45.99172,-0.00149152950018561,45.9928702777332,-0.000341251766994382
40.21845,45.99149,-0.00172152950018756,45.9930359729188,-0.000175556581397258
40.2298,45.99248,-0.000731529500185957,45.9932134624691,1.932968949736e-06
40.24111,45.99284,-0.000371529500185375,45.9933867836144,0.000175254114210721
40.25246,45.99405,0.000838470499815003,45.9935406318216,0.000329102321425435
40.26377,45.9978,0.00458847049981159,45.9936628106989,0.000451281198692441
40.27512,45.99567,0.00245847049981052,45.9937461976058,0.000534668105642167
40.28643,45.99502,0.00180847049981026,45.9937896566112,0.000578127111026435
40.29776,45.9902,-0.00301152950018491,45.9937976184023,0.000586088902101056
40.30911,45.99321,-1.52950018872389e-06,45.9937784941203,0.00056696462016116
40.32043,45.99258,-0.000631529500189743,45.9937424604513,0.000530930951083943
40.33178,45.99374,0.000528470499816081,45.9936992481825,0.000487718682340648
40.34313,45.99619,0.00297847049981215,45.9936563944043,0.000444864904147983
40.35445,45.99267,-0.000541529500189597,45.9936181643815,0.000406634881269763
40.36579,45.98989,-0.00332152950018383,45.9935851954478,0.000373665947659485
40.37714,45.99208,-0.00113152950018502,45.9935548918066,0.000343362306452638
40.38844,45.99612,0.00290847049981124,45.9935225697224,0.000311040222168771
40.39978,45.99649,0.003278470499815,45.9934831798212,0.000271650320985434
40.41112,45.99209,-0.00112152950018896,45.9934331824712,0.00022165297097985
40.42245,45.99341,0.00019847049981081,45.9933720453982,0.000160515897980767
40.43376,45.9951,0.00188847049981433,45.9933029681216,9.14386213782405e-05
40.44507,45.99287,-0.000341529500182958,45.9932326832498,2.1153749601995e-05
40.45639,45.9952,0.00198847049981055,45.993170385396,-4.11441041953998e-05
40.46772,45.99069,-0.00252152950018569,45.9931259866493,-8.55428508601291e-05
40.47905,45.992,-0.0012115295001891,45.9931080431586,-0.000103486341598117
40.49038,45.99181,-0.00140152950018546,45.9931218111839,-8.97183163106887e-05
40.50171,45.99427,0.00105847049981378,45.9931678846239,-4.36448762400999e-05
40.51304,45.9932,-1.15295001847926e-05,45.9932417097495,3.01802493592876e-05
40.52437,45.99224,-0.000971529500183976,45.9933340511993,0.00012252169914656
40.53567,45.99079,-0.00242152950018948,45.9934323111855,0.000220781685353141
40.54701,45.99619,0.00297847049981215,45.9935224983945,0.000310968894337562
40.55836,45.99534,0.00212847049981235,45.9935915319526,0.000380002452399092
40.56967,45.99458,0.0013684704998127,45.9936294365122,0.000417907012052075
40.58105,45.99287,-0.000341529500182958,45.9936309464762,0.00041941697605641
40.59237,45.99499,0.00177847049981494,45.993596178443,0.000384648942776702
40.60372,45.99383,0.000618470499816226,45.9935302856002,0.000318756099983554
40.61507,45.99353,0.000318470499813372,45.9934422442919,0.000230714791754167
40.62639,45.99091,-0.00230152950018692,45.9933430899207,0.000131560420554777
40.63771,45.99216,-0.00105152950018805,45.993244025555,3.24960547816892e-05
40.64906,45.99258,-0.000631529500189743,45.993154842635,-5.66868651722216e-05
40.66039,45.9938,0.000588470499813809,45.9930829686043,-0.000128560895912432
40.67174,45.99263,-0.000581529500188083,45.9930332172979,-0.000178312202268918
40.68307,45.99494,0.00172847049981328,45.9930080776072,-0.000203451893017205
40.69441,45.99347,0.000258470499815644,45.9930082408304,-0.00020328866974478
40.70575,45.99398,0.0007684704998141,45.9930330719729,-0.000178457527261434
40.71708,45.99149,-0.00172152950018756,45.993080852805,-0.000130676695229088
40.7284,45.99269,-0.000521529500183249,45.9931488066597,-6.27228405174485e-05
40.73973,45.99376,0.000548470499815323,45.9932330680665,2.15385662654111e-05
40.75108,45.99032,-0.00289152950018945,45.9933288074396,0.000117277939446207
40.7624,45.99222,-0.000991529500183219,45.99343064809,0.000219118589813951
40.77372,46,0.00678847049981357,45.9935333517127,0.000321822212473992
40.78506,45.9932,-1.15295001847926e-05,45.9936325551897,0.000421025689485258
40.79637,45.99267,-0.000541529500189597,45.993725235269,0.000513705768854886
40.80774,45.99368,0.000468470499811247,45.9938096847506,0.000598155250394773
40.8191,45.99241,-0.000801529500186859,45.9938850556878,0.000673526187632485
40.83044,45.99447,0.00125847049981331,45.9939507447317,0.000739215231493723
40.84178,45.99245,-0.000761529500188374,45.9940059223894,0.00079439288922005
40.8531,45.99431,0.00109847049981227,45.994049387416,0.000837857915846986
40.86441,45.99522,0.00200847049981689,45.9940797650194,0.000868235519162175
40.87573,45.99413,0.000918470499811974,45.9940959257122,0.000884396212010727
40.88706,45.99509,0.00187847049981116,45.9940974189697,0.00088588946946393
40.89839,45.99372,0.000508470499816838,45.994084722537,0.000873193036829679
40.90974,45.9934,0.000188470499814741,45.9940591955168,0.000847666016589314
40.92107,45.99608,0.00286847049981276,45.9940227370723,0.000811207572163626
40.93241,45.99329,7.84704998153529e-05,45.9939772410588,0.000765711558562502
40.94373,45.99288,-0.000331529500186889,45.9939239966549,0.000712467154736553
40.95509,45.9915,-0.00171152950018438,45.9938632375485,0.000651708048332887
40.96641,45.99372,0.000508470499816838,45.9937940621229,0.000582532622759535
40.97775,45.99394,0.000728470499815614,45.9937148613079,0.000503331807702494
40.98909,45.99683,0.00361847049981634,45.9936241836284,0.000412654128205068
41.00043,45.99263,-0.000581529500188083,45.9935217473526,0.000310217852411445
41.01175,45.99491,0.00169847049981087,45.9934092291357,0.000197699635553873
41.02308,45.99091,-0.00230152950018692,45.9932905687844,7.90392842466303e-05
41.03444,45.99384,0.000628470499812295,45.9931717365521,-3.97929480756702e-05
41.04578,45.99511,0.0018984704998104,45.993060068533,-0.000151460967161653
41.0571,45.99249,-0.000721529500189888,45.9929633282485,-0.000248201251737169
41.06844,45.99135,-0.00186152950018936,45.9928886610682,-0.000322868431953329
41.0798,45.99057,-0.00264152950018826,45.9928416503255,-0.000369879174709559
41.09115,45.9927,-0.00051152950018718,45.9928257250643,-0.000385804435903309
41.10249,45.99364,0.000428470499812761,45.9928420957756,-0.000369433724625577
41.11383,45.994,0.000788470499813343,45.9928901784949,-0.000321351005311805
41.12516,45.99469,0.00147847049981209,45.9929682315176,-0.000243297982599114
41.13651,45.9935,0.000288470499810956,45.9930738294012,-0.000137700098990365
41.14785,45.99405,0.000838470499815003,45.9932038943069,-7.63519330207345e-06
41.1592,45.9922,-0.00101152950018957,45.9933542382642,0.000142708764024049
41.17052,45.9921,-0.00111152950018578,45.9935188314597,0.000307301959507884
41.18185,45.9915,-0.00171152950018438,45.9936891925836,0.000477663083384295
41.19318,45.99315,-6.15295001864524e-05,45.9938543174289,0.000642787928681345
41.20449,45.99538,0.00216847049981084,45.9940013957986,0.000789866298424568
41.21582,45.99493,0.00171847049981011,45.9941172757091,0.000905746208914539
41.22714,45.99431,0.00109847049981227,45.9941903576762,0.000978828176054526
41.23846,45.99477,0.00155847049981617,45.9942124719698,0.00100094246960471
41.24981,45.9956,0.00238847049981672,45.9941803333637,0.000968803863533724
41.26117,45.99278,-0.000431529500183103,45.9940963079515,0.000884778451333196
41.27246,45.99437,0.0011584704998171,45.9939683860514,0.000756856551193527
41.28379,45.99584,0.00262847049981474,45.9938093940667,0.000597864566560527
41.29516,45.99141,-0.00180152950018453,45.9936355804987,0.000424050998512977
41.30651,45.99232,-0.000891529500187005,45.9934647826889,0.000253253188696427
41.31786,45.99479,0.00157847049981541,45.9933144273857,0.000102897885466855
41.3292,45.99326,4.84704998129359e-05,45.9931996126039,-1.19168963076991e-05
41.34053,45.99317,-4.15295001872096e-05,45.9931314500729,-8.00794272827964e-05
41.35186,45.99277,-0.000441529500186277,45.9931157799219,-9.57495782652296e-05
41.3632,45.99339,0.000178470499811567,45.9931523642603,-5.91652398715271e-05
41.37453,45.99023,-0.00298152950018959,45.9932346996296,2.31701294037219e-05
41.38585,45.99427,0.00105847049981378,45.9933505885055,0.000139059005318884
41.3972,45.99335,0.000138470499813081,45.9934835297056,0.000272000205394574
41.40853,45.99239,-0.000821529500186102,45.9936148292017,0.000403299701479682
41.41986,45.99615,0.00293847049981366,45.9937261509678,0.000514621467569105
41.4312,45.99471,0.00149847049981133,45.9938020943988,0.000590564898580637
41.44252,45.99339,0.000178470499811567,45.9938323472064,0.000620817706176101
41.45386,45.99557,0.0023584704998143,45.993813037329,0.000601507828781158
41.46521,45.99333,0.000118470499813839,45.993747075921,0.000535546420800271
41.47654,45.99213,-0.00108152950018336,45.9936434855823,0.000431956082081798
41.48788,45.99531,0.00209847049981704,45.9935158769832,0.000304347482999321
41.49924,45.9936,0.000388470499814275,45.9933803363714,0.000168806871235031
41.51057,45.99338,0.000168470499815498,45.9932530235528,4.14940526145849e-05
41.52189,45.99083,-0.00238152950018389,45.9931478046866,-6.37248135751494e-05
41.5332,45.99151,-0.00170152950018831,45.9930742864465,-0.000137243053674827
41.54451,45.99324,2.84704998136931e-05,45.9930366200612,-0.000174909438984991
41.55584,45.99355,0.000338470499812615,45.9930333204066,-0.000178209093548186
41.56718,45.99107,-0.00214152950018587,45.9930581087199,-0.000153420780248715
41.57851,45.99609,0.00287847049981593,45.993101547238,-0.000109982262193969
41.58986,45.99306,-0.000151529500186598,45.9931530807042,-5.84487959604855e-05
41.60119,45.99411,0.000898470499812731,45.9932030534924,-8.47600775370722e-06
41.61251,45.99303,-0.000181529500189015,45.9932443285385,3.27990383533273e-05
41.62383,45.99291,-0.000301529500184472,45.9932732772711,6.1747770892922e-05
41.6352,45.99377,0.000558470499811392,45.9932900761578,7.8546657639507e-05
41.64656,45.99181,-0.00140152950018546,45.9932983624568,8.68329566180281e-05
41.65789,45.99756,0.00434847049981357,45.9933043461885,9.28166883063652e-05
41.66922,45.99194,-0.00127152950018683,45.9933154841982,0.000103954698004338
41.68055,45.99176,-0.00145152950018712,45.9933388634253,0.000127333925069177
41.69186,45.9919,-0.00131152950018532,45.9933795472362,0.000168017736024387
41.70319,45.99359,0.000378470499811101,45.9934392394361,0.000227709935875389
41.71451,45.99405,0.000838470499815003,45.9935155939773,0.000304064477165404
41.72587,45.99233,-0.000881529500183831,45.9936023280392,0.000390798539035672
41.73717,45.99344,0.000228470499813227,45.9936900934546,0.000478563954384576
41.7485,45.9954,0.00218847049981008,45.9937679197418,0.000556390241633162
41.75983,45.99305,-0.000161529500189772,45.9938249592014,0.00061342970123552
41.77119,45.9954,0.00218847049981008,45.9938522192904,0.000640689790186907
41.78254,45.99405,0.000838470499815003,45.9938439764947,0.000632446994519626
41.79387,45.99337,0.000158470499812324,45.9937986428501,0.000587113349907022
41.8052,45.99427,0.00105847049981378,45.9937189768803,0.000507447380107993
41.81654,45.99448,0.00126847049981649,45.9936116536607,0.000400124160531082
41.82788,45.99236,-0.000851529500188519,45.993486306739,0.000274777238770321
41.8392,45.99345,0.000238470499816401,45.9933542275832,0.000142698082980486
41.85052,45.9924,-0.000811529500182928,45.9932269618972,1.54323969970568e-05
41.86184,45.99171,-0.00150152950018878,45.9931150579471,-9.64715531272412e-05
41.87318,45.99258,-0.000631529500189743,45.9930271700038,-0.00018435949639098
41.88448,45.99653,0.00331847049981349,45.9929695953596,-0.000241934140615953
41.89582,45.99158,-0.00163152950018741,45.9929461692427,-0.000265360257468616
41.90713,45.99225,-0.000961529500187908,45.9929583464941,-0.000253183006074543
41.91848,45.99398,0.0007684704998141,45.993005324004,-0.000206205496223664
41.92981,45.9934,0.000188470499814741,45.993084156644,-0.000127372856200836
41.94115,45.99234,-0.000871529500187762,45.9931898944556,-2.16350446290486e-05
41.95245,45.99264,-0.000571529500184909,45.9933157957793,0.000104266279157736
41.96379,45.99371,0.000498470499813664,45.9934536787743,0.000242149274067915
41.97514,45.99433,0.00111847049981151,45.9935944581664,0.0003829286661732
41.98648,45.99218,-0.00103152950018881,45.9937288615994,0.000517332099170914
41.99784,45.99477,0.00155847049981617,45.9938482591522,0.000636729652034857
42.00919,45.99502,0.00180847049981026,45.9939455024105,0.000733972910305881
42.02051,45.99157,-0.00164152950018348,45.9940156537621,0.000804124261949031
42.03189,45.99698,0.00376847049981421,45.9940564852218,0.00084495572158883
42.0432,45.99361,0.000398470499810344,45.994068641844,0.000857112343810945
42.05451,45.99455,0.00133847049981028,45.9940553991219,0.00084386962173376
42.06585,45.99472,0.00150847049981451,45.9940220080493,0.000810478549080034
42.07716,45.99195,-0.00126152950018366,45.9939747259862,0.000763196485992401
42.08851,45.99313,-8.15295001856953e-05,45.9939197442384,0.000708214738182917
42.09983,45.99445,0.00123847049981407,45.9938622769242,0.000650747423979621
42.11116,45.99376,0.000548470499815323,45.9938060250928,0.000594495592612572
42.12251,45.99201,-0.00120152950018593,45.9937530991892,0.000541569688992208
42.13385,45.99572,0.00250847049981218,45.993704344959,0.000492815458811768
42.14518,45.99458,0.0013684704998127,45.9936599214113,0.000448391911076524
42.15652,45.99284,-0.000371529500185375,45.9936199328634,0.000408403363237249
42.16787,45.99302,-0.000191529500185084,45.9935849339197,0.000373404419565759
42.17922,45.99407,0.000858470499814246,45.993556204901,0.000344675400849016
42.19054,45.99534,0.00212847049981235,45.9935357775591,0.00032424805889388
42.20187,45.9916,-0.00161152950018817,45.9935262288636,0.00031469936338853
42.21317,45.99265,-0.00056152950018884,45.993530282482,0.000318752981823893
42.22448,45.99431,0.00109847049981227,45.9935502933937,0.000338763893466859
42.23581,45.995,0.00178847049981101,45.9935877008358,0.000376171335654123
42.24712,45.99499,0.00177847049981494,45.993642490847,0.000430961346860057
42.25846,45.99136,-0.00185152950018619,45.9937126823738,0.000501152873640679
42.2698,45.99235,-0.000861529500184588,45.9937939182496,0.000582388749439602
42.28115,45.99408,0.000868470499810314,45.9938793534576,0.000667823957449034
42.29248,45.99389,0.000678470499813955,45.9939600496076,0.000748520107446486
42.30382,45.99391,0.000698470499813197,45.9940259526121,0.000814423111891971
42.31511,45.99415,0.000938470499811217,45.9940673392033,0.000855809703097517
42.32644,45.99385,0.000638470499815469,45.9940764785059,0.00086494900573319
42.33778,45.99461,0.00139847049981512,45.9940491924144,0.000837662914229915
42.34911,45.99683,0.00361847049981634,45.9939859824077,0.00077445290754344
42.36045,45.99541,0.00219847049981325,45.9938924175918,0.000680888091610487
42.37173,45.99252,-0.000691529500187471,45.9937785961141,0.000567066613888561
42.38304,45.99212,-0.00109152950018654,45.9936577310367,0.000446201536473273
42.39434,45.99107,-0.00214152950018587,45.9935441963028,0.000332666802564445
42.40569,45.994,0.000788470499813343,45.9934515291784,0.000239999678171971
42.41698,45.9936,0.000388470499814275,45.9933908088213,0.000179279321125986
42.42834,45.9964,0.00318847049981485,45.9933695776937,0.000158048193483482
42.43966,45.99313,-8.15295001856953e-05,45.9933912325313,0.000179703031113103
42.451,45.99111,-0.00210152950018738,45.99345474623,0.00024321672978851
42.46232,45.99195,-0.00126152950018366,45.9935546965751,0.000343167074870236
42.47365,45.99385,0.000638470499815469,45.9936817146351,0.000470185134929759
42.48499,45.99545,0.00223847049981174,45.9938234502144,0.000611920714208599
42.49633,45.99484,0.00162847049981707,45.9939659731869,0.000754443686722342
42.50763,45.99437,0.0011584704998171,45.9940953495271,0.000883820026917604
42.51896,45.99348,0.000268470499811713,45.9941991026252,0.000987573125012136
42.53031,45.99358,0.000368470499815032,45.9942673905015,0.00105586100134151
42.54164,45.99453,0.00131847049981104,45.9942938739472,0.00108234444701945
42.55297,45.99336,0.000148470499816256,45.9942763107941,0.00106478129394101
42.56432,45.9963,0.00308847049981154,45.9942168737837,0.00100534428349778
42.57567,45.995,0.00178847049981101,45.9941221161153,0.000910586615100686
42.58701,45.99214,-0.0010715295001873,45.9940024793277,0.000790949827505712
42.59833,45.99423,0.00101847049981529,45.9938712941106,0.000659764610398151
42.60965,45.996,0.00278847049981579,45.9937433309827,0.00053180148248407
42.62099,45.99356,0.000348470499815789,45.9936330425667,0.000421513066544029
42.6323,45.99133,-0.00188152950018861,45.9935526945201,0.000341165019900194
42.64363,45.99353,0.000318470499813372,45.9935106563751,0.000299126874912956
42.65499,45.99055,-0.0026615295001875,45.9935101957392,0.000298666239014739
42.66633,45.994,0.000788470499813343,45.9935490865624,0.000337557062191045
42.67765,45.99407,0.000858470499814246,45.9936201523445,0.000408622844348404
42.68901,45.99747,0.00425847049981343,45.9937125884084,0.000501058908251347
42.70034,45.99226,-0.000951529500184733,45.9938136878188,0.000602158318573614
42.71168,45.994,0.000788470499813343,45.9939105588593,0.000699029359072471
42.72302,45.99331,9.84704998145958e-05,45.9939915740114,0.000780044511183155
42.73435,45.99277,-0.000441529500186277,45.9940474941426,0.000835964642455074
42.74568,45.99581,0.00259847049981232,45.9940723128072,0.000860783306982853
42.75703,45.99346,0.00024847049981247,45.9940638303517,0.000852300851496246
42.76838,45.99583,0.00261847049981156,45.9940238780941,0.000812348593876625
42.77973,45.99479,0.00157847049981541,45.9939580711148,0.000746541614656056
42.79108,45.99242,-0.000791529500183685,45.9938750253331,0.000663495832926446
42.80241,45.99289,-0.000321529500183715,45.993785112409,0.000573582908805189
42.81377,45.99507,0.00185847049981192,45.9936989689421,0.000487439441930745
42.8251,45.9917,-0.00151152950018485,45.9936260395485,0.000414510048313907
42.83645,45.99354,0.000328470499816547,45.993573395082,0.000361865581857572
42.8478,45.99525,0.00203847049981221,45.9935449766247,0.000333447124555466
42.85911,45.99298,-0.000231529500183569,45.9935413258475,0.000329796347273638
42.87043,45.99168,-0.00153152950018409,45.9935598027107,0.000348273210514276
42.88176,45.99384,0.000628470499812295,45.9935952745411,0.000383745040904128
42.89312,45.99144,-0.00177152950018922,45.9936412488083,0.000429719308135936
42.90444,45.9956,0.00238847049981672,45.9936913420373,0.000479812537137991
42.91578,45.99588,0.00266847049981322,45.9937408151092,0.000529285609059078
42.92709,45.997,0.00378847049981346,45.9937877520585,0.000576222558358586
42.93845,45.99273,-0.000481529500184763,45.9938334546229,0.000621925122702473
42.94978,45.99281,-0.000401529500187792,45.9938818455372,0.000670316036965455
42.96113,45.99244,-0.000771529500184442,45.9939380395649,0.000726510064749903
42.97248,45.99388,0.00066847049981078,45.9940065446083,0.000795015108096025
42.98381,45.99327,5.84704998161101e-05,45.9940896339284,0.000878104428223161
42.99517,45.99456,0.00134847049981346,45.9941862973918,0.000974767891596227
43.0065,45.9939,0.000688470499810023,45.9942919655426,0.00108043604243011
43.01785,45.99284,-0.000371529500185375,45.9943990156445,0.00118748614433541
43.02916,45.99513,0.00191847049981675,45.9944979395536,0.00128641005344344
43.04049,45.99628,0.00306847049981229,45.9945789489767,0.00136741947654651
43.05182,45.99466,0.00144847049981678,45.9946336972952,0.00142216779500896
43.06316,45.99496,0.00174847049981253,45.9946567491778,0.00144521967763758
43.0745,45.99639,0.00317847049981168,45.9946464821349,0.00143495263466719
43.08585,45.99436,0.00114847049981393,45.994605248513,0.00139371901276899
43.0972,45.99434,0.00112847049981468,45.9945388078759,0.0013272783757216
43.10853,45.99213,-0.00108152950018336,45.9944552157998,0.00124368629959091
43.11986,45.99479,0.00157847049981541,45.9943634828111,0.00115195331090182
43.1312,45.99493,0.00171847049981011,45.9942723376919,0.00106080819167424
43.14253,45.99324,2.84704998136931e-05,45.9941893303786,0.000977800878459469
43.15387,45.9931,-0.000111529500188112,45.9941203641207,0.000908834620501234
43.16521,45.99348,0.000268470499811713,45.9940696318857,0.00085810238546919
43.17655,45.99768,0.00446847049981614,45.9940398445191,0.000828315018937224
43.1879,45.9933,8.84704998114216e-05,45.9940325485848,0.000821019084633469
43.19924,45.99507,0.00185847049981192,45.9940482868604,0.000836757360190612
43.21058,45.99458,0.0013684704998127,45.9940864341283,0.000874904628143238
43.22192,45.99235,-0.000861529500184588,45.9941447337985,0.000933204298314522
43.23323,45.99242,-0.000791529500183685,45.9942187601548,0.00100723065465516
43.24456,45.99369,0.000478470499814421,45.9943016286273,0.00109009912708534
43.25592,45.99554,0.00232847049981189,45.9943842164122,0.00117268691202285
43.26727,45.99528,0.00206847049981462,45.9944559591799,0.00124442967974787
43.27861,45.99414,0.000928470499815148,45.9945060695366,0.00129454003645798
43.28993,45.99496,0.00174847049981253,45.9945249094623,0.001313379962134
43.30127,45.99364,0.000428470499812761,45.9945052718882,0.00129374238803061
43.31261,45.9948,0.00158847049981148,45.994443407905,0.00123187840484155
43.32395,45.99582,0.0026084704998155,45.9943396916112,0.00112816211096455
43.33526,45.9944,0.00118847049981241,45.9941988313083,0.000987301808096419
43.34656,45.99449,0.00127847049981256,45.9940295629089,0.000818033408671039
43.35789,45.99216,-0.00105152950018805,45.9938438459256,0.000632316425425649
43.36921,45.99248,-0.000731529500185957,45.9936557051375,0.000444175637285637
43.38052,45.99557,0.0023584704998143,45.993479939706,0.000268410205844946
43.39183,45.99212,-0.00109152950018654,45.9933308943688,0.000119364868637499
43.40316,45.99334,0.000128470499817013,45.99322138746,9.85795977822532e-06
43.41447,45.99427,0.00105847049981378,45.9931618078621,-4.97216381262606e-05
43.42581,45.99223,-0.00098152950018715,45.9931593717873,-5.21577128830886e-05
43.43716,45.99313,-8.15295001856953e-05,45.9932175483671,6.0188669586289e-06
43.44847,45.99412,0.000908470499815905,45.9933356893801,0.000124159879919749
43.4598,45.99282,-0.000391529500184618,45.9935089170165,0.000297387516268326
43.47115,45.99249,-0.000721529500189888,45.9937283269045,0.000516797404340584
43.48251,45.99366,0.000448470499812004,45.9939815493749,0.000770019874662321
43.49385,45.9958,0.00258847049981625,45.9942536666598,0.00104213715964324
43.50519,45.99519,0.00197847049981448,45.9945283978134,0.00131686831324961
43.51651,45.99465,0.0014384704998136,45.9947893815078,0.00157785200765537
43.52783,45.99398,0.0007684704998141,45.9950213846785,0.00180985517828254
43.53917,45.99421,0.000998470499816051,45.9952113467956,0.00199981729545339
43.55051,45.99877,0.00555847049981395,45.9953492481729,0.00213771867270713
43.56182,45.99289,-0.000321529500183715,45.995428796477,0.00221726697682978
43.57315,45.99578,0.00256847049981701,45.9954478922897,0.00223636278956142
43.58447,45.995,0.00178847049981101,45.9954088315559,0.00219730205567595
43.59582,45.99522,0.00200847049981689,45.9953182219545,0.00210669245430629
43.60718,45.99796,0.00474847049981264,45.9951865754108,0.00197504591065305
43.61852,45.99529,0.00207847049981069,45.9950275001819,0.00181597068168571
43.62985,45.99303,-0.000181529500189015,45.9948564353323,0.00164490583209633
43.64119,45.99621,0.00299847049981139,45.9946889933837,0.00147746388349914
43.65254,45.99259,-0.000621529500186568,45.9945391424917,0.00132761299153911
43.66387,45.9935,0.000288470499810956,45.9944175601001,0.00120603059986756
43.67523,45.99237,-0.000841529500185345,45.9943304731551,0.00111894365495362
43.68652,45.9987,0.00548847049981305,45.9942791767068,0.001067647206611
43.69786,45.99386,0.000648470499811538,45.9942602376941,0.00104870819396431
43.70921,45.99115,-0.0020615295001889,45.9942662400764,0.0010547105761933
43.72052,45.99554,0.00232847049981189,45.9942869053661,0.00107537586589535
43.73184,45.9948,0.00158847049981148,45.9943104892003,0.00109895970009952
43.74318,45.99371,0.000498470499813664,45.9943253756734,0.00111384617319252
43.75452,45.99406,0.000848470499811071,45.9943217312418,0.00111020174164282
43.76587,45.99401,0.000798470499816517,45.9942930177789,0.00108148827873657
43.77719,45.99659,0.00337847049981121,45.994237138827,0.00102560932677332
43.78854,45.99657,0.00335847049981197,45.9941569851464,0.000945455646200631
43.7999,45.99239,-0.000821529500186102,45.9940601845617,0.000848655061503629
43.81124,45.99223,-0.00098152950018715,45.9939580120095,0.000746482509303855
43.82258,45.99548,0.00226847049981416,45.9938636493806,0.000652119880360437
43.83392,45.99268,-0.000531529500186423,45.9937901600225,0.000578630522352286
43.84525,45.99306,-0.000151529500186598,45.993748565224,0.000537035723824316
43.85658,45.99282,-0.000391529500184618,45.9937463273826,0.000534797882398109
43.8679,45.99339,0.000178470499811567,45.9937864371795,0.000574907679356924
43.87923,45.99633,0.00311847049981395,45.9938671796386,0.000655650138405357
43.89057,45.9935,0.000288470499810956,45.9939825176664,0.000770988166181021
43.90191,45.99272,-0.000491529500187937,45.9941229420434,0.000911412543227053
43.91327,45.99397,0.000758470499810926,45.9942766441849,0.00106511468467384
43.92462,45.99426,0.00104847049981061,45.9944309213733,0.00121939187306581
43.93594,45.99469,0.00147847049981209,45.9945737203747,0.00136219087453784
43.94731,45.99634,0.00312847049981002,45.9946951379567,0.00148360845654457
43.95866,45.99598,0.00276847049981654,45.994788602363,0.0015770728628312
43.97,45.99524,0.00202847049981614,45.9948514517703,0.00163992227008157
43.98137,45.99552,0.00230847049981264,45.9948847435455,0.0016732140453507
43.99274,45.99246,-0.0007515295001852,45.9948923399061,0.00168081040586349
44.00406,45.99595,0.00273847049981413,45.9948795328361,0.00166800333587809
44.01541,45.99243,-0.000781529500187617,45.9948515964191,0.00164006691895426
44.0267,45.99522,0.00200847049981689,45.9948126412186,0.0016011117184596
44.03805,45.99452,0.00130847049981497,45.9947650165995,0.00155348709929047
44.04938,45.99488,0.00166847049981556,45.9947093258658,0.0014977963655794
44.06073,45.99532,0.00210847049981311,45.994644950099,0.00143342059879996
44.07206,45.99427,0.00105847049981378,45.9945708672284,0.00135933772821281
44.08341,45.99615,0.00293847049981366,45.9944865218567,0.00127499235648376
44.09474,45.99217,-0.00104152950018488,45.9943925362049,0.00118100670475915
44.10606,45.99644,0.00322847049981334,45.9942911236468,0.00107959414665894
44.11739,45.99601,0.00279847049981186,45.9941861429087,0.000974613408511431
44.12874,45.98977,-0.00344152950018639,45.9940828029029,0.000871273402720716
44.14009,45.99607,0.00285847049981669,45.9939871089365,0.000775579436295581
44.15142,45.99192,-0.00129152950018607,45.993905214306,0.000693684805824075
44.16275,45.99528,0.00206847049981462,45.9938428425423,0.00063131304213585
44.17406,45.99314,-7.15295001896266e-05,45.9938048537132,0.000593324212987278
44.18539,45.99574,0.00252847049981142,45.9937949142413,0.000583384741134043
44.1967,45.99233,-0.000881529500183831,45.9938151744626,0.000603644962412698
44.20802,45.99599,0.00277847049981261,45.9938658828544,0.000654353354236192
44.21935,45.99187,-0.00134152950018773,45.9939449458224,0.00073341632222645
44.23071,45.9948,0.00158847049981148,45.9940475359839,0.000836006483725835
44.24204,45.99246,-0.0007515295001852,45.9941659187613,0.000954389261153361
44.25337,45.99393,0.00071847049981244,45.9942896747301,0.00107814522989441
44.26472,45.99465,0.0014384704998136,45.9944064280485,0.00119489854827638
44.27604,45.9948,0.00158847049981148,45.994503062707,0.00129153320677792
44.28734,45.99463,0.00141847049981436,45.9945672650499,0.00135573554970338
44.29868,45.99504,0.0018284704998166,45.9945891310717,0.0013776015715207
44.31003,45.99722,0.00400847049981223,45.9945625525929,0.00135102309273668
44.32136,45.99141,-0.00180152950018453,45.9944861465896,0.00127461708936339
44.33267,45.99421,0.000998470499816051,45.9943635995097,0.00115207000952109
44.34401,45.99485,0.00163847049981314,45.9942034157551,0.00099188625492022
44.3553,45.9965,0.00328847049981107,45.9940181107202,0.000806581220046064
44.36664,45.99484,0.00162847049981707,45.9938228638896,0.000611334389457334
44.37794,45.99435,0.00113847049981075,45.9936336580327,0.000422128532560892
44.3893,45.98878,-0.00443152950018799,45.9934650847761,0.000253555275894162
44.40062,45.99216,-0.00105152950018805,45.9933282401755,0.000116710675325703
44.41196,45.99272,-0.000491529500187937,45.9932292687695,1.77392692733074e-05
44.42331,45.99249,-0.000721529500189888,45.9931689850496,-4.25444505593993e-05
44.43464,45.99609,0.00287847049981593,45.9931436494875,-6.78800127051542e-05
44.446,45.99258,-0.000631529500189743,45.9931466058645,-6.49236357043212e-05
44.45735,45.99278,-0.000431529500183103,45.9931702828759,-4.12466242389799e-05
44.46868,45.99488,0.00166847049981556,45.9932080653425,-3.46415768418301e-06
44.48002,45.99408,0.000868470499810314,45.9932556625213,4.41330211011324e-05
44.49134,45.99329,7.84704998153529e-05,45.9933117463313,0.000100216831069141
44.50267,45.99282,-0.000391529500184618,45.9933777785873,0.000166249087106451
44.51402,45.99471,0.00149847049981133,45.9934571047452,0.000245575245040245
44.52536,45.99345,0.000238470499816401,45.993553536205,0.000342006704820941
44.53666,45.99228,-0.000931529500185491,45.9936697411817,0.000458211681530667
44.54802,45.99199,-0.00122152950018517,45.9938058190934,0.000594289593244088
44.55935,45.99325,3.84704998168672e-05,45.9939584379946,0.000746908494389616
44.57071,45.99317,-4.15295001872096e-05,45.9941208188718,0.000909289371568884
44.58204,45.99436,0.00114847049981393,45.9942836297653,0.00107210026515107
44.5934,45.99799,0.00477847049981506,45.9944365672122,0.00122503771196855
44.60478,45.99539,0.00217847049981401,45.9945701705941,0.00135864109388593
44.6161,45.99433,0.00111847049981151,45.9946773510777,0.00146582157748071
44.62744,45.99363,0.000418470499816692,45.9947542641045,0.00154273460433688
44.63875,45.9959,0.00268847049981247,45.9948004252884,0.00158889578818644
44.65009,45.99572,0.00250847049981218,45.9948181985776,0.00160666907743924
44.66145,45.99332,0.000108470499810664,45.9948118888855,0.0016003593852724
44.67278,45.9934,0.000188470499814741,45.9947867007736,0.00157517127344768
44.68412,45.99436,0.00114847049981393,45.9947478375366,0.00153630803642767
44.69543,45.99468,0.00146847049981602,45.994699977519,0.00148844801880905
44.70679,45.995,0.00178847049981101,45.9946472321127,0.00143570261251086
44.7181,45.99371,0.000498470499813664,45.9945935057417,0.00138197624148513
44.72944,45.99561,0.00239847049981279,45.9945430296477,0.00133150014754554
44.74078,45.99686,0.00364847049981165,45.9945007677959,0.00128923829571455
44.75212,45.99649,0.003278470499815,45.9944723947742,0.00126086527401838
44.76345,45.99296,-0.000251529500189918,45.9944636478138,0.00125211831361812
44.7748,45.99315,-6.15295001864524e-05,45.9944790849586,0.00126755545838901
44.78616,45.99254,-0.000671529500188228,45.9945205676851,0.00130903818493768
44.7975,45.99607,0.00285847049981669,45.9945859624114,0.00137443291121913
44.80885,45.99273,-0.000481529500184763,45.9946685131311,0.00145698363095111
44.82019,45.99447,0.00125847049981331,45.9947571336252,0.00154560412502884
44.83153,45.99468,0.00146847049981602,45.9948376372454,0.00162610774516877
44.84284,45.99454,0.00132847049981422,45.9948947332656,0.00168320376541436
44.85418,45.99707,0.00385847049981436,45.9949144638895,0.0017029343893505
44.86553,45.9954,0.00218847049981008,45.9948866406301,0.00167511112991263
44.8769,45.99546,0.00224847049981491,45.9948068100118,0.0015952805116562
44.88825,45.99465,0.0014384704998136,45.9946773712105,0.00146584171035505
44.8996,45.99467,0.00145847049981285,45.9945076538326,0.00129612433237438
44.91093,45.99454,0.00132847049981422,45.994312964033,0.00110143453282879
44.92228,45.99544,0.00222847049981567,45.9941127583861,0.000901228885926957
44.93364,45.99306,-0.000151529500186598,45.9939282047804,0.000716675280188798
44.94499,45.99155,-0.00166152950018983,45.9937794718936,0.000567942393456201
44.95633,45.99314,-7.15295001896266e-05,45.9936831563002,0.000471626800003404
44.96769,45.99504,0.0018284704998166,45.993650252537,0.000438723036859158
44.97903,45.99295,-0.000261529500185986,45.9936849525604,0.000473423060184338
44.99036,45.9928,-0.00041152950018386,45.993784381402,0.000572851901839322
45.00168,45.9929,-0.000311529500187646,45.9939392355633,0.000727706063064797
45.01302,45.99426,0.00104847049981061,45.99413520511,0.000923675609864135
45.02434,45.99658,0.00336847049981515,45.9943549634146,0.00114343391438014
45.03568,45.99479,0.00157847049981541,45.9945803831001,0.00136885359987522
45.04704,45.99594,0.00272847049981095,45.9947945646794,0.00158303517923157
45.05841,45.99472,0.00150847049981451,45.9949833277805,0.00177179828028479
45.06975,45.99495,0.00173847049981646,45.9951359973671,0.0019244678668997
45.08109,45.99465,0.0014384704998136,45.9952455235601,0.00203399405992578
45.09245,45.99527,0.00205847049981145,45.995308115491,0.00209658599078306
45.10378,45.99644,0.00322847049981334,45.995322616992,0.00211108749184241
45.11509,45.99269,-0.000521529500183249,45.995289830154,0.00207830065382407
45.12642,45.99638,0.00316847049981561,45.9952119483098,0.00200041880956968
45.13774,45.99442,0.00120847049981165,45.9950922120752,0.0018806825750289
45.14907,45.99472,0.00150847049981451,45.9949348354272,0.0017233059269804
45.16045,45.99612,0.00290847049981124,45.9947451620196,0.00153363251942849
45.17178,45.99429,0.00107847049981302,45.9945299392405,0.00131840974027472
45.18315,45.99397,0.000758470499810926,45.9942975741457,0.00108604464548014
45.1945,45.99284,-0.000371529500185375,45.9940582647503,0.000846735250159759
45.20584,45.99447,0.00125847049981331,45.9938239444527,0.000612414952537363
45.21717,45.99516,0.00194847049981206,45.9936079820079,0.000396452507686245
45.22852,45.9945,0.00128847049981573,45.9934245390268,0.000213009526608403
45.23988,45.99348,0.000268470499811713,45.9932874747847,7.59452844827701e-05
45.25123,45.99368,0.000468470499811247,45.9932087827183,-2.74678192768153e-06
45.26255,45.99161,-0.00160152950018499,45.9931967354775,-1.47940227249823e-05
45.27388,45.99122,-0.00199152950018799,45.993254112057,4.25825567704055e-05
45.2852,45.99387,0.000658470499814712,45.9933769761901,0.000165446689917594
45.29656,45.99144,-0.00177152950018922,45.9935544126787,0.00034288317849321
45.3079,45.99354,0.000328470499816547,45.9937694240783,0.000557894578138912
45.31925,45.99547,0.00225847049981098,45.9940009190492,0.00078938954900348
45.3306,45.99371,0.000498470499813664,45.9942264678428,0.00101493834262175
45.34193,45.996,0.00278847049981579,45.9944253208424,0.00121379134223609
45.35328,45.997,0.00378847049981346,45.9945811250369,0.00136959553671436
45.36463,45.99446,0.00124847049981014,45.9946838467203,0.00147231722011543
45.37598,45.99406,0.000848470499811071,45.9947306023676,0.00151907286743587
45.38729,45.99409,0.000878470499813488,45.9947253644827,0.00151383498254391
45.39865,45.99509,0.00187847049981116,45.9946777487496,0.00146621924937446
45.41,45.99478,0.00156847049981224,45.9946012086484,0.00138967914824295
45.42131,45.99403,0.00081847049981576,45.994510960679,0.00129943117881853
45.43264,45.99442,0.00120847049981165,45.9944219160687,0.00121038656847472
45.44395,45.99367,0.000458470499815178,45.994346863045,0.00113533354476491
45.45531,45.99281,-0.000401529500187792,45.9942951200094,0.0010835905091655
45.46667,45.99386,0.000648470499811538,45.9942718260139,0.00106029651371654
45.47803,45.99575,0.00253847049981459,45.9942779245794,0.00106639507917261
45.48933,45.99499,0.00177847049981494,45.9943107419897,0.00109921248951822
45.50069,45.99478,0.00156847049981224,45.9943649279633,0.00115339846312294
45.51205,45.99374,0.000528470499816081,45.9944334966178,0.00122196711765644
45.52337,45.99347,0.000258470499815644,45.9945087889932,0.00129725949296518
45.5347,45.99654,0.00332847049981666,45.9945832916727,0.00137176217248065
45.54605,45.99549,0.00227847049981023,45.9946503031417,0.00143877364152296
45.5574,45.99224,-0.000971529500183976,45.9947044460436,0.00149291654345928
45.56871,45.99271,-0.000501529500184006,45.9947420435673,0.00153051406713707
45.58001,45.99804,0.00482847049981672,45.9947614093436,0.00154987984337789
45.59135,45.99448,0.00126847049981649,45.9947630620652,0.00155153256501543
45.60266,45.99614,0.00292847049981049,45.9947497636406,0.00153823414037131
45.61399,45.99519,0.00197847049981448,45.9947262195665,0.00151469006628748
45.62534,45.99281,-0.000401529500187792,45.9946983681755,0.00148683867533198
45.6367,45.99384,0.000628470499812295,45.9946723639418,0.00146083444157093
45.64803,45.99656,0.0033484704998159,45.9946534946991,0.00144196519892333
45.65936,45.99254,-0.000671529500188228,45.9946452843309,0.00143375483069857
45.67068,45.99492,0.00170847049981404,45.994648949122,0.00143741962181801
45.68206,45.99551,0.00229847049981657,45.9946632780419,0.00145174854170843
45.69341,45.99368,0.000468470499811247,45.9946849354819,0.00147340598175886
45.70475,45.99398,0.0007684704998141,45.9947091318919,0.00149760239175095
45.71608,45.99457,0.00135847049981663,45.9947305630457,0.00151903354556597
45.72743,45.99634,0.00312847049981002,45.9947444677532,0.001532938253022
45.73878,45.9969,0.00368847049981014,45.9947475873319,0.0015360578316621
45.7501,45.99478,0.00156847049981224,45.9947387766189,0.00152724711867499
45.76144,45.99289,-0.000321529500183715,45.994719098442,0.00150756894185096
45.7728,45.99236,-0.000851529500188519,45.9946914305173,0.00147990101713345
45.78415,45.99759,0.00437847049981599,45.994659793524,0.00144826402379835
45.7955,45.99489,0.00167847049981162,45.9946286333,0.00141710379984
45.80684,45.99372,0.000508470499816838,45.9946021803364,0.00139065083616178
45.8182,45.99396,0.000748470499814857,45.9945839199625,0.00137239046232924
45.82955,45.99378,0.000568470499814566,45.9945762175422,0.00136468804200278
45.84087,45.99547,0.00225847049981098,45.9945801760516,0.00136864655141457
45.85222,45.99439,0.00117847049981634,45.9945957641043,0.0013842346040838
45.86355,45.99454,0.00132847049981422,45.9946221581873,0.00141062868715654
45.87489,45.99578,0.00256847049981701,45.9946581707442,0.00144664124398899
45.88625,45.99401,0.000798470499816517,45.9947026224696,0.00149109296945353
45.89758,45.99641,0.00319847049981092,45.9947545502618,0.00154302076162766
45.90893,45.99413,0.000918470499811974,45.9948132043397,0.00160167483951148
45.92028,45.99156,-0.00165152950018665,45.9948778683305,0.00166633883028421
45.93164,45.99846,0.00524847049981503,45.9949476038834,0.00173607438321399
45.94296,45.99388,0.00066847049981078,45.9950210251386,0.00180949563839799
45.95433,45.99606,0.00284847049981352,45.9950961412707,0.00188461177048768
45.96569,45.99442,0.00120847049981165,45.9951702430056,0.00195871350543548
45.97704,45.99543,0.0022184704998125,45.9952398208078,0.0020282913076379
45.98838,45.99452,0.00130847049981497,45.9953005614163,0.00208903191614357
45.99971,45.9954,0.00218847049981008,45.9953475042713,0.00213597477114855
46.01107,45.99513,0.00191847049981675,45.9953754210281,0.00216389152794554
46.02241,45.99579,0.00257847049981308,45.995379425332,0.00216789583181195
46.03375,45.99482,0.00160847049981072,45.9953557547041,0.00214422520394659
46.04507,45.99482,0.00160847049981072,45.99530261514,0.00209108563978586
46.05641,45.99585,0.00263847049981081,45.9952209455263,0.00200941602610471
46.06776,45.99649,0.003278470499815,45.9951149297288,0.00190340022857398
46.07912,45.99659,0.00337847049981121,45.9949920638653,0.0017805343651311
46.09045,45.99483,0.0016184704998139,45.9948626216547,0.00165109215453753
46.10178,45.99345,0.000238470499816401,45.9947384979771,0.00152696847688532
46.1131,45.99323,1.8470499810519e-05,45.994631620042,0.00142009054181424
46.12442,45.9943,0.0010884704998162,45.9945522829046,0.00134075340445148
46.13577,45.99448,0.00126847049981649,45.9945077844856,0.00129625498539815
46.1471,45.99457,0.00135847049981663,45.9945016022599,0.00129007275969983
46.15845,45.99432,0.00110847049981544,45.9945331657354,0.00132163623517583
46.16978,45.99568,0.00246847049981369,45.9945981351127,0.00138660561255133
46.1811,45.99532,0.00210847049981311,45.9946890324001,0.00147750289993651
46.19242,45.99325,3.84704998168672e-05,45.9947960773069,0.00158454780675672
46.20377,45.99432,0.00110847049981544,45.9949081350414,0.00169660554120942
46.2151,45.99574,0.00252847049981142,45.9950137415436,0.00180221204343568
46.22645,45.9952,0.00198847049981055,45.9951021740568,0.00189064455661007
46.23777,45.99612,0.00290847049981124,45.9951644745587,0.0019529450584934
46.24912,45.99579,0.00257847049981308,45.9951942787928,0.00198274929256576
46.26046,45.99253,-0.000681529500184297,45.9951883201662,0.00197679066599161
46.27181,45.99736,0.00414847049981404,45.9951465549843,0.00193502548407748
46.28315,45.99536,0.00214847049981159,45.9950719249379,0.00186039543770622
46.29449,45.99536,0.00214847049981159,45.9949697935557,0.00175826405554573
46.30582,45.99484,0.00162847049981707,45.9948471050314,0.00163557553123661
46.31718,45.99285,-0.000361529500189306,45.9947113748064,0.00149984530618137
46.32851,45.99522,0.00200847049981689,45.9945697120459,0.00135818254568006
46.33986,45.99348,0.000268470499811713,45.9944281141343,0.0012165846340673
46.35118,45.99303,-0.000181529500189015,45.9942912180775,0.0010796885772892
46.36251,45.99437,0.0011584704998171,45.9941625673891,0.00095103788887858
46.37385,45.99504,0.0018284704998166,45.9940452982343,0.000833768734139861
46.38521,45.99506,0.00184847049981585,45.9939429979464,0.000731468446251492
46.39653,45.99471,0.00149847049981133,45.9938603916983,0.00064886219816173
46.40786,45.9945,0.00128847049981573,45.9938035297259,0.000592000225694721
46.4192,45.99416,0.000948470499814391,45.9937792913728,0.000567761872580408
46.43054,45.99313,-8.15295001856953e-05,45.9937942393442,0.000582709844044697
46.44187,45.99363,0.000418470499816692,45.9938530705901,0.000641541089913756
46.4532,45.99195,-0.00126152950018366,45.9939570578519,0.000745528351680937
46.46453,45.99329,7.84704998153529e-05,45.9941029187112,0.000891389210976634
46.47587,45.99351,0.00029847049981413,45.9942824681824,0.00107093868218193
46.48721,45.9953,0.00208847049981387,45.9944832177462,0.00127168824600807
46.49857,45.9948,0.00158847049981148,45.9946898334814,0.00147830398120301
46.50991,45.99632,0.00310847049981078,45.9948861483673,0.00167461886714016
46.52122,45.99559,0.00237847049981355,45.9950573170777,0.00184578757750665
46.53255,45.99385,0.000638470499815469,45.995191728009,0.00198019850881371
46.54389,45.99466,0.00144847049981678,45.9952824047268,0.00207087522662089
46.55525,45.99841,0.00519847049981337,45.9953277526044,0.00211622310424145
46.56657,45.99518,0.0019684704998113,45.9953315703965,0.00212004089632928
46.57791,45.99578,0.00256847049981701,45.9953022776875,0.00209074818732685
46.58926,45.99598,0.00276847049981654,45.9952513975942,0.00203986809397522
46.60061,45.99354,0.000328470499816547,45.9951915073509,0.00197997785076054
46.61193,45.99281,-0.000401529500187792,45.9951340513028,0.00192252180258646
46.62327,45.99454,0.00132847049981422,45.9950874988858,0.00187596938565764
46.6346,45.99451,0.0012984704998118,45.9950562590151,0.00184472951494668
46.64592,45.99657,0.00335847049981197,45.9950405344952,0.00182900499503798
46.65724,45.99546,0.00224847049981491,45.995037010334,0.00182548083383731
46.66856,45.99513,0.00191847049981675,45.9950400586682,0.00182852916805169
46.67989,45.99483,0.0016184704998139,45.9950430899101,0.00183156040988635
46.69123,45.9964,0.00318847049981485,45.9950397528834,0.00182822338325701
46.70258,45.99577,0.00255847049981384,45.9950248006405,0.00181327114026323
46.71392,45.99409,0.000878470499813488,45.9949945472501,0.00178301774994928
46.72529,45.99437,0.0011584704998171,45.994946953593,0.00173542409278028
46.73664,45.99369,0.000478470499814421,45.9948814912187,0.00166996171849747
46.74799,45.99541,0.00219847049981325,45.9947989856891,0.00158745618892703
46.75932,45.9936,0.000388470499814275,45.9947015893226,0.00149005982245112
46.77066,45.99517,0.00195847049981523,45.9945929046499,0.00138137514966721
46.78197,45.9978,0.00458847049981159,45.9944781457479,0.00126661624774099
46.79333,45.99202,-0.00119152950018986,45.9943641502146,0.00115262071443719
46.80467,45.99387,0.000658470499814712,45.9942590812935,0.00104755179332744
46.81603,45.99626,0.00304847049981305,45.994171774804,0.000960245303781887
46.82738,45.99296,-0.000251529500189918,45.9941108072656,0.000899277765413192
46.83873,45.99456,0.00134847049981346,45.9940834249936,0.000871895493367589
46.85008,45.99253,-0.000681529500184297,45.9940945013211,0.000882971820945244
46.86141,45.99333,0.000118470499813839,45.9941457126344,0.000934183134191747
46.87274,45.99458,0.0013684704998127,45.994235109394,0.00102357989377438
46.88406,45.99591,0.00269847049981564,45.9943571660359,0.00114563653569087
46.89538,45.99403,0.00081847049981576,45.9945032590644,0.00129172956420525
46.90672,45.99449,0.00127847049981256,45.9946624353641,0.00145090586390663
46.91808,45.99493,0.00171847049981011,45.9948223434468,0.00161081394656863
46.92942,45.99435,0.00113847049981075,45.9949702683391,0.00175873883889193
46.94074,45.99353,0.000318470499813372,45.9950942570942,0.0018827275940406
46.95208,45.99657,0.00335847049981197,45.9951843047957,0.00197277529552783
46.96339,45.99568,0.00246847049981369,45.9952334946437,0.00202196514350203
46.97473,45.99815,0.00493847049981611,45.9952388906292,0.00202736112903198
46.98605,45.99438,0.00116847049981317,45.9952019478748,0.00199041837466103
46.99739,45.99385,0.000638470499815469,45.9951283058624,0.00191677636222931
47.00873,45.99394,0.000728470499815614,45.9950270367707,0.00181550727052058
47.02008,45.99355,0.000338470499812615,45.9949095992984,0.00169806979824348
47.0314,45.99703,0.00381847049981587,45.9947887668149,0.00157723731469738
47.04273,45.99473,0.00151847049981058,45.9946776562167,0.00146612671654715
47.05404,45.99496,0.00174847049981253,45.9945888090254,0.00137727952523383
47.06535,45.99512,0.00190847049981357,45.9945332050597,0.0013216755594962
47.07671,45.99572,0.00250847049981218,45.9945191531068,0.0013076236066277
47.08804,45.99165,-0.00156152950018651,45.9945511400557,0.0013396105555385
47.09937,45.99471,0.00149847049981133,45.9946288548127,0.00141732531255079
47.11071,45.99458,0.0013684704998127,45.9947466760818,0.00153514658160673
47.12203,45.99448,0.00126847049981649,45.9948938780607,0.00168234856048168
47.13337,45.99334,0.000128470499817013,45.9950556749256,0.00184414542539778
47.14473,45.99489,0.00167847049981162,45.9952150572368,0.00200352773657259
47.15604,45.99644,0.00322847049981334,45.99535520804,0.00214367853981107
47.16736,45.99802,0.00480847049981037,45.995462119886,0.00225059038576737
47.1787,45.99434,0.00112847049981468,45.9955269038598,0.00231537435965416
47.19004,45.99817,0.00495847049981535,45.9955472749462,0.00233574544598529
47.20137,45.99735,0.00413847049981086,45.9955278504074,0.00231632090723466
47.21272,45.99384,0.000628470499812295,45.9954791569892,0.00226762748904333
47.22408,45.99526,0.00204847049981538,45.9954155395667,0.00220401006651796
47.23541,45.99327,5.84704998161101e-05,45.9953524377177,0.00214090821752562
47.24673,45.99255,-0.000661529500185054,45.9953036579935,0.00209212849329949
47.25808,45.99696,0.00374847049981497,45.9952792328704,0.00206770337025968
47.26941,45.9959,0.00268847049981247,45.9952842255688,0.00207269606858628
47.28076,45.99628,0.00306847049981229,45.9953185282254,0.00210699872521563
47.29211,45.99294,-0.00027152950018916,45.9953774725327,0.00216594303255206
47.30342,45.99545,0.00223847049981174,45.9954530107605,0.00224148126034794
47.31475,45.9965,0.00328847049981107,45.9955352577826,0.00232372828246113
47.32609,45.99724,0.00402847049981148,45.9956141819876,0.00240265248744712
47.33743,45.99508,0.00186847049981509,45.995681178601,0.0024696491007902
47.34876,45.99512,0.00190847049981357,45.9957302490268,0.0025187195266053
47.3601,45.99781,0.00459847049981477,45.9957585961746,0.00254706667441987
47.37143,45.99672,0.00350847049981695,45.995766572661,0.00255504316085827
47.38277,45.994,0.000788470499813343,45.9957570312662,0.00254550176605604
47.39413,45.99545,0.00223847049981174,45.9957342410909,0.00252271159070491
47.40546,45.9939,0.000688470499810023,45.995702649767,0.00249112026681994
47.4168,45.99595,0.00273847049981413,45.9956658168505,0.00245428735030565
47.42816,45.99707,0.00385847049981436,45.9956257555064,0.00241422600625632
47.43951,45.99459,0.00137847049981588,45.9955827462076,0.00237121670737889
47.45086,45.99752,0.00430847049981509,45.9955355423618,0.00232401286163007
47.4622,45.99291,-0.000301529500184472,45.9954818486276,0.00227031912742438
47.47351,45.9953,0.00208847049981387,45.9954189984636,0.00220746896345382
47.48483,45.99421,0.000998470499816051,45.9953448031227,0.00213327362256292
47.49615,45.99529,0.00207847049981069,45.9952585090407,0.00204697954047237
47.50751,45.99973,0.00651847049981313,45.9951616707369,0.00195014123667618
47.51885,45.99635,0.0031384704998132,45.9950586059488,0.00184707644856831
47.53019,45.99384,0.000628470499812295,45.9949560949671,0.00174456546689507
47.5415,45.995,0.00178847049981101,45.9948622052328,0.00165067573265852
47.55285,45.99365,0.000438470499815935,45.9947844809116,0.00157295141144296
47.56421,45.9922,-0.00101152950018957,45.9947280304799,0.00151650097970109
47.57557,45.99265,-0.00056152950018884,45.9946941274423,0.00148259794206779
47.58692,45.99545,0.00223847049981174,45.9946797968188,0.00146826731861875
47.59826,45.99384,0.000628470499812295,45.994678551524,0.00146702202384469
47.60962,45.99746,0.00424847049981025,45.9946820689537,0.00147053945348014
47.62094,45.99579,0.00257847049981308,45.9946822984283,0.00147076892808905
47.63229,45.99616,0.00294847049981684,45.9946733815339,0.00146185203369163
47.64362,45.99401,0.000798470499816517,45.9946528810055,0.00144135150535662
47.65496,45.99373,0.000518470499812906,45.9946220853558,0.00141055585562292
47.66629,45.99527,0.00205847049981145,45.9945854551137,0.00137392561347049
47.67763,45.99307,-0.000141529500183424,45.9945494748412,0.00133794534098113
47.68898,45.99672,0.00350847049981695,45.9945212301322,0.00130970063199291
47.70033,45.99256,-0.000651529500188985,45.9945069930394,0.00129546353917234
47.71165,45.9948,0.00158847049981148,45.9945110515851,0.0012995220848607
47.72298,45.99201,-0.00120152950018593,45.9945349911089,0.00132346160873876
47.73432,45.99397,0.000758470499810926,45.994577592141,0.00136606264083138
47.74565,45.99536,0.00214847049981159,45.9946353904191,0.00142386091894318
47.75699,45.99824,0.00502847049981625,45.9947037392297,0.00149220972949472
47.76832,45.9956,0.00238847049981672,45.9947780130545,0.00156648355426672
47.77967,45.99385,0.000638470499815469,45.9948545432302,0.00164301373002091
47.79101,45.99286,-0.000351529500186132,45.9949310487077,0.00171951920755052
47.80234,45.99496,0.00174847049981253,45.9950066016809,0.00179507218071261
47.81368,45.99606,0.00284847049981352,45.9950813375333,0.00186980803308224
47.82503,45.99443,0.00121847049981483,45.9951560853867,0.00194455588646814
47.83636,45.99932,0.00610847049981089,45.9952319573205,0.00202042782027975
47.8477,45.99215,-0.00106152950018412,45.995309854074,0.00209832457379563
47.85904,45.99443,0.00121847049981483,45.9953898979281,0.00217836842794013
47.8704,45.99589,0.0026784704998164,45.9954709330985,0.00225940359832078
47.88173,45.9946,0.00138847049981194,45.995550309623,0.00233878012281861
47.89308,45.99493,0.00171847049981011,45.9956241063191,0.00241257681892464
47.90442,45.99566,0.00244847049981445,45.9956877914255,0.00247626192527199
47.91578,45.99767,0.00445847049981296,45.9957371531262,0.00252562362603302
47.92712,45.99776,0.00454847049981311,45.9957692079785,0.0025576784782991
47.93845,45.99611,0.00289847049981518,45.9957827600934,0.00257123059325413
47.94977,45.99583,0.00261847049981156,45.9957783952828,0.0025668657826342
47.96112,45.99221,-0.00100152950018639,45.9957579405516,0.0025464110514438
47.97245,45.99586,0.00264847049981398,45.9957236733779,0.00251214387773659
47.98377,45.99579,0.00257847049981308,45.9956776664172,0.0024661369170495
47.99511,45.99525,0.00203847049981221,45.9956215423406,0.00241001284045729
48.00647,45.99635,0.0031384704998132,45.995556683557,0.00234515405682957
48.0178,45.99655,0.00333847049981273,45.9954847445472,0.00227321504700676
48.02913,45.99335,0.000138470499813081,45.9954082320918,0.00219670259157669
48.04049,45.99802,0.00480847049981037,45.9953309364752,0.0021194069750562
48.05182,45.99431,0.00109847049981227,45.9952580603114,0.00204653081121874
48.06315,45.99477,0.00155847049981617,45.9951959591916,0.00198442969141696
48.07448,45.99662,0.00340847049981363,45.9951514708586,0.00193994135844803
48.08582,45.99474,0.00152847049981375,45.9951308700065,0.00191934050634964
48.09714,45.99849,0.00527847049981034,45.995138544323,0.00192701482284904
48.10851,45.99254,-0.000671529500188228,45.9951755667906,0.00196403729040223
48.11986,45.99154,-0.0016715295001859,45.9952384696919,0.00202694019167304
48.13121,45.99401,0.000798470499816517,45.995318658412,0.0021071289118469
48.14254,45.99608,0.00286847049981276,45.9954028905666,0.00219136106640585
48.15386,45.99516,0.00194847049981206,45.9954749883636,0.0022634588633958
48.1652,45.99644,0.00322847049981334,45.9955185463941,0.00230701689393966
48.17656,45.99846,0.00524847049981503,45.9955200609616,0.002308531461404
48.18791,45.99361,0.000398470499810344,45.9954717784519,0.00226024895167801
48.19926,45.9982,0.00498847049981066,45.9953736357024,0.00216210620225859
48.21059,45.99609,0.00287847049981593,45.995233870941,0.00202234144077407
48.22193,45.99678,0.00356847049981468,45.9950681426231,0.00185661312295313
48.23325,45.99362,0.000408470499813518,45.9948972706814,0.00168574118123905
48.24456,45.99166,-0.00155152950018334,45.9947440056826,0.00153247618237899
48.25592,45.99351,0.00029847049981413,45.9946294777691,0.00141794826888352
48.26725,45.99538,0.00216847049981084,45.994570052799,0.001358523298811
48.2786,45.99281,-0.000401529500187792,45.994575160737,0.00136363123677793
48.28997,45.99623,0.00301847049981063,45.9946463519341,0.00143482243390768
48.30133,45.99313,-8.15295001856953e-05,45.9947775461751,0.00156601667494434
48.31266,45.99707,0.00385847049981436,45.9949562569914,0.00174472749125952
48.32398,45.99387,0.000658470499814712,45.9951654889945,0.00195395949428764
48.33534,45.9968,0.00358847049981392,45.9953859847435,0.00217445524334846
48.34669,45.99447,0.00125847049981331,45.9955985213009,0.00238699180073539
48.35802,45.99595,0.00273847049981413,45.9957860058433,0.00257447634308037
48.36933,45.99685,0.00363847049981558,45.9959351660213,0.00272363652113843
48.38068,45.9981,0.00488847049981445,45.9960376579347,0.00282612843456055
48.39201,45.99551,0.00229847049981657,45.9960904473484,0.00287891784818586
48.40333,45.99594,0.00272847049981095,45.9960954116115,0.00288388211131546
48.41466,45.99639,0.00317847049981168,45.9960582740841,0.00284674458394998
48.42601,45.99336,0.000148470499816256,45.9959871535455,0.00277562404534444
48.43734,45.99519,0.00197847049981448,45.9958910982091,0.00267956870887315
48.44868,45.99722,0.00400847049981223,45.9957789330843,0.00256740358408249
48.46005,45.99484,0.00162847049981707,45.9956585956097,0.00244706610950186
48.47139,45.99624,0.00302847049981381,45.9955369404978,0.0023254109975822
48.48276,45.99565,0.00243847049981127,45.9954198576425,0.00220832814232547
48.49413,45.99532,0.00210847049981311,45.9953125099489,0.00210098044866992
48.50546,45.99557,0.0023584704998143,45.9952195300597,0.0020080005595303
48.51678,45.99569,0.00247847049981686,45.9951450718678,0.00193354236766121
48.52814,45.99362,0.000408470499813518,45.9950926746237,0.00188114512353919
48.53946,45.99738,0.00416847049981328,45.9950649559784,0.00185342647819172
48.55082,45.99262,-0.000591529500184151,45.9950631958444,0.00185166634419959
48.56214,45.99727,0.00405847049981389,45.9950869009182,0.00187537141799935
48.57349,45.99312,-9.15295001888694e-05,45.9951334552858,0.00192192578563173
48.58484,45.99562,0.00240847049981596,45.9951979694105,0.00198643991029383
48.59617,45.99498,0.00176847049981177,45.995273429996,0.0020619004958345
48.60755,45.99504,0.0018284704998166,45.9953512159476,0.00213968644743478
48.61886,45.99519,0.00197847049981448,45.995421982799,0.00221045329876461
48.63022,45.99518,0.0019684704998113,45.9954768449758,0.00226531547557224
48.64156,45.9945,0.00128847049981573,45.995508713412,0.00229718391184345
48.65293,45.99789,0.00467847049981174,45.9955135722608,0.00230204276064787
48.66427,45.99734,0.0041284704998148,45.9954914077292,0.00227987822897975
48.67561,45.99554,0.00232847049981189,45.9954464807239,0.00223495122369739
48.68692,45.99629,0.00307847049981547,45.9953867336011,0.00217520410088505
48.69827,45.99299,-0.000221529500187501,45.9953223518978,0.00211082239757238
48.70959,45.99763,0.00441847049981448,45.9952637713596,0.00205224185937824
48.72095,45.99241,-0.000801529500186859,45.995219606477,0.00200807697684939
48.73227,45.99208,-0.00113152950018502,45.9951950296512,0.00198350015104796
48.7436,45.99442,0.00120847049981165,45.995191059153,0.0019795296527815
48.75495,45.99506,0.00184847049981585,45.9952050080631,0.00199347856288071
48.76627,45.99697,0.00375847049981104,45.9952319983335,0.002020468833274
48.77763,45.99887,0.00565847049981016,45.9952670533002,0.00205552380003797
48.78897,45.99633,0.00311847049981395,45.9953070407848,0.00209551128461803
48.80032,45.99528,0.00206847049981462,45.9953517889577,0.0021402594575004
48.81165,45.99687,0.00365847049981483,45.9954040209861,0.0021924914858904
48.82298,45.99234,-0.000871529500187762,45.9954681929021,0.00225666340188031
48.83428,45.9931,-0.000111529500188112,45.9955486803858,0.00233715088564428
48.8456,45.99587,0.00265847049981005,45.995647915814,0.00243638631376829
48.85694,45.99934,0.00612847049981013,45.9957649886108,0.00255345911058964
48.8683,45.99345,0.000238470499816401,45.995894967861,0.00268343836079828
48.87965,45.9958,0.00258847049981625,45.9960289734453,0.00281744394507362
48.891,45.9931,-0.000111529500188112,45.9961549445288,0.00294341502864791
48.90234,45.99899,0.00577847049981273,45.9962590602895,0.00304753078929409
48.91368,45.99468,0.00146847049981602,45.996327695875,0.00311616637478034
48.925,45.99979,0.00657847049981086,45.9963496235773,0.00313809407714043
48.93632,45.99615,0.00293847049981366,45.9963180243901,0.00310649488987809
48.94767,45.99642,0.0032084704998141,45.996231875768,0.0030203462677903
48.95901,45.99682,0.00360847049981317,45.9960964325977,0.00288490309751652
48.97034,45.99535,0.00213847049981553,45.9959227391223,0.00271120962214747
48.98167,45.99606,0.00284847049981352,45.9957263069306,0.00251477743041509
48.99303,45.99427,0.00105847049981378,45.9955252207328,0.00231369123260231
49.00436,45.99532,0.00210847049981311,45.9953379879623,0.00212645846207607
49.01567,45.99522,0.00200847049981689,45.9951814386276,0.00196990912737912
49.02703,45.99594,0.00272847049981095,45.9950689196671,0.00185739016696008
49.03838,45.99405,0.000838470499815003,45.9950089478897,0.00179741838948222
49.04973,45.9939,0.000688470499810023,45.9950044326609,0.00179290316067295
49.06108,45.99367,0.000458470499815178,45.9950525579692,0.00184102846905784
49.07243,45.99562,0.00240847049981596,45.9951453671618,0.00193383766165754
49.08377,45.99906,0.00584847049981363,45.9952709713005,0.00205944180034779
49.09512,45.9926,-0.000611529500183394,45.9954151454183,0.00220361591816236
49.10646,45.99699,0.00377847049981028,45.9955630036504,0.00235147415016598
49.11782,45.99432,0.00110847049981544,45.9957005115798,0.00248898207959925
49.12913,45.99709,0.0038784704998136,45.9958157210879,0.00260419158772527
49.14046,45.99635,0.0031384704998132,45.9958996876811,0.00268815818093064
49.15179,45.99622,0.00300847049981456,45.9959470445101,0.00273551500986693
49.16311,45.99365,0.000438470499815935,45.9959562282095,0.00274469870935849
49.1744,45.9964,0.00318847049981485,45.9959294042843,0.00271787478416324
49.18573,45.99652,0.00330847049981031,45.9958721703969,0.00266064089672818
49.19709,45.99631,0.00309847049981471,45.9957930722045,0.00258154270434299
49.20842,45.99632,0.00310847049981078,45.9957028836749,0.00249135417467465
49.21975,45.99667,0.00345847049981529,45.9956135742845,0.00240204478435969
49.23108,45.99593,0.00271847049981488,45.9955369565528,0.00232542705264268
49.24241,45.99358,0.000368470499815032,45.995483152939,0.00227162343877929
49.25376,45.99283,-0.000381529500188549,45.9954591789952,0.00224764949504458
49.26511,45.99473,0.00151847049981058,45.995468022499,0.00225649299886093
49.27644,45.99561,0.00239847049981279,45.9955085136209,0.00229698412070091
49.28777,45.9968,0.00358847049981392,45.9955760159442,0.00236448644404127
49.29913,45.998,0.00478847049981113,45.9956636427887,0.00245211328854144
49.31045,45.99881,0.00559847049981244,45.9957634991396,0.00255196963940925
49.32177,45.9943,0.0010884704998162,45.9958674868452,0.00265595734501563
49.33308,45.99382,0.000608470499813052,45.9959674838452,0.00275595434499348
49.34441,45.995,0.00178847049981101,45.9960550751672,0.00284354566701897
49.35574,45.99641,0.00319847049981092,45.9961212571227,0.00290972762252062
49.36709,45.99599,0.00277847049981261,45.9961565235662,0.00294499406597367
49.37845,45.99504,0.0018284704998166,45.9961515388923,0.00294000939209713
49.38977,45.99606,0.00284847049981352,45.9960983737189,0.00288684421873568
49.4011,45.99658,0.00336847049981515,45.9959921162904,0.00278058679021952
49.41241,45.99489,0.00167847049981162,45.995832559394,0.00262102989383452
49.42374,45.99843,0.00521847049981261,45.9956255748473,0.00241404534712614
49.4351,45.99789,0.00467847049981174,45.9953837472112,0.00217221771099843
49.44642,45.99515,0.00193847049981599,45.9951258960818,0.00191436658163619
49.45776,45.99453,0.00131847049981104,45.99487531782,0.00166378831980024
49.46909,45.99524,0.00202847049981614,45.9946569034997,0.00144537399949066
49.48043,45.9919,-0.00131152950018532,45.9944936235582,0.00128209405798555
49.49177,45.99313,-8.15295001856953e-05,45.9944030762813,0.00119154678109415
49.50312,45.99342,0.000208470499813984,45.9943948166741,0.00118328717386372
49.51445,45.99191,-0.00130152950018925,45.9944690220109,0.00125749251075108
49.52577,45.99585,0.00263847049981081,45.9946167504277,0.00140522092751427
49.53711,45.99715,0.00393847049981133,45.9948216820047,0.00161015250446966
49.54845,45.99403,0.00081847049981576,45.9950629041166,0.00185137461637754
49.5598,45.99729,0.00407847049981314,45.9953181257671,0.00210659626687856
49.57114,45.9945,0.00128847049981573,45.9955667265804,0.00235519708026359
49.5825,45.99718,0.00396847049981375,45.9957922012353,0.00258067173514066
49.59382,45.99516,0.00194847049981206,45.9959837376555,0.00277220815531267
49.60516,45.99758,0.00436847049981282,45.9961368060783,0.00292527657814005
49.6165,45.99809,0.00487847049981127,45.9962527399286,0.00304121042839578
49.62783,45.99574,0.00252847049981142,45.9963373936063,0.00312586410608998
49.63917,45.99425,0.00103847049981454,45.9963991050462,0.00318757554603623
49.65051,45.99567,0.00245847049981052,45.9964463611825,0.00323483168229164
49.66187,45.99599,0.00277847049981261,45.9964856697216,0.00327414022137952
49.67321,45.9957,0.00248847049981293,45.9965200851812,0.00330855568102843
49.68456,45.99765,0.00443847049981372,45.9965486349213,0.00333710542109942
49.69592,45.99747,0.00425847049981343,45.9965666538745,0.00335512437430749
49.7073,45.99381,0.000598470499816983,45.9965668702167,0.00335534071648035
49.71865,45.99638,0.00316847049981561,45.9965410185332,0.00332948903300834
49.73001,45.99823,0.00501847049981308,45.9964817381755,0.00327020867534156
49.74131,45.99631,0.00309847049981471,45.996384462147,0.00317293264677855
49.75264,45.99849,0.00527847049981034,45.996248917441,0.00303738794077018
49.76398,46,0.00678847049981357,45.9960798416406,0.00286831214043055
49.77531,45.99193,-0.0012815295001829,45.9958866635778,0.002675134077633
49.78665,45.99467,0.00145847049981285,45.9956821913258,0.00247066182564272
49.79799,45.99454,0.00132847049981422,45.9954806766155,0.0022691471153136
49.80932,45.99627,0.00305847049981622,45.9952957948268,0.00208426532663747
49.82065,45.99372,0.000508470499816838,45.9951390027985,0.00192747329831318
49.83199,45.99463,0.00141847049981436,45.9950185153914,0.00180698589125475
49.84331,45.99531,0.00209847049981704,45.9949389361288,0.00172740662858977
49.85465,45.99586,0.00264847049981398,45.9949014380901,0.00168990858987265
49.86602,45.9961,0.002888470499812,45.9949042973546,0.0016927678543963
49.87737,45.9938,0.000588470499813809,45.9949435463542,0.00173201685398703
49.88872,45.99523,0.00201847049981296,45.9950135688128,0.00180203931257243
49.90004,45.9953,0.00208847049981387,45.9951075713565,0.00189604185629449
49.91138,45.99579,0.00257847049981308,45.9952179626278,0.00200643312761396
49.92274,45.99356,0.000348470499815789,45.9953367108877,0.00212518138747637
49.93409,45.99396,0.000748470499814857,45.9954557551603,0.00224422566009198
49.94542,45.99683,0.00361847049981634,45.9955675183213,0.00235598882108627
49.95677,45.99858,0.00536847049981048,45.9956654834789,0.00245395397868536
49.96814,45.99612,0.00290847049981124,45.9957446732688,0.00253314376861618
49.97947,45.9935,0.000288470499810956,45.9958018350605,0.00259030556036169
49.99082,45.99666,0.00344847049981212,45.9958352619338,0.00262373243359559
50.00217,45.99474,0.00152847049981375,45.9958443779109,0.00263284841070716
50.0135,45.99643,0.00321847049981017,45.9958293222823,0.00261779278213239
50.0248,45.99445,0.00123847049981407,45.9957907337012,0.00257920420098684
50.03614,45.99413,0.000918470499811974,45.9957298323321,0.00251830283186993
50.04749,45.99734,0.0041284704998148,45.9956487836406,0.00243725414041435
50.05882,45.99837,0.00515847049981488,45.9955511978009,0.00233966830068458
50.07014,45.99557,0.0023584704998143,45.9954425021001,0.00223097259994933
50.08147,45.9937,0.000488470499810489,45.9953299179826,0.00211838848242826
50.09277,45.9952,0.00198847049981055,45.9952219314283,0.0020104019281077
50.10411,45.99512,0.00190847049981357,45.9951273628063,0.00191583330606121
50.11543,45.99587,0.00265847049981005,45.9950542616366,0.00184273213645079
50.12674,45.99462,0.00140847049981119,45.995008839208,0.00179730970780403
50.13809,45.9935,0.000288470499810956,45.9949946002982,0.00178307079803493
50.14942,45.99422,0.00100847049981212,45.99501181169,0.00180028218978195
50.16074,45.9964,0.00318847049981485,45.9950574172788,0.00184588777859169
50.17207,45.99562,0.00240847049981596,45.9951254238964,0.00191389439616803
50.18338,45.99483,0.0016184704998139,45.9952076649255,0.00199613542532497
50.19473,45.99473,0.00151847049981058,45.9952947851726,0.00208325567237874
50.20608,45.99654,0.00332847049981666,45.9953773115709,0.00216578207067285
50.21742,45.99361,0.000398470499810344,45.9954467244686,0.00223519496837997
50.22874,45.9956,0.00238847049981672,45.995496463278,0.00228493377778335
50.2401,45.99776,0.00454847049981311,45.9955227781935,0.00231124869330493
50.25142,45.99435,0.00113847049981075,45.995525297221,0.00231376772080008
50.26274,45.99679,0.00357847049981075,45.9955071542217,0.00229562472146657
50.27407,45.99683,0.00361847049981634,45.9954745631737,0.00226303367347008
50.28539,45.99555,0.00233847049981506,45.995435834287,0.00222430478685454
50.29675,45.99305,-0.000161529500189772,45.9953999818345,0.00218845233432687
50.30807,45.99281,-0.000401529500187792,45.9953752306543,0.00216370115415805
50.3194,45.99574,0.00252847049981142,45.995367807465,0.00215627796483899
50.33073,45.99686,0.00364847049981165,45.9953813085385,0.00216977903828261
50.34206,45.99612,0.00290847049981124,45.9954166812979,0.00220515179774825
50.35339,45.9967,0.0034884704998106,45.99547260893,0.00226107942983486
50.36475,45.99444,0.0012284704998109,45.9955460104806,0.00233448098042747
50.37608,45.99579,0.00257847049981308,45.9956324772863,0.00242094778611253
50.38745,45.9943,0.0010884704998162,45.995726638848,0.0025151093478335
50.39878,45.99533,0.00211847049981628,45.995822558305,0.00261102880481814
50.41012,45.99717,0.00395847049981057,45.9959142460493,0.00270271654906836
50.42147,45.99652,0.00330847049981031,45.9959962785977,0.00278474909755666
50.4328,45.99643,0.00321847049981017,45.9960644009594,0.00285287145924197
50.44411,45.99443,0.00121847049981483,45.9961159563729,0.00290442687270764
50.45546,45.99815,0.00493847049981611,45.9961500405548,0.002938511054645
50.46679,45.9965,0.00328847049981107,45.9961673559913,0.00295582649106735
50.47809,45.99552,0.00230847049981264,45.9961697947453,0.00295826524507791
50.48943,45.99589,0.0026784704998164,45.9961598248487,0.00294829534849093
50.50076,45.99561,0.00239847049981279,45.9961398200127,0.00292829051253349
50.5121,45.99572,0.00250847049981218,45.996111519461,0.00289998996085074
50.52343,45.99431,0.00109847049981227,45.99607578406,0.00286425455979742
50.53476,45.99858,0.00536847049981048,45.9960327230227,0.00282119352249793
50.54608,45.99561,0.00239847049981279,45.9959821371476,0.00277060764742527
50.5574,45.99603,0.0028184704998111,45.9959241150452,0.00271258554497164
50.56874,45.99545,0.00223847049981174,45.9958595853731,0.00264805587290642
50.58007,45.99654,0.00332847049981666,45.9957906758289,0.00257914632869011
50.5914,45.99615,0.00293847049981366,45.9957208001969,0.00250927069671275
50.60274,45.99632,0.00310847049981078,45.9956544446339,0.00244291513376628
50.61406,45.9937,0.000488470499810489,45.9955966713432,0.00238514184304981
50.62539,45.99674,0.00352847049981619,45.9955524243449,0.00234089484475978
50.6367,45.99426,0.00104847049981061,45.9955257805832,0.00231425108302198
50.64803,45.99676,0.00354847049981544,45.9955192968279,0.00230776732768682
50.65937,45.99451,0.0012984704998118,45.9955335612651,0.00232203176492567
50.6707,45.99496,0.00174847049981253,45.9955670091333,0.00235547963307285
50.68203,45.9966,0.00338847049981439,45.9956160261384,0.00240449663824165
50.69341,45.99451,0.0012984704998118,45.9956753273314,0.00246379783120045
50.70477,45.99729,0.00407847049981314,45.9957385506681,0.00252702116793839
50.71612,45.99606,0.00284847049981352,45.9957989618882,0.00258743238801699
50.72744,45.99553,0.00231847049981582,45.9958501616862,0.00263863218599897
50.73877,45.99441,0.00119847049981558,45.9958867296984,0.00267520019816934
50.75013,45.99485,0.00163847049981314,45.9959048031672,0.00269327366698142
50.76146,45.99834,0.00512847049981247,45.9959026040477,0.00269107454756382
50.77279,45.99738,0.00416847049981328,45.9958808582689,0.00266932876875752
50.78413,45.99399,0.000778470499810169,45.9958429594378,0.00263142993763986
50.79546,45.99679,0.00357847049981075,45.9957947323274,0.0025832028272218
50.80681,45.99581,0.00259847049981232,45.995743769837,0.00253224033679399
50.81812,45.99548,0.00226847049981416,45.9956984531967,0.00248692369653468
50.82947,45.99427,0.00105847049981378,45.9956668386343,0.00245530913415292
50.8408,45.9965,0.00328847049981107,45.995655608609,0.00244407910879962
50.85213,45.99465,0.0014384704998136,45.9956692608524,0.00245773135224349
50.8635,45.99621,0.00299847049981139,45.9957096435021,0.00249811400192274
50.87486,45.99565,0.00243847049981127,45.9957758575724,0.00256432807222468
50.88618,45.99693,0.00371847049981255,45.9958644748981,0.00265294539794996
50.8975,45.99527,0.00205847049981145,45.9959699840303,0.00275845453016267
50.90882,45.99607,0.00285847049981669,45.9960853846386,0.00287385513842442
50.92015,45.99473,0.00151847049981058,45.9962028887837,0.00299135928354805
50.93151,45.99568,0.00246847049981369,45.9963147117437,0.0031031822435176
50.94281,46,0.00678847049981357,45.9964138984038,0.0032023689035624
50.95412,45.9967,0.0034884704998106,45.996495041024,0.00328351152385527
50.96545,45.99686,0.00364847049981165,45.9965546912105,0.00334316171034583
50.9768,45.99459,0.00137847049981588,45.9965913512406,0.00337982174042435
50.98815,45.99513,0.00191847049981675,45.996605122722,0.0033935932217679
50.99948,45.99832,0.00510847049981322,45.9965972402346,0.00338571073443375
51.01084,45.99483,0.0016184704998139,45.9965697015772,0.00335817207700431
51.02217,45.99818,0.00496847049981142,45.9965250573803,0.00331352788011607
51.03349,45.9975,0.00428847049981584,45.9964662699529,0.00325474045274819
51.04485,45.9984,0.00518847049981019,45.9963964896225,0.00318496012235799
51.05619,45.99289,-0.000321529500183715,45.9963186537129,0.00310712421275953
51.06754,45.9968,0.00358847049981392,45.9962349667025,0.0030234372023454
51.07888,45.99413,0.000918470499811974,45.9961464815594,0.00293495205921576
51.09022,45.9949,0.0016884704998148,45.9960530447797,0.00284151527951643
51.10154,45.99774,0.00452847049981386,45.9959537365662,0.00274220706603749
51.11285,45.99791,0.00469847049981098,45.9958477016628,0.00263617216257546
51.12417,45.99612,0.00290847049981124,45.9957350623943,0.00252353289415794
51.1355,45.99455,0.00133847049981028,45.9956175578442,0.00240602834404434
51.14682,45.99557,0.0023584704998143,45.9954986877749,0.00228715827468977
51.15815,45.9963,0.00308847049981154,45.9953833477749,0.00217181827468533
51.1695,45.99603,0.0028184704998111,45.9952770862284,0.00206555672818043
51.18084,45.99291,-0.000301529500184472,45.9951851697201,0.00197364021994183
51.19218,45.99502,0.00180847049981026,45.9951116746036,0.00190014510342401
51.20351,45.99444,0.0012284704998109,45.9950588449415,0.00184731544127279
51.21483,45.99348,0.000268470499811713,45.9950269147318,0.0018153852315988
51.22618,45.99615,0.00293847049981366,45.9950144546603,0.00180292516008601
51.23752,45.997,0.00378847049981346,45.9950191148631,0.00180758536292412
51.24882,45.99619,0.00297847049981215,45.9950384784223,0.00182694892207259
51.26017,45.99456,0.00134847049981346,45.9950707017427,0.00185917224252065
51.2715,45.99377,0.000558470499811392,45.9951147387977,0.00190320929754665
51.28284,45.99662,0.00340847049981363,45.9951701596725,0.00195863017232519
51.29419,45.99331,9.84704998145958e-05,45.9952367423323,0.0020252128320803
51.30552,45.99417,0.00095847049981046,45.995314060891,0.00210253139082748
51.31686,45.99705,0.00383847049981512,45.9954012347358,0.00218970523556229
51.32818,45.99591,0.00269847049981564,45.9954968897124,0.00228536021224243
51.33954,45.99557,0.0023584704998143,45.9955992632478,0.00238773374763056
51.35088,45.99685,0.00363847049981558,45.9957063262722,0.0024947967720205
51.36221,45.99412,0.000908470499815905,45.9958158358147,0.00260430631451944
51.37354,45.99416,0.000948470499814391,45.9959253311018,0.0027138016015785
51.38485,45.99731,0.00409847049981238,45.9960321516199,0.00282062211974844
51.39619,45.99849,0.00527847049981034,45.9961335229635,0.00292199346327545
51.40755,45.99644,0.00322847049981334,45.9962266526827,0.00301512318252302
51.41888,45.99487,0.00165847049981238,45.9963087251683,0.00309719566815894
51.43023,45.99597,0.00275847049981337,45.9963767703542,0.00316524085402992
51.44154,45.99595,0.00273847049981413,45.9964275372823,0.00321600778212596
51.45289,45.99549,0.00227847049981023,45.9964575804062,0.00324605090600825
51.46426,45.99462,0.00140847049981119,45.9964637006932,0.00325217119298285
51.4756,45.99933,0.00611847049981407,45.9964437207008,0.00323219120064567
51.48696,45.99816,0.00494847049981217,45.9963973828006,0.00318585330041166
51.4983,45.99844,0.00522847049981578,45.9963270245181,0.00311549501794591
51.50965,45.9937,0.000488470499810489,45.9962377113089,0.00302618180868119
51.52101,45.99502,0.00180847049981026,45.9961367305588,0.00292520105859621
51.53233,45.9953,0.00208847049981387,45.9960326385669,0.00282110906668455
51.54366,45.99739,0.00417847049981646,45.9959341990315,0.00272266953132545
51.55499,45.99497,0.0017584704998157,45.9958494847187,0.00263795521855285
51.56634,45.9965,0.00328847049981107,45.9957852488241,0.00257371932388919
51.57767,45.99387,0.000658470499814712,45.9957465569592,0.00253502745898758
51.58904,45.99724,0.00402847049981148,45.9957366363656,0.00252510686544436
51.60035,45.99635,0.0031384704998132,45.9957568858935,0.00254535639332003
51.61166,45.99557,0.0023584704998143,45.9958069640703,0.00259543457007216
51.623,45.99638,0.00316847049981561,45.9958848663945,0.00267333689429267
51.63435,45.99614,0.00292847049981049,45.9959869526035,0.00277542310326508
51.64569,45.99332,0.000108470499810664,45.996107969079,0.00289643957878815
51.65702,45.99801,0.0047984704998143,45.9962411728157,0.00302964331549306
51.66833,45.99522,0.00200847049981689,45.9963786542217,0.00316712472152687
51.67967,45.99863,0.00541847049981214,45.9965118730695,0.00330034356935514
51.69103,45.9956,0.00238847049981672,45.9966323216423,0.00342079214207165
51.70235,45.99773,0.00451847049981069,45.9967321884242,0.00352065892401334
51.71368,45.99436,0.00114847049981393,45.9968049360698,0.00359340656961119
51.72503,45.99763,0.00441847049981448,45.9968457754528,0.00363424595262306
51.73637,45.99953,0.0063184704998136,45.9968520413167,0.00364051181652764
51.7477,45.9942,0.000988470499812877,45.9968234396356,0.00361191013538974
51.75905,45.99769,0.0044784704998122,45.9967621044155,0.00355057491530873
51.77039,45.99625,0.00303847049981698,45.9966724271867,0.00346089768653521
51.78171,45.9972,0.00398847049981299,45.9965606730585,0.00334914355836028
51.79304,45.99661,0.00339847049981046,45.9964344138068,0.00322288430663518
51.80441,45.99792,0.00470847049981415,45.9963018020202,0.00309027252002588
51.81576,45.99444,0.0012284704998109,45.9961707356208,0.00295920612063667
51.8271,45.9939,0.000688470499810023,45.9960480365021,0.00283650700186576
51.83845,45.99559,0.00237847049981355,45.9959388390139,0.00272730951369675
51.8498,45.99787,0.00465847049981249,45.995846362901,0.00263483340082738
51.86113,45.99597,0.00275847049981337,45.9957720978031,0.00256056830291378
51.87248,45.99598,0.00276847049981654,45.9957162500413,0.00250472054108034
51.88381,45.99514,0.00192847049981282,45.9956782370894,0.0024667075891779
51.89516,45.99582,0.0026084704998155,45.9956570853416,0.00244555584139828
51.90651,45.99585,0.00263847049981081,45.9956516960398,0.00244016653961454
51.91785,45.99498,0.00176847049981177,45.9956610062428,0.00244947674259234
51.9292,45.99622,0.00300847049981456,45.9956840807476,0.00247255124745709
51.94054,45.99448,0.00126847049981649,45.995720156999,0.00250862749877208
51.95187,45.99825,0.00503847049981232,45.9957686427434,0.00255711324318632
51.9632,45.995,0.00178847049981101,45.9958290423671,0.00261751286691323
51.97453,45.99664,0.00342847049981287,45.995900787669,0.00268925816883977
51.98586,45.99323,1.8470499810519e-05,45.9959829979004,0.0027714684002096
51.99722,45.99564,0.00242847049981521,45.9960742660264,0.00286273652622166
52.00858,45.99813,0.00491847049981686,45.9961725819731,0.00296105247293478
52.0199,45.99674,0.00352847049981619,45.9962754107029,0.00306388120271701
52.03123,45.99717,0.00395847049981057,45.9963798104499,0.00316828094966904
52.04257,45.9975,0.00428847049981584,45.9964824347421,0.00327090524192345
52.05392,45.99432,0.00110847049981544,45.9965793656424,0.00336783614225555
52.06523,45.9959,0.00268847049981247,45.9966659038184,0.00345437431823833
52.07656,45.99554,0.00232847049981189,45.9967365685108,0.00352503901059424
52.08789,45.99567,0.00245847049981052,45.996785544092,0.00357401459178865
52.09924,45.99865,0.00543847049981139,45.996807638023,0.00359610852284283
52.11056,45.9974,0.00418847049981252,45.9967995654203,0.00358803592011237
52.12191,45.99883,0.00561847049981168,45.9967611727171,0.0035496432168844
52.13326,45.99697,0.00375847049981104,45.99669616163,0.00348463212984328
52.14462,45.99725,0.00403847049981465,45.9966120050307,0.00340047553048825
52.15596,45.9953,0.00208847049981387,45.9965189995039,0.00330747000369922
52.16732,45.99523,0.00201847049981296,45.9964286647437,0.00321713524351201
52.17866,45.99667,0.00345847049981529,45.996351872844,0.00314034334381702
52.19001,45.99718,0.00396847049981375,45.9962971192193,0.00308558971907563
52.20135,45.993,-0.000211529500184326,45.9962692600902,0.0030577305899636
52.21267,45.99748,0.0042684704998166,45.9962689182352,0.00305738873501384
52.22402,45.99481,0.00159847049981465,45.9962926409022,0.00308111140203267
52.23534,45.99709,0.0038784704998136,45.9963337586179,0.00312222911775902
52.24668,45.997,0.00378847049981346,45.9963837310807,0.00317220158053268
52.258,45.99952,0.00630847049981043,45.9964336281636,0.00322209866340388
52.26934,45.99643,0.00321847049981017,45.996475354745,0.00326382524484165
52.28068,45.9951,0.00188847049981433,45.9965023351632,0.00329080566298769
52.29202,45.99746,0.00424847049981025,45.9965096050741,0.00329807557394847
52.30336,45.99447,0.00125847049981331,45.996493504905,0.00328197540481615
52.31466,45.99596,0.0027484704998102,45.9964513037575,0.00323977425729866
52.326,45.99638,0.00316847049981561,45.9963810651215,0.00316953562134637
52.33736,45.99504,0.0018284704998166,45.9962819383222,0.0030704088220155
52.34865,45.99503,0.00181847049981343,45.9961548803756,0.00294335087537861
52.35996,46,0.00678847049981357,45.9960036242261,0.00279209472592919
52.37126,45.99655,0.00333847049981273,45.9958355488996,0.0026240193994302
52.38259,45.99691,0.00369847049981331,45.9956620412217,0.00245051172148963
52.39392,45.99181,-0.00140152950018546,45.995498043761,0.0022865142608361
52.40524,45.9982,0.00498847049981066,45.995360735447,0.00214920594681742
52.41658,45.99573,0.00251847049981535,45.99526753478,0.00205600527982703
52.42793,45.99389,0.000678470499813955,45.995233729905,0.0020222004047748
52.43929,45.99516,0.00194847049981206,45.9952700657473,0.00205853624713816
52.4506,45.99563,0.00241847049981203,45.9953806452766,0.00216911577643322
52.46195,45.99335,0.000138470499813081,45.9955615241608,0.00234999466057895
52.47326,45.99464,0.00142847049981043,45.9958003397699,0.00258881026971259
52.48457,45.99364,0.000428470499812761,45.9960771942239,0.00286566472367776
52.49588,45.99896,0.00574847049981031,45.9963667996405,0.00315527014031246
52.50724,45.99809,0.00487847049981127,45.9966416030784,0.00343007357824648
52.51855,45.99772,0.00450847049981462,45.996875332783,0.00366380328281202
52.5299,45.99732,0.00410847049981555,45.9970462946732,0.00383476517299138
52.54124,45.99853,0.00531847049981593,45.9971398613733,0.00392833187314814
52.55254,45.99692,0.00370847049981649,45.9971498511297,0.0039383216295116
52.56388,45.99561,0.00239847049981279,45.9970787603899,0.00386723088973947
52.57521,45.99687,0.00365847049981483,45.9969370164689,0.00372548696872431
52.58654,45.99619,0.00297847049981215,45.9967415212508,0.00352999175063208
52.59787,45.99837,0.00515847049981488,45.996513746954,0.00330221745385801
52.60922,45.99635,0.0031384704998132,45.9962775595092,0.00306603000902802
52.62055,45.99379,0.000578470499810635,45.9960568765214,0.00284534702122711
52.63188,45.9987,0.00548847049981305,45.9958732741704,0.00266174467025544
52.64323,45.99554,0.00232847049981189,45.9957437102126,0.00253218071243382
52.65458,45.99508,0.00186847049981509,45.9956785757789,0.00246704627868382
52.66592,45.99399,0.000778470499810169,45.9956803313858,0.00246880188562055
52.67728,45.99282,-0.000391529500184618,45.9957430293028,0.00253149980261736
52.68861,45.99636,0.00314847049981637,45.9958530017046,0.00264147220442496
52.69998,45.99686,0.00364847049981165,45.9959908145372,0.00277928503700427
52.71132,45.99506,0.00184847049981585,45.9961342792915,0.00292274979134029
52.72265,45.99765,0.00443847049981372,45.9962620197541,0.0030504902538906
52.73402,45.99961,0.00639847049981057,45.9963569290871,0.00314539958687108
52.74534,45.99706,0.00384847049981119,45.9964088511106,0.00319732161038059
52.75669,45.99588,0.00266847049981322,45.9964159687853,0.0032044392851034
52.76805,45.99603,0.0028184704998111,45.9963846658785,0.00317313637835778
52.77942,45.99843,0.00521847049981261,45.9963279604377,0.00311643093749667
52.79076,45.9945,0.00128847049981573,45.9962628651246,0.0030513356244375
52.80212,45.99643,0.00321847049981017,45.9962071666422,0.00299563714204093
52.81347,45.99453,0.00131847049981104,45.9961761814613,0.00296465196115323
52.82477,45.99507,0.00185847049981192,45.996180060373,0.00296853087281104
52.83611,45.99379,0.000578470499810635,45.9962221440575,0.00301061455732984
52.84742,45.99711,0.00389847049981284,45.9962986860575,0.00308715655729834
52.85876,45.99639,0.00317847049981168,45.9963999752376,0.00318844573736429
52.87007,45.99671,0.00349847049981378,45.996512573092,0.00330104359181437
52.8814,46,0.00678847049981357,45.9966221309946,0.00341060149445414
52.89272,45.99517,0.00195847049981523,45.9967161505815,0.0035046210812888
52.90407,45.99987,0.00665847049981494,45.9967861189034,0.00357458940320674
52.91541,45.99563,0.00241847049981203,45.9968286524474,0.0036171229472628
52.92672,45.99672,0.00350847049981695,45.9968455485942,0.00363401909404876
52.93806,45.99698,0.00376847049981421,45.9968428901478,0.0036313606476408
52.94939,45.99592,0.00270847049981171,45.9968295184156,0.00361798891540662
52.96076,45.9944,0.00118847049981241,45.9968152558877,0.00360372638750037
52.97209,45.99902,0.00580847049981514,45.9968092229039,0.00359769340372488
52.98344,45.99699,0.00377847049981028,45.9968184737153,0.00360694421514076
52.9948,45.99696,0.00374847049981497,45.9968470262554,0.00363549675520738
53.00615,45.99619,0.00297847049981215,45.9968952617904,0.00368373229016793
53.01748,45.99653,0.00331847049981349,45.9969596724836,0.00374814298337605
53.0288,45.99856,0.00534847049981124,45.9970329850033,0.00382145550315167
53.04016,45.99518,0.0019684704998113,45.9971047079743,0.0038931784741081
53.05149,45.99773,0.00451847049981069,45.9971621301378,0.00395060063759599
53.06281,45.99412,0.000908470499815905,45.9971917635037,0.00398023400350405
53.07414,45.99947,0.00625847049981587,45.9971811709707,0.00396964147055179
53.08548,45.99742,0.00420847049981177,45.9971210057033,0.00390947620309587
53.09684,45.99822,0.00500847049981701,45.9970069429867,0.00379541348654712
53.10818,45.99699,0.00377847049981028,45.9968410987894,0.00362956928917949
53.11951,45.99794,0.0047284704998134,45.9966325768589,0.00342104735872552
53.13087,45.99757,0.00435847049981675,45.9963969499535,0.00318542045330419
53.1422,45.99252,-0.000691529500187471,45.9961546916873,0.00294316218706611
53.15354,45.99877,0.00555847049981395,45.9959287746867,0.00271724518649929
53.16486,45.99505,0.00183847049981267,45.995741787146,0.00253025764577629
53.17619,45.99572,0.00250847049981218,45.9956129637984,0.00240143429825413
53.18751,45.99378,0.000568470499814566,45.9955555153698,0.0023439858696606
53.19884,45.99447,0.00125847049981331,45.9955746271489,0.00236309764867575
53.21017,45.99618,0.00296847049981608,45.9956664617613,0.00245493226112334
53.22152,45.99481,0.00159847049981465,45.9958183841351,0.00260685463487394
53.23285,45.99538,0.00216847049981084,45.9960104351478,0.00279890564757642
53.24421,45.99516,0.00194847049981206,45.9962178809742,0.00300635147403577
53.25554,45.99959,0.00637847049981133,45.9964144954342,0.00320296593404597
53.2669,45.99648,0.00326847049981183,45.9965760940459,0.00336456454575315
53.27825,45.99623,0.00301847049981063,45.9966837635517,0.00347223405147794
53.28958,45.99918,0.00596847049981619,45.9967262738315,0.00351474433133009
53.30094,45.99837,0.00515847049981488,45.9967013136909,0.00348978419067444
53.31224,45.996,0.00278847049981579,45.9966154018169,0.00340387231674245
53.32354,45.99368,0.000468470499811247,45.9964825642824,0.00327103478221593
53.33485,45.99537,0.00215847049981477,45.9963221119917,0.00311058249155369
53.34621,45.99705,0.00383847049981512,45.9961559876382,0.00294445813797662
53.35754,46,0.00678847049981357,45.9960060891545,0.00279455965432801
53.36885,45.99242,-0.000791529500183685,45.9958917963189,0.00268026681869796
53.3802,45.99498,0.00176847049981177,45.9958278266338,0.00261629713360805
53.39154,45.99619,0.00297847049981215,45.9958225987274,0.00261106922720109
53.40289,45.99377,0.000558470499811392,45.9958773501427,0.00266582064252347
53.41422,45.9967,0.0034884704998106,45.995986192723,0.00277466322277784
53.42554,45.99684,0.00362847049981241,45.996137104963,0.00292557546283542
53.43686,45.99615,0.00293847049981366,45.9963136648781,0.00310213537787179
53.4482,45.99834,0.00512847049981247,45.9964972017145,0.00328567221435726
53.45952,45.99652,0.00330847049981031,45.9966690244027,0.00345749490251454
53.47087,45.99316,-5.15295001832783e-05,45.996812461195,0.00360093169484532
53.4822,46,0.00678847049981357,45.996914559223,0.00370302972284109
53.4935,45.9973,0.00408847049981631,45.9969673557343,0.00375582623406639
53.50485,45.99613,0.00291847049981442,45.9969686088784,0.00375707937818715
53.5162,45.99925,0.00603847049981709,45.9969218372185,0.00371030771832605
53.52753,45.99836,0.00514847049981171,45.9968355578508,0.003624028350648
53.53885,45.99612,0.00290847049981124,45.9967217491993,0.00351021969908641
53.5502,45.99415,0.000938470499811217,45.9965937648232,0.0033822353230413
53.56153,45.99372,0.000508470499816838,45.9964641356161,0.00325260611590365
53.57286,45.99616,0.00294847049981684,45.9963428019822,0.00313127248205443
53.58418,45.99726,0.00404847049981072,45.9962361947712,0.00302466527105381
53.5955,45.99589,0.0026784704998164,45.9961472603088,0.00293573080857857
53.60683,45.99878,0.00556847049981002,45.9960761827481,0.00286465324788405
53.61817,45.99767,0.00445847049981296,45.9960213763973,0.0028098468971529
53.62951,45.994,0.000788470499813343,45.995980361171,0.00276883167079374
53.64083,45.99384,0.000628470499812295,45.9959503419028,0.00273881240261472
53.65218,45.99572,0.00250847049981218,45.9959285523636,0.00271702286337019
53.66348,45.99711,0.00389847049981284,45.9959125312999,0.00270100179974249
53.67479,45.99755,0.0043384704998104,45.9959004053009,0.00268887580066149
53.68613,45.99592,0.00270847049981171,45.9958910823285,0.00267955282835405
53.69747,45.99609,0.00287847049981593,45.9958841954785,0.00267266597833773
53.70883,45.99548,0.00226847049981416,45.9958797387693,0.00266820926914359
53.72017,45.99387,0.000658470499814712,45.995877512104,0.00266598260381032
53.73149,45.99672,0.00350847049981695,45.995876612287,0.00266508278679063
53.74283,45.99479,0.00157847049981541,45.9958752055026,0.00266367600241202
53.75419,45.99689,0.00367847049981407,45.9958707095731,0.00265918007290657
53.76554,45.9958,0.00258847049981625,45.9958603714914,0.00264884199117878
53.77687,45.99387,0.000658470499814712,45.9958421187819,0.00263058928173566
53.78823,45.99718,0.00396847049981375,45.9958155117823,0.00260398228207842
53.79956,45.99669,0.00347847049981453,45.9957825921101,0.00257106260991504
53.81089,45.99648,0.00326847049981183,45.9957483819978,0.00253685249758721
53.82222,45.9979,0.00468847049981491,45.9957207772564,0.00250924775622153
53.83355,45.99553,0.00231847049981582,45.9957096632143,0.00249813371412041
53.8449,45.99599,0.00277847049981261,45.9957252868726,0.00251375737245915
53.85625,45.992,-0.0012115295001891,45.9957761812465,0.00256465174631033
53.86761,45.99554,0.00232847049981189,45.9958671512024,0.00265562170220634
53.87896,45.99472,0.00150847049981451,45.9959978780637,0.00278634856348769
53.89031,45.9964,0.00318847049981485,45.9961625310934,0.00295100159322199
53.90166,45.99664,0.00342847049981287,45.9963504580448,0.00313892854465857
53.91299,45.9987,0.00548847049981305,45.9965477128352,0.00333618333496694
53.92434,45.99649,0.003278470499815,45.9967389886043,0.00352745910413572
53.93566,45.99702,0.0038084704998127,45.9969095031107,0.00369797361050416
53.94699,45.99831,0.00509847049981005,45.9970465007766,0.00383497127637927
53.95833,45.99675,0.00353847049981226,45.9971402130527,0.00392868355255628
53.9697,45.99543,0.0022184704998125,45.9971842815249,0.00397275202473806
53.98103,45.99935,0.00613847049981331,45.9971757627889,0.00396423328872102
53.99236,45.99596,0.0027484704998102,45.9971148893922,0.0039033598919833
54.00369,45.99557,0.0023584704998143,45.9970047596714,0.0037932301712316
54.015,45.9962,0.00298847049981532,45.9968510949633,0.00363956546313116
54.0263,45.99674,0.00352847049981619,45.9966621404992,0.00345061099900861
54.03765,45.99746,0.00424847049981025,45.9964486690312,0.00323713953100647
54.04902,46,0.00678847049981357,45.9962238916478,0.00301236214760781
54.06034,45.99471,0.00149847049981133,45.9960029914424,0.00279146194224164
54.07166,45.99505,0.00183847049981267,45.9958020757186,0.00259054621842603
54.083,45.99497,0.0017584704998157,45.9956365756844,0.0024250461842406
54.09435,45.99644,0.00322847049981334,45.9955193621665,0.0023078326662888
54.1057,45.99557,0.0023584704998143,45.9954589510073,0.00224742150707764
54.117,45.9928,-0.00041152950018386,45.9954581449906,0.00224661549038885
54.12833,45.99459,0.00137847049981588,45.9955133919814,0.00230186248120723
54.13968,45.99628,0.00306847049981229,45.9956150562944,0.00240352679419566
54.151,45.99531,0.00209847049981704,45.9957486507481,0.0025371212479095
54.1623,45.99694,0.00372847049981573,45.9958968623856,0.00268533288543122
54.17363,45.99632,0.00310847049981078,45.9960420184283,0.00283048892815457
54.18494,45.99541,0.00219847049981325,45.996168560485,0.00295703098476969
54.1963,45.99976,0.00654847049981555,45.9962651204044,0.00305359090416847
54.20761,45.99591,0.00269847049981564,45.9963258776229,0.00311434812273925
54.21893,45.99446,0.00124847049981014,45.9963510095212,0.00313948002104289
54.23028,45.99725,0.00403847049981465,45.9963462201909,0.00313469069071833
54.24163,45.99754,0.00432847049981433,45.9963214974607,0.00310996796051095
54.25296,45.99619,0.00297847049981215,45.9962893331644,0.00307780366426262
54.2643,45.99544,0.00222847049981567,45.9962626630236,0.0030511335234295
54.27563,45.99491,0.00169847049981087,45.9962528158908,0.00304128639062804
54.28696,45.99628,0.00306847049981229,45.9962678100982,0.00305628059800956
54.29831,45.99393,0.00071847049981244,45.9963113183184,0.00309978881824806
54.30965,45.99824,0.00502847049981625,45.9963824955104,0.00317096601016458
54.32098,45.995,0.00178847049981101,45.9964766619996,0.00326513249936388
54.33231,45.99862,0.00540847049981608,45.9965866276371,0.00337509813688719
54.34363,45.99752,0.00430847049981509,45.9967042999339,0.00349277043370134
54.35498,45.99689,0.00367847049981407,45.9968221821194,0.00361065261917046
54.36631,45.99667,0.00345847049981529,45.9969344434731,0.00372291397288023
54.37764,45.99803,0.00481847049981354,45.9970373966801,0.00382586717990206
54.38898,45.99776,0.00454847049981311,45.9971293781218,0.00391784862162128
54.40034,45.99509,0.00187847049981116,45.9972101511903,0.00399862169013836
54.41167,45.99879,0.00557847049981319,45.9972800411595,0.00406851165934645
54.42303,45.99549,0.00227847049981023,45.9973390663771,0.00412753687690373
54.43436,45.99556,0.00234847049981113,45.9973863312151,0.00417480171490106
54.44567,45.9983,0.00508847049981398,45.9974198713732,0.00420834187298764
54.45701,45.99799,0.00477847049981506,45.997436994419,0.00422546491881643
54.46836,45.99916,0.00594847049981695,45.9974349724999,0.00422344299968568
54.47969,45.99801,0.0047984704998143,45.9974118057825,0.00420027628227347
54.49106,45.99673,0.00351847049981302,45.9973667762054,0.00415524670525061
54.50239,45.99485,0.00163847049981314,45.9973006529159,0.00408912341574091
54.51373,45.99957,0.00635847049981209,45.9972155842595,0.00400405475933736
54.52508,45.99664,0.00342847049981287,45.9971147914725,0.00390326197231631
54.5364,45.99802,0.00480847049981037,45.9970021446353,0.00379061513516202
54.54774,45.99664,0.00342847049981287,45.9968816470394,0.0036701175392068
54.55908,45.99754,0.00432847049981433,45.9967568727643,0.00354534326415606
54.57041,45.993,-0.000211529500184326,45.9966304881423,0.00341895864206458
54.58176,45.99499,0.00177847049981494,45.9965040624996,0.00329253299945408
54.59311,45.99847,0.0052584704998111,45.9963783465629,0.00316681706267168
54.60445,45.99737,0.00415847049981011,45.9962540221126,0.00304249261237861
54.61581,45.99605,0.00283847049981034,45.9961326779842,0.00292114848406014
54.62714,45.99844,0.00522847049981578,45.9960176161316,0.00280608663139589
54.63847,45.9954,0.00218847049981008,45.9959141408298,0.00270261132962536
54.64983,45.99354,0.000328470499816547,45.9958291828748,0.00261765337458849
54.66119,45.99907,0.0058584704998168,45.9957703361325,0.00255880663235461
54.67255,45.99474,0.00152847049981375,45.9957445414962,0.00253301199604784
54.68389,45.99287,-0.000341529500182958,45.9957567208568,0.00254519135665167
54.69524,45.99617,0.0029584704998129,45.9958086781252,0.00259714862501949
54.70657,45.99586,0.00264847049981398,45.9958985552499,0.00268702574972188
54.71792,45.99317,-4.15295001872096e-05,45.9960210149891,0.00280948548889502
54.72927,45.9984,0.00518847049981019,45.9961681181639,0.00295658866373838
54.74063,45.99974,0.00652847049981631,45.9963306427382,0.00311911323796555
54.75198,45.99413,0.000918470499811974,45.9964994383317,0.003287908831493
54.76332,45.99957,0.00635847049981209,45.9966663973762,0.00345486787598274
54.77467,45.99763,0.00441847049981448,45.9968247820472,0.00361325254702941
54.786,45.99403,0.00081847049981576,45.9969689047083,0.00375737520808455
54.79733,45.99645,0.00323847049981651,45.9970934069391,0.00388187743887553
54.80868,45.99677,0.00355847049981151,45.9971925337375,0.00398100423726442
54.82001,45.99715,0.00393847049981133,45.9972597951499,0.00404826564975969
54.83138,45.99605,0.00283847049981034,45.997288248846,0.00407671934583978
54.84272,45.99772,0.00450847049981462,45.9972714153443,0.00405988584411097
54.85406,45.99699,0.00377847049981028,45.9972046447303,0.00399311523015842
54.86539,46,0.00678847049981357,45.9970866138153,0.00387508431511856
54.8767,45.99666,0.00344847049981212,45.9969205553322,0.0037090258320402
54.88806,45.99715,0.00393847049981133,45.9967148458257,0.00350331632547708
54.8994,45.9977,0.00448847049981538,45.9964827264759,0.00327119697572562
54.91074,45.99482,0.00160847049981072,45.9962411506781,0.00302962117788261
54.92207,45.99503,0.00181847049981343,45.9960089575106,0.00279742801042883
54.93341,45.99625,0.00303847049981698,45.9958046986239,0.0025931691237463
54.94476,45.99563,0.00241847049981203,45.9956444701084,0.00243294060823228
54.9561,45.99508,0.00186847049981509,45.9955400338037,0.00232850430351717
54.96745,45.99601,0.00279847049981186,45.9954974144937,0.00228588499346769
54.97876,45.99571,0.00249847049981611,45.9955160907588,0.00230456125860778
54.99008,45.99393,0.00071847049981244,45.9955888696906,0.00237734019036198
55.00142,45.99548,0.00226847049981416,45.9957025256377,0.00249099613753167
55.01275,45.99442,0.00120847049981165,45.9958392541247,0.00262772462451359
55.02408,45.99472,0.00150847049981451,45.9959789022061,0.00276737270590996
55.03542,45.99942,0.00620847049981421,45.996101768245,0.00289023874477428
55.04672,45.99677,0.00355847049981151,45.9961915591695,0.00298002966930073
55.05807,45.99696,0.00374847049981497,45.9962379525197,0.00302642301949369
55.06941,45.99659,0.00337847049981121,45.9962382338675,0.00302670436731418
55.08075,45.99742,0.00420847049981177,45.9961976722385,0.00298614273829838
55.09209,45.996,0.00278847049981579,45.9961285585331,0.00291702903288248
55.10342,45.99616,0.00294847049981684,45.9960480701452,0.00283654064501059
55.11477,45.99519,0.00197847049981448,45.9959753129179,0.00276378341769801
55.12609,45.99599,0.00277847049981261,45.9959280265183,0.00271649701810896
55.13743,45.99358,0.000368470499815032,45.9959195029744,0.00270797347426105
55.14878,45.99687,0.00365847049981483,45.9959562443932,0.00274471489305324
55.16014,45.99401,0.000798470499816517,45.9960367774714,0.00282524797126125
55.17144,45.99471,0.00149847049981133,45.9961518677377,0.00294033823751093
55.18277,45.99492,0.00170847049981404,45.9962861572952,0.00307462779503001
55.1941,45.99778,0.00456847049981235,45.9964209923892,0.003209462888987
55.20542,45.99947,0.00625847049981587,45.9965379203448,0.00332639084464363
55.21673,46,0.00678847049981357,45.9966220953016,0.00341056580144769
55.22804,45.9959,0.00268847049981247,45.9966647842863,0.00345325478613226
55.23937,45.99834,0.00512847049981247,45.9966644032847,0.00345287378450137
55.25071,45.99545,0.00223847049981174,45.9966259617398,0.00341443223961229
55.26203,45.99397,0.000758470499810926,45.9965592524356,0.00334772293543841
55.27336,45.99678,0.00356847049981468,45.9964764171168,0.00326488761658422
55.28469,45.99335,0.000138470499813081,45.996389578354,0.00317804885385791
55.29606,45.99674,0.00352847049981619,45.9963090743884,0.00309754488823647
55.3074,45.998,0.00478847049981113,45.9962425423767,0.00303101287647346
55.31873,45.9964,0.00318847049981485,45.9961947799428,0.00298325044266414
55.33006,45.99739,0.00417847049981646,45.9961680959917,0.0029565664915177
55.34141,45.99526,0.00204847049981538,45.9961628174611,0.00295128796093546
55.35276,45.99682,0.00360847049981317,45.9961777293847,0.00296619988448176
55.36411,45.99496,0.00174847049981253,45.9962103876804,0.00299885818022948
55.37545,45.99772,0.00450847049981462,45.9962573597258,0.0030458302255787
55.38678,45.9946,0.00138847049981194,45.996314487677,0.00310295817678888
55.39812,45.99562,0.00240847049981596,45.9963772568599,0.00316572735975533
55.40947,45.99676,0.00354847049981544,45.9964413091539,0.00322977965374281
55.4208,45.99719,0.00397847049981692,45.9965030649833,0.0032915354831013
55.43213,45.99831,0.00509847049981005,45.9965603132946,0.00334878379446047
55.44347,45.99651,0.00329847049981424,45.996612556077,0.00340102657679142
55.45481,45.99746,0.00424847049981025,45.9966609266223,0.00344939712211221
55.46617,45.99523,0.00201847049981296,45.9967076459275,0.00349611642729404
55.47752,45.99564,0.00242847049981521,45.9967551633217,0.00354363382151009
55.48885,45.99747,0.00425847049981343,45.9968052446031,0.00359371510296012
55.50019,45.99642,0.0032084704998141,45.9968582664805,0.00364673698034216
55.51153,45.99678,0.00356847049981468,45.9969128727215,0.00370134322128049
55.52287,45.99793,0.00471847049981022,45.9969660239613,0.00375449446113018
55.53418,45.99546,0.00224847049981491,45.9970133930129,0.00380186351267562
55.54553,45.99685,0.00363847049981558,45.9970500259833,0.00383849648315948
55.55688,45.99828,0.00506847049981474,45.9970711724827,0.0038596429825419
55.56821,45.99656,0.0033484704998159,45.9970731537266,0.00386162422641249
55.57955,45.99866,0.00544847049981456,45.9970540922204,0.00384256272025546
55.5909,45.99752,0.00430847049981509,45.9970143170435,0.00380278754328198
55.60222,45.9957,0.00248847049981293,45.9969563206863,0.00374479118606548
55.61356,45.99847,0.0052584704998111,45.9968842643076,0.00367273480736942
55.6249,45.99654,0.00332847049981666,45.9968031597068,0.0035916302065894
55.63625,45.99365,0.000438470499815935,45.9967179541732,0.00350642467300035
55.64758,45.9958,0.00258847049981625,45.9966327865649,0.00342125706471281
55.65894,45.99767,0.00445847049981296,45.9965506401862,0.00333911068599723
55.67029,45.99875,0.00553847049981471,45.9964734612831,0.00326193178287955
55.68162,45.99458,0.0013684704998127,45.9964025998825,0.00319107038228888
55.69296,45.99728,0.00406847049981707,45.996339305592,0.00312777609176853
55.70429,45.99713,0.00391847049981209,45.996285043985,0.0030735144848045
55.71561,45.99698,0.00376847049981421,45.996241515017,0.00302998551686137
55.72692,45.99461,0.00139847049981512,45.9962103668714,0.0029988373712296
55.73825,45.99689,0.00367847049981407,45.9961926989462,0.00298116944596903
55.74961,45.99402,0.000808470499812586,45.996188535449,0.00297700594883081
55.76095,45.99728,0.00406847049981707,45.996196480311,0.00298495081084402
55.7723,45.99501,0.00179847049981419,45.9962137032935,0.00300217379333603
55.78363,45.99722,0.00400847049981223,45.9962362842335,0.00302475473334644
55.79495,45.99847,0.0052584704998111,45.9962598177159,0.00304828821568237
55.80632,45.99387,0.000658470499814712,45.9962801117239,0.00306858222375441
55.81765,45.99655,0.00333847049981273,45.9962938331364,0.00308230363622568
55.82899,45.99554,0.00232847049981189,45.9962990326248,0.00308750312465834
55.84033,45.99747,0.00425847049981343,45.9962955361967,0.00308400669650321
55.85165,45.99604,0.00282847049981427,45.9962851646598,0.00307363515958723
55.86298,45.99861,0.0053984704998129,45.9962716790236,0.00306014952341552
55.87434,45.995,0.00178847049981101,45.9962603375208,0.00304880802059879
55.88568,45.99762,0.0044084704998113,45.996257029746,0.00304550024585533
55.89705,45.99348,0.000268470499811713,45.9962670967132,0.00305556721297753
55.90842,45.99722,0.00400847049981223,45.9962940806789,0.00308255117866753
55.91976,45.9964,0.00318847049981485,45.9963387036499,0.00312717414970908
55.93114,45.99366,0.000448470499812004,45.9963983264949,0.00318679699469435
55.94247,45.99852,0.00530847049981276,45.9964670289311,0.00325549943087458
55.9538,45.99658,0.00336847049981515,45.9965363217651,0.00332479226490532
55.96518,45.99484,0.00162847049981707,45.9965963827448,0.0033848532446167
55.97651,45.99682,0.00360847049981317,45.9966376186831,0.00342608918288644
55.98784,45.99826,0.00504847049981549,45.996652305045,0.00344077554477295
55.99918,45.99837,0.00515847049981488,45.9966360148609,0.00342448536073062
56.01054,45.99789,0.00467847049981174,45.996588532982,0.00337700348178938
56.02185,45.99397,0.000758470499810926,45.9965140347235,0.00330250522334164
56.03319,45.9963,0.00308847049981154,45.9964205151129,0.00320898561276125
56.04452,45.99572,0.00250847049981218,45.996318676972,0.0031071474717906
56.05586,45.99622,0.00300847049981456,45.9962205762468,0.00300904674665995
56.06721,45.99715,0.00393847049981133,45.9961382505526,0.00292672105245258
56.07855,45.99638,0.00316847049981561,45.9960824208677,0.00287089136753164
56.08989,45.99713,0.00391847049981209,45.9960612730318,0.0028497435315669
56.10124,45.99461,0.00139847049981512,45.9960793433214,0.002867813821173
56.11254,45.9949,0.0016884704998148,45.996136624557,0.0029250950568038
56.12389,45.997,0.00378847049981346,45.9962280992177,0.00301656971747666
56.13522,45.99504,0.0018284704998166,45.9963439138904,0.00313238439017568
56.14656,45.99565,0.00243847049981127,45.9964703157191,0.00325878621892543
56.15789,45.99499,0.00177847049981494,45.9965913214113,0.00337979191113345
56.16925,45.99945,0.00623847049981663,45.9966909210884,0.00347939158818383
56.1806,45.99965,0.00643847049981616,45.9967554448437,0.00354391534354361
56.19194,45.99643,0.00321847049981017,45.9967755995475,0.00356407004728815
56.20329,45.99657,0.00335847049981197,45.9967477305714,0.00353620107121747
56.21465,45.99551,0.00229847049981657,45.9966741049268,0.00346257542665918
56.226,45.99645,0.00323847049981651,45.9965623089213,0.00335077942114231
56.23734,45.99685,0.00363847049981558,45.9964240271403,0.00321249764010521
56.24866,45.99669,0.00347847049981453,45.9962734752737,0.00306194577351211
56.25999,45.99582,0.0026084704998155,45.9961256863923,0.00291415689215091
56.27134,45.99662,0.00340847049981363,45.9959948018403,0.00278327234007041
56.28267,45.99352,0.000308470499810198,45.9958925251004,0.00268099560023808
56.294,45.99706,0.00384847049981119,45.9958269222129,0.00261539271271535
56.30535,45.99519,0.00197847049981448,45.9958017409556,0.00259021145543659
56.3167,45.99516,0.00194847049981206,45.9958163527458,0.00260482324562594
56.328,45.99454,0.00132847049981422,45.9958663220228,0.00265479252266385
56.33932,45.99668,0.00346847049981136,45.9959445053233,0.00273297582312322
56.35067,45.99817,0.00495847049981535,45.9960424711548,0.00283094165459898
56.36201,45.99682,0.00360847049981317,45.9961519221644,0.00294039266419881
56.37336,45.99686,0.00364847049981165,45.9962657654412,0.00305423594103718
56.3847,45.99724,0.00402847049981148,45.996378584882,0.00316705538185777
56.39606,45.99355,0.000338470499812615,45.9964864943322,0.00327496483203307
56.40742,45.99626,0.00304847049981305,45.9965865790427,0.0033750495424672
56.41874,45.99654,0.00332847049981666,45.9966762495886,0.00346472008838516
56.43008,45.99782,0.00460847049981084,45.9967527846469,0.00354125514668512
56.44142,45.99639,0.00317847049981168,45.9968131777257,0.00360164822552754
56.45275,45.99728,0.00406847049981707,45.9968542511965,0.00364272169626305
56.4641,45.99517,0.00195847049981523,45.9968729429589,0.00366141345870223
56.47544,45.99956,0.00634847049981602,45.9968666848712,0.00365515537099767
56.48677,45.99457,0.00135847049981663,45.9968338098501,0.00362228034992628
56.4981,45.99896,0.00574847049981031,45.9967739231158,0.00356239361566019
56.50944,45.99503,0.00181847049981343,45.9966881779404,0.00347664844025903
56.52079,45.99647,0.00325847049981576,45.9965794223757,0.00336789287554102
56.53212,45.99791,0.00469847049981098,45.9964522099922,0.00324068049199903
56.54347,45.99659,0.00337847049981121,45.9963126725754,0.00310114307525293
56.55481,45.99416,0.000948470499814391,45.9961682502124,0.00295672071218256
56.56615,45.99627,0.00305847049981622,45.9960272948599,0.00281576535969852
56.57746,45.99701,0.00379847049981663,45.9958985931496,0.00268706364940087
56.58879,45.99577,0.00255847049981384,45.9957908433437,0.00257931384349567
56.60014,45.99603,0.0028184704998111,45.9957120754405,0.0025005459403279
56.61146,45.99609,0.00287847049981593,45.9956689907874,0.0024574612871695
56.6228,45.99295,-0.000261529500185986,45.9956662493065,0.00245471980629234
56.63413,45.99833,0.0051184704998164,45.9957058006829,0.00249427118270779
56.64545,45.99612,0.00290847049981124,45.9957863788631,0.0025748493629212
56.6568,45.99452,0.00130847049981497,45.9959032556293,0.00269172612912861
56.66812,45.99456,0.00134847049981346,45.9960483347978,0.0028368052975949
56.67948,45.99494,0.00172847049981328,45.9962106824736,0.00299915297343544
56.69083,45.99899,0.00577847049981273,45.9963775572894,0.00316602778918462
56.70218,45.99431,0.00109847049981227,45.9965358662261,0.00332433672596078
56.7135,45.99915,0.00593847049981377,45.9966737882054,0.00346225870516666
56.72487,45.99908,0.00586847049981287,45.996782198434,0.00357066893382121
56.73622,45.99766,0.00444847049981689,45.9968555518879,0.00364402238776259
56.74754,45.99381,0.000598470499816983,45.9968920464787,0.00368051697851233
56.75888,45.9948,0.00158847049981148,45.9968931435738,0.00368161407357782
56.77023,45.99973,0.00651847049981313,45.9968627445662,0.00365121506603607
56.78155,45.99595,0.00273847049981413,45.9968063550725,0.00359482557235847
56.7929,45.99672,0.00350847049981695,45.9967304230642,0.00351889356404298
56.80424,45.99509,0.00187847049981116,45.9966418829659,0.00343035346567026
56.81558,45.99694,0.00372847049981573,45.9965478782003,0.00333634870013291
56.82694,45.99747,0.00425847049981343,45.9964556108561,0.0032440813558923
56.83828,45.99731,0.00409847049981238,45.9963722067667,0.00316067726648156
56.84963,45.99888,0.00566847049981334,45.9963044274079,0.00309289790774682
56.86098,45.99266,-0.000551529500185666,45.9962580998399,0.00304657033970747
56.87235,45.99569,0.00247847049981686,45.9962372935854,0.00302576408517096
56.8837,45.9981,0.00488847049981445,45.9962434508319,0.00303192133174906
56.89503,45.99609,0.00287847049981593,45.9962747428016,0.00306321330142224
56.90638,45.99398,0.0007684704998141,45.9963258644672,0.00311433496697635
56.91772,45.99554,0.00232847049981189,45.9963883921343,0.00317686263406287
56.92908,45.99636,0.00314847049981637,45.9964517595846,0.00324023008440991
56.94043,45.99804,0.00482847049981672,45.9965047936072,0.00329326410696285
56.95177,45.99744,0.00422847049981101,45.9965375662489,0.00332603674873453
56.96315,45.99586,0.00264847049981398,45.9965431707219,0.00333164122174213
56.9745,45.99834,0.00512847049981247,45.9965190151431,0.00330748564290126
56.98585,45.9981,0.00488847049981445,45.9964673457897,0.00325581628952915
56.99719,45.99466,0.00144847049981678,45.9963948885298,0.00318335902960785
57.00854,45.99657,0.00335847049981197,45.9963116923528,0.00310016285264498
57.01986,45.99474,0.00152847049981375,45.9962294453304,0.00301791583022356
57.03121,45.99604,0.00282847049981427,45.9961596472285,0.00294811772826428
57.04254,45.99587,0.00265847049981005,45.996112009813,0.0029004803127749
57.05384,45.99566,0.00244847049981445,45.9960933368792,0.00288180737898192
57.06517,45.99658,0.00336847049981515,45.9961069826569,0.00289545315674488
57.07651,45.99606,0.00284847049981352,45.9961528570655,0.0029413275652748
57.08783,45.99658,0.00336847049981515,45.9962278625374,0.00301633303721156
57.09918,45.99594,0.00272847049981095,45.9963266114358,0.00311508193562525
57.11053,45.99598,0.00276847049981654,45.9964422738834,0.00323074438325045
57.12183,45.99875,0.00553847049981471,45.9965674202655,0.00335589076532289
57.13316,45.99571,0.00249847049981611,45.9966947345767,0.00348320507650378
57.14446,45.99776,0.00454847049981311,45.9968174985596,0.00360596905942453
57.1558,45.99569,0.00247847049981686,45.9969298085343,0.00371827903412406
57.16714,45.9976,0.00438847049981206,45.997026575245,0.00381504574477563
57.17851,45.99667,0.00345847049981529,45.9971034226133,0.00389189311306227
57.18987,45.99624,0.00302847049981381,45.9971566123559,0.00394508285573168
57.20123,45.99685,0.00363847049981558,45.9971830860599,0.00397155655973815
57.21256,45.99847,0.0052584704998111,45.9971806506591,0.00396912115893822
57.22388,45.99842,0.00520847049981654,45.9971482505661,0.00393672106589531
57.23523,45.99516,0.00194847049981206,45.9970862087195,0.00387467921930907
57.24653,45.99718,0.00396847049981375,45.996996328837,0.00378479933685487
57.25787,45.99818,0.00496847049981142,45.9968818203056,0.00367029080543133
57.26918,45.99756,0.00434847049981357,45.9967470647905,0.00353553529029937
57.28053,45.9941,0.000888470499816663,45.9965972650629,0.00338573556275696
57.29185,45.99603,0.0028184704998111,45.9964380446594,0.00322651515918038
57.30318,45.99715,0.00393847049981133,45.9962751019414,0.00306357244116774
57.31452,45.99764,0.00442847049981054,45.9961139978661,0.00290246836588742
57.32585,45.99466,0.00144847049981678,45.9959600681897,0.00274853868952359
57.33719,45.99423,0.00101847049981529,45.9958183901764,0.00260686067623334
57.34851,45.99794,0.0047284704998134,45.995693750174,0.00248222067378024
57.35986,45.99514,0.00192847049981282,45.9955905863228,0.00237905682264515
57.3712,45.99623,0.00301847049981063,45.9955128633998,0.00230133389959994
57.38253,45.9945,0.00128847049981573,45.9954638184686,0.00225228896843383
57.39387,45.99713,0.00391847049981209,45.9954455530392,0.00223402353901109
57.40522,45.99576,0.00254847049981066,45.9954585217891,0.00224699228891751
57.41657,45.99181,-0.00140152950018546,45.9955010399723,0.00228951047206971
57.42792,45.99608,0.00286847049981276,45.9955689866625,0.00235745716235533
57.43924,45.99651,0.00329847049981424,45.995655882224,0.00244435272386517
57.45057,45.99491,0.00169847049981087,45.9957534168483,0.00254188734815277
57.46192,45.99685,0.00363847049981558,45.9958523376492,0.00264080814903862
57.47324,45.99758,0.00436847049981282,45.9959434745313,0.00273194503112478
57.48459,45.99688,0.00366847049981089,45.9960186673052,0.00280713780504055
57.49594,45.99316,-5.15295001832783e-05,45.9960714436914,0.00285991419123973
57.5073,45.9954,0.00218847049981008,45.99609744984,0.00288592033978299
57.51866,45.99566,0.00244847049981445,45.9960947608573,0.00288323135708074
57.52999,45.99686,0.00364847049981165,45.9960641864786,0.00285265697843381
57.54135,45.99867,0.00545847049981063,45.9960095283351,0.00279799883490329
57.55268,45.99593,0.00271847049981488,45.9959375760161,0.00272604651586641
57.56402,45.99588,0.00266847049981322,45.9958576034166,0.00264607391637938
57.57536,45.99506,0.00184847049981585,45.9957802776866,0.00256874818639428
57.58672,45.99742,0.00420847049981177,45.995716119151,0.0025045896508269
57.59805,45.9929,-0.000311529500187646,45.9956738242706,0.00246229477043277
57.6094,45.994,0.000788470499813343,45.9956588350453,0.00244730554511363
57.62076,45.99331,9.84704998145958e-05,45.995672510667,0.00246098116682066
57.6321,45.9995,0.00628847049981118,45.9957121095839,0.0025005800837144
57.64346,45.99813,0.00491847049981686,45.99577152151,0.00255999200985818
57.6548,45.99533,0.00211847049981628,45.9958424287935,0.00263089929334492
57.66615,45.9934,0.000188470499814741,45.9959155201385,0.00270399063830041
57.67749,45.99564,0.00242847049981521,45.9959815584969,0.00277002899669881
57.68884,45.99757,0.00435847049981675,45.9960323183042,0.00282078880397254
57.70018,45.99603,0.0028184704998111,45.9960614549506,0.0028499254504129
57.7115,45.99536,0.00214847049981159,45.9960652731276,0.00285374362740702
57.72285,45.99612,0.00290847049981124,45.9960432765188,0.0028317470185936
57.7342,45.99735,0.00413847049981086,45.9959983777898,0.00278684828964838
57.74554,45.9964,0.00318847049981485,45.9959366781172,0.00272514861700139
57.7569,45.99613,0.00291847049981442,45.9958667614272,0.00265523192701809
57.76825,45.99538,0.00216847049981084,45.9957985222748,0.00258699277463702
57.77959,45.9959,0.00268847049981247,45.9957416674654,0.00253013796517517
57.79092,45.99476,0.00154847049981299,45.9957041498135,0.00249262031334402
57.80226,45.99359,0.000378470499811101,45.9956908510277,0.00247932152753061
57.8136,45.99664,0.00342847049981287,45.9957028042627,0.00249127476254317
57.82495,45.99463,0.00141847049981436,45.9957371315662,0.00252560206605079
57.83629,45.99727,0.00405847049981389,45.9957876904588,0.00257616095862038
57.84764,45.99528,0.00206847049981462,45.9958462421855,0.00263471268534641
57.85899,45.99761,0.00439847049981523,45.99590384355,0.00269231404978518
57.87032,45.99622,0.00300847049981456,45.9959521531036,0.00274062360339345
57.88167,45.99577,0.00255847049981384,45.9959844172495,0.00277288774932009
57.89304,45.99565,0.00243847049981127,45.9959960319553,0.00278450245515069
57.90439,45.99562,0.00240847049981596,45.9959847151284,0.00277318562818535
57.91573,45.99551,0.00229847049981657,45.9959504169083,0.00273888740806489
57.92707,45.99635,0.0031384704998132,45.9958951083442,0.00268357884399361
57.93841,45.99493,0.00171847049981011,45.9958225388915,0.00261100939136193
57.94972,45.99795,0.00473847049981657,45.9957379831186,0.00252645361839355
57.96109,45.99449,0.00127847049981256,45.9956479472962,0.00243641779596989
57.97242,45.99555,0.00233847049981506,45.9955598028896,0.00234827338941568
57.98376,45.99401,0.000798470499816517,45.9954813548482,0.0022698253480516
57.99509,45.99652,0.00330847049981031,45.9954203941403,0.00220886464009353
58.00641,45.99549,0.00227847049981023,45.9953842710276,0.00217274152738574
58.01776,45.99609,0.00287847049981593,45.9953794594608,0.00216792996061228
58.02913,45.99721,0.00399847049981616,45.9954110313159,0.00219950181574031
58.04048,45.99283,-0.000381529500188549,45.9954819863767,0.00227045687650995
58.0518,45.99757,0.00435847049981675,45.9955924907786,0.00238096127838334
58.06316,45.99363,0.000418470499816692,45.9957392025046,0.00252767300438716
58.07449,45.99385,0.000638470499815469,45.9959149325755,0.00270340307532434
58.08583,45.99772,0.00450847049981462,45.996108861776,0.00289733227584828
58.09716,45.99632,0.00310847049981078,45.9963074045909,0.00309587509068417
58.10851,45.99663,0.00341847049981681,45.9964956297339,0.00328410023366225
58.11983,45.99666,0.00344847049981212,45.9966589986516,0.00344746915138925
58.13117,45.99699,0.00377847049981028,45.996785135094,0.00357360559385768
58.1425,45.99704,0.00382847049981194,45.9968653692627,0.00365383976255811
58.15384,45.99716,0.0039484704998145,45.9968958483171,0.00368431881691427
58.16519,45.99911,0.00589847049981529,45.9968780482833,0.00366651878311902
58.17651,45.99405,0.000838470499815003,45.9968185795405,0.00360705004028845
58.18785,45.99873,0.00551847049981546,45.9967282678672,0.00351673836696641
58.19921,45.99795,0.00473847049981657,45.9966206014781,0.00340907197794365
58.21056,45.99639,0.00317847049981168,45.9965097321029,0.00329820260268596
58.22188,45.9934,0.000188470499814741,45.9964083118974,0.00319678239721414
58.2332,45.99626,0.00304847049981305,45.9963255540879,0.00311402458767375
58.24454,45.99402,0.000808470499812586,45.9962659622793,0.00305443277913231
58.25589,45.99656,0.0033484704998159,45.9962290794036,0.00301754990342439
58.26722,45.9958,0.00258847049981625,45.9962103539844,0.00299882448423335
58.27856,45.9969,0.00368847049981014,45.9962029114197,0.00299138191951063
58.28987,45.99924,0.00602847049981392,45.9961997669306,0.00298823743041078
58.30121,45.99589,0.0026784704998164,45.9961958983897,0.00298436888948494
58.31253,45.99596,0.0027484704998102,45.9961896464163,0.00297811691606601
58.32388,45.99915,0.00593847049981377,45.9961831062349,0.0029715767347267
58.33521,45.99645,0.00323847049981651,45.9961814401224,0.00296991062218748
58.34655,45.99342,0.000208470499813984,45.996191296791,0.00297976729082501
58.35789,45.99378,0.000568470499814566,45.9962187499613,0.00300722046114999
58.36926,45.99768,0.00446847049981614,45.9962673115187,0.00305578201851218
58.38061,45.99509,0.00187847049981116,45.9963365370457,0.00312500754555676
58.39195,45.99651,0.00329847049981424,45.9964215169592,0.00320998745898384
58.40332,45.99771,0.00449847049981145,45.9965132738654,0.00330174436525035
58.41465,45.99516,0.00194847049981206,45.9965999011586,0.00338837165841615
58.42598,45.99792,0.00470847049981415,45.9966682010225,0.00345667152226529
58.43733,45.99656,0.0033484704998159,45.9967055692925,0.00349403979228241
58.44864,45.99462,0.00140847049981119,45.9967018898164,0.00349036031622917
58.45997,45.99875,0.00553847049981471,45.9966512136751,0.00343968417492952
58.47131,45.99689,0.00367847049981407,45.9965529883718,0.0033414588716311
58.48265,46,0.00678847049981357,45.9964125776824,0.00320104818224201
58.49398,45.99509,0.00187847049981116,45.9962408406505,0.0030293111503484
58.5053,45.99624,0.00302847049981381,45.9960526972515,0.00284116775131643
58.51665,45.99476,0.00154847049981299,45.9958648843871,0.00265335488687291
58.528,45.99368,0.000468470499811247,45.9956933709622,0.00248184146205082
58.53934,45.99446,0.00124847049981014,45.9955510178732,0.00233948837305239
58.55069,45.99644,0.00322847049981334,45.9954459897506,0.00223446025045765
58.56202,45.99288,-0.000331529500186889,45.9953811974886,0.00216966798838549
58.57335,45.99826,0.00504847049981549,45.9953547727322,0.00214324323201658
58.58469,45.99499,0.00177847049981494,45.9953613440427,0.00214981454250996
58.59605,45.99403,0.00081847049981576,45.9953937533966,0.0021822238964554
58.6074,45.99787,0.00465847049981249,45.9954448260677,0.00223329656752948
58.61875,45.99567,0.00245847049981052,45.9955088518374,0.0022973223372488
58.63009,45.99667,0.00345847049981529,45.9955825093838,0.00237097988359327
58.64143,45.9954,0.00218847049981008,45.995665069616,0.00245354011586009
58.65279,45.99598,0.00276847049981654,45.9957578685805,0.00254633908026792
58.66413,45.99481,0.00159847049981465,45.9958632192304,0.00265168973025137
58.67547,45.99505,0.00183847049981267,45.9959830670107,0.00277153751050952
58.68679,45.99639,0.00317847049981168,45.9961177387521,0.0029062092519132
58.69813,45.99545,0.00223847049981174,45.9962650808159,0.00305355131574852
58.70948,45.9969,0.00368847049981014,45.9964201613161,0.00320863181594737
58.72085,45.99546,0.00224847049981491,45.9965755754048,0.00336404590461405
58.73218,45.99698,0.00376847049981421,45.9967222807768,0.0035107512766586
58.74352,45.9975,0.00428847049981584,45.9968508052999,0.00363927579966528
58.75488,45.99778,0.00456847049981235,45.996952600529,0.00374107102884756
58.76623,45.99759,0.00437847049981599,45.997021278705,0.00380974920486563
58.77758,45.99548,0.00226847049981416,45.9970534985068,0.00384196900659031
58.78894,45.99972,0.00650847049981707,45.9970493568881,0.00383782738795676
58.80029,45.99612,0.00290847049981124,45.9970122553468,0.00380072584663238
58.81161,45.9969,0.00368847049981014,45.99694830184,0.00373677233977033
58.82296,45.99595,0.00273847049981413,45.9968653902097,0.00365386070952864
58.83432,45.99545,0.00223847049981174,45.9967721669875,0.00356063748733031
58.84566,45.99718,0.00396847049981375,45.9966771064124,0.00346557691216652
58.85697,45.99723,0.00401847049981541,45.9965878331794,0.00337630367920653
58.8683,45.99615,0.00293847049981366,45.9965106930889,0.00329916358866721
58.8796,45.99969,0.00647847049981465,45.996450458742,0.00323892924186094
58.89096,45.99582,0.0026084704998155,45.9964100414757,0.00319851197547695
58.9023,45.99264,-0.000571529500184909,45.9963901801847,0.00317865068450998
58.9136,45.99623,0.00301847049981063,45.996389239908,0.00317771040786094
58.92493,45.99595,0.00273847049981413,45.9964033489121,0.00319181941190314
58.93627,45.99778,0.00456847049981235,45.996427014144,0.00321548464385975
58.94762,45.9969,0.00368847049981014,45.996454116652,0.00324258715185684
58.95897,45.99873,0.00551847049981546,45.9964789761826,0.00326744668242817
58.97034,45.99609,0.00287847049981593,45.9964971289243,0.00328559942413888
58.98168,45.99729,0.00407847049981314,45.9965055936463,0.00329406414610909
58.99303,45.99364,0.000428470499812761,45.9965026286861,0.00329109918587018
59.00439,45.99775,0.00453847049981704,45.9964871950178,0.00327566551762535
59.01573,45.99469,0.00147847049981209,45.9964584420216,0.00324691252145713
59.02707,45.99712,0.00390847049981602,45.9964154905659,0.00320396106572526
59.0384,45.99397,0.000758470499810926,45.9963576510838,0.00314612158358112
59.04975,45.99719,0.00397847049981692,45.9962850516379,0.00307352213775078
59.06112,45.99775,0.00453847049981704,45.9961994910047,0.00298796150448326
59.07244,45.99847,0.0052584704998111,45.9961051892629,0.00289365976267398
59.0838,45.99692,0.00370847049981649,45.9960090469638,0.00279751746365935
59.09513,45.99523,0.00201847049981296,45.9959201292913,0.00270859979110409
59.10644,45.99583,0.00261847049981156,45.9958483640756,0.00263683457541674
59.11778,45.99317,-4.15295001872096e-05,45.9958027583721,0.0025912288718901
59.12912,45.9958,0.00258847049981625,45.9957896402226,0.00257811072245537
59.1405,45.99358,0.000368470499815032,45.9958114380663,0.00259990856608291
59.15186,45.99606,0.00284847049981352,45.9958663362856,0.00265480678542726
59.1632,45.99642,0.0032084704998141,45.9959488660739,0.00273733657373781
59.17455,45.99818,0.00496847049981142,45.9960511998852,0.00283967038497184
59.18589,45.99657,0.00335847049981197,45.9961647109397,0.00295318143947669
59.19724,45.99734,0.0041284704998148,45.9962813133375,0.00306978383734388
59.20856,45.99792,0.00470847049981415,45.9963942291228,0.00318269962265964
59.21988,45.99495,0.00173847049981646,45.9964980762821,0.00328654678189608
59.23123,45.9949,0.0016884704998148,45.9965884434626,0.00337691396246498
59.24257,45.9951,0.00188847049981433,45.9966613225629,0.00344979306272196
59.25392,45.9952,0.00198847049981055,45.996712821815,0.00350129231485728
59.26526,45.99825,0.00503847049981232,45.9967394321023,0.00352790260210193
59.27661,45.9968,0.00358847049981392,45.9967388223467,0.00352729284648648
59.28798,46,0.00678847049981357,45.9967108411056,0.00349931160544848
59.29931,45.99759,0.00437847049981599,45.9966582503784,0.00344672087824951
59.31067,45.9959,0.00268847049981247,45.9965867883485,0.00337525884831562
59.322,45.99574,0.00252847049981142,45.9965044168038,0.00329288730363009
59.33336,45.99596,0.0027484704998102,45.9964199253204,0.00320839582017087
59.34469,45.99562,0.00240847049981596,45.9963412806547,0.00312975115448879
59.35601,45.99608,0.00286847049981276,45.9962741498448,0.0030626203446366
59.36735,45.9959,0.00268847049981247,45.9962209298158,0.00300940031563292
59.37868,45.99611,0.00289847049981518,45.9961804716822,0.00296894218202424
59.39005,45.99366,0.000448470499812004,45.996148550824,0.00293702132383086
59.40136,45.99679,0.00357847049981075,45.9961190101505,0.00290748065028
59.41269,45.99837,0.00515847049981488,45.996085368134,0.00287383863379551
59.42405,45.99692,0.00370847049981649,45.9960425341735,0.00283100467327244
59.43539,45.99633,0.00311847049981395,45.9959881856307,0.00277665613048503
59.44673,45.99685,0.00363847049981558,45.9959234255887,0.00271189608852138
59.45807,45.99435,0.00113847049981075,45.9958525502976,0.00264102079740243
59.4694,45.99923,0.00601847049981075,45.9957820014938,0.00257047199365376
59.48076,45.99281,-0.000401529500187792,45.9957187699049,0.00250724040473809
59.49208,45.99455,0.00133847049981028,45.9956686428551,0.00245711335495044
59.5034,45.99265,-0.00056152950018884,45.9956347604416,0.00242323094144273
59.51471,45.99587,0.00265847049981005,45.9956169107065,0.00240538120629104
59.52602,45.99763,0.00441847049981448,45.9956117892865,0.00240025978629516
59.53736,45.99545,0.00223847049981174,45.9956141204577,0.00240259095748402
59.5487,45.99625,0.00303847049981698,45.9956182549224,0.00240672542222196
59.56004,45.99574,0.00252847049981142,45.9956197643739,0.00240823487371231
59.57137,45.99662,0.00340847049981363,45.9956166301088,0.00240510060858925
59.58273,45.99667,0.00345847049981529,45.9956097670118,0.00239823751157347
59.59404,45.99572,0.00250847049981218,45.9956027710898,0.00239124158964289
59.6054,45.99547,0.00225847049981098,45.9956009346516,0.00238940515140338
59.61675,45.99461,0.00139847049981512,45.9956097441499,0.0023982146496966
59.62809,45.99498,0.00176847049981177,45.9956332213548,0.00242169185464
59.63943,45.99466,0.00144847049981678,45.9956725295676,0.0024610000674407
59.65079,45.99492,0.00170847049981404,45.9957252140411,0.00251368454095531
59.66212,45.99563,0.00241847049981203,45.9957852966544,0.00257376715423308
59.67342,45.99481,0.00159847049981465,45.9958442422607,0.00263271276048432
59.68478,45.99797,0.00475847049981581,45.9958926037045,0.00268107420436241
59.69612,45.99599,0.00277847049981261,45.9959219766701,0.00271044716992392
59.70747,45.99755,0.0043384704998104,45.9959267989515,0.00271526945134539
59.71882,45.99658,0.00336847049981515,45.9959055501143,0.00269402061412832
59.73017,45.997,0.00378847049981346,45.9958610516101,0.00264952210994795
59.7415,45.99489,0.00167847049981162,45.995799795429,0.00258826592881356
59.75286,45.99664,0.00342847049981287,45.9957304819259,0.00251895242571228
59.76421,45.99172,-0.00149152950018561,45.9956621636072,0.00245063410696162
59.77555,45.99467,0.00145847049981285,45.9956025095922,0.00239098009205402
59.78691,45.99561,0.00239847049981279,45.9955566673085,0.00234513780832663
59.79824,45.99577,0.00255847049981384,45.99552698475,0.00231545524980896
59.8096,45.99575,0.00253847049981459,45.9955135396516,0.00230201015139417
59.82093,45.99828,0.00506847049981474,45.9955151454865,0.00230361598629454
59.83228,45.99609,0.00287847049981593,45.9955303840964,0.00231885459619678
59.84365,45.99574,0.00252847049981142,45.9955582789546,0.00234674945443267
59.85499,45.99415,0.000938470499811217,45.9955984321068,0.00238690260657213
59.86632,45.99322,8.47049981445025e-06,45.9956507058949,0.00243917639472628
59.87766,45.99752,0.00430847049981509,45.995714699995,0.0025031704948601
59.889,45.99746,0.00424847049981025,45.9957892639416,0.00257773444140193
59.90033,45.99545,0.00223847049981174,45.9958721474365,0.00266061793633547
59.91169,45.99443,0.00121847049981483,45.9959597855804,0.00274825608023358
59.92302,45.99537,0.00215847049981477,45.9960472386656,0.00283570916537064
59.93435,45.99586,0.00264847049981398,45.9961283789605,0.00291684946035911
59.94571,45.99695,0.0037384704998118,45.9961964033724,0.00298487387218175
59.95708,45.9967,0.0034884704998106,45.9962446293535,0.00303309985327399
59.96843,45.9963,0.00308847049981154,45.9962673999443,0.00305587044415096
59.97976,45.99755,0.0043384704998104,45.996260874802,0.00304934530180639
59.99113,45.99581,0.00259847049981232,45.9962235305423,0.00301200104208841
60.00245,45.99584,0.00262847049981474,45.9961562966381,0.00294476713794093
60.01379,45.99506,0.00184847049981585,45.9960623661407,0.00285083664054721
60.02512,45.99589,0.0026784704998164,45.9959467977325,0.00273526823231127
60.03649,45.99666,0.00344847049981212,45.995816029088,0.00260449958786195
60.04784,45.99546,0.00224847049981491,45.9956773561239,0.00246582662376158
60.05917,45.99711,0.00389847049981284,45.9955383572919,0.00232682779176332
60.07051,45.99483,0.0016184704998139,45.9954062225529,0.0021946930527575
60.08184,45.99537,0.00215847049981477,45.9952870038663,0.0020754743661385
60.09316,45.99456,0.00134847049981346,45.9951849070825,0.0019733775822735
60.1045,45.99197,-0.00124152950018441,45.9951018349224,0.00189030542225538
60.11581,45.99483,0.0016184704998139,45.9950374018782,0.00182587237805629
60.12711,45.99813,0.00491847049981686,45.9949895272918,0.00177799779159646
60.13842,45.99387,0.000658470499814712,45.9949554936717,0.00174396417152738
60.14975,45.99624,0.00302847049981381,45.9949331534819,0.00172162398170389
60.16109,45.99485,0.00163847049981314,45.9949219112482,0.00171038174797745
60.17243,45.99646,0.00324847049981258,45.9949232090615,0.001711679561361
60.18376,45.99324,2.84704998136931e-05,45.9949404081084,0.00172887860824851
60.19511,45.99678,0.00356847049981468,45.9949781134133,0.00176658391311966
60.20648,45.99387,0.000658470499814712,45.995041114307,0.00182958480684135
60.21785,45.99332,0.000108470499810664,45.9951331993169,0.00192166981669695
60.22918,45.99527,0.00205847049981145,45.9952561348696,0.0020446053694496
60.24051,45.99602,0.00280847049981503,45.9954090523135,0.00219752281332547
60.25184,45.99524,0.00202847049981614,45.9955883638531,0.00237683435289619
60.26318,45.99525,0.00203847049981221,45.9957881750509,0.00257664555075962
60.2745,45.99617,0.0029584704998129,45.9960010516108,0.00278952211061934
60.28582,45.99747,0.00425847049981343,45.996218946905,0.00300741740482912
60.29715,45.99809,0.00487847049981127,45.9964340756651,0.00322254616487219
60.3085,45.99659,0.00337847049981121,45.9966395366908,0.00342800719060813
