time_s,capacitance_raw_pF,capacitance_zero_mean_pF,capacitance_filtered_pF,capacitance_filtered_zero_mean_pF
0.00164,45.99368,-0.000983453007513901,45.9936505072918,-0.00101294571568416
0.01289,45.99347,-0.0011934530075095,45.9936137246792,-0.00104972832826186
0.0242,45.99502,0.000356546992485107,45.9935725035994,-0.00109094940808912
0.0355,45.99215,-0.00251345300750927,45.993530345838,-0.00113310716951595
0.04681,45.99199,-0.00267345300751032,45.9934922270679,-0.00117122593964638
0.05814,45.99633,0.0016665469924888,45.9934642118661,-0.00119924114137397
0.06942,45.99266,-0.00200345300751081,45.9934529508946,-0.00121050211285987
0.08073,45.99349,-0.00117345300751026,45.9934650558635,-0.00119839714402939
0.09204,45.993,-0.00166345300750947,45.9935063422996,-0.00115711070790033
0.10336,45.99457,-9.34530075085149e-05,45.9935809770522,-0.00108247595533968
0.11466,45.99421,-0.000453453007509097,45.9936906215189,-0.000972831488590033
0.12598,45.99274,-0.00192345300751384,45.9938336909212,-0.000829762086362295
0.1373,45.99282,-0.00184345300750977,45.9940048777341,-0.000658575273391576
0.14862,45.9938,-0.000863453007511339,45.9941951168344,-0.000468336173094949
0.1599,45.99453,-0.000133453007514106,45.9943921473249,-0.000271305682590324
0.17123,45.99262,-0.0020434530075093,45.9945817133219,-8.17396855734944e-05
0.18255,45.99746,0.0027965469924851,45.9947492765696,8.5823562126181e-05
0.19386,45.99453,-0.000133453007514106,45.9948819532952,0.000218500287685454
0.20519,45.99678,0.00211654699248953,45.994970289652,0.000306836644461493
0.2165,45.99605,0.00138654699248519,45.9950094969723,0.00034604396473864
0.2278,45.99476,9.65469924878448e-05,45.9949998988004,0.000336445792931717
0.23912,45.99387,-0.000793453007510436,45.9949465629046,0.000283109897040234
0.25041,45.99337,-0.00129345300751282,45.9948583218954,0.000194868887852613
0.2617,45.99328,-0.00138345300751297,45.9947465263709,8.30733634293411e-05
0.27302,45.99548,0.000816546992489009,45.9946238515514,-3.96014561181087e-05
0.28433,45.99715,0.00248654699248618,45.9945033012701,-0.000160151737397342
0.29565,45.99516,0.000496546992486913,45.9943973354432,-0.000266117564287311
0.30696,45.99248,-0.0021834530075111,45.9943169470156,-0.000346505991872109
0.31826,45.99572,0.00105654699248703,45.994270606662,-0.000392846345512481
0.32957,45.99258,-0.00208345300751489,45.9942631925928,-0.000400260414669046
0.34089,45.99239,-0.00227345300751125,45.9942951714925,-0.000368281514995116
0.35219,45.99482,0.000156546992485573,45.9943623108167,-0.000301142190800067
0.36351,45.99486,0.000196546992491164,45.9944560905712,-0.000207362436315354
0.37483,45.99561,0.00094654699248764,45.9945647962178,-9.86567896964426e-05
0.38614,45.99324,-0.00142345300751145,45.9946751009446,1.16479370683775e-05
0.39745,45.99554,0.000876546992486738,45.9947738673306,0.00011041432310021
0.40878,45.99305,-0.00161345300751492,45.9948499108223,0.000186457814803781
0.4201,45.99956,0.00489654699249087,45.9948954928521,0.000232039844546576
0.4314,45.99448,-0.00018345300750866,45.994907312021,0.000243859013446013
0.4427,45.99373,-0.000933453007512242,45.9948867964861,0.000223343478566169
0.45401,45.994,-0.000663453007511805,45.9948396382748,0.00017618526732361
0.46529,45.99516,0.000496546992486913,45.9947747024019,0.000111249394435811
0.47659,45.99458,-8.34530075124462e-05,45.9947025543368,3.9101329314847e-05
0.48792,45.99577,0.00110654699248869,45.9946338228698,-2.96301377082915e-05
0.49926,45.99648,0.00181654699248668,45.9945775372038,-8.59158037480147e-05
0.51058,45.99275,-0.00191345300751067,45.9945395629548,-0.000123890052701859
0.52191,45.99197,-0.00269345300750956,45.9945213498644,-0.00014210314306885
0.53322,45.99263,-0.00203345300751323,45.9945193251263,-0.000144127881229411
0.54454,45.9942,-0.000463453007512271,45.9945252756306,-0.000138177376956995
0.55586,45.99478,0.000116546992487088,45.9945278575224,-0.000135595485154064
0.56719,45.996,0.00133654699249064,45.9945150094479,-0.000148443559589835
0.57849,45.99706,0.00239654699248604,45.9944767085766,-0.000186744430892183
0.58982,45.9961,0.00143654699248685,45.9944073601767,-0.000256092830810074
0.60114,45.99413,-0.000533453007513174,45.994307214383,-0.000356238624523118
0.61245,45.99266,-0.00200345300751081,45.9941825133113,-0.000480939696230356
0.62377,45.99396,-0.000703453007510291,45.9940444515085,-0.00061900149900492
0.6351,45.99421,-0.000453453007509097,45.99390731253,-0.000756140477541145
0.64637,45.99238,-0.00228345300751442,45.9937862329995,-0.000877220008056768
0.65768,45.99536,0.000696546992486446,45.9936949872351,-0.000968465772411733
0.66898,45.99178,-0.00288345300751303,45.9936440851039,-0.00101936790365557
0.6803,45.99315,-0.0015134530075116,45.9936393947192,-0.00102405828829249
0.69163,45.9945,-0.000163453007509418,45.9936814372926,-0.000982015714934417
0.70295,45.99339,-0.00127345300751358,45.9937654265679,-0.000898026439574934
0.71427,45.99275,-0.00191345300751067,45.993882033761,-0.000781419246521494
0.72558,45.99315,-0.0015134530075116,45.9940187733021,-0.000644679705432086
0.73689,45.99546,0.000796546992489766,45.9941618287862,-0.00050162422128277
0.74821,45.99624,0.00157654699248866,45.9942980471584,-0.000365405849091546
0.75953,45.99469,2.65469924869421e-05,45.9944167412796,-0.000246711727932585
0.77083,45.99486,0.000196546992491164,45.9945109420635,-0.000152510944001499
0.78215,45.9935,-0.00116345300751419,45.9945778809532,-8.55720543146107e-05
0.79344,45.9957,0.00103654699248779,45.9946186958857,-4.47571218047477e-05
0.80473,45.99435,-0.000313453007514397,45.9946375237383,-2.59292691947385e-05
0.81602,45.9943,-0.000363453007508951,45.9946402205097,-2.32324977731682e-05
0.82732,45.99358,-0.00108345300751012,45.9946329695949,-3.04834126027907e-05
0.83862,45.99496,0.000296546992487379,45.9946210335661,-4.24194414178942e-05
0.84996,45.9941,-0.000563453007508485,45.9946078684258,-5.55845816979204e-05
0.8613,45.99432,-0.000343453007509709,45.9945947401257,-6.87128818129867e-05
0.8726,45.99271,-0.00195345300750915,45.9945808809952,-8.25720123367466e-05
0.88391,45.99617,0.00150654699248776,45.9945641183364,-9.93346711124298e-05
0.89525,45.9957,0.00103654699248779,45.994541793944,-0.000121659063469761
0.90658,45.99672,0.0020565469924918,45.9945116881442,-0.000151764863315229
0.91792,45.99355,-0.00111345300751253,45.9944726400855,-0.000190812922034384
0.92924,45.99419,-0.00047345300750834,45.9944246832842,-0.000238769723303599
0.94056,45.99251,-0.00215345300750869,45.9943687472301,-0.000294705777373038
0.95188,45.99361,-0.0010534530075148,45.994306169418,-0.000357283589491555
0.96318,45.99512,0.000456546992488427,45.9942382981668,-0.000425154840754419
0.97445,45.99532,0.000656546992487961,45.9941663443251,-0.000497108682373195
0.98576,45.99353,-0.00113345300751178,45.9940914678898,-0.000571985117748194
0.99705,45.99354,-0.0011234530075086,45.994014988588,-0.000648464419490125
1.00836,45.99195,-0.0027134530075088,45.9939386216026,-0.000724831404889493
1.01968,45.99725,0.0025865469924895,45.9938646818541,-0.00079877115338151
1.031,45.99354,-0.0011234530075086,45.993796186027,-0.000867266980542736
1.04231,45.99456,-0.000103453007511689,45.9937367331435,-0.000926719863977501
1.05362,45.99257,-0.00209345300751096,45.9936900626568,-0.000973390350732576
1.06492,45.99493,0.000266546992484962,45.9936593104336,-0.00100414257388718
1.07623,45.99149,-0.00317345300751271,45.993646131298,-0.00101732170951877
1.08754,45.99301,-0.00165345300751341,45.9936499414119,-0.00101351159564856
1.09886,45.99509,0.00042654699248601,45.9936675257252,-0.00099592728229966
1.11015,45.99185,-0.00281345300751212,45.9936931690642,-0.000970283943343904
1.12145,45.99345,-0.00121345300750875,45.9937193415813,-0.000944111426239773
1.13275,45.9958,0.00113654699249111,45.9937378477209,-0.000925605286631652
1.14409,45.99182,-0.00284345300751454,45.9937412553855,-0.000922197622000521
1.15538,45.99534,0.000676546992487204,45.9937243619902,-0.000939091017320683
1.16668,45.99333,-0.00133345300751131,45.9936854372451,-0.000978015762444496
1.178,45.99502,0.000356546992485107,45.993627009655,-0.00103644335255284
1.18934,45.99352,-0.00114345300751495,45.993556020856,-0.00110743215151459
1.20066,45.99385,-0.000813453007509679,45.9934832584734,-0.00118019453412349
1.21198,45.99322,-0.0014434530075107,45.9934220971267,-0.00124135588084049
1.22327,45.99381,-0.000853453007508165,45.9933867059024,-0.00127674710508365
1.23456,45.99221,-0.00245345300751154,45.9933899839539,-0.00127346905363461
1.24584,45.99301,-0.00165345300751341,45.9934415433874,-0.00122190962013751
1.25714,45.99255,-0.0021134530075102,45.9935460612307,-0.00111739177677695
1.26846,45.99467,6.5469924876993e-06,45.9937022610443,-0.000961191963197402
1.27977,45.99404,-0.000623453007513319,45.9939026679198,-0.000760785087688127
1.29108,45.99295,-0.00171345300751113,45.9941341542801,-0.00052929872741982
1.30237,45.99413,-0.000533453007513174,45.9943792106347,-0.000284242372817325
1.31365,45.99312,-0.00154345300751402,45.9946178333979,-4.56196095723428e-05
1.32497,45.99612,0.0014565469924861,45.9948298637079,0.000166410700370899
1.33627,45.99731,0.00264654699248723,45.9949975010658,0.000334048058261368
1.34757,45.99447,-0.000193453007511835,45.9951076018606,0.000444148853117505
1.3589,45.99627,0.00160654699249108,45.9951533542111,0.000489901203543903
1.3702,45.99435,-0.000313453007514397,45.995135041876,0.000471588868489324
1.3815,45.99545,0.000786546992486592,45.9950598072057,0.000396354198215646
1.39283,45.99614,0.00147654699248534,45.9949404926808,0.000277039673298968
1.40415,45.99536,0.000696546992486446,45.9947937434136,0.00013029040604603
1.41545,45.99326,-0.00140345300751221,45.9946376281606,-2.58248469436312e-05
1.42677,45.9922,-0.00246345300751472,45.9944891264049,-0.000174326602645241
1.43808,45.99551,0.000846546992491426,45.9943619042367,-0.000301548770852799
1.4494,45.9921,-0.00256345300751093,45.9942647778641,-0.000398675143419095
1.46072,45.99447,-0.000193453007511835,45.9942011069642,-0.000462346043348957
1.47202,45.99434,-0.000323453007510466,45.9941691332085,-0.000494319798994495
1.48333,45.99535,0.000686546992490378,45.9941630675784,-0.000500385429123281
1.49462,45.99669,0.00202654699248939,45.9941745866589,-0.000488866348587041
1.50593,45.9922,-0.00246345300751472,45.9941943660742,-0.000469086933324531
1.51725,45.99388,-0.000783453007514368,45.9942133828828,-0.000450070124697489
1.52857,45.9943,-0.000363453007508951,45.9942239024713,-0.000439550536198432
1.53985,45.99324,-0.00142345300751145,45.9942202044785,-0.000443248529008822
1.55117,45.99543,0.000766546992487349,45.9941991166096,-0.000464336397963732
1.56247,45.99479,0.000126546992490262,45.994160350548,-0.000503102459544762
1.5738,45.99334,-0.00132345300750814,45.9941065634978,-0.000556889509695275
1.58508,45.99504,0.000376546992491456,45.9940430625934,-0.000620390414145403
1.59638,45.99432,-0.000343453007509709,45.9939771255462,-0.000686327461302158
1.60772,45.99477,0.000106546992491019,45.9939169930405,-0.000746459967021291
1.61901,45.99152,-0.00314345300751029,45.9938706747057,-0.000792778301807377
1.63032,45.99269,-0.0019734530075084,45.9938447949141,-0.000818658093378677
1.64162,45.99384,-0.000823453007512853,45.9938437458669,-0.00081970714063463
1.65294,45.99492,0.000256546992488893,45.9938693474078,-0.000794105599723499
1.66428,45.99485,0.00018654699248799,45.9939210414668,-0.000742411540720254
1.67559,45.99128,-0.00338345300750831,45.9939964824446,-0.000666970562933939
1.68693,45.99454,-0.000123453007510932,45.994092318602,-0.000571134405501063
1.69827,45.99711,0.0024465469924877,45.9942049655839,-0.000458487423604757
1.7096,45.99516,0.000496546992486913,45.9943311695102,-0.000332283497356264
1.7209,45.99465,-1.34530075115435e-05,45.9944681607372,-0.000195292270263329
1.73222,45.99269,-0.0019734530075084,45.9946133087206,-5.0144286919958e-05
1.74354,45.99503,0.000366546992488281,45.994763406107,9.9953099534629e-05
1.75486,45.99306,-0.00160345300751175,45.9949138967727,0.000250443765150601
1.76618,45.99584,0.00117654699248959,45.9950583923879,0.000394939380350345
1.77751,45.99412,-0.000543453007509243,45.9951887013944,0.000525248386863539
1.78881,45.99735,0.00268654699248572,45.9952954145325,0.000631961525012346
1.80012,45.9938,-0.000863453007511339,45.9953689390679,0.000705486060346144
1.81142,45.99633,0.0016665469924888,45.9954007957326,0.000737342725087679
1.82275,45.99448,-0.00018345300750866,45.9953849867862,0.000721533778649461
1.83406,45.99356,-0.00110345300750936,45.9953192661737,0.000655813166221542
1.84537,45.99752,0.00285654699248994,45.9952061368478,0.000542683840259632
1.85668,45.99814,0.00347654699248778,45.9950533435859,0.000389890578379837
1.86797,45.9959,0.00123654699248732,45.9948735767817,0.000210123774175422
1.8793,45.99334,-0.00132345300750814,45.9946831739496,1.9720942092368e-05
1.8906,45.99447,-0.000193453007511835,45.9944998648472,-0.000163588160346043
1.90194,45.9936,-0.00106345300751087,45.994339947148,-0.000323505859555273
1.91324,45.99284,-0.00182345300751052,45.9942155126768,-0.000447940330738483
1.92458,45.99065,-0.00401345300750933,45.9941323770649,-0.000531075942585906
1.9359,45.99492,0.000256546992488893,45.994089223802,-0.000574229205488643
1.94721,45.99416,-0.000503453007510757,45.9940782003778,-0.000585252629687073
1.95853,45.99303,-0.00163345300751416,45.9940868505196,-0.000576602487931603
1.96983,45.99699,0.00232654699248513,45.9941009355628,-0.000562517444686123
1.98114,45.9951,0.000436546992489184,45.9941074968523,-0.00055595615519781
1.99246,45.99546,0.000796546992489766,45.9940974823841,-0.000565970623430423
2.00376,45.99473,6.65469924854278e-05,45.9940673997215,-0.000596053285979032
2.01506,45.99357,-0.00109345300751329,45.9940197299493,-0.000643723058191525
2.02636,45.99258,-0.00208345300751489,45.993962160871,-0.000701292136459256
2.03769,45.99127,-0.00339345300751148,45.9939059562707,-0.000757496736835421
2.04903,45.99757,0.0029065469924916,45.9938638787909,-0.000799574216628796
2.06034,45.99438,-0.00028345300751198,45.9938480106654,-0.000815442342063561
2.07167,45.99441,-0.000253453007509563,45.9938676724602,-0.000795780547304415
2.08298,45.99124,-0.0034234530075139,45.9939275916784,-0.000735861329096794
2.09429,45.99231,-0.00235345300750822,45.9940265745666,-0.000636878440931924
2.10559,45.99362,-0.00104345300751163,45.9941570451846,-0.000506407822872132
2.11692,45.99234,-0.00232345300751291,45.9943057542402,-0.00035769876727983
2.12823,45.99606,0.00139654699248837,45.9944556940205,-0.000207758987024841
2.13955,45.99625,0.00158654699249183,45.9945889045984,-7.45484091549112e-05
2.15089,45.99606,0.00139654699248837,45.9946895754603,2.61224528033471e-05
2.16222,45.99519,0.00052654699248933,45.9947467485301,8.32955225489498e-05
2.17355,45.99527,0.000606546992486301,45.9947560458014,9.25927938512844e-05
2.18488,45.99655,0.00188654699248758,45.9947201098784,5.66568709181582e-05
2.19621,45.99413,-0.000533453007513174,45.9946477447848,-1.57082226618381e-05
2.2075,45.99259,-0.00207345300751172,45.9945520082788,-0.000111444728708132
2.21886,45.99432,-0.000343453007509709,45.9944477124559,-0.000215740551585868
2.2302,45.99358,-0.00108345300751012,45.9943488955929,-0.000314557414566006
2.24152,45.99312,-0.00154345300751402,45.9942667893237,-0.000396663683812333
2.25282,45.99245,-0.00221345300751352,45.9942086394986,-0.00045481350887443
2.26413,45.995,0.000336546992485864,45.9941775110689,-0.000485941938648427
2.27548,45.99586,0.00119654699248883,45.9941729607301,-0.000490492277381548
2.28681,45.99578,0.00111654699249186,45.9941922364494,-0.00047121655816362
2.29815,45.99368,-0.000983453007513901,45.9942315455636,-0.00043190744387741
2.30948,45.99443,-0.00023345300751032,45.9942869942515,-0.000376458755976793
2.32079,45.99577,0.00110654699248869,45.9943550009585,-0.000308452048989037
2.33213,45.99319,-0.00147345300751311,45.9944322033927,-0.000231249614780374
2.34346,45.99494,0.000276546992488136,45.9945150337673,-0.000148419240193342
2.35476,45.99243,-0.00223345300751276,45.9945992292299,-6.42237775699351e-05
2.36609,45.99289,-0.00177345300750886,45.9946795766464,1.61236388689601e-05
2.37741,45.99564,0.000976546992490057,45.994750128098,8.66750904520692e-05
2.38874,45.99632,0.00165654699248563,45.9948049440275,0.000141491019943936
2.40004,45.99436,-0.000303453007511223,45.9948391836263,0.000175730618773295
2.41139,45.99682,0.00215654699248802,45.9948501931988,0.000186740191323839
2.42272,45.99559,0.000926546992488397,45.9948382337801,0.000174780772634348
2.43406,45.99313,-0.00153345300751084,45.9948066234016,0.000143170394128732
2.44538,45.99453,-0.000133453007514106,45.994761265261,9.78122534840852e-05
2.45669,45.99656,0.00189654699249076,45.9947097029875,4.62499800235343e-05
2.46802,45.99401,-0.000653453007508631,45.9946599284267,-3.5245807803737e-06
2.47937,45.99417,-0.000493453007514688,45.9946191792666,-4.42737409635536e-05
2.49071,45.99114,-0.00352345300751011,45.9945929689295,-7.04840780385915e-05
2.50202,45.99382,-0.000843453007512096,45.9945845914268,-7.88615807173824e-05
2.51335,45.99777,0.00310654699249113,45.9945952491733,-6.82038341820138e-05
2.52466,45.99395,-0.000713453007513465,45.994624720398,-3.87326095377902e-05
2.53598,45.99627,0.00160654699249108,45.9946722308874,8.77787987964419e-06
2.54731,45.99751,0.00284654699248676,45.9947370972643,7.3644256793387e-05
2.55862,45.99336,-0.00130345300750889,45.9948188261869,0.000155373179408336
2.56992,45.99368,-0.000983453007513901,45.9949166135583,0.000253160550762429
2.58126,45.99357,-0.00109345300751329,45.9950284709187,0.000365017911216668
2.59258,45.99574,0.00107654699248627,45.9951503849219,0.000486931914358373
2.60391,45.99312,-0.00154345300751402,45.9952759027172,0.000612449709730894
2.61522,45.99666,0.00199654699248697,45.995396359836,0.000732906828449412
2.62652,45.99597,0.00130654699248822,45.9955017407017,0.000838287694236112
2.63786,45.99535,0.000686546992490378,45.9955819789278,0.000918525920309878
2.64918,45.99569,0.00102654699249172,45.9956284074239,0.000964954416350473
2.66052,45.99678,0.00211654699248953,45.9956350602729,0.000971607265380211
2.67183,45.9966,0.00193654699248924,45.9955995783713,0.000936125363775365
2.68315,45.99492,0.000256546992488893,45.9955235498734,0.000860096865921863
2.69448,45.99535,0.000686546992490378,45.9954122264449,0.000748773437397406
2.7058,45.99556,0.00089654699248598,45.9952736899104,0.00061023690287985
2.71714,45.99558,0.000916546992485223,45.9951176561318,0.000454203124288898
2.72848,45.99285,-0.00181345300751445,45.9949541605927,0.000290707585217935
2.7398,45.99392,-0.000743453007508776,45.9947923815912,0.000128928583658263
2.75112,45.99594,0.00127654699248581,45.9946398239414,-2.3629066155897e-05
2.76246,45.99454,-0.000123453007510932,45.9945019878562,-0.000161465151295518
2.77375,45.99307,-0.00159345300750857,45.9943825064619,-0.000280946545586397
2.7851,45.99414,-0.00052345300751,45.9942836244708,-0.000379828536728731
2.7964,45.99607,0.00140654699249154,45.9942068390141,-0.000456613993362328
2.80772,45.9953,0.000636546992488718,45.994153494059,-0.000509958948460999
2.81905,45.99427,-0.000393453007511368,45.9941251099172,-0.000538343090283002
2.83036,45.99376,-0.000903453007509825,45.9941233003004,-0.000540152707066638
2.84169,45.99233,-0.00233345300750898,45.9941492957913,-0.000514157216175959
2.85302,45.99333,-0.00133345300751131,45.9942032610619,-0.000460191945651937
2.86432,45.99593,0.00126654699248974,45.9942836455226,-0.000379807484887714
2.87564,45.99598,0.0013165469924914,45.9943867165527,-0.000276736454854175
2.88698,45.99447,-0.000193453007511835,45.9945062890268,-0.000157163980701184
2.89832,45.99259,-0.00207345300751172,45.9946336246782,-2.98283293080777e-05
2.90965,45.9937,-0.000963453007514659,45.9947575669348,9.41139272934069e-05
2.92098,45.9949,0.00023654699248965,45.9948650835804,0.000201630572841279
2.93231,45.99378,-0.000883453007510582,45.9949423664526,0.000278913445096218
2.94365,45.99695,0.00228654699248665,45.9949764676872,0.000313014679710074
2.95497,45.99343,-0.0012334530075151,45.9949572407222,0.000293787714671622
2.96632,45.99777,0.00310654699249113,45.9948792087339,0.000215755726374337
2.97767,45.99564,0.000976546992490057,45.9947429460566,7.94930491027193e-05
2.98902,45.99463,-3.34530075107864e-05,45.9945556312031,-0.000107821804391194
3.00035,45.99414,-0.00052345300751,45.9943306041628,-0.000332848844700804
3.01165,45.99399,-0.000673453007514979,45.9940859963358,-0.000577456671701846
3.02298,45.99208,-0.00258345300751017,45.9938427143133,-0.000820738694227317
3.03428,45.9939,-0.000763453007515125,45.9936221679373,-0.00104128507021751
3.0456,45.99143,-0.00323345300751043,45.9934441143264,-0.001219338681099
3.05692,45.99553,0.000866546992490669,45.9933248680437,-0.00133858496384354
3.06826,45.99589,0.00122654699249125,45.993275958492,-0.00138749451551599
3.07957,45.99134,-0.00332345300751058,45.9933031881355,-0.00136026487200259
3.09091,45.99133,-0.00333345300751375,45.9934060486274,-0.00125740438015061
3.10225,45.99378,-0.000883453007510582,45.9935775735197,-0.00108587948786014
3.11358,45.99416,-0.000503453007510757,45.9938047994364,-0.000858653571082202
3.12491,45.99265,-0.00201345300751399,45.9940699476582,-0.000593505349317069
3.13624,45.99495,0.00028654699249131,45.9943522659617,-0.000311187045863057
3.14755,45.99536,0.000696546992486446,45.994630306871,-3.31461365029338e-05
3.15886,45.99593,0.00126654699248974,45.994884318123,0.000220865115497194
3.17017,45.99379,-0.000873453007514513,45.9950983864368,0.000434933429282928
3.18149,45.99706,0.00239654699248604,45.9952620124206,0.000598559413119931
3.19282,45.9962,0.00153654699249017,45.9953708882399,0.000707435232356402
3.20413,45.9959,0.00123654699248732,45.9954267644343,0.000763311426822793
3.21543,45.99577,0.00110654699248869,45.995436423388,0.000772970380522974
3.22677,45.99472,5.65469924893591e-05,45.9954099424814,0.000746489473892162
3.23808,45.99242,-0.00224345300750883,45.9953586049822,0.000695151974680845
3.24941,45.99539,0.000726546992488863,45.9952929231681,0.000629470160603924
3.26072,45.99469,2.65469924869421e-05,45.9952212000606,0.000557747053061912
3.27205,45.99824,0.0035765469924911,45.9951488674716,0.000485414464108715
3.28337,45.99053,-0.00413345300751189,45.99507859563,0.000415142622473434
3.29472,45.99662,0.00195654699248848,45.9950110019667,0.000347548959215729
3.30602,45.99685,0.00218654699249043,45.9949457218538,0.000282268846240565
3.31734,45.99471,4.6546992486185e-05,45.994882571575,0.000219118567443793
3.32865,45.99543,0.000766546992487349,45.9948225120837,0.000159059076149361
3.33996,45.99391,-0.000753453007511951,45.9947681730033,0.000104719995774039
3.3513,45.99462,-4.34530075139605e-05,45.9947238294635,6.03764559396009e-05
3.3626,45.99719,0.00252654699249177,45.9946948545761,3.14015685850763e-05
3.37388,45.99539,0.000726546992488863,45.9946867412223,2.32882147903909e-05
3.38519,45.991,-0.00366345300751192,45.9947038441404,4.03911329162968e-05
3.39654,45.99534,0.000676546992487204,45.9947480955036,8.46424961370291e-05
3.4079,45.99334,-0.00132345300750814,45.9948180447896,0.000154591782113802
3.4192,45.99518,0.000516546992486155,45.9949085487954,0.000245095787901871
3.43052,45.99445,-0.000213453007511077,45.9950112628777,0.000347809870229613
3.44184,45.99554,0.000876546992486738,45.9951158574841,0.000452404476580597
3.45315,45.99505,0.000386546992487524,45.9952117039182,0.000548250910643638
3.4645,45.99844,0.00377654699249064,45.9952896697248,0.000626216717293442
3.47584,45.99416,-0.000503453007510757,45.995343640682,0.000680187674523273
3.48719,45.99589,0.00122654699249125,45.9953714579464,0.000708004938919375
3.49852,45.99461,-5.34530075100292e-05,45.9953751179219,0.000711664914409907
3.50986,45.99641,0.00174654699248578,45.9953602615539,0.000696808546423045
3.52115,45.9945,-0.000163453007509418,45.9953350979066,0.00067164489906296
3.53247,45.99679,0.0021265469924856,45.9953089495971,0.000645496589595174
3.54377,45.99413,-0.000533453007513174,45.9952906225295,0.000627169521963583
3.5551,45.99618,0.00151654699249093,45.9952868301261,0.000623377118606057
3.56642,45.99097,-0.00369345300751434,45.9953009410286,0.000637488021079577
3.57776,45.99493,0.000266546992484962,45.9953323254876,0.000668872480038985
3.5891,45.99855,0.00388654699249003,45.995376481456,0.000713028448530578
3.60043,45.99545,0.000786546992486592,45.9954259061396,0.000762453132110216
3.61176,45.99532,0.000656546992487961,45.9954714488792,0.000807995871723584
3.62309,45.99572,0.00105654699248703,45.9955037972509,0.000840344243411644
3.63442,45.99378,-0.000883453007510582,45.9955148381564,0.000851385148915572
3.64575,45.99713,0.00246654699248694,45.9954987678121,0.000835314804545928
3.65708,45.99662,0.00195654699248848,45.995452879518,0.000789426510463067
3.66842,45.99526,0.000596546992490232,45.9953779471141,0.000714494106568628
3.67975,45.99449,-0.000173453007512592,45.9952781353746,0.000614682367131658
3.69107,45.99418,-0.000483453007511514,45.9951604532234,0.000497000215926905
3.70241,45.99662,0.00195654699248848,45.9950338662279,0.000370413220404749
3.71375,45.9955,0.000836546992488252,45.9949082188353,0.000244765827764898
3.72507,45.99405,-0.000613453007510145,45.9947930900105,0.000129637003025517
3.73638,45.99372,-0.00094345300750831,45.9946966986189,3.32456114293454e-05
3.74772,45.99335,-0.00131345300751207,45.9946250163139,-3.84366936289778e-05
3.75905,45.9951,0.000436546992489184,45.9945812652622,-8.21877453501753e-05
3.77039,45.99516,0.000496546992486913,45.9945659021551,-9.7550852390801e-05
3.78171,45.99353,-0.00113345300751178,45.9945770410822,-8.64119253087436e-05
3.79304,45.99754,0.00287654699248918,45.9946111373804,-5.23156270851487e-05
3.80435,45.99263,-0.00203345300751323,45.9946637077281,2.54720618874435e-07
3.81568,45.99603,0.00136654699248595,45.9947299001445,6.64471369506424e-05
3.82699,45.99587,0.0012065469924849,45.9948048179151,0.000141364907576303
3.83833,45.99374,-0.000923453007509067,45.9948836071948,0.000220154187270683
3.84964,45.9923,-0.0023634530075114,45.994961415647,0.000297962639512255
3.86095,45.99657,0.00190654699248682,45.9950333948466,0.000369941839119416
3.87227,45.99477,0.000106546992491019,45.9950949039554,0.000431450947924435
3.8836,45.99658,0.00191654699249,45.9951419568179,0.000478503810416551
3.89491,45.99207,-0.00259345300751335,45.9951718146706,0.000508361663119637
3.90623,45.99781,0.00314654699248962,45.9951835562443,0.000520103236743156
3.91756,45.99604,0.00137654699248912,45.9951784529051,0.000514999897574927
3.9289,45.99595,0.00128654699248898,45.9951599881597,0.000496535152199897
3.94023,45.99474,7.6546992488602e-05,45.9951334061778,0.000469953170295963
3.95156,45.99366,-0.00100345300751314,45.9951048010632,0.000441348055714753
3.9629,45.99589,0.00122654699249125,45.9950799288015,0.000416475793972697
3.97421,45.99459,-7.34530075092721e-05,45.995063031137,0.000399578129520154
3.98556,45.99293,-0.00173345300751038,45.9950559546713,0.000392501663743941
3.99687,45.99583,0.00116654699248642,45.9950577649775,0.000394311969952706
4.00822,45.99644,0.00177654699248819,45.9950649379747,0.000401484967174779
4.01952,45.99306,-0.00160345300751175,45.9950720794491,0.000408626441550898
4.03084,45.99615,0.00148654699248851,45.9950730156071,0.000409562599630551
4.04215,45.99559,0.000926546992488397,45.9950620496444,0.000398596636855561
4.05347,45.9946,-6.34530075132034e-05,45.9950351773982,0.000371724390697876
4.06479,45.99535,0.000686546992490378,45.9949910687001,0.000327615692550864
4.07613,45.99538,0.000716546992485689,45.9949316497011,0.000268196693561413
4.08744,45.99405,-0.000613453007510145,45.9948621668755,0.000198713868021026
4.09878,45.99725,0.0025865469924895,45.9947906610368,0.000127208029323838
4.11012,45.99633,0.0016665469924888,45.9947268302395,6.33772319639447e-05
4.12141,45.99367,-0.00099345300750997,45.9946803485176,1.68955101094603e-05
4.13272,45.99313,-0.00153345300751084,45.9946588711603,-4.5818472302763e-06
4.14403,45.99034,-0.00432345300750825,45.9946661631818,2.7101743193653e-06
4.15536,45.99568,0.00101654699248854,45.9947008959631,3.74429556241177e-05
4.16671,45.99422,-0.000443453007513028,45.9947565272472,9.30742397029606e-05
4.17804,45.9977,0.00303654699249023,45.9948223307513,0.000158877743820385
4.18936,45.99554,0.000876546992486738,45.9948852686109,0.000221815603362595
4.20068,45.99268,-0.00198345300751157,45.9949322127776,0.000268759770078143
4.21201,45.99625,0.00158654699249183,45.994952071895,0.000288618887452921
4.22332,45.99465,-1.34530075115435e-05,45.9949375417312,0.000274088723705991
4.23464,45.99643,0.00176654699248502,45.9948863130662,0.000222860058703168
4.24599,45.99416,-0.000503453007510757,45.9948016069257,0.000138153918162079
4.25733,45.99517,0.000506546992490087,45.994691937978,2.84849704803285e-05
4.26866,45.99585,0.00118654699248566,45.9945700854936,-9.33675139161656e-05
4.28001,45.99514,0.00047654699248767,45.994451360893,-0.000212092114515928
4.29134,45.9925,-0.00216345300751186,45.9943513799871,-0.000312073020454016
4.30264,45.99397,-0.000693453007514222,45.9942836755969,-0.000379777410636235
4.314,45.99289,-0.00177345300750886,45.9942575892356,-0.000405863771959747
4.32532,45.99252,-0.00214345300751262,45.9942768855219,-0.000386567485633572
4.33665,45.99377,-0.000893453007513756,45.9943393977876,-0.000324055219955967
4.34798,45.99599,0.00132654699248747,45.9944377656324,-0.000225687375088242
4.35933,45.99522,0.000556546992491747,45.994561038641,-0.000102414366532953
4.37066,45.99657,0.00190654699248682,45.9946966955761,3.32425685415308e-05
4.38199,45.99461,-5.34530075100292e-05,45.994832561303,0.00016910829550828
4.39333,45.99452,-0.000143453007510175,45.994958217894,0.000294764886505034
4.40463,45.99767,0.00300654699248781,45.995065726521,0.000402273513537066
4.41596,45.99256,-0.00210345300751413,45.9951496960631,0.000486243055552111
4.4273,45.99433,-0.00033345300751364,45.9952068959575,0.000543442949981517
4.4386,45.99429,-0.000373453007512126,45.9952357007905,0.000572247782975279
4.4499,45.99728,0.00261654699249192,45.9952356453729,0.000572192365393166
4.46122,45.99454,-0.000123453007510932,45.9952072503757,0.000543797368213429
4.47256,45.99306,-0.00160345300751175,45.9951521236692,0.00048867066170863
4.48388,45.99652,0.00185654699248516,45.9950732465801,0.000409793572584611
4.49524,45.99467,6.5469924876993e-06,45.9949753132226,0.000311860215135819
4.50657,45.99799,0.00332654699248991,45.9948649421894,0.00020148918188895
4.51791,45.9953,0.000636546992488718,45.9947505390512,8.70860436600614e-05
4.52921,45.99347,-0.0011934530075095,45.9946416482375,-2.18047699945041e-05
4.54052,45.99329,-0.0013734530075098,45.9945478288239,-0.000115624183588471
4.55187,45.99319,-0.00147345300751311,45.9944773220648,-0.000186130942679279
4.56322,45.99516,0.000496546992486913,45.9944358932972,-0.000227559710311295
4.57453,45.99383,-0.000833453007508922,45.9944261579603,-0.000237295047258859
4.58586,45.99363,-0.00103345300750846,45.9944475127496,-0.000215940257959259
4.59719,45.99581,0.00114654699248717,45.9944966083644,-0.000166844643066782
4.60852,45.99539,0.000726546992488863,45.9945681784591,-9.52745483752048e-05
4.61982,45.99538,0.000716546992485689,45.9946559840335,-7.46897406068072e-06
4.63114,45.99246,-0.00220345300751035,45.9947536525521,9.01995445556946e-05
4.64246,45.99664,0.00197654699248773,45.9948552834676,0.000191830460111618
4.65378,45.99472,5.65469924893591e-05,45.994955796138,0.000292343130452572
4.66511,45.9948,0.000136546992486331,45.9950510466061,0.000387593598553619
4.67643,45.99583,0.00116654699248642,45.9951377449161,0.000474291908603274
4.68777,45.99638,0.00171654699249046,45.99521321691,0.000549763902479108
4.69909,45.99207,-0.00259345300751335,45.9952750956016,0.000611642594137955
4.71039,45.99538,0.000716546992485689,45.9953210795722,0.000657626564684778
4.72169,45.99533,0.000666546992491135,45.9953489133021,0.00068546029453836
4.73301,45.99612,0.0014565469924861,45.9953566738099,0.000693220802403344
4.74433,45.99622,0.00155654699248942,45.9953433021311,0.000679849123546663
4.75564,45.99488,0.000216546992490407,45.9953091961929,0.000645743185359571
4.76698,45.99447,-0.000193453007511835,45.9952566654565,0.000593212448994234
4.77834,45.99623,0.00156654699248548,45.9951901154367,0.000526662429187122
4.78968,45.99691,0.00224654699248816,45.9951159018513,0.000452448843781894
4.80099,45.9933,-0.00136345300751373,45.9950418361031,0.000378383095541075
4.81232,45.99564,0.000976546992490057,45.9949763753772,0.000312922369714545
4.82364,45.99483,0.000166546992488747,45.9949276204948,0.000264167487290922
4.83496,45.99287,-0.00179345300750811,45.9949023301631,0.000238877155598818
4.8463,45.99431,-0.000353453007512883,45.9949051806976,0.000241727690099561
4.85761,45.99553,0.000866546992490669,45.9949384342119,0.000274981204402617
4.86894,45.99556,0.00089654699248598,45.9950020367299,0.000338583722414451
4.88025,45.99643,0.00176654699248502,45.9950939996166,0.000430546609074729
4.89157,45.9966,0.00193654699248924,45.9952108141759,0.000547361168347396
4.90288,45.99418,-0.000483453007511514,45.9953476819992,0.000684228991728011
4.9142,45.99514,0.00047654699248767,45.9954985016848,0.000835048677299001
4.92552,45.99394,-0.000723453007509534,45.9956557457663,0.00099229275877926
4.93686,45.99661,0.00194654699248531,45.9958104758943,0.00114702288681826
4.94821,45.99482,0.000156546992485573,45.9959527174533,0.00128926444576194
4.95954,45.99538,0.000716546992485689,45.9960722781576,0.00140882515012731
4.97088,45.99701,0.00234654699249148,45.9961599273366,0.0014964743291312
4.9822,45.99821,0.00354654699248869,45.9962087067835,0.00154525377603972
4.99354,45.99699,0.00232654699248513,45.9962150504746,0.00155159746712321
5.00487,45.99608,0.00141654699248761,45.9961793972519,0.00151594424442725
5.0162,45.99528,0.000616546992489475,45.9961061194772,0.00144266646972453
5.02753,45.99624,0.00157654699248866,45.99600280512,0.00133935211248063
5.03886,45.99646,0.00179654699248744,45.9958791042913,0.00121565128379993
5.05018,45.99366,-0.00100345300751314,45.9957454191456,0.00108196613805352
5.0615,45.99519,0.00052654699248933,45.9956117023926,0.000948249385043628
5.07279,45.99677,0.00210654699248636,45.9954865720531,0.000823119045624065
5.08413,45.99518,0.000516546992486155,45.9953768532599,0.000713400252418812
5.09545,45.99356,-0.00110345300750936,45.9952875425616,0.000624089554121212
5.10678,45.99599,0.00132654699248747,45.9952221066786,0.000558653671103214
5.11811,45.99497,0.000306546992490553,45.995182982681,0.0005195296734916
5.12945,45.99755,0.00288654699248525,45.9951720975686,0.000508644561106315
5.14078,45.99561,0.00094654699248764,45.9951911755682,0.000527722560638274
5.15211,45.9959,0.00123654699248732,45.9952416235466,0.000578170539090171
5.16342,45.99441,-0.000253453007509563,45.9953239269678,0.000660473960293656
5.17474,45.994,-0.000663453007511805,45.9954367042232,0.000773251215674023
5.18607,45.99435,-0.000313453007514397,45.995575743213,0.000912290205494032
5.1974,45.99705,0.00238654699248997,45.9957333830057,0.00106992999814568
5.20875,45.99477,0.000106546992491019,45.9958984908824,0.00123503787484174
5.22009,45.99663,0.00196654699249166,45.99605709984,0.00139364683248305
5.23143,45.99471,4.6546992486185e-05,45.9961936160694,0.00153016306187383
5.24273,45.99781,0.00314654699248962,45.9962924166686,0.00162896366103895
5.25407,45.99715,0.00248654699248618,45.9963396043174,0.00167615130984172
5.26538,45.99646,0.00179654699248744,45.9963246509349,0.00166119792742233
5.27672,45.99805,0.00338654699248764,45.9962416805601,0.00157822755260862
5.28806,45.99197,-0.00269345300750956,45.9960902421356,0.00142678912804452
5.29938,45.99695,0.00228654699248665,45.9958755663141,0.00121211330661287
5.31073,45.99656,0.00189654699249076,45.9956083903638,0.00094493735624373
5.32204,45.99594,0.00127654699248581,45.9953044077725,0.000640954764973237
5.33336,45.99513,0.000466546992491601,45.9949833071929,0.00031985418539455
5.34469,45.99431,-0.000353453007512883,45.9946673310439,3.87803638431389e-06
5.35602,45.99628,0.00161654699248714,45.9943793555672,-0.000284097440354248
5.36735,45.99391,-0.000753453007511951,45.9941406154379,-0.000522837569563509
5.37869,45.99154,-0.00312345300751105,45.9939683129382,-0.000695140069347838
5.39002,45.99334,-0.00132345300750814,45.9938734507144,-0.000790002293120485
5.4013,45.99506,0.000396546992490698,45.9938592704166,-0.000804182590920691
5.41263,45.99229,-0.00237345300751457,45.9939206123477,-0.000742840659844416
5.42395,45.99376,-0.000903453007509825,45.9940443545471,-0.000619098460358585
5.43528,45.9927,-0.00196345300751233,45.9942109273229,-0.000452525684659734
5.4466,45.99396,-0.000703453007510291,45.9943967606534,-0.000266692354121094
5.45793,45.99699,0.00232654699248513,45.9945773664639,-8.60865436258566e-05
5.46922,45.99727,0.00260654699248875,45.994730581949,6.71289415167411e-05
5.48055,45.99461,-5.34530075100292e-05,45.9948393951562,0.000175942148718529
5.49186,45.99393,-0.000733453007512708,45.9948938495635,0.000230396555970736
5.50319,45.99603,0.00136654699248595,45.9948917754162,0.000228322408720386
5.51452,45.99613,0.00146654699248927,45.9948383812795,0.000174928271971719
5.52584,45.99074,-0.00392345300750918,45.9947449301293,8.14771217534853e-05
5.53719,45.99614,0.00147654699248534,45.9946268115421,-3.66414654567282e-05
5.54853,45.99668,0.00201654699248621,45.9945013397332,-0.000162113274352224
5.55985,45.99175,-0.00291345300750834,45.9943855638795,-0.000277889128027577
5.57117,45.99432,-0.000343453007509709,45.9942943115949,-0.000369141412616908
5.58248,45.99186,-0.00280345300750895,45.9942386555098,-0.000424797497713803
5.59381,45.99728,0.00261654699249192,45.9942249639117,-0.000438489095855615
5.60513,45.99452,-0.000143453007510175,45.9942545956042,-0.000408857403324767
5.61646,45.99351,-0.00115345300751102,45.9943241633278,-0.000339289679759232
5.62776,45.99345,-0.00121345300750875,45.9944262361118,-0.000237216895703416
5.63904,45.99392,-0.000743453007508776,45.9945504018005,-0.000113051207038357
5.65036,45.99493,0.000266546992484962,45.9946846583472,2.12053396954131e-05
5.66166,45.99483,0.000166546992488747,45.994817051771,0.000153598763439393
5.67299,45.99579,0.00112654699248793,45.9949373551377,0.000273902130160786
5.68433,45.99763,0.00296654699248933,45.9950384803881,0.000375027380634793
5.69562,45.99498,0.000316546992486622,45.9951173076393,0.000453854631829621
5.70696,45.99391,-0.000753453007511951,45.9951747339387,0.000511280931170152
5.7183,45.99551,0.000846546992491426,45.9952149561698,0.000551503162317434
5.72964,45.99444,-0.000223453007514252,45.9952442117593,0.000580758751822927
5.74096,45.99625,0.00158654699249183,45.9952693020724,0.00060584906487251
5.75229,45.99368,-0.000983453007513901,45.995296205074,0.000632752066484574
5.7636,45.99345,-0.00121345300750875,45.9953290122882,0.000665559280662896
5.77493,45.99818,0.00351654699248627,45.9953693409261,0.000705887918610007
5.78626,45.99483,0.000166546992488747,45.9954162621156,0.000752809108107318
5.79759,45.99484,0.000176546992491922,45.995466663113,0.000803210105515872
5.80892,45.99661,0.00194654699248531,45.9955158911178,0.000852438110293527
5.82028,45.99426,-0.000403453007514543,45.9955585377735,0.000895084766022576
5.8316,45.99562,0.000956546992490814,45.9955892642592,0.000925811251721436
5.84293,45.99689,0.00222654699248892,45.9956035798954,0.000940126887910127
5.85426,45.99633,0.0016665469924888,45.9955984704679,0.000935017460413675
5.8656,45.99543,0.000766546992487349,45.9955727662878,0.000909313280247487
5.87694,45.99429,-0.000373453007512126,45.9955271892474,0.000863736239901486
5.88829,45.99577,0.00110654699248869,45.9954641184838,0.000800665476258529
5.89963,45.99485,0.00018654699248799,45.9953871960337,0.000723743026152465
5.91095,45.99478,0.000116546992487088,45.9953008943126,0.000637441305117227
5.92228,45.99809,0.00342654699248612,45.9952100977171,0.000546644709542415
5.93362,45.99574,0.00107654699248627,45.9951196780891,0.000456225081607952
5.94494,45.99196,-0.00270345300751273,45.9950340413881,0.000370588380558777
5.95629,45.99292,-0.00174345300751355,45.994956715622,0.000293262614491263
5.96764,45.99699,0.00232654699248513,45.9948901528153,0.000226699807803708
5.97898,45.99397,-0.000693453007514222,45.9948358878511,0.000172434843549884
5.9903,45.99608,0.00141654699248761,45.9947950144454,0.00013156143787742
6.00162,45.99599,0.00132654699248747,45.9947687508883,0.000105297880764071
6.01295,45.99461,-5.34530075100292e-05,45.9947588149973,9.53619898128963e-05
6.02427,45.9946,-6.34530075132034e-05,45.9947674168902,0.000103963882671039
6.0356,45.99579,0.00112654699248793,45.9947968379698,0.000133384962250128
6.04693,45.99265,-0.00201345300751399,45.994848719807,0.00018526679951779
6.05826,45.99613,0.00146654699248927,45.9949232872442,0.000259834236704166
6.06958,45.99165,-0.00301345300751166,45.9950187564151,0.000355303407635333
6.08092,45.99692,0.00225654699249134,45.9951311259856,0.000467672978102794
6.09226,45.99572,0.00105654699248703,45.9952544230664,0.000590970058881928
6.1036,45.99582,0.00115654699249035,45.9953813132858,0.000717860278255958
6.11491,45.99535,0.000686546992490378,45.9955038681092,0.000840415101652975
6.12624,45.99683,0.00216654699249119,45.9956142737764,0.000950820768857247
6.13758,45.99516,0.000496546992486913,45.9957053493813,0.00104189637376055
6.14888,45.99506,0.000396546992490698,45.9957708536264,0.00110740061890347
6.16019,45.99641,0.00174654699248578,45.995805654161,0.00114220115346072
6.17149,45.99434,-0.000323453007510466,45.9958058855165,0.00114243250901553
6.18282,45.99601,0.00134654699248671,45.9957692163574,0.00110576334991089
6.19413,45.99423,-0.000433453007509854,45.995695287388,0.00103183438047542
6.20544,45.99574,0.00107654699248627,45.9955862817884,0.000922828780846508
6.21677,45.99902,0.00435654699249,45.9954474635993,0.000784010591815718
6.22812,45.99599,0.00132654699248747,45.9952874057709,0.000623952763394994
6.23946,45.99652,0.00185654699248516,45.9951176181709,0.000454165163427088
6.25079,45.99157,-0.00309345300750863,45.9949514535103,0.000288000502803702
6.26211,45.99313,-0.00153345300751084,45.9948024649625,0.000139011954985892
6.27343,45.99652,0.00185654699248516,45.9946826258808,1.9172873281619e-05
6.28477,45.99467,6.5469924876993e-06,45.9946008395507,-6.26134567878598e-05
6.29609,45.99281,-0.00185345300751294,45.9945619978458,-0.000101455161734861
6.30742,45.99374,-0.000923453007509067,45.994566662233,-9.67907744742041e-05
6.31874,45.99551,0.000846546992491426,45.9946113316332,-5.2121374283652e-05
6.33007,45.9964,0.00173654699248971,45.9946891765352,2.57235277308861e-05
6.34137,45.99597,0.00130654699248822,45.9947910190423,0.000127566034739848
6.3527,45.99474,7.6546992488602e-05,45.9949063015262,0.000242848518740342
6.36402,45.99285,-0.00181345300751445,45.9950238917164,0.000360438708912735
6.3753,45.99361,-0.0010534530075148,45.9951327656973,0.000469312689819343
6.38661,45.9967,0.00203654699248546,45.9952227363955,0.000559283387997086
6.39794,45.9935,-0.00116345300751419,45.9952853446955,0.000621891687967217
6.40928,45.99839,0.00372654699248898,45.995314843778,0.000651390770445542
6.42058,45.99633,0.0016665469924888,45.9953090268196,0.000645573812079544
6.43191,45.99662,0.00195654699248848,45.9952695960468,0.000606143039273388
6.44323,45.99257,-0.00209345300751096,45.995201888717,0.000538435709527938
6.45457,45.99399,-0.000673453007514979,45.9951140130207,0.000450560013231733
6.46592,45.99573,0.0010665469924902,45.9950156650425,0.000352212034980768
6.47721,45.99352,-0.00114345300751495,45.9949169536194,0.000253500611902441
6.48856,45.9968,0.00213654699248877,45.9948274392319,0.000163986224358299
6.49988,45.99612,0.0014565469924861,45.9947554175829,9.19645753413967e-05
6.5112,45.99247,-0.00219345300751428,45.9947073801438,4.39271362611828e-05
6.52252,45.99362,-0.00104345300751163,45.9946876068412,2.41538337328263e-05
6.53382,45.99519,0.00052654699248933,45.9946979276827,3.44746751928461e-05
6.54512,45.99501,0.000346546992489039,45.9947377127272,7.42597196976506e-05
6.55646,45.99718,0.0025165469924886,45.9948040649451,0.000140611937571548
6.56776,45.99529,0.000626546992485544,45.9948920880253,0.000228635017802138
6.57909,45.99246,-0.00220345300751035,45.9949951092738,0.000331656266328451
6.59042,45.99483,0.000166546992488747,45.9951048744242,0.000441421416665763
6.60172,45.99443,-0.00023345300751032,45.9952118778556,0.000548424848061693
6.61304,45.99493,0.000266546992484962,45.9953060083872,0.000642555379701721
6.62434,45.99611,0.00144654699249003,45.9953775522486,0.000714099241132766
6.63565,45.99715,0.00248654699248618,45.9954183988956,0.000754945888043347
6.64696,45.99692,0.00225654699249134,45.9954231620618,0.000759709054259666
6.6583,45.99336,-0.00130345300750889,45.9953899303826,0.000726477375118667
6.66963,45.99485,0.00018654699248799,45.9953205007363,0.000657047728754653
6.68096,45.99525,0.000586546992487058,45.9952201333508,0.000556680343336485
6.6923,45.99597,0.00130654699248822,45.9950969700785,0.000433517070948694
6.70362,45.99538,0.000716546992485689,45.9949612324977,0.000297779490143194
6.71496,45.99484,0.000176546992491922,45.9948242495829,0.000160796575374256
6.72629,45.99448,-0.00018345300750866,45.9946973571012,3.39040936993744e-05
6.73763,45.99338,-0.00128345300750965,45.9945907724993,-7.26805081977175e-05
6.74895,45.99461,-5.34530075100292e-05,45.9945126135634,-0.000150839444070415
6.76028,45.99448,-0.00018345300750866,45.9944682329804,-0.000195220027067101
6.77161,45.99294,-0.00172345300751431,45.9944599723878,-0.000203480619677597
6.78293,45.99705,0.00238654699248997,45.9944873334536,-0.000176119553938854
6.79427,45.99316,-0.00150345300750843,45.994547464943,-0.00011598806450187
6.80558,45.99579,0.00112654699248793,45.9946358066086,-2.76463988903816e-05
6.81691,45.99472,5.65469924893591e-05,45.9947467317883,8.32787807411499e-05
6.82824,45.99412,-0.000543453007509243,45.9948740833778,0.000210630370243294
6.83956,45.99559,0.000926546992488397,45.9950115667766,0.000348113769107689
6.85088,45.99517,0.000506546992490087,45.9951530127834,0.000489559775877263
6.86222,45.99509,0.00042654699248601,45.9952925419576,0.000629088950129275
6.87355,45.99523,0.000566546992487815,45.9954246625729,0.000761209565408263
6.88488,45.99559,0.000926546992488397,45.9955443333222,0.000880880314680321
6.89622,45.99667,0.00200654699249014,45.9956470197329,0.000983566725379992
6.90752,45.99428,-0.000383453007508194,45.995728766651,0.00106531364348224
6.91885,45.9961,0.00143654699248685,45.995786308386,0.00112285537849774
6.9302,45.99603,0.00136654699248595,45.9958172455952,0.00115379258764403
6.9415,45.99382,-0.000843453007512096,45.9958203118768,0.00115685886932583
6.95282,45.99859,0.00392654699248851,45.9957957151922,0.00113226218470906
6.96415,45.99468,1.65469924908734e-05,45.9957454805519,0.00108202754441915
6.97545,45.99552,0.000856546992487495,45.9956736736801,0.00101022067257585
6.9868,45.99726,0.00259654699248557,45.9955863822766,0.000922929269059336
6.99812,45.99504,0.000376546992491456,45.9954913751732,0.000827922165659273
7.00946,45.99665,0.0019865469924909,45.9953974301013,0.000733977093766878
7.02081,45.99229,-0.00237345300751457,45.9953134092102,0.000649956202665361
7.03214,45.99498,0.000316546992486622,45.9952472546438,0.000583801636296746
7.0435,45.9965,0.00183654699248592,45.9952051170361,0.00054166402859277
7.0548,45.99591,0.00124654699249049,45.9951907649415,0.000527311933987865
7.06612,45.99393,-0.000733453007512708,45.9952052961396,0.000541843132092584
7.07746,45.99648,0.00181654699248668,45.9952470931617,0.000583640154205469
7.08876,45.99429,-0.000373453007512126,45.9953119808392,0.000648527831697679
7.10009,45.99457,-9.34530075085149e-05,45.9953935950522,0.000730142044688365
7.11139,45.99523,0.000566546992487815,45.9954839891712,0.000820536163718106
7.12273,45.99725,0.0025865469924895,45.9955744654664,0.000911012458874246
7.13404,45.99519,0.00052654699248933,45.9956565398921,0.000993086884584436
7.14536,45.99667,0.00200654699249014,45.9957228824972,0.00105942948964915
7.15668,45.99513,0.000466546992491601,45.9957680798793,0.00110462687175221
7.16802,45.99543,0.000766546992487349,45.9957891411492,0.0011256881417359
7.17934,45.99387,-0.000793453007510436,45.9957857536778,0.00112230067026445
7.19069,45.99835,0.00368654699249049,45.9957603232717,0.0010968702641528
7.20202,45.99722,0.00255654699248709,45.9957177858835,0.00105433287603838
7.21332,45.99467,6.5469924876993e-06,45.9956651115565,0.00100165854898485
7.22463,45.99583,0.00116654699248642,45.9956104371688,0.000946984161284052
7.23598,45.99422,-0.000443453007513028,45.995561893088,0.000898440080462418
7.24732,45.99483,0.000166546992488747,45.9955263345588,0.000862881551314576
7.25862,45.99808,0.00341654699249005,45.9955082361302,0.000844783122739429
7.26998,45.99358,-0.00108345300751012,45.9955089461751,0.000845493167537575
7.28131,45.99362,-0.00104345300751163,45.9955264111193,0.000862958111786638
7.29262,45.99582,0.00115654699249035,45.9955554247151,0.000891971707582588
7.30395,45.99698,0.00231654699248907,45.9955883984446,0.000924945437053988
7.31528,45.99592,0.00125654699248656,45.9956165289021,0.000953075894635789
7.32658,45.99672,0.0020565469924918,45.9956311065686,0.000967653561076482
7.33792,45.99535,0.000686546992490378,45.9956246800271,0.000961227019582324
7.34926,45.99549,0.000826546992485078,45.9955918903075,0.000928437300026267
7.36056,45.99438,-0.00028345300751198,45.9955299453721,0.000866492364569455
7.3719,45.99643,0.00176654699248502,45.9954388217,0.00077536869253581
7.38325,45.99319,-0.00147345300751311,45.9953213125344,0.000657859526875733
7.39458,45.99557,0.000906546992489154,45.9951829965301,0.000519543522594978
7.4059,45.99555,0.000886546992489912,45.9950321062428,0.00036865323527395
7.41722,45.99875,0.00408654699248956,45.9948791660914,0.000215713083925586
7.42854,45.99509,0.00042654699248601,45.9947362037763,7.27507687465448e-05
7.43985,45.99338,-0.00128345300750965,45.994615411064,-4.80419434810656e-05
7.45118,45.99269,-0.0019734530075084,45.9945273726645,-0.000136080343031395
7.4625,45.99296,-0.00170345300751507,45.9944792730333,-0.000184179974183465
7.4738,45.99254,-0.00212345300751338,45.9944736259097,-0.000189827097836397
7.48511,45.9959,0.00123654699248732,45.9945079463782,-0.000155506629277868
7.49643,45.99561,0.00094654699248764,45.99457547237,-8.79806375570651e-05
7.50777,45.99262,-0.0020434530075093,45.994666711149,3.25814146893095e-06
7.51909,45.99748,0.00281654699249145,45.994771378654,0.000107925646529916
7.53042,45.99657,0.00190654699248682,45.9948802495289,0.000216796521421102
7.54173,45.99503,0.000366546992488281,45.9949864986211,0.000323045613609662
7.55307,45.99556,0.00089654699248598,45.9950862653617,0.000422812354227758
7.56438,45.99255,-0.0021134530075102,45.9951784044149,0.000514951407357767
7.5757,45.9965,0.00183654699248592,45.9952636268692,0.000600173861682896
7.587,45.99421,-0.000453453007509097,45.9953433685501,0.000679915542602974
7.59834,45.99677,0.00210654699248636,45.9954187024326,0.000755249425118951
7.60965,45.99561,0.00094654699248764,45.9954895110494,0.000826058041937578
7.62099,45.99194,-0.00272345300751198,45.9955540535229,0.00089060051542688
7.63234,45.99582,0.00115654699249035,45.9956090292703,0.000945576262772009
7.64366,45.99689,0.00222654699248892,45.9956501892913,0.000986736283747367
7.655,45.99541,0.000746546992488106,45.995673405558,0.0010099525504929
7.66632,45.9963,0.00163654699248639,45.995675920075,0.00101246706746811
7.67764,45.99885,0.00418654699248577,45.9956573800204,0.000993927012868925
7.68897,45.99508,0.000416546992489941,45.9956202956759,0.000956842668407997
7.7003,45.99572,0.00105654699248703,45.9955697215168,0.000906268509267376
7.71164,45.99417,-0.000493453007514688,45.9955122094521,0.000848756444628691
7.72297,45.99491,0.000246546992485719,45.9954543302948,0.000790877287333974
7.7343,45.99477,0.000106546992491019,45.9954011957687,0.00073774276123687
7.74563,45.99403,-0.000633453007509388,45.9953553886437,0.000691935636185159
7.75698,45.99534,0.000676546992487204,45.995316561522,0.000653108514444852
7.76832,45.99593,0.00126654699248974,45.9952817641196,0.000618311112130367
7.77965,45.99581,0.00114654699248717,45.9952463608653,0.000582907857764685
7.79099,45.99643,0.00176654699248502,45.9952052585188,0.000541805511300678
7.80233,45.9938,-0.000863453007511339,45.9951541244134,0.000490671405892642
7.81364,45.99646,0.00179654699248744,45.995090342566,0.00042688955852324
7.82497,45.99479,0.000126546992490262,45.9950135725464,0.000350119538874938
7.83631,45.99474,7.6546992488602e-05,45.9949258806912,0.0002624276836474
7.84764,45.99485,0.00018654699248799,45.9948314836287,0.000168030621211224
7.85897,45.9945,-0.000163453007509418,45.9947361900874,7.27370799005252e-05
7.8703,45.99427,-0.000393453007511368,45.9946466505153,-1.68024921966463e-05
7.88164,45.99577,0.00110654699248869,45.994569519427,-9.39335804641896e-05
7.89297,45.99365,-0.00101345300750921,45.9945106124346,-0.000152840572918587
7.90429,45.99454,-0.000123453007510932,45.9944741229012,-0.000189330106351913
7.91562,45.99549,0.000826546992485078,45.9944619674623,-0.000201485545219504
7.92695,45.99271,-0.00195345300750915,45.994473347762,-0.000190105245500898
7.93826,45.99374,-0.000923453007509067,45.9945046291842,-0.000158823823310237
7.94958,45.99583,0.00116654699248642,45.9945496264768,-0.000113826530709792
7.96091,45.9925,-0.00216345300751186,45.9946003296161,-6.31233914174002e-05
7.97223,45.99693,0.00226654699248741,45.9946480026,-1.54504074947075e-05
7.98357,45.9935,-0.00116345300751419,45.9946844842614,2.10312538741055e-05
7.99492,45.99525,0.000586546992487058,45.994703457355,4.00043474914244e-05
8.00626,45.99704,0.00237654699248679,45.9947014428199,3.79898123830543e-05
8.01757,45.99466,-3.45300750836941e-06,45.9946783177898,1.48647823387839e-05
8.02892,45.99341,-0.00125345300751434,45.9946372555523,-2.61974551803199e-05
8.04025,45.99352,-0.00114345300751495,45.9945841400364,-7.93129711235889e-05
8.05159,45.99472,5.65469924893591e-05,45.9945266548614,-0.000136798146146433
8.06292,45.99484,0.000176546992491922,45.9944732924293,-0.000190160578203001
8.07423,45.99397,-0.000693453007514222,45.9944324513086,-0.00023100169892219
8.08558,45.99535,0.000686546992490378,45.9944116730003,-0.000251780007224423
8.09692,45.99455,-0.000113453007514863,45.9944169996379,-0.00024645336957664
8.10821,45.99405,-0.000613453007510145,45.9944524318555,-0.000211021151993956
8.11952,45.99387,-0.000793453007510436,45.9945195060583,-0.000143946949162783
8.13085,45.99427,-0.000393453007511368,45.9946170557775,-4.6397230036516e-05
8.14214,45.99574,0.00107654699248627,45.9947412323125,7.77793049809842e-05
8.15348,45.99496,0.000296546992487379,45.9948858203438,0.000222367336307157
8.16482,45.99376,-0.000903453007509825,45.9950428296768,0.000379376669273256
8.17615,45.99471,4.6546992486185e-05,45.9952033192461,0.000539866238611087
8.18747,45.99576,0.00109654699248551,45.9953584027718,0.000694949764249714
8.19881,45.99605,0.00138654699248519,45.9955003456307,0.000836892623160617
8.21013,45.99557,0.000906546992489154,45.9956235817764,0.000960128768932744
8.22145,45.99681,0.00214654699249195,45.9957254153918,0.00106196238426585
8.23277,45.99786,0.00319654699249128,45.9958061787692,0.00114272576165724
8.24409,45.9958,0.00113654699249111,45.9958687069834,0.00120525397588447
8.2554,45.996,0.00133654699249064,45.9959171563947,0.00125370338723072
8.26672,45.99319,-0.00147345300751311,45.9959554170061,0.00129196399856426
8.27805,45.99381,-0.000853453007508165,45.9959855695593,0.00132211655174484
8.28938,45.99777,0.00310654699249113,45.9960068959402,0.00134344293264393
8.30073,45.99295,-0.00171345300751113,45.9960158006197,0.0013523476121468
8.31206,45.99862,0.00395654699249093,45.9960067053452,0.00134325233765811
8.32337,45.99546,0.000796546992489766,45.995973681225,0.00131022821747503
8.33469,45.99564,0.000976546992490057,45.9959123857122,0.00124893270467462
8.346,45.99907,0.00440654699249166,45.9958217993677,0.00115834636015287
8.35735,45.99782,0.00315654699248569,45.9957052927688,0.0010418397612636
8.3687,45.99458,-8.34530075124462e-05,45.9955706953212,0.000907242313728382
8.38004,45.99465,-1.34530075115435e-05,45.9954292971017,0.000765844094204885
8.39136,45.99391,-0.000753453007511951,45.995294044497,0.000630591489440799
8.40266,45.99174,-0.00292345300751151,45.9951774431687,0.000513990161225895
8.41398,45.99792,0.00325654699248901,45.995089715284,0.000426262276441328
8.42532,45.99481,0.000146546992489505,45.9950375631917,0.000374110184172848
8.43664,45.99727,0.00260654699248875,45.9950236037293,0.000360150721774741
8.44796,45.99236,-0.00230345300751367,45.9950463404795,0.000382887471965575
8.45929,45.99464,-2.34530075147177e-05,45.9951005278886,0.000437074881048546
8.47062,45.99506,0.000396546992490698,45.9951778708329,0.000514417825432317
8.48195,45.99607,0.00140654699249154,45.9952680378775,0.000604584869989523
8.49327,45.99779,0.00312654699249038,45.9953598895832,0.000696436575713803
8.50462,45.99366,-0.00100345300751314,45.995442729123,0.000779276115514857
8.51596,45.99356,-0.00110345300750936,45.9955073882365,0.000843935229019944
8.5273,45.9966,0.00193654699248924,45.995547059837,0.000883606829504069
8.5386,45.99823,0.00356654699248793,45.9955578571095,0.00089440410197503
8.54993,45.9958,0.00113654699249111,45.9955390506967,0.000875597689171121
8.56127,45.99318,-0.00148345300750918,45.9954929043881,0.000829451380563649
8.5726,45.9948,0.000136546992486331,45.9954241100801,0.000760657072547915
8.58395,45.99638,0.00171654699249046,45.9953389613625,0.000675508354966527
8.59528,45.9975,0.0028365469924907,45.9952444532261,0.000581000218586576
8.60661,45.99479,0.000126546992490262,45.9951474356619,0.000483982654350423
8.61793,45.98976,-0.00490345300751471,45.9950539156175,0.000390462610019125
8.62926,45.99594,0.00127654699248581,45.9949686601051,0.000305207097598911
8.6406,45.99442,-0.000243453007513494,45.9948952747967,0.000231821789157377
8.65193,45.99616,0.00149654699249169,45.9948367684156,0.000173315408038806
8.66326,45.99925,0.00458654699249195,45.9947963222676,0.000132869260075406
8.67459,45.99489,0.000226546992486476,45.9947777930685,0.000114340060990667
8.68594,45.99434,-0.000323453007510466,45.9947855561976,0.00012210319013518
8.69724,45.99228,-0.00238345300751064,45.9948236242655,0.000160171257954844
8.70856,45.99323,-0.00143345300751463,45.9948943586994,0.000230905691907814
8.71989,45.99535,0.000686546992490378,45.9949972933231,0.000333840315628268
8.7312,45.99465,-1.34530075115435e-05,45.9951285041399,0.000465051132418984
8.74254,45.99556,0.00089654699248598,45.9952806838199,0.000617230812411822
8.75383,45.99811,0.00344654699248537,45.9954437981257,0.000780345118174364
8.76514,45.99551,0.000846546992491426,45.9956060459544,0.000942592946874145
8.77647,45.99405,-0.000613453007510145,45.9957548520499,0.00109139904241842
8.78782,45.99709,0.00242654699248845,45.9958777549575,0.00121430195001148
8.79916,45.99595,0.00128654699248898,45.9959632146139,0.00129976160641943
8.81046,45.99274,-0.00192345300751384,45.9960014545142,0.00133800150672427
8.82179,45.99591,0.00124654699249049,45.9959854457136,0.00132199270610343
8.83309,45.99626,0.0015965469924879,45.9959120471922,0.00124859418473843
8.84442,45.99884,0.0041765469924897,45.9957831429443,0.00111968993677448
8.85572,45.99734,0.00267654699248965,45.9956064206408,0.000942967633275769
8.86705,45.99535,0.000686546992490378,45.9953953689454,0.000731915937865277
8.8784,45.99442,-0.000243453007513494,45.9951682345071,0.000504781499636371
8.88973,45.99577,0.00110654699248869,45.9949460062614,0.000282553253934119
8.90107,45.99153,-0.00313345300751422,45.9947498018451,8.63488375432174e-05
8.91237,45.9956,0.000936546992491571,45.9945981839379,-6.52690696556671e-05
8.92369,45.99246,-0.00220345300751035,45.994504912692,-0.000158540315508838
8.93502,45.99448,-0.00018345300750866,45.994477488991,-0.000185964016526462
8.94635,45.99608,0.00141654699248761,45.9945166242956,-0.000146828711895552
8.9577,45.99426,-0.000403453007514543,45.994616557115,-4.68958924734411e-05
8.96903,45.99578,0.00111654699249186,45.9947659934476,0.000102540440087194
8.98036,45.99418,-0.000483453007511514,45.9949494194905,0.000285966482992123
8.9917,45.9948,0.000136546992486331,45.9951486000793,0.000485147071757428
9.00302,45.99606,0.00139654699248837,45.9953441651402,0.0006807121326765
9.01432,45.9954,0.000736546992484932,45.9955172366879,0.000853783680367819
9.02562,45.99388,-0.000783453007514368,45.9956510525025,0.00098759949494449
9.03699,45.99594,0.00127654699248581,45.9957325232569,0.00106907024940111
9.04834,45.99672,0.0020565469924918,45.9957536193233,0.00109016631583089
9.05966,45.99775,0.00308654699249189,45.9957124099492,0.00104895694166486
9.07099,45.99466,-3.45300750836941e-06,45.9956135112353,0.000950058227751759
9.08234,45.99697,0.00230654699248589,45.995467724165,0.000804271157511178
9.09367,45.99593,0.00126654699248974,45.995290786894,0.000627333886451475
9.10501,45.99525,0.000586546992487058,45.9951013666205,0.00043791361300102
9.11633,45.99153,-0.00313345300751422,45.9949186085641,0.000255155556594832
9.12767,45.99413,-0.000533453007513174,45.9947597019348,9.62489272965873e-05
9.13899,45.99392,-0.000743453007508776,45.9946379527223,-2.55002852561561e-05
9.15029,45.99539,0.000726546992488863,45.9945617100418,-0.000101742965667953
9.16162,45.99582,0.00115654699249035,45.9945342197322,-0.000129233275270999
9.17294,45.99439,-0.000273453007508806,45.9945542250776,-0.000109227929884492
9.18427,45.99276,-0.0019034530075146,45.9946170248587,-4.64281488250339e-05
9.19562,45.99649,0.00182654699248985,45.9947157292977,5.22762901544013e-05
9.20697,45.99504,0.000376546992491456,45.9948425218581,0.000179068850588874
9.21832,45.99557,0.000906546992489154,45.9949897626454,0.00032630963785838
9.22966,45.99524,0.000576546992490989,45.9951507827767,0.000487329769152688
9.241,45.99491,0.000246546992485719,45.9953202790583,0.000656826050826114
9.25232,45.99483,0.000166546992488747,45.9954943200807,0.000830867073171377
9.26364,45.99602,0.00135654699248988,45.9956700574897,0.00100660448220532
9.27496,45.99721,0.00254654699249102,45.9958452573802,0.00118180437270586
9.28627,45.99434,-0.000323453007510466,45.9960177421553,0.00135428914781499
9.29759,45.9994,0.00473654699248982,45.9961848171515,0.00152136414395971
9.30889,45.99129,-0.00337345300751224,45.9963427863699,0.00167933336234177
9.3202,45.99625,0.00158654699249183,45.9964867154624,0.00182326245485657
9.33153,45.998,0.00333654699248598,45.9966106013617,0.00194714835415125
9.34284,45.99869,0.00402654699249183,45.9967079920149,0.00204453900735323
9.35417,45.9953,0.000636546992488718,45.9967729127837,0.00210945977621384
9.3655,45.99705,0.00238654699248997,45.9968008459274,0.00213739291987712
9.37682,45.99597,0.00130654699248822,45.9967895509673,0.00212609795973552
9.38814,45.99731,0.00264654699248723,45.9967396144195,0.00207616141195851
9.39946,45.99811,0.00344654699248537,45.9966546580761,0.00199120506856455
9.4108,45.9978,0.00313654699248644,45.9965411176969,0.00187766468942969
9.42212,45.99627,0.00160654699249108,45.9964075207667,0.00174406775915049
9.43342,45.99548,0.000816546992489009,45.9962633090504,0.00159985604290611
9.44476,45.99358,-0.00108345300751012,45.9961174384781,0.00145398547057045
9.45609,45.99516,0.000496546992486913,45.9959771307598,0.00131367775229514
9.4674,45.99696,0.00229654699248982,45.9958471346085,0.00118368160102802
9.47874,45.9963,0.00163654699248639,45.9957296661679,0.00106621316039009
9.49006,45.99432,-0.000343453007509709,45.9956249497248,0.000961496717301565
9.50137,45.99761,0.00294654699249008,45.9955321129584,0.000868659950889931
9.51269,45.99475,8.65469924917761e-05,45.9954501534613,0.00078670045378201
9.52402,45.99504,0.000376546992491456,45.9953787346007,0.000715281593179072
9.53535,45.99719,0.00252654699249177,45.995318633465,0.000655180457446126
9.54669,45.99477,0.000106546992491019,45.9952717323036,0.000608279296125494
9.55804,45.9963,0.00163654699248639,45.9952405187812,0.000577065773662322
9.56936,45.99535,0.000686546992490378,45.9952271538975,0.000563700890013892
9.5807,45.99546,0.000796546992489766,45.9952322884184,0.000568835410938961
9.59204,45.99109,-0.00357345300751177,45.9952539379069,0.00059048489936078
9.60336,45.99575,0.00108654699248945,45.9952868097405,0.000623356732955466
9.6147,45.99502,0.000356546992485107,45.9953224402662,0.000658987258668074
9.62602,45.99361,-0.0010534530075148,45.9953503081518,0.000686855144325235
9.63732,45.99567,0.00100654699248537,45.9953597992006,0.000696346193071947
9.64868,45.99939,0.00472654699248665,45.995342620319,0.000679167311524229
9.66003,45.99465,-1.34530075115435e-05,45.9952950760911,0.000631623083544492
9.67136,45.99712,0.00245654699249087,45.9952195867115,0.000556133704036758
9.68267,45.99614,0.00147654699248534,45.9951249807186,0.00046152771113053
9.694,45.99551,0.000846546992491426,45.9950254002707,0.00036194726320271
9.70533,45.99349,-0.00117345300751026,45.9949380024547,0.000274549447188505
9.71666,45.994,-0.000663453007511805,45.9948799369405,0.00021648393300569
9.72798,45.99234,-0.00232345300751291,45.9948652669801,0.000201813972560964
9.73932,45.99377,-0.000893453007513756,45.9949025181895,0.000239065182036219
9.75064,45.99635,0.00168654699248805,45.9949933641276,0.000329911120110503
9.76195,45.99466,-3.45300750836941e-06,45.995132646592,0.000469193584531142
9.77328,45.9932,-0.00146345300750994,45.995309605122,0.000646152114447855
9.78461,45.99824,0.0035765469924911,45.9955099607847,0.000846507777145669
9.79591,45.99655,0.00188654699248758,45.9957183773386,0.0010549243310776
9.80725,45.99809,0.00342654699248612,45.9959207756438,0.00125732263624901
9.81858,45.99656,0.00189654699249076,45.9961060282243,0.0014425752167754
9.82992,45.99367,-0.00099345300750997,45.996266757136,0.00160330412853119
9.84127,45.99654,0.00187654699249151,45.996399248761,0.00173579575345047
9.85257,45.99781,0.00314654699248962,45.9965027338747,0.00183928086720645
9.8639,45.99625,0.00158654699249183,45.9965783529957,0.00191489998822399
9.87524,45.99551,0.000846546992491426,45.9966280768138,0.00196462380625583
9.88657,45.99625,0.00158654699249183,45.9966537963019,0.00199034329442278
9.89792,45.99464,-2.34530075147177e-05,45.9966567723267,0.00199331931917903
9.90928,45.99811,0.00344654699248537,45.996637574152,0.00197412114452349
9.9206,45.998,0.00333654699248598,45.9965964955902,0.00193304258270069
9.93192,45.99642,0.00175654699248895,45.9965342719054,0.00187081889786242
9.94323,45.99679,0.0021265469924856,45.9964528375329,0.00178938452540612
9.95457,45.99425,-0.000413453007510611,45.9963559149429,0.00169246193534276
9.9659,45.99626,0.0015965469924879,45.9962493420737,0.00158588906616785
9.97722,45.99903,0.00436654699248606,45.9961411099779,0.00147765697041638
9.98852,45.9964,0.00173654699248971,45.9960410515252,0.00137759851763926
9.99985,45.99572,0.00105654699248703,45.9959600834696,0.0012966304620521
10.01118,45.99544,0.000776546992490523,45.9959089728268,0.00124551981930651
10.0225,45.99518,0.000516546992486155,45.9958967699739,0.00123331696636651
10.03386,45.99729,0.00262654699248799,45.9959292051325,0.00126575212502267
10.0452,45.99352,-0.00114345300751495,45.996007393718,0.00134394071052917
10.05652,45.9951,0.000436546992489184,45.9961271562279,0.00146370322036228
10.06784,45.9946,-6.34530075132034e-05,45.9962791692291,0.00161571622158024
10.07916,45.99928,0.00461654699248726,45.9964500114218,0.00178655841432357
10.0905,45.99629,0.00162654699249032,45.9966239433569,0.00196049034936563
10.10183,45.99786,0.00319654699249128,45.9967850433895,0.00212159038196847
10.11319,45.99799,0.00332654699248991,45.9969192388504,0.00225578584284162
10.12453,45.99566,0.0009965469924893,45.9970158546126,0.00235240160504346
10.13586,45.99762,0.00295654699248615,45.9970684748206,0.00240502181306893
10.1472,45.99915,0.00448654699248863,45.9970750789072,0.00241162589972187
10.15854,45.99649,0.00182654699248985,45.9970375259719,0.00237407296439086
10.16989,45.99667,0.00200654699249014,45.99696054948,0.00229709647248215
10.18122,45.99348,-0.00118345300751344,45.9968505303125,0.00218707730497969
10.19254,45.99479,0.000126546992490262,45.9967144046316,0.00205095162407468
10.20391,45.99867,0.00400654699248548,45.9965590184415,0.00189556543396077
10.21525,45.99968,0.00501654699248633,45.9963910063876,0.00172755338005023
10.2266,45.99548,0.000816546992489009,45.996216970483,0.00155351747550563
10.2379,45.99594,0.00127654699248581,45.9960435914105,0.00138013840301894
10.24924,45.99605,0.00138654699248519,45.9958774216596,0.00121396865205996
10.26058,45.99538,0.000716546992485689,45.9957243571969,0.0010609041893702
10.27191,45.99239,-0.00227345300751125,45.9955889676126,0.000925514605078659
10.28324,45.99942,0.00475654699248906,45.9954739054253,0.000810452417830918
10.29458,45.99523,0.000566546992487815,45.9953795452843,0.000716092276797135
10.30596,45.99452,-0.000143453007510175,45.9953039038253,0.000640450817803086
10.31729,45.99145,-0.00321345300751119,45.9952428542758,0.000579401268259126
10.32862,45.99781,0.00314654699248962,45.9951906837585,0.000527230750990397
10.33996,45.99374,-0.000923453007509067,45.9951410277947,0.000477574787137835
10.3513,45.99788,0.00321654699249052,45.9950880772428,0.000424624235288727
10.36263,45.99648,0.00181654699248668,45.9950277829557,0.000364329948213807
10.374,45.99323,-0.00143345300751463,45.9949587407836,0.000295287776104904
10.38534,45.99333,-0.00133345300751131,45.9948825693759,0.000219116368407955
10.39668,45.99527,0.000606546992486301,45.9948037920877,0.000140339080179474
10.40802,45.9966,0.00193654699248924,45.9947293460598,6.5893052321807e-05
10.41936,45.99429,-0.000373453007512126,45.9946678090853,4.35607778504074e-06
10.4307,45.99575,0.00108654699248945,45.99462836058,-3.50924275418263e-05
10.44204,45.99368,-0.000983453007513901,45.9946195083275,-4.39446800062321e-05
10.4534,45.99289,-0.00177345300750886,45.9946477254506,-1.57275569591779e-05
10.46475,45.9949,0.00023654699248965,45.9947162522651,5.27992575507263e-05
10.47608,45.99422,-0.000443453007513028,45.9948243297605,0.000160876752972886
10.4874,45.99489,0.000226546992486476,45.9949670251537,0.000303572146229093
10.49871,45.99705,0.00238654699248997,45.9951356435887,0.000472190581144208
10.51002,45.99495,0.00028654699249131,45.9953185828143,0.000655129806811662
10.52136,45.99492,0.000256546992488893,45.9955024414643,0.000838988456752817
10.53268,45.99454,-0.000123453007510932,45.9956732379175,0.00100978491001856
10.54396,45.99617,0.00150654699248776,45.9958176704778,0.00115421747032284
10.5553,45.9967,0.00203654699248546,45.9959243648859,0.00126091187839975
10.56662,45.99729,0.00262654699248799,45.9959849943439,0.00132154133641845
10.57798,45.99569,0.00102654699249172,45.995995096034,0.00133164302645675
10.58933,45.99606,0.00139654699248837,45.9959544318435,0.0012909788359831
10.60066,45.99495,0.00028654699249131,45.9958668533005,0.00120340029300783
10.612,45.99605,0.00138654699248519,45.9957397563857,0.00107630337821737
10.62334,45.99627,0.00160654699249108,45.9955832764994,0.000919823491904053
10.63469,45.99356,-0.00110345300750936,45.9954093676681,0.000745914660625862
10.646,45.9945,-0.000163453007509418,45.9952308719746,0.000567418967137282
10.65731,45.99834,0.00367654699248732,45.9950606369592,0.000397183951728674
10.66866,45.99534,0.000676546992487204,45.9949106757664,0.000247222758908668
10.68,45.99252,-0.00214345300751262,45.9947913234354,0.000127870427904137
10.69134,45.99454,-0.000123453007510932,45.9947103906286,4.69376210883669e-05
10.70268,45.99479,0.000126546992490262,45.9946724285102,8.975502652783e-06
10.71402,45.99641,0.00174654699248578,45.9946782734908,1.48204832845852e-05
10.72535,45.99286,-0.00180345300751128,45.9947249907892,6.15377816524635e-05
10.73669,45.99126,-0.00340345300751466,45.9948062640258,0.000142811018268965
10.74804,45.99847,0.00380654699248595,45.9949132358435,0.000249782835981654
10.75936,45.9952,0.000536546992485398,45.9950357274783,0.00037227447080647
10.7707,45.99585,0.00118654699248566,45.9951636207012,0.000500167693684314
10.78204,45.99493,0.000266546992484962,45.9952880812346,0.000624628227103109
10.79337,45.99766,0.00299654699249174,45.995402346839,0.00073889383149783
10.8047,45.99473,6.65469924854278e-05,45.9955019620925,0.00083850908501946
10.81604,45.99269,-0.0019734530075084,45.9955845192569,0.000921066249363938
10.82736,45.9976,0.00293654699248691,45.9956491042368,0.000985651229333988
10.83869,45.99473,6.65469924854278e-05,45.9956957045214,0.00103225151387348
10.85006,45.99495,0.00028654699249131,45.9957247830693,0.00106133006183454
10.86138,45.99715,0.00248654699248618,45.9957371035731,0.00107365056557111
10.87271,45.99335,-0.00131345300751207,45.9957337862427,0.00107033323513785
10.88402,45.99795,0.00328654699249142,45.9957165026362,0.00105304962867391
10.89537,45.99655,0.00188654699248758,45.9956876667241,0.00102421371659535
10.9067,45.99626,0.0015965469924879,45.9956504548066,0.000987001799079861
10.91804,45.99525,0.000586546992487058,45.99560852943,0.000945076422439382
10.92939,45.99354,-0.0011234530075086,45.9955654701711,0.000902017163573815
10.94074,45.9967,0.00203654699248546,45.9955240668011,0.000860613793579425
10.95207,45.99482,0.000156546992485573,45.9954857051651,0.000822252157548086
10.9634,45.99455,-0.000113453007514863,45.9954500341063,0.000786581098750845
10.97474,45.99767,0.00300654699248781,45.9954149986761,0.000751545668573918
10.98608,45.99389,-0.000773453007511193,45.9953772350905,0.000713782082978124
10.99742,45.99352,-0.00114345300751495,45.9953327779791,0.000669324971574581
11.00876,45.99545,0.000786546992486592,45.9952780154495,0.000614562442020879
11.02007,45.99697,0.00230654699248589,45.9952107891694,0.000547336161846421
11.0314,45.99602,0.00135654699248988,45.9951314385245,0.000467985516946771
11.04269,45.9955,0.000836546992488252,45.995043490282,0.000380037274470599
11.05402,45.99628,0.00161654699248714,45.9949537110739,0.000290258066418777
11.06536,45.99289,-0.00177345300750886,45.9948713984616,0.000207945454120748
11.07668,45.99602,0.00135654699248988,45.9948070044533,0.000143551445820749
11.08803,45.99427,-0.000393453007511368,45.9947703603333,0.000106907325768942
11.09939,45.99291,-0.00175345300750962,45.9947688540848,0.000105401077280459
11.11073,45.99543,0.000766546992487349,45.9948059082627,0.000142455255172813
11.12207,45.99555,0.000886546992489912,45.994880041293,0.000216588285460348
11.13342,45.9922,-0.00246345300751472,45.9949846897043,0.000321236696753292
11.14472,45.99427,-0.000393453007511368,45.9951088494658,0.000445396458242591
11.15606,45.99726,0.00259654699248557,45.9952384711595,0.00057501815197128
11.16738,45.99754,0.00287654699248918,45.9953583957321,0.000694942724628735
11.17872,45.99361,-0.0010534530075148,45.9954544740004,0.000791020992929485
11.19006,45.99652,0.00185654699248516,45.995515477509,0.00085202450152208
11.20138,45.99468,1.65469924908734e-05,45.9955345189945,0.000871065987015696
11.2127,45.9958,0.00113654699249111,45.9955098542598,0.000846401252246173
11.22402,45.99786,0.00319654699249128,45.9954450225043,0.000781569496787674
11.23535,45.9954,0.000736546992484932,45.9953483076402,0.000684854632659435
11.24669,45.99348,-0.00118345300751344,45.9952315547739,0.000568101766414446
11.25803,45.99493,0.000266546992484962,45.9951084980099,0.000445045002366448
11.26937,45.9956,0.000936546992491571,45.9949928888371,0.000329435829559127
11.28071,45.99338,-0.00128345300750965,45.9948967600646,0.00023330705707299
11.29204,45.99471,4.6546992486185e-05,45.9948290985924,0.000165645584935367
11.30338,45.99519,0.00052654699248933,45.9947950915235,0.000131638515953884
11.31473,45.99349,-0.00117345300751026,45.9947959995957,0.000132546588234799
11.32607,45.99649,0.00182654699248985,45.9948296064673,0.000166153459807809
11.33741,45.99348,-0.00118345300751344,45.9948911018331,0.000227648825567973
11.34876,45.99686,0.0021965469924865,45.9949741980029,0.000310744995354026
11.36011,45.9944,-0.000263453007512737,45.9950722615982,0.000408808590713054
11.37145,45.99467,6.5469924876993e-06,45.9951792636297,0.000515810622136653
11.38276,45.99718,0.0025165469924886,45.995290401189,0.000626948181525511
11.39409,45.99563,0.000966546992486883,45.9954023023392,0.000738849331654621
11.40542,45.99497,0.000306546992490553,45.9955127883464,0.000849335338846532
11.41673,45.99531,0.000646546992491892,45.995620252857,0.000956799849519681
11.42807,45.99671,0.00204654699248863,45.9957228221068,0.0010593690992553
11.4394,45.99525,0.000586546992487058,45.9958175400005,0.00115408699302679
11.45074,45.99239,-0.00227345300751125,45.9958998496463,0.00123639663881065
11.46208,45.99561,0.00094654699248764,45.9959636206584,0.00130016765083653
11.47345,45.99696,0.00229654699248982,45.9960018703429,0.00133841733543132
11.48478,45.99817,0.0035065469924902,45.9960081128851,0.00134465987757458
11.49609,45.99566,0.0009965469924893,45.9959780180485,0.0013145650409901
11.50742,45.99473,6.65469924854278e-05,45.9959109293905,0.00124747638301918
11.51874,45.99782,0.00315654699248569,45.9958108473592,0.0011473943517116
11.53008,45.99699,0.00232654699248513,45.9956866293787,0.00102317637114871
11.54141,45.99449,-0.000173453007512592,45.9955512901396,0.000887837132121201
11.55275,45.99901,0.00434654699248682,45.9954204083588,0.000756955351306699
11.56407,45.99266,-0.00200345300751081,45.9953098153661,0.000646362358628903
11.57541,45.99287,-0.00179345300750811,45.9952329481875,0.000569495180029532
11.58678,45.99502,0.000356546992485107,45.9951984185918,0.000534965584328725
11.59812,45.99297,-0.00169345300751189,45.9952083771737,0.000544924166209073
11.60946,45.99545,0.000786546992486592,45.9952580784869,0.000594625479384157
11.62079,45.99653,0.00186654699248834,45.9953367326892,0.000673279681681493
11.63214,45.99624,0.00157654699248866,45.9954293969523,0.0007659439448183
11.64347,45.99555,0.000886546992489912,45.9955194393806,0.000855986373053872
11.65484,45.99682,0.00215654699248802,45.9955910557852,0.000927602777701199
11.6662,45.99576,0.00109654699248551,45.9956314124032,0.000967959395722467
11.67752,45.99637,0.00170654699248729,45.9956321518273,0.000968698819828816
11.68886,45.99309,-0.00157345300750933,45.9955901716778,0.000926718670280112
11.70022,45.99739,0.00272654699249131,45.9955077289433,0.000844275935763704
11.71156,45.99396,-0.000703453007510291,45.9953920016145,0.00072854860694893
11.7229,45.99625,0.00158654699249183,45.9952542354253,0.000590782417736107
11.73424,45.99499,0.000326546992489796,45.9951085515602,0.000445098552648374
11.74559,45.99718,0.0025165469924886,45.9949704510275,0.000306998020014271
11.75693,45.99392,-0.000743453007508776,45.9948550628536,0.000191609846043697
11.76826,45.99467,6.5469924876993e-06,45.9947752611733,0.000111808165774168
11.7796,45.9917,-0.00296345300751,45.9947399016813,7.64486737585611e-05
11.79093,45.99498,0.000316546992486622,45.9947525238621,8.90708545627554e-05
11.8023,45.99445,-0.000213453007511077,45.9948108344508,0.000147381443254154
11.81364,45.99533,0.000666546992491135,45.9949071063916,0.000243653384051744
11.82496,45.99604,0.00137654699248912,45.9950293844181,0.000365931410555153
11.83629,45.99533,0.000666546992491135,45.995163208855,0.000499755847507239
11.84762,45.99467,6.5469924876993e-06,45.9952935176682,0.000630064660704822
11.85893,45.99708,0.00241654699248528,45.9954064411956,0.000742988188060331
11.87025,45.99405,-0.000613453007510145,45.9954907999457,0.000827346938171533
11.88158,45.99455,-0.000113453007514863,45.9955392007079,0.000875747700390101
11.89291,45.99868,0.00401654699248866,45.9955486765596,0.000885223552086033
11.90425,45.99455,-0.000113453007514863,45.9955208286165,0.000857375609036137
11.91559,45.99607,0.00140654699249154,45.9954614305441,0.000797977536597127
11.92692,45.99517,0.000506546992490087,45.9953795064503,0.000716053442796308
11.93823,45.99518,0.000516546992486155,45.9952859999722,0.000622546964685092
11.94958,45.99333,-0.00133345300751131,45.9951922576118,0.000528804604261155
11.9609,45.99536,0.000696546992486446,45.9951085904486,0.000445137441130577
11.97224,45.99605,0.00138654699248519,45.9950431355645,0.000379682557029033
11.98355,45.99582,0.00115654699249035,45.9950011335218,0.000337680514248384
11.99491,45.99208,-0.00258345300751017,45.9949846363084,0.000321183300881697
12.00623,45.99618,0.00151654699249093,45.9949926232303,0.000329170222822464
12.01757,45.99417,-0.000493453007514688,45.9950215072334,0.000358054225846482
12.02892,45.99592,0.00125654699248656,45.9950659814327,0.000402528425216115
12.04023,45.99644,0.00177654699248819,45.9951200691751,0.000456616167544993
12.05154,45.99393,-0.000733453007512708,45.9951781716733,0.000514718665832581
12.06289,45.99578,0.00111654699249186,45.9952359165912,0.000572463583717799
12.07423,45.99557,0.000906546992489154,45.9952906843813,0.000627231373808378
12.08556,45.9951,0.000436546992489184,45.9953417667806,0.000678313773112716
12.0969,45.99675,0.00208654699248711,45.9953901588291,0.000726705821545297
12.10825,45.99457,-9.34530075085149e-05,45.9954380189014,0.000774565893909896
12.11958,45.9951,0.000436546992489184,45.9954878794677,0.000824426460161495
12.13089,45.99559,0.000926546992488397,45.9955417509875,0.000878297980016804
12.1422,45.9974,0.00273654699248738,45.9956003002995,0.00093684729199246
12.15354,45.99216,-0.0025034530075132,45.9956622869881,0.000998833980582297
12.16486,45.99486,0.000196546992491164,45.9957244245135,0.00106097150603478
12.17622,45.99432,-0.000343453007509709,45.9957817913097,0.00111833830222329
12.18754,45.99917,0.00450654699248787,45.9958287885208,0.0011653355132796
12.19887,45.99908,0.00441654699248772,45.9958604132417,0.00119696023417203
12.21023,45.99399,-0.000673453007514979,45.9958734277325,0.00120997472495584
12.22156,45.99502,0.000356546992485107,45.9958670348676,0.00120358186010538
12.23289,45.99576,0.00109654699248551,45.9958429154575,0.00117946244994709
12.24424,45.99649,0.00182654699248985,45.9958047391173,0.0011412861098195
12.25558,45.9972,0.00253654699248784,45.9957573559714,0.00109390296384892
12.2669,45.99387,-0.000793453007510436,45.9957058487741,0.00104239576662281
12.27826,45.99379,-0.000873453007514513,45.9956546088533,0.000991155845802611
12.2896,45.99715,0.00248654699248618,45.9956066255143,0.000943172506791155
12.30092,45.99427,-0.000393453007511368,45.9955631613463,0.000899708338742277
12.31226,45.99702,0.00235654699248755,45.9955238753829,0.000860422375379416
12.32359,45.99491,0.000246546992485719,45.9954873170776,0.000823864070098927
12.33493,45.99432,-0.000343453007509709,45.995451634762,0.000788181754451092
12.34627,45.99703,0.00236654699249073,45.9954153319187,0.000751878911227492
12.35759,45.99555,0.000886546992489912,45.9953779132627,0.000714460255181107
12.36895,45.99636,0.00169654699249122,45.9953402646973,0.000676811689788676
12.38031,45.99666,0.00199654699248697,45.9953046402438,0.000641187236332741
12.39165,45.99209,-0.0025734530075141,45.9952742283955,0.000610775388034532
12.403,45.99501,0.000346546992489039,45.9952524215662,0.000588968558714821
12.41435,45.99667,0.00200654699249014,45.9952420258041,0.000578572796617315
12.42568,45.9945,-0.000163453007509418,45.9952446414944,0.000581188486880017
12.43701,45.99358,-0.00108345300751012,45.9952603390578,0.000596886050283973
12.44835,45.99734,0.00267654699248965,45.995287641862,0.000624188854486414
12.45967,45.99499,0.000326546992489796,45.9953237583855,0.000660305378011661
12.47102,45.99472,5.65469924893591e-05,45.9953649581981,0.000701505190580136
12.48232,45.99765,0.00298654699248857,45.9954069622652,0.000743509257687147
12.49364,45.99392,-0.000743453007508776,45.9954452396829,0.000781786675397408
12.505,45.99779,0.00312654699249038,45.9954751656335,0.000811712626000712
12.51634,45.99277,-0.00189345300751143,45.9954920816037,0.000828628596220728
12.52769,45.99441,-0.000253453007509563,45.9954913903361,0.000827937328622818
12.53905,45.99492,0.000256546992488893,45.9954688669696,0.000805413962038704
12.55039,45.99566,0.0009965469924893,45.9954213093997,0.000757856392210485
12.56174,45.99689,0.00222654699248892,45.9953474756142,0.000684022606638577
12.5731,45.99702,0.00235654699248755,45.9952490535201,0.000585600512598207
12.58444,45.99451,-0.000153453007513349,45.9951313115415,0.000467858534024209
12.59578,45.99458,-8.34530075124462e-05,45.9950031519992,0.000339698991652664
12.60711,45.995,0.000336546992485864,45.9948764803718,0.000213027364284286
12.61844,45.99578,0.00111654699249186,45.9947649877805,0.000101534773027619
12.62979,45.99343,-0.0012334530075151,45.9946825399151,1.90869075463642e-05
12.64111,45.99459,-7.34530075092721e-05,45.9946413910267,-2.20619807973881e-05
12.65244,45.99506,0.000396546992490698,45.9946504471669,-1.30058406172098e-05
12.66376,45.99524,0.000576546992490989,45.9947137974862,5.03444786546244e-05
12.67512,45.99315,-0.0015134530075116,45.994829710041,0.000166257033531316
12.68646,45.99421,-0.000453453007509097,45.9949902650405,0.000326812033039217
12.69782,45.99502,0.000356546992485107,45.9951817708645,0.000518317856982707
12.70917,45.99472,5.65469924893591e-05,45.9953860325247,0.000722579517158309
12.72049,45.9957,0.00103654699248779,45.9955823968236,0.000918943816048429
12.73182,45.99664,0.00197654699248773,45.9957503256109,0.00108687260338968
12.74318,45.99569,0.00102654699249172,45.9958721111159,0.00120865810842837
12.75452,45.99807,0.00340654699248688,45.9959352830202,0.00127183001266597
12.76585,45.99723,0.00256654699249026,45.9959342807541,0.00127082774659172
12.77717,45.99529,0.000626546992485544,45.9958710831563,0.00120763014882403
12.78851,45.99479,0.000126546992490262,45.9957546919308,0.00109123892329913
12.79984,45.99721,0.00254654699249102,45.9955996022105,0.000936149203028535
12.81117,45.99498,0.000316546992486622,45.9954235759568,0.000760122949335585
12.82251,45.99271,-0.00195345300750915,45.9952451178924,0.000581664884844728
12.83384,45.99596,0.00129654699248505,45.9950810663229,0.000417613315398365
12.8452,45.99379,-0.000873453007514513,45.9949446725584,0.000281219550867884
12.85654,45.99424,-0.000423453007513785,45.994844433996,0.000180980988512441
12.86788,45.99583,0.00116654699248642,45.9947837777068,0.000120324699237146
12.87925,45.99392,-0.000743453007508776,45.9947615202774,9.80672698564916e-05
12.89062,45.99564,0.000976546992490057,45.9947729027846,0.00010944977713455
12.90194,45.9959,0.00123654699248732,45.9948109335115,0.000147480503944667
12.91326,45.99342,-0.00124345300751116,45.9948677665684,0.000204313560881145
12.92458,45.99728,0.00261654699249192,45.9949358933855,0.000272440378006566
12.93591,45.99371,-0.000953453007511484,45.9950090065799,0.000345553572342785
12.94723,45.99573,0.0010665469924902,45.9950824882129,0.000419035205413676
12.95853,45.9946,-6.34530075132034e-05,45.9951535602843,0.000490107276799951
12.96986,45.99379,-0.000873453007514513,45.9952212005717,0.000557747564225265
12.9812,45.99428,-0.000383453007508194,45.995285946451,0.000622493443454139
12.99255,45.9984,0.00373654699248505,45.9953496559642,0.000686202956734128
13.00387,45.99567,0.00100654699248537,45.9954151792747,0.000751726267229561
13.0152,45.99738,0.00271654699248813,45.9954857964101,0.000822343402623893
13.02651,45.99356,-0.00110345300750936,45.9955643091217,0.000900856114182067
13.03786,45.9952,0.000536546992485398,45.9956518558801,0.000988402872603875
13.04922,45.9957,0.00103654699248779,45.9957467340251,0.00108328101758958
13.06056,45.99448,-0.00018345300750866,45.9958436192303,0.00118016622281148
13.07189,45.9941,-0.000563453007508485,45.9959335249282,0.0012700719206656
13.08323,45.99461,-5.34530075100292e-05,45.9960046869323,0.00134123392479731
13.09454,45.99833,0.00366654699249125,45.9960443312698,0.00138087826230539
13.10584,45.99775,0.00308654699249189,45.9960410110449,0.00137755803734617
13.1172,45.99738,0.00271654699248813,45.9959869656143,0.00132351260681091
13.12852,45.99739,0.00272654699249131,45.995879899274,0.00121644626647329
13.13988,45.99406,-0.000603453007514076,45.995723758475,0.00106030546746556
13.15123,45.99561,0.00094654699248764,45.9955284172933,0.000864964285798788
13.16256,45.99275,-0.00191345300751067,45.9953084902641,0.000645037256602726
13.1739,45.99659,0.00192654699248607,45.995081644692,0.000418191684456188
13.18527,45.99382,-0.000843453007512096,45.9948667481415,0.000203295134014253
13.19662,45.99792,0.00325654699248901,45.9946820339371,1.85809295951759e-05
13.20795,45.99509,0.00042654699248601,45.9945433283923,-0.000120124615204138
13.21929,45.99231,-0.00235345300750822,45.9944623692076,-0.000201083799865449
13.23059,45.99159,-0.00307345300750939,45.9944453715258,-0.000218081481731602
13.2419,45.99443,-0.00023345300751032,45.9944921497162,-0.000171303291360081
13.25322,45.99516,0.000496546992486913,45.9945961022723,-6.73507352036971e-05
13.26456,45.99518,0.000516546992486155,45.99474515423,8.17012224390952e-05
13.27588,45.99553,0.000866546992490669,45.994923460279,0.000260007271514894
13.28723,45.99516,0.000496546992486913,45.9951134860274,0.000450033019875202
13.29853,45.9956,0.000936546992491571,45.9952980643192,0.000634611311664247
13.30986,45.99766,0.00299654699249174,45.995462106476,0.000798653468462948
13.32123,45.9941,-0.000563453007508485,45.995593765765,0.000930312757460875
13.33254,45.99646,0.00179654699248744,45.9956849840903,0.00102153108278505
13.34385,45.9938,-0.000863453007511339,45.9957314967173,0.00106804370975131
13.35517,45.99567,0.00100654699248537,45.9957324800916,0.00106902708409644
13.3665,45.99525,0.000586546992487058,45.995690045841,0.00102659283348773
13.37784,45.99796,0.00329654699248749,45.9956086996296,0.000945246622106385
13.3892,45.99549,0.000826546992485078,45.9954947590751,0.000831306067608092
13.40054,45.99534,0.000676546992487204,45.9953556593182,0.000692206310707569
13.41186,45.99511,0.000446546992485253,45.9951991274278,0.000535674420282992
13.42319,45.9932,-0.00146345300750994,45.9950323395786,0.000368886571095993
13.43452,45.99362,-0.00104345300751163,45.9948612823532,0.000197829345646521
13.44584,45.99596,0.00129654699248505,45.9946905350306,2.70820230993756e-05
13.45718,45.99408,-0.000583453007514834,45.9945235610977,-0.000139891909778379
13.4685,45.99387,-0.000793453007510436,45.9943634102478,-0.000300042759676414
13.47986,45.99594,0.00127654699248581,45.9942135823755,-0.000449870632028906
13.4912,45.99568,0.00101654699248854,45.9940787433447,-0.000584709662811727
13.50256,45.99282,-0.00184345300750977,45.993965007597,-0.000698445410545062
13.51388,45.99646,0.00179654699248744,45.9938796123145,-0.000783840693042382
13.52524,45.99053,-0.00413345300751189,45.9938299896103,-0.000833463397207906
13.53656,45.9952,0.000536546992485398,45.9938224372418,-0.000841015765745464
13.5479,45.99348,-0.00118345300751344,45.9938607166143,-0.000802736393193633
13.55922,45.99093,-0.00373345300751282,45.9939449315372,-0.000718521470358607
13.57057,45.99486,0.000196546992491164,45.9940709740058,-0.000592479001746348
13.58192,45.99427,-0.000393453007511368,45.9942306874499,-0.000432765557598288
13.59326,45.99563,0.000966546992486883,45.9944127128689,-0.000250740138576557
13.60459,45.99474,7.6546992488602e-05,45.9946038039637,-5.96490437693583e-05
13.61594,45.9941,-0.000563453007508485,45.9947903092275,0.000126856219993747
13.62724,45.9957,0.00103654699248779,45.9949595499189,0.000296096911402481
13.63856,45.99717,0.00250654699248543,45.9951009125743,0.000437459566821738
13.64993,45.99358,-0.00108345300751012,45.995206562026,0.000543109018482735
13.66127,45.9942,-0.000463453007512271,45.9952717689846,0.000608315977082694
13.67261,45.99489,0.000226546992486476,45.9952949435007,0.000631490493203872
13.68394,45.99591,0.00124654699249049,45.995277515925,0.000614062917489156
13.69527,45.99647,0.00180654699249061,45.9952237543414,0.000560301333924342
13.70663,45.9944,-0.000263453007512737,45.995140498525,0.000477045517496585
13.71796,45.99572,0.00105654699248703,45.9950367335832,0.00037328057570769
13.72929,45.99295,-0.00171345300751113,45.994922963079,0.000259510071458296
13.74064,45.99727,0.00260654699248875,45.9948104136824,0.000146960674864979
13.75199,45.99328,-0.00138345300751297,45.9947101394041,4.6686396617593e-05
13.76334,45.99479,0.000126546992490262,45.9946320857473,-3.13672601725661e-05
13.77469,45.99479,0.000126546992490262,45.9945841621786,-7.9290828935489e-05
13.78604,45.9965,0.00183654699248592,45.9945713757869,-9.20772206532803e-05
13.79737,45.99275,-0.00191345300751067,45.9945950958876,-6.83571199092577e-05
13.80872,45.99448,-0.00018345300750866,45.9946525583245,-1.08946830601326e-05
13.82006,45.99286,-0.00180345300751128,45.9947367778205,7.3324812950374e-05
13.83141,45.99369,-0.000973453007510727,45.9948370562146,0.000173603207084066
13.84275,45.99615,0.00148654699248851,45.9949401797844,0.000276726776915531
13.8541,45.996,0.00133654699249064,45.9950321933652,0.000368740357674365
13.86544,45.9964,0.00173654699248971,45.9951004200022,0.000436966994661094
13.87677,45.99623,0.00156654699248548,45.9951352881183,0.000471835110806516
13.88811,45.99347,-0.0011934530075095,45.995131597009,0.00046814400148469
13.89945,45.99384,-0.000823453007512853,45.995089046933,0.000425593925526402
13.91077,45.99877,0.0041065469924888,45.9950120549248,0.000348601917312969
13.92209,45.99404,-0.000623453007513319,45.9949089726078,0.000245519600245628
13.9334,45.99359,-0.00107345300751405,45.9947908415569,0.000127388549345192
13.94472,45.99422,-0.000443453007513028,45.9946698632504,6.41024287147618e-06
13.95606,45.99433,-0.00033345300751364,45.9945578384996,-0.000105614507911962
13.96741,45.99437,-0.000293453007508049,45.9944648540772,-0.00019859893033596
13.97873,45.99371,-0.000953453007511484,45.9943984146024,-0.000265038405154325
13.99006,45.99366,-0.00100345300751314,45.9943630898349,-0.000300363172645724
14.0014,45.99481,0.000146546992489505,45.9943606286283,-0.000302824379160197
14.01274,45.99691,0.00224654699248816,45.994390386383,-0.000273066624514877
14.02409,45.99528,0.000616546992489475,45.994449835038,-0.000213617969461671
14.03542,45.99348,-0.00118345300751344,45.9945349341424,-0.000128518865068009
14.04672,45.99266,-0.00200345300751081,45.994640280336,-2.31726715355992e-05
14.05805,45.99464,-2.34530075147177e-05,45.9947591482071,9.56951995965756e-05
14.06939,45.99603,0.00136654699248595,45.9948836361015,0.000220183093977082
14.08073,45.9944,-0.000263453007512737,45.9950050646906,0.00034161168305778
14.09208,45.99572,0.00105654699248703,45.9951146296878,0.000451176680269062
14.10338,45.99448,-0.00018345300750866,45.9952042127017,0.000540759694207998
14.1147,45.99506,0.000396546992490698,45.9952672405088,0.000603787501284636
14.12604,45.99498,0.000316546992486622,45.9952994976572,0.000636044649716898
14.1374,45.99617,0.00150654699248776,45.9952997858488,0.000636332841313083
14.14874,45.99786,0.00319654699249128,45.9952702841573,0.000606831149805056
14.16008,45.99456,-0.000103453007511689,45.995216447286,0.000552994278447995
14.17142,45.99297,-0.00169345300751189,45.995146349495,0.000482896487463793
14.18278,45.99617,0.00150654699248776,45.9950695389702,0.000406085962650924
14.19412,45.99561,0.00094654699248764,45.9949956113412,0.000332158333734066
14.20548,45.99509,0.00042654699248601,45.9949327493436,0.000269296336103528
14.21682,45.99342,-0.00124345300751116,45.9948864410344,0.000222988026900975
14.22816,45.99313,-0.00153345300751084,45.9948585709963,0.000195117988833111
14.23951,45.99649,0.00182654699248985,45.9948470752025,0.000183622194961275
14.25082,45.99396,-0.000703453007510291,45.9948462838726,0.000182830865130753
14.26218,45.99524,0.000576546992490989,45.9948479359075,0.000184482900009955
14.27352,45.99271,-0.00195345300750915,45.9948427110534,0.00017925804588665
14.28486,45.99643,0.00176654699248502,45.9948220430665,0.000158590058974977
14.2962,45.99583,0.00116654699248642,45.994779917699,0.000116464691484559
14.30754,45.99676,0.00209654699249029,45.9947142981318,5.08451243107569e-05
14.31887,45.99454,-0.000123453007510932,45.9946278149492,-3.56380583332972e-05
14.33025,45.99541,0.000746546992488106,45.9945274845974,-0.000135968410126923
14.34158,45.99321,-0.00145345300751387,45.9944234675542,-0.000239985453296528
14.35292,45.9942,-0.000463453007512271,45.9943271426912,-0.000336310316287415
14.36424,45.99187,-0.00279345300751288,45.9942489515719,-0.000414501435586398
14.37558,45.99451,-0.000153453007513349,45.9941965038629,-0.000466949144588499
14.3869,45.99462,-4.34530075139605e-05,45.9941733342142,-0.000490118793264195
14.39824,45.99341,-0.00125345300751434,45.9941785106293,-0.000484942378215262
14.40955,45.99263,-0.00203345300751323,45.9942070975242,-0.00045635548328163
14.42089,45.99551,0.000846546992491426,45.9942513315014,-0.000412121506152079
14.4322,45.99558,0.000916546992485223,45.9943022620444,-0.00036119096315742
14.44354,45.99427,-0.000393453007511368,45.9943515187248,-0.000311934282660921
14.45486,45.99538,0.000716546992485689,45.9943928287599,-0.000270624247635954
14.46622,45.9951,0.000436546992489184,45.99442297499,-0.000240478017515523
14.47754,45.99483,0.000166546992488747,45.9944420377156,-0.000221415291869705
14.48889,45.99309,-0.00157345300750933,45.9944529445005,-0.000210508506998911
14.50023,45.99283,-0.0018334530075137,45.994460512153,-0.000202940854501393
14.51154,45.99669,0.00202654699248939,45.9944702584885,-0.00019319451905354
14.52288,45.994,-0.000663453007511805,45.9944872489233,-0.000176204084235037
14.53423,45.9941,-0.000563453007508485,45.9945151542336,-0.000148298773915652
14.54555,45.9928,-0.00186345300750901,45.9945556211853,-0.000107831822258031
14.55686,45.99412,-0.000543453007509243,45.9946080315253,-5.54214822370528e-05
14.5682,45.99796,0.00329654699248749,45.9946696817863,6.22877883970739e-06
14.57954,45.99386,-0.00080345300751361,45.9947363113478,7.28583402931669e-05
14.59088,45.99424,-0.000423453007513785,45.9948028107943,0.000139357786795554
14.6022,45.99335,-0.00131345300751207,45.9948639513613,0.000200498353749028
14.61355,45.99673,0.00206654699248787,45.9949150589269,0.000251605919353384
14.62487,45.9954,0.000736546992484932,45.9949525955815,0.00028914257400876
14.6362,45.99452,-0.000143453007510175,45.9949745755575,0.000311122550020633
14.64754,45.99677,0.00210654699248636,45.9949807159442,0.000317262936727082
14.65888,45.99396,-0.000703453007510291,45.9949722760526,0.000308823045121081
14.67024,45.99363,-0.00103345300750846,45.994951650124,0.000288197116527914
14.68159,45.9952,0.000536546992485398,45.9949218806626,0.00025842765504682
14.69289,45.99248,-0.0021834530075111,45.9948862943867,0.000222841379234415
14.70423,45.99649,0.00182654699248985,45.9948483945521,0.00018494154456884
14.71555,45.99722,0.00255654699248709,45.994811990463,0.000148537455519693
14.72685,45.9935,-0.00116345300751419,45.994781390648,0.000117937640475673
14.73821,45.99438,-0.00028345300751198,45.9947614337852,9.79807777384208e-05
14.74954,45.9978,0.00313654699248644,45.9947572146084,9.3761600868011e-05
14.76087,45.992,-0.00266345300751425,45.9947735089864,0.000110055978932117
14.77223,45.99259,-0.00207345300751172,45.9948140255235,0.000150572516022074
14.78356,45.99735,0.00268654699248572,45.9948806740563,0.000217221048752588
14.79492,45.99529,0.000626546992485544,45.9949730184072,0.000309565399689691
14.80624,45.99446,-0.000203453007515009,45.9950879750434,0.000424522035843323
14.81759,45.99804,0.00337654699249157,45.9952197252696,0.000556272262067798
14.82892,45.99207,-0.00259345300751335,45.9953598240949,0.000696371087429504
14.84027,45.99359,-0.00107345300751405,45.995497593359,0.000834140351474749
14.85159,45.99468,1.65469924908734e-05,45.9956209661628,0.000957513155240286
14.86294,45.99691,0.00224654699248816,45.9957178885883,0.00105443558077831
14.87426,45.99704,0.00237654699248679,45.9957781558713,0.00111470286383903
14.8856,45.998,0.00333654699248598,45.9957952836756,0.00113183066804873
14.89695,45.99638,0.00171654699249046,45.9957678798652,0.00110442685767671
14.9083,45.99585,0.00118654699248566,45.9957000829326,0.00103662992511415
14.91965,45.99469,2.65469924869421e-05,45.995600910377,0.000937457369442833
14.931,45.99551,0.000846546992491426,45.9954826695596,0.000819216552041373
14.94232,45.99567,0.00100654699248537,45.9953587973216,0.000695344314062736
14.95366,45.99399,-0.000673453007514979,45.9952415705711,0.000578117563586742
14.96501,45.9952,0.000536546992485398,45.995140109034,0.000476656026462885
14.97636,45.99385,-0.000813453007509679,45.9950590293903,0.000395576382793527
14.9877,45.99182,-0.00284345300751454,45.9949980199048,0.000334566897289966
14.99905,45.99588,0.00121654699248808,45.994952459456,0.000289006448465851
15.01041,45.99735,0.00268654699248572,45.9949149789143,0.000251525906756041
15.02173,45.996,0.00133654699249064,45.9948775921703,0.000214139162777359
15.03307,45.99332,-0.00134345300751448,45.9948338358051,0.00017038279763567
15.04438,45.99847,0.00380654699248595,45.9947803693101,0.000116916302580677
15.0557,45.99355,-0.00111345300751253,45.9947176782913,5.42252837626727e-05
15.06702,45.99676,0.00209654699249029,45.9946497720777,-1.36809297755514e-05
15.07836,45.99277,-0.00189345300751143,45.9945830081098,-8.04448977354277e-05
15.08966,45.99237,-0.00229345300751049,45.9945243988606,-0.000139054146952237
15.101,45.99144,-0.00322345300751437,45.9944799127241,-0.000183540283370285
15.11235,45.99633,0.0016665469924888,45.994453269655,-0.000210183352482028
15.12368,45.9958,0.00113654699249111,45.9944455084689,-0.000217944538576072
15.13504,45.99548,0.000816546992489009,45.9944552663602,-0.000208186647269034
15.14639,45.99343,-0.0012334530075151,45.9944794702141,-0.000183982793430081
15.15774,45.99568,0.00101654699248854,45.9945141235434,-0.000149329464107106
15.16908,45.99275,-0.00191345300751067,45.9945550177726,-0.000108435234932932
15.18044,45.99458,-8.34530075124462e-05,45.9945983434735,-6.51095340444384e-05
15.19173,45.99409,-0.00057345300751166,45.9946412300009,-2.22230066085354e-05
15.20307,45.99603,0.00136654699248595,45.99468219737,1.87443625068656e-05
15.21437,45.99714,0.00247654699249011,45.9947214113281,5.79583206063589e-05
15.22571,45.99426,-0.000403453007514543,45.9947605758681,9.71228606172452e-05
15.23704,45.9936,-0.00106345300751087,45.9948023593687,0.000138906361162716
15.24838,45.99491,0.000246546992485719,45.994849428869,0.000185975861439036
15.25972,45.99529,0.000626546992485544,45.9949033508385,0.000239897830961118
15.27108,45.99183,-0.00283345300751137,45.994963691897,0.000300238889533897
15.28241,45.99532,0.000656546992487961,45.9950276034855,0.000364150478015483
15.29375,45.99647,0.00180654699249061,45.9950900433763,0.000426590368761093
15.3051,45.994,-0.000663453007511805,45.995144607879,0.00048115487144105
15.31642,45.99568,0.00101654699248854,45.9951847722366,0.000521319229073449
15.32774,45.99662,0.00195654699248848,45.9952052326136,0.000541779606102161
15.33908,45.99606,0.00139654699248837,45.9952030323987,0.000539579391228422
15.3504,45.99461,-5.34530075100292e-05,45.995178215473,0.000514762465536797
15.36174,45.99658,0.00191654699249,45.9951338688929,0.000470415885426975
15.37307,45.99398,-0.000683453007511048,45.9950755814634,0.000412128455841863
15.3844,45.99424,-0.000423453007513785,45.9950105041083,0.000347051100759554
15.39573,45.99256,-0.00210345300751413,45.994946299938,0.00028284693049734
15.40708,45.99512,0.000456546992488427,45.9948902756991,0.000226822691601626
15.41842,45.9967,0.00203654699248546,45.9948488652928,0.000185412285271208
15.42976,45.99584,0.00117654699248959,45.9948274264788,0.000163973471340326
15.4411,45.99689,0.00222654699248892,45.9948301407869,0.00016668777937315
15.45245,45.99104,-0.00362345300751343,45.9948598047022,0.000196351694654746
15.4638,45.99469,2.65469924869421e-05,45.9949174679281,0.000254014920598415
15.47515,45.9952,0.000536546992485398,45.9950020598421,0.0003386068345834
15.4865,45.9976,0.00293654699248691,45.9951101849679,0.000446731960383164
15.49782,45.9935,-0.00116345300751419,45.9952361604956,0.000572707488098518
15.50918,45.99554,0.000876546992486738,45.9953722638812,0.000708810873676778
15.52052,45.99516,0.000496546992486913,45.9955091623816,0.000845709374049744
15.53184,45.99354,-0.0011234530075086,45.9956365549768,0.000973101969252107
15.54319,45.99809,0.00342654699248612,45.9957440604322,0.00108060742470096
15.55451,45.99557,0.000906546992489154,45.9958223034042,0.00115885039669714
15.56585,45.99541,0.000746546992488106,45.9958640426106,0.00120058960305789
15.5772,45.99742,0.00275654699248662,45.9958651290335,0.00120167602598023
15.58854,45.99416,-0.000503453007510757,45.9958251048261,0.00116165181860881
15.59988,45.9978,0.00313654699248644,45.995747318965,0.00108386595750897
15.61122,45.9972,0.00253654699248784,45.9956385031161,0.000975050108557272
15.62257,45.99364,-0.00102345300751239,45.9955078261001,0.000844373092539073
15.63391,45.99422,-0.000443453007513028,45.9953655565105,0.000702103503006032
15.64524,45.99489,0.000226546992486476,45.995221590791,0.000558137783511957
15.65658,45.99548,0.000816546992489009,45.9950841600255,0.000420707018018894
15.66789,45.99625,0.00158654699249183,45.9949589552136,0.000295502206123017
15.67926,45.99287,-0.00179345300750811,45.9948487723379,0.000185319330435898
15.69058,45.99347,-0.0011934530075095,45.9947536859073,9.02328997695118e-05
15.70192,45.99449,-0.000173453007512592,45.9946717266834,8.27367583562634e-06
15.71323,45.99651,0.0018465469924891,45.9945999796116,-6.34733959194842e-05
15.72455,45.99533,0.000666546992491135,45.9945358857093,-0.000127567298230782
15.73586,45.99458,-8.34530075124462e-05,45.9944784081211,-0.000185044886419776
15.74722,45.99556,0.00089654699248598,45.9944287245963,-0.000234728411207827
15.75859,45.99525,0.000586546992487058,45.9943902524288,-0.000273200578671715
15.76993,45.99163,-0.0030334530075109,45.9943680179974,-0.000295435010155424
15.78127,45.99365,-0.00101345300750921,45.9943675675155,-0.000295885491979192
15.79264,45.99664,0.00197654699248773,45.9943937151633,-0.000269737844250901
15.804,45.99493,0.000266546992484962,45.9944494023308,-0.000214050676678944
15.81533,45.99241,-0.00225345300751201,45.9945348470026,-0.000128606004866587
15.82665,45.99297,-0.00169345300751189,45.9946471073812,-1.63456262671893e-05
15.83798,45.99477,0.000106546992491019,45.9947801864924,0.000116733484853369
15.84931,45.99582,0.00115654699249035,45.9949257528101,0.000262299802583234
15.86064,45.99653,0.00186654699248834,45.9950743830599,0.000410930052348877
15.87197,45.99445,-0.000213453007511077,45.9952170453457,0.000553592338150552
15.88332,45.99594,0.00127654699248581,45.9953464714927,0.000683018485184603
15.89464,45.99599,0.00132654699248747,45.995458137992,0.000794684984509124
15.90599,45.99598,0.0013165469924914,45.9955507013091,0.000887248301637924
15.91731,45.99553,0.000866546992490669,45.9956258465337,0.000962393526202154
15.92863,45.99581,0.00114654699248717,45.9956876050983,0.00102415209079578
15.93996,45.99413,-0.000533453007513174,45.9957412880862,0.001077835078721
15.9513,45.99747,0.00280654699248828,45.9957922463521,0.00112879334462757
15.96265,45.99503,0.000366546992488281,45.9958446803247,0.00118122731718202
15.97398,45.9952,0.000536546992485398,45.9959006888008,0.00123723579325544
15.98533,45.99625,0.00158654699249183,45.9959597031855,0.00129625017802435
15.99667,45.99449,-0.000173453007512592,45.9960184159417,0.0013549629341709
16.00802,45.9962,0.00153654699249017,45.9960712562531,0.00140780324562092
16.01935,45.99623,0.00156654699248548,45.9961113711471,0.00144791813953753
16.03065,45.99687,0.00220654699248968,45.9961319486613,0.00146849565381386
16.04197,45.99574,0.00107654699248627,45.9961276102118,0.00146415720424251
16.05332,46,0.00533654699248842,45.9960955477013,0.0014320946937554
16.06462,45.99508,0.000416546992489941,45.9960361196532,0.00137266664568561
16.07596,45.99442,-0.000243453007513494,45.9959527623891,0.00128930938162693
16.0873,45.99545,0.000786546992486592,45.9958512888743,0.00118783586681147
16.09864,45.99551,0.000846546992491426,45.9957388393045,0.00107538629698366
16.10999,45.99558,0.000916546992485223,45.995622800431,0.000959347423524437
16.12134,45.99535,0.000686546992490378,45.9955099187241,0.000846465716550604
16.13264,45.99586,0.00119654699248883,45.9954056948458,0.000742241838318743
16.14397,45.99443,-0.00023345300751032,45.9953140483642,0.000650595356670301
16.15532,45.99726,0.00259654699248557,45.9952371957737,0.000573742766157042
16.16666,45.99486,0.000196546992491164,45.9951756758551,0.000512222847554886
16.17799,45.99358,-0.00108345300751012,45.9951284812098,0.00046502820230931
16.18932,45.99457,-9.34530075085149e-05,45.9950933100346,0.000429857027126827
16.20065,45.99417,-0.000493453007514688,45.995066993449,0.000403540441495108
16.21198,45.99804,0.00337654699249157,45.9950461143398,0.000382661332288502
16.2233,45.99526,0.000596546992490232,45.995027716367,0.000364263359456163
16.23466,45.99292,-0.00174345300751355,45.9950099095843,0.000346456576783231
16.246,45.99799,0.00332654699248991,45.9949922061555,0.000328753147988906
16.25734,45.99214,-0.00252345300751244,45.9949755384369,0.000312085429355212
16.26868,45.9958,0.00113654699249111,45.994962020005,0.000298566997533768
16.28002,45.99489,0.000226546992486476,45.9949545521133,0.000291099105756967
16.29136,45.99558,0.000916546992485223,45.9949563638746,0.000292910867122153
16.30272,45.99378,-0.000883453007510582,45.9949705354428,0.000307082435332963
16.31405,45.9958,0.00113654699249111,45.9949995230435,0.000336070036007569
16.3254,45.99477,0.000106546992491019,45.9950446965669,0.000381243559419839
16.33672,45.99666,0.00199654699248697,45.995105899237,0.000442446229515876
16.34806,45.99511,0.000446546992485253,45.9951810423418,0.000517589334299207
16.35941,45.99483,0.000166546992488747,45.9952657858419,0.000602332834338477
16.37075,45.99182,-0.00284345300751454,45.9953534386874,0.000689985679905648
16.3821,45.99656,0.00189654699249076,45.9954352828684,0.00077182986093484
16.39346,45.99413,-0.000533453007513174,45.9955014853356,0.000838032328056478
16.40481,45.99634,0.00167654699248487,45.9955425754784,0.000879122470842638
16.41614,45.99775,0.00308654699249189,45.9955512137257,0.000887760718177114
16.42749,45.99677,0.00210654699248636,45.9955237936076,0.000860340600125195
16.43881,45.9968,0.00213654699248877,45.9954613997684,0.000797946760876087
16.45018,45.99488,0.000216546992490407,45.995369810043,0.000706357035491806
16.46151,45.99332,-0.00134345300751448,45.995258524471,0.000595071463480781
16.47285,45.9954,0.000736546992484932,45.995139100869,0.000475647861469597
16.48418,45.99483,0.000166546992488747,45.9950232424279,0.00035978942036909
16.4955,45.99416,-0.000503453007510757,45.9949210722005,0.00025761919299597
16.50684,45.99391,-0.000753453007511951,45.994839906499,0.000176453491466676
16.51817,45.99491,0.000246546992485719,45.9947836940749,0.000120241067371053
16.5295,45.99318,-0.00148345300750918,45.9947531499872,8.96969797129726e-05
16.54081,45.99691,0.00224654699248816,45.9947464676401,8.30146326012791e-05
16.55215,45.9963,0.00163654699248639,45.9947603477628,9.68947553249134e-05
16.56348,45.99565,0.000986546992486126,45.9947909946148,0.000127541607309543
16.57483,45.9937,-0.000963453007514659,45.9948347679317,0.000171314924239027
16.5862,45.99595,0.00128654699248898,45.994888356776,0.000224903768497825
16.59754,45.99284,-0.00182345300751052,45.9949485706901,0.000285117682583782
16.60888,45.9945,-0.000163453007509418,45.9950120016903,0.000348548682784468
16.62023,45.99401,-0.000653453007508631,45.9950748357679,0.000411382760417389
16.63156,45.99516,0.000496546992486913,45.9951329914512,0.00046953844371405
16.6429,45.99805,0.00338654699248764,45.995182578744,0.000519125736450191
16.65424,45.99628,0.00161654699248714,45.9952204871059,0.000557034098367853
16.66558,45.99354,-0.0011234530075086,45.9952448379362,0.000581384928647033
16.67692,45.99431,-0.000353453007512883,45.9952551339059,0.00059168089839601
16.68826,45.99514,0.00047654699248767,45.9952521252794,0.000588672271838914
16.69961,45.99638,0.00171654699249046,45.9952375290157,0.000574076008145549
16.71094,45.99582,0.00115654699249035,45.9952137067649,0.000550253757426668
16.72228,45.99494,0.000276546992488136,45.9951833210257,0.000519868018170773
16.73359,45.99467,6.5469924876993e-06,45.9951489681573,0.000485515149766426
16.74493,45.9941,-0.000563453007508485,45.9951128497973,0.000449396789761915
16.75627,45.99358,-0.00108345300751012,45.9950766075649,0.000413154557410428
16.7676,45.99617,0.00150654699248776,45.9950414250056,0.00037797199805182
16.77895,45.99619,0.001526546992487,45.9950083797949,0.000344926787416418
16.79029,45.99659,0.00192654699248607,45.9949788750372,0.000315422029656831
16.80162,45.99414,-0.00052345300751,45.9949549035723,0.000291450564749002
16.81293,45.99353,-0.00113345300751178,45.994938972179,0.000275519171499589
16.82425,45.99691,0.00224654699248816,45.9949336820319,0.000270229024402622
16.83557,45.9939,-0.000763453007515125,45.994941102224,0.000277649216529538
16.84692,45.99488,0.000216546992490407,45.9949621193292,0.000298666321644297
16.85827,45.99319,-0.00147345300751311,45.9949959354797,0.000332482472216764
16.86962,45.99549,0.000826546992485078,45.9950398610512,0.000376408043710056
16.88098,45.99586,0.00119654699248883,45.9950894847344,0.000426031726877698
16.89232,45.99603,0.00136654699248595,45.9951391908894,0.000475737881881283
16.90363,45.99342,-0.00124345300751116,45.9951828907417,0.000519437734211166
16.91496,45.99611,0.00144654699249003,45.9952148081613,0.000551355153826669
16.92629,45.99586,0.00119654699248883,45.9952301996145,0.000566746607000731
16.93761,45.99458,-8.34530075124462e-05,45.9952259257551,0.000562472747580329
16.94894,45.99562,0.000956546992490814,45.9952008063271,0.000537353319545893
16.96029,45.99586,0.00119654699248883,45.9951557085268,0.00049225551924534
16.97164,45.99465,-1.34530075115435e-05,45.9950933559603,0.000429902952841304
16.98298,45.99429,-0.000373453007512126,45.9950178903967,0.000354437389141075
16.99434,45.99585,0.00118654699248566,45.9949342608167,0.000270807809171064
17.00568,45.99507,0.000406546992486767,45.994847539607,0.000184086599458039
17.01702,45.99347,-0.0011934530075095,45.9947622668158,9.88138082780651e-05
17.02835,45.99556,0.00089654699248598,45.9946819175391,1.84645315942627e-05
17.03969,45.99352,-0.00114345300751495,45.9946085866087,-5.48663988566638e-05
17.05102,45.99445,-0.000213453007511077,45.9945429704582,-0.000120482549278236
17.06236,45.99287,-0.00179345300750811,45.9944846793619,-0.00017877364560009
17.07371,45.99499,0.000326546992489796,45.9944328315594,-0.000230621448133058
17.08504,45.99958,0.00491654699249011,45.9943867689886,-0.000276684018915634
17.09639,45.99241,-0.00225345300751201,45.9943466369807,-0.000316816026790204
17.10774,45.99235,-0.00231345300750974,45.9943135881241,-0.000349864883410172
17.11906,45.99538,0.000716546992485689,45.9942895472454,-0.000373905762130579
17.13041,45.99352,-0.00114345300751495,45.9942766866244,-0.000386766383146622
17.14171,45.99498,0.000316546992486622,45.9942768412107,-0.000386611796767057
17.15305,45.99336,-0.00130345300750889,45.9942910350248,-0.000372417982710066
17.16439,45.99434,-0.000323453007510466,45.9943192061849,-0.000344246822610527
17.17572,45.99345,-0.00121345300750875,45.9943601687548,-0.000303284252678842
17.18706,45.99492,0.000256546992488893,45.9944118070036,-0.00025164600393625
17.1984,45.99658,0.00191654699249,45.9944714332433,-0.000192019764213816
17.20976,45.99351,-0.00115345300751102,45.994536177656,-0.000127275351475587
17.2211,45.99437,-0.000293453007508049,45.9946032733408,-6.01796667385371e-05
17.23245,45.99609,0.00142654699249078,45.9946701741433,6.72113578861289e-06
17.24379,45.99371,-0.000953453007511484,45.9947345489553,7.10959477700563e-05
17.25512,45.993,-0.00166345300750947,45.9947942733427,0.000130820335142007
17.26646,45.99368,-0.000983453007513901,45.9948475655246,0.000184112517115387
17.27777,45.99547,0.000806546992485835,45.9948933680168,0.000229915009256021
17.2891,45.9972,0.00253654699248784,45.9949319315115,0.000268478503937809
17.30045,45.99647,0.00180654699249061,45.994965363634,0.000301910626445218
17.31178,45.99403,-0.000633453007509388,45.994997802666,0.000334349658538672
17.32311,45.99532,0.000656546992487961,45.9950349642438,0.000371511236291181
17.33442,45.9964,0.00173654699248971,45.9950830339262,0.000419580918722221
17.34576,45.99466,-3.45300750836941e-06,45.9951471005908,0.000483647583289052
17.35709,45.99407,-0.000593453007510902,45.9952294704788,0.000566017471332928
17.36843,45.99324,-0.00142345300751145,45.9953282848885,0.00066483188099951
17.3798,45.99384,-0.000823453007512853,45.9954368836196,0.000773430612059516
17.39113,45.99519,0.00052654699248933,45.9955442512655,0.000880798258008907
17.40246,45.99567,0.00100654699248537,45.9956366243784,0.000973171370917917
17.41378,45.99729,0.00262654699248799,45.9956999937957,0.00103654078818087
17.42512,45.99702,0.00235654699248755,45.9957229398778,0.00105948687031047
17.43646,45.99909,0.0044265469924909,45.995699103412,0.00103565040448174
17.44779,45.99507,0.000406546992486767,45.9956286742389,0.000965221231396413
17.45914,45.99569,0.00102654699249172,45.9955185574498,0.000855104442309643
17.4705,45.99355,-0.00111345300751253,45.9953812634644,0.000717810456849567
17.48182,45.99377,-0.000893453007513756,45.9952329124962,0.000569459488658891
17.49316,45.99502,0.000356546992485107,45.9950909055135,0.000427452505967467
17.50447,45.99435,-0.000313453007514397,45.9949717508037,0.0003082977962112
17.5158,45.99696,0.00229654699248982,45.9948893226423,0.000225869634746945
17.52715,45.99466,-3.45300750836941e-06,45.9948536009198,0.000190147912263305
17.53845,45.99494,0.000276546992488136,45.9948698129118,0.000206359904258193
17.54981,45.99422,-0.000443453007513028,45.9949379065936,0.000274453586083913
17.56115,45.99506,0.000396546992490698,45.9950523732046,0.000388920197050317
17.5725,45.99487,0.000206546992487233,45.9952025101931,0.000539057185622031
17.58382,45.99438,-0.00028345300751198,45.9953732193873,0.000709766379753228
17.59518,45.99511,0.000446546992485253,45.995546376661,0.000882923653515971
17.60652,45.99451,-0.000153453007513349,45.9957027119086,0.00103925890108084
17.61785,45.99863,0.003966546992487,45.9958240088208,0.00116055581330281
17.62918,45.99741,0.00274654699249055,45.9958952932537,0.00123184024618054
17.64052,45.99595,0.00128654699248898,45.9959065992881,0.00124314628057376
17.65188,45.99586,0.00119654699248883,45.995853969975,0.00119051696752417
17.66322,45.9959,0.00123654699248732,45.9957395654166,0.00107611240913593
17.67457,45.99316,-0.00150345300750843,45.9955710011231,0.000907548115598089
17.68591,45.99532,0.000656546992487961,45.9953601962721,0.0006967432645518
17.69726,45.9957,0.00103654699248779,45.9951220206052,0.000458567597733198
17.70862,45.99663,0.00196654699249166,45.994872916052,0.000209463044453135
17.71994,45.99482,0.000156546992485573,45.9946295261455,-3.39268619939074e-05
17.73128,45.99327,-0.00139345300750904,45.9944073096807,-0.000256143326823502
17.74262,45.99292,-0.00174345300751355,45.9942191871613,-0.000444265846230654
17.75393,45.99516,0.000496546992486913,45.9940743840687,-0.000589068938849072
17.76526,45.99357,-0.00109345300751329,45.9939776718392,-0.000685781168274131
17.7766,45.99355,-0.00111345300751253,45.9939291399303,-0.00073431307724391
17.78794,45.99264,-0.00202345300751006,45.9939245334515,-0.000738919556015054
17.79926,45.99388,-0.000783453007514368,45.993956114543,-0.000707338464533842
17.8106,45.99679,0.0021265469924856,45.9940139305565,-0.000649522450986412
17.82195,45.99368,-0.000983453007513901,45.9940872807414,-0.000576172266094103
17.83326,45.99254,-0.00212345300751338,45.994166121704,-0.000497331303503766
17.84462,45.99548,0.000816546992489009,45.9942421985252,-0.000421254482337054
17.85598,45.99348,-0.00118345300751344,45.9943097892925,-0.000353663714973712
17.86734,45.99684,0.00217654699248726,45.9943660099617,-0.00029744304584073
17.87867,45.99457,-9.34530075085149e-05,45.9944106322381,-0.000252820769407675
17.89,45.99397,-0.000693453007514222,45.9944454001916,-0.000218052815919919
17.90134,45.99279,-0.00187345300751218,45.9944729447144,-0.000190508293076383
17.91266,45.99592,0.00125654699248656,45.9944955401139,-0.000167912893613678
17.924,45.99278,-0.00188345300750825,45.9945140251202,-0.000149427887294292
17.93535,45.99351,-0.00115345300751102,45.9945271777744,-0.000136275233125487
17.94671,45.99416,-0.000503453007510757,45.9945317251619,-0.000131727845572551
17.95807,45.99491,0.000246546992485719,45.9945230229633,-0.000140430044252929
17.96944,45.99596,0.00129654699248505,45.9944962684955,-0.000167184511978487
17.98078,45.9939,-0.000763453007515125,45.9944479550876,-0.000215497919879692
17.99214,45.99546,0.000796546992489766,45.9943772066775,-0.00028624632999391
18.00347,45.99484,0.000176546992491922,45.9942866769812,-0.000376776026340022
18.0148,45.99389,-0.000773453007511193,45.9941828163699,-0.00048063663757452
18.02615,45.99394,-0.000723453007509534,45.9940754465818,-0.000588006425728619
18.0375,45.99489,0.000226546992486476,45.993976706393,-0.000686746614549682
18.04883,45.99382,-0.000843453007512096,45.9938995231671,-0.000763929840462281
18.06017,45.99259,-0.00207345300751172,45.9938558247724,-0.000807628235153889
18.07152,45.99518,0.000516546992486155,45.9938547481314,-0.000808704876129742
18.08288,45.99211,-0.00255345300751486,45.993901125579,-0.000762327428521587
18.09421,45.99279,-0.00187345300751218,45.9939945199226,-0.000668933084909975
18.10556,45.99438,-0.00028345300751198,45.9941290192859,-0.000534433721619713
18.11689,45.99293,-0.00173345300751038,45.9942938851982,-0.000369567809263306
18.12824,45.99693,0.00226654699248741,45.994474976071,-0.000188476936496557
18.13956,45.99372,-0.00094345300750831,45.9946566881202,-6.76488730492081e-06
18.15089,45.99736,0.00269654699248889,45.9948240417807,0.000160588773170425
18.16224,45.99348,-0.00118345300751344,45.9949645437648,0.000301090757311809
18.17359,45.99492,0.000256546992488893,45.995069562649,0.000406109641455869
18.18493,45.99528,0.000616546992489475,45.9951351036926,0.000471650685090476
18.19628,45.99622,0.00155654699248942,45.9951619768084,0.000498523800869981
18.20761,45.99599,0.00132654699248747,45.9951553903715,0.000491937363989927
18.21897,45.99385,-0.000813453007509679,45.9951240206725,0.000460567664995079
18.23033,45.99526,0.000596546992490232,45.9950786643894,0.00041521138192035
18.24166,45.99372,-0.00094345300750831,45.995030669596,0.000367216588524569
18.25298,45.99621,0.00154654699248624,45.9949903888536,0.00032693584607399
18.26434,45.99478,0.000116546992487088,45.9949658661645,0.000302413156996034
18.27569,45.99601,0.00134654699248671,45.9949618963182,0.000298443310714167
18.28702,45.99271,-0.00195345300750915,45.9949795506543,0.000316097646782719
18.29836,45.99203,-0.00263345300751183,45.9950162693287,0.000352816321158626
18.30969,45.99719,0.00252654699249177,45.9950666114989,0.000403158491354947
18.32105,45.99438,-0.00028345300751198,45.9951236360068,0.000460182999287024
18.33241,45.99794,0.00327654699248825,45.9951806556625,0.000517202655015577
18.34372,45.99698,0.00231654699248907,45.9952329038725,0.00056945086497893
18.35504,45.99513,0.000466546992491601,45.9952786253173,0.000615172309783787
18.36637,45.99375,-0.000913453007512999,45.9953192865122,0.000655833504699096
18.37768,45.99729,0.00262654699248799,45.9953588977417,0.000695444734171082
18.38903,45.9934,-0.00126345300751041,45.9954026930347,0.000739240027172088
18.40035,45.99505,0.000386546992487524,45.9954555369631,0.000792083955624273
18.41168,45.99558,0.000916546992485223,45.9955204281034,0.000856975095934881
18.42302,45.99593,0.00126654699248974,45.9955973996559,0.000933946648405228
18.43434,45.99453,-0.000133453007514106,45.995683012898,0.00101955989050735
18.44566,45.99422,-0.000443453007513028,45.9957705317533,0.00110707874582548
18.45698,45.99667,0.00200654699249014,45.9958507718548,0.00118731884733164
18.46831,45.99628,0.00161654699248714,45.9959135072232,0.00125005421573024
18.47966,45.99709,0.00242654699248845,45.9959491791749,0.0012857261674076
18.49101,45.99733,0.00266654699248647,45.9959505449213,0.00128709191377829
18.50233,45.99438,-0.00028345300751198,45.995913906545,0.00125045353744516
18.51366,45.99776,0.00309654699248796,45.9958396839829,0.00117623097535995
18.52497,45.99507,0.000406546992486767,45.9957322708865,0.00106881787896258
18.53629,45.9953,0.000636546992488718,45.9955992645353,0.000935811527750134
18.5476,45.99526,0.000596546992490232,45.9954502625063,0.00078680949882654
18.55894,45.99567,0.00100654699248537,45.9952954740216,0.000632021014070444
18.5703,45.99268,-0.00198345300751157,45.9951444036642,0.000480950656665108
18.58164,45.9954,0.000736546992484932,45.9950048269138,0.000341373906245231
18.59298,45.99688,0.00221654699248575,45.9948821912263,0.00021873821883052
18.6043,45.99385,-0.000813453007509679,45.9947794570838,0.000116004076283271
18.61565,45.99323,-0.00143345300751463,45.9946972932655,3.38402580098998e-05
18.62697,45.99631,0.00164654699248956,45.9946345120187,-2.89409888206277e-05
18.63829,45.99386,-0.00080345300751361,45.9945886467137,-7.48062938335747e-05
18.64963,45.99576,0.00109654699248551,45.9945565730912,-0.000106879916323647
18.661,45.99508,0.000416546992489941,45.9945350591729,-0.000128393834600333
18.67234,45.99248,-0.0021834530075111,45.9945211517324,-0.000142301275112137
18.68366,45.99604,0.00137654699248912,45.9945123780292,-0.00015107497829825
18.69498,45.99347,-0.0011934530075095,45.9945068101981,-0.000156642809395707
18.70632,45.99541,0.000746546992488106,45.9945030597228,-0.000160393284699596
18.71764,45.99345,-0.00121345300750875,45.9945002472374,-0.000163205770136856
18.72899,45.99649,0.00182654699248985,45.9944979682942,-0.000165484713318113
18.74033,45.99124,-0.0034234530075139,45.9944962707068,-0.000167182300693501
18.75165,45.99426,-0.000403453007514543,45.9944956624877,-0.000167790519852727
18.763,45.99735,0.00268654699248572,45.9944971470668,-0.00016630594074604
18.77433,45.99525,0.000586546992487058,45.994502209492,-0.000161243515494841
18.78567,45.99579,0.00112654699248793,45.9945126048686,-0.000150848138881333
18.79701,45.99189,-0.00277345300751364,45.9945298419213,-0.00013361108615977
18.80835,45.9956,0.000936546992491571,45.9945544397593,-0.000109013248169418
18.81971,45.99168,-0.00298345300750924,45.9945852396012,-7.82134063603429e-05
18.83105,45.9933,-0.00136345300751373,45.9946191226627,-4.4330344858949e-05
18.84239,45.99571,0.00104654699249096,45.9946513728035,-1.20802040218369e-05
18.8537,45.99574,0.00107654699248627,45.9946766795444,1.3226536909204e-05
18.86506,45.9959,0.00123654699248732,45.9946905096458,2.7056638280431e-05
18.87639,45.99582,0.00115654699249035,45.994690414576,2.69615685050268e-05
18.88775,45.99377,-0.000893453007513756,45.9946768700656,1.34170581268426e-05
18.89909,45.99387,-0.000793453007510436,45.9946534270664,-1.00259411563574e-05
18.91043,45.99689,0.00222654699248892,45.9946261678496,-3.72851578797407e-05
18.92177,45.99438,-0.00028345300751198,45.9946026032494,-6.0849758098974e-05
18.93312,45.99361,-0.0010534530075148,45.9945902132377,-7.32397698227554e-05
18.94446,45.99421,-0.000453453007509097,45.9945948871713,-6.85658361753617e-05
18.95582,45.99302,-0.00164345300751023,45.994619580602,-4.38724055115994e-05
18.96716,45.99476,9.65469924878448e-05,45.9946635107971,5.77896332009142e-08
18.9785,45.9944,-0.000263453007512737,45.994722112941,5.8659933482381e-05
18.98985,45.99403,-0.000633453007509388,45.9947878013307,0.00012434832313956
19.00118,45.99459,-7.34530075092721e-05,45.994851391768,0.00018793876048081
19.0125,45.99763,0.00296654699248933,45.9949038865031,0.000240433495624799
19.02384,45.99648,0.00181654699248668,45.9949382210986,0.000274768091054079
19.03519,45.99343,-0.0012334530075151,45.9949505625856,0.000287109578094472
19.04653,45.99533,0.000666546992491135,45.9949408735378,0.00027742053025837
19.05786,45.99642,0.00175654699248895,45.9949126784088,0.000249225401273053
19.06919,45.99339,-0.00127345300751358,45.9948721707009,0.000208717693351176
19.08052,45.99321,-0.00145345300751387,45.9948269142168,0.000163461209312063
19.09185,45.99612,0.0014565469924861,45.9947844337195,0.0001209807120165
19.10321,45.99448,-0.00018345300750866,45.9947509703729,8.75173654066362e-05
19.11454,45.99335,-0.00131345300751207,45.9947305937064,6.71406989154019e-05
19.12587,45.99629,0.00162654699249032,45.9947247573568,6.13043492836557e-05
19.13722,45.9928,-0.00186345300750901,45.9947323092916,6.88562841203034e-05
19.14856,45.99416,-0.000503453007510757,45.9947499127641,8.64597566141458e-05
19.15987,45.99937,0.0047065469924874,45.9947727730868,0.000109320079301718
19.17122,45.99224,-0.00242345300750912,45.99479550265,0.000132049642467283
19.18255,45.99445,-0.000213453007511077,45.9948129431257,0.000149490118235131
19.1939,45.9935,-0.00116345300751419,45.9948208351853,0.000157382177766488
19.20524,45.99705,0.00238654699248997,45.9948163189995,0.000152865992022525
19.21656,45.99535,0.000686546992490378,45.994798259017,0.000134806009509255
19.2279,45.9943,-0.000363453007508951,45.9947673269952,0.000103873987721317
19.23924,45.99589,0.00122654699249125,45.9947257660161,6.23130085878854e-05
19.25059,45.99337,-0.00129345300751282,45.9946768489481,1.3395940567152e-05
19.26193,45.9938,-0.000863453007511339,45.9946241733146,-3.9279692936769e-05
19.27324,45.99516,0.000496546992486913,45.9945710144413,-9.24385662113445e-05
19.2846,45.99275,-0.00191345300751067,45.994519952138,-0.00014350086953643
19.29594,45.99265,-0.00201345300751399,45.9944728996722,-0.000190553335357768
19.30728,45.99697,0.00230654699248589,45.9944315202079,-0.000231932799585427
19.3186,45.99709,0.00242654699248845,45.9943978394659,-0.000265613541609408
19.32995,45.99488,0.000216546992490407,45.9943747173927,-0.000288735614814121
19.3413,45.99371,-0.000953453007511484,45.9943658447108,-0.000297608296673809
19.35264,45.9924,-0.00226345300750808,45.9943751373203,-0.00028831568724681
19.364,45.99606,0.00139654699248837,45.9944056904712,-0.000257762536267781
19.37536,45.99326,-0.00140345300751221,45.9944586321831,-0.000204820824364623
19.38669,45.99365,-0.00101345300750921,45.9945322170325,-0.000131235975056389
19.39803,45.99369,-0.000973453007510727,45.994621406869,-4.20461385328689e-05
19.4094,45.99644,0.00177654699248819,45.9947180702366,5.46172290589676e-05
19.42072,45.99419,-0.00047345300750834,45.9948118068425,0.000148353834942508
19.43206,45.99276,-0.0019034530075146,45.9948912819307,0.000227828923219616
19.44339,45.99651,0.0018465469924891,45.9949458744269,0.00028242141934861
19.45475,45.99569,0.00102654699249172,45.9949673924734,0.000303939465864693
19.46606,45.99589,0.00122654699249125,45.9949515544886,0.000288101481057568
19.47742,45.9963,0.00163654699248639,45.9948989036387,0.000235450631186396
19.48877,45.99562,0.000956546992490814,45.9948148946173,0.000151441609820629
19.50012,45.9936,-0.00106345300751087,45.9947090818745,4.56288669795989e-05
19.51146,45.99343,-0.0012334530075151,45.994593584857,-6.98681504889013e-05
19.5228,45.99281,-0.00185345300751294,45.9944812092451,-0.000182243762423133
19.53414,45.99421,-0.000453453007509097,45.9943836696263,-0.000279783381244743
19.54544,45.99561,0.00094654699248764,45.9943102518346,-0.000353201172930144
19.55679,45.9949,0.00023654699248965,45.9942670365209,-0.000396416486575107
19.56815,45.99465,-1.34530075115435e-05,45.9942566143091,-0.00040683869838699
19.57952,45.99256,-0.00210345300751413,45.9942781627852,-0.000385290222272592
19.59084,45.99297,-0.00169345300751189,45.9943278167212,-0.000335636286281562
19.6022,45.99612,0.0014565469924861,45.994399331894,-0.000264121113498299
19.61352,45.99529,0.000626546992485544,45.9944850170878,-0.000178435919722325
19.62488,45.99397,-0.000693453007514222,45.9945768069652,-8.66460422859887e-05
19.63621,45.99493,0.000266546992484962,45.9946672827287,3.82972117711266e-06
19.64755,45.99424,-0.000423453007513785,45.9947504803416,8.7027334109575e-05
19.65888,45.99493,0.000266546992484962,45.9948224041554,0.000158951147906021
19.67022,45.9975,0.0028365469924907,45.9948812102552,0.000217757247731748
19.68155,45.99311,-0.00155345300751009,45.9949270380938,0.000263585086265952
19.6929,45.99517,0.000506546992490087,45.9949615078044,0.00029805479685966
19.70424,45.99375,-0.000913453007512999,45.9949869871854,0.000323534177887685
19.7156,45.99566,0.0009965469924893,45.9950058111403,0.000342358132780616
19.72692,45.99538,0.000716546992485689,45.995019637776,0.000356184768490336
19.73822,45.99451,-0.000153453007513349,45.9950290568469,0.000365603839382669
19.74957,45.99419,-0.00047345300750834,45.9950334966882,0.000370043680726909
19.76093,45.9946,-6.34530075132034e-05,45.9950314414662,0.000367988458687198
19.77224,45.99581,0.00114654699248717,45.9950209393646,0.00035748635708504
19.7836,45.99476,9.65469924878448e-05,45.9950003152541,0.000336862246562281
19.79496,45.99648,0.00181654699248668,45.9949689169456,0.000305463938040328
19.80631,45.99452,-0.000143453007510175,45.9949276807581,0.000264227750585568
19.81763,45.9948,0.000136546992486331,45.9948793343347,0.000215881327191135
19.82897,45.99722,0.00255654699248709,45.9948281462324,0.000164693224889704
19.84032,45.99314,-0.00152345300751477,45.9947792450184,0.000115792010886158
19.85163,45.99393,-0.000733453007512708,45.9947376452241,7.41922165735012e-05
19.86298,45.99317,-0.00149345300751236,45.9947072199842,4.37669766443345e-05
19.87432,45.99609,0.00142654699249078,45.9946899022543,2.64492467488375e-05
19.88568,45.99445,-0.000213453007511077,45.9946853279778,2.18749702497168e-05
19.89702,45.99395,-0.000713453007513465,45.9946909889734,2.75359658916259e-05
19.90834,45.99334,-0.00132345300750814,45.9947028362133,3.93832058006949e-05
19.91967,45.99612,0.0014565469924861,45.9947162025928,5.27495853193172e-05
19.93101,45.99524,0.000576546992490989,45.994726851244,6.33982364935083e-05
19.94234,45.99705,0.00238654699248997,45.9947318786879,6.84256803866262e-05
19.95368,45.99466,-3.45300750836941e-06,45.9947301774359,6.67244284148022e-05
19.96503,45.99575,0.00108654699248945,45.9947222673189,5.88143113671741e-05
19.97634,45.99239,-0.00227345300751125,45.9947095299532,4.60769457150529e-05
19.98769,45.99437,-0.000293453007508049,45.9946931287028,2.96756953323118e-05
19.99902,45.99368,-0.000983453007513901,45.9946730490001,9.59599259955578e-06
20.01038,45.99178,-0.00288345300751303,45.9946476813893,-1.5771618190101e-05
20.02171,45.99431,-0.000353453007512883,45.9946141965076,-4.92564998930924e-05
20.03305,45.99673,0.00206654699248787,45.994569676267,-9.3776740485227e-05
20.0444,45.99792,0.00325654699248901,45.994512642289,-0.000150810718528488
20.05574,45.9962,0.00153654699249017,45.9944443903445,-0.000219062663041068
20.06708,45.99312,-0.00154345300751402,45.9943695556522,-0.000293897355278329
20.0784,45.993,-0.00166345300750947,45.9942956366583,-0.000367816349259144
20.08974,45.99428,-0.000383453007508194,45.9942316244145,-0.000431828593030531
20.10109,45.99476,9.65469924878448e-05,45.9941861756332,-0.000477277374342064
20.11243,45.99267,-0.00199345300751474,45.9941658283374,-0.000497624670116005
20.12376,45.99218,-0.00248345300751396,45.9941736737305,-0.000489779277011815
20.13511,45.99312,-0.00154345300751402,45.9942087726364,-0.00045468037107856
20.14643,45.99654,0.00187654699249151,45.9942664418694,-0.000397011138072207
20.15779,45.99478,0.000116546992487088,45.9943393081406,-0.000324144866886461
20.16914,45.99571,0.00104654699249096,45.9944188056233,-0.000244647384166354
20.18044,45.99232,-0.00234345300751215,45.9944967079849,-0.000166745022587787
20.19175,45.99644,0.00177654699248819,45.9945663698606,-9.70831469044174e-05
20.20307,45.9962,0.00153654699249017,45.9946235052462,-3.99477612705368e-05
20.21442,45.9937,-0.000963453007514659,45.994666451956,2.9989485214565e-06
20.22576,45.99292,-0.00174345300751355,45.9946959694558,3.25164482564775e-05
20.23711,45.9931,-0.00156345300751326,45.9947147240203,5.12710127887233e-05
20.24841,45.99667,0.00200654699249014,45.9947266706596,6.32176521316251e-05
20.25974,45.99642,0.00175654699248895,45.9947364634796,7.30104720550758e-05
20.27106,45.99483,0.000166546992488747,45.9947488672561,8.54142486068931e-05
20.28236,45.99357,-0.00109345300751329,45.9947680661319,0.000104613124401612
20.29369,45.99591,0.00124654699249049,45.9947968512217,0.00013339821414123
20.30503,45.99243,-0.00223345300751276,45.9948358276216,0.000172374614047997
20.31634,45.99438,-0.00028345300751198,45.9948828740395,0.000219421032031869
20.3277,45.99656,0.00189654699249076,45.9949330599253,0.000269606917755897
20.33903,45.99352,-0.00114345300751495,45.9949791049554,0.000315651947936588
20.35037,45.99649,0.00182654699248985,45.995012322142,0.000348869134459877
20.36171,45.99355,-0.00111345300751253,45.9950238890709,0.000360436063372204
20.37305,45.9959,0.00123654699248732,45.9950062640052,0.000342810997737488
20.38438,45.99397,-0.000693453007514222,45.9949545684456,0.000291115438132773
20.39572,45.99669,0.00202654699248939,45.9948677547459,0.000204301738431272
20.40704,45.99371,-0.000953453007511484,45.9947493633147,8.59103071396997e-05
20.41835,45.99689,0.00222654699248892,45.9946076752646,-5.57777428820914e-05
20.42966,45.99557,0.000906546992489154,45.9944551133289,-0.000208339678569856
20.441,45.99347,-0.0011934530075095,45.9943068552497,-0.000356597757858402
20.45233,45.99317,-0.00149345300751236,45.9941787990412,-0.000484653966343731
20.46367,45.99376,-0.000903453007509825,45.9940852140217,-0.000578238985778612
20.47501,45.99282,-0.00184345300750977,45.994036534485,-0.000626918522552918
20.48634,45.99321,-0.00145345300751387,45.994037736445,-0.000625716562473843
20.49768,45.99458,-8.34530075124462e-05,45.9940875972139,-0.000575855793649968
20.509,45.99398,-0.000683453007511048,45.9941789399348,-0.000484513072668808
20.52034,45.99374,-0.000923453007509067,45.9942997754432,-0.00036367756432895
20.53168,45.99454,-0.000123453007510932,45.9944351142489,-0.000228338758654354
20.543,45.99435,-0.000313453007514397,45.9945691378236,-9.43151839014174e-05
20.55435,45.99935,0.00468654699248816,45.9946873686075,2.39155999637571e-05
20.5657,45.99278,-0.00188345300750825,45.9947784678457,0.000115014838186384
20.57705,45.99421,-0.000453453007509097,45.9948353733767,0.000171920369151736
20.58835,45.99487,0.000206546992487233,45.9948556814648,0.000192228457313086
20.5997,45.99629,0.00162654699249032,45.9948413804328,0.000177927425303046
20.61104,45.9924,-0.00226345300750808,45.9947981431091,0.000134690101615904
20.62236,45.99479,0.000126546992490262,45.9947343800842,7.09270766857443e-05
20.63369,45.99507,0.000406546992486767,45.9946602137528,-3.23925471002626e-06
20.64503,45.9958,0.00113654699249111,45.9945864725481,-7.69804594502235e-05
20.65637,45.99403,-0.000633453007509388,45.9945237280099,-0.000139724997566149
20.6677,45.99422,-0.000443453007513028,45.9944813557886,-0.000182097218929915
20.67906,45.99553,0.000866546992490669,45.9944666340906,-0.000196818916920879
20.69041,45.99278,-0.00188345300750825,45.9944839632245,-0.000179489783057067
20.70174,45.99379,-0.000873453007514513,45.9945343381139,-0.000129114893572629
20.71305,45.99503,0.000366546992488281,45.994615203073,-4.82499344763307e-05
20.72434,45.99537,0.000706546992489621,45.9947207561004,5.73030928907995e-05
20.73569,45.99524,0.000576546992490989,45.9948426659079,0.000179212900369831
20.74702,45.99316,-0.00150345300750843,45.9949710792871,0.000307626279554308
20.75833,45.99645,0.00178654699249137,45.9950957768103,0.000432323802813007
20.76965,45.99443,-0.00023345300751032,45.9952073534756,0.000543900468093173
20.781,45.99612,0.0014565469924861,45.9952983000515,0.000634847044016703
20.79234,45.99612,0.0014565469924861,45.9953638361858,0.000700383178321916
20.80366,45.99545,0.000786546992486592,45.9954023415741,0.000738888566622342
20.81501,45.99639,0.00172654699248653,45.9954152790406,0.000751826033094845
20.82634,45.99512,0.000456546992488427,45.9954066016246,0.000743148617062285
20.83766,45.99334,-0.00132345300750814,45.9953817592032,0.000718306195730757
20.849,45.99482,0.000156546992485573,45.9953465234104,0.000683070402886824
20.86032,45.99803,0.0033665469924884,45.9953058751758,0.000642422168315048
20.87166,45.99406,-0.000603453007514076,45.9952631266213,0.000599673613792133
20.883,45.99552,0.000856546992487495,45.9952193463115,0.000555893304032097
20.89435,45.99421,-0.000453453007509097,45.9951731225649,0.000509669557419166
20.90569,45.99389,-0.000773453007511193,45.9951207379666,0.000457284959119996
20.91703,45.99446,-0.000203453007515009,45.9950568463235,0.000393393315974629
20.92836,45.99525,0.000586546992487058,45.994975666914,0.000312213906467379
20.93968,45.9964,0.00173654699248971,45.9948725509327,0.00020909792515003
20.95102,45.99516,0.000496546992486913,45.9947456076093,8.21546017982554e-05
20.96237,45.99582,0.00115654699249035,45.9945969960276,-6.64569799599118e-05
20.97372,45.99337,-0.00129345300751282,45.9944335436092,-0.000229909398265872
20.98504,45.99591,0.00124654699249049,45.9942665126646,-0.000396940342952021
20.99639,45.99294,-0.00172345300751431,45.994110520637,-0.000552932370482633
21.00775,45.99527,0.000606546992486301,45.9939817648934,-0.000681688114073272
21.01908,45.99436,-0.000303453007511223,45.9938958002268,-0.000767652780719355
21.03044,45.99095,-0.00371345300751358,45.9938651899715,-0.000798263035998374
21.04176,45.99328,-0.00138345300751297,45.9938974087154,-0.000766044292060581
21.0531,45.99399,-0.000673453007514979,45.9939933776693,-0.00067007533816789
21.06445,45.99503,0.000366546992488281,45.9941469080812,-0.000516544926352591
21.07576,45.99282,-0.00184345300750977,45.9943451306728,-0.000318322334678075
21.08706,45.99622,0.00155654699248942,45.9945698010474,-9.36519601419002e-05
21.0984,45.99322,-0.0014434530075107,45.9947992682927,0.00013581528514383
21.10972,45.99666,0.00199654699248697,45.9950108623251,0.000347409317539761
21.12108,45.99384,-0.000823453007512853,45.9951834497609,0.000519996753413614
21.13241,45.99437,-0.000293453007508049,45.9952999083781,0.000636455370624416
21.14373,45.99707,0.00240654699248921,45.9953492649718,0.000685811964236108
21.15508,45.99829,0.00362654699248566,45.9953282164023,0.000664763394779086
21.16644,45.99323,-0.00143345300751463,45.9952417354836,0.000578282476088454
21.17778,45.99771,0.0030465469924863,45.9951025303237,0.000439077316222001
21.18913,45.99515,0.000486546992490844,45.9949293166714,0.0002658636639151
21.20046,45.99359,-0.00107345300751405,45.9947441161542,8.06631466433372e-05
21.21177,45.99244,-0.00222345300750959,45.9945690198699,-9.44331376447642e-05
21.2231,45.99422,-0.000443453007513028,45.9944229985641,-0.000240454443441522
21.23445,45.99448,-0.00018345300750866,45.9943193459731,-0.000344107034446943
21.24576,45.99275,-0.00191345300751067,45.9942641943481,-0.000399258659423569
21.2571,45.9942,-0.000463453007512271,45.9942563119473,-0.000407141060173475
21.26844,45.9913,-0.00336345300750907,45.994288173494,-0.000375279513528748
21.2798,45.99615,0.00148654699248851,45.9943480989831,-0.000315354024381432
21.29114,45.99698,0.00231654699248907,45.9944230457096,-0.000240407297867673
21.30249,45.99604,0.00137654699248912,45.9945014365265,-0.000162016481006378
21.31381,45.99579,0.00112654699248793,45.9945753327093,-8.81202981756371e-05
21.32514,45.99689,0.00222654699248892,45.9946414181969,-2.20348106349457e-05
21.33648,45.99216,-0.0025034530075132,45.9947006260918,3.71730842468822e-05
21.34782,45.99165,-0.00301345300751166,45.9947566631865,9.32101790152481e-05
21.35914,45.99574,0.00107654699248627,45.9948140029291,0.000150549921626605
21.37044,45.99447,-0.000193453007511835,45.9948759928512,0.000212539843687104
21.38177,45.99323,-0.00143345300751463,45.9949435502323,0.000280097224755979
21.39311,45.99683,0.00216654699249119,45.9950146361776,0.000351183170087515
21.40446,45.99606,0.00139654699248837,45.9950844595333,0.000421006525834364
21.41579,45.99268,-0.00198345300751157,45.9951462280447,0.000482775037193453
21.42712,45.99606,0.00139654699248837,45.9951922265933,0.000528773585787032
21.43844,45.99551,0.000846546992491426,45.9952150209635,0.000551567955945028
21.44978,45.99776,0.00309654699248796,45.9952085974494,0.000545144441909802
21.4611,45.99432,-0.000343453007509709,45.9951692432365,0.000505790229012536
21.47244,45.99464,-2.34530075147177e-05,45.9950960204687,0.000432567461213028
21.48379,45.99448,-0.00018345300750866,45.994990824612,0.000327371604521688
21.49514,45.99333,-0.00133345300751131,45.9948581664247,0.000194713417171691
21.50644,45.99481,0.000146546992489505,45.9947048656394,4.14126318572067e-05
21.51778,45.99557,0.000906546992489154,45.9945397624122,-0.00012369059532172
21.52911,45.99448,-0.00018345300750866,45.9943733995503,-0.000290053457235524
21.54042,45.99625,0.00158654699249183,45.9942175016284,-0.00044595137908721
21.55175,45.99561,0.00094654699248764,45.994084056625,-0.00057939638246247
21.56307,45.99353,-0.00113345300751178,45.9939839219431,-0.000679531064436281
21.57442,45.99067,-0.00399345300751008,45.9939251029826,-0.000738350024911702
21.58574,45.99329,-0.0013734530075098,45.9939110980081,-0.000752354999453628
21.59706,45.99295,-0.00171345300751113,45.9939398238583,-0.000723629149223219
21.6084,45.99441,-0.000253453007509563,45.9940035325003,-0.000659920507257892
21.61972,45.99334,-0.00132345300750814,45.9940898478686,-0.000573605138900587
21.63105,45.99497,0.000306546992490553,45.9941837505546,-0.000479702452884579
21.64241,45.99471,4.6546992486185e-05,45.9942701294898,-0.000393323517659909
21.65374,45.99413,-0.000533453007513174,45.9943364231591,-0.000327029848427965
21.66508,45.99561,0.00094654699248764,45.9943748621307,-0.000288590876840166
21.6764,45.99771,0.0030465469924863,45.994383877616,-0.000279575391550592
21.68773,45.99399,-0.000673453007514979,45.9943683570445,-0.000295095962981543
21.69906,45.99423,-0.000433453007509854,45.9943386326915,-0.000324820316018705
21.7104,45.99284,-0.00182345300751052,45.9943083830971,-0.000355069910383728
21.72173,45.99204,-0.00262345300750866,45.9942919165343,-0.000371536473247828
21.73306,45.99461,-5.34530075100292e-05,45.9943014473341,-0.000362005673373611
21.74441,45.9954,0.000736546992484932,45.9943449011046,-0.000318551902878051
21.75573,45.99275,-0.00191345300751067,45.994424561555,-0.000238891452535715
21.76705,45.99422,-0.000443453007513028,45.9945366404007,-0.000126812606829451
21.77838,45.99578,0.00111654699249186,45.9946717015998,8.2485922631802e-06
21.78972,45.99445,-0.000213453007511077,45.9948157851706,0.000152332163118865
21.80107,45.99643,0.00176654699248502,45.9949520127872,0.000288559779676525
21.81239,45.99424,-0.000423453007513785,45.9950624315663,0.000398978558818861
21.82372,45.99525,0.000586546992487058,45.9951298923652,0.000466439357664507
21.83507,45.99339,-0.00127345300751358,45.9951398408098,0.000476387802315044
21.84639,45.99644,0.00177654699248819,45.9950819593959,0.0004185063883481
21.85774,45.99369,-0.000973453007510727,45.994951588888,0.000288135880527448
21.86909,45.99686,0.0021965469924865,45.9947507843611,8.7331353571135e-05
21.88043,45.99551,0.000846546992491426,45.9944887853799,-0.000174667627578596
21.89176,45.99405,-0.000613453007510145,45.9941816707453,-0.000481782262202637
21.90311,45.99534,0.000676546992487204,45.9938510631863,-0.000812389821171799
21.91443,45.99407,-0.000593453007510902,45.9935219338284,-0.00114151917907766
21.92575,45.99084,-0.00382345300751297,45.9932197767043,-0.0014436763031801
21.93708,45.99085,-0.00381345300750979,45.9929676176934,-0.00169583531406763
21.9484,45.99186,-0.00280345300750895,45.9927834185818,-0.00188003442569519
21.95974,45.99452,-0.000143453007510175,45.9926783599248,-0.00198509308275964
21.97108,45.99121,-0.00345345300750921,45.9926562376119,-0.00200721539561478
21.98241,45.99355,-0.00111345300751253,45.9927139152506,-0.00194953775689632
21.99374,45.99116,-0.00350345300751087,45.9928425798388,-0.0018208731687568
22.00507,45.99468,1.65469924908734e-05,45.993029470967,-0.00163398204051589
22.0164,45.99606,0.00139654699248837,45.9932597233616,-0.0014037296459216
22.02772,45.99272,-0.00194345300751309,45.9935179550639,-0.00114549794358901
22.03907,45.9952,0.000536546992485398,45.9937893088432,-0.000874144164342118
22.05042,45.99338,-0.00128345300750965,45.9940598532004,-0.000603599807096839
22.06176,45.99149,-0.00317345300751271,45.9943165066456,-0.000346946361898146
22.0731,45.99377,-0.000893453007513756,45.9945468378117,-0.000116615195825716
22.08443,45.99485,0.00018654699248799,45.9947391167903,7.56637827445839e-05
22.09577,45.99682,0.00215654699248802,45.9948828340262,0.000219381018684258
22.1071,45.9925,-0.00216345300751186,45.9949696521274,0.0003061991199091
22.11844,45.99683,0.00216654699249119,45.9949945587187,0.00033110571115848
22.12977,45.99574,0.00107654699248627,45.9949569177002,0.000293464692636959
22.1411,45.99561,0.00094654699248764,45.9948611348962,0.000197681888652649
22.1524,45.99491,0.000246546992485719,45.994716720929,5.32679214776644e-05
22.16375,45.99327,-0.00139345300750904,45.9945376551619,-0.000125797845609926
22.1751,45.99442,-0.000243453007513494,45.9943411105692,-0.000322342438310004
22.18642,45.99523,0.000566546992487815,45.9941457173748,-0.000517735632710438
22.19777,45.99498,0.000316546992486622,45.9939695769787,-0.000693876028853418
22.20913,45.99193,-0.00273345300750805,45.9938282289914,-0.000835224016159753
22.22046,45.99366,-0.00100345300751314,45.9937327967943,-0.000930656213238924
22.23181,45.99279,-0.00187345300751218,45.9936885912064,-0.000974861801130014
22.24314,45.99247,-0.00219345300751428,45.9936944595187,-0.000968993488815288
22.25446,45.99351,-0.00115345300751102,45.9937430724144,-0.000920380593159795
22.26582,45.99416,-0.000503453007510757,45.9938221641518,-0.000841288855707667
22.27716,45.99374,-0.000923453007509067,45.9939165388106,-0.000746914196930442
22.28848,45.99576,0.00109654699248551,45.9940104837576,-0.000652969249869616
22.29984,45.9958,0.00113654699249111,45.9940901400501,-0.000573312957401112
22.31117,45.99214,-0.00252345300751244,45.9941454013714,-0.000518051636102137
22.32249,45.99519,0.00052654699248933,45.9941710457348,-0.000492407272726669
22.33385,45.99651,0.0018465469924891,45.9941669907786,-0.000496462228882256
22.34518,45.99197,-0.00269345300750956,45.9941377268319,-0.000525726175613638
22.35651,45.99306,-0.00160345300751175,45.9940911006719,-0.000572352335646924
22.36783,45.99613,0.00146654699248927,45.9940367168028,-0.000626736204687182
22.37916,45.99162,-0.00304345300751407,45.9939842721672,-0.000679180840341802
22.39049,45.99428,-0.000383453007508194,45.9939421136642,-0.000721339343342469
22.40186,45.99229,-0.00237345300751457,45.9939162308979,-0.000747222109637648
22.41316,45.99473,6.65469924854278e-05,45.9939098002447,-0.000753652762835067
22.42447,45.99541,0.000746546992488106,45.9939232741317,-0.000740178875826486
22.43578,45.9944,-0.000263453007512737,45.9939548810289,-0.000708571978582332
22.44712,45.99189,-0.00277345300751364,45.9940013394161,-0.000662113591418135
22.45846,45.99457,-9.34530075085149e-05,45.9940586312877,-0.000604821719780696
22.4698,45.99404,-0.000623453007513319,45.9941227631295,-0.000540689878043892
22.48114,45.99406,-0.000603453007514076,45.9941904643727,-0.00047298863480341
22.49248,45.99678,0.00211654699248953,45.9942597197934,-0.000403733214103964
22.50384,45.99534,0.000676546992487204,45.9943299833374,-0.000333469670098549
22.51518,45.99223,-0.0024334530075123,45.9944019627363,-0.000261490271246397
22.52648,45.99284,-0.00182345300751052,45.9944770127464,-0.000186440261141515
22.53782,45.99628,0.00161654699248714,45.9945563438885,-0.000107109118985869
22.54914,45.99407,-0.000593453007510902,45.9946403129328,-2.31400747482378e-05
22.56047,45.99334,-0.00132345300750814,45.9947279781525,6.45251450276669e-05
22.57182,45.99644,0.00177654699248819,45.9948169734133,0.000153520405803891
22.58313,45.99417,-0.000493453007514688,45.9949036670987,0.000240214091171563
22.59446,45.99619,0.001526546992487,45.9949835249176,0.000320071910108381
22.60578,45.99525,0.000586546992487058,45.9950515780811,0.000388125073632307
22.61715,45.99142,-0.00324345300751361,45.9951029233583,0.000439470350779145
22.62849,45.99858,0.00391654699248534,45.995133231117,0.000469778109518285
22.63982,45.99512,0.000456546992488427,45.9951392514552,0.00047579844772919
22.65116,45.99477,0.000106546992491019,45.9951192668791,0.000455813871585755
22.6625,45.99442,-0.000243453007513494,45.9950734089416,0.000409955934127556
22.67382,45.99575,0.00108654699248945,45.9950037939656,0.000340340958118035
22.68516,45.99334,-0.00132345300750814,45.9949144968666,0.000251043859042554
22.69649,45.99727,0.00260654699248875,45.9948113996234,0.000147946615850334
22.70781,45.99205,-0.00261345300751259,45.9947019208919,3.84678844112012e-05
22.71915,45.9958,0.00113654699249111,45.9945945999393,-6.88530681983036e-05
22.73049,45.99644,0.00177654699248819,45.9944984920462,-0.000164960961333149
22.74182,45.99536,0.000696546992486446,45.9944223335849,-0.000241119422585347
22.75312,45.99094,-0.00372345300750965,45.9943734782609,-0.000289974746606579
22.76444,45.99464,-2.34530075147177e-05,45.9943567171064,-0.000306735901116324
22.7758,45.99596,0.00129654699248505,45.9943732134449,-0.000290239562611445
22.78714,45.99373,-0.000933453007512242,45.9944198028265,-0.000243650181000492
22.79848,45.99397,-0.000693453007514222,45.9944888282153,-0.000174624792240806
22.80984,45.99216,-0.0025034530075132,45.9945686073447,-9.48456628437946e-05
22.82119,45.99525,0.000586546992487058,45.9946445943051,-1.8858702421627e-05
22.83253,45.99296,-0.00170345300751507,45.9947012185972,3.77655896720307e-05
22.84388,45.9985,0.00383654699248837,45.9947242085346,6.0755527132465e-05
22.85522,45.99517,0.000506546992490087,45.9947029981786,3.95451710614083e-05
22.86655,45.99435,-0.000313453007514397,45.9946327073849,-3.07456225940461e-05
22.87788,45.99548,0.000816546992489009,45.9945152540402,-0.000148198967282634
22.8892,45.99439,-0.000273453007508806,45.9943593672203,-0.000304085787177941
22.90052,45.99564,0.000976546992490057,45.9941795025761,-0.000483950431397953
22.91184,45.99309,-0.00157345300750933,45.9939938427395,-0.000669610268045899
22.92316,45.99295,-0.00171345300751113,45.9938217065497,-0.000841746457851344
22.93453,45.99194,-0.00272345300751198,45.9936808051773,-0.000982647830208088
22.94587,45.99395,-0.000713453007513465,45.9935848280194,-0.00107862498810865
22.95721,45.99231,-0.00235345300750822,45.9935417650153,-0.00112168799221818
22.96856,45.99501,0.000346546992489039,45.9935531897005,-0.00111026330701219
22.9799,45.99246,-0.00220345300751035,45.9936145200194,-0.00104893298806445
22.99127,45.99331,-0.00135345300751055,45.9937161194636,-0.00094733354395288
23.0026,45.99353,-0.00113345300751178,45.9938450164375,-0.000818436570044114
23.01394,45.99623,0.00156654699248548,45.9939869669101,-0.000676486097377071
23.0253,45.99429,-0.000373453007512126,45.9941285346321,-0.000534918375430728
23.03662,45.99398,-0.000683453007511048,45.9942588459777,-0.000404607029773261
23.04796,45.99625,0.00158654699249183,45.9943707461006,-0.000292706906935754
23.05928,45.99149,-0.00317345300751271,45.9944612304638,-0.000202222543750895
23.07062,45.99792,0.00325654699248901,45.9945311806826,-0.000132272324917039
23.08194,45.99228,-0.00238345300751064,45.9945845398558,-7.89131517550531e-05
23.0933,45.99553,0.000866546992490669,45.9946271167001,-3.63363074500433e-05
23.10464,45.99408,-0.000583453007514834,45.9946652352477,1.78224017994268e-06
23.11599,45.99324,-0.00142345300751145,45.9947044595125,4.10065049758284e-05
23.12734,45.99421,-0.000453453007509097,45.9947486025947,8.51495871662055e-05
23.13868,45.99828,0.00361654699248959,45.9947991552298,0.000135702222254399
23.15005,45.99287,-0.00179345300750811,45.9948551561771,0.000191703169597944
23.16135,45.99213,-0.00253345300750851,45.9949134424981,0.000249989490561541
23.17269,45.99819,0.00352654699248944,45.9949692057603,0.000305752752758362
23.18403,45.99434,-0.000323453007510466,45.9950167853899,0.000353332382430889
23.19535,45.99548,0.000816546992489009,45.9950505839353,0.000387130927785743
23.20668,45.99563,0.000966546992486883,45.9950659350225,0.000402482014947998
23.21799,45.99461,-5.34530075100292e-05,45.9950597763018,0.000396323294304588
23.22935,45.99454,-0.000123453007510932,45.9950310662243,0.000367613216814483
23.24067,45.99406,-0.000603453007514076,45.9949809632172,0.000317510209710217
23.25201,45.99575,0.00108654699248945,45.9949128102188,0.000249357211282621
23.26332,45.99603,0.00136654699248595,45.9948319283943,0.000168475386820258
23.27466,45.99649,0.00182654699248985,45.9947451600422,8.17070346648603e-05
23.286,45.99324,-0.00142345300751145,45.9946600933568,-3.3596506790804e-06
23.29735,45.99311,-0.00155345300751009,45.9945840047634,-7.94482440952853e-05
23.30868,45.99439,-0.000273453007508806,45.9945227163594,-0.00014073664815901
23.32004,45.99464,-2.34530075147177e-05,45.9944796577399,-0.000183795267590175
23.33138,45.99339,-0.00127345300751358,45.9944553680435,-0.000208084964016508
23.3427,45.99551,0.000846546992491426,45.9944475263313,-0.00021592667624554
23.35404,45.99501,0.000346546992489039,45.9944514568745,-0.00021199613302347
23.36535,45.99296,-0.00170345300751507,45.9944609741978,-0.000202478809735298
23.37667,45.99606,0.00139654699248837,45.9944694130749,-0.000194039932585429
23.38802,45.9924,-0.00226345300750808,45.9944707069651,-0.00019274604239348
23.39935,45.99577,0.00110654699248869,45.994460395091,-0.000203057916521071
23.41068,45.99527,0.000606546992486301,45.9944364273226,-0.000227025684896402
23.42204,45.99463,-3.34530075107864e-05,45.9943996117133,-0.000263841294181981
23.43337,45.99507,0.000406546992486767,45.9943535571102,-0.000309895897326847
23.4447,45.99564,0.000976546992490057,45.9943040394212,-0.000359413586325925
23.45604,45.9921,-0.00256345300751093,45.9942578596663,-0.000405593341179372
23.46739,45.99375,-0.000913453007512999,45.9942214212097,-0.000442031797838762
23.47873,45.99329,-0.0013734530075098,45.9941993689283,-0.000464084079204128
23.49009,45.99399,-0.000673453007514979,45.9941936403025,-0.00046981270501468
23.50142,45.99265,-0.00201345300751399,45.9942031586023,-0.000460294405227718
23.51277,45.99642,0.00175654699248895,45.9942242026152,-0.000439250392306385
23.52411,45.99535,0.000686546992490378,45.9942512938676,-0.000412159139866044
23.53542,45.99387,-0.000793453007510436,45.9942783193092,-0.000385133698272993
23.54676,45.99335,-0.00131345300751207,45.9942996052175,-0.000363847790054601
23.5581,45.99503,0.000366546992488281,45.9943107645922,-0.000352688415288521
23.5694,45.99363,-0.00103345300750846,45.9943092611384,-0.000354191869104704
23.58074,45.99575,0.00108654699248945,45.9942946823622,-0.000368770645323506
23.5921,45.99397,-0.000693453007514222,45.9942687033141,-0.000394749693455807
23.60344,45.99493,0.000266546992484962,45.9942347200134,-0.000428732994140455
23.61479,45.99441,-0.000253453007509563,45.9941971789211,-0.000466274086373502
23.62613,45.99246,-0.00220345300751035,45.9941607157059,-0.000502737301641466
23.63746,45.99256,-0.00210345300751413,45.994129300538,-0.000534152469533637
23.64882,45.99606,0.00139654699248837,45.9941056110717,-0.000557841935762681
23.66014,45.99414,-0.00052345300751,45.9940907802504,-0.000572672757159243
23.67145,45.99245,-0.00221345300751352,45.9940845303067,-0.000578922700851065
23.68278,45.99535,0.000686546992490378,45.9940855996314,-0.000577853376071877
23.69414,45.99293,-0.00173345300751038,45.9940923356767,-0.000571117330769118
23.70548,45.99615,0.00148654699248851,45.9941033184256,-0.000560134581912859
23.71683,45.99349,-0.00117345300751026,45.994117859989,-0.000545593018542998
23.7282,45.99503,0.000366546992488281,45.9941362264489,-0.000527226558658701
23.73955,45.99538,0.000716546992485689,45.9941594848331,-0.000503968174451267
23.75086,45.99237,-0.00229345300751049,45.9941889866796,-0.000474466327911361
23.7622,45.99396,-0.000703453007510291,45.994225627696,-0.000437825311476429
23.77354,45.99306,-0.00160345300751175,45.9942691231986,-0.000394329808954498
23.78488,45.99443,-0.00023345300751032,45.9943175547523,-0.000345898255236961
23.79622,45.99565,0.000986546992486126,45.9943673512911,-0.000296101716390198
23.80756,45.99346,-0.00120345300751268,45.9944137189677,-0.000249734039766502
23.81889,45.9934,-0.00126345300751041,45.9944514166982,-0.000212036309355085
23.83022,45.99555,0.000886546992489912,45.9944757271001,-0.000187725907402203
23.84154,45.99374,-0.000923453007509067,45.9944834540752,-0.000179998932348954
23.85288,45.99696,0.00229654699248982,45.9944737407742,-0.000189712233315958
23.86424,45.99667,0.00200654699249014,45.9944484686293,-0.000214984378257112
23.87558,45.99187,-0.00279345300751288,45.9944120458196,-0.000251407187925639
23.88694,45.99419,-0.00047345300750834,45.9943705626918,-0.00029289031575719
23.89826,45.99483,0.000166546992488747,45.9943305183743,-0.000332934633173407
23.90963,45.99255,-0.0021134530075102,45.9942974732757,-0.000365979731824404
23.92096,45.99428,-0.000383453007508194,45.9942749833714,-0.000388469636092139
23.9323,45.99347,-0.0011934530075095,45.994264066935,-0.00039938607249321
23.94364,45.99448,-0.00018345300750866,45.9942633109606,-0.000400142046941118
23.95498,45.9932,-0.00146345300750994,45.9942695713083,-0.000393881699234525
23.96633,45.99629,0.00162654699249032,45.994279074402,-0.000384378605504517
23.97766,45.99588,0.00121654699248808,45.9942886173199,-0.000374835687573551
23.989,45.99533,0.000666546992491135,45.9942965272851,-0.000366925722463361
24.00034,45.99133,-0.00333345300751375,45.9943031252166,-0.000360327790942837
24.01166,45.99432,-0.000343453007509709,45.9943106310198,-0.000352821987667689
24.02298,45.99592,0.00125654699248656,45.9943226373698,-0.000340815637713871
24.03432,45.99483,0.000166546992488747,45.9943433410623,-0.000320111945197775
24.04566,45.99284,-0.00182345300751052,45.9943766734785,-0.000286779529046812
24.05699,45.99435,-0.000313453007514397,45.9944254369924,-0.000238016015070643
24.06833,45.99507,0.000406546992486767,45.9944905797107,-0.000172873296793488
24.07968,45.99338,-0.00128345300750965,45.9945707589304,-9.26940770964607e-05
24.091,45.99371,-0.000953453007511484,45.994662302903,-1.15010452807971e-06
24.10236,45.99632,0.00165654699248563,45.9947596011588,9.61481513309928e-05
24.11366,45.99379,-0.000873453007514513,45.9948558618899,0.000192408882345713
24.125,45.99627,0.00160654699249108,45.9949440847478,0.000280631740240602
24.13632,45.99568,0.00101654699248854,45.9950180417277,0.000354588720167605
24.14765,45.9938,-0.000863453007511339,45.995073068274,0.000409615266466396
24.15901,45.99781,0.00314654699248962,45.9951065356941,0.000443082686585846
24.17036,45.99328,-0.00138345300751297,45.9951179744478,0.000454521440294837
24.18168,45.99326,-0.00140345300751221,45.9951089173603,0.0004454643528018
24.19298,45.99604,0.00137654699248912,45.9950826026829,0.000419149675345202
24.20433,45.99471,4.6546992486185e-05,45.9950436754411,0.000380222433569779
24.21565,45.99554,0.000876546992486738,45.9949979315262,0.000334478518734626
24.22698,45.99485,0.00018654699248799,45.9949520191013,0.000288566093793976
24.2383,45.99911,0.00444654699249014,45.9949129371045,0.00024948409697711
24.24965,45.99379,-0.000873453007514513,45.9948871998453,0.000223746837790854
24.26099,45.99308,-0.0015834530075125,45.9948796809131,0.000216227905616567
24.27231,45.992,-0.00266345300751425,45.9948923777776,0.000228924770114433
24.28361,45.99509,0.00042654699248601,45.9949235225059,0.000260069498341013
24.29491,45.99468,1.65469924908734e-05,45.9949674404591,0.000303987451572834
24.30628,45.99686,0.0021965469924865,45.9950153072313,0.000351854223758495
24.3176,45.9938,-0.000863453007511339,45.995056638717,0.000393185709494569
24.32893,45.99561,0.00094654699248764,45.9950811513314,0.000417698323869484
24.34027,45.9962,0.00153654699249017,45.9950805920826,0.000417139075091185
24.35158,45.99583,0.00116654699248642,45.9950501899941,0.000386736986573119
24.3629,45.99481,0.000146546992489505,45.9949894606699,0.000326007662418772
24.37426,45.99759,0.00292654699249084,45.9949022083172,0.000238755309725727
24.3856,45.99324,-0.00142345300751145,45.9947957305251,0.000132277517550185
24.39695,45.99277,-0.00189345300751143,45.9946794239599,1.59709523992179e-05
24.40826,45.99306,-0.00160345300751175,45.9945631608889,-0.000100292118626679
24.41958,45.99339,-0.00127345300751358,45.9944558679649,-0.000207585042591854
24.43091,45.99661,0.00194654699248531,45.9943646158025,-0.000298837205038162
24.44222,45.99588,0.00121654699248808,45.9942942622451,-0.000369190762380328
24.45356,45.99521,0.000546546992488572,45.9942474520914,-0.000416000916067136
24.46488,45.99212,-0.00254345300751169,45.9942247249711,-0.000438728036402904
24.47622,45.99335,-0.00131345300751207,45.9942246338505,-0.000438819157011013
24.48757,45.99255,-0.0021134530075102,45.994243974493,-0.000419478514553349
24.49889,45.99521,0.000546546992488572,45.9942782858543,-0.00038516715324324
24.51024,45.99687,0.00220654699248968,45.9943226505512,-0.000340802456343169
24.52155,45.99372,-0.00094345300750831,45.9943726189554,-0.000290834052130635
24.53289,45.99393,-0.000733453007512708,45.9944249707295,-0.000238482278006179
24.54425,45.99551,0.000846546992491426,45.9944780844029,-0.000185368604589785
24.5556,45.99574,0.00107654699248627,45.9945318324059,-0.00013162060159041
24.56695,45.99308,-0.0015834530075125,45.9945870491865,-7.64038209620011e-05
24.5783,45.99491,0.000246546992485719,45.9946447146465,-1.87383610314215e-05
24.58964,45.99363,-0.00103345300750846,45.9947050768787,4.16238712118941e-05
24.60098,45.99343,-0.0012334530075151,45.9947669811514,0.00010352814386373
24.61232,45.9959,0.00123654699248732,45.9948276296692,0.000164176661727999
24.62366,45.99392,-0.000743453007508776,45.9948828705273,0.000219417519755987
24.63498,45.99549,0.000826546992485078,45.9949279554516,0.000264502444038116
24.64633,45.99395,-0.000713453007513465,45.9949585727705,0.000295119763038369
24.65766,45.99895,0.00428654699248909,45.9949718830659,0.000308430058345828
24.66898,45.99491,0.000246546992485719,45.9949672649546,0.000303811947075289
24.68031,45.99329,-0.0013734530075098,45.9949465407867,0.000283087779206652
24.69165,45.99586,0.00119654699248883,45.9949136176319,0.000250164624380043
24.703,45.99344,-0.00122345300751192,45.9948736860469,0.000210233039367644
24.71432,45.99554,0.000876546992486738,45.9948322482911,0.000168795283617145
24.72566,45.99424,-0.000423453007513785,45.9947942506137,0.000130797606210874
24.73697,45.99294,-0.00172345300751431,45.9947635235559,0.000100070548361017
24.74832,45.99403,-0.000633453007509388,45.9947426443544,7.91913469197977e-05
24.75967,45.99612,0.0014565469924861,45.994733220776,6.97677684857604e-05
24.77101,45.99638,0.00171654699249046,45.9947364381726,7.29851651158272e-05
24.78232,45.99583,0.00116654699248642,45.9947535611659,9.01081584113671e-05
24.79367,45.99507,0.000406546992486767,45.9947860474599,0.000122594452349655
24.80499,45.99654,0.00187654699249151,45.994835073161,0.000171620153450756
24.81632,45.99417,-0.000493453007514688,45.9949005325161,0.00023707950855565
24.82767,45.98956,-0.00510345300751425,45.994979852106,0.000316399098486971
24.83898,45.99359,-0.00107345300751405,45.9950671435826,0.000403690575047985
24.85031,45.99676,0.00209654699249029,45.9951531936998,0.000489740692256614
24.86165,45.99604,0.00137654699248912,45.9952264938478,0.000563040840331816
24.87299,45.99818,0.00351654699248627,45.9952750725106,0.000611619503135149
24.88434,45.99453,-0.000133453007514106,45.9952885869907,0.000625133983145424
24.89567,45.99405,-0.000613453007510145,45.9952601235452,0.000596670537723167
24.90702,45.99628,0.00161654699248714,45.9951873695704,0.000523916562844223
24.91834,45.99596,0.00129654699248505,45.995073053173,0.000409600165495973
24.9297,45.99455,-0.000113453007514863,45.994924670508,0.000261217500513929
24.94104,45.99548,0.000816546992489009,45.9947535720449,9.01190374292539e-05
24.95238,45.99206,-0.00260345300750942,45.9945735385413,-8.99144662411966e-05
24.96374,45.99635,0.00168654699248805,45.9943990519241,-0.000264401083408799
24.97507,45.99357,-0.00109345300751329,45.9942434981052,-0.000419954902285564
24.9864,45.99516,0.000496546992486913,45.9941175075805,-0.000545945426977874
24.99771,45.99287,-0.00179345300750811,45.994027595521,-0.000635857486553421
25.00908,45.9932,-0.00146345300750994,45.9939752580683,-0.000688194939251915
25.02038,45.99311,-0.00155345300751009,45.9939566993023,-0.000706753705183482
25.03172,45.99362,-0.00104345300751163,45.9939633377981,-0.000700115209373023
25.04304,45.99407,-0.000593453007510902,45.9939831333011,-0.000680319706410904
25.05436,45.9941,-0.000563453007508485,45.9940026089487,-0.000660844058856742
25.06568,45.99323,-0.00143345300751463,45.9940092852731,-0.000654167734400363
25.07702,45.99462,-4.34530075139605e-05,45.9939941325141,-0.000669320493393831
25.08836,45.99654,0.00187654699249151,45.9939535892837,-0.000709863723800306
25.09972,45.99631,0.00164654699248956,45.9938906862607,-0.000772766746764964
25.11108,45.99462,-4.34530075139605e-05,45.9938148989919,-0.000848554015587964
25.12242,45.99268,-0.00198345300751157,45.9937405980443,-0.000922854963260028
25.13374,45.99031,-0.00435345300751067,45.9936843414853,-0.000979111522206383
25.14504,45.99429,-0.000373453007512126,45.9936616019196,-0.00100185108791159
25.15636,45.99377,-0.000893453007513756,45.9936836524593,-0.000979800548171716
25.16771,45.99259,-0.00207345300751172,45.9937552124493,-0.000908240558224383
25.17905,45.99302,-0.00164345300751023,45.9938732068702,-0.000790246137345283
25.19037,45.99456,-0.000103453007511689,45.994026772704,-0.00063668030348859
25.20171,45.9937,-0.000963453007514659,45.9941984840601,-0.000464968947458086
25.21306,45.99244,-0.00222345300750959,45.994366628834,-0.000296824173546127
25.22439,45.99494,0.000276546992488136,45.9945082372374,-0.000155215770070701
25.23574,45.99887,0.00420654699248502,45.9946024346061,-6.10184014261833e-05
25.24708,45.99391,-0.000753453007511951,45.9946335799161,-2.98730914117235e-05
25.25841,45.99597,0.00130654699248822,45.9945936331376,-6.98198698620859e-05
25.26976,45.99409,-0.00057345300751166,45.9944833503282,-0.000180102679285872
25.28112,45.99324,-0.00142345300751145,45.9943121915884,-0.000351261419066972
25.29244,45.9933,-0.00136345300751373,45.9940970932347,-0.000566359772789274
25.30377,45.99615,0.00148654699248851,45.9938603887794,-0.000803064228064365
25.3151,45.99442,-0.000243453007513494,45.9936271639743,-0.00103628903325991
25.32642,45.99379,-0.000873453007514513,45.993422293774,-0.0012411592334854
25.33776,45.98991,-0.00475345300750973,45.9932674459856,-0.00139600702187293
25.34908,45.99155,-0.00311345300751498,45.9931784578373,-0.00148499517022513
25.36044,45.99237,-0.00229345300751049,45.9931635636592,-0.0014998893483244
25.37178,45.9936,-0.00106345300751087,45.993222827374,-0.00144062563353054
25.38314,45.99473,6.65469924854278e-05,45.9933488203233,-0.00131463268421209
25.39447,45.99366,-0.00100345300751314,45.9935282474431,-0.00113520556444114
25.40582,45.99624,0.00157654699248866,45.993744033103,-0.000919419904482214
25.41716,45.99406,-0.000603453007514076,45.9939773900226,-0.000686062984869944
25.4285,45.9914,-0.00326345300751285,45.9942095650073,-0.000453888000225514
25.43982,45.99384,-0.000823453007512853,45.9944231850348,-0.000240267972741718
25.45116,45.99735,0.00268654699248572,45.9946032895143,-6.01634931996179e-05
25.46248,45.99348,-0.00118345300751344,45.9947381430649,7.46900574274746e-05
25.47379,45.9967,0.00203654699248546,45.9948198308213,0.000156377813821268
25.48512,45.99281,-0.00185345300751294,45.9948445895414,0.000181136533888863
25.49644,45.99399,-0.000673453007514979,45.9948128820845,0.000149429077016197
25.50779,45.99412,-0.000543453007509243,45.9947292980539,6.58450463786442e-05
25.51908,45.99609,0.00142654699249078,45.9946023526058,-6.11004016715282e-05
25.53042,45.99611,0.00144654699249003,45.9944441444504,-0.000219308557146097
25.54173,45.9949,0.00023654699248965,45.9942697184761,-0.000393734531411677
25.55306,45.99331,-0.00135345300751055,45.9940959809621,-0.000567472045463677
25.5644,45.99409,-0.00057345300751166,45.9939401669709,-0.000723286036598532
25.57576,45.99221,-0.00245345300751154,45.9938180660582,-0.000845386949296226
25.5871,45.99173,-0.00293345300751469,45.9937423434154,-0.000921109592103132
25.59842,45.99616,0.00149654699249169,45.9937212802289,-0.000942172778565897
25.60977,45.994,-0.000663453007511805,45.9937581160729,-0.000905336934633255
25.62112,45.99291,-0.00175345300750962,45.993850996361,-0.000812456646529057
25.63244,45.99287,-0.00179345300750811,45.9939934200575,-0.000670032950049976
25.6438,45.99549,0.000826546992485078,45.9941750750428,-0.000488377964732973
25.65512,45.9944,-0.000263453007512737,45.9943829604794,-0.000280492528132216
25.66648,45.99498,0.000316546992486622,45.9946026653591,-6.0787648459421e-05
25.67781,45.99501,0.000346546992489039,45.9948196395837,0.000156186576160896
25.68914,45.99473,6.65469924854278e-05,45.9950203159089,0.000356862901339239
25.70048,45.99477,0.000106546992491019,45.9951930070886,0.000529554081088267
25.71184,45.99525,0.000586546992487058,45.9953285614195,0.000665108411983749
25.72318,45.99644,0.00177654699248819,45.9954207782254,0.000757325217887835
25.7345,45.99658,0.00191654699249,45.995466569077,0.000803116069443504
25.74583,45.99347,-0.0011934530075095,45.9954658434184,0.000802390410919494
25.75717,45.99562,0.000956546992490814,45.9954211381899,0.000757685182412794
25.76852,45.99546,0.000796546992489766,45.9953370785317,0.000673625524167174
25.77984,45.9967,0.00203654699248546,45.9952197847011,0.000556331693621687
25.79119,45.99319,-0.00147345300751311,45.995076312367,0.000412859359493049
25.80252,45.99372,-0.00094345300750831,45.9949141841385,0.000250731130940094
25.81384,45.99578,0.00111654699249186,45.9947410650488,7.76120412840371e-05
25.82518,45.99553,0.000866546992490669,45.9945646031668,-9.88498407472401e-05
25.83654,45.99506,0.000396546992490698,45.9943923731655,-0.000271079842033735
25.84789,45.99179,-0.00287345300750985,45.9942317961218,-0.000431656885703914
25.85922,45.99593,0.00126654699248974,45.9940899309612,-0.000573522046271095
25.87058,45.99471,4.6546992486185e-05,45.993973102706,-0.000690350301491984
25.88193,45.99353,-0.00113345300751178,45.9938863754744,-0.00077707753310806
25.89327,45.99485,0.00018654699248799,45.993832902962,-0.000830550045482595
25.90461,45.99149,-0.00317345300751271,45.993813251634,-0.000850201373515307
25.91592,45.99413,-0.000533453007513174,45.9938248832537,-0.000838569753808284
25.92725,45.9922,-0.00246345300751472,45.9938620293587,-0.000801423648854433
25.93859,45.99521,0.000546546992488572,45.9939161357559,-0.000747317251564089
25.9499,45.99233,-0.00233345300750898,45.9939769130973,-0.000686539910197437
25.96124,45.99474,7.6546992488602e-05,45.9940338621562,-0.000629590851330336
25.97256,45.99477,0.000106546992491019,45.9940780057338,-0.000585447273751418
25.98391,45.9966,0.00193654699248924,45.9941034752871,-0.000559977720455942
25.99524,45.99222,-0.00244345300750837,45.9941085868574,-0.000554866150088595
26.00658,45.99726,0.00259654699248557,45.9940961260344,-0.00056732697307352
26.01792,45.99299,-0.00167345300751265,45.994072740185,-0.00059071282247633
26.02928,45.99222,-0.00244345300750837,45.9940475500219,-0.000615902985579553
26.04061,45.99525,0.000586546992487058,45.9940302740939,-0.000633178913584631
26.05196,45.99341,-0.00125345300751434,45.994029258226,-0.000634194781548672
26.06331,45.9929,-0.00176345300751279,45.9940497962794,-0.000613656728060601
26.07465,45.99333,-0.00133345300751131,45.9940930495926,-0.000570403414953688
26.08599,45.99429,-0.000373453007512126,45.9941557657249,-0.000507687282562252
26.09731,45.99322,-0.0014434530075107,45.9942308675428,-0.000432585464701484
26.10863,45.99455,-0.000113453007514863,45.9943088252503,-0.000354627757200691
26.11998,45.99496,0.000296546992487379,45.9943795633857,-0.000283889621786456
26.13132,45.99477,0.000106546992491019,45.9944345288146,-0.000228924192908282
26.14264,45.99737,0.00270654699248496,45.9944684805371,-0.000194972470421006
26.15397,45.99465,-1.34530075115435e-05,45.9944805864729,-0.000182866534586704
26.16531,45.99345,-0.00121345300750875,45.9944745520194,-0.000188900988148397
26.17666,45.99442,-0.000243453007513494,45.9944577411469,-0.000205711860597237
26.18798,45.99651,0.0018465469924891,45.9944394954317,-0.000223957575794834
26.19933,45.99238,-0.00228345300751442,45.994429016147,-0.000234436860543347
26.21069,45.99337,-0.00129345300751282,45.9944332415141,-0.000230211493413752
26.22201,45.99388,-0.000783453007514368,45.9944551708277,-0.000208282179852283
26.23334,45.99066,-0.00400345300751326,45.9944930490223,-0.000170403985195025
26.24468,45.99564,0.000976546992490057,45.9945406687578,-0.000122784249728172
26.256,45.99617,0.00150654699248776,45.9945887582554,-7.46947520816504e-05
26.26733,45.99715,0.00248654699248618,45.9946270816683,-3.63713391770515e-05
26.27867,45.99537,0.000706546992489621,45.9946466382833,-1.68147242105326e-05
26.28999,45.99427,-0.000393453007511368,45.9946413471288,-2.21058787482116e-05
26.30132,45.99638,0.00171654699249046,45.994608845951,-5.46070565467777e-05
26.31266,45.99289,-0.00177345300750886,45.9945503727306,-0.00011308027693018
26.32401,45.99213,-0.00253345300750851,45.9944699786367,-0.000193474370841415
26.33533,45.99535,0.000686546992490378,45.994373469063,-0.000289983944558211
26.34664,45.99303,-0.00163345300751416,45.9942674619724,-0.000395991035077195
26.35798,45.99427,-0.000393453007511368,45.9941588063991,-0.000504646608381765
26.36932,45.99496,0.000296546992487379,45.9940543968827,-0.000609056124773416
26.38066,45.99402,-0.000643453007512562,45.9939612493476,-0.000702203659958208
26.39197,45.99462,-4.34530075139605e-05,45.9938866198498,-0.000776833157759979
26.40332,45.9943,-0.000363453007508951,45.9938379521827,-0.000825500824823328
26.41464,45.99307,-0.00159345300750857,45.9938225145163,-0.000840938491201607
26.42595,45.9957,0.00103654699248779,45.993846694363,-0.000816758644465739
26.43725,45.99205,-0.00261345300751259,45.9939150286727,-0.00074842433481103
26.44857,45.99473,6.65469924854278e-05,45.9940291318946,-0.000634321112907752
26.45988,45.99403,-0.000633453007509388,45.9941867423784,-0.000476710629152309
26.4712,45.99305,-0.00161345300751492,45.9943811285131,-0.000282324494374964
26.48255,45.99242,-0.00224345300750883,45.9946010724089,-6.23805985763541e-05
26.49388,45.99684,0.00217654699248726,45.994831571067,0.000168118059479949
26.50523,45.99411,-0.000553453007512417,45.9950552510956,0.000391798088105286
26.51655,45.99575,0.00108654699248945,45.9952543071839,0.000590854176365714
26.52788,45.9975,0.0028365469924907,45.9954126246435,0.000749171635957308
26.53923,45.99606,0.00139654699248837,45.9955177008664,0.000854247858845195
26.55056,45.9929,-0.00176345300751279,45.9955620493229,0.000898596315440827
26.56193,45.9978,0.00313654699248644,45.9955439157099,0.000880462702368299
26.57327,45.99586,0.00119654699248883,45.9954672854935,0.000803832485944872
26.58461,45.99383,-0.000833453007508922,45.9953412491901,0.000677796182631501
26.59595,45.99654,0.00187654699249151,45.9951788271567,0.000515374149232446
26.6073,45.99562,0.000956546992490814,45.9949953914492,0.0003319384417152
26.61863,45.99427,-0.000393453007511368,45.9948068705025,0.00014341749501386
26.63,45.99133,-0.00333345300751375,45.9946279717699,-3.54812375667165e-05
26.64135,45.996,0.00133654699249064,45.994470692921,-0.000192760086498993
26.65268,45.99383,-0.000833453007508922,45.9943433616706,-0.000320091336916855
26.66402,45.9952,0.000536546992485398,45.9942503105219,-0.000413142485621436
26.67537,45.99358,-0.00108345300751012,45.9941921207327,-0.000471332274844764
26.68672,45.99519,0.00052654699248933,45.9941662678912,-0.000497185116346242
26.69804,45.99282,-0.00184345300750977,45.9941679977103,-0.00049545529722919
26.7094,45.99408,-0.000583453007514834,45.9941913016216,-0.000472151385882977
26.72074,45.99281,-0.00185345300751294,45.9942298862234,-0.000433566784116862
26.73205,45.99919,0.00452654699248711,45.9942780045257,-0.000385448481826297
26.74338,45.99541,0.000746546992488106,45.9943309587666,-0.000332494240879385
26.75473,45.99268,-0.00198345300751157,45.9943850916233,-0.000278361384237635
26.76606,45.99224,-0.00242345300750912,45.9944372522442,-0.000226200763282808
26.77737,45.9943,-0.000363453007508951,45.994483995472,-0.000179457535469395
26.78869,45.9937,-0.000963453007514659,45.9945209374275,-0.000142515580061924
26.80003,45.99343,-0.0012334530075151,45.9945426147506,-0.00012083825695555
26.81137,45.99647,0.00180654699249061,45.9945429503414,-0.000120502666117849
26.82272,45.99604,0.00137654699248912,45.99451617423,-0.000147278777529255
26.83405,45.99403,-0.000633453007509388,45.9944578953974,-0.00020555761006499
26.8454,45.9936,-0.00106345300751087,45.994366018275,-0.000297434732514861
26.85676,45.99487,0.000206546992487233,45.9942413232421,-0.000422129765378403
26.86811,45.9944,-0.000263453007512737,45.9940876812324,-0.000575771775079651
26.87944,45.99326,-0.00140345300751221,45.9939119566302,-0.000751496377319333
26.89078,45.99336,-0.00130345300750889,45.9937236722433,-0.000939780764175187
26.90212,45.99287,-0.00179345300750811,45.9935345089327,-0.0011289440747704
26.91346,45.99374,-0.000923453007509067,45.993357692714,-0.00130576029348846
26.92482,45.99549,0.000826546992485078,45.9932072661518,-0.00145618685575786
26.93615,45.99316,-0.00150345300750843,45.9930971777941,-0.00156627521340397
26.94748,45.99238,-0.00228345300751442,45.9930401268832,-0.00162332612429123
26.95886,45.99268,-0.00198345300751157,45.9930462091976,-0.00161724380992931
26.97021,45.99194,-0.00272345300751198,45.9931215643645,-0.00154188864303398
26.98154,45.99223,-0.0024334530075123,45.9932673127808,-0.00139614022672014
26.99286,45.99372,-0.00094345300750831,45.9934790283042,-0.0011844247032951
27.00421,45.99543,0.000766546992487349,45.9937468451904,-0.000916607817110123
27.01554,45.99406,-0.000603453007514076,45.9940561246905,-0.000607328316983727
27.02687,45.99373,-0.000933453007512242,45.9943885026851,-0.000274950322453165
27.03821,45.99575,0.00108654699248945,45.9947231532275,5.97002199765272e-05
27.04953,45.99515,0.000486546992490844,45.9950381939975,0.000374740989963654
27.06084,45.99224,-0.00242345300750912,45.9953122496133,0.000648796605838682
27.0722,45.99393,-0.000733453007512708,45.995526229153,0.000862776145466077
27.08354,45.99682,0.00215654699248802,45.9956653272558,0.00100187424823598
27.09486,45.99715,0.00248654699248618,45.9957210843674,0.00105763135986373
27.10619,45.99831,0.0036465469924849,45.9956930896745,0.00102963666697404
27.11752,45.99849,0.00382654699248519,45.9955897506814,0.000926297673928362
27.12886,45.9968,0.00213654699248877,45.9954276474285,0.000764194420942605
27.1402,45.99183,-0.00283345300751137,45.995229354547,0.000565901539472812
27.15152,45.99279,-0.00187345300751218,45.9950201122734,0.000356659265840427
27.16287,45.99223,-0.0024334530075123,45.9948241231935,0.000160670186021866
27.1742,45.99622,0.00155654699248942,45.9946613313364,-2.12167114227886e-06
27.18552,45.99492,0.000256546992488893,45.994545272885,-0.00011818012247368
27.19688,45.99502,0.000356546992485107,45.9944821679855,-0.00018128502200764
27.20822,45.99326,-0.00140345300751221,45.9944711064453,-0.000192346562224269
27.21956,45.99562,0.000956546992490814,45.9945050730933,-0.000158379914253799
27.2309,45.99184,-0.00282345300750819,45.9945725828932,-9.08701143407915e-05
27.24222,45.99642,0.00175654699248895,45.9946597208362,-3.73217133104181e-06
27.25355,45.99643,0.00176654699248502,45.9947523456456,8.88926380366174e-05
27.26486,45.99484,0.000176546992491922,45.9948381495753,0.000174696567780095
27.2762,45.99334,-0.00132345300750814,45.994908251041,0.000244798033519577
27.28753,45.99865,0.00398654699248624,45.9949580822633,0.000294629255824912
27.29888,45.99386,-0.00080345300751361,45.9949874795915,0.000324026584008988
27.31021,45.99337,-0.00129345300751282,45.9950000249328,0.000336571925287648
27.32156,45.99592,0.00125654699248656,45.9950018100112,0.000338357003673012
27.33291,45.99468,1.65469924908734e-05,45.9949998879996,0.000336434992045534
27.34426,45.99646,0.00179654699248744,45.9950006979667,0.00033724495923272
27.3556,45.99115,-0.00351345300751404,45.9950087076977,0.000345254690198749
27.36694,45.99666,0.00199654699248697,45.9950254797165,0.000362026709034575
27.37828,45.99479,0.000126546992490262,45.9950493262147,0.000385873207222953
27.38963,45.99485,0.00018654699248799,45.9950756337698,0.000412180762284896
27.401,45.9925,-0.00216345300751186,45.9950978153794,0.000434362371870693
27.41234,45.99746,0.0027965469924851,45.9951087350556,0.000445282048046092
27.42368,45.99633,0.0016665469924888,45.9951023523784,0.000438899370855801
27.435,45.99533,0.000666546992491135,45.9950752422122,0.000411789204650483
27.44635,45.99586,0.00119654699248883,45.9950276187269,0.000364165719366527
27.4577,45.99529,0.000626546992485544,45.9949635979689,0.000300144961394829
27.46904,45.99429,-0.000373453007512126,45.9948906345419,0.000227181534411544
27.48036,45.99417,-0.000493453007514688,45.9948182685245,0.000154815517030865
27.49171,45.99548,0.000816546992489009,45.9947564513358,9.29983283339184e-05
27.50306,45.99554,0.000876546992486738,45.9947137673791,5.03143715574555e-05
27.51438,45.99134,-0.00332345300751058,45.9946958572744,3.24042669253213e-05
27.52572,45.99364,-0.00102345300751239,45.994704318448,4.08654404409661e-05
27.53707,45.99595,0.00128654699248898,45.9947362992114,7.28462038589579e-05
27.54842,45.99746,0.0027965469924851,45.9947848593966,0.000121406389073693
27.55976,45.99239,-0.00227345300751125,45.9948399710041,0.000176517996593701
27.5711,45.995,0.000336546992485864,45.9948899100544,0.000226457046849593
27.58243,45.99535,0.000686546992490378,45.9949228142786,0.000259361271042208
27.59378,45.99422,-0.000443453007513028,45.994928256342,0.000264803334459231
27.60513,45.99563,0.000966546992486883,45.9948986973203,0.000235244312798377
27.61647,45.99559,0.000926546992488397,45.9948306462501,0.000167193242581929
27.62781,45.9948,0.000136546992486331,45.9947253262394,6.1873231886984e-05
27.63917,45.99708,0.00241654699248528,45.9945886761093,-7.47768981860947e-05
27.6505,45.99231,-0.00235345300750822,45.9944306096359,-0.000232843371607785
27.66182,45.99396,-0.000703453007510291,45.9942636028931,-0.000399850114442083
27.67317,45.99599,0.00132654699248747,45.9941008375817,-0.000562615425805825
27.68449,45.99125,-0.00341345300751073,45.9939542277167,-0.000709225290793895
27.69583,45.9934,-0.00126345300751041,45.9938326722728,-0.000830780734742745
27.70716,45.99471,4.6546992486185e-05,45.9937408307919,-0.000922622215607225
27.71847,45.99302,-0.00164345300751023,45.9936786300033,-0.000984823004255369
27.7298,45.99146,-0.00320345300751512,45.9936415869619,-0.00102186604565907
27.74112,45.99354,-0.0011234530075086,45.9936219071905,-0.0010415458170091
27.75244,45.99579,0.00112654699248793,45.9936101907645,-0.00105326224296196
27.7638,45.99376,-0.000903453007509825,45.9935974351786,-0.0010660178289102
27.77514,45.99478,0.000116546992487088,45.9935769027802,-0.00108655022727782
27.78647,45.99476,9.65469924878448e-05,45.9935454188306,-0.00111803417688316
27.79783,45.9938,-0.000863453007511339,45.9935038157253,-0.00115963728217951
27.80915,45.9927,-0.00196345300751233,45.9934564773689,-0.00120697563862926
27.82045,45.99242,-0.00224345300750883,45.9934101813974,-0.00125327161011823
27.83178,45.9921,-0.00256345300751093,45.9933726141156,-0.00129083889194855
27.84314,45.99184,-0.00282345300750819,45.9933509817321,-0.00131247127539819
27.85446,45.99592,0.00125654699248656,45.9933510386339,-0.00131241437365051
27.86582,45.99256,-0.00210345300751413,45.9933766478019,-0.00128680520564868
27.87715,45.99134,-0.00332345300751058,45.9934297859974,-0.00123366701007707
27.8885,45.99702,0.00235654699248755,45.9935107929548,-0.00115266005268852
27.89986,45.99406,-0.000603453007514076,45.9936186364102,-0.00104481659726975
27.9112,45.99526,0.000596546992490232,45.9937509863071,-0.000912466700392645
27.92253,45.99157,-0.00309345300750863,45.9939039855214,-0.000759467486143781
27.93384,45.99441,-0.000253453007509563,45.9940717958757,-0.00059165713178536
27.94517,45.99226,-0.00240345300750988,45.9942462021978,-0.000417250809746188
27.95651,45.99335,-0.00131345300751207,45.9944166376206,-0.00024681538695059
27.96785,45.99386,-0.00080345300751361,45.9945708979023,-9.25551051946104e-05
27.9792,45.99598,0.0013165469924914,45.9946965882152,3.31352076842612e-05
27.99054,45.99447,-0.000193453007511835,45.9947830780581,0.000119625050637648
28.00189,45.9977,0.00303654699249023,45.9948235224056,0.000160069398129739
28.01322,45.99469,2.65469924869421e-05,45.9948164202851,0.000152967277618056
28.02457,45.99622,0.00155654699248942,45.9947662571027,0.000102804095234798
28.0359,45.9955,0.000836546992488252,45.9946829862273,1.95332197503195e-05
28.04724,45.99401,-0.000653453007508631,45.9945803841518,-8.30688557532587e-05
28.05858,45.99355,-0.00111345300751253,45.9944735915109,-0.000189861496633815
28.06994,45.99233,-0.00233345300750898,45.9943763667517,-0.000287086255782106
28.08129,45.99237,-0.00229345300751049,45.9942986693893,-0.000364783618201336
28.09262,45.99493,0.000266546992484962,45.9942451065871,-0.000418346420393673
28.10396,45.99405,-0.000613453007510145,45.9942145279026,-0.000448925104948117
28.11529,45.9959,0.00123654699248732,45.9942007314013,-0.000462721606249008
28.12665,45.99397,-0.000693453007514222,45.9941939881638,-0.000469464843693021
28.138,45.99181,-0.00285345300751061,45.9941829916326,-0.000480461374938228
28.14934,45.99863,0.003966546992487,45.9941568712671,-0.000506581740442532
28.1607,45.99286,-0.00180345300751128,45.9941069839168,-0.000556469090739722
28.17203,45.99411,-0.000553453007512417,45.9940282635286,-0.000635189478944882
28.18337,45.99225,-0.00241345300751306,45.9939200012651,-0.000743451742424621
28.19472,45.99435,-0.000313453007514397,45.9937860462712,-0.000877406736332228
28.20606,45.99649,0.00182654699248985,45.9936344855997,-0.00102896740784255
28.21738,45.99301,-0.00165345300751341,45.9934768469926,-0.00118660601488842
28.22871,45.99142,-0.00324345300751361,45.9933268594589,-0.0013365935486274
28.24002,45.99195,-0.0027134530075088,45.9931988872488,-0.00146456575874794
28.25133,45.99634,0.00167654699248487,45.9931062608007,-0.00155719220683743
28.26266,45.99051,-0.00415345300751113,45.9930597407173,-0.00160371229016044
28.27402,45.99439,-0.000273453007508806,45.9930662677201,-0.00159718528744665
28.28537,45.99224,-0.00242345300750912,45.9931280803666,-0.00153537264094459
28.2967,45.99393,-0.000733453007512708,45.993242271297,-0.00142118171047193
28.30804,45.99176,-0.00290345300751227,45.9934008583362,-0.00126259467133207
28.31936,45.99257,-0.00209345300751096,45.9935914290065,-0.00107202400098186
28.33068,45.99522,0.000556546992491747,45.9937983629344,-0.000865090073075479
28.34204,45.99323,-0.00143345300751463,45.9940045355446,-0.000658917462955421
28.35334,45.99519,0.00052654699248933,45.9941932786567,-0.000470174350779598
28.36468,45.99609,0.00142654699249078,45.9943502827857,-0.000313170221808161
28.37604,45.99431,-0.000353453007512883,45.9944651251506,-0.000198327856878755
28.38737,45.99267,-0.00199345300751474,45.9945322020845,-0.000131250923029641
28.39873,45.99612,0.0014565469924861,45.994550994805,-0.0001124582025464
28.41007,45.99567,0.00100654699248537,45.9945257290016,-0.000137724005927801
28.4214,45.99197,-0.00269345300750956,45.9944645505134,-0.000198902494106871
28.43273,45.9952,0.000536546992485398,45.9943783588422,-0.000285094165281942
28.44405,45.99547,0.000806546992485835,45.9942794602391,-0.000383992768367366
28.4554,45.99213,-0.00253345300750851,45.9941802099454,-0.000483243062069776
28.46674,45.99422,-0.000443453007513028,45.9940917926535,-0.000571660354007326
28.47809,45.99413,-0.000533453007513174,45.9940232581841,-0.000640194823422945
28.48944,45.9941,-0.000563453007508485,45.9939808851992,-0.000682567808354476
28.50076,45.99391,-0.000753453007511951,45.9939678777903,-0.000695575217217031
28.51212,45.99481,0.000146546992489505,45.9939843349374,-0.000679118070114749
28.52342,45.99444,-0.000223453007514252,45.9940274103806,-0.000636042626881642
28.53473,45.99342,-0.00124345300751116,45.994091608265,-0.000571844742552365
28.54606,45.99279,-0.00187345300751218,45.9941692213101,-0.0004942316974519
28.55739,45.99366,-0.00100345300751314,45.9942509751564,-0.000412477851159325
28.56874,45.99548,0.000816546992489009,45.9943269367481,-0.000336516259396025
28.58009,45.99462,-4.34530075139605e-05,45.9943876502855,-0.000275802722058164
28.59141,45.99574,0.00107654699248627,45.9944253387864,-0.000238114221077031
28.60277,45.99254,-0.00212345300751338,45.9944349501559,-0.000228502851628153
28.61411,45.99521,0.000546546992488572,45.9944148702557,-0.000248582751814779
28.62542,45.99419,-0.00047345300750834,45.9943672130344,-0.000296239973097932
28.63674,45.99612,0.0014565469924861,45.994297650499,-0.000365802508462131
28.64806,45.99449,-0.000173453007512592,45.9942147569386,-0.0004486960689342
28.6594,45.99358,-0.00108345300751012,45.9941288772611,-0.000534575746394633
28.67074,45.993,-0.00166345300750947,45.9940506332063,-0.000612819801159154
28.68208,45.9945,-0.000163453007509418,45.9939893116731,-0.000674141334428463
28.69341,45.99281,-0.00185345300751294,45.9939514496157,-0.000712003391796479
28.70476,45.9926,-0.00206345300750854,45.9939398994855,-0.000723553522030335
28.7161,45.99403,-0.000633453007509388,45.9939535530324,-0.000709899975062409
28.72744,45.99475,8.65469924917761e-05,45.9939877528295,-0.000675700177973946
28.73878,45.99518,0.000516546992486155,45.9940352547738,-0.000628198233751681
28.75012,45.99352,-0.00114345300751495,45.9940874744028,-0.000575978604690941
28.76148,45.99487,0.000206546992487233,45.9941357193173,-0.000527733690253021
28.77282,45.99507,0.000406546992486767,45.9941721833876,-0.000491269619862936
28.78416,45.99351,-0.00115345300751102,45.9941905980559,-0.000472854951635299
28.7955,45.99445,-0.000213453007511077,45.9941865531229,-0.000476899884660815
28.80684,45.99261,-0.00205345300751247,45.9941575983466,-0.000505854660921746
28.81817,45.99226,-0.00240345300750988,45.9941032957158,-0.000560157291710428
28.82948,45.9946,-6.34530075132034e-05,45.9940253669313,-0.000638086076170871
28.84081,45.99632,0.00165654699248563,45.9939279476049,-0.000735505402570022
28.85216,45.99488,0.000216546992490407,45.9938177702143,-0.000845682793189978
28.86352,45.99326,-0.00140345300751221,45.9937039812323,-0.000959471775175025
28.87485,45.99623,0.00156654699248548,45.9935973617263,-0.00106609128124076
28.88618,45.99112,-0.00354345300750936,45.9935089432676,-0.00115450973994931
28.89752,45.99208,-0.00258345300751017,45.9934482720131,-0.00121518099437865
28.90888,45.99272,-0.00194345300751309,45.9934217581813,-0.00124169482622669
28.92022,45.9917,-0.00296345300751,45.9934315806374,-0.00123187237011077
28.93157,45.99327,-0.00139345300750904,45.9934754709687,-0.00118798203876173
28.94288,45.99489,0.000226546992486476,45.9935474294334,-0.00111602357412638
28.95424,45.99601,0.00134654699248671,45.9936391363849,-0.00102431662266222
28.96558,45.99331,-0.00135345300751055,45.9937416343817,-0.000921818625848953
28.97692,45.9925,-0.00216345300751186,45.9938468478375,-0.000816605169973583
28.98824,45.99565,0.000986546992486126,45.9939486600707,-0.000714792936765567
28.99959,45.99491,0.000246546992485719,45.9940434590415,-0.000619993966034546
29.01093,45.99166,-0.00300345300750848,45.9941301882869,-0.000533264720565224
29.02227,45.99485,0.00018654699248799,45.9942100045605,-0.000453448447030792
29.0336,45.9943,-0.000363453007508951,45.9942856838468,-0.000377769160664434
29.04495,45.99521,0.000546546992488572,45.9943609148784,-0.00030253812908167
29.0563,45.99299,-0.00167345300751265,45.994439568092,-0.000223884915473917
29.06764,45.99667,0.00200654699249014,45.9945249817404,-0.000138471267142083
29.07898,45.99269,-0.0019734530075084,45.9946193052187,-4.41477888406472e-05
29.09032,45.99573,0.0010665469924902,45.9947229658488,5.95128412369305e-05
29.10163,45.99198,-0.00268345300751349,45.9948343479151,0.000170894907579964
29.11298,45.99743,0.00276654699248979,45.9949497653588,0.000286312351253425
29.12433,45.99551,0.000846546992491426,45.995063752192,0.000400299184510228
29.13566,45.99409,-0.00057345300751166,45.9951696106519,0.000506157644419469
29.147,45.99478,0.000116546992487088,45.9952601135677,0.000596660560206266
29.15834,45.99546,0.000796546992489766,45.9953282791965,0.00066482618896804
29.16968,45.99677,0.00210654699248636,45.9953681642551,0.000704711247586967
29.18104,45.99456,-0.000103453007511689,45.995375603477,0.00071215046952933
29.19238,45.99469,2.65469924869421e-05,45.9953487962741,0.00068534326656484
29.20372,45.99661,0.00194654699248531,45.9952886519796,0.000625198972117733
29.21505,45.99562,0.000956546992490814,45.995198839084,0.000535386076535594
29.22637,45.99528,0.000616546992489475,45.9950855101942,0.00042205718670398
29.23771,45.99325,-0.00141345300750828,45.9949567116174,0.000293258609898671
29.24903,45.99453,-0.000133453007514106,45.9948215518098,0.000158098802297154
29.26037,45.99679,0.0021265469924856,45.9946892501493,2.57971417498523e-05
29.27172,45.99483,0.000166546992488747,45.9945681670052,-9.52860022908584e-05
29.28307,45.99476,9.65469924878448e-05,45.9944648697308,-0.000198583276743672
29.29441,45.99113,-0.00353345300751329,45.9943833093269,-0.000280143680598296
29.30574,45.99493,0.000266546992484962,45.9943242735037,-0.000339179503841633
29.31709,45.99485,0.00018654699248799,45.9942853317455,-0.000378121261991684
29.32844,45.99171,-0.00295345300751393,45.994261407241,-0.000402045766500937
29.33978,45.99449,-0.000173453007512592,45.9942459363651,-0.000417516642456608
29.35114,45.99673,0.00206654699248787,45.994232396824,-0.000431056183492677
29.36248,45.99614,0.00147654699248534,45.9942158430061,-0.000447610001383268
29.3738,45.99509,0.00042654699248601,45.994194025424,-0.000469427583486894
29.38513,45.99254,-0.00212345300751338,45.9941677714605,-0.000495681546969525
29.39646,45.99303,-0.00163345300751416,45.9941405705206,-0.00052288248695455
29.40781,45.99366,-0.00100345300751314,45.9941175901426,-0.000545862864961011
29.41914,45.99604,0.00137654699248912,45.9941044774735,-0.000558975534024371
29.4305,45.99136,-0.00330345300751134,45.9941062431859,-0.000557209821641032
29.44184,45.99464,-2.34530075147177e-05,45.994126393782,-0.000537059225539147
29.45315,45.99496,0.000296546992487379,45.99416637413,-0.000497078877478623
29.46448,45.99583,0.00116654699248642,45.9942253105347,-0.000438142472796479
29.47581,45.99297,-0.00169345300751189,45.9942999953252,-0.000363457682349861
29.48718,45.9926,-0.00206345300750854,45.9943850633653,-0.000278389642165304
29.49854,45.99487,0.000206546992487233,45.9944733784281,-0.000190074579442737
29.50989,45.99605,0.00138654699248519,45.9945566819474,-0.00010677106008421
29.52126,45.99231,-0.00235345300750822,45.9946264916726,-3.69613349409879e-05
29.53258,45.99749,0.00282654699248752,45.9946751281025,1.16750950297978e-05
29.54392,45.99481,0.000146546992489505,45.9946966865224,3.32335148495181e-05
29.55525,45.99374,-0.000923453007509067,45.9946877909794,2.43379718895243e-05
29.56659,45.99209,-0.0025734530075141,45.9946480411898,-1.5411817717521e-05
29.57794,45.99794,0.00327654699248825,45.9945801441852,-8.33088223178215e-05
29.58927,45.99389,-0.000773453007511193,45.9944897386518,-0.000173714355748662
29.6006,45.99703,0.00236654699249073,45.9943848652216,-0.000278587785862252
29.61193,45.9933,-0.00136345300751373,45.9942750169716,-0.000388436035956813
29.62326,45.99301,-0.00165345300751341,45.9941698154694,-0.000493637538106731
29.6346,45.99304,-0.00162345300751099,45.9940775537281,-0.000585899279364611
29.64593,45.99196,-0.00270345300751273,45.9940039874053,-0.000659465602248963
29.65726,45.99347,-0.0011934530075095,45.9939517297245,-0.000711723282976836
29.66861,45.99564,0.000976546992490057,45.9939204062185,-0.000743046789025955
29.67993,45.99661,0.00194654699248531,45.9939074430305,-0.000756009976976655
29.69127,45.99333,-0.00133345300751131,45.9939091455129,-0.000754307494600178
29.70262,45.99226,-0.00240345300750988,45.9939216997768,-0.000741753230724845
29.71394,45.99402,-0.000643453007512562,45.9939418938896,-0.000721559117947845
29.72527,45.9945,-0.000163453007509418,45.993967550559,-0.000695902448487036
29.73662,45.9955,0.000836546992488252,45.9939977381435,-0.000665714864057145
29.74798,45.99261,-0.00205345300751247,45.9940327937942,-0.000630659213302962
29.75931,45.99229,-0.00237345300751457,45.9940741685301,-0.000589284477440445
29.77063,45.99699,0.00232654699248513,45.9941241328164,-0.000539320191099271
29.78199,45.99301,-0.00165345300751341,45.9941853982294,-0.000478054778128711
29.79334,45.994,-0.000663453007511805,45.9942606766451,-0.00040277636242282
29.80469,45.9959,0.00123654699248732,45.9943521640357,-0.000311288971775025
29.81605,45.99361,-0.0010534530075148,45.9944609490016,-0.00020250400594401
29.82739,45.996,0.00133654699249064,45.9945863922189,-7.70607886233029e-05
29.83874,45.99253,-0.00213345300750944,45.9947255808714,6.21278639191831e-05
29.85011,45.99321,-0.00145345300751387,45.99487302249,0.000209569482462317
29.86143,45.99608,0.00141654699248761,45.9950207632846,0.000357310277140496
29.87278,45.99535,0.000686546992490378,45.9951590393696,0.000495586362128703
29.88413,45.99543,0.000766546992487349,45.9952774058937,0.000613952886147797
29.89547,45.9944,-0.000263453007512737,45.9953661344228,0.00070268141530938
29.90681,45.99796,0.00329654699248749,45.9954176024509,0.000754149443431192
29.91816,45.99617,0.00150654699248776,45.9954274127585,0.000763959750956045
29.9295,45.99421,-0.000453453007509097,45.9953950436692,0.000731590661657057
29.94083,45.99515,0.000486546992490844,45.995323948902,0.000660495894440294
29.95216,45.99353,-0.00113345300751178,45.9952211758793,0.000557722871790447
29.96348,45.997,0.00233654699248831,45.9950966661208,0.000433213113273918
29.97481,45.99445,-0.000213453007511077,45.9949623791228,0.000298926115261011
29.98613,45.99587,0.0012065469924849,45.9948312896811,0.000167836673585927
29.99747,45.99438,-0.00028345300751198,45.9947162505454,5.27975378421943e-05
30.00883,45.99576,0.00109654699248551,45.9946287385097,-3.47144978607309e-05
30.02019,45.99268,-0.00198345300751157,45.9945775867005,-8.58663070632953e-05
30.03153,45.99452,-0.000143453007510175,45.9945678954751,-9.55575324473328e-05
30.04287,45.99327,-0.00139345300750904,45.9946003610609,-6.30919466455286e-05
30.05418,45.99347,-0.0011934530075095,45.9946712255193,7.7725117933019e-06
30.06551,45.9968,0.00213654699248877,45.9947729206955,0.000109467687997395
30.07683,45.99572,0.00105654699248703,45.9948952904126,0.000231837405121864
30.08816,45.99464,-2.34530075147177e-05,45.9950271156446,0.00036366263710152
30.0995,45.99454,-0.000123453007510932,45.9951576220544,0.000494169046907932
30.11085,45.99551,0.000846546992491426,45.9952777218388,0.000614268831292921
30.12218,45.99811,0.00344654699248537,45.995380843961,0.000717390953455019
30.1335,45.9948,0.000136546992486331,45.9954632708618,0.000799817854283358
30.14482,45.99435,-0.000313453007514397,45.9955239617058,0.000860508698333984
30.15614,45.99579,0.00112654699248793,45.995563957623,0.000900504615510733
30.16746,45.99476,9.65469924878448e-05,45.9955855918407,0.000922138833141425
30.1788,45.99467,6.5469924876993e-06,45.9955917724588,0.000928319451314511
30.19015,45.99426,-0.000403453007514543,45.995585538488,0.000922085480522806
30.20147,45.99775,0.00308654699249189,45.9955699497066,0.000906496699129368
30.21278,45.99671,0.00204654699248863,45.9955482045407,0.000884751533191403
30.22411,45.99665,0.0019865469924909,45.9955237507486,0.000860297741076424
30.23541,45.99468,1.65469924908734e-05,45.9955001491825,0.000836696175003139
30.24673,45.99404,-0.000623453007513319,45.995480599666,0.00081714665850631
30.25806,45.99682,0.00215654699248802,45.9954672455682,0.000803792560740633
30.26939,45.99467,6.5469924876993e-06,45.9954605029973,0.000797049989809507
30.28074,45.99373,-0.000933453007512242,45.995458664349,0.000795211341442768
30.29207,45.99435,-0.000313453007514397,45.9954579541147,0.000794501107143622
30.30338,45.99759,0.00292654699249084,45.9954531064941,0.000789653486559287
30.31472,45.99644,0.00177654699248819,45.9954383852527,0.000774932245223629
30.32606,45.99378,-0.000883453007510582,45.9954088166252,0.000745363617722099
30.33739,45.99573,0.0010665469924902,45.9953613485949,0.000697895587433615
30.34874,45.99657,0.00190654699248682,45.9952957038239,0.000632250816348292
30.36008,45.99568,0.00101654699248854,45.9952147750808,0.000551322073332722
30.37139,45.99602,0.00135654699248988,45.9951244696962,0.000461016688725887
30.38272,45.99493,0.000266546992484962,45.9950329869156,0.000369533908067001
30.39405,45.9931,-0.00156345300751326,45.9949496476166,0.000286194609046792
30.40535,45.99422,-0.000443453007513028,45.9948835437881,0.000220090780622717
30.41669,45.99252,-0.00214345300751262,45.9948423420075,0.000178889000005846
30.428,45.99733,0.00266654699248647,45.9948314959985,0.000168042990992623
30.43933,45.99717,0.00250654699248543,45.9948539190974,0.00019046608986134
30.45066,45.99335,-0.00131345300751207,45.9949099594918,0.000246506484291333
30.462,45.99496,0.000296546992487379,45.9949974557635,0.000334002756003086
30.47333,45.99689,0.00222654699248892,45.9951117593911,0.000448306383569375
30.48466,45.99185,-0.00281345300751212,45.995245778956,0.000582325948483417
30.49602,45.99532,0.000656546992487961,45.9953902019857,0.000726748978192042
30.50734,45.99546,0.000796546992489766,45.995534046394,0.000870593386528568
30.51866,45.99711,0.0024465469924877,45.9956655924283,0.00100213942081421
30.52999,45.99594,0.00127654699248581,45.9957735875086,0.00111013450103947
30.54134,45.99567,0.00100654699248537,45.9958484952621,0.0011850422545604
30.55269,45.99576,0.00109654699248551,45.9958835534201,0.00122010041263567
30.56404,45.99638,0.00171654699249046,45.9958754863108,0.00121203330332725
30.57538,45.9952,0.000536546992485398,45.9958248020794,0.00116134907192574
30.58671,45.99826,0.00359654699249035,45.9957356503965,0.0010721973890054
30.59806,45.99406,-0.000603453007514076,45.9956152460991,0.000951793091587203
30.60936,45.99557,0.000906546992489154,45.9954729188729,0.000809465865430879
30.62067,45.99522,0.000556546992491747,45.9953189354993,0.000655482491822299
30.63201,45.99321,-0.00145345300751387,45.9951633157556,0.00049986274813254
30.64335,45.9957,0.00103654699248779,45.9950148703874,0.000351417379900488
30.65468,45.99485,0.00018654699248799,45.9948806135266,0.000217160519067218
30.66603,45.99504,0.000376546992491456,45.9947655742905,0.000102121283023112
30.67737,45.99561,0.00094654699248764,45.9946729121725,9.45916495664875e-06
30.6887,45.99371,-0.000953453007511484,45.9946041829915,-5.92700160326089e-05
30.70003,45.9952,0.000536546992485398,45.9945596197545,-0.000103833252978334
30.71138,45.99475,8.65469924917761e-05,45.9945383520866,-0.000125100920875787
30.72268,45.99458,-8.34530075124462e-05,45.9945385466352,-0.000124906372309506
30.73402,45.99268,-0.00198345300751157,45.9945574930742,-0.000105959933297195
30.74536,45.99689,0.00222654699248892,45.9945916862142,-7.17667933424575e-05
30.75668,45.99365,-0.00101345300750921,45.9946369553439,-2.64976635937658e-05
30.768,45.99412,-0.000543453007509243,45.9946886667831,2.52137756161195e-05
30.77934,45.99496,0.000296546992487379,45.9947420011105,7.85481030007512e-05
30.79068,45.99436,-0.000303453007511223,45.9947922947844,0.000128841776929606
30.80204,45.99659,0.00192654699248607,45.9948354139591,0.000171960951596841
30.81336,45.99437,-0.000293453007508049,45.9948680929125,0.000204639905005656
30.82473,45.994,-0.000663453007511805,45.994888161043,0.000224708035443116
30.83606,45.99709,0.00242654699248845,45.9948946263518,0.000231173344256887
30.84738,45.99056,-0.00410345300750947,45.9948876491753,0.000224196167772778
30.85872,45.99755,0.00288654699248525,45.9948684755315,0.00020502252397148
30.87006,45.99498,0.000316546992486622,45.9948393764697,0.000175923462193702
30.88138,45.99586,0.00119654699248883,45.9948035719428,0.000140118935323003
30.89271,45.99356,-0.00110345300750936,45.9947650672298,0.000101614222330842
30.90407,45.99313,-0.00153345300751084,45.9947283580185,6.49050109706683e-05
30.91539,45.99628,0.00161654699248714,45.994698037217,3.45842094897263e-05
30.92673,45.99635,0.00168654699248805,45.9946783658928,1.4912885238004e-05
30.93806,45.99353,-0.00113345300751178,45.9946728297679,9.37676041517988e-06
30.94939,45.99468,1.65469924908734e-05,45.9946836809217,2.02279142222932e-05
30.96076,45.99241,-0.00225345300751201,45.9947115254547,4.80724471532461e-05
30.97212,45.99649,0.00182654699248985,45.9947550967774,9.16437698504867e-05
30.98346,45.99278,-0.00188345300750825,45.9948113443799,0.000147891372355183
30.99482,45.99748,0.00281654699249145,45.9948758571747,0.000212404167151644
31.00616,45.9944,-0.000263453007512737,45.9949435104914,0.000280057483906688
31.01749,45.99484,0.000176546992491922,45.9950091591627,0.000345706155180753
31.02885,45.99594,0.00127654699248581,45.9950682206391,0.000404767631585553
31.04018,45.99467,6.5469924876993e-06,45.9951170693928,0.000453616385306237
31.05152,45.99463,-3.34530075107864e-05,45.9951532448018,0.000489791794250152
31.06283,45.9947,3.65469924901163e-05,45.9951755274263,0.000512074418789866
31.07415,45.99591,0.00124654699249049,45.9951839522447,0.00052049923715441
31.08547,45.9957,0.00103654699248779,45.9951797995496,0.000516346542105981
31.09682,45.99387,-0.000793453007510436,45.9951655572053,0.000502104197784659
31.10818,45.99533,0.000666546992491135,45.9951448222929,0.000481369285426842
31.1195,45.9957,0.00103654699248779,45.9951221121092,0.00045865910172036
31.13083,45.99603,0.00136654699248595,45.995102551511,0.000439098503530606
31.14213,45.99524,0.000576546992490989,45.9950913909764,0.000427937968850459
31.15343,45.99501,0.000346546992489039,45.9950933315462,0.000429878538650525
31.16476,45.99421,-0.000453453007509097,45.9951117144522,0.000448261444651711
31.17609,45.99421,-0.000453453007509097,45.9951477330853,0.000484280077817579
31.18743,45.99522,0.000556546992491747,45.9951998705574,0.000536417549928785
31.19878,45.99671,0.00204654699248863,45.9952637198821,0.000600266874631513
31.21012,45.9953,0.000636546992488718,45.9953322377949,0.000668784787365855
31.22143,45.9926,-0.00206345300750854,45.9953963973726,0.000732944365073021
31.23274,45.99737,0.00270654699248496,45.9954461855977,0.000782732590147547
31.24409,45.99364,-0.00102345300751239,45.9954718945134,0.000808441505891611
31.25542,45.99726,0.00259654699248557,45.9954656052822,0.000802152274687565
31.26674,45.99467,6.5469924876993e-06,45.9954226675552,0.000759214547736468
31.27809,45.99602,0.00135654699248988,45.9953429004779,0.00067944747037292
31.28942,45.99831,0.0036465469924849,45.9952312309447,0.000567777937177748
31.30078,45.99441,-0.000253453007509563,45.9950975456884,0.00043409268084075
31.31212,45.99414,-0.00052345300751,45.9949556738649,0.000292220857407704
31.32342,45.99343,-0.0012334530075151,45.994821624312,0.000158171304512704
31.33473,45.99686,0.0021965469924865,45.9947113943271,4.79413195621896e-05
31.34606,45.99369,-0.000973453007510727,45.9946387447524,-2.4708255105685e-05
31.3574,45.99229,-0.00237345300751457,45.9946133003771,-5.01526304261622e-05
31.36872,45.99454,-0.000123453007510932,45.9946392662699,-2.41867375634767e-05
31.38006,45.99458,-8.34530075124462e-05,45.9947149712961,5.15182885422199e-05
31.39139,45.99492,0.000256546992488893,45.9948333108306,0.000169857823072911
31.40276,45.99544,0.000776546992490523,45.9949829667094,0.000319513701849201
31.41408,45.99671,0.00204654699248863,45.9951501193862,0.00048666637872957
31.42541,45.99391,-0.000753453007511951,45.9953203045943,0.000656851586772247
31.43672,45.99575,0.00108654699248945,45.9954801048365,0.000816651829012839
31.44805,45.997,0.00233654699248831,45.9956184558316,0.000955002824055347
31.4594,45.99545,0.000786546992486592,45.9957274312521,0.00106397824462932
31.47074,45.99805,0.00338654699248764,45.9958024307003,0.00113897769279665
31.48206,45.99459,-7.34530075092721e-05,45.9958417771705,0.00117832416297693
31.49343,45.99545,0.000786546992486592,45.9958458651953,0.001182412187792
31.5048,45.99319,-0.00147345300751311,45.9958161562843,0.0011527032767649
31.51614,45.99442,-0.000243453007513494,45.9957544040278,0.00109095102027252
31.52747,45.99725,0.0025865469924895,45.9956624217059,0.000998968698369218
31.53881,45.99406,-0.000603453007514076,45.9955424746321,0.000879021624636191
31.55015,45.99871,0.00404654699249107,45.9953980900851,0.000734637077572477
31.56149,45.99608,0.00141654699248761,45.9952348739335,0.000571420926024705
31.5728,45.99539,0.000726546992488863,45.9950608957526,0.000397442745059752
31.58415,45.99585,0.00118654699248566,45.9948863577514,0.00022290474388005
31.59547,45.99392,-0.000743453007508776,45.9947225315123,5.90785047960814e-05
31.6068,45.99253,-0.00213345300750944,45.994580224058,-8.32289494848058e-05
31.61813,45.99223,-0.0024334530075123,45.9944682176383,-0.000195235369248679
31.62946,45.99493,0.000266546992484962,45.9943921440126,-0.000271308994915328
31.64081,45.99413,-0.000533453007513174,45.9943540814525,-0.000309371554998868
31.65216,45.99657,0.00190654699248682,45.994352867033,-0.000310585974503231
31.66353,45.99649,0.00182654699248985,45.9943848494113,-0.000278603596162222
31.67487,45.99309,-0.00157345300750933,45.9944447128777,-0.000218740129782201
31.68621,45.99256,-0.00210345300751413,45.9945261192051,-0.000137333802370838
31.69754,45.99491,0.000246546992485719,45.9946221370886,-4.131591888544e-05
31.70886,45.99583,0.00116654699248642,45.9947255832759,6.2130268434329e-05
31.72023,45.99413,-0.000533453007513174,45.9948293884283,0.000165935420820792
31.73157,45.99509,0.00042654699248601,45.9949269954233,0.000263542415764546
31.74293,45.99626,0.0015965469924879,45.9950127271578,0.000349274150326135
31.75429,45.9927,-0.00196345300751233,45.9950820638251,0.000418610817569312
31.76565,45.99727,0.00260654699248875,45.9951318038538,0.000468350846310664
31.77697,45.99465,-1.34530075115435e-05,45.9951601083649,0.000496655357365589
31.7883,45.99571,0.00104654699249096,45.9951664388364,0.000502985828933139
31.79964,45.9945,-0.000163453007509418,45.9951514112802,0.000487958272639993
31.81099,45.99363,-0.00103345300750846,45.9951166252879,0.000453172280391233
31.82236,45.99545,0.000786546992486592,45.9950645574002,0.000401104392667391
31.83365,45.99504,0.000376546992491456,45.994998582378,0.000335129370463016
31.84497,45.99554,0.000876546992486738,45.994923090782,0.000259637774442501
31.85632,45.9969,0.00223654699248499,45.9948435636107,0.000180110603156637
31.86766,45.994,-0.000663453007511805,45.9947664256831,0.000102972675595346
31.87898,45.99461,-5.34530075100292e-05,45.9946985702012,3.51171937344907e-05
31.89031,45.99433,-0.00033345300751364,45.9946465975137,-1.68554938067878e-05
31.90166,45.99397,-0.000693453007514222,45.994615957547,-4.74954605461505e-05
31.91301,45.99221,-0.00245345300751154,45.9946102495097,-5.3203497789737e-05
31.92435,45.99519,0.00052654699248933,45.9946308871964,-3.2565811078119e-05
31.93568,45.99786,0.00319654699249128,45.9946771977725,1.37447649842972e-05
31.94701,45.99315,-0.0015134530075116,45.994746840467,8.33874594743572e-05
31.95835,45.99562,0.000956546992490814,45.9948363144949,0.000172861487434334
31.96968,45.99487,0.000206546992487233,45.9949413517343,0.000277898726741014
31.98104,45.9962,0.00153654699249017,45.9950571160738,0.000393663066250112
31.99239,45.99221,-0.00245345300751154,45.9951782531286,0.000514800121082958
32.00372,45.99601,0.00134654699248671,45.9952989020074,0.000635448999874865
32.01506,45.99596,0.00129654699248505,45.995412788905,0.000749335897534749
32.02637,45.99758,0.00291654699248767,45.9955134654388,0.000850012431338626
32.0377,45.99258,-0.00208345300751489,45.995594674687,0.000931221679485313
32.04903,45.99477,0.000106546992491019,45.9956508050149,0.000987352007375644
32.06036,45.99745,0.00278654699248904,45.9956774250293,0.00101397202181111
32.0717,45.99561,0.00094654699248764,45.9956718855428,0.00100843253528777
32.08302,45.99656,0.00189654699249076,45.9956338899675,0.000970436959999034
32.09436,45.99532,0.000656546992487961,45.9955658652057,0.000902412198149675
32.10572,45.99468,1.65469924908734e-05,45.9954729950477,0.000809542040154168
32.11705,45.99597,0.00130654699248822,45.9953628746268,0.000699421619276476
32.12839,45.99733,0.00266654699248647,45.9952448238442,0.000581370836720278
32.13973,45.99366,-0.00100345300751314,45.9951289352326,0.00046548222511905
32.15108,45.99389,-0.000773453007511193,45.9950249730383,0.000361520030822847
32.16242,45.9935,-0.00116345300751419,45.9949413105836,0.000277857576060897
32.17375,45.99541,0.000746546992488106,45.9948841279292,0.000220674921650099
32.18506,45.9963,0.00163654699248639,45.9948570102764,0.000193557268873703
32.19637,45.99447,-0.000193453007511835,45.9948609174583,0.0001974644507443
32.2077,45.99641,0.00174654699248578,45.9948943623598,0.000230909352264163
32.21905,45.99478,0.000116546992487088,45.9949536322053,0.000290179197751814
32.23037,45.99366,-0.00100345300751314,45.9950329940901,0.000369541082617419
32.24171,45.99422,-0.000443453007513028,45.9951249625925,0.000461509584947189
32.25304,45.99493,0.000266546992484962,45.9952207864135,0.000557333405988181
32.26438,45.99368,-0.000983453007513901,45.9953112753012,0.000647822293707801
32.27572,45.99782,0.00315654699248569,45.9953879400326,0.000724487025069309
32.28707,45.99828,0.00361654699248959,45.9954442272421,0.000780774234578302
32.29841,45.99438,-0.00028345300751198,45.9954765083482,0.000813055340703596
32.30977,45.9945,-0.000163453007509418,45.995484524734,0.000821071726534644
32.32111,45.99545,0.000786546992486592,45.9954711926047,0.000807739597192016
32.33245,45.99548,0.000816546992489009,45.9954418880475,0.000778435039979506
32.34378,45.99543,0.000766546992487349,45.9954034226789,0.000739969671428391
32.3551,45.99731,0.00264654699248723,45.9953628859856,0.000699432978122993
32.36643,45.99363,-0.00103345300750846,45.9953264803075,0.0006630272999809
32.37776,45.99356,-0.00110345300750936,45.9952984839878,0.000635030980288047
32.38907,45.99545,0.000786546992486592,45.995280524824,0.000617071816476721
32.40042,45.99641,0.00174654699248578,45.9952713421047,0.000607889097165285
32.41174,45.99478,0.000116546992487088,45.9952671132251,0.000603660217632405
32.42307,45.99507,0.000406546992486767,45.9952622832943,0.000598830286741799
32.43439,45.99436,-0.000303453007511223,45.9952507592195,0.000587306212036359
32.44573,45.99412,-0.000543453007509243,45.9952273165104,0.000563863502880168
32.45708,45.99638,0.00171654699249046,45.9951890399203,0.000525586912811953
32.46842,45.99677,0.00210654699248636,45.9951365318897,0.000473078882219036
32.47973,45.99929,0.00462654699249043,45.9950745246664,0.000411071658881278
32.49106,45.99403,-0.000633453007509388,45.9950115426178,0.00034808961032067
32.50237,45.99368,-0.000983453007513901,45.994958476231,0.000295023223501639
32.51369,45.99392,-0.000743453007508776,45.9949263046512,0.000262851643641847
32.52501,45.99356,-0.00110345300750936,45.99492354576,0.000260092752444055
32.53635,45.99349,-0.00117345300751026,45.9949541335173,0.000290680509744479
32.54766,45.99309,-0.00157345300750933,45.9950162894612,0.000352836453672014
32.55901,45.99699,0.00232654699248513,45.9951026627155,0.000439209707973958
32.57032,45.99446,-0.000203453007515009,45.9952016675819,0.000538214574400469
32.58165,45.99711,0.0024465469924877,45.9952996416236,0.000636188616093488
32.59301,45.99685,0.00218654699249043,45.9953832667139,0.000719813706362637
32.60434,45.99662,0.00195654699248848,45.9954416882396,0.000778235232045954
32.61569,45.99604,0.00137654699248912,45.9954679213046,0.000804468297109808
32.62703,45.99257,-0.00209345300751096,45.9954593954582,0.000795942450725985
32.63836,45.99385,-0.000813453007509679,45.9954177695879,0.000754316580384885
32.6497,45.99659,0.00192654699248607,45.9953483153955,0.000684862387944884
32.66106,45.99676,0.00209654699249029,45.995259130976,0.000595677968457138
32.67241,45.99541,0.000746546992488106,45.9951602644954,0.000496811487930537
32.68374,45.99596,0.00129654699248505,45.9950626842677,0.000399231260191814
32.69508,45.99282,-0.00184345300750977,45.9949770536475,0.000313600640016864
32.70642,45.9955,0.000836546992488252,45.9949124133069,0.000248960299382338
32.71776,45.99351,-0.00115345300751102,45.994874999352,0.000211546344448375
32.72912,45.9952,0.000536546992485398,45.9948674392678,0.000203986260334549
32.74044,45.9937,-0.000963453007514659,45.9948884745784,0.00022502157089908
32.7518,45.99727,0.00260654699248875,45.9949332207602,0.000269767752665218
32.76316,45.9949,0.00023654699248965,45.9949938516922,0.000330398684682908
32.77451,45.99599,0.00132654699248747,45.9950605363043,0.00039708329678568
32.78585,45.99295,-0.00171345300751113,45.9951224917858,0.000459038778299336
32.7972,45.99319,-0.00147345300751311,45.995169125236,0.000505672228449974
32.80852,45.99522,0.000556546992491747,45.9951913103901,0.000527857382604912
32.81984,45.99768,0.00301654699249099,45.9951827817197,0.000519328712169919
32.83119,45.99598,0.0013165469924914,45.9951414357497,0.000477982742189453
32.84252,45.99615,0.00148654699248851,45.9950701602607,0.000406707253181321
32.85383,45.99622,0.00155654699248942,45.9949768240673,0.000313371059772181
32.86515,45.99464,-2.34530075147177e-05,45.9948732713895,0.000209818381942498
32.87648,45.99246,-0.00220345300751035,45.9947734655496,0.000110012542072042
32.88784,45.99432,-0.000343453007509709,45.9946911860389,2.7733031361433e-05
32.89916,45.99448,-0.00018345300750866,45.9946378044264,-2.56485810825631e-05
32.91049,45.99249,-0.00217345300751504,45.9946206087215,-4.28442860450075e-05
32.92185,45.99655,0.00188654699248758,45.994641956984,-2.14960234760944e-05
32.93318,45.994,-0.000663453007511805,45.994699314734,3.58617264730338e-05
32.94451,45.9959,0.00123654699248732,45.994786045711,0.000122592703469297
32.95586,45.99212,-0.00254345300751169,45.9948927221078,0.000229269100271116
32.96719,45.99728,0.00261654699249192,45.9950086946433,0.000345241635799044
32.97852,45.99697,0.00230654699248589,45.9951236643539,0.000460211346414175
32.98987,45.99449,-0.000173453007512592,45.9952289951043,0.000565542096805994
33.00123,45.99554,0.000876546992486738,45.9953185445003,0.000655091492740936
33.01254,45.99467,6.5469924876993e-06,45.9953889177974,0.000725464789908402
33.02387,45.99594,0.00127654699248581,45.9954392111926,0.000775758185073058
33.03519,45.99457,-9.34530075085149e-05,45.9954704097511,0.000806956743555449
33.04655,45.99742,0.00275654699248662,45.9954846159402,0.00082116293269486
33.05788,45.99512,0.000456546992488427,45.9954842586658,0.000820805658323352
33.06922,45.99262,-0.0020434530075093,45.9954714271162,0.000807974108685256
33.08055,45.99396,-0.000703453007510291,45.9954474955747,0.000784042567170095
33.09188,45.99715,0.00248654699248618,45.9954131867579,0.000749733750415657
33.10323,45.9966,0.00193654699248924,45.9953690829922,0.000705629984658474
33.11456,45.99619,0.001526546992487,45.9953163776931,0.000652924685548045
33.12589,45.99494,0.000276546992488136,45.9952575260312,0.000594073023732465
33.13725,45.99619,0.001526546992487,45.9951965080877,0.000533055080218767
33.14856,45.99478,0.000116546992487088,45.9951386012761,0.000475148268552068
33.15989,45.99224,-0.00242345300750912,45.9950897445557,0.000426291548159364
33.17123,45.997,0.00233654699248831,45.9950556854736,0.000392232466123052
33.18254,45.9968,0.00213654699248877,45.9950411068642,0.000377653856698139
33.19386,45.99308,-0.0015834530075125,45.9950488602982,0.00038540729073814
33.2052,45.99521,0.000546546992488572,45.9950793771895,0.000415924182035848
33.21653,45.99372,-0.00094345300750831,45.9951303473514,0.000466894343861271
33.22785,45.9956,0.000936546992491571,45.9951967910643,0.000533338056789
33.23921,45.99419,-0.00047345300750834,45.9952716086967,0.00060815568917947
33.25054,45.99612,0.0014565469924861,45.9953465652843,0.000683112276748596
33.26188,45.99718,0.0025165469924886,45.9954135236812,0.000750070673701329
33.27325,45.99569,0.00102654699249172,45.9954656453594,0.000802192351842916
33.2846,45.99504,0.000376546992491456,45.9954982785538,0.000834825546315943
33.29594,45.99643,0.00176654699248502,45.9955093596019,0.000845906594416108
33.30727,45.99517,0.000506546992490087,45.9954993136616,0.000835860654065667
33.31862,45.99384,-0.000823453007512853,45.9954705777366,0.000807124729072165
33.32998,45.99464,-2.34530075147177e-05,45.995426939087,0.000763486079486266
33.34131,45.99773,0.00306654699248554,45.9953728731978,0.000709420190335771
33.35263,45.99596,0.00129654699248505,45.995312983127,0.000649530119458955
33.36398,45.99416,-0.000503453007510757,45.9952515490804,0.000588096072858902
33.37531,45.99152,-0.00314345300751029,45.9951921849207,0.000528731913220837
33.38665,45.99784,0.00317654699248493,45.9951376563238,0.000474203316327893
33.39799,45.99636,0.00169654699249122,45.995089916206,0.00042646319848098
33.40932,45.99503,0.000366546992488281,45.9950503005274,0.000386847519901301
33.42067,45.99499,0.000326546992489796,45.995019722395,0.000356269387513741
33.43202,45.99246,-0.00220345300751035,45.9949987335935,0.000335280586022016
33.44334,45.99857,0.00390654699248927,45.9949874447901,0.000323991782605711
33.45469,45.99465,-1.34530075115435e-05,45.9949853734488,0.000321920441317819
33.46604,45.99228,-0.00238345300751064,45.9949912918459,0.000327838838436954
33.47736,45.99541,0.000746546992488106,45.9950031507431,0.000339697735622782
33.4887,45.99574,0.00107654699248627,45.9950181743252,0.000354721317735095
33.50005,45.99417,-0.000493453007514688,45.9950331891999,0.000369736192351989
33.51138,45.99464,-2.34530075147177e-05,45.9950451476969,0.000381694689376826
33.52274,45.99786,0.00319654699249128,45.9950517054812,0.000388252473638643
33.53408,45.99479,0.000126546992490262,45.9950516702409,0.000388217233437306
33.54542,45.99522,0.000556546992491747,45.9950451640336,0.000381711026096675
33.55675,45.99386,-0.00080345300751361,45.9950334458663,0.000369992858780613
33.56807,45.99476,9.65469924878448e-05,45.9950184917574,0.000355038749906145
33.57941,45.99405,-0.000613453007510145,45.9950025347519,0.000339081744354754
33.59074,45.99417,-0.000493453007514688,45.9949877571246,0.000324304117063936
33.60209,45.9973,0.00263654699249116,45.9949762133384,0.0003127603309308
33.61344,45.99586,0.00119654699248883,45.9949699133602,0.000306460352676414
33.62478,45.99439,-0.000273453007508806,45.9949708998411,0.000307446833625904
33.63612,45.99485,0.00018654699248799,45.9949811783226,0.000317725315060928
33.64743,45.99416,-0.000503453007510757,45.9950024905851,0.000339037577602067
33.65876,45.99395,-0.000713453007513465,45.995036051103,0.000372598095452585
33.67007,45.99424,-0.000423453007513785,45.9950823955788,0.000418942571293192
33.68142,45.99839,0.00372654699248898,45.9951414021248,0.000477949117283543
33.69275,45.99577,0.00110654699248869,45.9952124010586,0.000548948051056422
33.7041,45.99574,0.00107654699248627,45.9952941988389,0.000630745831429903
33.71544,45.99306,-0.00160345300751175,45.9953849010157,0.000721448008168249
33.72679,45.99431,-0.000353453007512883,45.9954816032721,0.000818150264632984
33.73812,45.99577,0.00110654699248869,45.9955801725361,0.000916719528618149
33.74947,45.99775,0.00308654699249189,45.995675324859,0.00101187185147809
33.7608,45.99462,-4.34530075139605e-05,45.9957610501831,0.00109759717560357
33.77214,45.99478,0.000116546992487088,45.9958312867919,0.00116783378438898
33.78348,45.99665,0.0019865469924909,45.9958807077234,0.00121725471584092
33.79482,45.99643,0.00176654699248502,45.9959055015652,0.00124204855766474
33.80615,45.99687,0.00220654699248968,45.9959040275721,0.00124057456457228
33.81751,45.9954,0.000736546992484932,45.9958772095555,0.00121375654794822
33.82884,45.99586,0.00119654699248883,45.9958285688124,0.00116511580487994
33.84017,45.99537,0.000706546992489621,45.9957638889639,0.00110043595636363
33.85149,45.99499,0.000326546992489796,45.9956905930839,0.00102714007643211
33.86283,45.99724,0.00257654699248633,45.9956169435557,0.000953490548222786
33.87418,45.9953,0.000636546992488718,45.995551151412,0.000887698404450123
33.88552,45.99643,0.00176654699248502,45.9955004534518,0.000837000444256695
33.89685,45.99342,-0.00124345300751116,45.9954702332787,0.000806780271190206
33.9082,45.99332,-0.00134345300751448,45.9954633248167,0.000799871809196292
33.91955,45.99673,0.00206654699248787,45.9954796692307,0.000816216223223203
33.93089,45.99836,0.00369654699248656,45.9955164172256,0.000852964218132362
33.94225,45.99499,0.000326546992489796,45.9955684041704,0.000904951162893484
33.95359,45.9931,-0.00156345300751326,45.9956288187344,0.000965365726846258
33.96493,45.99632,0.00165654699248563,45.995689930669,0.00102647766150102
33.97626,45.99736,0.00269654699248889,45.9957438504836,0.00108039747606714
33.98761,45.99535,0.000686546992490378,45.9957833192474,0.00111986623991817
33.99896,45.99493,0.000266546992484962,45.9958024762752,0.00113902326769023
34.01033,45.99486,0.000196546992491164,45.995797531201,0.00113407819348352
34.02165,45.9962,0.00153654699249017,45.9957672890912,0.00110383608370253
34.03295,45.99731,0.00264654699248723,45.9957134628453,0.00105000983774428
34.04427,45.99905,0.00438654699248531,45.995640638942,0.000977185934447721
34.05559,45.99455,-0.000113453007514863,45.9955557428811,0.000892289873538852
34.06693,45.99166,-0.00300345300750848,45.9954669881161,0.000803535108586708
34.07829,45.99383,-0.000833453007508922,45.9953825495462,0.000719096538735767
34.08961,45.99766,0.00299654699249174,45.9953093779344,0.000645924926934686
34.10096,45.99425,-0.000413453007510611,45.9952524931288,0.000589040121279773
34.1123,45.99644,0.00177654699248819,45.9952148267771,0.000551373769585623
34.12362,45.99417,-0.000493453007514688,45.9951974547321,0.000534001724552636
34.13493,45.99678,0.00211654699248953,45.9951999907928,0.000536537785335268
34.14625,45.99509,0.00042654699248601,45.9952209563411,0.000557503333591182
34.15758,45.99604,0.00137654699248912,45.9952580128928,0.000594559885252594
34.16891,45.99319,-0.00147345300751311,45.9953080271743,0.000644574166810945
34.18026,45.99651,0.0018465469924891,45.9953670271425,0.000703574134991441
34.1916,45.99558,0.000916546992485223,45.9954301660036,0.00076671299605021
34.20295,45.99485,0.00018654699248799,45.9954918097453,0.000828356737741972
34.2143,45.99465,-1.34530075115435e-05,45.9955458257759,0.000882372768379549
34.22563,45.99493,0.000266546992484962,45.9955861132041,0.000922660196578067
34.23695,45.99735,0.00268654699248572,45.9956073675919,0.000943914584409513
34.24827,45.99495,0.00028654699249131,45.9956059891847,0.000942536177147066
34.25964,45.99652,0.00185654699248516,45.9955809556645,0.000917502657025957
34.27097,45.99474,7.6546992488602e-05,45.9955344520142,0.000870999006701776
34.2823,45.99593,0.00126654699248974,45.9954720929403,0.000808639932828369
34.29363,45.99782,0.00315654699248569,45.9954026416442,0.000739188636675873
34.30496,45.9942,-0.000463453007512271,45.995337192945,0.000673739937443469
34.3163,45.99323,-0.00143345300751463,45.9952878705139,0.000624417506357607
34.32762,45.99821,0.00354654699248869,45.9952661987571,0.000602745749588133
34.33897,45.99405,-0.000613453007510145,45.9952813987242,0.000617945716660763
34.35028,45.99397,-0.000693453007514222,45.9953388785439,0.000675425536402167
34.36161,45.99413,-0.000533453007513174,45.9954391678459,0.000775714838348027
34.37296,45.99596,0.00129654699248505,45.9955775030222,0.000914050014662467
34.38432,45.99707,0.00240654699248921,45.9957441657961,0.00108071278854496
34.39568,45.9953,0.000636546992488718,45.9959255091516,0.00126205614405991
34.40704,45.99651,0.0018465469924891,45.9961054641217,0.00144201111414978
34.41835,45.99533,0.000666546992491135,45.9962672847897,0.00160383178219025
34.4297,45.99621,0.00154654699248624,45.9963953263931,0.00173187338555463
34.44104,45.99857,0.00390654699248927,45.9964766805014,0.00181322749386565
34.45238,45.99668,0.00201654699248621,45.9965024817608,0.00183902875326262
34.46371,45.99663,0.00196654699249166,45.9964687010654,0.00180524805789133
34.47506,45.99654,0.00187654699249151,45.9963763126889,0.00171285968135626
34.48639,45.99504,0.000376546992491456,45.9962308631961,0.00156741018861723
34.49771,45.99674,0.00207654699249105,45.9960416047912,0.00137815178368307
34.50905,45.99445,-0.000213453007511077,45.995820419184,0.00115696617645357
34.52039,45.99435,-0.000313453007514397,45.9955807389588,0.000917285951302652
34.53172,45.99813,0.00346654699249171,45.9953365934271,0.000673140419594156
34.54308,45.99447,-0.000193453007511835,45.9951017942005,0.00043834119302898
34.55441,45.99518,0.000516546992486155,45.9948891828253,0.000225729817791893
34.56573,45.99505,0.000386546992487524,45.9947098503485,4.63973409543686e-05
34.57703,45.99574,0.00107654699248627,45.9945723151726,-9.11378348773627e-05
34.58836,45.99074,-0.00392345300750918,45.9944817547073,-0.000181698300207561
34.59969,45.99475,8.65469924917761e-05,45.9944394681113,-0.00022398489622049
34.61103,45.99578,0.00111654699249186,45.9944427562125,-0.000220696794998379
34.62237,45.9938,-0.000863453007511339,45.9944853117941,-0.000178141213442381
34.63369,45.99496,0.000296546992487379,45.9945580638047,-0.000105389202768924
34.64504,45.99545,0.000786546992486592,45.9946503170824,-1.31359250931062e-05
34.65639,45.99305,-0.00161345300751492,45.994751021985,8.75689775129075e-05
34.66774,45.99525,0.000586546992487058,45.9948500508565,0.000186597849027492
34.67904,45.99642,0.00175654699248895,45.9949393889157,0.00027593590820154
34.69038,45.99199,-0.00267345300751032,45.9950141417114,0.000350688703855486
34.70173,45.99793,0.00326654699248508,45.9950732340661,0.000409781058568983
34.71307,45.99491,0.000246546992485719,45.9951196517464,0.000456198738915494
34.72439,45.99738,0.00271654699248813,45.9951600731143,0.000496620106760304
34.73573,45.99585,0.00118654699248566,45.9952037845147,0.000540331507144937
34.74706,45.99362,-0.00104345300751163,45.9952609139145,0.000597460907018329
34.7584,45.99461,-5.34530075100292e-05,45.9953402396361,0.000676786628561406
34.76974,45.99278,-0.00188345300750825,45.9954470326512,0.000783579643660159
34.78107,45.99641,0.00174654699248578,45.995581446827,0.000917993819520639
34.7924,45.99487,0.000206546992487233,45.9957378333762,0.00107438036870481
34.80374,45.99799,0.00332654699248991,45.9959050926481,0.00124163964059606
34.81509,45.99426,-0.000403453007514543,45.9960679234435,0.00140447043603109
34.82642,45.99781,0.00314654699248962,45.9962086894493,0.00154523644180439
34.83776,45.99467,6.5469924876993e-06,45.9963096011908,0.00164614818325698
34.84911,45.99682,0.00215654699248802,45.996354944373,0.00169149136549715
34.86048,45.99902,0.00435654699249,45.9963331075947,0.00166965458717751
34.87181,45.99483,0.000166546992488747,45.9962381672773,0.00157471426981619
34.88316,45.99681,0.00214654699249195,45.9960708216948,0.00140736868730073
34.89449,45.99531,0.000646546992491892,45.9958385649052,0.00117511189771681
34.90583,45.99582,0.00115654699249035,45.9955551206353,0.000891667627741602
34.91718,45.99507,0.000406546992486767,45.9952392466163,0.000575793608754774
34.92851,45.99565,0.000986546992486126,45.9949130501139,0.000249597106340566
34.93983,45.99569,0.00102654699249172,45.9945999598141,-6.34931934561022e-05
34.95118,45.99342,-0.00124345300751116,45.9943225213442,-0.000340931663353478
34.96251,45.99254,-0.00212345300751338,45.9941002451881,-0.000563207819451103
34.97383,45.99157,-0.00309345300750863,45.9939478096524,-0.000715643355092467
34.98518,45.9938,-0.000863453007511339,45.9938739227529,-0.000789530254639654
34.99652,45.99682,0.00215654699248802,45.9938809987688,-0.000782454238699787
35.00787,45.99538,0.000716546992485689,45.9939655471373,-0.000697905870206853
35.0192,45.99346,-0.00120345300751268,45.994118971765,-0.000544481242479041
35.03054,45.9927,-0.00196345300751233,45.9943284889252,-0.000334964082260675
35.04187,45.99516,0.000496546992486913,45.9945780594835,-8.53935240585146e-05
35.05318,45.99503,0.000366546992488281,45.9948494114207,0.000185958413156779
35.06451,45.99295,-0.00171345300751113,45.9951232692146,0.000459816207056688
35.07587,45.9945,-0.000163453007509418,45.9953808310561,0.00071737804853874
35.08718,46,0.00533654699248842,45.9956054156185,0.000941962610993089
35.09851,45.99415,-0.000513453007513931,45.995784070878,0.00112061787051356
35.10985,45.99657,0.00190654699248682,45.9959088512794,0.001245398271839
35.12119,45.99548,0.000816546992489009,45.9959775024977,0.00131404949019823
35.13251,45.99797,0.00330654699249067,45.9959934304352,0.00132997742766709
35.14384,45.99585,0.00118654699248566,45.9959649730754,0.00130152006784985
35.15516,45.99457,-9.34530075085149e-05,45.9959040973893,0.00124064438179254
35.16651,45.99442,-0.000243453007513494,45.9958247385349,0.00116128552737859
35.17783,45.99582,0.00115654699249035,45.9957410707594,0.00107761775184776
35.18916,45.99796,0.00329654699248749,45.9956659787166,0.00100252570906008
35.20048,45.99366,-0.00100345300751314,45.9956098788637,0.000946425856232278
35.21184,45.99516,0.000496546992486913,45.9955799210495,0.000916468042025527
35.22318,45.99682,0.00215654699248802,45.9955795588052,0.000916105797734358
35.23452,45.99564,0.000976546992490057,45.9956084811392,0.000945028131686986
35.24587,45.99477,0.000106546992491019,45.9956628900114,0.000999437003885238
35.25722,45.99489,0.000226546992486476,45.9957360935697,0.00107264056215443
35.26852,45.99669,0.00202654699248939,45.9958193830385,0.00115593003094269
35.27983,45.99548,0.000816546992489009,45.995903138477,0.00123968546946587
35.29119,45.997,0.00233654699248831,45.9959780460594,0.00131459305194063
35.30251,45.9969,0.00223654699248499,45.9960362511441,0.00137279813658522
35.31385,45.99503,0.000366546992488281,45.9960722723251,0.00140881931757131
35.32518,45.99535,0.000686546992490378,45.9960835686341,0.00142011562660439
35.33652,45.99678,0.00211654699248953,45.9960707387979,0.00140728579034237
35.34784,45.99737,0.00270654699248496,45.9960373756776,0.00137392267010276
35.35919,45.99575,0.00108654699248945,45.9959895887658,0.00132613575831348
35.37053,45.99595,0.00128654699248898,45.9959352046893,0.00127175168179336
35.38186,45.99455,-0.000113453007514863,45.9958827152969,0.00121926228941979
35.39319,45.99532,0.000656546992487961,45.9958401320989,0.001176679091392
35.40454,45.99683,0.00216654699249119,45.9958139402317,0.00115048722422844
35.41587,45.99769,0.00302654699248706,45.9958082906923,0.00114483768480886
35.42723,45.99245,-0.00221345300751352,45.9958244848154,0.00116103180791915
35.43858,45.99627,0.00160654699249108,45.9958607738309,0.00119732082334262
35.44992,45.99554,0.000876546992486738,45.9959125165916,0.00124906358407773
35.46128,45.99709,0.00242654699248845,45.9959727209403,0.0013092679327896
35.47263,45.99644,0.00177654699248819,45.9960328991995,0.00136944619199364
35.48397,45.99649,0.00182654699248985,45.9960840734078,0.00142062040028214
35.49532,45.99502,0.000356546992485107,45.9961177598986,0.00145430689108095
35.50665,45.9949,0.00023654699248965,45.996126837707,0.00146338469944946
35.51799,45.99784,0.00317654699248493,45.9961062764258,0.00144282341830095
35.52932,45.99673,0.00206654699248787,45.9960536976378,0.0013902446303364
35.54065,45.99628,0.00161654699248714,45.9959696904224,0.00130623741490713
35.55196,45.99548,0.000816546992489009,45.9958577865537,0.00119433354614295
35.5633,45.99565,0.000986546992486126,45.9957240772118,0.00106062420426499
35.57461,45.99456,-0.000103453007511689,45.9955765710156,0.000913118008070664
35.58595,45.99526,0.000596546992490232,45.9954244657019,0.00076101269436127
35.59729,45.99519,0.00052654699248933,45.9952774930798,0.000614040072313867
35.60863,45.99406,-0.000603453007514076,45.9951454153991,0.000481962391602907
35.61997,45.99773,0.00306654699248554,45.9950376404744,0.000374187466860725
35.63133,45.99554,0.000876546992486738,45.9949628275394,0.000299374531878753
35.64266,45.99532,0.000656546992487961,45.9949283280364,0.0002648750288727
35.654,45.99369,-0.000973453007510727,45.9949393884693,0.000275935461762914
35.66534,45.99352,-0.00114345300751495,45.9949982132221,0.000334760214553129
35.67664,45.9951,0.000436546992489184,45.9951031342987,0.000439681291178112
35.68799,45.99612,0.0014565469924861,45.9952481524302,0.000584699422666809
35.69936,45.99666,0.00199654699248697,45.9954229996812,0.00075954667370255
35.71069,45.99329,-0.0013734530075098,45.99561373753,0.00095028452247696
35.72203,45.99412,-0.000543453007509243,45.9958038480073,0.00114039499980482
35.73336,45.99778,0.0031165469924872,45.9959757781314,0.00131232512388588
35.74471,45.99434,-0.000323453007510466,45.9961128511122,0.00144939810468275
35.75603,45.99922,0.00455654699248953,45.9962013193598,0.00153786635226302
35.76738,45.99724,0.00257654699248633,45.9962321910186,0.00156873801107138
35.77874,45.99736,0.00269654699248889,45.9962024310276,0.00153897802007868
35.79009,45.99461,-5.34530075100292e-05,45.9961152673528,0.00145181434527317
35.80145,45.99547,0.000806546992485835,45.9959795792369,0.00131612622943371
35.81276,45.99598,0.0013165469924914,45.9958085887714,0.0011451357639228
35.82412,45.99534,0.000676546992487204,45.9956182008749,0.000954747867406217
35.83542,45.99436,-0.000303453007511223,45.9954253180244,0.000761865016936935
35.84673,45.99451,-0.000153453007513349,45.9952463634525,0.00058291044501715
35.85806,45.99566,0.0009965469924893,45.9950961370812,0.000432684073734262
35.8694,45.99626,0.0015965469924879,45.9949870075781,0.00032355457056952
35.88075,45.99634,0.00167654699248487,45.9949283282562,0.000264875248676476
35.89206,45.99534,0.000676546992487204,45.9949259212696,0.000262468262057515
35.90337,45.99294,-0.00172345300751431,45.9949815611306,0.000318108123036795
35.9147,45.99291,-0.00175345300750962,45.9950925689351,0.000429115927586443
35.92604,45.9952,0.000536546992485398,45.9952517693578,0.000588316350330011
35.93739,45.99602,0.00135654699248988,45.9954480317667,0.00078457875922534
35.94873,45.99669,0.00202654699248939,45.9956674098241,0.00100395681659717
35.96008,45.9971,0.00243654699249163,45.9958946506172,0.00123119760964418
35.97143,45.99558,0.000916546992485223,45.9961147245823,0.00145127157480987
35.98277,45.99674,0.00207654699249105,45.9963140796653,0.00165062665779407
35.99412,45.99816,0.00349654699248703,45.9964814779899,0.00181802498233903
36.00547,45.99332,-0.00134345300751448,45.9966084357623,0.0019449827547877
36.01682,45.99632,0.00165654699248563,45.996689405684,0.00202595267644661
36.02813,45.9972,0.00253654699248784,45.9967218872994,0.00205843429192289
36.03945,45.99636,0.00169654699249122,45.9967065911309,0.0020431381233719
36.05076,45.99806,0.00339654699249081,45.9966476323334,0.00198417932589597
36.06208,45.99701,0.00234654699249148,45.996552584665,0.00188913165746621
36.07341,45.99767,0.00300654699248781,45.996432180964,0.00176872795651658
36.08476,45.99494,0.000276546992488136,45.9962995213675,0.00163606835996092
36.0961,45.99807,0.00340654699248688,45.9961688027132,0.0015053497056684
36.10743,45.99251,-0.00215345300750869,45.9960537456881,0.00139029268054077
36.11876,45.99732,0.00265654699249041,45.9959660062404,0.00130255323293498
36.13012,45.99504,0.000376546992491456,45.9959138744556,0.00125042144813438
36.14146,45.99542,0.00075654699249128,45.995901485361,0.00123803235345554
36.15281,45.99603,0.00136654699248595,45.9959286317996,0.00126517879204282
36.16413,45.99676,0.00209654699249029,45.995991136049,0.00132768304152548
36.17545,45.99658,0.00191654699249,45.9960816395096,0.00141818650205261
36.18679,45.99625,0.00158654699249183,45.9961906257151,0.00152717270757414
36.19812,45.99491,0.000246546992485719,45.9963075129381,0.00164405993061089
36.20947,45.99747,0.00280654699248828,45.9964217186838,0.00175826567628314
36.22081,45.99557,0.000906546992489154,45.9965236509989,0.00186019799136949
36.23212,45.99801,0.00334654699248915,45.9966055801843,0.00194212717682385
36.24343,45.99543,0.000766546992487349,45.9966623088585,0.00199885585094626
36.25475,45.99868,0.00401654699248866,45.9966915357858,0.00202808277826285
36.26609,45.99694,0.00227654699249058,45.9966938244367,0.00203037142922118
36.27743,45.99641,0.00174654699248578,45.9966721441005,0.00200869109295045
36.28879,45.99614,0.00147654699248534,45.9966310488714,0.00196759586393968
36.30017,45.99564,0.000976546992490057,45.9965756751851,0.00191222217764055
36.31153,45.99618,0.00151654699249093,45.9965108137648,0.00184736075732698
36.32288,45.99617,0.00150654699248776,45.9964402964379,0.00177684343037954
36.33422,45.99488,0.000216546992490407,45.9963668358539,0.00170338284641174
36.34557,45.99859,0.00392654699248851,45.9962923103613,0.00162885735376155
36.35693,45.9949,0.00023654699248965,45.9962183418571,0.00155488884954965
36.36827,45.99863,0.003966546992487,45.9961469097574,0.00148345674993754
36.37963,45.99721,0.00254654699249102,45.9960807180714,0.00141726506386496
36.39096,45.99616,0.00149654699249169,45.996023111256,0.00135965824849835
36.40229,45.99222,-0.00244345300750837,45.9959775114388,0.00131405843125597
36.41361,45.99784,0.00317654699248493,45.9959465604862,0.00128310747863849
36.42496,45.9944,-0.000263453007512737,45.9959312764029,0.00126782339538227
36.43628,45.99796,0.00329654699248749,45.9959304965399,0.00126704353242351
36.44762,45.99431,-0.000353453007512883,45.9959407394325,0.00127728642500629
36.45897,45.99496,0.000296546992487379,45.9959565006432,0.00129304763571378
36.4703,45.99659,0.00192654699248607,45.9959709499655,0.00130749695797281
36.48166,45.99735,0.00268654699248572,45.9959769603761,0.00131350736856739
36.493,45.99339,-0.00127345300751358,45.9959683306354,0.00130487762785882
36.50435,45.99633,0.0016665469924888,45.9959409952941,0.00127754228657281
36.51566,45.9987,0.0040365469924879,45.9958939796487,0.00123052664119092
36.527,46,0.00533654699248842,45.9958298406142,0.0011663876067354
36.53831,45.99285,-0.00181345300751445,45.9957543730578,0.00109092005024572
36.54965,45.99294,-0.00172345300751431,45.9956755522848,0.00101209927729063
36.561,45.99506,0.000396546992490698,45.9956020005948,0.000938547587259176
36.57234,45.99525,0.000586546992487058,45.9955414830666,0.000878030059122783
36.58366,45.9955,0.000836546992488252,45.9954998699936,0.00083641698607706
36.59502,45.99653,0.00186654699248834,45.9954807252364,0.000817272228846609
36.60632,45.9959,0.00123654699248732,45.9954854106656,0.000821957658109899
36.61762,45.99542,0.00075654699249128,45.9955134712467,0.000850018239169904
36.62897,45.9949,0.00023654699248965,45.9955630793136,0.000899626306098136
36.64034,45.99689,0.00222654699248892,45.9956313991181,0.000967946110579185
36.65168,45.99654,0.00187654699249151,45.9957148122149,0.00105135920743721
36.66301,45.99427,-0.000393453007511368,45.9958089982592,0.00114554525163742
36.67434,45.9957,0.00103654699248779,45.9959089203369,0.0012454673294115
36.68569,45.99627,0.00160654699249108,45.9960088240292,0.00134537102166384
36.69701,45.99439,-0.000273453007508806,45.9961023789299,0.00143892592240235
36.70833,45.99774,0.00307654699248872,45.9961830381341,0.00151958512659597
36.71968,45.99769,0.00302654699248706,45.9962445943886,0.00158114138110822
36.731,45.99507,0.000406546992486767,45.9962818336771,0.00161838066957003
36.74231,45.9944,-0.000263453007512737,45.9962911798329,0.00162772682538955
36.75365,45.99635,0.00168654699248805,45.9962712780338,0.00160782502624904
36.76497,45.99828,0.00361654699248959,45.9962234917124,0.00156003870491366
36.77633,45.99767,0.00300654699248781,45.996152221787,0.00148876877944975
36.78767,45.99447,-0.000193453007511835,45.996064872682,0.00140141967453831
36.79902,45.99645,0.00178654699249137,45.9959713162974,0.00130786328990239
36.81035,45.99586,0.00119654699248883,45.9958828500147,0.00121939700716258
36.82167,45.9968,0.00213654699248877,45.9958107907197,0.00114733771218856
36.833,45.99512,0.000456546992488427,45.9957649164781,0.00110146347054461
36.84435,45.99485,0.00018654699248799,45.995751993529,0.00108854052144368
36.8557,45.99429,-0.000373453007512126,45.9957746520769,0.00111119906935326
36.86706,45.99506,0.000396546992490698,45.9958308700637,0.00116741705619921
36.8784,45.99598,0.0013165469924914,45.9959142288074,0.0012507757998857
36.88977,45.9976,0.00293654699248691,45.9960149124719,0.0013514594644139
36.90112,45.9983,0.00363654699248883,45.9961212124321,0.00145775942462851
36.91246,45.99493,0.000266546992484962,45.9962211846539,0.00155773164640347
36.92381,45.9952,0.000536546992485398,45.9963041637768,0.00164071076924295
36.93514,45.99513,0.000466546992491601,45.9963620098529,0.00169855684537526
36.94649,45.99712,0.00245654699249087,45.996390099596,0.00172664658849725
36.95782,45.99781,0.00314654699248962,45.996388059311,0.0017246063034608
36.96916,45.99768,0.00301654699249099,45.9963601133771,0.00169666036959501
36.98047,45.99731,0.00264654699248723,45.9963148416161,0.00165138860863708
36.99179,45.99449,-0.000173453007512592,45.9962642115112,0.00160075850369359
37.00311,45.99643,0.00176654699248502,45.9962219538783,0.00155850087074855
37.01443,45.99389,-0.000773453007511193,45.9962015568909,0.00153810388337913
37.02578,45.99891,0.00424654699249061,45.9962142401926,0.0015507871850709
37.03714,45.99612,0.0014565469924861,45.9962672144741,0.00160376146662704
37.04848,45.99559,0.000926546992488397,45.9963624205623,0.00169896755482761
37.05982,45.9936,-0.00106345300751087,45.9964958837973,0.00183243078979557
37.07117,45.99713,0.00246654699248694,45.9966578187211,0.00199436571362847
37.08252,45.99718,0.0025165469924886,45.9968335701008,0.00217011709325596
37.09386,45.99762,0.00295654699248615,45.9970053099908,0.00234185698331979
37.10519,45.99892,0.00425654699248668,45.9971542030203,0.00249075001281668
37.11649,45.99675,0.00208654699248711,45.9972626428104,0.0025991898029206
37.12781,45.99775,0.00308654699249189,45.9973162104219,0.0026527574143661
37.13914,45.99635,0.00168654699248805,45.9973051588869,0.00264170587936776
37.15048,45.99603,0.00136654699248595,45.9972253859553,0.00256193294782209
37.16181,45.99751,0.00284654699248676,45.9970789365145,0.002415483506958
37.17315,45.99965,0.00498654699249101,45.99687404924,0.00221059623246311
37.18447,45.99606,0.00139654699248837,45.9966246787993,0.00196122579181938
37.19582,45.99613,0.00146654699248927,45.9963493915653,0.00168593855778255
37.20715,45.99725,0.0025865469924895,45.9960696194596,0.00140616645205162
37.21846,45.99522,0.000556546992491747,45.9958074208656,0.00114396785803932
37.22977,45.99406,-0.000603453007514076,45.9955830432705,0.000919590262955306
37.24111,45.99516,0.000496546992486913,45.9954126598013,0.00074920679374924
37.25244,45.99509,0.00042654699248601,45.9953066511453,0.000643198137780523
37.26375,45.99248,-0.0021834530075111,45.9952687162762,0.00060526326867514
37.27506,45.9965,0.00183654699248592,45.9952959297287,0.000632476721168379
37.28639,45.99818,0.00351654699248627,45.9953796556718,0.000716202664316038
37.29773,45.99569,0.00102654699249172,45.9955070354843,0.000843582476802142
37.30906,45.99377,-0.000893453007513756,45.9956626752677,0.000999222260236439
37.32038,45.99747,0.00280654699248828,45.9958302336289,0.00116678062136426
37.33172,45.99564,0.000976546992490057,45.9959937793796,0.00133032637213498
37.34304,45.99572,0.00105654699248703,45.9961389184866,0.00147546547909895
37.35437,45.99485,0.00018654699248799,45.9962537339493,0.00159028094176789
37.3657,45.99747,0.00280654699248828,45.9963295777537,0.00166612474616116
37.37704,45.99599,0.00132654699248747,45.9963617146633,0.0016982616557976
37.38837,45.99716,0.00249654699248936,45.9963497436324,0.00168629062485503
37.39972,45.9976,0.00293654699248691,45.9962976573245,0.00163420431699585
37.41106,45.99499,0.000326546992489796,45.9962133995219,0.00154994651440611
37.42242,45.99927,0.00460654699249119,45.996107857528,0.00144440452049278
37.43375,45.99382,-0.000843453007512096,45.9959933568971,0.00132990388954077
37.44508,45.99543,0.000766546992487349,45.9958818759841,0.0012184229765705
37.45638,45.99265,-0.00201345300751399,45.9957833276407,0.00111987463314506
37.46775,45.9981,0.0034365469924893,45.9957042977502,0.0010408447426896
37.47908,45.99375,-0.000913453007512999,45.9956475267047,0.000984073697141135
37.49041,45.99431,-0.000353453007512883,45.9956122012055,0.000948748198029383
37.50175,46,0.00533654699248842,45.9955948959489,0.000931442941353638
37.51308,45.9945,-0.000163453007509418,45.9955908466716,0.000927393664129769
37.52444,45.997,0.00233654699248831,45.9955951818516,0.000931728844112545
37.53579,45.99405,-0.000613453007510145,45.9956038175863,0.000940364578760563
37.54713,45.99587,0.0012065469924849,45.9956139016489,0.000950448641362238
37.55849,45.99505,0.000386546992487524,45.9956238668069,0.000960413799378254
37.56983,45.99789,0.00322654699248659,45.9956332264483,0.000969773440769387
37.5812,45.99379,-0.000873453007514513,45.9956422320653,0.000978779057764838
37.59254,45.99479,0.000126546992490262,45.9956514915044,0.000988038496856267
37.60387,45.9952,0.000536546992485398,45.9956616556939,0.000998202686349782
37.61521,45.99564,0.000976546992490057,45.9956732709743,0.00100981796680306
37.62654,45.99765,0.00298654699248857,45.9956868077053,0.00102335469778288
37.63787,45.99751,0.00284654699248676,45.9957027494979,0.00103929649043119
37.6492,45.99318,-0.00148345300750918,45.995721572323,0.00105811931550275
37.66051,45.99627,0.00160654699249108,45.9957435264895,0.00108007348201266
37.67184,45.99485,0.00018654699248799,45.9957682969943,0.0011048439867446
37.68319,45.9945,-0.000163453007509418,45.9957947223063,0.00113126929878344
37.69453,45.99795,0.00328654699249142,45.995820721936,0.00115726892847459
37.70588,45.99459,-7.34530075092721e-05,45.9958434605119,0.00118000750436615
37.71722,45.99972,0.00505654699249192,45.9958596562257,0.00119620321818768
37.72859,45.99379,-0.000873453007514513,45.9958659052022,0.00120245219469875
37.73993,45.99298,-0.00168345300750872,45.995858971623,0.00119551861547688
37.75128,45.99516,0.000496546992486913,45.9958361289463,0.00117267593880685
37.76263,45.99709,0.00242654699248845,45.9957956898819,0.00113223687436317
37.77398,45.99699,0.00232654699248513,45.9957377335932,0.00107428058566322
37.78532,45.99777,0.00310654699249113,45.9956648100215,0.00100135701395662
37.79665,45.99489,0.000226546992486476,45.9955822761069,0.000918823099344238
37.80798,45.99666,0.00199654699248697,45.9954980114847,0.000834558477238915
37.81933,45.99335,-0.00131345300751207,45.9954215060908,0.000758053083278706
37.83065,45.99401,-0.000653453007508631,45.9953625563602,0.00069910335265755
37.84198,45.99477,0.000106546992491019,45.9953299279714,0.000666474963850462
37.85333,45.99736,0.00269654699248889,45.9953302950738,0.000666842066295592
37.86466,45.9961,0.00143654699248685,45.9953675941072,0.000704141099658348
37.87601,45.99353,-0.00113345300751178,45.9954427623696,0.000779309362090144
37.88736,45.99477,0.000106546992491019,45.9955537804405,0.000890327432945311
37.89869,45.99589,0.00122654699249125,45.9956959804151,0.00103252740757607
37.91003,45.99699,0.00232654699248513,45.9958625929262,0.00119913991867268
37.92136,45.99855,0.00388654699249003,45.99604542997,0.0013819769624868
37.93268,45.99458,-8.34530075124462e-05,45.996235528831,0.00157207582349453
37.94403,45.99561,0.00094654699248764,45.996423630111,0.00176017710347607
37.95536,45.99521,0.000546546992488572,45.9966005165923,0.00193706358476652
37.96666,45.99706,0.00239654699248604,45.9967573604097,0.00209390740217986
37.97804,45.99892,0.00425654699248668,45.9968862002453,0.00222274723778769
37.98937,45.99667,0.00200654699249014,45.9969805336583,0.00231708065083641
38.00073,45.99641,0.00174654699248578,45.9970359022574,0.00237244924985362
38.01208,45.996,0.00133654699249064,45.9970503572836,0.0023869042761054
38.02344,45.9974,0.00273654699248738,45.9970247696365,0.00236131662898818
38.03479,45.99704,0.00237654699248679,45.9969629785157,0.00229952550822333
38.04613,45.99942,0.00475654699248906,45.9968717194594,0.00220826645192473
38.05748,45.99624,0.00157654699248866,45.9967602089107,0.00209675590323285
38.06882,45.99656,0.00189654699249076,45.9966392855088,0.00197583250124133
38.08015,45.99649,0.00182654699248985,45.9965201398156,0.00185668680808584
38.0915,45.99537,0.000706546992489621,45.9964128314536,0.00174937844608657
38.10284,45.99569,0.00102654699249172,45.9963248987396,0.00166144573205511
38.11418,45.9947,3.65469924901163e-05,45.9962603660523,0.00159691304478447
38.1255,45.99811,0.00344654699248537,45.9962193576759,0.00155590466839694
38.13681,45.99699,0.00232654699248513,45.9961983702928,0.00153491728530325
38.14816,45.9939,-0.000763453007515125,45.9961911070236,0.00152765401605427
38.15952,45.99532,0.000656546992487961,45.9961897036608,0.00152625065332145
38.17086,45.99814,0.00347654699248778,45.9961861711121,0.00152271810456603
38.18221,45.99739,0.00272654699249131,45.9961738512113,0.00151039820380668
38.19356,45.99603,0.00136654699248595,45.9961486161581,0.00148516315058474
38.20488,45.99731,0.00264654699248723,45.9961095310989,0.00144607809138813
38.21621,45.99611,0.00144654699249003,45.9960588170026,0.00139536399508865
38.22754,45.99497,0.000306546992490553,45.9960011485644,0.00133769555690967
38.23888,45.99466,-3.45300750836941e-06,45.9959425033214,0.00127905031384039
38.2502,45.99551,0.000846546992491426,45.9958888770154,0.0012254240078987
38.26153,45.99763,0.00296654699248933,45.9958451628789,0.00118170987136624
38.27284,45.99509,0.00042654699248601,45.9958143773817,0.00115092437420575
38.28419,45.99412,-0.000543453007509243,45.995797287698,0.00113383469053655
38.29554,45.99682,0.00215654699248802,45.9957924317689,0.00112897876139911
38.30688,45.99632,0.00165654699248563,45.995796500677,0.00113304766953084
38.31821,45.99493,0.000266546992484962,45.9958050149705,0.00114156196293997
38.32956,45.99686,0.0021965469924865,45.9958131757259,0.00114972271835225
38.34091,45.99492,0.000256546992488893,45.9958167533857,0.00115330037823681
38.35224,45.99506,0.000396546992490698,45.9958128946193,0.0011494416118051
38.36354,45.99762,0.00295654699248615,45.995800740707,0.0011372876994603
38.3749,45.99724,0.00257654699248633,45.9957817401209,0.00111828711335719
38.38625,45.99471,4.6546992486185e-05,45.995759533513,0.00109608050553304
38.39758,45.99692,0.00225654699249134,45.9957393504809,0.0010758974734267
38.40891,45.99446,-0.000203453007515009,45.9957269987982,0.00106354579065356
38.42026,45.99377,-0.000893453007513756,45.9957276801574,0.00106422714987583
38.4316,45.99636,0.00169654699249122,45.9957449413183,0.00108148831074053
38.44295,45.99432,-0.000343453007509709,45.9957800212048,0.00111656819730949
38.4543,45.99845,0.00378654699248671,45.9958317000271,0.00116824701962906
38.46565,45.99558,0.000916546992485223,45.9958965714223,0.00123311841480698
38.47701,45.99617,0.00150654699248776,45.9959695433342,0.00130609032670373
38.48832,45.995,0.000336546992485864,45.9960443808472,0.00138092783969177
38.49965,45.99793,0.00326654699248508,45.9961141959787,0.00145074297115164
38.51101,45.99609,0.00142654699249078,45.9961718810209,0.00150842801337983
38.52235,45.99314,-0.00152345300751477,45.9962105341029,0.00154708109534084
38.53366,45.9968,0.00213654699248877,45.9962239522936,0.00156049928606655
38.545,45.99665,0.0019865469924909,45.996207255218,0.00154380221048076
38.55634,45.99807,0.00340654699248688,45.9961576112388,0.00149415823131516
38.56768,45.9954,0.000736546992484932,45.9960749085027,0.00141145549518871
38.57904,45.99579,0.00112654699248793,45.9959621605332,0.00129870752564635
38.59038,45.99672,0.0020565469924918,45.995825509069,0.00116205606153015
38.60169,45.99393,-0.000733453007512708,45.995673811509,0.00101035850153296
38.61305,45.99691,0.00224654699248816,45.9955178849078,0.000854431900259219
38.62438,45.99512,0.000456546992488427,45.9953695005123,0.000706047504783158
38.6357,45.99562,0.000956546992490814,45.9952402112687,0.000576758261140632
38.64705,45.99612,0.0014565469924861,45.9951400888864,0.00047663587891747
38.65838,45.9938,-0.000863453007511339,45.9950764757624,0.000413022754909153
38.66974,45.99511,0.000446546992485253,45.9950529202024,0.000389467194914624
38.68108,45.99327,-0.00139345300750904,45.9950685255545,0.000405072547000651
38.69241,45.99379,-0.000873453007514513,45.9951179512277,0.000454498220142651
38.70374,45.99561,0.00094654699248764,45.9951922132622,0.000528760254656624
38.71506,45.99504,0.000376546992491456,45.9952802422024,0.000616789194872465
38.7264,45.99695,0.00228654699248665,45.9953709206589,0.000707467651364762
38.73775,45.99792,0.00325654699248901,45.9954551358108,0.000791682803255975
38.74909,45.99632,0.00165654699248563,45.995527332399,0.000863879391494456
38.76043,45.99457,-9.34530075085149e-05,45.9955861818263,0.00092272881874003
38.77179,45.99546,0.000796546992489766,45.9956342570283,0.000970804020759847
38.78312,45.99363,-0.00103345300750846,45.9956768994261,0.00101344641863413
38.79446,45.99905,0.00438654699248531,45.9957206424173,0.00105718940983226
38.80579,45.99349,-0.00117345300751026,45.9957715690506,0.0011081160431034
38.81714,45.99393,-0.000733453007512708,45.9958339073858,0.00117045437830673
38.82845,45.99642,0.00175654699248895,45.995909095461,0.00124564245346498
38.83979,45.9954,0.000736546992484932,45.9959954690085,0.00133201600102857
38.85114,45.99831,0.0036465469924849,45.9960885839493,0.00142513094181363
38.86249,45.99512,0.000456546992488427,45.9961820138089,0.00151856080139525
38.87383,45.99698,0.00231654699248907,45.9962683638732,0.00160491086569672
38.88519,45.99677,0.00210654699248636,45.9963402654028,0.0016768123953152
38.89652,45.99567,0.00100654699248537,45.9963912038631,0.00172775085555247
38.90786,45.99651,0.0018465469924891,45.9964161253909,0.0017526723833518
38.91923,45.99625,0.00158654699249183,45.9964118239436,0.00174837093610322
38.93058,45.99605,0.00138654699248519,45.996377131434,0.00171367842644268
38.94191,45.99817,0.0035065469924902,45.9963129190239,0.00164946601642126
38.95325,45.99572,0.00105654699248703,45.9962218945508,0.00155844154326999
38.96461,45.99607,0.00140654699249154,45.9961081893467,0.00144473633915303
38.97596,45.99439,-0.000273453007508806,45.9959767866332,0.00131333362565036
38.98731,45.996,0.00133654699249064,45.9958329159387,0.00116946293122893
38.99862,45.99527,0.000606546992486301,45.9956815521822,0.00101809917465437
39.00995,45.99786,0.00319654699249128,45.995527084441,0.000863631433521936
39.02127,45.99538,0.000716546992485689,45.9953731132032,0.000709660195670708
39.03263,45.99513,0.000466546992491601,45.9952222927849,0.000558839777378628
39.04397,45.99408,-0.000583453007514834,45.995076206697,0.000412753689461666
39.05529,45.99107,-0.00359345300751102,45.9949353941737,0.000271941166136883
39.06661,45.99689,0.00222654699248892,45.9947997094989,0.00013625649141319
39.07795,45.99625,0.00158654699249183,45.9946690968728,5.64386530167291e-06
39.08932,45.99303,-0.00163345300751416,45.9945446392046,-0.000118813802892382
39.10066,45.99737,0.00270654699248496,45.9944295467022,-0.000233906305304155
39.11199,45.99429,-0.000373453007512126,45.9943297189371,-0.000333734070411597
39.12332,45.99369,-0.000973453007510727,45.9942536333381,-0.000409819669368503
39.13468,45.99469,2.65469924869421e-05,45.9942114992059,-0.000451953801621776
39.14602,45.99501,0.000346546992489039,45.9942137981911,-0.000449654816382049
39.15734,45.99163,-0.0030334530075109,45.9942694643895,-0.000393988617971559
39.16864,45.99565,0.000986546992486126,45.9943840227228,-0.000279430284740768
39.17997,45.99611,0.00144654699249003,45.9945580100055,-0.000105443001988713
39.19133,45.99091,-0.00375345300751206,45.9947859650711,0.00012251206355694
39.20264,45.99393,-0.000733453007512708,45.9950562201213,0.000392767113828218
39.21396,45.99506,0.000396546992490698,45.9953516542177,0.000688201210214061
39.2253,45.9969,0.00223654699248499,45.9956514183941,0.000987965386551917
39.23666,45.99818,0.00351654699248627,45.9959333899037,0.00126993689622822
39.24801,45.99622,0.00155654699248942,45.9961768831924,0.0015134301848572
39.25935,45.99563,0.000966546992486883,45.9963650945307,0.00170164152314407
39.27068,45.9961,0.00143654699248685,45.9964869016481,0.00182344864055271
39.28202,45.99888,0.00421654699248819,45.9965378463477,0.00187439334016724
39.29335,45.99635,0.00168654699248805,45.9965202681504,0.00185681514287001
39.30468,45.99624,0.00157654699248866,45.9964426297659,0.00177917675840515
39.31602,45.99442,-0.000243453007513494,45.9963181580322,0.00165470502466641
39.32735,45.99806,0.00339654699249081,45.9961630297025,0.00149957669502913
39.3387,45.99518,0.000516546992486155,45.9959943893399,0.00133093633234143
39.35002,45.99446,-0.000203453007515009,45.9958284611507,0.00116500814319222
39.36135,45.99731,0.00264654699248723,45.9956789542024,0.00101550119490601
39.37268,45.99465,-1.34530075115435e-05,45.9955559052949,0.000892452287412575
39.38403,45.99435,-0.000313453007514397,45.9954650540413,0.000801601033788831
39.39537,45.99446,-0.000203453007515009,45.9954077922083,0.000744339200807896
39.40672,45.99733,0.00266654699248647,45.9953816636135,0.000718210605976786
39.41806,45.99525,0.000586546992487058,45.9953812931507,0.000717840143146692
39.4294,45.99578,0.00111654699249186,45.9953995196831,0.000736066675577666
39.44074,45.99622,0.00155654699248942,45.9954284708884,0.000765017880913689
39.45207,45.99529,0.000626546992485544,45.9954603798774,0.000796926869854625
39.46341,45.99657,0.00190654699248682,45.9954880612263,0.000824608218835448
39.47474,45.99393,-0.000733453007512708,45.9955050874376,0.00084163443005974
39.48607,45.99515,0.000486546992490844,45.9955058122216,0.000842359214093826
39.4974,45.99443,-0.00023345300751032,45.9954854493999,0.000821996392363612
39.50872,45.99458,-8.34530075124462e-05,45.9954403983411,0.000776945333553833
39.52008,45.99512,0.000456546992488427,45.9953688916813,0.000705438673759723
39.53141,45.99818,0.00351654699248627,45.9952718582155,0.000608405207976742
39.54274,45.99439,-0.000273453007508806,45.995153714953,0.000490261945445408
39.55409,45.9967,0.00203654699248546,45.9950227165019,0.00035926349436559
39.56542,45.9961,0.00143654699248685,45.9948905523358,0.000227099328275541
39.57677,45.99561,0.00094654699248764,45.99477107174,0.000107618732456659
39.58812,45.99284,-0.00182345300751052,45.9946782669654,1.48139578758873e-05
39.5995,45.99217,-0.00249345300751003,45.9946238959831,-3.95570244479595e-05
39.61086,45.99437,-0.000293453007508049,45.9946152982606,-4.81547469489698e-05
39.62221,45.99316,-0.00150345300750843,45.9946539515826,-9.50142486841472e-06
39.63355,45.99559,0.000926546992488397,45.9947351075975,7.16545900248919e-05
39.64486,45.99749,0.00282654699248752,45.9948485281323,0.000185075124810159
39.65615,45.99248,-0.0021834530075111,45.9949800802597,0.000316627252231879
39.66749,45.99448,-0.00018345300750866,45.9951138380636,0.000450385056134055
39.67884,45.99613,0.00146654699248927,45.9952343628793,0.000570909871765019
39.69016,45.99789,0.00322654699248659,45.9953288762852,0.000665423277740221
39.70149,45.99493,0.000266546992484962,45.995389033799,0.000725580791479293
39.71284,45.99457,-9.34530075085149e-05,45.9954120207887,0.000748567781145229
39.72417,45.99621,0.00154654699248624,45.9954008067175,0.000737353709962735
39.73551,45.99428,-0.000383453007508194,45.9953635598845,0.000700106877010566
39.74681,45.99982,0.00515654699248813,45.9953123353603,0.000648882352828009
39.75816,45.99146,-0.00320345300751512,45.995261193884,0.000597740876452407
39.7695,45.99545,0.000786546992486592,45.9952239684012,0.000560515393715757
39.78085,45.99461,-5.34530075100292e-05,45.9952119964503,0.000548543442769922
39.79218,45.99532,0.000656546992487961,45.9952322017824,0.000568748774920413
39.80349,45.99474,7.6546992488602e-05,45.9952858618013,0.000622408793803677
39.81482,45.99429,-0.000373453007512126,45.9953682700399,0.000704817032403769
39.82618,45.99502,0.000356546992485107,45.9954693700205,0.00080591701302034
39.83751,45.99415,-0.000513453007513931,45.9955753122044,0.000911859196913545
39.84887,45.99779,0.00312654699249038,45.9956707373988,0.00100728439130117
39.86024,45.99696,0.00229654699248982,45.9957414188143,0.00107796580683193
39.87157,45.99563,0.000966546992486883,45.9957767648309,0.00111331182343298
39.88291,45.99668,0.00201654699248621,45.9957716769425,0.00110822393495291
39.89426,45.99768,0.00301654699249099,45.9957273899448,0.00106393693729519
39.90561,45.99519,0.00052654699248933,45.9956511331067,0.000987680099216593
39.91696,45.99588,0.00121654699248808,45.9955546802414,0.000891227233874784
39.92832,45.99398,-0.000683453007511048,45.9954520801991,0.000788627191614963
39.93967,45.99477,0.000106546992491019,45.9953570427833,0.000693589775774178
39.95103,45.99416,-0.000503453007510757,45.9952805364697,0.000617083462229888
39.96236,45.99374,-0.000923453007509067,45.9952290984757,0.000565645468151886
39.97368,45.99411,-0.000553453007512417,45.9952041828098,0.00054072980225086
39.98499,45.99715,0.00248654699248618,45.9952026209268,0.000539167919292317
39.99633,45.99525,0.000586546992487058,45.9952179949825,0.000554541974978412
40.00769,45.99618,0.00151654699249093,45.9952425024536,0.000579049446066387
40.01902,45.99674,0.00207654699249105,45.9952688041248,0.000605351117296271
40.03035,45.99536,0.000696546992486446,45.9952914177295,0.000627964721976328
40.04167,45.99593,0.00126654699248974,45.9953073988822,0.000643945874699459
40.05301,45.99406,-0.000603453007514076,45.9953162714045,0.000652818397035221
40.06433,45.99578,0.00111654699249186,45.9953193706389,0.000655917631397663
40.07566,45.99391,-0.000753453007511951,45.995318893159,0.000655440151510803
40.08702,45.99403,-0.000633453007509388,45.9953169751345,0.000653522126938919
40.09836,45.99712,0.00245654699249087,45.9953150547276,0.000651601720132981
40.10967,45.99364,-0.00102345300751239,45.9953136405405,0.000650187533022943
40.121,45.99739,0.00272654699249131,45.9953124582367,0.000649005229188479
40.13235,45.99505,0.000386546992487524,45.9953108426698,0.00064738966232676
40.14365,45.99318,-0.00148345300750918,45.9953082180004,0.0006447649929359
40.15497,45.9978,0.00313654699248644,45.9953045431454,0.000641090137906769
40.16631,45.99474,7.6546992488602e-05,45.9953006393584,0.000637186350928662
40.17763,45.99587,0.0012065469924849,45.9952983290498,0.000634876042293409
40.18897,45.99475,8.65469924917761e-05,45.9953003271789,0.000636874171397895
40.20029,45.99509,0.00042654699248601,45.9953098741627,0.00064642115522679
40.21161,45.99688,0.00221654699248575,45.995330162487,0.000666709479457533
40.22297,45.99424,-0.000423453007513785,45.9953636483991,0.000700195391628939
40.23429,45.99554,0.000876546992486738,45.9954113597661,0.000747906758558991
40.24562,45.99494,0.000276546992488136,45.9954723372636,0.000808884256122065
40.25697,45.99458,-8.34530075124462e-05,45.9955433684019,0.000879915394364577
40.2683,45.99484,0.000176546992491922,45.9956191539766,0.000955700969086103
40.27965,45.9963,0.00163654699248639,45.9956929634844,0.00102951047693168
40.29098,45.9957,0.00103654699248779,45.9957577032427,0.00109425023522068
40.30235,45.99709,0.00242654699248845,45.9958071808865,0.00114372787899972
40.31367,45.99567,0.00100654699248537,45.9958372604913,0.00117380748381139
40.325,45.99726,0.00259654699248557,45.9958466031424,0.00118315013490258
40.33633,45.99674,0.00207654699249105,45.9958367752618,0.00117332225427382
40.34767,45.9957,0.00103654699248779,45.9958116545685,0.0011482015610106
40.35901,45.99577,0.00110654699248869,45.9957762469221,0.00111279391456935
40.37032,45.99266,-0.00200345300751081,45.9957352149027,0.00107176189516848
40.38163,45.99472,5.65469924893591e-05,45.995691546908,0.00102809390051247
40.39297,45.99588,0.00121654699248808,45.9956457826209,0.000982329613421442
40.4043,45.9967,0.00203654699248546,45.9955960267043,0.000932573696789124
40.41564,45.99587,0.0012065469924849,45.9955387079718,0.000875254964279143
40.42698,45.99397,-0.000693453007514222,45.9954698258157,0.000806372808161328
40.43832,45.99678,0.00211654699248953,45.9953863552679,0.000722902260354518
40.44963,45.99596,0.00129654699248505,45.9952875118304,0.000624058822899559
40.46094,45.99588,0.00121654699248808,45.9951756233935,0.00051217038595734
40.4723,45.99487,0.000206546992487233,45.9950564092099,0.00039295620240455
40.48362,45.99558,0.000916546992485223,45.9949385635134,0.000275110505914272
40.49497,45.99569,0.00102654699249172,45.9948326816491,0.000169228641619393
40.50628,45.99313,-0.00153345300751084,45.9947497068557,8.62538481705988e-05
40.51762,45.99304,-0.00162345300751099,45.9946991864191,3.57334116114781e-05
40.52895,45.99572,0.00105654699248703,45.9946876826255,2.42296180296512e-05
40.54029,45.99475,8.65469924917761e-05,45.9947176487848,5.41957773191418e-05
40.55165,45.9945,-0.000163453007509418,45.9947869567156,0.000123503708089767
40.56298,45.9934,-0.00126345300751041,45.9948891263534,0.000225673345873645
40.57434,45.99476,9.65469924878448e-05,45.9950142232694,0.000350770261865742
40.58565,45.99503,0.000366546992488281,45.9951503254232,0.00048687241568321
40.597,45.9968,0.00213654699248877,45.9952853564735,0.000621903465958017
40.60831,45.99681,0.00214654699249195,45.9954089539479,0.000745500940360026
40.61964,45.99533,0.000666546992491135,45.9955139729848,0.000850519977249252
40.63098,45.9974,0.00273654699248738,45.9955972901157,0.000933837108160999
40.64229,45.99446,-0.000203453007515009,45.9956597553358,0.000996302328265281
40.65361,45.99408,-0.000583453007514834,45.9957053669316,0.00104191392413616
40.66489,45.99806,0.00339654699249081,45.9957399239488,0.00107647094126218
40.67623,45.99347,-0.0011934530075095,45.9957694891944,0.00110603618693426
40.68756,45.99524,0.000576546992490989,45.9957989730742,0.00113552006672424
40.6989,45.99675,0.00208654699248711,45.9958310728724,0.00116761986493148
40.71025,45.99538,0.000716546992485689,45.9958657076828,0.00120225467524559
40.72159,45.99593,0.00126654699248974,45.9958999856892,0.00123653268173798
40.73294,45.99561,0.00094654699248764,45.995928652903,0.00126519989552211
40.74426,45.99601,0.00134654699248671,45.9959449246976,0.00128147169004618
40.75557,45.99663,0.00196654699249166,45.9959415790796,0.00127812607206363
40.76691,45.9953,0.000636546992488718,45.9959121715736,0.00124871856603952
40.77824,45.99585,0.00118654699248566,45.9958522212086,0.00118876820107143
40.78956,45.99583,0.00116654699248642,45.9957602237717,0.00109677076415899
40.80092,45.99579,0.00112654699248793,45.9956383584604,0.000974905452888887
40.81226,45.99756,0.00289654699248842,45.9954927541919,0.000829301184431389
40.82361,45.9943,-0.000363453007508951,45.9953331914269,0.000669738419408579
40.83492,45.99671,0.00204654699248863,45.9951721736893,0.000508720681778726
40.84626,45.9937,-0.000963453007514659,45.995023422246,0.000359969238481917
40.85759,45.99535,0.000686546992490378,45.9948999904452,0.000236537437719731
40.86894,45.99538,0.000716546992485689,45.9948123062184,0.00014885321087167
40.88028,45.9905,-0.00416345300751431,45.9947665039216,0.000103050914131936
40.89162,45.99628,0.00161654699248714,45.994763395346,9.99423384809907e-05
40.90296,45.99326,-0.00140345300751221,45.994798338301,0.00013488529348647
40.9143,45.99482,0.000156546992485573,45.9948620739148,0.000198620907275827
40.92563,45.9969,0.00223654699248499,45.9949423611404,0.000278908132920724
40.93698,45.99744,0.00277654699248586,45.9950260340393,0.000362581031809677
40.94831,45.99273,-0.00193345300750991,45.9951010325468,0.000437579539306972
40.95965,45.99469,2.65469924869421e-05,45.9951580430693,0.000494590061814293
40.97098,45.99684,0.00217654699248726,45.9951915686765,0.000528115668975822
40.98233,45.99527,0.000606546992486301,45.995200396572,0.000536943564447846
40.99366,45.99394,-0.000723453007509534,45.9951874762271,0.000524023219559986
41.00499,45.99725,0.0025865469924895,45.9951592260224,0.000495773014880256
41.01634,45.99531,0.000646546992491892,45.9951243192902,0.000460866282660901
41.02769,45.99612,0.0014565469924861,45.9950920654664,0.000428612458839256
41.03902,45.99289,-0.00177345300750886,45.9950705958168,0.000407142809298335
41.05032,45.99152,-0.00314345300751029,45.9950651839061,0.0004017308986233
41.06166,45.99632,0.00165654699248563,45.9950771046504,0.000413651642852294
41.07302,45.9957,0.00103654699248779,45.9951033476539,0.000439894646361208
41.08437,45.99598,0.0013165469924914,45.9951372438862,0.000473790878692761
41.09569,45.99362,-0.00104345300751163,45.9951697927629,0.000506339755402156
41.10704,45.99703,0.00236654699249073,45.9951913467512,0.000527893743685511
41.11838,45.99471,4.6546992486185e-05,45.995193325756,0.000529872748518864
41.12973,45.9962,0.00153654699249017,45.9951696981383,0.000506245130834039
41.14106,45.99387,-0.000793453007510436,45.9951180295001,0.000454576492558519
41.15238,45.99693,0.00226654699248741,45.9950399723582,0.000376519350717058
41.16371,45.99596,0.00129654699248505,45.9949411492669,0.00027769625940636
41.17503,45.99291,-0.00175345300750962,45.9948304638944,0.000167010886868522
41.18638,45.9934,-0.00126345300751041,45.9947189713068,5.55182993064083e-05
41.1977,45.99644,0.00177654699248819,45.9946185311914,-4.49218160960793e-05
41.20905,45.99356,-0.00110345300750936,45.9945404888217,-0.00012296418582726
41.22035,45.99325,-0.00141345300750828,45.9944945564251,-0.000168896582374046
41.23167,45.99536,0.000696546992486446,45.9944879660542,-0.000175486953319414
41.24298,45.99768,0.00301654699249099,45.9945248881105,-0.000138564897053475
41.2543,45.99211,-0.00255345300751486,45.9946060650339,-5.73879735746747e-05
41.26563,45.99306,-0.00160345300751175,45.9947286229609,6.51699534349178e-05
41.27694,45.99516,0.000496546992486913,45.9948861023773,0.000222649369784389
41.28828,45.99641,0.00174654699248578,45.9950687994051,0.00040534639761163
41.29959,45.9959,0.00123654699248732,45.995264444275,0.000600991267518825
41.31092,45.99493,0.000266546992484962,45.9954591275701,0.000795674562605629
41.32227,45.99464,-2.34530075147177e-05,45.9956383513004,0.000974898292936841
41.33358,45.99603,0.00136654699248595,45.9957881466786,0.00112469367111591
41.34494,45.99433,-0.00033345300751364,45.9958962602965,0.00123280728901274
41.35625,45.9982,0.00353654699248551,45.995953385247,0.00128993223944758
41.3676,45.99441,-0.000253453007509563,45.9959543203544,0.00129086734684127
41.37894,45.99786,0.00319654699249128,45.9958988495425,0.00123539653497476
41.39028,45.9985,0.00383654699248837,45.9957921039194,0.0011286509119071
41.40163,45.9932,-0.00146345300750994,45.9956442303729,0.000980777365424066
41.41296,45.99512,0.000456546992488427,45.9954693455866,0.00080589257904783
41.4243,45.99483,0.000166546992488747,45.9952839545804,0.000620501572873382
41.43565,45.9944,-0.000263453007512737,45.9951051470434,0.000441694035849218
41.44699,45.99565,0.000986546992486126,45.9949488716285,0.000285418621017513
41.45834,45.99424,-0.000423453007513785,45.9948284652995,0.000165012291956959
41.46967,45.99686,0.0021965469924865,45.9947534838938,9.00308862913444e-05
41.48101,45.9949,0.00023654699248965,45.9947288120766,6.53590690514654e-05
41.49234,45.99221,-0.00245345300751154,45.994754049063,9.05960554847688e-05
41.50366,45.99586,0.00119654699248883,45.9948232523517,0.000159799344219787
41.51498,45.99369,-0.000973453007510727,45.9949252027828,0.000261749775252502
41.52632,45.99349,-0.00117345300751026,45.9950443470614,0.000380894053857872
41.53768,45.99459,-7.34530075092721e-05,45.9951624601372,0.000499007129694361
41.54902,45.99744,0.00277654699248586,45.9952608888831,0.00059743587555435
41.56034,45.99633,0.0016665469924888,45.9953230389575,0.000659585950032991
41.57167,45.99802,0.00335654699248522,45.9953366238713,0.000673170863753114
41.58301,45.99477,0.000106546992491019,45.995295212071,0.000631759063474832
41.59435,45.99253,-0.00213345300750944,45.9951988206296,0.000535367622127186
41.60571,45.99488,0.000216546992490407,45.9950536097217,0.000390156714202165
41.61703,45.99474,7.6546992488602e-05,45.9948709455892,0.000207492581672139
41.62838,45.99654,0.00187654699249151,45.9946661053002,2.65229273234057e-06
41.63972,45.99535,0.000686546992490378,45.9944567549166,-0.000206698090888681
41.65106,45.99342,-0.00124345300751116,45.99426121966,-0.000402233347481439
41.66239,45.99432,-0.000343453007509709,45.9940965959154,-0.000566857092159653
41.67371,45.99287,-0.00179345300750811,45.9939768920544,-0.000686560953130396
41.68505,45.99232,-0.00234345300751215,45.99391150476,-0.000751948247530528
41.69638,45.99286,-0.00180345300751128,45.9939043487069,-0.000759104300559953
41.70773,45.99504,0.000376546992491456,45.9939538410996,-0.000709611907925644
41.71904,45.9938,-0.000863453007511339,45.9940537334685,-0.000609719538997676
41.73035,45.99507,0.000406546992486767,45.9941945599462,-0.0004688930613032
41.74169,45.99498,0.000316546992486622,45.9943653267141,-0.000298126293448938
41.75306,45.99661,0.00194654699248531,45.9945550470367,-0.000108405970858256
41.76438,45.99319,-0.00147345300751311,45.9947538158094,9.03628018593379e-05
41.77574,45.99556,0.00089654699248598,45.9949532804582,0.000289827450727396
41.78706,45.99596,0.00129654699248505,45.9951465521775,0.000483099169947813
41.79841,45.99331,-0.00135345300751055,45.9953277513195,0.000664298312015851
41.80973,45.99461,-5.34530075100292e-05,45.9954914572454,0.000828004237879302
41.82108,45.99586,0.00119654699248883,45.9956323334501,0.00096888044262424
41.83244,45.9949,0.00023654699248965,45.9957451187403,0.00108166573274157
41.84378,45.99701,0.00234654699249148,45.9958250232254,0.00116157021783963
41.85514,45.99563,0.000966546992486883,45.9958684019858,0.00120494897828357
41.86648,45.99721,0.00254654699249102,45.9958734716303,0.00121001862281664
41.87782,45.9962,0.00153654699249017,45.9958408176465,0.001177364639
41.88915,45.99563,0.000966546992486883,45.9957735063751,0.00111005336755251
41.90049,45.99612,0.0014565469924861,45.9956767381194,0.00101328511193641
41.91183,45.99508,0.000416546992489941,45.9955571169984,0.000893663990889627
41.92316,45.99451,-0.000153453007513349,45.9954217252872,0.000758272279714933
41.93448,45.99493,0.000266546992484962,45.995277245836,0.00061379282848219
41.94584,45.99412,-0.000543453007509243,45.995129362321,0.000465909313450335
41.95718,45.99538,0.000716546992485689,45.9949825822699,0.000319129262364425
41.96848,45.99425,-0.000413453007510611,45.9948404908927,0.000177037885226599
41.97982,45.99621,0.00154654699248624,45.9947062959116,4.28429040502408e-05
41.99116,45.99652,0.00185654699248516,45.9945834139599,-8.00390476268118e-05
42.0025,45.9935,-0.00116345300751419,45.9944758241268,-0.000187628880760276
42.01385,45.99469,2.65469924869421e-05,45.9943880024084,-0.000275450599106248
42.02517,45.99423,-0.000433453007509854,45.9943244256095,-0.00033902739804007
42.03651,45.99189,-0.00277345300751364,45.9942888054925,-0.000374647515051395
42.04785,45.99596,0.00129654699248505,45.9942832963969,-0.000380156610605564
42.0592,45.9944,-0.000263453007512737,45.9943078899775,-0.000355563030041653
42.07053,45.99282,-0.00184345300750977,45.9943601133418,-0.000303339665689931
42.08187,45.99575,0.00108654699248945,45.994435052882,-0.000228400125478595
42.09322,45.99429,-0.000373453007512126,45.9945256754861,-0.000137777521462209
42.10455,45.99387,-0.000793453007510436,45.9946233974647,-4.00555427658928e-05
42.11589,45.99555,0.000886546992489912,45.994718837021,5.53840134837094e-05
42.1272,45.99416,-0.000503453007510757,45.9948026762718,0.00013922326428571
42.13852,45.99552,0.000856546992487495,45.9948665511351,0.000203098127549102
42.14984,45.99438,-0.00028345300751198,45.9949038784608,0.000240425453273626
42.16118,45.99527,0.000606546992486301,45.994910526306,0.000247073298458684
42.17252,45.99518,0.000516546992486155,45.9948852387575,0.00022178574997284
42.18385,45.99599,0.00132654699248747,45.9948297388572,0.000166285849732852
42.19519,45.99536,0.000696546992486446,45.9947484619929,8.50089854367319e-05
42.20653,45.99198,-0.00268345300751349,45.9946479394823,-1.55135252182682e-05
42.21786,45.99495,0.00028654699249131,45.9945359534595,-0.000127499548018674
42.22919,45.99402,-0.000643453007512562,45.9944206578044,-0.000242795203132078
42.24054,45.99705,0.00238654699248997,45.9943098379013,-0.000353615106210315
42.25187,45.99024,-0.00442345300751157,45.99421038556,-0.000453067447520876
42.26319,45.99455,-0.000113453007514863,45.9941279873104,-0.00053546569714101
42.27453,45.99603,0.00136654699248595,45.9940669957043,-0.00059645730323589
42.28586,45.99496,0.000296546992487379,45.9940304161083,-0.000633036899209241
42.29721,45.99376,-0.000903453007509825,45.9940198870793,-0.000643565928171529
42.30856,45.99327,-0.00139345300750904,45.9940355481373,-0.00062790487022611
42.31993,45.99388,-0.000783453007514368,45.9940758100031,-0.0005876430044489
42.33128,45.99422,-0.000443453007513028,45.9941371751774,-0.000526277830105639
42.34261,45.99261,-0.00205345300751247,45.9942142997166,-0.000449153290945488
42.35394,45.99213,-0.00253345300750851,45.9943004322706,-0.000363020736940012
42.36527,45.99771,0.0030465469924863,45.9943882463816,-0.00027520662593613
42.37663,45.99493,0.000266546992484962,45.9944709150015,-0.000192538006052075
42.38799,45.99634,0.00167654699248487,45.9945431187932,-0.000120334214264564
42.39933,45.99438,-0.00028345300751198,45.9946016480382,-6.18049692918025e-05
42.41063,45.99415,-0.000513453007513931,45.9946454128072,-1.80402002893266e-05
42.42197,45.99362,-0.00104345300751163,45.9946749343752,1.14813676509869e-05
42.43329,45.99203,-0.00263345300751183,45.9946915985315,2.81455240024168e-05
42.44461,45.99709,0.00242654699248845,45.99469700242,3.35494125327229e-05
42.45594,45.99483,0.000166546992488747,45.9946926116327,2.91586252235846e-05
42.46728,45.9939,-0.000763453007515125,45.9946797514661,1.62984586143087e-05
42.47862,45.99481,0.000146546992489505,45.9946598155497,-3.63745782833289e-06
42.48996,45.99342,-0.00124345300751116,45.9946345425878,-2.89104197408215e-05
42.50131,45.99861,0.00394654699248775,45.9946062285047,-5.72245028595328e-05
42.51265,45.99386,-0.00080345300751361,45.9945777451264,-8.57078811527937e-05
42.52398,45.99493,0.000266546992484962,45.9945522651247,-0.000111187882815822
42.53532,45.99247,-0.00219345300751428,45.9945327145029,-0.000130738504563309
42.54664,45.99199,-0.00267345300751032,45.9945211523896,-0.000142300617956934
42.55798,45.99545,0.000786546992486592,45.9945183711352,-0.000145081872317946
42.56934,45.99567,0.00100654699248537,45.994523911474,-0.000139541533482368
42.58067,45.99657,0.00190654699248682,45.9945364480162,-0.000127004991265927
42.59198,45.99313,-0.00153345300751084,45.9945542964163,-0.000109156591208539
42.60332,45.99612,0.0014565469924861,45.9945757706996,-8.76823079011419e-05
42.61463,45.994,-0.000663453007511805,45.9945992639966,-6.41890109228443e-05
42.62594,45.99281,-0.00185345300751294,45.9946231104572,-4.03425503125872e-05
42.63728,45.99416,-0.000503453007510757,45.9946454030073,-1.80500001675245e-05
42.64862,45.99606,0.00139654699248837,45.9946639510594,4.98051864255398e-07
42.65994,45.99401,-0.000653453007508631,45.9946764711593,1.30181518072056e-05
42.67125,45.9949,0.00023654699248965,45.9946809713146,1.7518307040934e-05
42.68257,45.9946,-6.34530075132034e-05,45.9946762012567,1.27482491603515e-05
42.69389,45.99642,0.00175654699248895,45.994662025974,-1.42703350835404e-06
42.70523,45.99348,-0.00118345300751344,45.9946396083993,-2.38446082074826e-05
42.71659,45.99535,0.000686546992490378,45.9946113399217,-5.21130858080064e-05
42.72794,45.99345,-0.00121345300750875,45.9945805343364,-8.29186711567175e-05
42.7393,45.99427,-0.000393453007511368,45.9945509752483,-0.000112477759191015
42.75061,45.99468,1.65469924908734e-05,45.9945264332635,-0.000137019744013984
42.76194,45.99522,0.000556546992491747,45.9945102321701,-0.000153220837373331
42.77327,45.99623,0.00156654699248548,45.9945048767724,-0.000158576235100871
42.78458,45.99282,-0.00184345300750977,45.9945117227715,-0.000151730236041091
42.79591,45.99236,-0.00230345300751367,45.994530713744,-0.000132739263556046
42.80725,45.99479,0.000126546992490262,45.9945602921833,-0.000103160824207786
42.81859,45.99562,0.000956546992490814,45.9945976012503,-6.58517571834684e-05
42.82994,45.99585,0.00118654699248566,45.9946389760718,-2.44769356931189e-05
42.84126,45.99471,4.6546992486185e-05,45.9946805674137,1.71144062317984e-05
42.85259,45.99395,-0.000713453007513465,45.9947188878958,5.54348883409074e-05
42.86393,45.99516,0.000496546992486913,45.9947511534137,8.77004062238609e-05
42.87525,45.99492,0.000256546992488893,45.9947754170905,0.000111964083025515
42.88659,45.99397,-0.000693453007514222,45.9947905669214,0.0001271139138578
42.89795,45.99342,-0.00124345300751116,45.9947962683693,0.000132815361796776
42.90928,45.99758,0.00291654699248767,45.9947929044668,0.000129451459260946
42.9206,45.99412,-0.000543453007509243,45.9947815108771,0.000118057869608727
42.93192,45.99551,0.000846546992491426,45.9947636508365,0.000100197829009432
42.94326,45.994,-0.000663453007511805,45.9947411826716,7.77296640705197e-05
42.95457,45.99361,-0.0010534530075148,45.9947159536426,5.25006350411612e-05
42.96592,45.99411,-0.000553453007512417,45.9946895382258,2.60852182799562e-05
42.97727,45.99478,0.000116546992487088,45.9946631438229,-3.09184657172149e-07
42.98862,45.99627,0.00160654699249108,45.9946377149577,-2.57380498442107e-05
42.99998,45.99527,0.000606546992486301,45.9946141389861,-4.9314021429753e-05
43.01133,45.9948,0.000136546992486331,45.9945933898462,-7.00631612924935e-05
43.02268,45.99191,-0.00275345300751439,45.9945764997289,-8.69532786550154e-05
43.03403,45.99677,0.00210654699248636,45.9945643792077,-9.9073799852664e-05
43.04538,45.99323,-0.00143345300751463,45.9945576035833,-0.000105849424212152
43.05673,45.99333,-0.00133345300751131,45.9945562808075,-0.000107172200025976
43.06805,45.99538,0.000716546992485689,45.9945600432889,-0.000103409718582818
43.07939,45.9979,0.00323654699248976,45.9945681164144,-9.53365930958892e-05
43.09072,45.99438,-0.00028345300751198,45.9945793492564,-8.41037511463483e-05
43.10206,45.99112,-0.00354345300750936,45.9945921090424,-7.1343965082209e-05
43.11339,45.99532,0.000656546992487961,45.9946040739397,-5.93790678301103e-05
43.12471,45.99332,-0.00134345300751448,45.9946121049035,-5.13481040222676e-05
43.13605,45.99646,0.00179654699248744,45.9946123790748,-5.10739327621299e-05
43.14741,45.99467,6.5469924876993e-06,45.994600816187,-6.26368205058438e-05
43.15873,45.9949,0.00023654699248965,45.9945736725146,-8.97804929473517e-05
43.17007,45.99308,-0.0015834530075125,45.9945281335459,-0.000135319461604827
43.18141,45.9955,0.000836546992488252,45.9944627934215,-0.0002006595860264
43.19274,45.99438,-0.00028345300751198,45.9943779758572,-0.000285477150333337
43.20407,45.99493,0.000266546992484962,45.9942758705317,-0.000387582475824366
43.21541,45.99301,-0.00165345300751341,45.9941604529047,-0.000503000102771431
43.22674,45.99489,0.000226546992486476,45.9940371699206,-0.000626283086880481
43.23809,45.99503,0.000366546992488281,45.9939124101632,-0.000751042844307507
43.24942,45.99317,-0.00149345300751236,45.9937928117504,-0.000870641257067635
43.26075,45.9923,-0.0023634530075114,45.9936845006507,-0.00097895235684736
43.27208,45.99405,-0.000613453007510145,45.993592406375,-0.00107104663247135
43.28342,45.9917,-0.00296345300751,45.9935198320348,-0.00114362097272014
43.29477,45.99321,-0.00145345300751387,45.9934684058398,-0.0011950471677448
43.30611,45.99518,0.000516546992486155,45.9934384081272,-0.00122504488028289
43.31744,45.99484,0.000176546992491922,45.9934293058103,-0.00123414719717198
43.32879,45.99427,-0.000393453007511368,45.9934402179817,-0.00122323502579933
43.34011,45.99317,-0.00149345300751236,45.9934700634298,-0.0011933895777155
43.35144,45.99339,-0.00127345300751358,45.993517315739,-0.00114613726849059
43.36279,45.99109,-0.00357345300751177,45.9935795228869,-0.00108393012061068
43.37413,45.99223,-0.0024334530075123,45.9936529030612,-0.00101054994627936
43.38544,45.99402,-0.000643453007512562,45.9937323181611,-0.000931134846395437
43.39676,45.9968,0.00213654699248877,45.9938117460655,-0.000851706942029666
43.40808,45.99408,-0.000583453007514834,45.9938851196816,-0.000778333325906773
43.41941,45.99276,-0.0019034530075146,45.9939472418421,-0.000716211165380612
43.43073,45.99496,0.000296546992487379,45.9939945223127,-0.000668930694857849
43.44205,45.9912,-0.00346345300751238,45.9940254465013,-0.000638006506185117
43.45337,45.99496,0.000296546992487379,45.9940408113263,-0.000622641681249216
43.46469,45.99557,0.000906546992489154,45.9940437594911,-0.000619693516430862
43.47604,45.99542,0.00075654699249128,45.9940395461213,-0.000623906886241101
43.48739,45.99541,0.000746546992488106,45.9940348991049,-0.000628553902633814
43.49873,45.99262,-0.0020434530075093,45.994036898009,-0.000626554998539923
43.51009,45.99267,-0.00199345300751474,45.9940515048679,-0.000611948139616709
43.52143,45.99312,-0.00154345300751402,45.9940821136107,-0.000581339396827857
43.53277,45.99181,-0.00285345300751061,45.9941285873058,-0.000534865701748523
43.54408,45.99413,-0.000533453007513174,45.9941871494127,-0.000476303594860341
43.55542,45.99505,0.000386546992487524,45.9942512265291,-0.000412226478421618
43.56672,45.99682,0.00215654699248802,45.9943130150042,-0.00035043800333741
43.57806,45.99435,-0.000313453007514397,45.9943652947566,-0.000298158250936708
43.5894,45.99742,0.00275654699248662,45.9944029524565,-0.00026050055106026
43.60072,45.99205,-0.00261345300751259,45.9944238312457,-0.000239621761806075
43.61205,45.9938,-0.000863453007511339,45.9944288145889,-0.000234638418566108
43.62337,45.99253,-0.00213345300750944,45.9944213327344,-0.000242120273119388
43.6347,45.99403,-0.000633453007509388,45.9944066136198,-0.000256839387700429
43.64602,45.99753,0.00286654699248601,45.994390928498,-0.000272524509472017
43.65736,45.99532,0.000656546992487961,45.9943808833259,-0.00028256968162961
43.6687,45.99242,-0.00224345300750883,45.9943826550802,-0.000280797927352945
43.68003,45.99434,-0.000323453007510466,45.9944010947514,-0.00026235825612477
43.69139,45.99606,0.00139654699248837,45.9944387700412,-0.000224682966313422
43.70273,45.99274,-0.00192345300751384,45.9944951475228,-0.000168305484714577
43.71407,45.99307,-0.00159345300750857,45.9945661412103,-9.73117972332313e-05
43.72539,45.99486,0.000196546992491164,45.9946442177677,-1.92352397664665e-05
43.73674,45.99467,6.5469924876993e-06,45.9947191682991,5.57152915489645e-05
43.74805,45.99511,0.000446546992485253,45.9947795171968,0.00011606418925342
43.75939,45.9938,-0.000863453007511339,45.994814375457,0.000150922449506442
43.77072,45.99554,0.000876546992486738,45.9948154290815,0.000151976074020112
43.78204,45.9978,0.00313654699248644,45.9947787015883,0.00011524858074502
43.79339,45.99417,-0.000493453007514688,45.9947057294491,4.22764415483682e-05
43.80473,45.99387,-0.000793453007510436,45.9946038626819,-5.95903256438369e-05
43.81611,45.99681,0.00214654699249195,45.9944855724067,-0.000177880600790899
43.82743,45.99319,-0.00147345300751311,45.9943668603478,-0.000296592659760172
43.83876,45.99296,-0.00170345300751507,45.9942650390683,-0.000398413939194602
43.85012,45.99561,0.00094654699248764,45.9941962579069,-0.00046719510057779
43.86142,45.99148,-0.00318345300750877,45.9941731911719,-0.00049026183562083
43.87277,45.99337,-0.00129345300751282,45.9942032721479,-0.000460180859588305
43.88413,45.9956,0.000936546992491571,45.9942877458985,-0.000375707109013542
43.89548,45.99452,-0.000143453007510175,45.9944216452278,-0.000241807779735957
43.90681,45.99441,-0.000253453007509563,45.9945946150183,-6.88379892065063e-05
43.91816,45.99324,-0.00142345300751145,45.9947923909856,0.000128937978040273
43.9295,45.99459,-7.34530075092721e-05,45.9949987027976,0.000335249790063143
43.94085,45.99883,0.00416654699248653,45.9951973532574,0.000533900249883572
43.95221,45.9951,0.000436546992489184,45.9953741704735,0.000710717466035649
43.96354,45.9958,0.00113654699249111,45.9955184971925,0.000855044185011386
43.97488,45.99488,0.000216546992490407,45.9956239682755,0.000960515267943907
43.98623,45.99689,0.00222654699248892,45.9956885197251,0.00102506671754619
43.99755,45.99399,-0.000673453007514979,45.9957137525969,0.0010502995894058
44.0089,45.99779,0.00312654699249038,45.9957038651088,0.00104041210132393
44.02026,45.99397,-0.000693453007514222,45.9956643868746,0.00100093386713072
44.03161,45.99632,0.00165654699248563,45.9956009500812,0.000937497073647136
44.04293,45.99165,-0.00301345300751166,45.9955183313582,0.000854878350715766
44.05428,45.99755,0.00288654699248525,45.9954199692847,0.000756516277201279
44.0656,45.99511,0.000446546992485253,45.9953080605001,0.000644607492605885
44.07693,45.99457,-9.34530075085149e-05,45.9951841630891,0.000520710081549525
44.08826,45.99628,0.00161654699248714,45.9950500670915,0.000386614084019231
44.09961,45.99823,0.00356654699248793,45.9949086103259,0.000245157318432418
44.11095,45.99304,-0.00162345300751099,45.9947641464703,0.000100693462785397
44.12226,45.99254,-0.00212345300751338,45.9946225062689,-4.09467386158682e-05
44.1336,45.99441,-0.000253453007509563,45.9944904917553,-0.000172961252245881
44.14493,45.99737,0.00270654699248496,45.9943750893145,-0.000288363692971241
44.15628,45.99317,-0.00149345300751236,45.9942825858709,-0.000380867136563207
44.16761,45.99422,-0.000443453007513028,45.9942176956053,-0.000445757402199037
44.17895,45.99265,-0.00201345300751399,45.9941827961286,-0.000480656878870068
44.19031,45.99311,-0.00155345300751009,45.9941774401306,-0.000486012876939301
44.20163,45.99395,-0.000713453007513465,45.9941983279689,-0.000465125038573843
44.21295,45.99659,0.00192654699248607,45.9942398202907,-0.000423632716779152
44.22427,45.99328,-0.00138345300751297,45.9942948894343,-0.000368563573194209
44.23558,45.99448,-0.00018345300750866,45.9943562731541,-0.000307179853426173
44.24691,45.9941,-0.000563453007508485,45.994417575106,-0.00024587790153157
44.25823,45.996,0.00133654699249064,45.994474116218,-0.000189336789535274
44.26957,45.99422,-0.000443453007513028,45.9945234001029,-0.000140052904585964
44.2809,45.99666,0.00199654699248697,45.9945650989244,-9.83540830975901e-05
44.29223,45.99263,-0.00203345300751323,45.9946005396137,-6.29133938223323e-05
44.30357,45.99601,0.00134654699248671,45.9946317961714,-3.16568360673284e-05
44.3149,45.99073,-0.00393345300751236,45.9946606312412,-2.82176633327153e-06
44.32623,45.99644,0.00177654699248819,45.9946876057583,2.41527507980906e-05
44.33754,45.9931,-0.00156345300751326,45.9947116338668,4.81808592488517e-05
44.34885,45.99493,0.000266546992484962,45.9947301059176,6.66529100915229e-05
44.3602,45.99606,0.00139654699248837,45.9947395028484,7.6049840879442e-05
44.37154,45.9967,0.00203654699248546,45.9947362655746,7.28125670525058e-05
44.3829,45.99335,-0.00131345300751207,45.9947176243331,5.41713256206889e-05
44.39422,45.99449,-0.000173453007512592,45.9946821597426,1.87067350929075e-05
44.40554,45.99526,0.000596546992490232,45.9946300211667,-3.34318408350115e-05
44.41685,45.99349,-0.00117345300751026,45.9945628691049,-0.000100583902630541
44.4282,45.99507,0.000406546992486767,45.9944836636096,-0.000179789397954285
44.43953,45.99236,-0.00230345300751367,45.9943964026298,-0.000267050377717861
44.45087,45.99711,0.0024465469924877,45.9943058644289,-0.000357588578615498
44.46222,45.99387,-0.000793453007510436,45.9942173461026,-0.000446106904918984
44.47356,45.99402,-0.000643453007512562,45.9941363430709,-0.00052710993657539
44.48489,45.99281,-0.00185345300751294,45.9940681256876,-0.000595327319869845
44.49624,45.99616,0.00149654699249169,45.9940172354306,-0.000646217576888395
44.50756,45.99188,-0.00278345300750971,45.9939869812058,-0.000676471801714822
44.51889,45.99434,-0.000323453007510466,45.9939790254168,-0.000684427590705237
44.53023,45.99424,-0.000423453007513785,45.9939931276215,-0.000670325385967646
44.54154,45.9943,-0.000363453007508951,45.9940270812228,-0.00063637178467359
44.55285,45.9944,-0.000263453007512737,45.994076840708,-0.000586612299485803
44.56418,45.99178,-0.00288345300751303,45.994136813539,-0.00052663946847407
44.57551,45.99775,0.00308654699249189,45.9942002945599,-0.000463158447581963
44.58684,45.99117,-0.0034934530075148,45.9942600271214,-0.000403425886147453
44.59817,45.99474,7.6546992488602e-05,45.9943088626697,-0.000354590337831195
44.6095,45.99556,0.00089654699248598,45.9943404685045,-0.000322984502977488
44.62087,45.99429,-0.000373453007512126,45.9943500076943,-0.000313445313241232
44.63219,45.9936,-0.00106345300751087,45.9943346891163,-0.000328763891233339
44.64355,45.99606,0.00139654699248837,45.994294086142,-0.00036936686555109
44.65488,45.99295,-0.00171345300751113,45.9942301643706,-0.000433288636886705
44.66624,45.9949,0.00023654699248965,45.9941470182104,-0.000516434797063684
44.6776,45.9935,-0.00116345300751419,45.9940503693483,-0.00061308365916762
44.68895,45.99356,-0.00110345300750936,45.9939469194265,-0.000716533580975647
44.70032,45.9935,-0.00116345300751419,45.993843663334,-0.000819789673553228
44.71164,45.99488,0.000216546992490407,45.9937472488319,-0.000916204175575867
44.72299,45.99424,-0.000423453007513785,45.9936634235718,-0.0010000294356693
44.73434,45.99176,-0.00290345300751227,45.9935965773948,-0.00106687561275202
44.74566,45.99451,-0.000153453007513349,45.9935493982401,-0.0011140547673928
44.75699,45.99229,-0.00237345300751457,45.9935226962827,-0.00114075672478277
44.76833,45.99415,-0.000513453007513931,45.9935154568202,-0.00114799618731251
44.77969,45.994,-0.000663453007511805,45.9935251351224,-0.00113831788511043
44.79104,45.99336,-0.00130345300750889,45.9935481419971,-0.00111531101036742
44.80237,45.99232,-0.00234345300751215,45.993580433385,-0.00108301962248088
44.81371,45.99534,0.000676546992487204,45.9936181185445,-0.00104533446299111
44.82507,45.99343,-0.0012334530075151,45.9936580100272,-0.0010054429803338
44.8364,45.99266,-0.00200345300751081,45.9936980353925,-0.000965417615048685
44.84772,45.99577,0.00110654699248869,45.9937374329768,-0.000926020030736019
44.85908,45.99366,-0.00100345300751314,45.9937766798857,-0.000886773121838146
44.87041,45.9936,-0.00106345300751087,45.9938171464872,-0.000846306520267718
44.88174,45.99238,-0.00228345300751442,45.9938605377451,-0.000802915262398334
44.89307,45.99619,0.001526546992487,45.993908256901,-0.000755196106479601
44.9044,45.99187,-0.00279345300751288,45.9939608701052,-0.000702582902297722
44.91574,45.99313,-0.00153345300751084,45.9940178395649,-0.000645613442660449
44.92707,45.99269,-0.0019734530075084,45.9940776452086,-0.00058580779888293
44.93842,45.99506,0.000396546992490698,45.9941383262346,-0.000525126772890898
44.94978,45.99603,0.00136654699248595,45.994198317988,-0.000465135019540092
44.96114,45.99557,0.000906546992489154,45.9942572793167,-0.000406173690853764
44.97249,45.99535,0.000686546992490378,45.9943165236648,-0.000346929342701319
44.98385,45.99417,-0.000493453007514688,45.9943787719054,-0.000284681102126439
44.99519,45.99569,0.00102654699249172,45.9944472029858,-0.000216250021694704
45.00654,45.99102,-0.00364345300751268,45.9945240728949,-0.000139380112576021
45.01786,45.99072,-0.00394345300750842,45.99460938694,-5.40660674616225e-05
45.0292,45.99603,0.00136654699248595,45.9947001514825,3.66984749702172e-05
45.04053,45.99703,0.00236654699249073,45.9947905373698,0.000127084362239805
45.05187,45.99437,-0.000293453007508049,45.9948729174123,0.000209464404774233
45.06319,45.99472,5.65469924893591e-05,45.9949394075828,0.00027595457526976
45.07451,45.99673,0.00206654699248787,45.9949834292762,0.000319976268658629
45.08583,45.99769,0.00302654699248706,45.9950008959488,0.000337442941290811
45.09717,45.99241,-0.00225345300751201,45.9949907912257,0.000327338218233619
45.10851,45.99358,-0.00108345300751012,45.9949551009505,0.000291647942970821
45.11988,45.99474,7.6546992488602e-05,45.9948982628776,0.000234809870061352
45.13123,45.995,0.000336546992485864,45.9948264014628,0.000162948455301227
45.14257,45.99681,0.00214654699249195,45.994746547428,8.30944204988703e-05
45.15392,45.99473,6.65469924854278e-05,45.9946658881708,2.43516327520126e-06
45.16525,45.99368,-0.000983453007513901,45.9945910178395,-7.24351680523126e-05
45.17659,45.99303,-0.00163345300751416,45.9945272170342,-0.000136235973287996
45.18793,45.99482,0.000156546992485573,45.9944779053402,-0.000185547667284043
45.19927,45.99356,-0.00110345300750936,45.9944444443075,-0.000219008700008079
45.2106,45.99384,-0.000823453007512853,45.9944263767668,-0.000237076240716826
45.22193,45.99625,0.00158654699249183,45.9944220274207,-0.000241425586820769
45.23327,45.99686,0.0021965469924865,45.994429244256,-0.000234208751500658
45.24459,45.9927,-0.00196345300751233,45.9944459986728,-0.000217454334675132
45.25595,45.99413,-0.000533453007513174,45.9944706309182,-0.000192822089318287
45.26728,45.99631,0.00164654699248956,45.9945017017152,-0.000161751292273607
45.27862,45.99253,-0.00213345300750944,45.9945375815275,-0.000125871479965916
45.28996,45.99437,-0.000293453007508049,45.9945759914619,-8.74615456289877e-05
45.30131,45.99277,-0.00189345300751143,45.9946137120637,-4.97409437693587e-05
45.31266,45.9961,0.00143654699248685,45.9946466193079,-1.68336996526272e-05
45.32398,45.99627,0.00160654699249108,45.9946700853677,6.63236021253644e-06
45.33532,45.99416,-0.000503453007510757,45.9946796372006,1.61841930564044e-05
45.34662,45.99342,-0.00124345300751116,45.9946716976558,8.24464828277171e-06
45.35794,45.99383,-0.000833453007508922,45.9946442809312,-1.91720762751566e-05
45.36927,45.99596,0.00129654699248505,45.9945975901474,-6.58628601232634e-05
45.3806,45.99689,0.00222654699248892,45.9945344640586,-0.000128988948907887
45.39195,45.99234,-0.00232345300751291,45.9944605615674,-0.000202891440103425
45.40333,45.99277,-0.00189345300751143,45.9943841686013,-0.00027928440616294
45.41468,45.99745,0.00278654699248904,45.994315594607,-0.000347858400551512
45.42602,45.99343,-0.0012334530075151,45.9942662011277,-0.000397251879850673
45.43734,45.99602,0.00135654699248988,45.9942471118922,-0.000416341115288254
45.44868,45.99321,-0.00145345300751387,45.9942676643654,-0.000395788642159823
45.46002,45.99417,-0.000493453007514688,45.9943337554679,-0.000329697539603051
45.47135,45.99388,-0.000783453007514368,45.9944463721229,-0.000217080884647808
45.4827,45.99141,-0.00325345300750968,45.9946006838952,-6.27691122587104e-05
45.49404,45.99445,-0.000213453007511077,45.9947860467402,0.000122593732682602
45.50536,45.99482,0.000156546992485573,45.9949871029411,0.0003236499336068
45.51671,45.99507,0.000406546992486767,45.9951858812697,0.000522428262151089
45.52802,45.99788,0.00321654699249052,45.9953644832354,0.000701030227935953
45.53938,45.99979,0.00512654699248571,45.9955077110181,0.000844258010597714
45.55072,45.99511,0.000446546992485253,45.995604963047,0.000941510039479436
45.56207,45.99409,-0.00057345300751166,45.9956509464696,0.000987493462084462
45.5734,45.99484,0.000176546992491922,45.9956451660219,0.000981713014371503
45.58474,45.99771,0.0030465469924863,45.995590546138,0.000927093130488892
45.59609,45.99327,-0.00139345300750904,45.9954917410208,0.000828288013268715
45.60744,45.99179,-0.00287345300750985,45.9953536828091,0.000690229801633019
45.61879,45.99431,-0.000353453007512883,45.9951808144883,0.0005173614808255
45.63009,45.99569,0.00102654699249172,45.9949772659208,0.000313812913269075
45.64144,45.99669,0.00202654699248939,45.9947479127514,8.44597438973617e-05
45.65279,45.99565,0.000986546992486126,45.9944998885538,-0.000163564453668863
45.66414,45.99504,0.000376546992491456,45.9942438972957,-0.000419555711810493
45.67548,45.99541,0.000746546992488106,45.9939947112072,-0.00066874180030099
45.68686,45.99531,0.000646546992491892,45.9937704823058,-0.00089297070169425
45.69822,45.9939,-0.000763453007515125,45.9935908220271,-0.00107263098045142
45.70958,45.99159,-0.00307345300750939,45.9934739370809,-0.00118951592659694
45.72094,45.99128,-0.00338345300750831,45.9934334073985,-0.00123004560899151
45.73227,45.99069,-0.00397345300751084,45.9934753741669,-0.00118807884056721
45.74361,45.99341,-0.00125345300751434,45.9935968692341,-0.0010665837733965
45.75496,45.99352,-0.00114345300751495,45.9937857305365,-0.000877722471062016
45.76631,45.99629,0.00162654699249032,45.9940221122927,-0.000641340714808623
45.77766,45.99466,-3.45300750836941e-06,45.9942811972745,-0.000382255733004329
45.78899,45.99319,-0.00147345300751311,45.9945365045331,-0.000126948474367266
45.80033,45.99688,0.00221654699248575,45.9947631890367,9.97360291512936e-05
45.81168,45.99492,0.000256546992488893,45.994940856195,0.000277403187507602
45.82303,45.99757,0.0029065469924916,45.9950555555478,0.000392102540287933
45.83436,45.99324,-0.00142345300751145,45.9951007551537,0.000437302146156587
45.84571,45.99422,-0.000443453007513028,45.995077269031,0.00041381602349067
45.85705,45.99644,0.00177654699248819,45.9949922954075,0.000328842399998955
45.86843,45.99451,-0.000153453007513349,45.9948578413642,0.000194388356699108
45.87979,45.99387,-0.000793453007510436,45.9946888254498,2.53724423287389e-05
45.89113,45.99385,-0.000813453007509679,45.9945011192376,-0.000162333769887194
45.90247,45.99524,0.000576546992490989,45.9943097608053,-0.000353692202234854
45.91381,45.99282,-0.00184345300750977,45.9941275316126,-0.00053592139487431
45.92515,45.99392,-0.000743453007508776,45.9939640155115,-0.000699437495992382
45.93646,45.99479,0.000126546992490262,45.9938251765531,-0.000838276454446116
45.94783,45.99267,-0.00199345300751474,45.9937134222921,-0.000950030715376523
45.95918,45.99389,-0.000773453007511193,45.9936280661974,-0.00103538681009755
45.97052,45.99489,0.000226546992486476,45.9935660718145,-0.00109738119302691
45.98185,45.9922,-0.00246345300751472,45.9935229540702,-0.00114049893730404
45.99316,45.99422,-0.000443453007513028,45.9934937264725,-0.00116972653497061
46.00452,45.99223,-0.0024334530075123,45.9934738126769,-0.00118964033063678
46.01585,45.99244,-0.00222345300750959,45.9934598641598,-0.00120358884768245
46.02717,45.99729,0.00262654699248799,45.9934504069882,-0.00121304601932946
46.03851,45.99362,-0.00104345300751163,45.9934461827843,-0.00121727022317606
46.04982,45.99133,-0.00333345300751375,45.993450023693,-0.00121342931456208
46.06116,45.99633,0.0016665469924888,45.993466184842,-0.00119726816547682
46.07248,45.99212,-0.00254345300751169,45.9934992269182,-0.00116422608929095
46.08381,45.99133,-0.00333345300751375,45.9935526933711,-0.00111075963637524
46.09516,45.99423,-0.000433453007509854,45.9936278974194,-0.00103555558812204
46.10646,45.99353,-0.00113345300751178,45.9937231135676,-0.000940339439876411
46.11777,45.99402,-0.000643453007512562,45.9938333587681,-0.000830094239378693
46.12912,45.99432,-0.000343453007509709,45.993950794656,-0.00071265835154822
46.14046,45.9917,-0.00296345300751,45.9940656662219,-0.00059778678562316
46.15182,45.99402,-0.000643453007512562,45.9941676387655,-0.000495814242052306
46.16315,45.99689,0.00222654699248892,45.9942473462355,-0.000416106771963597
46.17447,45.99512,0.000456546992488427,45.9942978744772,-0.000365578530356494
46.18583,45.9954,0.000736546992484932,45.9943158286735,-0.000347624334050951
46.19717,45.99505,0.000386546992487524,45.9943016886397,-0.000361764367859273
46.20851,45.99232,-0.00234345300751215,45.9942593698285,-0.000404083178984116
46.21986,45.99361,-0.0010534530075148,45.9941951821032,-0.000468270904345531
46.23117,45.99163,-0.0030334530075109,45.9941165690811,-0.000546883926376234
46.24252,45.9956,0.000936546992491571,45.9940310260815,-0.000632426925983789
46.25386,45.99359,-0.00107345300751405,45.9939454352403,-0.000718017767235361
46.26522,45.99467,6.5469924876993e-06,45.9938658174171,-0.000797635590456762
46.27654,45.99533,0.000666546992491135,45.9937973148766,-0.000866138130864077
46.28789,45.99461,-5.34530075100292e-05,45.9937441692434,-0.000919283764086993
46.29922,45.99193,-0.00273345300750805,45.993709547347,-0.000953905660526641
46.31056,45.99252,-0.00214345300751262,45.9936952381163,-0.000968214891257412
46.3219,45.99226,-0.00240345300750988,45.9937013984865,-0.000962054521029481
46.33324,45.99591,0.00124654699249049,45.9937265547304,-0.000936898277097829
46.34458,45.99313,-0.00153345300751084,45.9937679371096,-0.000895515897957333
46.35592,45.99425,-0.000413453007510611,45.9938220393454,-0.000841413662087304
46.36727,45.99476,9.65469924878448e-05,45.9938851847275,-0.000778268280009614
46.37861,45.9952,0.000536546992485398,45.9939538920973,-0.000709560910231432
46.38996,45.99358,-0.00108345300751012,45.9940249277335,-0.000638525274008251
46.4013,45.99311,-0.00155345300751009,45.9940950638244,-0.000568389183127853
46.4126,45.99334,-0.00132345300750814,45.9941607099009,-0.000502743106661334
46.42391,45.99158,-0.00308345300751256,45.9942176758581,-0.000445777149377907
46.43526,45.99667,0.00200654699249014,45.9942612910656,-0.000402161941883638
46.44658,45.99624,0.00157654699248866,45.9942869383372,-0.000376514670275349
46.45793,45.99097,-0.00369345300751434,45.9942908604358,-0.000372592571715745
46.4693,45.99641,0.00174654699248578,45.994270991543,-0.000392461464551573
46.48066,45.99422,-0.000443453007513028,45.9942275916082,-0.000435861399273297
46.492,45.995,0.000336546992485864,45.9941635331223,-0.000499919885196716
46.50335,45.99344,-0.00122345300751192,45.9940841428994,-0.000579310108138943
46.51469,45.9963,0.00163654699248639,45.9939965624112,-0.000666890596294962
46.52605,45.99324,-0.00142345300751145,45.9939086905138,-0.000754762493699944
46.53738,45.99169,-0.00297345300751317,45.9938278986168,-0.000835554390737547
46.54871,45.99271,-0.00195345300750915,45.9937598269447,-0.000903626062774218
46.56005,45.99156,-0.0031034530075118,45.9937076177969,-0.000955835210619761
46.5714,45.99496,0.000296546992487379,45.9936718377587,-0.000991615248771499
46.58273,45.99719,0.00252654699249177,45.9936510847425,-0.00101236826497648
46.59409,45.99203,-0.00263345300751183,45.9936429979653,-0.00102045504218946
46.60542,45.99503,0.000366546992488281,45.9936452649926,-0.00101818801488363
46.61674,45.99186,-0.00280345300750895,45.9936563138358,-0.00100713917170313
46.62807,45.99512,0.000456546992488427,45.9936755819712,-0.000987871036278103
46.6394,45.99288,-0.00178345300751204,45.9937034098798,-0.000960043127702177
46.65074,45.99569,0.00102654699249172,45.9937406608604,-0.000922792147073048
46.66208,45.9915,-0.00316345300750953,45.9937881770139,-0.000875275993647123
46.67342,45.99291,-0.00175345300750962,45.9938462024332,-0.000817250574322551
46.68473,45.99405,-0.000613453007510145,45.9939139268867,-0.000749526120826144
46.69606,45.99712,0.00245654699249087,45.9939892675914,-0.000674185416075562
46.7074,45.99118,-0.00348345300751163,45.9940689064899,-0.000594546517589176
46.71874,45.99465,-1.34530075115435e-05,45.9941485214519,-0.00051493155560258
46.73009,45.99375,-0.000913453007512999,45.9942231561933,-0.000440296814229132
46.74143,45.99497,0.000306546992490553,45.9942877105272,-0.000375742480287556
46.75276,45.99466,-3.45300750836941e-06,45.9943375190362,-0.00032593397127497
46.76411,45.99316,-0.00150345300750843,45.9943689367111,-0.000294516296391615
46.77545,45.99709,0.00242654699248845,45.9943798275093,-0.000283625498161857
46.7868,45.99267,-0.00199345300751474,45.9943698733253,-0.000293579682252561
46.79816,45.99424,-0.000423453007513785,45.994340668483,-0.00032278452451667
46.80952,45.9936,-0.00106345300751087,45.9942956221783,-0.000367830829192632
46.82088,45.99484,0.000176546992491922,45.9942397277753,-0.000423725232170036
46.83222,45.99429,-0.000373453007512126,45.9941792379835,-0.000484215024043647
46.84353,45.99564,0.000976546992490057,45.9941212237391,-0.000542229268426641
46.85487,45.99367,-0.00099345300750997,45.9940729582013,-0.000590494806164863
46.86621,45.99452,-0.000143453007510175,45.9940411062796,-0.000622346727960673
46.87754,45.99403,-0.000633453007509388,45.9940308071602,-0.000632645847352515
46.88886,45.99022,-0.00444345300751081,45.9940448594586,-0.000618593548904804
46.90023,45.99248,-0.0021834530075111,45.9940832833532,-0.000580169654321055
46.91156,45.99702,0.00235654699248755,45.994143465489,-0.0005199875185525
46.92292,45.9974,0.00273654699248738,45.9942208659947,-0.000442587012854248
46.93424,45.992,-0.00266345300751425,45.99430999962,-0.000353453387563929
46.94561,45.99582,0.00115654699249035,45.9944053036815,-0.000258149325990809
46.95694,45.99447,-0.000193453007511835,45.9945016485434,-0.000161804464150041
46.96831,45.992,-0.00266345300751425,45.9945944842637,-6.89687438496737e-05
46.97963,45.99632,0.00165654699248563,45.9946797709578,1.63179502547086e-05
46.99095,45.99593,0.00126654699248974,45.9947538624731,9.04094655947134e-05
47.0023,45.99163,-0.0030334530075109,45.9948134550213,0.000150002013789063
47.01366,45.99586,0.00119654699248883,45.9948556475606,0.000192194553053917
47.02501,45.99617,0.00150654699248776,45.9948781206541,0.000214667646637047
47.03634,45.99456,-0.000103453007511689,45.9948793992074,0.000215946199933963
47.04766,45.99454,-0.000123453007510932,45.9948591177994,0.000195664791891442
47.05901,45.99548,0.000816546992489009,45.9948182040139,0.000154751006390444
47.07035,45.99274,-0.00192345300751384,45.9947589448931,9.54918856217697e-05
47.08168,45.99706,0.00239654699248604,45.99468494656,2.14935524780281e-05
47.09304,45.99348,-0.00118345300751344,45.9946009961833,-6.2456824181556e-05
47.10438,45.99541,0.000746546992488106,45.9945128092132,-0.000150643794304553
47.1157,45.99363,-0.00103345300750846,45.9944266376736,-0.000236815333864829
47.12704,45.99566,0.0009965469924893,45.9943487441474,-0.000314708860070932
47.13839,45.99347,-0.0011934530075095,45.9942847908902,-0.00037866211729782
47.14974,45.99319,-0.00147345300751311,45.9942392327784,-0.000424220229088387
47.16109,45.99386,-0.00080345300751361,45.994214827012,-0.000448625995476286
47.17243,45.99577,0.00110654699248869,45.9942123608111,-0.000451092196419263
47.18378,45.99473,6.65469924854278e-05,45.9942306369903,-0.00043281601723897
47.19511,45.9919,-0.00276345300751046,45.9942666883492,-0.000396764658306713
47.20644,45.99521,0.000546546992488572,45.9943161768651,-0.000347276142417213
47.21776,45.99329,-0.0013734530075098,45.9943739583356,-0.000289494671938142
47.2291,45.99619,0.001526546992487,45.9944347805536,-0.000228672453926453
47.24045,45.99481,0.000146546992489505,45.9944940125457,-0.000169440461846162
47.25178,45.99421,-0.000453453007509097,45.9945482436347,-0.00011520937286007
47.26309,45.99496,0.000296546992487379,45.9945956112437,-6.78417638161698e-05
47.27443,45.99358,-0.00108345300751012,45.9946358033813,-2.76496261753879e-05
47.28576,45.99485,0.00018654699248799,45.9946697676655,6.3146580123166e-06
47.29712,45.99649,0.00182654699248985,45.9946991912648,3.57382572443074e-05
47.30842,45.99415,-0.000513453007513931,45.9947258029367,6.23499292298314e-05
47.31975,45.99538,0.000716546992485689,45.9947505456634,8.70926558704077e-05
47.33109,45.99374,-0.000923453007509067,45.994772722985,0.000109269977523059
47.34241,45.99438,-0.00028345300751198,45.9947893161494,0.000125863141855822
47.35377,45.99224,-0.00242345300750912,45.9947947325998,0.000131279592313027
47.36508,45.99453,-0.000133453007514106,45.9947812158235,0.000117762816022033
47.37642,45.99528,0.000616546992489475,45.99473999803,7.65450225319299e-05
47.38776,45.99605,0.00138654699248519,45.99466303864,-4.14367525560779e-07
47.3991,45.99666,0.00199654699248697,45.994544957619,-0.000118495388465856
47.41043,45.994,-0.000663453007511805,45.9943846687904,-0.000278784217107731
47.42177,45.99286,-0.00180345300751128,45.9941863069807,-0.000477146026791958
47.4331,45.99604,0.00137654699248912,45.9939592620534,-0.000704190954104139
47.44445,45.99326,-0.00140345300751221,45.9937173467844,-0.000946106223144729
47.45579,45.99483,0.000166546992488747,45.9934772536856,-0.00118619932189098
47.46714,45.99156,-0.0031034530075118,45.9932565323912,-0.00140692061630831
47.47846,45.99209,-0.0025734530075141,45.9930714037993,-0.00159204920825391
47.48981,45.9906,-0.00406345300751099,45.9929347983287,-0.00172865467884358
47.50113,45.99398,-0.000683453007511048,45.9928549794975,-0.00180847350998006
47.51249,45.99423,-0.000433453007509854,45.9928349479912,-0.00182850501626402
47.52381,45.99321,-0.00145345300751387,45.9928725839024,-0.00179086910506527
47.53512,45.99187,-0.00279345300751288,45.9929613172017,-0.00170213580579479
47.54644,45.99392,-0.000743453007508776,45.9930911032227,-0.0015723497848328
47.55778,45.9911,-0.0035634530075086,45.9932495666503,-0.00141388635723168
47.56912,45.99523,0.000566546992487815,45.9934232440467,-0.00124020896085537
47.58044,45.9947,3.65469924901163e-05,45.9935988439281,-0.00106460907939048
47.59178,45.99287,-0.00179345300750811,45.9937643956906,-0.000899057316888062
47.60313,45.9935,-0.00116345300751419,45.9939101519826,-0.000753301024885622
47.61446,45.99464,-2.34530075147177e-05,45.9940291696829,-0.000634283324572933
47.62579,45.99488,0.000216546992490407,45.9941175693562,-0.000545883651322329
47.63713,45.99256,-0.00210345300751413,45.9941745082674,-0.000488944740079621
47.64849,45.99444,-0.000223453007514252,45.994201910003,-0.000461543004496405
47.65983,45.99429,-0.000373453007512126,45.9942039990906,-0.000459453916894503
47.67116,45.99609,0.00142654699249078,45.9941866767414,-0.000476776266092609
47.6825,45.9939,-0.000763453007515125,45.9941567443874,-0.000506708620137738
47.69382,45.99282,-0.00184345300750977,45.9941209892282,-0.000542463779321493
47.70517,45.99453,-0.000133453007514106,45.9940852235891,-0.000578229418372438
47.7165,45.99305,-0.00161345300751492,45.994053462952,-0.000609990055531098
47.72784,45.99331,-0.00135345300751055,45.9940274519872,-0.000636001020343824
47.7392,45.99391,-0.000753453007511951,45.9940066814085,-0.000656771599025996
47.75054,45.99524,0.000576546992490989,45.9939889177146,-0.000674535292873398
47.7619,45.9919,-0.00276345300751046,45.9939711388938,-0.000692314113724076
47.77321,45.99421,-0.000453453007509097,45.9939506683692,-0.000712784638300413
47.78457,45.99813,0.00346654699249171,45.9939262393768,-0.000737213630717775
47.79591,45.99303,-0.00163345300751416,45.9938986982656,-0.000764754741922445
47.80725,45.99431,-0.000353453007512883,45.9938711008519,-0.00079235215559658
47.81858,45.99248,-0.0021834530075111,45.9938481203541,-0.000815332653401692
47.82994,45.99447,-0.000193453007511835,45.9938349216872,-0.000828531320276662
47.84127,45.99215,-0.00251345300750927,45.9938358293202,-0.000827623687332742
47.85263,45.99331,-0.00135345300751055,45.9938531456141,-0.000810307393417746
47.86399,45.99575,0.00108654699248945,45.9938863929553,-0.000777060052218362
47.87536,45.99281,-0.00185345300751294,45.9939321222593,-0.000731330748207135
47.88671,45.99269,-0.0019734530075084,45.9939843127427,-0.000679140264827269
47.89805,45.99353,-0.00113345300751178,45.9940353182459,-0.000628134761585693
47.90939,45.99406,-0.000603453007514076,45.9940772639612,-0.000586189046276767
47.92072,45.99562,0.000956546992490814,45.9941037008394,-0.000559752168067416
47.93205,45.99556,0.00089654699248598,45.9941111897446,-0.000552263262897578
47.94339,45.99483,0.000166546992488747,45.9941004089481,-0.000563044059414351
47.95473,45.99487,0.000206546992487233,45.9940764439524,-0.000587009055138741
47.96605,45.99313,-0.00153345300751084,45.9940481245361,-0.000615328471442551
47.97737,45.99305,-0.00161345300751492,45.994026533593,-0.000636919414509245
47.98869,45.99335,-0.00131345300751207,45.9940230157261,-0.000640437281441542
48.00005,45.99519,0.00052654699248933,45.9940470865024,-0.000616366505120073
48.01139,45.99426,-0.000403453007514543,45.9941045875064,-0.000558865501120462
48.02271,45.99346,-0.00120345300751268,45.9941963269739,-0.000467126033620889
48.03403,45.99213,-0.00253345300750851,45.9943173793979,-0.00034607360962381
48.04534,45.99492,0.000256546992488893,45.9944571948364,-0.00020625817109416
48.05667,45.9939,-0.000763453007515125,45.9946006110663,-6.28419412137023e-05
48.06803,45.9952,0.000536546992485398,45.9947297161724,6.62631648594364e-05
48.07937,45.99493,0.000266546992484962,45.9948263200137,0.000162867006225126
48.09071,45.99567,0.00100654699248537,45.9948746464596,0.000211193452125621
48.10205,45.99603,0.00136654699248595,45.9948637994122,0.000200346404711928
48.11339,45.99623,0.00156654699248548,45.9947895857169,0.000126132709409762
48.12473,45.99268,-0.00198345300751157,45.9946553909042,-8.06210332676045e-06
48.13608,45.99641,0.00174654699248578,45.9944719817254,-0.0001914712820921
48.14741,45.99392,-0.000743453007508776,45.994256300024,-0.000407152983541956
48.15875,45.99249,-0.00217345300751504,45.9940294550013,-0.000633998006176324
48.1701,45.99468,1.65469924908734e-05,45.9938141972862,-0.000849255721263581
48.18144,45.99541,0.000746546992488106,45.9936321827874,-0.00103127022009087
48.19278,45.99273,-0.00193345300750991,45.9935013275234,-0.00116212548412717
48.20411,45.99057,-0.0040934530075134,45.9934335574229,-0.00122989558459828
48.21545,45.99099,-0.00367345300751509,45.993433291437,-0.00123016157047646
48.2268,45.99586,0.00119654699248883,45.9934969836297,-0.00116646937780646
48.23816,45.99349,-0.00117345300751026,45.9936138812163,-0.00104957179118754
48.2495,45.99322,-0.0014434530075107,45.9937678677886,-0.000895585218958394
48.26082,45.99376,-0.000903453007509825,45.993940025194,-0.000723427813521421
48.27217,45.99453,-0.000133453007514106,45.9941114600257,-0.000551992981763117
48.28348,45.99708,0.00241654699248528,45.9942659428916,-0.000397510115936328
48.2948,45.99518,0.000516546992486155,45.9943919344659,-0.000271518541592597
48.30617,45.99377,-0.000893453007513756,45.9944836579076,-0.000179795099887877
48.31751,45.99485,0.00018654699248799,45.9945410753563,-0.000122377651248134
48.32885,45.99383,-0.000833453007508922,45.9945688875485,-9.45654590129633e-05
48.34017,45.99498,0.000316546992486622,45.9945748805268,-8.8572480748609e-05
48.35152,45.99239,-0.00227345300751125,45.9945680248845,-9.54281229976385e-05
48.36288,45.99474,7.6546992488602e-05,45.9945567102338,-0.00010674277369334
48.37423,45.99572,0.00105654699248703,45.9945474082348,-0.000116044772703655
48.38554,45.99308,-0.0015834530075125,45.9945439270468,-0.000119525960697456
48.39687,45.99435,-0.000313453007514397,45.9945472903462,-0.000116162661279376
48.40822,45.99308,-0.0015834530075125,45.9945561837916,-0.000107269215904393
48.41954,45.99619,0.001526546992487,45.9945678413636,-9.56116438770216e-05
48.43086,45.99649,0.00182654699248985,45.9945791488725,-8.4304135024212e-05
48.4422,45.99582,0.00115654699249035,45.9945876487697,-7.58042377907691e-05
48.45355,45.99303,-0.00163345300751416,45.9945921379456,-7.13150618725864e-05
48.46489,45.99393,-0.000733453007512708,45.9945927082281,-7.07447794048097e-05
48.47623,45.99617,0.00150654699248776,45.994590302015,-7.31509924947144e-05
48.48759,45.99451,-0.000153453007513349,45.9945860025101,-7.7450497454719e-05
48.49894,45.99126,-0.00340345300751466,45.9945803087812,-8.31442262990431e-05
48.51029,45.99557,0.000906546992489154,45.9945726219263,-9.08310811873715e-05
48.52163,45.99333,-0.00133345300751131,45.9945611145667,-0.000102338440783044
48.53295,45.9978,0.00313654699248644,45.9945430330604,-0.000120419947111209
48.5443,45.99265,-0.00201345300751399,45.9945153121326,-0.000148140874876465
48.55564,45.99512,0.000456546992488427,45.9944752731211,-0.000188179886363226
48.56697,45.99602,0.00135654699248988,45.9944211931436,-0.000242259863950337
48.57832,45.99289,-0.00177345300750886,45.9943526265997,-0.000310826407835912
48.58966,45.99412,-0.000543453007509243,45.9942704608937,-0.000392992113791248
48.60099,45.99444,-0.000223453007514252,45.994176766251,-0.000486686756553337
48.61233,45.99376,-0.000903453007509825,45.9940745395577,-0.00058891344985102
48.62368,45.99487,0.000206546992487233,45.9939674320727,-0.000696020934788923
48.63502,45.99251,-0.00215345300750869,45.9938595149031,-0.000803938104400033
48.64634,45.99249,-0.00217345300751504,45.9937551119389,-0.00090834106865307
48.65769,45.99609,0.00142654699249078,45.9936587117043,-0.00100474130316517
48.66904,45.99445,-0.000213453007511077,45.9935749249888,-0.00108852801870854
48.68037,45.99178,-0.00288345300751303,45.993508401837,-0.00115505117046548
48.69173,45.99314,-0.00152345300751477,45.9934636274326,-0.0011998255748696
48.70307,45.99393,-0.000733453007512708,45.9934445903249,-0.00121886268263388
48.71437,45.99572,0.00105654699248703,45.9934543742756,-0.0012090787319542
48.72571,45.99108,-0.00358345300751495,45.9934947203661,-0.00116873264138547
48.73705,45.99385,-0.000813453007509679,45.993565600299,-0.00109785270849127
48.74836,45.99224,-0.00242345300750912,45.9936648826731,-0.000998570334382691
48.7597,45.99623,0.00156654699248548,45.9937882044166,-0.00087524859090742
48.77104,45.99265,-0.00201345300751399,45.9939291169581,-0.000734336049421377
48.78238,45.99414,-0.00052345300751,45.9940794995465,-0.000583953460999069
48.79374,45.99347,-0.0011934530075095,45.9942301966229,-0.000433256384594706
48.80509,45.99486,0.000196546992491164,45.9943718433372,-0.000291609670310686
48.81644,45.99408,-0.000583453007514834,45.994495835309,-0.000167617698472351
48.82777,45.99323,-0.00143345300751463,45.9945953504587,-6.81025487844444e-05
48.83913,45.99799,0.00332654699248991,45.9946662651277,2.81212021508045e-06
48.85048,45.99471,4.6546992486185e-05,45.9947077521578,4.4299150300771e-05
48.86182,45.9942,-0.000463453007512271,45.9947223400415,5.88870339609177e-05
48.87315,45.99783,0.00316654699248886,45.9947152938415,5.18408340079132e-05
48.8845,45.99283,-0.0018334530075137,45.9946933510533,2.98980458299668e-05
48.89583,45.99373,-0.000933453007512242,45.9946630523653,-4.00642164113193e-07
48.90717,45.99182,-0.00284345300751454,45.9946290808591,-3.43721483694352e-05
48.9185,45.99366,-0.00100345300751314,45.9945930896245,-7.03633830048537e-05
48.92985,45.99582,0.00115654699249035,45.9945533825311,-0.000110070476401145
48.94118,45.99622,0.00155654699248942,45.9945055278864,-0.000157925121130052
48.9525,45.99467,6.5469924876993e-06,45.994443676189,-0.00021977681846851
48.96386,45.99284,-0.00182345300751052,45.9943621972029,-0.000301255804658831
48.97521,45.99282,-0.00184345300750977,45.9942572925926,-0.000406160414865907
48.98654,45.99754,0.00287654699248918,45.9941283544712,-0.000535098536323658
48.99791,45.99424,-0.000423453007513785,45.9939788833762,-0.000684569631297903
49.00924,45.99406,-0.000603453007514076,45.9938167578887,-0.000846695118782599
49.02059,45.995,0.000336546992485864,45.993653689078,-0.00100976392956115
49.03194,45.99316,-0.00150345300750843,45.9935038597295,-0.00115959327799419
49.04327,45.99095,-0.00371345300751358,45.9933819726804,-0.0012814803270944
49.0546,45.99383,-0.000833453007508922,45.9933011102863,-0.0013623427211883
49.06593,45.99032,-0.0043434530075146,45.9932708677104,-0.00139258529715051
49.0773,45.99437,-0.000293453007508049,45.9932961341104,-0.00136731889715078
49.08864,45.99483,0.000166546992488747,45.9933766832648,-0.00128676974274644
49.09998,45.99376,-0.000903453007509825,45.9935074911482,-0.00115596185930045
49.11132,45.99417,-0.000493453007514688,45.993679540013,-0.000983912994541268
49.12265,45.992,-0.00266345300751425,45.9938808634882,-0.000782589519278903
49.13401,45.99514,0.00047654699248767,45.994097691972,-0.000565761035479938
49.14534,45.99388,-0.000783453007514368,45.9943156555581,-0.000347797449379666
49.15667,45.9939,-0.000763453007515125,45.9945210178065,-0.000142435201014878
49.16801,45.99605,0.00138654699248519,45.994701867447,3.84144394569304e-05
49.17934,45.99555,0.000886546992489912,45.9948491449279,0.000185691920392619
49.19069,45.99362,-0.00104345300751163,45.994957365959,0.000293912951480168
49.20204,45.99625,0.00158654699249183,45.9950249399664,0.000361486958926637
49.21337,45.99419,-0.00047345300750834,45.9950540526718,0.000390599664265382
49.22469,45.99574,0.00107654699248627,45.9950501459263,0.000386692918763514
49.23603,45.99568,0.00101654699248854,45.9950210594613,0.000357606453765485
49.24737,45.99524,0.000576546992490989,45.9949759181053,0.000312465097786116
49.25871,45.99357,-0.00109345300751329,45.9949238871692,0.000260434161703353
49.27004,45.99323,-0.00143345300751463,45.9948729805431,0.000209527535558169
49.28138,45.99476,9.65469924878448e-05,45.9948291421352,0.000165689127705126
49.29272,45.99708,0.00241654699248528,45.9947957649086,0.000132311901117674
49.30407,45.99364,-0.00102345300751239,45.9947736642139,0.000110211206412254
49.31541,45.9967,0.00203654699248546,45.9947613846811,9.79316736010848e-05
49.32677,45.99188,-0.00278345300750971,45.9947556943504,9.22413429075978e-05
49.33812,45.99467,6.5469924876993e-06,45.9947521938553,8.87408477671185e-05
49.34945,45.99548,0.000816546992489009,45.9947460349697,8.25819622299357e-05
49.3608,45.99615,0.00148654699248851,45.9947327184709,6.92654633674402e-05
49.37215,45.99532,0.000656546992487961,45.994708854756,4.54017484950481e-05
49.38349,45.99249,-0.00217345300751504,45.9946727311347,9.27812714486413e-06
49.39485,45.99505,0.000386546992487524,45.9946245960239,-3.88569835752899e-05
49.4062,45.99541,0.000746546992488106,45.9945666743602,-9.67786472696146e-05
49.41755,45.99403,-0.000633453007509388,45.9945029673027,-0.000160485704796284
49.42887,45.99556,0.00089654699248598,45.9944388580441,-0.00022459496342176
49.44023,45.99329,-0.0013734530075098,45.994380521914,-0.000282931093466946
49.45157,45.99534,0.000676546992487204,45.9943341668118,-0.000329286195665948
49.4629,45.99395,-0.000713453007513465,45.9943051842229,-0.00035826878456727
49.47426,45.99397,-0.000693453007514222,45.9942973360564,-0.000366116951088745
49.4856,45.99372,-0.00094345300750831,45.994312128531,-0.000351324476472929
49.49696,45.99215,-0.00251345300750927,45.9943485263237,-0.00031492668376297
49.50829,45.99519,0.00052654699248933,45.9944031135194,-0.000260339488063803
49.51962,45.99778,0.0031165469924872,45.9944706894015,-0.000192763606045087
49.53096,45.99284,-0.00182345300751052,45.9945451336033,-0.000118319404199822
49.54229,45.99435,-0.000313453007514397,45.994620292091,-4.31609165293451e-05
49.55363,45.99445,-0.000213453007511077,45.9946906879696,2.72349621228857e-05
49.56498,45.99522,0.000556546992491747,45.9947519765435,8.85235360219197e-05
49.57632,45.99713,0.00246654699248694,45.9948011236758,0.000137670668339372
49.58764,45.99466,-3.45300750836941e-06,45.9948362869697,0.000172833962197483
49.599,45.9929,-0.00176345300751279,45.9948564185693,0.000192965561741073
49.61035,45.99321,-0.00145345300751387,45.9948607293126,0.000197276305127719
49.62168,45.99493,0.000266546992484962,45.9948482652834,0.000184812275929095
49.63302,45.99677,0.00210654699248636,45.9948178211086,0.00015436810111891
49.64435,45.99352,-0.00114345300751495,45.9947682444871,0.000104791479595568
49.65568,45.99549,0.000826546992485078,45.9946990088289,3.5555821339317e-05
49.66704,45.99352,-0.00114345300751495,45.9946108635845,-5.25894230548342e-05
49.67839,45.9949,0.00023654699248965,45.994506397336,-0.000157055671499648
49.68975,45.99619,0.001526546992487,45.9943903793735,-0.000273073634007036
49.70108,45.99511,0.000446546992485253,45.994269750229,-0.000393702778543407
49.71241,45.99366,-0.00100345300751314,45.9941531618217,-0.000510291185762412
49.72373,45.99314,-0.00152345300751477,45.9940500782779,-0.000613374729570451
49.73507,45.99153,-0.00313345300751422,45.9939696097235,-0.000693843283991082
49.74642,45.99644,0.00177654699248819,45.9939193535455,-0.000744099462023359
49.75775,45.99352,-0.00114345300751495,45.9939044795206,-0.000758973486884986
49.76909,45.99275,-0.00191345300751067,45.9939271591169,-0.0007362938906049
49.78042,45.99591,0.00124654699249049,45.9939863243389,-0.000677128668587147
49.79176,45.99308,-0.0015834530075125,45.9940777096338,-0.000585743373734575
49.80308,45.99354,-0.0011234530075086,45.9941941496525,-0.000469303355050855
49.81441,45.99541,0.000746546992488106,45.9943261297904,-0.000337323217114743
49.82574,45.99246,-0.00220345300751035,45.9944625954563,-0.000200857551212853
49.83709,45.99399,-0.000673453007514979,45.9945920055585,-7.14474489802281e-05
49.84842,45.99681,0.00214654699249195,45.9947035542321,4.01012245491473e-05
49.85976,45.9966,0.00193654699248924,45.9947883912022,0.00012493819471811
49.87111,45.99314,-0.00152345300751477,45.9948405985539,0.000177145546429598
49.88244,45.99583,0.00116654699248642,45.9948577102466,0.000194257239067422
49.89378,45.99394,-0.000723453007509534,45.9948407002269,0.0001772472193379
49.90514,45.99693,0.00226654699248741,45.9947935194135,0.000130066406026452
49.91648,45.99212,-0.00254345300751169,45.9947223482415,5.88952339949719e-05
49.92782,45.99414,-0.00052345300751,45.9946347622148,-2.86907926774842e-05
49.93916,45.9928,-0.00186345300750901,45.9945390095325,-0.000124443474970375
49.95049,45.99626,0.0015965469924879,45.9944435367854,-0.000219916222066171
49.9618,45.99509,0.00042654699248601,45.9943567411051,-0.000306711902455469
49.97316,45.99675,0.00208654699248711,45.9942867450529,-0.000376707954647403
49.9845,45.9945,-0.000163453007509418,45.9942409200135,-0.000422532994017337
49.99586,45.99415,-0.000513453007513931,45.9942250044587,-0.000438448548832383
50.00723,45.99057,-0.0040934530075134,45.9942419269468,-0.000421526060704192
50.01857,45.99425,-0.000413453007510611,45.994290700835,-0.000372752172536483
50.02991,45.99376,-0.000903453007509825,45.9943658475906,-0.00029760541689813
50.04123,45.99465,-1.34530075115435e-05,45.9944576670535,-0.000205785954033405
50.05256,45.9941,-0.000563453007508485,45.9945533951767,-0.000110057830784237
50.06389,45.99574,0.00107654699248627,45.9946390280577,-2.4424949774969e-05
50.07522,45.99568,0.00101654699248854,45.9947014365597,3.79835521546516e-05
50.08652,45.99513,0.000466546992491601,45.9947303545554,6.69015478829573e-05
50.09784,45.99472,5.65469924893591e-05,45.9947198793715,5.64263639490436e-05
50.10917,45.99512,0.000456546992488427,45.9946692539375,5.80092997136189e-06
50.12049,45.99415,-0.000513453007513931,45.9945828590345,-8.0593972987998e-05
50.13182,45.99509,0.00042654699248601,45.9944694764376,-0.000193976569898579
50.14317,45.9952,0.000536546992485398,45.9943409688359,-0.00032248417158032
50.15452,45.99282,-0.00184345300750977,45.9942105779288,-0.000452875078743426
50.16584,45.99435,-0.000313453007514397,45.9940910940365,-0.0005723589710399
50.17719,45.99063,-0.00403345300750857,45.9939931948226,-0.000670258184906962
50.18853,45.99585,0.00118654699248566,45.9939242405298,-0.000739212477728128
50.19988,45.99311,-0.00155345300751009,45.9938877028475,-0.000775750160047365
50.21122,45.99682,0.00215654699248802,45.9938832181367,-0.000780234870782705
50.22256,45.99233,-0.00233345300750898,45.9939070963678,-0.000756356639695549
50.23387,45.99278,-0.00188345300750825,45.9939530821767,-0.00071037083085746
50.24522,45.99442,-0.000243453007513494,45.9940132430778,-0.000650209929676845
50.25655,45.99334,-0.00132345300750814,45.9940789378533,-0.000584515154256278
50.26789,45.99673,0.00206654699248787,45.9941418034592,-0.000521649548307888
50.27922,45.9957,0.00103654699248779,45.9941946235164,-0.000468829491077714
50.29055,45.99032,-0.0043434530075146,45.9942319199883,-0.000431533019184813
50.30189,45.99563,0.000966546992486883,45.9942502042471,-0.00041324876038182
50.31323,45.99469,2.65469924869421e-05,45.9942479633223,-0.000415489685244862
50.32457,45.99291,-0.00175345300750962,45.9942255161702,-0.000437936837323593
50.3359,45.99559,0.000926546992488397,45.9941848284,-0.000478624607554741
50.34724,45.99284,-0.00182345300751052,45.9941293049099,-0.000534148097582363
50.35859,45.99493,0.000266546992484962,45.9940635462657,-0.000599906741808274
50.36993,45.9955,0.000836546992488252,45.9939930464151,-0.000670406592374063
50.38128,45.99059,-0.00407345300751416,45.9939238148309,-0.000739638176606291
50.39264,45.99551,0.000846546992491426,45.9938619306901,-0.000801522317446869
50.40396,45.99585,0.00118654699248566,45.9938130631661,-0.000850389841399464
50.4153,45.99208,-0.00258345300751017,45.9937819939833,-0.000881459024189595
50.42664,45.99171,-0.00295345300751393,45.9937721784072,-0.000891274600293472
50.43794,45.99553,0.000866546992490669,45.9937854119365,-0.000878041071016476
50.44925,45.99334,-0.00132345300750814,45.9938216863806,-0.000841766626896367
50.46058,45.99419,-0.00047345300750834,45.9938792591104,-0.000784193897147247
50.47192,45.99502,0.000356546992485107,45.9939548654266,-0.00070858758094943
50.48327,45.99441,-0.000253453007509563,45.9940439681636,-0.000619484843914234
50.49463,45.99308,-0.0015834530075125,45.9941409869366,-0.000522466070888869
50.50597,45.99312,-0.00154345300751402,45.9942395440527,-0.000423908954782101
50.5173,45.99266,-0.00200345300751081,45.9943328419555,-0.000330611052009922
50.52863,45.9958,0.00113654699249111,45.9944142750434,-0.000249177964111781
50.53997,45.99586,0.00119654699248883,45.9944782473411,-0.00018520566636868
50.5513,45.99651,0.0018465469924891,45.9945209903032,-0.000142462704292225
50.56264,45.99343,-0.0012334530075151,45.9945410928883,-0.000122360119255272
50.57397,45.993,-0.00166345300750947,45.9945395515145,-0.000123901493015209
50.58532,45.99612,0.0014565469924861,45.9945193539416,-0.000144099065887429
50.59663,45.99342,-0.00124345300751116,45.9944847737323,-0.000178679275185596
50.60795,45.99394,-0.000723453007509534,45.9944405864894,-0.000222866518126397
50.6193,45.99504,0.000376546992491456,45.9943913689618,-0.000272084045697969
50.63063,45.99384,-0.000823453007512853,45.9943409792616,-0.000322473745873537
50.64197,45.99452,-0.000143453007510175,45.9942922628371,-0.000371190170437161
50.65329,45.99392,-0.000743453007508776,45.9942469852627,-0.000416467744833519
50.66462,45.99295,-0.00171345300751113,45.9942059634064,-0.000457489601067545
50.67596,45.9958,0.00113654699249111,45.9941693394927,-0.000494113514801987
50.68731,45.99448,-0.00018345300750866,45.9941368994098,-0.000526553597736558
50.69864,45.99594,0.00127654699248581,45.9941082929304,-0.000555160077109181
50.70996,45.99192,-0.00274345300751122,45.9940830247756,-0.000580428231947543
50.72131,45.99538,0.000716546992485689,45.9940601853385,-0.000603267668996747
50.73266,45.9931,-0.00156345300751326,45.9940380327275,-0.0006254202800322
50.74398,45.99322,-0.0014434530075107,45.9940136373958,-0.00064981561174196
50.75533,45.99228,-0.00238345300751064,45.9939828140422,-0.000680638965288338
50.76665,45.99386,-0.00080345300751361,45.9939404975447,-0.000722955462764993
50.77797,45.99677,0.00210654699248636,45.9938815792897,-0.000781873717803126
50.78934,45.99283,-0.0018334530075137,45.9938020413602,-0.000861411647294884
50.8007,45.9942,-0.000463453007512271,45.9937001019603,-0.000963351047247964
50.81203,45.99237,-0.00229345300751049,45.9935770942023,-0.00108635880521291
50.82335,45.99536,0.000696546992486446,45.9934379047419,-0.0012255482656069
50.83469,45.99276,-0.0019034530075146,45.9932908937572,-0.00137255925028136
50.84602,45.99313,-0.00153345300751084,45.9931472630752,-0.00151618993234206
50.85735,45.99553,0.000866546992490669,45.9930198772736,-0.00164357573390439
50.86869,45.99195,-0.0027134530075088,45.992921614285,-0.00174183872254025
50.88004,45.99138,-0.00328345300751209,45.992863432144,-0.00180002086351357
50.89137,45.99236,-0.00230345300751367,45.9928524651545,-0.00181098785299629
50.9027,45.99186,-0.00280345300750895,45.9928905434696,-0.00177290953790921
50.91405,45.99218,-0.00248345300751396,45.9929734901736,-0.00168996283386541
50.92538,45.99505,0.000386546992487524,45.9930913849844,-0.00157206802314218
50.93671,45.99084,-0.00382345300751297,45.9932297724998,-0.00143368050769839
50.94802,45.99396,-0.000703453007510291,45.9933716222269,-0.00129183078056579
50.95935,45.99311,-0.00155345300751009,45.9934997452009,-0.00116370780666057
50.97069,45.99663,0.00196654699249166,45.9935993068241,-0.001064146183394
50.98206,45.993,-0.00166345300750947,45.9936600281657,-0.00100342484179263
50.99339,45.99429,-0.000373453007512126,45.9936776825151,-0.000985770492435603
51.00471,45.99474,7.6546992488602e-05,45.9936546163424,-0.00100883666506561
51.01606,45.99338,-0.00128345300750965,45.9935992206052,-0.00106423240235984
51.0274,45.99269,-0.0019734530075084,45.9935244737241,-0.00113897928338683
51.03872,45.99405,-0.000613453007510145,45.9934458285555,-0.00121762445202444
51.05005,45.99336,-0.00130345300750889,45.993378809299,-0.0012846437084934
51.06137,45.99074,-0.00392345300750918,45.993336714938,-0.00132673806950286
51.0727,45.99407,-0.000593453007510902,45.9933288006543,-0.00133465235318624
51.08406,45.99187,-0.00279345300751288,45.9933592307327,-0.00130422227479658
51.09538,45.99463,-3.34530075107864e-05,45.9934269564091,-0.00123649659842863
51.10671,45.99208,-0.00258345300751017,45.993526490197,-0.00113696281046894
51.11803,45.99308,-0.0015834530075125,45.9936493805478,-0.00101407245968327
51.12937,45.99632,0.00165654699248563,45.9937860691214,-0.000877383886091781
51.14068,45.9949,0.00023654699248965,45.9939277302454,-0.000735722762143858
51.15203,45.99487,0.000206546992487233,45.99406766498,-0.000595788027471936
51.16336,45.99641,0.00174654699248578,45.9942019098528,-0.000461543154688111
51.17468,45.99171,-0.00295345300751393,45.9943289466898,-0.000334506317683094
51.18602,45.99286,-0.00180345300751128,45.9944486956386,-0.000214757368924861
51.19736,45.99491,0.000246546992485719,45.9945612091565,-0.000102243851017882
51.20872,45.99417,-0.000493453007514688,45.9946655482879,2.09528043702432e-06
51.22003,45.9929,-0.00176345300751279,45.9947591990173,9.5746009798508e-05
51.23134,45.99548,0.000816546992489009,45.9948381687884,0.000174715780889831
51.24267,45.99536,0.000696546992486446,45.9948976895593,0.000234236551801368
51.25402,45.9968,0.00213654699248877,45.9949332783016,0.000269825294086869
51.26533,45.99536,0.000696546992486446,45.9949417963378,0.000278343330290011
51.27666,45.99525,0.000586546992487058,45.9949221599164,0.000258706908899797
51.28801,45.99565,0.000986546992486126,45.994875500426,0.00021204741846018
51.29935,45.99149,-0.00317345300751271,45.9948047874933,0.000141334485780514
51.31067,45.99631,0.00164654699248956,45.9947141105047,5.06574971726412e-05
51.322,45.9942,-0.000463453007512271,45.9946078868219,-5.55661856364927e-05
51.3333,45.99516,0.000496546992486913,45.9944902165558,-0.00017323645166394
51.34464,45.99303,-0.00163345300751416,45.9943645018841,-0.000298951123432249
51.35595,45.99301,-0.00165345300751341,45.9942333769563,-0.00043007605123625
51.36729,45.99535,0.000686546992490378,45.9940989570522,-0.000564495955316953
51.3786,45.99426,-0.000403453007514543,45.9939633541772,-0.000700098830315324
51.38997,45.99487,0.000206546992487233,45.9938293092122,-0.000834143795280287
51.40132,45.99223,-0.0024334530075123,45.9937007266465,-0.000962726361025167
51.41264,45.99556,0.00089654699248598,45.9935829228786,-0.00108053012893482
51.42397,45.99359,-0.00107345300751405,45.9934824869173,-0.00118096609022685
51.43531,45.99108,-0.00358345300751495,45.9934067460232,-0.00125670698434423
51.44664,45.9972,0.00253654699248784,45.9933629076081,-0.00130054539944067
51.45798,45.99177,-0.00289345300750909,45.9933570135899,-0.00130643941759472
51.46932,45.99134,-0.00332345300751058,45.9933928964656,-0.00127055654194325
51.48065,45.99132,-0.00334345300750982,45.9934713701273,-0.00119208288025565
51.49202,45.99535,0.000686546992490378,45.99358988166,-0.00107357134748464
51.50334,45.99659,0.00192654699248607,45.9937427214379,-0.00092073156958164
51.51468,45.99318,-0.00148345300750918,45.9939216760265,-0.000741776980989888
51.526,45.99167,-0.00299345300751241,45.9941168850906,-0.000546567916931179
51.53733,45.9949,0.00023654699248965,45.9943177254054,-0.000345727602076429
51.54866,45.99561,0.00094654699248764,45.9945136723759,-0.000149780631572327
51.55998,45.99543,0.000766546992487349,45.9946951185335,3.16655259858638e-05
51.57131,45.99394,-0.000723453007509534,45.9948540700991,0.000190617091620245
51.58265,45.99504,0.000376546992491456,45.9949846230741,0.000321170066559122
51.59402,45.99605,0.00138654699248519,45.9950831807192,0.000419727711677424
51.60534,45.99317,-0.00149345300751236,45.9951484459664,0.000484992958848345
51.61667,45.99595,0.00128654699248898,45.9951812501093,0.000517797101812043
51.62799,45.99535,0.000686546992490378,45.9951842655221,0.00052081251460432
51.63935,45.9967,0.00203654699248546,45.9951616123552,0.000498159347732421
51.65067,45.99442,-0.000243453007513494,45.9951183359611,0.000454882953573395
51.66201,45.99501,0.000346546992489039,45.9950597498347,0.000396296827168403
51.67332,45.99409,-0.00057345300751166,45.9949907187066,0.000327265699121941
51.68465,45.99498,0.000316546992486622,45.9949150403036,0.000251587296093978
51.696,45.99222,-0.00244345300750837,45.9948351019268,0.000171648919301553
51.70734,45.99792,0.00325654699248901,45.9947519175841,8.84645766257529e-05
51.71869,45.995,0.000336546992485864,45.9946655224641,2.06945654956695e-06
51.73001,45.99265,-0.00201345300751399,45.9945755819737,-8.78710337922406e-05
51.7413,45.99479,0.000126546992490262,45.9944820349744,-0.000181418033096019
51.75264,45.9958,0.00113654699249111,45.9943856334276,-0.000277819579954478
51.76397,45.99456,-0.000103453007511689,45.994288284373,-0.000375168634499793
51.77531,45.99565,0.000986546992486126,45.9941931137046,-0.000470339302863772
51.78666,45.99171,-0.00295345300751393,45.9941042174491,-0.000559235558443435
51.79798,45.99287,-0.00179345300750811,45.9940261809129,-0.000637272094614755
51.80935,45.99426,-0.000403453007514543,45.9939635535418,-0.000699899465721127
51.82071,45.99472,5.65469924893591e-05,45.9939204607783,-0.000742992229223073
51.83205,45.99303,-0.00163345300751416,45.9939004042918,-0.000763048715662341
51.84339,45.99599,0.00132654699248747,45.9939061512665,-0.000757301741036499
51.85476,45.99323,-0.00143345300751463,45.9939395441776,-0.000723908829937762
51.86609,45.99529,0.000626546992485544,45.9940010930828,-0.00066235992473059
51.87745,45.99598,0.0013165469924914,45.9940893112767,-0.000574141730844818
51.88878,45.99193,-0.00273345300750805,45.9941998985849,-0.0004635544225958
51.90013,45.99118,-0.00348345300751163,45.9943250456324,-0.000338407375150476
51.91146,45.9929,-0.00176345300751279,45.994453262976,-0.000210190031552849
51.9228,45.99386,-0.00080345300751361,45.9945701082515,-9.33447559869004e-05
51.93415,45.99802,0.00335654699248522,45.9946599168679,-3.53613963246447e-06
51.94549,45.99369,-0.000973453007510727,45.9947082380947,4.47850872015424e-05
51.95684,45.99895,0.00428654699248909,45.9947043675891,4.09145815663569e-05
51.96818,45.99314,-0.00152345300751477,45.9946433134255,-2.01395820276675e-05
51.97952,45.99479,0.000126546992490262,45.994526725428,-0.000136727579514368
51.99086,45.99663,0.00196654699249166,45.9943626282853,-0.000300824722249556
52.00221,45.99157,-0.00309345300750863,45.9941640922628,-0.00049936074474691
52.01356,45.9944,-0.000263453007512737,45.9939471829633,-0.000716270044189879
52.02489,45.99192,-0.00274345300751122,45.9937286469188,-0.000934806088749036
52.03623,45.99387,-0.000793453007510436,45.9935238092226,-0.00113964378492401
52.04756,45.99155,-0.00311345300751498,45.9933450718471,-0.00131838116045629
52.05891,45.99361,-0.0010534530075148,45.9932012301734,-0.00146222283412854
52.07026,45.99239,-0.00227345300751125,45.9930976223961,-0.00156583061144778
52.08159,45.99389,-0.000773453007511193,45.9930369313751,-0.00162652163239996
52.09292,45.99597,0.00130654699248822,45.9930203006355,-0.00164315237200467
52.10426,45.99296,-0.00170345300751507,45.9930483506426,-0.00161510236490197
52.1156,45.99194,-0.00272345300751198,45.9931217394656,-0.00154171354192242
52.12693,45.99362,-0.00104345300751163,45.9932411008576,-0.00142235214988377
52.13824,45.99371,-0.000953453007511484,45.9934064148753,-0.00125703813217643
52.14958,45.99446,-0.000203453007515009,45.9936160045047,-0.00104744850277772
52.16092,45.99335,-0.00131345300751207,45.9938653925951,-0.00079806041243199
52.17226,45.99335,-0.00131345300751207,45.9941462733092,-0.0005171796982957
52.18362,45.99236,-0.00230345300751367,45.9944458920356,-0.000217560971872168
52.19494,45.99422,-0.000443453007513028,45.9947471373937,8.36843861544193e-05
52.20628,45.9941,-0.000563453007508485,45.9950295533677,0.000366100360205461
52.21761,45.99694,0.00227654699249058,45.9952712638176,0.000607810810090049
52.22896,45.99606,0.00139654699248837,45.9954515371799,0.000788084172427789
52.24029,45.99651,0.0018465469924891,45.9955535218294,0.000890068821913766
52.25162,45.99537,0.000706546992489621,45.9955666362785,0.000903183270996817
52.26296,45.99594,0.00127654699248581,45.9954882002153,0.000824747207784522
52.27428,45.99648,0.00181654699248668,45.9953240651644,0.000660612156850726
52.28563,45.9954,0.000736546992484932,45.9950881702119,0.000424717204350859
52.29699,45.99532,0.000656546992487961,45.9948010916579,0.000137638650378807
52.30831,45.99214,-0.00252345300751244,45.9944877980673,-0.000175654940251184
52.31963,45.99467,6.5469924876993e-06,45.9941749575971,-0.00048849541043493
52.33097,45.99183,-0.00283345300751137,45.9938882149196,-0.000775238087925797
52.34229,45.9953,0.000636546992488718,45.9936498077494,-0.00101364525810354
52.35362,45.9929,-0.00176345300751279,45.9934767449232,-0.00118670808433032
52.36497,45.994,-0.000663453007511805,45.9933796005443,-0.0012838524632213
52.37632,45.99346,-0.00120345300751268,45.9933618724056,-0.0013015806018813
52.38766,45.99334,-0.00132345300750814,45.9934198326266,-0.00124362038093098
52.39899,45.9948,0.000136546992486331,45.9935428361121,-0.00112061689539789
52.41034,45.99051,-0.00415345300751113,45.9937141092626,-0.000949343744889665
52.42167,45.99301,-0.00165345300751341,45.9939120863983,-0.00075136660916866
52.43299,45.99528,0.000616546992489475,45.9941123491669,-0.000551103840579774
52.44434,45.99589,0.00122654699249125,45.9942901104217,-0.000373342585839338
52.45568,45.99147,-0.00319345300751195,45.9944230044798,-0.000240448527730601
52.467,45.99597,0.00130654699248822,45.99449381335,-0.000169639657525421
52.47835,45.99596,0.00129654699248505,45.9944927272457,-0.000170725761850246
52.48969,45.99596,0.00129654699248505,45.9944187564542,-0.000244696553306451
52.50103,45.99665,0.0019865469924909,45.9942799597661,-0.000383493241373855
52.51236,45.99284,-0.00182345300751052,45.9940923028296,-0.000571150177935225
52.52368,45.99342,-0.00124345300751116,45.9938772455143,-0.000786207493241496
52.535,45.99244,-0.00222345300750959,45.9936584908724,-0.00100496213515608
52.54633,45.99099,-0.00367345300751509,45.9934585567713,-0.0012048962361983
52.55765,45.99176,-0.00290345300751227,45.9932958538166,-0.0013675991909096
52.56901,45.99411,-0.000553453007512417,45.9931827647736,-0.0014806882339509
52.58034,45.99559,0.000926546992488397,45.9931248930691,-0.00153855993841529
52.59167,45.99406,-0.000603453007514076,45.9931213158562,-0.00154213715135616
52.60302,45.9898,-0.00486345300750912,45.9931655008662,-0.0014979521413284
52.61436,45.99378,-0.000883453007510582,45.9932465876805,-0.00141686532705112
52.62569,45.99467,6.5469924876993e-06,45.9933508713958,-0.00131258161168768
52.63703,45.99534,0.000676546992487204,45.9934633861082,-0.0012000668993171
52.64837,45.99063,-0.00403345300750857,45.9935694533697,-0.00109399963777226
52.65972,45.99291,-0.00175345300750962,45.9936560585202,-0.0010073944873125
52.67107,45.99688,0.00221654699248575,45.9937129817406,-0.000950471266912423
52.6824,45.9921,-0.00256345300751093,45.9937336464268,-0.000929806580686379
52.69373,45.99543,0.000766546992487349,45.9937156173566,-0.000947835650947573
52.70507,45.99319,-0.00147345300751311,45.9936606719103,-0.00100278109719431
52.71639,45.99173,-0.00293345300751469,45.9935744391855,-0.00108901382197905
52.72771,45.99462,-4.34530075139605e-05,45.9934657008464,-0.00119775216109822
52.73906,45.99224,-0.00242345300750912,45.9933454899574,-0.00131796305013702
52.75042,45.99522,0.000556546992491747,45.9932260844091,-0.00143736859837426
52.76173,45.9929,-0.00176345300751279,45.9931199165449,-0.00154353646258284
52.77308,45.99391,-0.000753453007511951,45.993038386873,-0.00162506613454234
52.78439,45.9928,-0.00186345300750901,45.9929906203545,-0.00167283265296491
52.79573,45.9902,-0.00446345300751005,45.9929823169429,-0.00168113606460418
52.80706,45.99231,-0.00235345300750822,45.993014950933,-0.00164850207455006
52.81842,45.99241,-0.00225345300751201,45.9930855758262,-0.00157787718126532
52.82974,45.99583,0.00116654699248642,45.993187343337,-0.00147610967054067
52.84107,45.99382,-0.000843453007512096,45.9933106050476,-0.00135284795994835
52.85242,45.99319,-0.00147345300751311,45.9934442844688,-0.00121916853873757
52.86376,45.9931,-0.00156345300751326,45.9935772010943,-0.00108625191323114
52.87507,45.99266,-0.00200345300751081,45.9936991621666,-0.000964290840927492
52.88641,45.99582,0.00115654699249035,45.9938017729873,-0.000861680020199718
52.89776,45.9954,0.000736546992484932,45.9938789612621,-0.000784491745431405
52.90912,45.99116,-0.00350345300751087,45.9939272052338,-0.000736247773682527
52.92046,45.99445,-0.000213453007511077,45.9939454930085,-0.000717959998962492
52.93182,45.99234,-0.00232345300751291,45.9939351269409,-0.000728326066635701
52.94315,45.99322,-0.0014434530075107,45.9938995223202,-0.000763930687297535
52.95449,45.9973,0.00263654699249116,45.9938440621807,-0.000819390826783775
52.96581,45.99346,-0.00120345300751268,45.9937759122454,-0.000887540762064355
52.97714,45.99312,-0.00154345300751402,45.9937035994603,-0.000959853547187274
52.98848,45.99595,0.00128654699248898,45.9936362005642,-0.00102725244330843
52.9998,45.99234,-0.00232345300751291,45.9935821457591,-0.00108130724836215
53.01114,45.99323,-0.00143345300751463,45.9935478213427,-0.00111563166483171
53.02248,45.99139,-0.00327345300750892,45.9935362890479,-0.00112716395960042
53.03381,45.99219,-0.00247345300751078,45.9935464954915,-0.00111695751604636
53.04511,45.99491,0.000246546992485719,45.9935732786823,-0.00109017432523258
53.05643,45.99271,-0.00195345300750915,45.9936082794386,-0.00105517356890634
53.06775,45.99358,-0.00108345300751012,45.9936416109449,-0.00102184206265722
53.0791,45.99625,0.00158654699249183,45.9936639411404,-0.000999511867143054
53.09047,45.99277,-0.00189345300751143,45.9936685559708,-0.000994897036703605
53.10181,45.99174,-0.00292345300751151,45.9936529895961,-0.00101046341142648
53.11314,45.99962,0.0049565469924886,45.9936198961387,-0.00104355686885318
53.12446,45.99269,-0.0019734530075084,45.9935769534429,-0.00108649956463391
53.13581,45.99246,-0.00220345300751035,45.9935357295519,-0.00112772345560405
53.14714,45.9937,-0.000963453007514659,45.9935096518266,-0.00115380118094059
53.15849,45.99226,-0.00240345300750988,45.9935114712082,-0.00115198179930818
53.16981,45.99124,-0.0034234530075139,45.9935507780611,-0.00111267494641868
53.18115,45.99351,-0.00115345300751102,45.9936321081928,-0.00103134481466368
53.19249,45.99498,0.000316546992486622,45.9937540008264,-0.000909452181135382
53.20383,45.9938,-0.000863453007511339,45.9939091150101,-0.000754337997365441
53.21516,45.99313,-0.00153345300751084,45.9940852787852,-0.000578174222350333
53.22647,45.994,-0.000663453007511805,45.9942672186529,-0.000396234354617525
53.23781,45.99571,0.00104654699249096,45.994438684585,-0.000224768422479488
53.24916,45.99468,1.65469924908734e-05,45.9945846716315,-7.87813760449328e-05
53.26049,45.99552,0.000856546992487495,45.9946934174187,2.99644111920532e-05
53.27182,45.99458,-8.34530075124462e-05,45.9947578710868,9.44180792495685e-05
53.28317,45.99584,0.00117654699248959,45.9947764128315,0.000112959823957168
53.2945,45.99593,0.00126654699248974,45.9947527286393,8.92756318382465e-05
53.30584,45.99412,-0.000543453007509243,45.9946948820756,3.142906806577e-05
53.31716,45.99306,-0.00160345300751175,45.9946137715481,-4.96814593857902e-05
53.32847,45.99309,-0.00157345300750933,45.9945213001482,-0.000142152859299121
53.33981,45.99598,0.0013165469924914,45.9944286492964,-0.000234803711083362
53.35118,45.99303,-0.00163345300751416,45.9943449799581,-0.000318473049443951
53.36251,45.99396,-0.000703453007510291,45.9942767226979,-0.000386730309617156
53.37384,45.9948,0.000136546992486331,45.9942274581023,-0.000435994905204386
53.38518,45.99363,-0.00103345300750846,45.994198282051,-0.000465170956546368
53.39653,45.99524,0.000576546992490989,45.9941884802798,-0.000474972727684202
53.40786,45.99443,-0.00023345300751032,45.9941962918865,-0.00046716112102582
53.4192,45.99519,0.00052654699248933,45.9942195380736,-0.000443914933889161
53.43053,45.99429,-0.000373453007512126,45.9942559450467,-0.000407507960809769
53.44187,45.99427,-0.000393453007511368,45.994303094251,-0.000360358756473664
53.4532,45.99462,-4.34530075139605e-05,45.9943580643657,-0.000305388641786372
53.46452,45.99224,-0.00242345300750912,45.994416948005,-0.000246505002483152
53.47588,45.99499,0.000326546992489796,45.9944744919719,-0.000188961035606642
53.48721,45.99306,-0.00160345300751175,45.9945240945198,-0.000139358487693433
53.49854,45.99459,-7.34530075092721e-05,45.9945582896292,-0.000105163378330312
53.50989,45.99626,0.0015965469924879,45.9945696854038,-9.37676037209986e-05
53.52123,45.99314,-0.00152345300751477,45.9945521606513,-0.000111292356255445
53.53258,45.99701,0.00234654699249148,45.9945020219479,-0.000161431059625553
53.5439,45.99459,-7.34530075092721e-05,45.9944188156109,-0.000244637396597282
53.55523,45.99498,0.000316546992486622,45.9943055709422,-0.000357882065300062
53.56657,45.99361,-0.0010534530075148,45.9941684007522,-0.000495052255293007
53.5779,45.9931,-0.00156345300751326,45.9940155680518,-0.000647884955689713
53.58925,45.99358,-0.00108345300751012,45.9938562834065,-0.000807169601028213
53.6006,45.99186,-0.00280345300750895,45.9936995597629,-0.000963893244592549
53.61192,45.99329,-0.0013734530075098,45.9935533943132,-0.00111005869432159
53.62327,45.99604,0.00137654699248912,45.9934243934578,-0.00123905954971255
53.63461,45.99195,-0.0027134530075088,45.9933177676152,-0.001345685392314
53.64594,45.99519,0.00052654699248933,45.9932374855653,-0.00142596744217354
53.65728,45.99262,-0.0020434530075093,45.9931863627367,-0.00147709027076704
53.66865,45.99354,-0.0011234530075086,45.9931659545685,-0.00149749843904553
53.67999,45.99324,-0.00142345300751145,45.9931762639424,-0.0014871890651137
53.69134,45.9922,-0.00246345300751472,45.9932153904739,-0.0014480625336169
53.70267,45.99043,-0.0042334530075081,45.9932793198901,-0.00138413311742502
53.71401,45.99538,0.000716546992485689,45.9933620463967,-0.00130140661081802
53.72534,45.99413,-0.000533453007513174,45.9934561149453,-0.00120733806223422
53.73668,45.99369,-0.000973453007510727,45.9935534968586,-0.00110995614886909
53.74803,45.99265,-0.00201345300751399,45.9936465796699,-0.0010168733376085
53.75937,45.99574,0.00107654699248627,45.9937290407123,-0.000934412295205562
53.77071,45.99315,-0.0015134530075116,45.9937964485225,-0.000867004485015524
53.78204,45.99461,-5.34530075100292e-05,45.9938465200913,-0.000816932916206265
53.79337,45.99191,-0.00275345300751439,45.9938790378247,-0.000784415182781465
53.80471,45.99438,-0.00028345300751198,45.9938955030361,-0.000767949971376174
53.81606,45.99482,0.000156546992485573,45.9938986399256,-0.000764813081956379
53.82737,45.99468,1.65469924908734e-05,45.9938918388048,-0.000771614202725917
53.8387,45.99279,-0.00187345300751218,45.9938785832411,-0.000784869766422158
53.85007,45.99225,-0.00241345300751306,45.9938619115426,-0.000801541464924891
53.86142,45.99474,7.6546992488602e-05,45.9938440111475,-0.000819441859968484
53.87276,45.99228,-0.00238345300751064,45.9938260498576,-0.000837403149865275
53.88412,45.9968,0.00213654699248877,45.9938082607503,-0.000855192257163033
53.89546,45.99435,-0.000313453007514397,45.9937901734396,-0.000873279567944543
53.90681,45.9923,-0.0023634530075114,45.9937708284983,-0.000892624509239946
53.91812,45.99419,-0.00047345300750834,45.99374887895,-0.000914574057535582
53.92945,45.99205,-0.00261345300751259,45.9937226217802,-0.000940831227270784
53.9408,45.99419,-0.00047345300750834,45.9936900974506,-0.000973355556932535
53.95213,45.99416,-0.000503453007510757,45.9936493767076,-0.00101407629988226
53.96346,45.99318,-0.00148345300750918,45.9935990552705,-0.00106439773697141
53.97481,45.99203,-0.00263345300751183,45.9935388791147,-0.0011245738928518
53.98613,45.995,0.000336546992485864,45.9934703665458,-0.00119308646174735
53.99746,45.99555,0.000886546992489912,45.9933972575372,-0.00126619547026289
54.00881,45.99322,-0.0014434530075107,45.993325594055,-0.00133785895250377
54.02015,45.99342,-0.00124345300751116,45.9932632712809,-0.00140018172665367
54.03148,45.99185,-0.00281345300751212,45.9932190463497,-0.00144440665781938
54.04281,45.99194,-0.00272345300751198,45.9932011871624,-0.00146226584507862
54.05416,45.99436,-0.000303453007511223,45.9932160597339,-0.00144739327362862
54.06549,45.99552,0.000856546992487495,45.993266925478,-0.00139652752949737
54.07682,45.99118,-0.00348345300751163,45.9933531160706,-0.00131033693693308
54.08818,45.99002,-0.00464345300751035,45.9934696950932,-0.00119375791430295
54.09952,45.99448,-0.00018345300750866,45.9936077276546,-0.00105572535290498
54.11087,45.9945,-0.000163453007509418,45.9937552406667,-0.000908212340836926
54.1222,45.99564,0.000976546992490057,45.9938987727458,-0.000764680261695736
54.13354,45.99372,-0.00094345300750831,45.9940251821602,-0.000638270847322225
54.14486,45.99492,0.000256546992488893,45.9941232874369,-0.000540165570604321
54.15617,45.99551,0.000846546992491426,45.9941850100798,-0.000478442927754101
54.16751,45.99347,-0.0011934530075095,45.9942058801641,-0.000457572843446722
54.17886,45.99236,-0.00230345300751367,45.9941849582205,-0.000478494787033912
54.19022,45.99462,-4.34530075139605e-05,45.9941243744565,-0.000539078551052922
54.20155,45.9927,-0.00196345300751233,45.9940287457731,-0.000634707234406733
54.21287,45.99484,0.000176546992491922,45.9939046717404,-0.000758781267109874
54.2242,45.99473,6.65469924854278e-05,45.9937603707498,-0.000903082257746384
54.2355,45.99323,-0.00143345300751463,45.9936053878118,-0.00105806519567443
54.24684,45.99341,-0.00125345300751434,45.9934502564225,-0.0012131965849714
54.25818,45.99249,-0.00217345300751504,45.9933060325235,-0.00135742048398066
54.26953,45.99431,-0.000353453007512883,45.9931836822018,-0.00147977080570327
54.28087,45.99329,-0.0013734530075098,45.9930933358789,-0.00157011712863159
54.29221,45.99395,-0.000713453007513465,45.9930434192926,-0.00162003371493193
54.30354,45.99266,-0.00200345300751081,45.9930396873126,-0.00162376569486825
54.31485,45.99183,-0.00283345300751137,45.9930842551646,-0.00157919784290063
54.32618,45.99345,-0.00121345300750875,45.993174813993,-0.00148863901455415
54.33751,45.99165,-0.00301345300751166,45.993304265828,-0.00135918717948325
54.34885,45.99284,-0.00182345300751052,45.9934609705293,-0.00120248247821932
54.36021,45.99568,0.00101654699248854,45.9936296705596,-0.00103378244789768
54.37154,45.99384,-0.000823453007512853,45.993792996379,-0.000870456628503034
54.38288,45.99432,-0.000343453007509709,45.9939333291491,-0.000730123858385605
54.39424,45.99212,-0.00254345300751169,45.9940347737059,-0.000628679301618489
54.40557,45.99227,-0.00239345300751381,45.9940850606562,-0.000578392351299539
54.41693,45.99632,0.00165654699248563,45.9940772444966,-0.000586208510898296
54.42826,45.99667,0.00200654699249014,45.9940110017783,-0.00065245122917014
54.4396,45.99415,-0.000513453007513931,45.9938932090568,-0.000770243950735783
54.45095,45.99398,-0.000683453007511048,45.9937374597385,-0.000925993268994172
54.46228,45.99712,0.00245654699249087,45.9935623626847,-0.00110109032283946
54.47363,45.98937,-0.00529345300751061,45.9933887872758,-0.00127466573167263
54.48495,45.9914,-0.00326345300751285,45.9932365424469,-0.00142691056064636
54.49632,45.99274,-0.00192345300751384,45.9931211908539,-0.00154226215365243
54.50768,45.9921,-0.00256345300751093,45.9930517135143,-0.00161173949317235
54.51902,45.99122,-0.00344345300751314,45.9930295266503,-0.00163392635723135
54.53037,45.99455,-0.000113453007514863,45.9930490072339,-0.00161444577358857
54.54171,45.99046,-0.00420345300751279,45.9930993438296,-0.0015641091779177
54.55306,45.99692,0.00225654699249134,45.9931672592834,-0.0014961937240777
54.56438,45.9945,-0.000163453007509418,45.9932399664748,-0.00142348653271531
54.57574,45.99748,0.00281654699249145,45.9933076562309,-0.00135579677660592
54.58708,45.99043,-0.0042334530075081,45.9933649451174,-0.00129850789013622
54.59843,45.9927,-0.00196345300751233,45.9934110471245,-0.00125240588302952
54.60975,45.99306,-0.00160345300751175,45.9934488527608,-0.00121460024672717
54.62106,45.99162,-0.00304345300751407,45.9934833847789,-0.00118006822863504
54.63237,45.99564,0.000976546992490057,45.9935201299741,-0.00114332303343657
54.64369,45.99232,-0.00234345300751215,45.993563590083,-0.00109986292453796
54.65504,45.99449,-0.000173453007512592,45.9936162086596,-0.00104724434787235
54.66637,45.99393,-0.000733453007512708,45.9936777201037,-0.000985732903818356
54.67772,45.99266,-0.00200345300751081,45.9937449452573,-0.000918507750189699
54.68906,45.99188,-0.00278345300750971,45.9938120812222,-0.000851371785359301
54.70043,45.99313,-0.00153345300751084,45.9938715365082,-0.00079191649933112
54.71176,45.99499,0.000326546992489796,45.9939152822208,-0.000748170786739575
54.72309,45.99633,0.0016665469924888,45.9939365099097,-0.000726943097847079
54.73443,45.99579,0.00112654699248793,45.9939311950655,-0.000732257942046433
54.74575,45.9932,-0.00146345300750994,45.9938991142351,-0.000764338772360358
54.75708,45.99328,-0.00138345300751297,45.9938440305141,-0.000819422493367111
54.76845,45.99275,-0.00191345300751067,45.9937730595395,-0.000890393468021262
54.77979,45.99413,-0.000533453007513174,45.9936954750104,-0.000967977997116695
54.79109,45.99317,-0.00149345300751236,45.9936212931428,-0.00104215986467166
54.80243,45.99345,-0.00121345300750875,45.9935599145269,-0.00110353848058579
54.81377,45.99284,-0.00182345300751052,45.9935189965851,-0.0011444564224503
54.82512,45.99402,-0.000643453007512562,45.9935036418936,-0.00115981111388206
54.83646,45.99445,-0.000213453007511077,45.9935159200611,-0.00114753294644148
54.84779,45.99277,-0.00189345300751143,45.9935546896109,-0.00110876339662194
54.85914,45.99349,-0.00117345300751026,45.9936156695395,-0.00104778346797273
54.87049,45.99414,-0.00052345300751,45.9936917341137,-0.000971718893767932
54.88182,45.99345,-0.00121345300750875,45.993773437321,-0.000890015686467536
54.89315,45.99226,-0.00240345300750988,45.9938497818125,-0.000813671195006136
54.90447,45.99535,0.000686546992490378,45.9939092269064,-0.000754226101101747
54.91581,45.99365,-0.00101345300750921,45.9939408849309,-0.000722568076609241
54.92715,45.99361,-0.0010534530075148,45.9939357914522,-0.000727661555321326
54.93846,45.99598,0.0013165469924914,45.9938880834856,-0.00077536952196121
54.94979,45.99199,-0.00267345300751032,45.9937959150934,-0.00086753791413378
54.96113,45.99293,-0.00173345300751038,45.9936619826215,-0.0010014703859645
54.97246,45.9962,0.00153654699249017,45.9934935888218,-0.00116986418570488
54.98379,45.99384,-0.000823453007512853,45.9933022088217,-0.00136124418579809
54.99513,45.99155,-0.00311345300751498,45.9931025410621,-0.00156091194537918
55.00646,45.99414,-0.00052345300751,45.9929110911501,-0.00175236185745558
55.0178,45.99099,-0.00367345300751509,45.9927444569132,-0.00191899609428961
55.02914,45.99049,-0.00417345300751037,45.992617579698,-0.00204587330952754
55.04049,45.9962,0.00153654699249017,45.9925422224125,-0.00212123059503646
55.05182,45.99303,-0.00163345300751416,45.9925258321687,-0.0021376208387704
55.06316,45.98877,-0.00589345300750921,45.992570827328,-0.0020926256794918
55.0745,45.99358,-0.00108345300751012,45.9926743098979,-0.0019891431095677
55.08584,45.99443,-0.00023345300751032,45.9928282337141,-0.00183521929337479
55.09717,45.99252,-0.00214345300751262,45.9930200506435,-0.00164340236402808
55.10852,45.99223,-0.0024334530075123,45.9932337868258,-0.00142966618169698
55.11982,45.99238,-0.00228345300751442,45.9934514550522,-0.00121199795528792
55.13117,45.99434,-0.000323453007510466,45.9936547095052,-0.00100874350231124
55.1425,45.99576,0.00109654699248551,45.993826617468,-0.000836835539531133
55.15381,45.99218,-0.00248345300751396,45.9939533375159,-0.000710115491568737
55.16516,45.99637,0.00170654699248729,45.9940254376011,-0.000638015406376345
55.17649,45.9958,0.00113654699249111,45.9940386268374,-0.000624826170128362
55.18785,45.9911,-0.0035634530075086,45.9939937992121,-0.000669653795376407
55.1992,45.99359,-0.00107345300751405,45.9938964540186,-0.000766998988896036
55.21055,45.99318,-0.00148345300750918,45.9937557100594,-0.0009077429481212
55.22186,45.99407,-0.000593453007510902,45.9935831818199,-0.00108027118764251
55.23318,45.99428,-0.000383453007508194,45.9933918985745,-0.00127155443303669
55.24451,45.99358,-0.00108345300751012,45.9931953057479,-0.0014681472595699
55.25583,45.99259,-0.00207345300751172,45.9930063136113,-0.0016571393962093
55.26715,45.99158,-0.00308345300751256,45.9928363890619,-0.00182706394559507
55.2785,45.99426,-0.000403453007514543,45.9926947627997,-0.00196869020783436
55.28982,45.99089,-0.00377345300751131,45.9925878658382,-0.00207558716932475
55.3012,45.9929,-0.00176345300751279,45.992519088156,-0.00214436485151131
55.31252,45.99106,-0.00360345300751419,45.9924888958164,-0.00217455719109282
55.32386,45.99458,-8.34530075124462e-05,45.9924952741806,-0.00216817882689574
55.3352,45.994,-0.000663453007511805,45.9925343877321,-0.00212906527537939
55.34657,45.98956,-0.00510345300751425,45.9926012940273,-0.00206215898016636
55.35789,45.99429,-0.000373453007512126,45.9926905714555,-0.0019728815520257
55.36924,45.99152,-0.00314345300751029,45.992796801065,-0.0018666519425188
55.3806,45.99447,-0.000193453007511835,45.9929148940281,-0.00174855897943728
55.39194,45.99442,-0.000243453007513494,45.9930402388137,-0.00162321419383963
55.40328,45.99254,-0.00212345300751338,45.9931686204884,-0.00149483251906727
55.41459,45.99259,-0.00207345300751172,45.9932959184629,-0.001367534544624
55.42595,45.99211,-0.00255345300751486,45.9934177126082,-0.00124574039926189
55.43727,45.99236,-0.00230345300751367,45.9935290281958,-0.00113442481174965
55.4486,45.99315,-0.0015134530075116,45.9936244304812,-0.00103902252626751
55.45996,45.99754,0.00287654699248918,45.9936985244132,-0.000964928594324558
55.47131,45.99368,-0.000983453007513901,45.9937467116648,-0.0009167413426969
55.48263,45.99187,-0.00279345300751288,45.9937659469056,-0.000897506101873082
55.49396,45.99378,-0.000883453007510582,45.9937552976407,-0.000908155366822696
55.50527,45.99213,-0.00253345300750851,45.9937162667226,-0.000947186284940858
55.51661,45.99725,0.0025865469924895,45.9936529160417,-0.00101053696585347
55.52794,45.99233,-0.00233345300750898,45.9935717754251,-0.00109167758238062
55.5393,45.99387,-0.000793453007510436,45.9934814394126,-0.00118201359490602
55.55064,45.99485,0.00018654699248799,45.9933917676004,-0.00127168540713096
55.56199,45.99357,-0.00109345300751329,45.9933127164856,-0.00135073652194505
55.57333,45.99226,-0.00240345300750988,45.9932529765005,-0.00141047650704853
55.58468,45.9879,-0.00676345300750825,45.9932187218335,-0.00144473117404387
55.59602,45.99364,-0.00102345300751239,45.9932128476748,-0.00145060533269262
55.60736,45.99478,0.000116546992487088,45.9932349642738,-0.00142848873373059
55.61873,45.99784,0.00317654699248493,45.9932821066182,-0.00138134638935492
55.63005,45.99164,-0.00302345300751483,45.9933497799895,-0.00131367301797181
55.64138,45.99267,-0.00199345300751474,45.9934328595115,-0.00123059349603582
55.65272,45.994,-0.000663453007511805,45.9935260574002,-0.00113739560730198
55.66404,45.99527,0.000606546992486301,45.9936239611748,-0.00103949183270228
55.6754,45.99161,-0.00305345300751014,45.9937208210607,-0.000942631946807877
55.68675,45.99251,-0.00215345300750869,45.9938103152676,-0.000853137739868799
55.69807,45.99325,-0.00141345300750828,45.9938855247231,-0.000777928284413548
55.70941,45.99622,0.00155654699248942,45.9939392979187,-0.000724155088772302
55.72074,45.99161,-0.00305345300751014,45.9939650487273,-0.000698404280166581
55.73209,45.99288,-0.00178345300751204,45.9939578625389,-0.000705590468582926
55.74342,45.99798,0.00331654699248674,45.993915669565,-0.00074778344251197
55.75478,45.99392,-0.000743453007508776,45.9938401811801,-0.000823271827445834
55.76613,45.99486,0.000196546992491164,45.9937372716593,-0.000926181348252707
55.77748,45.99258,-0.00208345300751489,45.993616584721,-0.00104686828651959
55.78882,45.99395,-0.000713453007513465,45.9934903693286,-0.00117308367890376
55.80017,45.99131,-0.003353453007513,45.9933717941501,-0.00129165885745139
55.8115,45.9934,-0.00126345300751041,45.9932731273167,-0.00139032569082171
55.82285,45.99275,-0.00191345300751067,45.9932041599028,-0.00145929310473019
55.83421,45.99192,-0.00274345300751122,45.9931711339638,-0.0014923190437425
55.84554,45.99544,0.000776546992490523,45.9931762682994,-0.00148718470814173
55.85685,45.99303,-0.00163345300751416,45.9932178168004,-0.00144563620710423
55.86819,45.99311,-0.00155345300751009,45.9932904969525,-0.00137295605503025
55.87951,45.99443,-0.00023345300751032,45.99338612123,-0.0012773317775467
55.89086,45.99257,-0.00209345300751096,45.9934943375039,-0.00116911550358829
55.9022,45.99191,-0.00275345300751439,45.9936034785376,-0.00105997446988738
55.91353,45.99379,-0.000873453007514513,45.993701574602,-0.000961878405549784
55.92487,45.99361,-0.0010534530075148,45.9937775566674,-0.000885896340149493
55.93621,45.99578,0.00111654699249186,45.9938225647324,-0.000840888275106743
55.94755,45.99396,-0.000703453007510291,45.9938311360428,-0.000832316964700431
55.95893,45.99417,-0.000493453007514688,45.9938019822439,-0.000861470763620993
55.9703,45.99471,4.6546992486185e-05,45.9937381269785,-0.000925326028987346
55.98167,45.99364,-0.00102345300751239,45.9936463309999,-0.00101712200761998
55.993,45.99257,-0.00209345300751096,45.9935359082134,-0.00112754479408539
56.00433,45.99346,-0.00120345300751268,45.993417182973,-0.00124627003452765
56.01566,45.99146,-0.00320345300751512,45.9932999259818,-0.00136352702568564
56.02697,45.99354,-0.0011234530075086,45.9931921061612,-0.00147134684627921
56.0383,45.99297,-0.00169345300751189,45.9930992029672,-0.00156425004027443
56.04964,45.99189,-0.00277345300751364,45.9930241706617,-0.00163928234579247
56.06098,45.99313,-0.00153345300751084,45.992967985368,-0.00169546763955858
56.07232,45.99446,-0.000203453007515009,45.9929305717582,-0.00173288124936284
56.08366,45.9934,-0.00126345300751041,45.9929118091349,-0.00175164387265213
56.09499,45.99456,-0.000103453007511689,45.9929122790149,-0.00175117399260864
56.10634,45.99208,-0.00258345300751017,45.9929334790179,-0.00172997398956934
56.11768,45.9945,-0.000163453007509418,45.9929773954827,-0.001686057524836
56.12904,45.99223,-0.0024334530075123,45.9930455423564,-0.00161791065115178
56.14038,45.99078,-0.0038834530075107,45.9931377633363,-0.00152568967123521
56.15169,45.99203,-0.00263345300751183,45.9932512056612,-0.00141224734635414
56.16304,45.99418,-0.000483453007511514,45.9933798625831,-0.00128359042438993
56.17439,45.99138,-0.00328345300751209,45.9935149225924,-0.00114853041509189
56.18572,45.99512,0.000456546992488427,45.9936459042433,-0.00101754876420016
56.19709,45.99613,0.00146654699248927,45.993762301739,-0.000901151268486006
56.20844,45.99394,-0.000723453007509534,45.9938553089769,-0.000808144030659054
56.21978,45.99453,-0.000133453007514106,45.9939191805102,-0.000744272497330991
56.23112,45.99289,-0.00177345300750886,45.9939519343506,-0.00071151865689679
56.24247,45.99453,-0.000133453007514106,45.9939553306959,-0.00070812231160129
56.25383,45.99272,-0.00194345300751309,45.9939342498249,-0.000729203182606881
56.26516,45.99416,-0.000503453007510757,45.9938956703568,-0.000767782650693444
56.27652,45.99582,0.00115654699249035,45.9938474324352,-0.000816020572351831
56.28787,45.99387,-0.000793453007510436,45.9937969220104,-0.000866530997063873
56.29921,45.99194,-0.00272345300751198,45.993749802716,-0.000913650291483751
56.31054,45.99254,-0.00212345300751338,45.9937089831728,-0.000954469834751958
56.32188,45.99315,-0.0015134530075116,45.9936740803647,-0.000989372642859052
56.33323,45.99189,-0.00277345300751364,45.9936416108265,-0.00102184218104619
56.34456,45.99511,0.000446546992485253,45.9936059657635,-0.00105748724401593
56.35591,45.9948,0.000136546992486331,45.9935609721224,-0.00110248088512196
56.36727,45.99465,-1.34530075115435e-05,45.993501626192,-0.00116182681546296
56.37862,45.99542,0.00075654699249128,45.9934255101548,-0.00123794285275
56.38998,45.99253,-0.00213345300750944,45.9933335102324,-0.00132994277506803
56.40132,45.99089,-0.00377345300751131,45.9932297066675,-0.00143374633997883
56.41265,45.99493,0.000266546992484962,45.993120581319,-0.00154287168851973
56.424,45.99102,-0.00364345300751268,45.9930138551818,-0.00164959782574499
56.43534,45.99345,-0.00121345300750875,45.9929172717126,-0.00174618129487407
56.44667,45.99359,-0.00107345300751405,45.9928375403076,-0.00182591269991752
56.458,45.99202,-0.00264345300751501,45.9927795425312,-0.00188391047627772
56.46931,45.9922,-0.00246345300751472,45.9927458331576,-0.00191761984989523
56.48063,45.99447,-0.000193453007511835,45.992736440504,-0.00192701250348834
56.49197,45.99152,-0.00314345300751029,45.9927489635129,-0.00191448949462158
56.50332,45.99152,-0.00314345300751029,45.9927789593142,-0.00188449369332356
56.51466,45.99326,-0.00140345300751221,45.9928206101772,-0.00184284283028694
56.52599,45.99338,-0.00128345300750965,45.9928676322947,-0.00179582071282155
56.53735,45.9929,-0.00176345300751279,45.9929143185643,-0.00174913444321396
56.54869,45.99256,-0.00210345300751413,45.992956524645,-0.00170692836247949
56.56004,45.99536,0.000696546992486446,45.9929923707586,-0.0016710822489576
56.5714,45.99429,-0.000373453007512126,45.9930224597718,-0.00164099323568233
56.58272,45.99058,-0.00408345300751023,45.9930495008984,-0.00161395210911325
56.59407,45.9945,-0.000163453007509418,45.9930773804451,-0.00158607256245093
56.60542,45.99311,-0.00155345300751009,45.9931098986115,-0.00155355439602633
56.61675,45.9899,-0.00476345300751291,45.9931495115556,-0.00151394145193783
56.6281,45.99264,-0.00202345300751006,45.9931964337671,-0.00146701924038906
56.6394,45.99376,-0.000903453007509825,45.9932483679381,-0.00141508506936961
56.65075,45.9947,3.65469924901163e-05,45.9933009429509,-0.00136251005663233
56.66211,45.99272,-0.00194345300751309,45.9933487061759,-0.00131474683162475
56.67346,45.99464,-2.34530075147177e-05,45.9933863529567,-0.00127710005084188
56.6848,45.99469,2.65469924869421e-05,45.993409861967,-0.00125359104055883
56.69612,45.99062,-0.00404345300751174,45.9934173070586,-0.00124614594893116
56.70745,45.99443,-0.00023345300751032,45.9934092549119,-0.001254198095631
56.71881,45.99396,-0.000703453007510291,45.993388765263,-0.0012746877445062
56.73014,45.99348,-0.00118345300751344,45.9933610441865,-0.00130240882097461
56.74147,45.99311,-0.00155345300751009,45.9933327801968,-0.00133067281069224
56.75277,45.99515,0.000486546992490844,45.9933111878803,-0.00135226512720596
56.76411,45.99227,-0.00239345300751381,45.993302832801,-0.00136062020652783
56.77544,45.99262,-0.0020434530075093,45.9933123973557,-0.00135105565180163
56.78677,45.99267,-0.00199345300751474,45.993341635861,-0.00132181714651965
56.79812,45.99089,-0.00377345300751131,45.9933888113758,-0.00127464163170968
56.80944,45.99365,-0.00101345300750921,45.9934488500203,-0.00121460298722095
56.82079,45.99368,-0.000983453007513901,45.9935142694209,-0.00114918358661762
56.83212,45.99669,0.00202654699248939,45.9935766839506,-0.00108676905686454
56.84348,45.99441,-0.000253453007509563,45.9936284722676,-0.00103498073990286
56.85482,45.99309,-0.00157345300750933,45.9936641384596,-0.000999314547880177
56.86617,45.99207,-0.00259345300751335,45.9936810491652,-0.000982403842295575
56.87752,45.99453,-0.000133453007514106,45.9936794805211,-0.000983972486435208
56.88888,45.99579,0.00112654699248793,45.9936620903315,-0.0010013626759834
56.90022,45.99297,-0.00169345300751189,45.9936329774697,-0.00103047553784686
56.91154,45.99388,-0.000783453007514368,45.9935964951784,-0.00106695782915869
56.92285,45.98946,-0.00520345300751046,45.9935560526881,-0.00110740031936285
56.9342,45.99238,-0.00228345300751442,45.9935132329181,-0.00115022008942031
56.94551,45.99683,0.00216654699249119,45.9934675303932,-0.00119592261430072
56.95684,45.99203,-0.00263345300751183,45.9934168058868,-0.00124664712067953
56.96819,45.99426,-0.000403453007514543,45.9933582771996,-0.0013051758078648
56.97955,45.99353,-0.00113345300751178,45.9932897032076,-0.00137374979987501
56.99089,45.99316,-0.00150345300750843,45.9932104274574,-0.00145302555010301
57.00223,45.99434,-0.000323453007510466,45.9931220414598,-0.00154141154770396
57.01355,45.99384,-0.000823453007512853,45.9930285261209,-0.00163492688661198
57.0249,45.99194,-0.00272345300751198,45.9929358302249,-0.00172762278261628
57.03623,45.99325,-0.00141345300750828,45.9928509671856,-0.00181248582195185
57.04756,45.99084,-0.00382345300751297,45.9927808368925,-0.00188261611498574
57.05889,45.99406,-0.000603453007514076,45.9927310541276,-0.00193239887994344
57.07023,45.99091,-0.00375345300751206,45.9927050501392,-0.00195840286831
57.08156,45.99299,-0.00167345300751265,45.9927036245903,-0.00195982841716102
57.0929,45.99255,-0.0021134530075102,45.9927250065355,-0.00193844647203612
57.10419,45.99306,-0.00160345300751175,45.9927653669072,-0.00189808610028973
57.11551,45.99408,-0.000583453007514834,45.9928196271694,-0.00184382583814075
57.12682,45.99337,-0.00129345300751282,45.9928823542949,-0.00178109871264025
57.13814,45.99212,-0.00254345300751169,45.9929485510786,-0.00171490192888596
57.14946,45.99145,-0.00321345300751119,45.9930142411432,-0.00164921186430512
57.16082,45.99566,0.0009965469924893,45.9930768523026,-0.00158660070489787
57.17216,45.99122,-0.00344345300751314,45.9931354465468,-0.00152800646070508
57.18349,45.99295,-0.00171345300751113,45.9931908183619,-0.00147263464565962
57.19481,45.99471,4.6546992486185e-05,45.9932454375117,-0.00141801549581985
57.20613,45.99458,-8.34530075124462e-05,45.9933031838971,-0.0013602691103919
57.21745,45.99133,-0.00333345300751375,45.9933688180601,-0.00129463494738537
57.22878,45.99485,0.00018654699248799,45.9934471725388,-0.00121628046875213
57.24009,45.9939,-0.000763453007515125,45.9935421381294,-0.0011213148781432
57.25145,45.99229,-0.00237345300751457,45.9936556057734,-0.0010078472340794
57.2628,45.9921,-0.00256345300751093,45.9937865710538,-0.000876881953679263
57.27411,45.99625,0.00158654699249183,45.9939306103614,-0.000732842646123655
57.28544,45.99187,-0.00279345300751288,45.9940798835394,-0.00058356946811132
57.29678,45.99575,0.00108654699248945,45.9942237107859,-0.000439742221626574
57.30812,45.99337,-0.00129345300751282,45.9943496655302,-0.000313787477353877
57.31948,45.99246,-0.00220345300751035,45.9944450621932,-0.00021839081436014
57.3308,45.99701,0.00234654699249148,45.9944986758802,-0.0001647771273072
57.34217,45.99473,6.65469924854278e-05,45.9945024681907,-0.000160984816779755
57.35352,45.99474,7.6546992488602e-05,45.9944530195392,-0.000210433468318022
57.36487,45.99583,0.00116654699248642,45.9943523510957,-0.000311101911765707
57.37622,45.99409,-0.00057345300751166,45.9942079074041,-0.000455545603441214
57.38754,45.99524,0.000576546992490989,45.9940316389274,-0.000631814080144828
57.39888,45.99283,-0.0018334530075137,45.9938383162658,-0.000825136741727053
57.41024,45.99227,-0.00239345300751381,45.9936433863525,-0.00102006665499474
57.42159,45.99153,-0.00313345300751422,45.9934608060822,-0.00120264692527544
57.43291,45.99374,-0.000923453007509067,45.9933013020177,-0.00136215098981812
57.44426,45.99384,-0.000823453007512853,45.9931713713714,-0.00149208163614953
57.45558,45.99293,-0.00173345300751038,45.9930731089114,-0.00159034409612242
57.46693,45.99314,-0.00152345300751477,45.9930047364097,-0.00165871659780001
57.47826,45.99189,-0.00277345300751364,45.9929616127013,-0.00170184030618732
57.48963,45.993,-0.00166345300750947,45.9929374942292,-0.00172595877832498
57.50098,45.99567,0.00100654699248537,45.9929258200367,-0.00173763297081085
57.51231,45.99284,-0.00182345300751052,45.9929207790183,-0.00174267398924159
57.52367,45.99412,-0.000543453007509243,45.9929179340554,-0.00174551895207022
57.535,45.99184,-0.00282345300750819,45.9929142964674,-0.00174915654013313
57.54633,45.99247,-0.00219345300751428,45.9929079502024,-0.00175550280507454
57.55763,45.9894,-0.00526345300750819,45.9928975145701,-0.00176593843744108
57.56896,45.99444,-0.000223453007514252,45.9928817972737,-0.00178165573380899
57.58031,45.99104,-0.00362345300751343,45.992859879192,-0.0018035738155231
57.59161,45.99551,0.000846546992491426,45.9928316304358,-0.00183182257175824
57.60294,45.99373,-0.000933453007512242,45.9927984019746,-0.00186505103291022
57.61428,45.99378,-0.000883453007510582,45.9927634992742,-0.00189995373335897
57.62563,45.99467,6.5469924876993e-06,45.9927320924027,-0.00193136060482131
57.63695,45.99011,-0.0045534530075102,45.992710431552,-0.0019530214554636
57.6483,45.99075,-0.00391345300751311,45.9927045257115,-0.00195892729601712
57.65964,45.99344,-0.00122345300751192,45.9927186697389,-0.00194478326856538
57.67098,45.99276,-0.0019034530075146,45.9927542533036,-0.00190919970387674
57.68232,45.99377,-0.000893453007513756,45.9928091492282,-0.00185430377933422
57.69366,45.98925,-0.00541345300751317,45.9928777861457,-0.00178566686178187
57.70501,45.99373,-0.000933453007512242,45.9929518820495,-0.00171157095805485
57.71633,45.99317,-0.00149345300751236,45.9930217334188,-0.00164171958874735
57.72768,45.99654,0.00187654699249151,45.9930778363047,-0.00158561670279414
57.73905,45.99311,-0.00155345300751009,45.9931124824866,-0.00155097052092154
57.75036,45.99156,-0.0031034530075118,45.9931209546565,-0.00154249835105725
57.76169,45.99384,-0.000823453007512853,45.9931021014695,-0.00156135153804945
57.77303,45.99249,-0.00217345300751504,45.9930583005331,-0.00160515247438583
57.78439,45.99345,-0.00121345300750875,45.9929949604731,-0.00166849253436436
57.79575,45.99375,-0.000913453007512999,45.9929197346041,-0.00174371840338495
57.80709,45.99007,-0.00459345300750869,45.9928415931282,-0.00182185987930681
57.81842,45.9926,-0.00206345300750854,45.9927698871683,-0.00189356583926236
57.82977,45.99485,0.00018654699248799,45.9927135135117,-0.00194993949582428
57.84111,45.99325,-0.00141345300750828,45.9926802113739,-0.00198324163359016
57.85244,45.99326,-0.00140345300751221,45.9926759307284,-0.00198752227906778
57.86379,45.99134,-0.00332345300751058,45.9927042096798,-0.00195924332766804
57.87514,45.9918,-0.00286345300751378,45.9927656152642,-0.00189783774334968
57.88645,45.99086,-0.00380345300751372,45.992857432547,-0.00180602046048484
57.89778,45.99384,-0.000823453007512853,45.9929737978591,-0.00168965514840731
57.90913,45.99566,0.0009965469924893,45.9931063280417,-0.0015571249658444
57.92048,45.99267,-0.00199345300751474,45.9932450893036,-0.0014183637039122
57.93183,45.99473,6.65469924854278e-05,45.9933796277749,-0.00128382523262366
57.94319,45.99243,-0.00223345300751276,45.9934998368756,-0.00116361613187533
57.95452,45.99192,-0.00274345300751122,45.9935966105953,-0.00106684241225539
57.96585,45.99551,0.000846546992491426,45.9936623908961,-0.00100106211138745
57.97722,45.98974,-0.00492345300751396,45.9936917646199,-0.000971688387649476
57.98856,45.99364,-0.00102345300751239,45.9936821903405,-0.000981262667017703
57.9999,45.99885,0.00418654699248577,45.9936347768669,-0.00102867614061773
58.01127,45.99283,-0.0018334530075137,45.9935548521243,-0.00110860088323853
58.0226,45.99456,-0.000103453007511689,45.9934519636382,-0.00121148936930173
58.03393,45.99272,-0.00194345300751309,45.9933390544969,-0.00132439851065138
58.04525,45.99197,-0.00269345300750956,45.9932308339266,-0.00143261908086737
58.05658,45.99404,-0.000623453007513319,45.9931416330301,-0.00152181997742441
58.0679,45.99284,-0.00182345300751052,45.9930831639217,-0.00158028908582778
58.07923,45.99204,-0.00262345300750866,45.9930625913138,-0.0016008616937618
58.09058,45.99206,-0.00260345300750942,45.9930812613793,-0.00158219162819162
58.10196,45.99155,-0.00311345300751498,45.993134356647,-0.00152909636046816
58.1133,45.99332,-0.00134345300751448,45.9932116305719,-0.0014518224356224
58.1246,45.99297,-0.00169345300751189,45.9932991858339,-0.00136426717362558
58.13593,45.99409,-0.00057345300751166,45.9933820206186,-0.00128143238894642
58.14728,45.99467,6.5469924876993e-06,45.9934468529579,-0.00121660004957499
58.15863,45.9972,0.00253654699248784,45.9934846192254,-0.00117883378213735
58.16996,45.99314,-0.00152345300751477,45.9934920790123,-0.00117137399516168
58.18131,45.99216,-0.0025034530075132,45.9934721670764,-0.00119128593109024
58.19267,45.99501,0.000346546992489039,45.9934330692798,-0.00123038372772766
58.20402,45.99172,-0.00294345300751075,45.9933863309743,-0.00127712203324623
58.21535,45.99091,-0.00375345300751206,45.9933445026588,-0.00131895034866997
58.22668,45.99467,6.5469924876993e-06,45.9933188569658,-0.00134459604167225
58.23804,45.9917,-0.00296345300751,45.993317606948,-0.00134584605951588
58.24937,45.99314,-0.00152345300751477,45.9933448615678,-0.00131859143967596
58.26071,45.99527,0.000606546992486301,45.9934003337288,-0.00126311927874463
58.27206,45.99385,-0.000813453007509679,45.9934796416782,-0.00118381132932153
58.28341,45.99545,0.000786546992486592,45.9935749653921,-0.00108848761544557
58.29476,45.99041,-0.00425345300751445,45.9936758621224,-0.000987590885093973
58.3061,45.99288,-0.00178345300751204,45.9937701873575,-0.000893265650046802
58.31743,45.99358,-0.00108345300751012,45.9938451993152,-0.000818253692324033
58.32879,45.99577,0.00110654699248869,45.9938889174006,-0.000774535606909339
58.34012,45.99337,-0.00129345300751282,45.9938916491639,-0.000771803843595574
58.35144,45.99397,-0.000693453007514222,45.9938474302041,-0.000816022803440765
58.36277,45.99635,0.00168654699248805,45.9937550660764,-0.00090838693108319
58.3741,45.99219,-0.00247345300751078,45.9936185328129,-0.00104492019463824
58.38541,45.99449,-0.000173453007512592,45.9934466252818,-0.00121682772571237
58.39672,45.99309,-0.00157345300750933,45.9932518999364,-0.0014115530711221
58.40807,45.99169,-0.00297345300751317,45.9930491077854,-0.00161434522210597
58.41941,45.99176,-0.00290345300751227,45.9928534109825,-0.00181004202502221
58.43074,45.99439,-0.000273453007508806,45.9926786896733,-0.00198476333424001
58.44206,45.99169,-0.00297345300751317,45.9925361729978,-0.00212728000974386
58.4534,45.99281,-0.00185345300751294,45.9924335138706,-0.0022299391368913
58.46474,45.99126,-0.00340345300751466,45.9923743430252,-0.00228910998232471
58.4761,45.99208,-0.00258345300751017,45.9923583093483,-0.00230514365923257
58.48745,45.99272,-0.00194345300751309,45.9923815947068,-0.00228185830071796
58.49879,45.99156,-0.0031034530075118,45.9924378345256,-0.00222561848193235
58.51014,45.99408,-0.000583453007514834,45.9925192875272,-0.00214416548027
58.52148,45.99331,-0.00135345300751055,45.9926180220464,-0.00204543096111327
58.53279,45.99316,-0.00150345300750843,45.9927268637886,-0.00193658921886302
58.54413,45.99251,-0.00215345300750869,45.9928399062879,-0.00182354671960801
58.55547,45.99479,0.000126546992490262,45.9929525136887,-0.00171093931878286
58.56683,45.99099,-0.00367345300751509,45.9930609014841,-0.00160255152345242
58.57816,45.99112,-0.00354345300750936,45.993161513792,-0.00150193921555205
58.5895,45.99469,2.65469924869421e-05,45.993250484374,-0.00141296863356084
58.60083,45.9926,-0.00206345300750854,45.9933234322094,-0.00134002079807208
58.61217,45.99335,-0.00131345300751207,45.9933757022869,-0.00128775072064084
58.6235,45.99294,-0.00172345300751431,45.9934029967653,-0.00126045624218047
58.63485,45.99451,-0.000153453007513349,45.9934022301758,-0.00126122283173817
58.64619,45.99328,-0.00138345300751297,45.9933723898428,-0.00129106316475048
58.65755,45.99421,-0.000453453007509097,45.9933151659715,-0.00134828703601346
58.66887,45.99376,-0.000903453007509825,45.9932351406813,-0.00142831232617563
58.68021,45.99472,5.65469924893591e-05,45.9931394049707,-0.00152404803680884
58.69156,45.99314,-0.00152345300751477,45.9930366042025,-0.00162684880499836
58.7029,45.98925,-0.00541345300751317,45.992935584385,-0.00172786862250283
58.71424,45.99232,-0.00234345300751215,45.9928439815753,-0.00181947143218324
58.72559,45.99268,-0.00198345300751157,45.9927671671243,-0.00189628588316946
58.73693,45.99287,-0.00179345300750811,45.9927078465926,-0.00195560641488145
58.74829,45.99373,-0.000933453007512242,45.9926663537877,-0.00199709921976914
58.75964,45.99306,-0.00160345300751175,45.992641440284,-0.00202201272355256
58.77095,45.99235,-0.00231345300750974,45.9926312566951,-0.00203219631243408
58.7823,45.99197,-0.00269345300750956,45.9926342559521,-0.00202919705542842
58.79364,45.99507,0.000406546992486767,45.9926498436395,-0.0020136093680495
58.80495,45.9916,-0.00306345300751332,45.992678684459,-0.00198476854854713
58.81631,45.99101,-0.00365345300750874,45.9927226345619,-0.00194081844559342
58.82765,45.99532,0.000656546992487961,45.9927843272224,-0.00187912578514206
58.83897,45.99341,-0.00125345300751434,45.9928664848195,-0.00179696818796637
58.85033,45.99249,-0.00217345300751504,45.9929710505718,-0.00169240243575243
58.86166,45.99043,-0.0042334530075081,45.9930982694227,-0.00156518358477213
58.87298,45.99502,0.000356546992485107,45.9932459219634,-0.00141753104409552
58.88432,45.99095,-0.00371345300751358,45.9934089549687,-0.00125449803881912
58.89566,45.99438,-0.00028345300751198,45.9935796796786,-0.00108377332888145
58.90702,45.99436,-0.000303453007511223,45.993748551758,-0.000914901249522634
58.91836,45.99328,-0.00138345300751297,45.9939053891928,-0.000758063814726401
58.92969,45.99312,-0.00154345300751402,45.9940407797654,-0.000622673242126478
58.94104,45.99828,0.00361654699248959,45.9941473852279,-0.000516067779597694
58.95239,45.99455,-0.000113453007514863,45.994220852472,-0.000442600535546931
58.96374,45.99334,-0.00132345300750814,45.9942601091446,-0.000403343862941986
58.97505,45.99433,-0.00033345300751364,45.9942669921726,-0.000396460834889728
58.9864,45.99149,-0.00317345300751271,45.9942453964269,-0.000418056580615999
58.99775,45.99447,-0.000193453007511835,45.9942002993688,-0.000463153638744116
59.00909,45.9939,-0.000763453007515125,45.9941370065336,-0.00052644647389825
59.02045,45.99479,0.000126546992490262,45.9940607930787,-0.000602659928805694
59.03177,45.99353,-0.00113345300751178,45.9939769019451,-0.000686551062380192
59.04312,45.99419,-0.00047345300750834,45.993890708162,-0.000772744845487424
59.05444,45.9957,0.00103654699248779,45.9938078075555,-0.000855645451975158
59.06576,45.9965,0.00183654699248592,45.9937338152791,-0.000929637728366676
59.07708,45.99051,-0.00415345300751113,45.993673760055,-0.000989692952512811
59.08841,45.99254,-0.00212345300751338,45.9936311495692,-0.00103230343831384
59.09972,45.99325,-0.00141345300750828,45.9936070027045,-0.001056450303002
59.11106,45.99193,-0.00273345300750805,45.9935992468157,-0.00106420619182947
59.12239,45.99447,-0.000193453007511835,45.9936027731553,-0.00106067985221132
59.13374,45.994,-0.000663453007511805,45.9936102006541,-0.00105325235336627
59.14504,45.99408,-0.000583453007514834,45.9936131595461,-0.00105029346144815
59.15639,45.99443,-0.00023345300751032,45.9936037673657,-0.00105968564176439
59.16771,45.99382,-0.000843453007512096,45.9935759556015,-0.00108749740598803
59.17905,45.99407,-0.000593453007510902,45.9935263902084,-0.00113706279908375
59.19038,45.99181,-0.00285345300751061,45.9934548626182,-0.00120859038926839
59.20173,45.99478,0.000116546992487088,45.9933641573647,-0.00129929564277218
59.21307,45.9934,-0.00126345300751041,45.9932594866198,-0.00140396638767709
59.22439,45.99379,-0.000873453007514513,45.993147613147,-0.00151583986047972
59.23575,45.99093,-0.00373345300751282,45.9930358002503,-0.00162765275725341
59.24709,45.99152,-0.00314345300751029,45.9929307632738,-0.00173268973366321
59.25843,45.99485,0.00018654699248799,45.9928378142047,-0.00182563880284736
59.26976,45.9941,-0.000563453007508485,45.9927603245623,-0.00190312844516706
59.28111,45.99085,-0.00381345300750979,45.9926995085705,-0.00196394443705317
59.29241,45.993,-0.00166345300750947,45.9926544619231,-0.00200899108440273
59.30375,45.99062,-0.00404345300751174,45.9926224269647,-0.00204102604279707
59.31506,45.99382,-0.000843453007512096,45.9925993015239,-0.00206415148361551
59.3264,45.99516,0.000496546992486913,45.9925803690528,-0.00208308395468783
59.33772,45.98975,-0.00491345300751078,45.9925611313435,-0.00210232166405207
59.34907,45.99289,-0.00177345300750886,45.9925380793681,-0.00212537363943072
59.36042,45.9944,-0.000263453007512737,45.9925092819268,-0.00215417108073656
59.37177,45.99227,-0.00239345300751381,45.9924747392607,-0.00218871374679761
59.38314,45.99006,-0.00460345300751186,45.9924364872228,-0.00222696578469378
59.39445,45.99192,-0.00274345300751122,45.9923984683501,-0.00226498465745886
59.40577,45.99573,0.0010665469924902,45.9923662046511,-0.00229724835637177
59.4171,45.99275,-0.00191345300751067,45.99234626534,-0.00231718766750306
59.42844,45.99234,-0.00232345300751291,45.9923454628553,-0.0023179901521614
59.43977,45.98998,-0.00468345300750883,45.9923697551134,-0.00229369789409634
59.45111,45.99374,-0.000923453007509067,45.9924229942393,-0.00224045876816318
59.46245,45.99143,-0.00323345300751043,45.9925058013879,-0.00215765161964919
59.47376,45.99205,-0.00261345300751259,45.9926148517756,-0.00204860123185931
59.48507,45.99187,-0.00279345300751288,45.9927427529257,-0.00192070008176626
59.49641,45.99452,-0.000143453007510175,45.9928785704265,-0.0017848825810541
59.50778,45.99275,-0.00191345300751067,45.9930089326528,-0.00165452035470907
59.51914,45.99221,-0.00245345300751154,45.9931195488457,-0.00154390416185436
59.53047,45.99261,-0.00205345300751247,45.9931969331172,-0.00146651989030246
59.54183,45.99551,0.000846546992491426,45.9932301275445,-0.00143332546305588
59.55318,45.99232,-0.00234345300751215,45.9932122106039,-0.00145124240360333
59.56452,45.99463,-3.34530075107864e-05,45.993141361266,-0.00152209174151186
59.57587,45.99368,-0.000983453007513901,45.9930212802467,-0.00164217276084678
59.58721,45.99195,-0.0027134530075088,45.992860876873,-0.00180257613449226
59.59855,45.99084,-0.00382345300751297,45.992673277857,-0.00199017515049781
59.60986,45.99538,0.000716546992485689,45.9924743380004,-0.0021891150071532
59.6212,45.9921,-0.00256345300751093,45.9922808801709,-0.00238257283659998
59.63254,45.98996,-0.00470345300750807,45.9921088753892,-0.00255457761831934
59.64386,45.99239,-0.00227345300751125,45.991971763932,-0.00269168907552482
59.6552,45.99176,-0.00290345300751227,45.9918791348236,-0.00278431818388894
59.66654,45.99015,-0.00451345300751171,45.9918359599258,-0.00282749308167485
59.67786,45.99194,-0.00272345300751198,45.9918424816225,-0.00282097138498424
59.68921,45.99454,-0.000123453007510932,45.9918947149391,-0.00276873806838917
59.70055,45.99144,-0.00322345300751437,45.9919853983382,-0.00267805466931223
59.71189,45.99085,-0.00381345300750979,45.992105165136,-0.00255828787146947
59.72324,45.99213,-0.00253345300750851,45.9922437438915,-0.00241970911596467
59.73457,45.99291,-0.00175345300750962,45.9923910809021,-0.0022723721054189
59.74592,45.99351,-0.00115345300751102,45.9925383118611,-0.00212514114636757
59.75726,45.99389,-0.000773453007511193,45.9926784787197,-0.00198497428777231
59.76861,45.99189,-0.00277345300751364,45.992806879824,-0.001856573183541
59.77995,45.99129,-0.00337345300751224,45.9929210213844,-0.00174243162308727
59.79128,45.994,-0.000663453007511805,45.9930202635141,-0.00164318949340525
59.80262,45.99295,-0.00171345300751113,45.9931053227868,-0.00155813022068913
59.81397,45.99347,-0.0011934530075095,45.9931777602135,-0.00148569279397256
59.82533,45.99389,-0.000773453007511193,45.9932395064932,-0.00142394651432747
59.83667,45.99179,-0.00287345300750985,45.9932924382273,-0.00137101478015972
59.848,45.99387,-0.000793453007510436,45.9933380356677,-0.0013254173397888
59.85935,45.99344,-0.00122345300751192,45.9933771789501,-0.00128627405740843
59.87072,45.99275,-0.00191345300751067,45.9934101335422,-0.00125331946530896
59.88208,45.99396,-0.000703453007510291,45.9934367380683,-0.00122671493925674
59.89341,45.99295,-0.00171345300751113,45.9934567659626,-0.00120668704493895
59.90475,45.99243,-0.00223345300751276,45.9934703995165,-0.00119305349097972
59.91608,45.99543,0.000766546992487349,45.9934787213018,-0.00118473170568978
59.92739,45.99373,-0.000933453007512242,45.993484086582,-0.00117936642549408
59.93872,45.99493,0.000266546992484962,45.9934902140107,-0.00117323899682292
59.95008,45.99199,-0.00267345300751032,45.9935018698733,-0.00116158313425716
59.96143,45.99369,-0.000973453007510727,45.9935241423472,-0.00113931066030887
59.97278,45.99392,-0.000743453007508776,45.9935614499468,-0.00110200306067252
59.98415,45.99284,-0.00182345300751052,45.9936165193073,-0.00104693370021151
59.99551,45.99298,-0.00168345300750872,45.9936895770194,-0.000973875988117212
60.00688,45.99252,-0.00214345300751262,45.9937779589227,-0.000885494084770794
60.01819,45.99396,-0.000703453007510291,45.9938762635352,-0.00078718947226558
60.02953,45.99574,0.00107654699248627,45.9939770517734,-0.00068640123414969
60.04088,45.99312,-0.00154345300751402,45.9940719425186,-0.00059151048887116
60.05223,45.99569,0.00102654699249172,45.994152844832,-0.0005106081755371
60.06354,45.99467,6.5469924876993e-06,45.994213061567,-0.000450391440467101
60.07487,45.99308,-0.0015834530075125,45.9942480859347,-0.000415367072850111
60.08621,45.99297,-0.00169345300751189,45.9942560360885,-0.000407416918978646
60.09755,45.99368,-0.000983453007513901,45.9942377667381,-0.000425686269452794
60.10889,45.99915,0.00448654699248863,45.994196701947,-0.000466751060554913
60.12022,45.99421,-0.000453453007509097,45.9941383594033,-0.000525093604245461
60.13153,45.99015,-0.00451345300751171,45.9940695064402,-0.000593946567350789
60.14285,45.99445,-0.000213453007511077,45.9939970094064,-0.000666443601090697
60.15417,45.99436,-0.000303453007511223,45.9939266244393,-0.000736828568251803
60.16551,45.99315,-0.0015134530075116,45.9938620342855,-0.000801418721980038
60.17682,45.99358,-0.00108345300751012,45.9938043190059,-0.000859134001591079
60.18817,45.99606,0.00139654699248837,45.9937518918106,-0.000911561196949143
60.19952,45.99079,-0.00387345300751463,45.9937008439465,-0.000962609060974478
60.21084,45.99454,-0.000123453007510932,45.9936456265514,-0.00101782645611693
60.22216,45.992,-0.00266345300751425,45.9935800079701,-0.00108344503743619
60.23349,45.99524,0.000576546992490989,45.9934982275107,-0.00116522549680961
60.2448,45.99403,-0.000633453007509388,45.9933961941665,-0.00126725884104833
60.25612,45.99268,-0.00198345300751157,45.9932724976876,-0.00139095531989148
60.26745,45.99539,0.000726546992488863,45.9931289872771,-0.0015344657304453
60.27877,45.99189,-0.00277345300751364,45.9929707542206,-0.00169269878692716
60.29011,45.99281,-0.00185345300751294,45.9928054909663,-0.00185796204124534
