time_s,capacitance_raw_pF,capacitance_zero_mean_pF,capacitance_filtered_pF,capacitance_filtered_zero_mean_pF
0.00155,45.39753,0.0787667678381609,45.3972780068323,0.078514774670453
0.01282,45.4011,0.0823367678381572,45.3961074144716,0.0773441823097519
0.02412,45.3905,0.0717367678381606,45.3948703088629,0.0761070767010575
0.03541,45.39083,0.0720667678381588,45.3935241707229,0.07476093856108
0.04669,45.39099,0.0722267678381598,45.3920443354443,0.0732811032824405
0.05801,45.40169,0.0829267678381598,45.3904272376197,0.0716640054578591
0.06931,45.38834,0.0695767678381571,45.388691535815,0.0699283036531973
0.08062,45.38632,0.0675567678381555,45.3868765473966,0.0681133152347659
0.09193,45.38463,0.065866767838159,45.3850377620116,0.0662745298497869
0.10323,45.38334,0.0645767678381546,45.3832398439587,0.0644766117969025
0.11452,45.38229,0.0635267678381553,45.3815480921574,0.0627848599955629
0.1258,45.38242,0.063656767838161,45.3800195827344,0.061256350572571
0.1371,45.36783,0.0490667678381556,45.3786952786578,0.0599320464959198
0.1484,45.37526,0.0564967678381549,45.377594387062,0.0588311549002059
0.15968,45.3734,0.0546367678381543,45.3767120800155,0.0579488478537026
0.171,45.37456,0.0557967678381601,45.3760211539866,0.0572579218247599
0.18231,45.38537,0.0666067678381594,45.3754772934433,0.0567140612814206
0.19362,45.37668,0.057916767838158,45.3750266788874,0.0562634467255282
0.20494,45.37174,0.0529767678381603,45.3746141959896,0.0558509638277964
0.21624,45.37887,0.0601067678381568,45.3741906606554,0.0554274284935919
0.22754,45.37037,0.0516067678381589,45.3737180606756,0.0549548285137997
0.23885,45.37976,0.0609967678381551,45.3731724171742,0.0544091850123525
0.25015,45.36868,0.0499167678381554,45.3725442751012,0.0537810429393306
0.26147,45.37302,0.0542567678381545,45.3718371145343,0.0530738823724698
0.27278,45.37014,0.0513767678381569,45.3710642370799,0.0523010049181079
0.28408,45.36731,0.048546767838161,45.370244889563,0.0514816574011556
0.29536,45.36708,0.0483167678381591,45.3694004461346,0.0506372139727885
0.30667,45.3675,0.0487367678381574,45.3685513331642,0.0497881010023575
0.31796,45.37021,0.0514467678381578,45.3677150606954,0.0489518285335268
0.32927,45.37134,0.0525767678381541,45.3669053041022,0.0481420719403165
0.34057,45.36384,0.0450767678381609,45.3661316476507,0.0473684154888412
0.35188,45.36642,0.0476567678381556,45.3653995519743,0.046636319812477
0.36317,45.36657,0.0478067678381606,45.3647103492109,0.0459471170490698
0.37448,45.35483,0.0360667678381574,45.3640614038917,0.0452981717298806
0.38579,45.36392,0.0451567678381579,45.3634467780954,0.0446835459335474
0.3971,45.36749,0.0487267678381542,45.3628586739104,0.0440954417485609
0.40843,45.36327,0.0445067678381577,45.362289592506,0.0435263603441667
0.41974,45.36137,0.0426067678381585,45.361734750518,0.0429715183561324
0.43104,45.35596,0.0371967678381608,45.3611941331046,0.0424309009427252
0.44231,45.36767,0.0489067678381545,45.3606736922566,0.0419104600947697
0.45361,45.36251,0.043746767838158,45.3601853748905,0.0414221427286653
0.46494,45.36019,0.0414267678381606,45.3597457479116,0.0409825157497497
0.47627,45.36189,0.0431267678381602,45.3593731420754,0.040609909913587
0.48758,45.35615,0.0373867678381572,45.3590836295704,0.0403203974085945
0.49891,45.35208,0.0333167678381585,45.3588866665013,0.0401234343394768
0.5102,45.35725,0.0384867678381582,45.3587815796645,0.0400183475026669
0.52148,45.35563,0.0368667678381556,45.3587560185269,0.0399927863650502
0.53277,45.35915,0.0403867678381573,45.3587869726991,0.0400237405372394
0.5441,45.36172,0.0429567678381559,45.3588441531192,0.0400809209573761
0.5554,45.36986,0.0510967678381604,45.3588947890309,0.0401315568690466
0.56671,45.35423,0.0354667678381588,45.3589085287598,0.0401452965979884
0.57802,45.35515,0.0363867678381595,45.3588613262799,0.0400980941180455
0.58932,45.35579,0.0370267678381566,45.358737815228,0.0399745830661156
0.60064,45.36573,0.0469667678381569,45.3585322527635,0.0397690206016612
0.61196,45.35932,0.0405567678381544,45.3582482637594,0.0394850315975181
0.62328,45.35747,0.038706767838157,45.3578974549508,0.0391342227889748
0.63457,45.35892,0.0401567678381554,45.3574969429209,0.0387337107590409
0.64589,45.35277,0.0340067678381573,45.3570661285813,0.0383028964194518
0.6572,45.35208,0.0333167678381585,45.356623421409,0.0378601892471821
0.66851,45.35432,0.035556767838159,45.3561837542576,0.0374205220957781
0.6798,45.36043,0.0416667678381586,45.3557574909758,0.0369942588139178
0.6911,45.35705,0.0382867678381587,45.3553507978244,0.0365875656625383
0.70239,45.35271,0.0339467678381595,45.354967020025,0.0362037878631726
0.71367,45.35561,0.0368467678381563,45.3546083833592,0.0358451511973472
0.72494,45.35427,0.0355067678381573,45.3542774530727,0.0355142209108278
0.73622,45.35679,0.0380267678381543,45.3539779929407,0.0352147607788779
0.74755,45.35667,0.0379067678381588,45.3537150096734,0.0349517775115697
0.75887,45.35066,0.0318967678381554,45.353493905851,0.0347306736891491
0.77018,45.35075,0.0319867678381556,45.3533189118159,0.0345556796540824
0.7815,45.35307,0.0343067678381601,45.3531912667407,0.0344280345788219
0.79281,45.35028,0.0315167678381556,45.3531077675161,0.0343445353542161
0.80412,45.35685,0.0380867678381591,45.3530601733668,0.034296941204928
0.81543,45.35125,0.032486767838158,45.353035635502,0.0342724033401341
0.82672,45.3525,0.0337367678381568,45.3530180227209,0.0342547905590104
0.83803,45.35024,0.0314767678381571,45.3529898593305,0.0342266271686826
0.84932,45.35736,0.0385967678381576,45.3529345348357,0.0341713026738776
0.86064,45.35708,0.0383167678381611,45.3528383770908,0.0340751449289441
0.87194,45.35187,0.0331067678381558,45.3526921259723,0.0339288938104138
0.88327,45.34949,0.0307267678381606,45.3524914684692,0.0337282363073698
0.89458,45.35416,0.0353967678381579,45.3522366502844,0.033473418122597
0.90588,45.34634,0.0275767678381555,45.351931553306,0.0331683211441952
0.91717,45.34923,0.0304667678381563,45.3515827598827,0.0328195277208998
0.92845,45.35798,0.0392167678381554,45.351198943341,0.0324357111791305
0.93976,45.35342,0.0346567678381575,45.3507905513326,0.0320273191707472
0.95106,45.34825,0.0294867678381578,45.3503694274654,0.031606195303542
0.96234,45.34892,0.0301567678381574,45.349948001962,0.0311847698001647
0.97366,45.35232,0.0335567678381565,45.3495379902528,0.0307747580909248
0.98497,45.34344,0.0246767678381588,45.3491488936729,0.0303856615110849
0.99627,45.3518,0.0330367678381549,45.3487867520637,0.0300235199018213
1.00757,45.34558,0.0268167678381559,45.3484535455275,0.0296903133656583
1.01885,45.34545,0.0266867678381573,45.3481474723283,0.0293842401664446
1.03016,45.35054,0.03177676783816,45.3478640915098,0.0291008593479156
1.04148,45.35125,0.032486767838158,45.3475980419863,0.0288348098244408
1.0528,45.34589,0.0271267678381548,45.3473448094291,0.0285815772672242
1.06412,45.34946,0.0306967678381582,45.3471019405642,0.0283387084023584
1.07541,45.34995,0.0311867678381574,45.3468692797409,0.0281060475790303
1.08674,45.34097,0.0222067678381563,45.3466481461874,0.0278849140255489
1.09806,45.35108,0.0323167678381608,45.3464397327415,0.0276765005796863
1.10936,45.34397,0.0252067678381565,45.3462432840283,0.0274800518664378
1.12065,45.3401,0.0213367678381573,45.3460547508692,0.0272915187073118
1.13195,45.34219,0.0234267678381599,45.3458665935738,0.0271033614119308
1.14327,45.34573,0.0269667678381609,45.3456691734824,0.0269059413205728
1.15459,45.34821,0.0294467678381594,45.3454536631827,0.0266904310209029
1.16591,45.35199,0.0332267678381584,45.3452157133361,0.0264524811743056
1.17722,45.35069,0.0319267678381578,45.3449585852695,0.0261953531076839
1.18855,45.34364,0.0248767678381583,45.3446944660732,0.0259312339113772
1.19987,45.34193,0.0231667678381555,45.3444433101972,0.025680078035373
1.2112,45.33884,0.0200767678381553,45.3442294948829,0.0254662627210314
1.2225,45.34604,0.0272767678381598,45.3440773263011,0.0253140941392126
1.2338,45.34385,0.025086767838161,45.3440066336249,0.0252434014630327
1.24511,45.33737,0.0186067678381576,45.3440293898406,0.0252661576787844
1.25642,45.3471,0.0283367678381552,45.344147816243,0.0253845840811223
1.26772,45.35176,0.0329967678381564,45.3443539873411,0.0255907551792761
1.27905,45.34173,0.022966767838156,45.3446306164325,0.0258673842706879
1.29036,45.34174,0.0229767678381592,45.3449525713317,0.026189339169839
1.30165,45.34834,0.029576767838158,45.3452888346938,0.0265256025319377
1.31295,45.33923,0.0204667678381583,45.3456049122822,0.0268416801203586
1.32427,45.34822,0.0294567678381554,45.3458657997105,0.0271025675486324
1.33556,45.35213,0.0333667678381602,45.3460394585274,0.0272762263655888
1.34688,45.33814,0.0193767678381604,45.3461004942721,0.027337262110274
1.3582,45.34569,0.0269267678381553,45.3460335726514,0.0272703404895252
1.3695,45.34775,0.0289867678381555,45.345836090237,0.0270728580751809
1.38081,45.35276,0.0339967678381612,45.3455195810302,0.0267563488683637
1.39212,45.35159,0.0328267678381593,45.3451092312667,0.026345999104874
1.40343,45.34416,0.0253967678381599,45.3446409564043,0.025877724242499
1.41472,45.33808,0.0193167678381556,45.3441560639903,0.0253928318284407
1.42601,45.3396,0.0208367678381549,45.3436944505149,0.0249312183530076
1.43733,45.33924,0.0204767678381543,45.3432880125331,0.0245247803712848
1.44864,45.34296,0.0241967678381556,45.3429560177274,0.0241927855656053
1.45996,45.34135,0.0225867678381562,45.3427035734766,0.0239403413147776
1.47126,45.3385,0.019736767838161,45.3425234289578,0.0237601967959687
1.48258,45.34315,0.0243867678381591,45.3424005257234,0.0236372935615292
1.49385,45.3503,0.0315367678381548,45.3423180929495,0.0235548607877052
1.50514,45.34858,0.029816767838156,45.3422636661879,0.0235004340260241
1.51646,45.34477,0.0260067678381546,45.3422333259584,0.0234700937965485
1.52775,45.34047,0.0217067678381611,45.3422329211229,0.0234696889610496
1.53904,45.34043,0.0216667678381555,45.3422760129222,0.0235127807603824
1.55035,45.34161,0.0228467678381605,45.3423793207125,0.0236160885506977
1.56167,45.34256,0.0237967678381565,45.3425571081507,0.0237938759888621
1.57298,45.32947,0.0107067678381583,45.3428160821321,0.0240528499702789
1.5843,45.34579,0.0270267678381586,45.343152107711,0.0243888755491486
1.59561,45.34856,0.0297967678381568,45.3435494642827,0.0247862321208109
1.60694,45.34484,0.0260767678381555,45.3439825587846,0.0252193266227327
1.61824,45.34568,0.0269167678381592,45.3444192708749,0.0256560387130722
1.62955,45.34501,0.0262467678381597,45.3448248247511,0.0260615925892763
1.64086,45.34628,0.0275167678381578,45.345165312331,0.0264020801691705
1.65218,45.34605,0.0272867678381559,45.3454104232442,0.0266471910823246
1.66346,45.3456,0.0268367678381551,45.3455352999,0.0267720677381409
1.67476,45.33976,0.020996767838156,45.3455216828834,0.026758450721535
1.68607,45.3469,0.0281367678381557,45.3453586529046,0.0265954207427212
1.69738,45.34548,0.0267167678381597,45.3450432518421,0.0262800196803093
1.7087,45.34795,0.029186767838155,45.3445810480721,0.0258178159102822
1.72,45.3402,0.0214367678381606,45.3439864362435,0.025223204081637
1.73128,45.34757,0.0288067678381552,45.3432823368078,0.024519104645971
1.74259,45.34324,0.0244767678381592,45.3424990421432,0.0237358099813779
1.75391,45.33778,0.0190167678381599,45.3416721396285,0.0229089074666496
1.76525,45.34658,0.0278167678381607,45.3408396369415,0.0220764047796494
1.77653,45.3372,0.0184367678381605,45.340038593546,0.0212753613841591
1.78783,45.33746,0.0186967678381578,45.3393017065069,0.0205384743450487
1.79911,45.32916,0.0103967678381593,45.3386543863626,0.0198911542007931
1.81042,45.35103,0.0322667678381592,45.3381128166599,0.0193495844980128
1.82172,45.33529,0.0165267678381582,45.3376832233217,0.0189199911598935
1.83303,45.33737,0.0186067678381576,45.3373622001005,0.0185989679386523
1.84434,45.33603,0.0172667678381586,45.3371377721107,0.0183745399488241
1.85566,45.3314,0.0126367678381598,45.336991050093,0.018227817931198
1.86697,45.33936,0.0205967678381569,45.3368985467634,0.0181353146015355
1.87826,45.3362,0.0174367678381557,45.3368351727733,0.0180719406115088
1.88957,45.34283,0.024066767838157,45.3367776081974,0.0180143760355716
1.9009,45.3359,0.01713676783816,45.3367074257423,0.0179441935804928
1.91221,45.3336,0.0148367678381547,45.3366132873891,0.0178500552272754
1.9235,45.34245,0.0236867678381572,45.3364917840088,0.0177285518469691
1.93481,45.33685,0.018086767838156,45.336346848867,0.0175836167051917
1.94614,45.33327,0.0145067678381565,45.3361879804959,0.0174247483340409
1.95744,45.32989,0.0111267678381566,45.3360277613278,0.0172645291660024
1.96874,45.33514,0.0163767678381603,45.3358793449339,0.0171161127720435
1.98005,45.33778,0.0190167678381599,45.3357545243789,0.0169912922170863
1.99138,45.34261,0.0238467678381582,45.3356625827894,0.0168993506275393
2.00267,45.33298,0.0142167678381568,45.3356096165036,0.0168463843417221
2.01396,45.33958,0.0208167678381557,45.3355978279881,0.0168345958262475
2.02528,45.32806,0.00929676783815836,45.3356245546275,0.0168613224656527
2.03658,45.338,0.0192367678381586,45.3356812740757,0.0169180419138385
2.0479,45.33607,0.0173067678381571,45.335753133373,0.0169899012111574
2.05921,45.33113,0.0123667678381594,45.3358195278174,0.0170562956555708
2.07048,45.33599,0.0172267678381601,45.3358560131714,0.0170927810095295
2.08178,45.33657,0.0178067678381595,45.3358375327122,0.0170743005504043
2.09308,45.33375,0.0149867678381597,45.3357426277174,0.0169793955555693
2.10439,45.3386,0.0198367678381572,45.3355579854434,0.0167947532815079
2.1157,45.33919,0.0204267678381598,45.3352824376697,0.0165192055078789
2.12701,45.3346,0.0158367678381595,45.3349294536685,0.0161662215066219
2.13832,45.34018,0.0214167678381543,45.3345273367879,0.0157641046260092
2.14962,45.33199,0.0132267678381552,45.3341167403371,0.0153535081752106
2.16095,45.33297,0.0142067678381608,45.3337456840481,0.0149824518862195
2.17225,45.33196,0.0131967678381599,45.3334628167819,0.0146995846200261
2.18353,45.33173,0.012966767838158,45.333310059707,0.014546827545197
2.19485,45.33341,0.0146467678381583,45.3333158679473,0.0145526357854615
2.20615,45.33163,0.0128667678381547,45.3334901915978,0.0147269594359307
2.21746,45.32974,0.0109767678381587,45.3338219232064,0.0150586910445806
2.22876,45.33359,0.0148267678381586,45.3342792812925,0.0155160491306776
2.24006,45.33544,0.0166767678381561,45.3348131897243,0.01604995756247
2.25136,45.33437,0.0156067678381575,45.3353632461096,0.0166000139477788
2.26264,45.33958,0.0208167678381557,45.3358654047581,0.017102172596275
2.27397,45.33802,0.0192567678381579,45.3362601808987,0.0174969487368745
2.28526,45.33892,0.0201567678381593,45.3365001182688,0.0177368861069352
2.29658,45.33592,0.0171567678381592,45.3365554679658,0.0177922358039527
2.3079,45.33675,0.0179867678381598,45.3364174362039,0.0176542040420161
2.31922,45.33781,0.0190467678381552,45.3360988296284,0.0173355974665162
2.33052,45.33416,0.0153967678381548,45.335632311021,0.0168690788591968
2.34184,45.33199,0.0132267678381552,45.3350667200943,0.016303487932417
2.35319,45.33414,0.0153767678381556,45.3344620268459,0.015698794684076
2.36451,45.33578,0.0170167678381574,45.33388345476,0.0151202225981999
2.37582,45.34203,0.0232667678381588,45.3333951378895,0.0146319057276373
2.38712,45.33027,0.0115067678381564,45.3330535152956,0.0142902831338048
2.39846,45.33062,0.0118567678381609,45.3329007774322,0.0141375452703989
2.40979,45.32705,0.00828676783815752,45.3329591173671,0.0141958852053021
2.4211,45.32648,0.00771676783815423,45.3332269800361,0.0144637478742936
2.43244,45.33056,0.0117967678381561,45.3336784872522,0.0149152550903891
2.44376,45.34267,0.0239067678381559,45.334266563858,0.0155033316961851
2.45506,45.33943,0.0206667678381578,45.3349292583907,0.0161660262288995
2.46637,45.33258,0.0138167678381578,45.3355978891408,0.0168346569789453
2.47767,45.33677,0.018006767838159,45.3362054168201,0.0174421846582999
2.48898,45.33725,0.0184867678381551,45.3366938261405,0.0179305939786489
2.50029,45.34015,0.021386767838159,45.3370198386698,0.0182566065079983
2.51157,45.33429,0.0155267678381605,45.3371586231644,0.0183953910026013
2.52287,45.33893,0.0201667678381554,45.3371053430632,0.0183421109013099
2.53421,45.33802,0.0192567678381579,45.3368745355308,0.0181113033689399
2.54554,45.34102,0.022256767838158,45.3364974814257,0.0177342492638407
2.55684,45.32785,0.00908676783815565,45.3360178941348,0.0172546619729522
2.5682,45.33584,0.0170767678381551,45.3354864585321,0.0167232263702972
2.57953,45.33955,0.0207867678381604,45.3349549262403,0.0161916940785029
2.59082,45.33294,0.0141767678381584,45.3344704730691,0.0157072409073002
2.60215,45.33009,0.0113267678381561,45.3340708683954,0.0153076362335696
2.61346,45.3354,0.0166367678381576,45.3337808848369,0.0150176526750958
2.62478,45.32873,0.00996676783815786,45.3336103338115,0.0148471016496875
2.63612,45.33481,0.0160467678381551,45.3335539853327,0.0147907531708205
2.64747,45.33636,0.0175967678381568,45.3335933298991,0.014830097737292
2.6588,45.33546,0.0166967678381553,45.3336997791787,0.0149365470168193
2.67013,45.33458,0.0158167678381602,45.3338386748616,0.0150754426997837
2.68145,45.33195,0.0131867678381568,45.333973513095,0.0152102809331523
2.69275,45.32735,0.00858676783816037,45.3340700469647,0.015306814802814
2.70408,45.33685,0.018086767838156,45.3341001593385,0.0153369271766293
2.7154,45.34224,0.0234767678381544,45.334045356537,0.0152821243751938
2.7267,45.33228,0.0135167678381549,45.3338994452581,0.0151362130962488
2.73801,45.33009,0.0113267678381561,45.3336697587934,0.0149065266315945
2.74932,45.34338,0.024616767838161,45.3333764762372,0.0146132440753264
2.76065,45.32935,0.0105867678381557,45.3330500270432,0.014286794881329
2.77198,45.32554,0.00677676783815429,45.3327270221478,0.0139637899859184
2.78328,45.3309,0.0121367678381574,45.3324454827389,0.013682250577077
2.79461,45.33819,0.019426767838155,45.332240255986,0.0134770238242019
2.80592,45.32844,0.00967676783815818,45.3321392816847,0.0133760495228243
2.81725,45.33379,0.0150267678381582,45.3321609262542,0.01339769409231
2.82857,45.33767,0.0189067678381605,45.3323122829325,0.0135490507707051
2.8399,45.32333,0.00456676783815624,45.3325883163662,0.013825084204345
2.85124,45.33532,0.0165567678381606,45.3329718824358,0.0142086502739464
2.86252,45.33445,0.0156867678381545,45.3334347796548,0.0146715474929119
2.87384,45.33289,0.0141267678381567,45.3339399480321,0.0151767158702086
2.88516,45.33606,0.017296767838161,45.3344447417702,0.0156815096083206
2.89647,45.32913,0.0103667678381569,45.3349050266701,0.0161417945083046
2.90782,45.33588,0.0171167678381607,45.3352797749244,0.0165165427625296
2.91915,45.33942,0.0206567678381546,45.3355357399356,0.0167725077737624
2.93048,45.33495,0.0161867678381569,45.3356515921646,0.0168883600027961
2.9418,45.34675,0.0279867678381578,45.3356206944531,0.01685746229126
2.95309,45.33596,0.0171967678381577,45.3354517433475,0.0166885111856659
2.96441,45.3275,0.00873676783815824,45.3351669680461,0.0164037358842373
2.97573,45.32984,0.0110767678381549,45.3347983586281,0.0160351264662153
2.98706,45.33266,0.0138967678381547,45.3343830745968,0.0156198424349341
2.9984,45.3357,0.0169367678381604,45.3339592840751,0.0151960519132324
3.00972,45.33488,0.016116767838156,45.3335631261952,0.0147998940333137
3.02106,45.33424,0.0154767678381589,45.3332267110844,0.014463478922522
3.03236,45.33869,0.0199267678381574,45.3329765791613,0.0142133469994142
3.04368,45.3356,0.0168367678381571,45.3328320154723,0.014068783310414
3.05497,45.32557,0.0068067678381567,45.3328029717331,0.0140397395712511
3.06631,45.32944,0.0106767678381559,45.3328879085201,0.0141246763582414
3.07761,45.33231,0.0135467678381573,45.3330723411619,0.014309109000087
3.08892,45.33728,0.0185167678381575,45.333328928358,0.014565696196175
3.10026,45.32724,0.00847676783816098,45.3336195358753,0.0148563037134659
3.11157,45.3374,0.01863676783816,45.3338991578053,0.0151359256434478
3.12289,45.33553,0.0167667678381562,45.3341211953382,0.0153579631763442
3.1342,45.33349,0.0147267678381553,45.3342434105879,0.0154801784260836
3.1455,45.33087,0.012106767838155,45.3342338123274,0.0154705801655699
3.15682,45.33378,0.015016767838155,45.3340757518405,0.0153125196786731
3.16812,45.33956,0.0207967678381564,45.3337715223597,0.0150082901978411
3.17944,45.33765,0.0188867678381541,45.3333436800013,0.0145804478394133
3.19073,45.34295,0.0241867678381595,45.3328332750686,0.0140700429067931
3.20202,45.33275,0.0139867678381549,45.3322945230988,0.013531290936967
3.21336,45.31905,0.000286767838154844,45.3317863273632,0.0130230952013142
3.22465,45.32463,0.00586676783815676,45.3313622264916,0.0125989943297417
3.23598,45.32946,0.0106967678381551,45.3310611289227,0.0122978967608685
3.2473,45.33106,0.0122967678381585,45.3309010321862,0.0121378000243893
3.25862,45.33524,0.0164767678381565,45.3308768743925,0.0121136422306441
3.26995,45.33171,0.0129467678381587,45.3309624203493,0.0121991881874749
3.28129,45.32268,0.00391676783815598,45.3311153139825,0.0123520818206511
3.2926,45.33234,0.0135767678381598,45.3312842428431,0.0125210106812818
3.30393,45.33534,0.0165767678381599,45.3314171834325,0.0126539512706318
3.31524,45.33939,0.0206267678381593,45.3314695624481,0.012706330286221
3.32652,45.33453,0.0157667678381586,45.3314109593895,0.0126477272276452
3.33783,45.32799,0.00922676783815746,45.3312291082157,0.0124658760538354
3.34913,45.32924,0.0104767678381563,45.3309306254767,0.0121673933148955
3.36046,45.32928,0.0105167678381548,45.3305387757379,0.011775543576022
3.37177,45.32797,0.00920676783815821,45.3300891668046,0.0113259346427525
3.38311,45.33801,0.0192467678381547,45.3296243370108,0.0108611048489756
3.3944,45.32965,0.0108867678381586,45.3291879695556,0.0104247373937329
3.40572,45.31819,-0.00057323216184102,45.3288193248578,0.0100560926959464
3.41703,45.32217,0.00340676783815752,45.3285485938467,0.00978536168490831
3.42835,45.3349,0.0161367678381552,45.3283939847391,0.00963075257729388
3.43968,45.33064,0.0118767678381602,45.328361039508,0.00959780734611516
3.45099,45.32867,0.00990676783816014,45.3284439549914,0.00968072282951814
3.46233,45.33184,0.0130767678381574,45.3286281020478,0.00986486988597544
3.47364,45.3259,0.00713676783815487,45.3288929025587,0.0101296703968305
3.48494,45.32504,0.006276767838159,45.3292145913716,0.0104513592097075
3.49628,45.33208,0.0133167678381554,45.3295687509628,0.0108055188009279
3.50758,45.3334,0.0146367678381552,45.3299326008823,0.0111693687204983
3.51889,45.32957,0.0108067678381545,45.3302868760937,0.0115236439318711
3.53023,45.33115,0.0123867678381586,45.3306169822556,0.0118537500937408
3.54154,45.33447,0.0157067678381608,45.3309131883777,0.0121499562158212
3.55285,45.32712,0.00835676783815842,45.3311698856709,0.0124066535090707
3.56415,45.32851,0.00974676783815909,45.3313842395786,0.0126210074167647
3.57547,45.33134,0.012576767838155,45.3315547512781,0.012791519116308
3.5868,45.33409,0.015326767838161,45.3316802256818,0.0129169935200007
3.59813,45.33278,0.0140167678381573,45.3317594037115,0.0129961715496857
3.60945,45.33023,0.0114667678381579,45.3317912286295,0.0130279964677039
3.62077,45.32693,0.00816676783815495,45.3317755910499,0.0130123588880573
3.6321,45.3322,0.0134367678381579,45.331714421907,0.0129511897451598
3.64343,45.3394,0.0206367678381554,45.3316129609057,0.0128497287438517
3.65473,45.32986,0.0110967678381542,45.3314808237823,0.0127175916205021
3.66607,45.33628,0.0175167678381598,45.3313323363478,0.0125691041859652
3.67739,45.32464,0.00587676783815994,45.3311857711947,0.0124225390328988
3.68869,45.32822,0.00945676783815941,45.3310615806912,0.0122983485293663
3.69999,45.33459,0.0158267678381563,45.3309801259539,0.0122168937920754
3.71131,45.3264,0.00763676783815725,45.3309594572062,0.0121962250443665
3.72262,45.33825,0.0194867678381598,45.3310134258361,0.0122501936742895
3.73394,45.33397,0.0152067678381584,45.3311500830902,0.0123868509283377
3.74528,45.32377,0.0050067678381609,45.3313702222537,0.0126069900919064
3.75662,45.33086,0.0120967678381589,45.3316661168961,0.0129028847342542
3.76793,45.33667,0.0179067678381557,45.3320207996259,0.0132575674640895
3.77924,45.32911,0.0103467678381577,45.3324083208436,0.0136450886817379
3.79058,45.32987,0.0111067678381573,45.3327952641109,0.0140320319490511
3.80187,45.33192,0.0131567678381543,45.3331435686045,0.0143803364426787
3.8132,45.33477,0.0160067678381566,45.3334145143239,0.0146512821620182
3.82452,45.33286,0.0140967678381543,45.3335734637882,0.0148102316263596
3.83583,45.33848,0.0197167678381547,45.3335946200121,0.0148313878502924
3.84715,45.33921,0.020446767838159,45.3334648362574,0.014701604095598
3.85849,45.33188,0.0131167678381559,45.3331855834266,0.0144223512647736
3.86982,45.32791,0.00914676783816049,45.3327726019289,0.0140093697670188
3.88114,45.33622,0.017456767838155,45.3322533977078,0.0134901655459376
3.89246,45.3295,0.0107367678381607,45.3316632743668,0.0129000422049897
3.9038,45.32853,0.00976676783815833,45.3310407924665,0.0122775603046294
3.91514,45.33037,0.0116067678381597,45.3304234672421,0.0116602350802233
3.92645,45.32694,0.00817676783815813,45.3298443240734,0.011081091911555
3.93779,45.3307,0.0119367678381579,45.3293296744772,0.0105664423154024
3.94912,45.33155,0.0127867678381577,45.3288981502087,0.0101349180468663
3.96045,45.32788,0.00911676783815807,45.3285607242582,0.00979749209637328
3.97176,45.32858,0.00981676783815999,45.328321289579,0.00955805741719703
3.98309,45.32646,0.00769676783815498,45.3281774094797,0.00941417731787374
3.99438,45.33211,0.0133467678381578,45.3281210042754,0.00935777211354711
4.0057,45.32988,0.0111167678381605,45.3281388658977,0.00937563373582086
4.01698,45.32711,0.00834676783815524,45.3282129914935,0.00944975933164795
4.02831,45.32339,0.00462676783816107,45.3283208981887,0.00955766602683575
4.03962,45.32725,0.00848676783815705,45.3284363151471,0.00967308298526777
4.05093,45.32784,0.00907676783815958,45.3285307460957,0.00976751393382932
4.06223,45.32566,0.00689676783815685,45.3285761770983,0.00981294493646734
4.07355,45.33509,0.0163267678381587,45.3285487325451,0.00978550038321203
4.08488,45.32792,0.00915676783815655,45.3284325994268,0.00966936726494109
4.0962,45.33686,0.0180967678381592,45.3282232818393,0.00946004967743428
4.10751,45.32315,0.00438676783815595,45.3279293569076,0.00916612474576575
4.11883,45.32317,0.00440676783815519,45.3275723759713,0.00880914380947195
4.13016,45.32464,0.00587676783815994,45.3271851621221,0.00842192996024785
4.14146,45.33117,0.0124067678381579,45.3268091147244,0.00804588256259357
4.15278,45.32319,0.00442676783815443,45.3264910197185,0.00772778755661389
4.1641,45.33424,0.0154767678381589,45.3262794585837,0.00751622642188255
4.17542,45.32664,0.00787676783815527,45.326220608523,0.00745737636117879
4.18673,45.32379,0.00502676783816014,45.3263532797909,0.00759004762908394
4.19806,45.32822,0.00945676783815941,45.3267034091427,0.00794017698081295
4.20938,45.32866,0.00989676783815696,45.3272787050214,0.00851547285958531
4.22069,45.32124,0.00247676783816075,45.3280644888129,0.00930125665105701
4.23198,45.32346,0.00469676783815487,45.3290218952332,0.0102586630713531
4.2433,45.32734,0.0085767678381572,45.3300894565829,0.0113262244210507
4.2546,45.32794,0.0091767678381558,45.3311886112469,0.0124253790850608
4.26591,45.33245,0.0136867678381591,45.3322328086752,0.0134695765133639
4.27724,45.34616,0.0273967678381553,45.3331388382563,0.0143756060944646
4.28856,45.33711,0.0183467678381604,45.3338381866749,0.015074954513097
4.29989,45.33346,0.01469676783816,45.3342860220874,0.0155227899255917
4.31122,45.34287,0.0241067678381555,45.3344659815876,0.0157027494257251
4.32256,45.32846,0.00969676783815743,45.334390063355,0.0156268311931992
4.33388,45.33592,0.0171567678381592,45.3340941073035,0.0153308751416183
4.34521,45.32795,0.00918676783815897,45.3336302269126,0.0148669947507858
4.35653,45.32856,0.00979676783816075,45.3330580010784,0.0142947689165812
4.36785,45.33441,0.015646767838156,45.3324362137523,0.0136729815904738
4.37916,45.328,0.00923676783816063,45.3318164860243,0.0130532538624463
4.39046,45.32956,0.0107967678381584,45.3312394616692,0.0124762295073555
4.40176,45.33236,0.013596767838159,45.3307335178793,0.0119702857174809
4.41306,45.33702,0.0182567678381602,45.3303154193623,0.0115521872004446
4.42435,45.3321,0.0133367678381546,45.3299919844648,0.0112287523029466
4.43566,45.33019,0.0114267678381594,45.3297618083338,0.0109985761719686
4.44696,45.328,0.00923676783816063,45.3296164832102,0.0108532510484019
4.45829,45.32113,0.00236676783815426,45.329541406358,0.0107781741961302
4.46958,45.32935,0.0105867678381557,45.3295167730376,0.0107535408757964
4.48088,45.33273,0.0139667678381556,45.329519377048,0.0107561448861694
4.4922,45.32971,0.0109467678381563,45.3295253759186,0.0107621437568042
4.50351,45.33537,0.0166067678381552,45.3295135686816,0.0107503365197456
4.51483,45.32634,0.00757676783815953,45.3294684122381,0.0107051800763106
4.52614,45.32708,0.00831676783815993,45.3293821276709,0.0106188955090743
4.53747,45.33073,0.0119667678381603,45.3292556232512,0.0104923910893436
4.54879,45.33189,0.013126767838159,45.3290982626661,0.0103350305042496
4.56012,45.32847,0.0097067678381606,45.3289265879729,0.0101633558110671
4.57143,45.33207,0.0133067678381593,45.3287620988067,0.00999886664481814
4.58277,45.32142,0.00265676783816104,45.3286282951561,0.0098650629942984
4.59406,45.33113,0.0123667678381594,45.3285474171259,0.00978418496408989
4.60535,45.32531,0.00654676783815944,45.3285374739537,0.00977424179184523
4.61666,45.33065,0.0118867678381562,45.3286100871717,0.00984685500983858
4.62796,45.32832,0.00955676783815562,45.3287694117805,0.0100061796186162
4.63927,45.3268,0.00803676783815632,45.3290121137749,0.0102488816130661
4.65058,45.33417,0.015406767838158,45.3293281979,0.0105649657381766
4.6619,45.32744,0.00867676783816052,45.3297024021187,0.010939169956853
4.67321,45.32767,0.00890676783815536,45.3301158719934,0.0113526398315937
4.68452,45.3353,0.0165367678381543,45.3305478795181,0.0117846473562828
4.69584,45.3309,0.0121367678381574,45.3309774148429,0.0122141826810966
4.70714,45.3287,0.00993676783815545,45.3313845254325,0.0126212932706264
4.71844,45.3308,0.0120367678381612,45.3317513440906,0.0129881119287884
4.72976,45.33388,0.0151167678381583,45.3320628388548,0.0132996066929094
4.74107,45.33275,0.0139867678381549,45.3323073363544,0.0135441041925281
4.75237,45.33871,0.0199467678381566,45.3324767895289,0.0137135573670918
4.76367,45.32417,0.00540676783815996,45.3325667300247,0.0138034978628942
4.77498,45.32989,0.0111267678381566,45.3325759906296,0.0138127584677071
4.78632,45.33351,0.0147467678381545,45.3325064781913,0.0137432460294489
4.79765,45.33672,0.0179567678381574,45.3323632431223,0.0136000109604775
4.80895,45.3319,0.0131367678381551,45.3321547623426,0.0133915301807158
4.82026,45.32942,0.0106567678381566,45.3318930186372,0.0131297864753269
4.83157,45.34101,0.0222467678381548,45.3315929172238,0.0128296850619508
4.84289,45.33005,0.0112867678381576,45.3312708166201,0.0125075844582484
4.8542,45.324,0.00523676783815574,45.3309423156467,0.012179083484809
4.86554,45.32412,0.00535676783815831,45.3306198450605,0.0118566128986399
4.87687,45.33361,0.0148467678381579,45.3303108731071,0.011547640945304
4.8882,45.33296,0.0141967678381576,45.3300173518676,0.0112541197057658
4.89951,45.33429,0.0155267678381605,45.3297364239417,0.0109731917798397
4.91083,45.3256,0.00683676783815912,45.3294618552012,0.0106986230393312
4.92214,45.32975,0.0109867678381548,45.3291855872069,0.0104223550450934
4.93344,45.32793,0.00916676783815973,45.3288991342667,0.0101359021048813
4.94475,45.33118,0.012416767838161,45.3285948913,0.0098316591381925
4.95607,45.31862,-0.000143232161839535,45.3282675309603,0.00950429879841085
4.96738,45.33129,0.0125267678381604,45.3279155828683,0.00915235070644278
4.97871,45.32921,0.010446767838161,45.3275430667825,0.00877983462067764
4.99002,45.33266,0.0138967678381547,45.3271607109432,0.00839747878138477
5.00131,45.33367,0.0149067678381556,45.3267859903744,0.00802275821255933
5.01261,45.32218,0.00341676783816069,45.3264412848895,0.00767805272770794
5.02392,45.3276,0.00883676783815446,45.326150030016,0.00738679785416668
5.03521,45.32296,0.00419676783815959,45.3259315811538,0.00716834899197481
5.04654,45.31955,0.000786767838157232,45.3257961970846,0.00703296492272835
5.05788,45.31486,-0.0039032321618393,45.3257417626896,0.00697853052772327
5.06921,45.32725,0.00848676783815705,45.3257535139472,0.00699028178540735
5.08052,45.33186,0.0130967678381566,45.3258071274763,0.00704389531445606
5.09182,45.32928,0.0105167678381548,45.3258743249849,0.00711109282307666
5.10314,45.3327,0.0139367678381603,45.3259291566322,0.00716592447039426
5.11446,45.3308,0.0120367678381612,45.3259528988135,0.00718966665166226
5.1258,45.32758,0.00881676783815522,45.3259361271722,0.00717289501040506
5.13712,45.32164,0.00287676783815982,45.3258776760277,0.00711444386589314
5.14844,45.31239,-0.00637323216184171,45.3257814067889,0.00701817462710465
5.15977,45.32541,0.00664676783815565,45.3256525076505,0.00688927548868145
5.17107,45.32576,0.00699676783816017,45.325495041876,0.00673180971418453
5.18239,45.32542,0.00665676783815883,45.3253116227994,0.00654839063755167
5.1937,45.33488,0.016116767838156,45.3251049116277,0.00634167946583865
5.20504,45.32417,0.00540676783815996,45.3248797879207,0.00611655575884067
5.21637,45.32793,0.00916676783815973,45.3246449057813,0.00588167361947531
5.22769,45.31755,-0.00121323216184521,45.3244128432563,0.00564961109441563
5.23902,45.32827,0.00950676783816107,45.3241988018103,0.00543556964846397
5.25032,45.32005,0.00128676783815962,45.3240183859132,0.00525515375131163
5.26164,45.32615,0.00738676783815606,45.3238851738511,0.00512194168921164
5.27295,45.31868,-8.32321618418064e-05,45.3238086723738,0.00504544021197517
5.28426,45.32404,0.00527676783815423,45.3237930254899,0.00502979332807556
5.29556,45.32939,0.0106267678381542,45.3238366004622,0.0050733683003655
5.30688,45.32658,0.00781676783815755,45.323932317044,0.00516908488212011
5.3182,45.31866,-0.000103232161841049,45.3240684408092,0.00530520864734608
5.32949,45.32054,0.00177676783815883,45.3242296753894,0.00546644322755432
5.34079,45.32597,0.00720676783815577,45.3243986536305,0.00563542146868109
5.35212,45.32109,0.00232676783815577,45.3245580015423,0.00579476938049398
5.36341,45.33201,0.0132467678381545,45.3246928628619,0.00592963070009115
5.3747,45.32875,0.00998676783815711,45.3247933458134,0.00603011365150915
5.38602,45.3194,0.000636767838159358,45.3248561515033,0.00609291934147136
5.39734,45.32595,0.00718676783815653,45.3248848398435,0.0061216076816964
5.40865,45.32808,0.0093167678381576,45.3248886355354,0.00612540337355496
5.41997,45.32426,0.00549676783816011,45.3248800576749,0.00611682551301574
5.43128,45.32152,0.00275676783815726,45.3248718308252,0.00610859866336055
5.44258,45.32581,0.00704676783815472,45.3248736124971,0.00611038033522152
5.45387,45.32402,0.00525676783815499,45.3248891237985,0.00612589163666315
5.46519,45.32896,0.0101967678381598,45.324914227338,0.00615099517614166
5.47653,45.32085,0.00208676783815775,45.3249363643619,0.00617313220002058
5.48788,45.31277,-0.00599323216184189,45.3249356610107,0.00617242884883585
5.49918,45.33097,0.0122067678381583,45.3248879224913,0.00612469032946978
5.5105,45.32616,0.00739676783815923,45.3247694204262,0.0060061882643556
5.52183,45.32744,0.00867676783816052,45.324562746709,0.00579951454711407
5.53314,45.3259,0.00713676783815487,45.3242623836759,0.00549915151405355
5.54446,45.33042,0.0116567678381543,45.3238784646551,0.00511523249323852
5.55579,45.32615,0.00738676783815606,45.3234375613298,0.00467432916792864
5.56712,45.32171,0.00294676783816072,45.3229800394993,0.00421680733741793
5.57845,45.32095,0.00218676783816107,45.3225543814471,0.00379114928525418
5.58977,45.31477,-0.00399323216183944,45.3222096878354,0.0034464556735323
5.60108,45.32321,0.00444676783816078,45.3219880675005,0.00322483533862775
5.61239,45.31884,7.67678381592418e-05,45.3219185913898,0.00315535922797916
5.6237,45.31498,-0.00378323216184384,45.3220139744766,0.00325074231479218
5.63505,45.32693,0.00816676783815495,45.3222703962762,0.00350716411437421
5.64637,45.32316,0.00439676783815912,45.3226700870024,0.00390685484058136
5.65769,45.33001,0.0112467678381591,45.3231856245831,0.00442239242121782
5.66901,45.3274,0.00863676783815492,45.3237844945364,0.00502126237455543
5.6803,45.32637,0.00760676783815484,45.3244325718683,0.00566933970641673
5.69164,45.3202,0.00143676783815749,45.3250958075562,0.00633257539435763
5.70295,45.32328,0.00451676783815458,45.325740269393,0.0069770372311895
5.71428,45.32688,0.0081167678381604,45.3263313789852,0.0075681468233982
5.72559,45.32679,0.00802676783816025,45.3268334048239,0.00807017266208176
5.73693,45.32369,0.00492676783815682,45.3272100476021,0.00844681544024484
5.74828,45.32445,0.00568676783815647,45.3274265616166,0.00866332945473872
5.75962,45.32664,0.00787676783815527,45.3274534802609,0.00869024809908272
5.77094,45.32473,0.00596676783816008,45.327271610397,0.00850837823511354
5.78224,45.3366,0.0178367678381548,45.326877458353,0.0081142261911263
5.79355,45.32825,0.00948676783815472,45.3262877662056,0.00752453404378333
5.80488,45.33076,0.0119967678381556,45.3255416494209,0.00677841725908116
5.81618,45.32222,0.00345676783815918,45.3246991596945,0.00593592753267688
5.82749,45.32727,0.00850676783815629,45.3238358943278,0.00507266216593083
5.83881,45.32707,0.00830676783815676,45.3230342109693,0.00427097880744438
5.85013,45.3171,-0.00166323216183883,45.322372385257,0.00360915309515756
5.86142,45.30896,-0.00980323216184331,45.32191359578,0.00315036361817247
5.87273,45.31863,-0.000133232161843466,45.3216968890126,0.00293365685079934
5.88405,45.32453,0.00576676783816055,45.3217320241865,0.00296879202463705
5.89534,45.32391,0.0051467678381556,45.3219991682293,0.00323593606742451
5.90666,45.31813,-0.000633232161845854,45.3224531545559,0.00368992239407492
5.918,45.32764,0.00887676783816005,45.3230310641551,0.00426783199330148
5.92932,45.32714,0.00837676783815766,45.3236615034014,0.00489827123958288
5.94063,45.32619,0.00742676783815455,45.324273966576,0.00551073441419057
5.95196,45.3246,0.00583676783815434,45.3248069076325,0.00604367547069657
5.96327,45.32932,0.0105567678381604,45.3252135887368,0.00645035657495798
5.9746,45.31934,0.000576767838154524,45.3254653504766,0.00670211831472798
5.98591,45.3232,0.00443676783815761,45.3255524717227,0.00678923956085176
5.99723,45.33207,0.0133067678381593,45.3254830818841,0.00671984972220633
6.00856,45.32499,0.00622676783815734,45.3252805942858,0.00651736212399853
6.01989,45.32122,0.00245676783815441,45.3249799768668,0.0062167447049852
6.03122,45.32932,0.0105567678381604,45.3246231138126,0.00585988165081006
6.04254,45.32565,0.00688676783816078,45.3242536299846,0.00549039782277509
6.05386,45.3191,0.000336767838156504,45.3239117309002,0.00514849873833528
6.06513,45.31813,-0.000633232161845854,45.3236297624111,0.00486653024926085
6.07645,45.32021,0.00144676783816067,45.3234292563389,0.00466602417707985
6.08777,45.32854,0.0097767678381544,45.3233200264375,0.00455679427570107
6.09912,45.32796,0.00919676783815504,45.3233013210543,0.00453808889241241
6.11041,45.31985,0.00108676783816009,45.3233644011912,0.00460116902936985
6.1217,45.32385,0.00508676783815787,45.3234956308211,0.00473239865928038
6.133,45.32897,0.0102067678381559,45.3236793467298,0.00491611456795412
6.14433,45.31564,-0.00312323216184041,45.3239001331286,0.00513690096678773
6.15564,45.3288,0.0100367678381588,45.3241443852759,0.00538115311401847
6.16695,45.33054,0.0117767678381568,45.3244011618044,0.00563792964254439
6.17829,45.31778,-0.000983232161843262,45.3246623739946,0.0058991418327129
6.18963,45.32032,0.00155676783816006,45.3249224451302,0.00615921296837102
6.20094,45.3301,0.0113367678381593,45.325177715489,0.00641448332720678
6.21223,45.32452,0.00575676783815737,45.3254258970324,0.00666266487053679
6.22354,45.33055,0.01178676783816,45.3256656728794,0.00690244071753199
6.23483,45.32223,0.00346676783815525,45.3258962944437,0.00713306228182894
6.24615,45.3248,0.00603676783816098,45.3261170326898,0.00735380052795251
6.25745,45.33083,0.0120667678381565,45.3263265583489,0.00756332618707142
6.26875,45.31997,0.00120676783815554,45.3265225150568,0.00775928289491138
6.28008,45.32512,0.00635676783815597,45.326701576371,0.00793834420917624
6.2914,45.328,0.00923676783816063,45.3268601616194,0.00809692945755572
6.30272,45.32926,0.0104967678381556,45.3269957413258,0.00823250916398245
6.31405,45.33236,0.013596767838159,45.3271083330075,0.00834510084563132
6.32534,45.32262,0.00385676783815825,45.3272015677632,0.00843833560137652
6.33668,45.32863,0.00986676783815454,45.327282796839,0.00851956467716162
6.34801,45.33064,0.0118767678381602,45.3273620470638,0.0085988149019681
6.3593,45.32552,0.00675676783815504,45.3274499765852,0.00868674442338023
6.37062,45.32745,0.00868676783815658,45.3275551971226,0.00879196496080392
6.38194,45.32802,0.00925676783815987,45.3276814747709,0.00891824260907694
6.39325,45.32417,0.00540676783815996,45.3278254407503,0.00906220858848492
6.40458,45.3274,0.00863676783815492,45.3279754747929,0.00921224263101385
6.41591,45.32174,0.00297676783815604,45.3281123012996,0.00934906913777251
6.42723,45.3248,0.00603676783816098,45.3282115273227,0.00944829516088135
6.43852,45.34288,0.0241167678381586,45.3282478305183,0.0094845983564868
6.44984,45.32727,0.00850676783815629,45.3281998756204,0.00943664345852709
6.46118,45.32995,0.0111867678381543,45.3280546380787,0.00929140591685327
6.47247,45.32568,0.00691676783815609,45.3278099951147,0.00904676295285245
6.48377,45.32565,0.00688676783816078,45.327475133363,0.00871190120119662
6.49506,45.32925,0.0104867678381595,45.3270690250563,0.00830579289448377
6.50636,45.32522,0.00645676783815929,45.3266175559927,0.00785432383086053
6.51768,45.32732,0.00855676783815795,45.3261498814029,0.00738664924101261
6.529,45.32421,0.00544676783815845,45.3256944807442,0.00693124858233525
6.54031,45.32701,0.00824676783815903,45.3252753270138,0.00651209485192995
6.55162,45.32257,0.00380676783815659,45.3249085791117,0.00614534694982995
6.56294,45.32731,0.00854676783815478,45.3246002029611,0.00583697079927343
6.57429,45.3196,0.000836767838158892,45.3243449125167,0.00558168035487838
6.58564,45.31987,0.00110676783815933,45.3241267831711,0.00536355100921145
6.59696,45.32222,0.00345676783815918,45.3239217618265,0.00515852966465822
6.60827,45.32912,0.0103567678381609,45.3237019729662,0.00493874080432995
6.61958,45.3261,0.0073367678381544,45.3234412011598,0.00467796899799064
6.6309,45.32304,0.00427676783815656,45.3231204622979,0.00435723013604737
6.64221,45.32321,0.00444676783816078,45.3227324735688,0.00396924140698571
6.65351,45.32275,0.00398676783815688,45.3222841395281,0.00352090736629554
6.66482,45.32636,0.00759676783815877,45.3217966321209,0.00303339995904925
6.67616,45.32157,0.00280676783815892,45.321303030074,0.00253979791214396
6.68748,45.3203,0.00153676783816081,45.3208438123398,0.00208058017796989
6.6988,45.31665,-0.00211323216183956,45.3204608713845,0.00169763922270201
6.71012,45.31765,-0.00111323216184189,45.3201910711227,0.00142783896090906
6.72146,45.31929,0.000526767838159969,45.3200605197896,0.00129728762780267
6.73279,45.31793,-0.000833232161845388,45.3200805263922,0.00131729423040636
6.74412,45.32363,0.00486676783815909,45.3202457376571,0.00148250549530362
6.75542,45.32295,0.00418676783815641,45.3205344333009,0.00177120113907339
6.76676,45.31994,0.00117676783816023,45.3209106129772,0.00214738081534328
6.77809,45.31761,-0.00115323216184038,45.3213274532482,0.00256422108637661
6.7894,45.32104,0.00227676783816122,45.3217318755738,0.00296864341193906
6.8007,45.31942,0.000656767838158601,45.3220701011665,0.00330686900462064
6.81201,45.32164,0.00287676783815982,45.3222939531785,0.00353072101669208
6.82332,45.32956,0.0107967678381584,45.3223673017614,0.00360406959953324
6.83463,45.32635,0.00758676783815559,45.3222716462649,0.00350841410300788
6.84594,45.32198,0.00321676783816116,45.3220096794581,0.00324644729625667
6.85727,45.31807,-0.000693232161843582,45.32160597338,0.00284274121817659
6.86859,45.32114,0.00237676783815743,45.3211045650017,0.00234133283983752
6.87988,45.3317,0.0129367678381556,45.3205638322727,0.0018006001108785
6.8912,45.31335,-0.00541323216184253,45.3200493855702,0.00128615340831828
6.9025,45.31407,-0.00469323216184137,45.3196258930388,0.000862660876913265
6.91382,45.31702,-0.00174323216184291,45.3193490133408,0.000585781178954337
6.92515,45.31945,0.000686767838161018,45.319258759661,0.000495527499165085
6.93647,45.31682,-0.00194323216184245,45.319375344821,0.000612112659112407
6.94778,45.32677,0.00800676783816101,45.3196979064638,0.000934674301996851
6.95912,45.31476,-0.00400323216184262,45.3202058731221,0.00144264096029019
6.97041,45.31811,-0.000653232161845096,45.3208623961422,0.00209916398031687
6.98174,45.32417,0.00540676783815996,45.321619206207,0.00285597404520529
6.99306,45.32737,0.00860676783815961,45.3224222273724,0.00365899521059546
7.00438,45.32665,0.00788676783815845,45.3232171749906,0.00445394282875588
7.0157,45.31738,-0.00138323216184233,45.3239543446124,0.00519111245057878
7.02702,45.32986,0.0110967678381542,45.3245920749219,0.00582884276001414
7.03834,45.3191,0.000336767838156504,45.3250988279379,0.00633559577609613
7.04964,45.32449,0.00572676783815496,45.3254541493964,0.00669091723451694
7.06098,45.33425,0.0154867678381549,45.325648789921,0.00688555775912158
7.07228,45.32381,0.00504676783815938,45.3256840953801,0.00692086321823658
7.08358,45.32631,0.00754676783815711,45.3255706608564,0.00680742869455967
7.09489,45.32135,0.00258676783816014,45.3253263807882,0.00656314862633124
7.1062,45.31916,0.000396767838154233,45.3249743498251,0.00621111766321263
7.11751,45.32592,0.00715676783816122,45.3245412505152,0.00577801835334097
7.12884,45.32009,0.0013267678381581,45.3240566398487,0.00529340768681865
7.14014,45.33256,0.0137967678381585,45.3235529644568,0.00478973229493672
7.15146,45.3331,0.0143367678381594,45.3230655127653,0.00430228060345763
7.16279,45.31607,-0.00269323216183892,45.3226312574936,0.00386802533173057
7.17412,45.32532,0.00655676783815551,45.3222859162089,0.00352268404706155
7.18544,45.31634,-0.00242323216184559,45.3220594269272,0.00329619476533939
7.19673,45.32213,0.00336676783815903,45.3219708827225,0.00320765056068691
7.20805,45.32113,0.00236676783815426,45.3220243360145,0.00326110385261543
7.21936,45.31117,-0.00759323216184526,45.3222067297665,0.00344349760462571
7.23068,45.32456,0.00579676783815586,45.3224887446396,0.00372551247775191
7.24199,45.32638,0.00761676783815801,45.3228286874488,0.00406545528694465
7.25332,45.32529,0.0065267678381602,45.3231787510446,0.00441551888277024
7.26465,45.33057,0.0118067678381593,45.3234922946401,0.00472906247829773
7.27598,45.31872,-4.32321618433207e-05,45.3237305821493,0.00496734998741931
7.28732,45.32658,0.00781676783815755,45.323867775096,0.00510454293414459
7.29864,45.32498,0.00621676783815417,45.3238936279299,0.0051303957680697
7.30996,45.32249,0.00372676783815962,45.3238139049147,0.00505067275289543
7.32129,45.31751,-0.0012532321618437,45.3236488673689,0.00488563520709054
7.33261,45.32871,0.00994676783815862,45.323430298189,0.00466706602719347
7.34392,45.32684,0.00807676783815481,45.3231974716514,0.00443423948951999
7.35522,45.32269,0.00392676783815915,45.3229923055253,0.00422907336344041
7.36654,45.32304,0.00427676783815656,45.3228538653202,0.00409063315833411
7.37785,45.32445,0.00568676783815647,45.3228126083225,0.0040493761606528
7.38918,45.31944,0.000676767838157843,45.3228851574602,0.00412192529834862
7.40052,45.31203,-0.0067332321618423,45.3230707214717,0.00430748930980767
7.41185,45.32236,0.00359676783816099,45.3233503218037,0.00458708964189279
7.42317,45.3209,0.00213676783815941,45.3236895901992,0.00492635803731706
7.43449,45.32931,0.0105467678381572,45.3240450175716,0.00528178540976159
7.44581,45.33035,0.0115867678381605,45.3243724342915,0.0056092021296571
7.45713,45.32726,0.00849676783816022,45.3246357029781,0.00587247081624337
7.46845,45.33001,0.0112467678381591,45.324813498166,0.00605026600419827
7.47976,45.32277,0.00400676783815612,45.3249026395202,0.00613940735840495
7.49107,45.32392,0.00515676783815877,45.3249174212433,0.00615418908150788
7.50239,45.32965,0.0108867678381586,45.3248853344092,0.00612210224736025
7.51371,45.32305,0.00428676783815973,45.3248402434712,0.00607701130934012
7.525,45.32352,0.0047567678381597,45.3248144400724,0.00605120791052669
7.53631,45.31394,-0.00482323216184,45.3248311930862,0.00606796092431916
7.54764,45.3193,0.000536767838156038,45.3248994498986,0.0061362177367612
7.55896,45.32417,0.00540676783815996,45.3250119917706,0.0062487596087278
7.5703,45.33714,0.0183767678381557,45.325147437652,0.00638420549020729
7.5816,45.3285,0.00973676783815591,45.325275300875,0.00651206871313632
7.59294,45.32063,0.00186676783815898,45.3253624944476,0.00659926228572796
7.60424,45.32022,0.00145676783815674,45.3253797127243,0.00661648056242464
7.61558,45.3312,0.0124367678381603,45.325306730695,0.00654349853313042
7.6269,45.32607,0.00730676783815909,45.3251361625473,0.00637293038546192
7.63822,45.33028,0.0115167678381596,45.3248752887787,0.00611205661682224
7.64952,45.32221,0.00344676783815601,45.3245455132057,0.00578228104384322
7.66085,45.32843,0.00966676783815501,45.3241792501797,0.00541601801785257
7.67218,45.32344,0.00467676783815563,45.3238145762023,0.00505134404041588
7.68352,45.32156,0.00279676783815574,45.3234885641532,0.00472533199136577
7.69483,45.30866,-0.0101032321618391,45.3232306620192,0.00446742985740338
7.70613,45.32603,0.0072667678381606,45.3230576345989,0.00429440243703135
7.71745,45.32693,0.00816676783815495,45.3229712604868,0.0042080283249523
7.72874,45.32253,0.0037667678381581,45.3229591528588,0.00419592069696431
7.74006,45.32276,0.00399676783816005,45.3229981595785,0.00423492741668002
7.75136,45.3233,0.00453676783816093,45.3230593021311,0.00429606996927735
7.76266,45.32432,0.00555676783815784,45.3231132043569,0.00434997219509762
7.77396,45.32477,0.00600676783815857,45.3231351384706,0.00437190630875207
7.78532,45.32565,0.00688676783816078,45.3231089717243,0.00434573956244037
7.79664,45.32069,0.00192676783815671,45.3230294696532,0.00426623749138378
7.80793,45.3278,0.0090367678381611,45.3229026756077,0.00413944344589758
7.81928,45.32242,0.00365676783815871,45.3227444173048,0.00398118514291851
7.83058,45.31694,-0.00182323216183988,45.3225773229396,0.00381409077775521
7.84191,45.32085,0.00208676783815775,45.3224270063182,0.00366377415631541
7.85324,45.32475,0.00598676783815932,45.3223182021541,0.00355496999224473
7.86458,45.32101,0.0022467678381588,45.3222714862091,0.00350825404725127
7.87589,45.3249,0.0061367678381572,45.3223008647798,0.00353763261800329
7.88724,45.32226,0.00349676783815767,45.3224122146741,0.00364898251226586
7.89855,45.32562,0.00685676783815836,45.3226024784406,0.00383924627879422
7.90988,45.31391,-0.00485323216184241,45.3228596453971,0.00409641323526485
7.9212,45.32401,0.00524676783815892,45.3231637312949,0.00440049913308582
7.93252,45.31762,-0.00114323216184431,45.3234890097266,0.00472577756472959
7.94384,45.33334,0.0145767678381574,45.3238074776102,0.00504424544837102
7.95516,45.32473,0.00596676783816008,45.3240930085893,0.00532977642747174
7.96647,45.32879,0.0100267678381556,45.3243252007876,0.00556196862572403
7.9778,45.32591,0.00714676783815804,45.3244919239917,0.00572869182984885
7.98912,45.31561,-0.00315323216184282,45.3245900718982,0.00582683973638267
8.00046,45.32229,0.00352676783816008,45.3246247126651,0.00586148050321975
8.01178,45.3329,0.0141367678381599,45.3246072546641,0.00584402250224488
8.02308,45.32291,0.00414676783815793,45.324553171965,0.0057899398031906
8.03438,45.32874,0.00997676783816104,45.324479486714,0.00571625455214545
8.0457,45.32005,0.00128676783815962,45.3244020498099,0.00563881764807701
8.057,45.32124,0.00247676783816075,45.3243328842709,0.00556965210908748
8.06832,45.31695,-0.00181323216184381,45.3242781825074,0.00551495034553248
8.07967,45.32994,0.0111767678381582,45.3242375788756,0.00547434671380565
8.09101,45.32998,0.0112167678381567,45.3242049078826,0.00544167572079247
8.10234,45.3214,0.0026367678381547,45.3241700523421,0.00540682018026199
8.11366,45.32744,0.00867676783816052,45.3241211423492,0.00535791018735598
8.12497,45.32011,0.00134676783815735,45.3240465194607,0.00528328729881368
8.13628,45.32211,0.00334676783815979,45.3239363120107,0.00517307984884847
8.14758,45.32736,0.00859676783815644,45.3237837875376,0.00502055537572124
8.15891,45.31542,-0.00334323216183918,45.3235866768452,0.00482344468338967
8.1702,45.32734,0.0085767678381572,45.3233484682414,0.00458523607953308
8.18148,45.32926,0.0104967678381556,45.3230793833453,0.00431615118343242
8.1928,45.32681,0.0080467678381595,45.3227964932718,0.00403326110996641
8.20412,45.31845,-0.000313232161843757,45.322522405406,0.00375917324417937
8.2154,45.32358,0.00481676783815743,45.3222823135704,0.00351908140856412
8.22673,45.3241,0.00533676783815906,45.3220998371304,0.00333660496859146
8.23804,45.31483,-0.00393323216184172,45.3219926161397,0.00322938397788716
8.24938,45.31732,-0.00144323216184006,45.3219688523439,0.00320562018207294
8.26066,45.31902,0.000256767838159533,45.3220258761199,0.00326264395809351
8.27199,45.3256,0.00683676783815912,45.3221513647243,0.00338813256245375
8.28331,45.32354,0.00477676783815895,45.3223270730796,0.00356384091780979
8.29465,45.32162,0.00285676783816058,45.3225341414325,0.00377090927069115
8.30596,45.3288,0.0100367678381588,45.3227585749828,0.00399534282095555
8.31728,45.3289,0.010136767838155,45.3229954732387,0.00423224107687616
8.32862,45.32143,0.00266676783815711,45.3232509297384,0.00448769757650864
8.33995,45.31891,0.000146767838160144,45.3235411323459,0.00477790018403435
8.35129,45.32104,0.00227676783816122,45.3238889285803,0.00512569641844403
8.36261,45.33762,0.0188567678381588,45.324318666235,0.00555543407314887
8.37394,45.31258,-0.00618323216184535,45.3248502524471,0.00608702028526769
8.38527,45.33475,0.0159867678381573,45.3254932763888,0.00673004422700583
8.39658,45.3152,-0.00356323216184506,45.3262420493477,0.00747881718585996
8.40788,45.32293,0.00416676783815717,45.3270725395682,0.00830930740638284
8.4192,45.32784,0.00907676783815958,45.3279421170642,0.0091788849023827
8.43051,45.33328,0.0145167678381597,45.3287925580639,0.0100293259020977
8.44181,45.33063,0.011866767838157,45.3295559999354,0.0107927677735776
8.45311,45.32634,0.00757676783815953,45.3301628697272,0.0113996375653815
8.46441,45.33549,0.0167267678381577,45.3305505565369,0.011787324375031
8.47572,45.3242,0.00543676783815528,45.3306717069343,0.011908474772494
8.48706,45.33545,0.0166867678381593,45.3305011945354,0.0117379623735498
8.49835,45.3359,0.01713676783816,45.3300408740865,0.0112776419246979
8.50969,45.32837,0.00960676783815728,45.3293212519266,0.0105580197647056
8.521,45.33677,0.018006767838159,45.3283993927143,0.00963616055242588
8.53232,45.32393,0.00516676783815484,45.3273528840112,0.00858965184934933
8.54362,45.33041,0.0116467678381582,45.3262704469907,0.00750721482886752
8.55494,45.30973,-0.00903323216184049,45.3252405966168,0.00647736445493321
8.56626,45.32698,0.00821676783815661,45.3243403383181,0.00557710615629598
8.57759,45.32006,0.00129676783815569,45.3236259642461,0.00486273208424381
8.58891,45.32385,0.00508676783815787,45.3231274732889,0.00436424112708599
8.60023,45.31982,0.00105676783815767,45.3228472261383,0.0040839939764359
8.61153,45.32459,0.00582676783815828,45.322762582317,0.00399935015513554
8.62286,45.32386,0.00509676783816104,45.3228316797373,0.00406844757544233
8.63418,45.32295,0.00418676783815641,45.3230011827563,0.00423795059441042
8.6455,45.32784,0.00907676783815958,45.3232146818608,0.00445144969896282
8.65681,45.32544,0.00667676783815807,45.3234204806199,0.00465724845800711
8.66812,45.3224,0.00363676783815947,45.3235777613037,0.00481452914183184
8.67944,45.32142,0.00265676783816104,45.3236605431083,0.00489731094649728
8.69078,45.32407,0.00530676783815665,45.323659311449,0.0048960792872066
8.70212,45.32782,0.00905676783816034,45.3235805122181,0.00481728005626916
8.71342,45.32271,0.00394676783815839,45.3234441925587,0.00468096039680806
8.72474,45.32088,0.00211676783816017,45.3232800742375,0.00451684207567077
8.73606,45.32606,0.00729676783815592,45.3231224461611,0.00435921399928859
8.7474,45.32542,0.00665676783815883,45.3230044458317,0.00424121366983886
8.75873,45.31822,-0.000543232161845708,45.3229524538971,0.00418922173524698
8.77004,45.31785,-0.000913232161842359,45.3229814352909,0.00421820312908244
8.78136,45.32328,0.00451676783815458,45.3230921118458,0.00432887968391182
8.79267,45.32093,0.00216676783815473,45.3232706926059,0.00450746044405463
8.80398,45.32425,0.00548676783815694,45.3234914127371,0.00472818057528203
8.81529,45.32417,0.00540676783815996,45.3237214919697,0.004958259807853
8.82662,45.3235,0.00473676783816046,45.3239275852999,0.00516435313808144
8.83796,45.32447,0.00570676783815571,45.3240824913478,0.00531925918599265
8.84926,45.33123,0.0124667678381556,45.3241707794458,0.00540754728391691
8.8606,45.33231,0.0135467678381573,45.3241920581263,0.00542882596448229
8.87192,45.31963,0.000866767838154203,45.3241609119534,0.00539767979157247
8.88324,45.32804,0.00927676783815912,45.324103201866,0.0053399697041979
8.89456,45.32034,0.0015767678381593,45.3240493707452,0.00528613858340002
8.90584,45.32099,0.00222676783815956,45.3240262673815,0.00526303521969768
8.91716,45.31884,7.67678381592418e-05,45.3240494676174,0.00528623545555812
8.92848,45.32043,0.00166676783815944,45.3241180362671,0.005354804105216
8.93983,45.31654,-0.00222323216183895,45.3242131834238,0.00544995126199317
8.95114,45.32333,0.00456676783815624,45.3243013969951,0.00553816483325557
8.96248,45.33456,0.015796767838161,45.3243415039978,0.00557827183592301
8.9738,45.33112,0.0123567678381562,45.3242939855438,0.00553075338192912
8.98511,45.32495,0.00618676783815886,45.3241301796498,0.00536694748791874
8.99645,45.32403,0.00526676783815816,45.3238391423743,0.00507591021245344
9.00778,45.32281,0.00404676783815461,45.3234308335955,0.00466760143365932
9.01912,45.32624,0.00747676783815621,45.322935397682,0.00417216552013411
9.03042,45.31978,0.00101676783815918,45.32239910648,0.00363587431816537
9.04173,45.31856,-0.000203232161844369,45.3218779316622,0.00311469950040412
9.05307,45.3212,0.00243676783815516,45.3214298668598,0.00266663469800414
9.0644,45.32331,0.004546767838157,45.3211070937828,0.00234386162095251
9.07568,45.32395,0.00518676783816119,45.3209488838737,0.00218565171182361
9.08702,45.32011,0.00134676783815735,45.320975886806,0.00221265464418739
9.09833,45.31094,-0.00782323216184011,45.3211863922713,0.00242316010948284
9.10964,45.32107,0.00230676783815653,45.3215552524723,0.0027920203104247
9.12095,45.3214,0.0026367678381547,45.3220361066439,0.00327287448209612
9.13229,45.32127,0.00250676783815607,45.3225670779288,0.00380384576698137
9.14362,45.3284,0.0096367678381597,45.3230793301028,0.00431609794099492
9.15495,45.31944,0.000676767838157843,45.3235071711333,0.00474393897141347
9.16627,45.32673,0.00796676783815542,45.3237980444893,0.00503481232745828
9.1776,45.33157,0.0128067678381569,45.323920740732,0.00515750857012645
9.18895,45.33023,0.0114667678381579,45.3238703698573,0.00510713769546798
9.20029,45.32042,0.00165676783815627,45.323669070317,0.0049058381551411
9.2116,45.32226,0.00349676783815767,45.3233621920135,0.00459895985168793
9.2229,45.32275,0.00398676783815688,45.3230106583324,0.00424742617054505
9.23424,45.31929,0.000526767838159969,45.3226809904681,0.00391775830622527
9.24555,45.32336,0.00459676783815866,45.3224347699486,0.00367153778670872
9.25688,45.31792,-0.000843232161841456,45.322319179981,0.00355594781914263
9.26818,45.32601,0.00724676783815426,45.3223599287739,0.00359669661206116
9.27953,45.31293,-0.00583323216184084,45.3225574697822,0.00379423762035593
9.29084,45.3242,0.00543676783815528,45.3228870345421,0.00412380238021544
9.30218,45.32106,0.00229676783816046,45.3233025431809,0.00453931101903182
9.31347,45.32583,0.00706676783816107,45.3237438981857,0.0049806660238095
9.3248,45.32278,0.0040167678381593,45.3241465504538,0.00538331829193925
9.33614,45.33436,0.0155967678381543,45.3244517362622,0.00568850410034636
9.34747,45.32605,0.00728676783815985,45.3246155986339,0.0058523664720509
9.35878,45.31977,0.00100676783815601,45.3246156162975,0.00585238413571059
9.37011,45.3341,0.0153367678381571,45.3244533389313,0.00569010676943
9.38141,45.32461,0.00584676783815752,45.3241531737858,0.00538994162400096
9.3927,45.31905,0.000286767838154844,45.3237576582438,0.00499442608196249
9.404,45.32085,0.00208676783815775,45.3233202255557,0.00455699339384935
9.41534,45.32115,0.00238676783816061,45.3228969030185,0.00413367085666085
9.42663,45.31908,0.000316767838157261,45.3225384998503,0.00377526768847837
9.43795,45.31899,0.000226767838157116,45.3222845248891,0.00352129272725569
9.44927,45.33101,0.0122467678381568,45.3221594566231,0.00339622446123573
9.4606,45.32026,0.00149676783815522,45.3221713347558,0.0034081025939158
9.47187,45.32213,0.00336676783815903,45.3223122058714,0.00354897370960566
9.48317,45.32095,0.00218676783816107,45.3225598915174,0.00379665935557981
9.49448,45.32521,0.00644676783815612,45.3228807651761,0.00411753301428315
9.50577,45.31573,-0.00303323216184026,45.3232334394166,0.00447020725475343
9.51707,45.32685,0.00808676783815798,45.3235732826235,0.00481005046168801
9.52837,45.32554,0.00677676783815429,45.3238575086351,0.005094276473208
9.5397,45.32322,0.00445676783815685,45.3240503037638,0.00528707160196553
9.551,45.32512,0.00635676783815597,45.3241272164579,0.00536398429608115
9.56229,45.3326,0.013836767838157,45.3240779787177,0.005314746555816
9.57358,45.32322,0.00445676783815685,45.3239071004204,0.00514386825852236
9.5849,45.32357,0.00480676783815426,45.3236319709016,0.00486873873975747
9.59624,45.31974,0.000976767838160697,45.3232787969469,0.00451556478508181
9.60754,45.31977,0.00100676783815601,45.3228773353652,0.00411410320336723
9.61883,45.32111,0.00234676783815502,45.3224557325095,0.00369250034766748
9.63016,45.32236,0.00359676783816099,45.3220366815173,0.00327344935546541
9.64147,45.31926,0.000496767838157552,45.321635655742,0.00287242358011289
9.65281,45.3183,-0.000463232161841631,45.3212614259919,0.00249819383002267
9.66412,45.31832,-0.000443232161842388,45.3209185835281,0.00215535136624659
9.67542,45.32413,0.00536676783815437,45.3206113509673,0.00184811880543984
9.6867,45.33422,0.0154567678381596,45.3203475130081,0.00158428084620808
9.69803,45.31844,-0.000323232161839826,45.3201409889066,0.00137775674479451
9.70934,45.32299,0.0042267678381549,45.3200117459661,0.00124851380426748
9.72065,45.3177,-0.00106323216184023,45.3199825751497,0.00121934298786336
9.73197,45.31841,-0.000353232161842243,45.3200733868834,0.00131015472159688
9.74329,45.31382,-0.00494323216184256,45.3202945789493,0.00153134678746593
9.7546,45.31532,-0.0034432321618425,45.3206413523995,0.00187812023767321
9.76594,45.32253,0.0037667678381581,45.3210905865574,0.00232735439558104
9.77727,45.32383,0.00506676783815863,45.3216011626197,0.00283793045783872
9.78858,45.32169,0.00292676783815438,45.3221177175153,0.0033544853534827
9.7999,45.32084,0.00207676783815458,45.3225770874286,0.00381385526674367
9.81123,45.32165,0.00288676783815589,45.3229163755375,0.00415314337566449
9.82254,45.32069,0.00192676783815671,45.3230815226918,0.00431829052991098
9.83388,45.33755,0.0187867678381579,45.3230352036233,0.00427197146142706
9.84518,45.32245,0.00368676783816113,45.3227627627706,0.00399953060879918
9.8565,45.32027,0.0015067678381584,45.3222750017159,0.00351176955402578
9.8678,45.32497,0.0062067678381581,45.3216071817102,0.00284394954834076
9.87915,45.31895,0.00018676783815863,45.3208144636004,0.0020512314386057
9.89045,45.31633,-0.00243323216184166,45.3199647476453,0.00120151548343946
9.90177,45.32194,0.00317676783815557,45.3191302461048,0.000367013942939832
9.91305,45.3148,-0.00396323216184413,45.3183791662015,-0.000384065960293751
9.92436,45.31394,-0.00482323216184,45.3177687236234,-0.000994508538399477
9.93568,45.31347,-0.00529323216183997,45.3173404235617,-0.00142280860017209
9.947,45.31747,-0.00129323216184218,45.3171181381592,-0.00164509400265361
9.95832,45.32027,0.0015067678381584,45.3171089357545,-0.00165429640736686
9.96964,45.32034,0.0015767678381593,45.3173059605781,-0.00145727158377011
9.98095,45.32156,0.00279676783815574,45.3176921899493,-0.00107104221253798
9.99226,45.31616,-0.00260323216183878,45.3182438584218,-0.000519373740014702
10.00355,45.31823,-0.000533232161842534,45.3189327319905,0.000169499828607752
10.01486,45.32842,0.00965676783815894,45.3197269916544,0.000963759492543673
10.02619,45.31442,-0.00434323216184396,45.320590984365,0.00182775220311245
10.03749,45.31498,-0.00378323216184384,45.3214844604702,0.0027212283083322
10.0488,45.32133,0.0025667678381609,45.32236216969,0.00359893752819469
10.06012,45.32471,0.00594676783816084,45.3231746990137,0.00441146685187056
10.07144,45.32166,0.00289676783815906,45.3238710406134,0.00510780845155381
10.08277,45.32699,0.00822676783815979,45.3244027257219,0.00563949356003544
10.09412,45.32525,0.00648676783815461,45.3247288177956,0.00596558563377719
10.10543,45.32982,0.0110567678381557,45.3248208223075,0.00605759014567304
10.11675,45.3222,0.00343676783815994,45.3246666155575,0.00590338339563002
10.12807,45.32393,0.00516676783815484,45.3242727519825,0.00550951982062126
10.13939,45.3224,0.00363676783815947,45.3236648794013,0.00490164723948105
10.15072,45.32596,0.0071967678381597,45.3228862991779,0.00412306701601309
10.16203,45.32423,0.00546676783815769,45.321994831663,0.00323159950119195
10.17333,45.32024,0.00147676783815598,45.3210581658016,0.00229493363977006
10.18468,45.32046,0.00169676783815476,45.3201479728181,0.00138474065622535
10.19601,45.31732,-0.00144323216184006,45.3193333079865,0.000570075824702164
10.20732,45.31473,-0.00403323216184504,45.318674077449,-8.91547128105018e-05
10.21863,45.32116,0.00239676783815668,45.3182154303229,-0.000547801838917503
10.22996,45.31693,-0.00183323216184306,45.3179837842971,-0.000779447864728712
10.2413,45.31721,-0.00155323216183945,45.3179848937061,-0.00077833845575113
10.25262,45.31422,-0.00454323216184349,45.3182040850284,-0.000559147133453934
10.26393,45.31966,0.00089676783815662,45.3186085864349,-0.000154645726954101
10.27526,45.32117,0.00240676783815985,45.3191516811787,0.00038844901687383
10.28659,45.32175,0.00298676783815921,45.3197781516969,0.00101491953505083
10.29791,45.31947,0.00070676783816026,45.3204302599672,0.00166702780533539
10.30923,45.32361,0.00484676783815985,45.3210534947812,0.00229026261938806
10.32058,45.31847,-0.000293232161844514,45.3216015162723,0.00283828411045807
10.33187,45.32149,0.00272676783815484,45.322039991099,0.00327675893717954
10.34321,45.32336,0.00459676783815866,45.3223491829016,0.003585950739737
10.3545,45.32301,0.00424676783815414,45.3225251795197,0.00376194735780707
10.36581,45.32906,0.010296767838156,45.3225795537807,0.00381632161884761
10.37714,45.32006,0.00129676783815569,45.3225372234952,0.00377399133333497
10.38845,45.32541,0.00664676783815565,45.3224324555,0.00366922333815383
10.39977,45.31701,-0.00175323216183898,45.3223033582694,0.00354012610753805
10.4111,45.32363,0.00486676783815909,45.3221856517601,0.00342241959823956
10.42241,45.32395,0.00518676783816119,45.3221067689436,0.00334353678179125
10.43374,45.3111,-0.00766323216183906,45.3220813476688,0.00331811550691716
10.44508,45.32387,0.00510676783815711,45.3221089803552,0.00334574819334221
10.45642,45.3211,0.00233676783815895,45.3221747421451,0.00341150998324099
10.46772,45.32208,0.00331676783815738,45.3222524796579,0.00348924749603697
10.47901,45.3272,0.00843676783815539,45.3223101933451,0.00354696118322016
10.49033,45.32264,0.00387676783815749,45.3223163430214,0.00355311085959844
10.50165,45.32671,0.00794676783815618,45.3222457597503,0.00348252758841985
10.51297,45.32096,0.00219676783815714,45.3220840757713,0.00332084360945168
10.52426,45.31982,0.00105676783815767,45.3218300638859,0.00306683172408762
10.53558,45.32202,0.00325676783815965,45.3214958122568,0.00273258009495634
10.54691,45.32162,0.00285676783816058,45.3211050447429,0.00234181258110257
10.55825,45.3223,0.00353676783815615,45.320690036245,0.00192680408312946
10.56955,45.32164,0.00287676783815982,45.3202875581026,0.00152432594079034
10.58089,45.3194,0.000636767838159358,45.3199343027181,0.00117107055629997
10.59222,45.31182,-0.006943232161845,45.3196623686301,0.000899136468231918
10.60356,45.32282,0.00405676783815778,45.3194955410875,0.000732308925636101
10.61488,45.31738,-0.00138323216184233,45.3194470773691,0.000683845207222425
10.62618,45.31448,-0.00428323216183912,45.3195193996848,0.000756167522936844
10.63752,45.32226,0.00349676783815767,45.3197056195058,0.000942387343925127
10.64886,45.32691,0.00814676783815571,45.3199923366374,0.00122910447552884
10.66022,45.32317,0.00440676783815519,45.3203627908057,0.00159955864385408
10.67154,45.31836,-0.000403232161843903,45.3207993537288,0.00203612156700513
10.68286,45.32297,0.00420676783815566,45.3212846845782,0.00252145241632317
10.69419,45.32345,0.0046867678381588,45.3218015040433,0.00303827188148104
10.70551,45.31207,-0.00669323216184381,45.3223315192337,0.00356828707189859
10.71682,45.32595,0.00718676783815653,45.3228543133697,0.00409108120789326
10.72816,45.32401,0.00524676783815892,45.3233469575474,0.00458372538558098
10.73949,45.32476,0.00599676783815539,45.3237847612248,0.00502152906291575
10.7508,45.31937,0.000606767838156941,45.324143139123,0.00537990696120555
10.76214,45.32631,0.00754676783815711,45.324400273525,0.00563704136310956
10.77347,45.32901,0.0102467678381544,45.3245401282527,0.0057768960908756
10.78481,45.32164,0.00287676783815982,45.3245552946159,0.00579206245407484
10.79613,45.32483,0.0060667678381563,45.324449108767,0.00568587660520308
10.80743,45.32521,0.00644676783815612,45.3242365618701,0.00547332970822022
10.81875,45.32835,0.00958676783815804,45.3239436935284,0.00518046136651977
10.83009,45.32671,0.00794676783815618,45.32360532269,0.00484209052819806
10.84144,45.31766,-0.00110323216184582,45.323261185247,0.00449795308517588
10.85276,45.32071,0.00194676783815595,45.3229509115277,0.00418767936581713
10.86411,45.32569,0.00692676783815926,45.3227086679382,0.00394543577634892
10.87543,45.32219,0.00342676783815676,45.3225584388271,0.00379520666528815
10.88676,45.31564,-0.00312323216184041,45.3225107728619,0.00374754070004817
10.89808,45.32176,0.00299676783815528,45.3225615480728,0.00379831591099755
10.9094,45.32395,0.00518676783816119,45.3226930219953,0.00392978983350084
10.92073,45.32316,0.00439676783815912,45.3228770386628,0.00411380650094872
10.93202,45.32414,0.00537676783815755,45.323079773254,0.00431654109219826
10.94333,45.32784,0.00907676783815958,45.3232670245693,0.00450379240743691
10.95465,45.32633,0.00756676783815635,45.3234089951444,0.00464576298255143
10.96598,45.32359,0.00482676783816061,45.3234837435301,0.00472051136829878
10.97733,45.31496,-0.00380323216184308,45.3234789778281,0.00471574566627389
10.98867,45.32247,0.00370676783816037,45.3233924010771,0.00462916891529963
11.00001,45.32893,0.0101667678381574,45.3232311034614,0.00446787129960647
11.01132,45.3255,0.0067367678381558,45.3230103352355,0.00424710307364456
11.02264,45.32099,0.00222676783815956,45.322751616326,0.00398838416413266
11.03398,45.3251,0.00633676783815673,45.3224799924516,0.00371676028978396
11.0453,45.32309,0.00432676783815822,45.322220493548,0.0034572613861342
11.05662,45.31486,-0.0039032321618393,45.3219942602156,0.00323102805380556
11.06796,45.32105,0.00228676783815729,45.3218151030863,0.00305187092447548
11.07928,45.32405,0.0052867678381574,45.3216873085519,0.00292407639003258
11.09062,45.31478,-0.00398323216184338,45.3216052577472,0.00284202558538878
11.10194,45.32293,0.00416676783815717,45.3215549666597,0.0027917344978873
11.11325,45.32801,0.0092467678381567,45.321517161188,0.0027539290261422
11.12454,45.32343,0.00466676783815956,45.3214711092562,0.00270787709440148
11.13585,45.32159,0.00282676783815816,45.3213982694427,0.00263503728083449
11.14718,45.31947,0.00070676783816026,45.3212850184285,0.00252178626662196
11.15851,45.31759,-0.00117323216183962,45.3211242187831,0.00236098662126198
11.16984,45.32141,0.00264676783815787,45.3209158478965,0.00215261573465529
11.18118,45.31998,0.00121676783815872,45.3206670313419,0.00190379918008349
11.19249,45.32668,0.00791676783816087,45.3203916141681,0.00162838200624581
11.20382,45.31657,-0.00219323216184364,45.3201091117914,0.0013458796295173
11.21515,45.32354,0.00477676783815895,45.3198427751293,0.00107954296744379
11.22649,45.3194,0.000636767838159358,45.3196166675805,0.000853435418681604
11.23784,45.32305,0.00428676783815973,45.3194519721671,0.000688740005259473
11.24916,45.31381,-0.00495323216184573,45.3193630866545,0.0005998544926916
11.2605,45.31395,-0.00481323216184393,45.3193543608623,0.000591128700431135
11.27182,45.31503,-0.00373323216184218,45.3194184846545,0.0006552524926636
11.28315,45.3203,0.00153676783816081,45.3195373428728,0.000774110711009558
11.29446,45.32284,0.00407676783815702,45.3196855140176,0.000922281855755484
11.30578,45.31998,0.00121676783815872,45.3198357285899,0.00107249642806737
11.31711,45.32727,0.00850676783815629,45.3199649484924,0.00120171633051992
11.32843,45.31806,-0.000703232161839651,45.3200595673709,0.00129633520905002
11.33977,45.31897,0.000206767838157873,45.3201185466569,0.00135531449507352
11.35112,45.32378,0.00501676783815697,45.3201538665717,0.00139063440987582
11.36245,45.32667,0.00790676783815769,45.3201882201898,0.00142498802799952
11.37377,45.31764,-0.00112323216184507,45.3202503012297,0.00148706906790425
11.38512,45.31665,-0.00211323216183956,45.3203684487518,0.00160521658990817
11.39647,45.3139,-0.00486323216184559,45.3205639002431,0.00180066808125176
11.40783,45.31644,-0.00232323216184227,45.3208452420143,0.00208200985244041
11.41916,45.32211,0.00334676783815979,45.3212054720747,0.00244223991285645
11.43047,45.31995,0.0011867678381563,45.3216223366192,0.00285910445734099
11.44176,45.32998,0.0112167678381567,45.3220615940101,0.00329836184825331
11.45309,45.32806,0.00929676783815836,45.3224820631126,0.0037188309507665
11.4644,45.31853,-0.00023323216183968,45.3228410564689,0.00407782430703586
11.47574,45.32289,0.00412676783815868,45.3230991474205,0.00433591525863579
11.48704,45.31502,-0.00374323216184536,45.3232239061155,0.00446067395363011
11.49837,45.33102,0.01225676783816,45.3231927706216,0.00442953845977716
11.50968,45.32477,0.00600676783815857,45.3229952662728,0.00423203411095399
11.52103,45.31913,0.000366767838158921,45.3226344929433,0.00387126078148462
11.53234,45.31846,-0.000303232161840583,45.3221275831411,0.00336435097929885
11.54367,45.33109,0.0123267678381609,45.3215048724116,0.00274164024976759
11.55498,45.32196,0.00319676783815481,45.320807639433,0.00204440727115931
11.56633,45.32181,0.00304676783815694,45.3200843623172,0.00132113015532193
11.57766,45.31664,-0.00212323216184274,45.3193856910094,0.000622458847583221
11.58901,45.31142,-0.00734323216184407,45.318758854043,-4.37811879806296e-06
11.60034,45.31342,-0.00534323216184163,45.3182427052329,-0.000520526928955256
11.61167,45.31975,0.000986767838156766,45.3178646432043,-0.000898588957510591
11.62299,45.31767,-0.00109323216184265,45.3176400655127,-0.00112316664917772
11.63432,45.32059,0.00182676783816049,45.3175741266614,-0.0011891055004797
11.64563,45.32092,0.00215676783815866,45.3176648277759,-0.00109840438598327
11.65694,45.32044,0.00167676783815551,45.3179061926804,-0.000857039481443471
11.66827,45.32156,0.00279676783815574,45.3182904985512,-0.00047273361067711
11.67959,45.31561,-0.00315323216184282,45.3188090726996,4.58405377642948e-05
11.6909,45.31289,-0.00587323216183933,45.3194518345636,0.000688602401799478
11.70224,45.31955,0.000786767838157232,45.3202062952201,0.00144306305828785
11.71358,45.32035,0.00158676783815537,45.3210568551921,0.00229362303020978
11.72489,45.32815,0.00938676783815851,45.3219848838906,0.00322165172871853
11.73623,45.32141,0.00264676783815787,45.3229694808304,0.00420624866856174
11.74756,45.32391,0.0051467678381556,45.3239884310403,0.00522519887846242
11.75888,45.33009,0.0113267678381561,45.3250188821446,0.00625564998278155
11.77023,45.32214,0.0033767678381551,45.3260375610479,0.00727432888609922
11.78156,45.32429,0.00552676783815542,45.3270206858608,0.0082574536989081
11.7929,45.3244,0.00563676783815481,45.3279439730284,0.00918074086656328
11.80424,45.33051,0.0117467678381544,45.3287831770897,0.0100199449278391
11.81552,45.3349,0.0161367678381552,45.3295153481112,0.0107521159493626
11.82682,45.32733,0.00856676783816113,45.3301205760411,0.0113573438792091
11.83813,45.33178,0.0130167678381596,45.3305837246097,0.0118204924478746
11.84944,45.32874,0.00997676783816104,45.3308957129287,0.0121324807668739
11.86078,45.33278,0.0140167678381573,45.3310541334582,0.0122909012963951
11.87212,45.3374,0.01863676783816,45.3310631596612,0.0122999274993372
11.88344,45.32723,0.00846676783815781,45.330932765814,0.0121695336521975
11.89476,45.32317,0.00440676783815519,45.3306774126301,0.0119141804682277
11.9061,45.33434,0.0155767678381551,45.3303145844506,0.0115513522887934
11.9174,45.32488,0.00611676783815795,45.3298636692964,0.0111004371345166
11.92873,45.33606,0.017296767838161,45.3293454397464,0.0105822075845513
11.94008,45.32743,0.00866676783815734,45.3287819481939,0.0100187160320571
11.95141,45.33132,0.0125567678381557,45.3281963336929,0.0094331015310824
11.96274,45.32759,0.00882676783815839,45.3276120444081,0.00884881224623477
11.97407,45.32848,0.00971676783815667,45.3270512568088,0.00828802464691661
11.98542,45.32648,0.00771676783815423,45.3265326587297,0.00776942656787337
11.99676,45.32159,0.00282676783815816,45.3260691239359,0.00730589177410134
12.00806,45.31671,-0.00205323216184183,45.325666044734,0.0069028125721807
12.01938,45.32827,0.00950676783816107,45.3253210728167,0.00655784065485097
12.03071,45.32844,0.00967676783815818,45.3250256073064,0.00626237514458158
12.04204,45.33022,0.0114567678381547,45.324767645987,0.00600441382517978
12.05332,45.32529,0.0065267678381602,45.3245349990695,0.00577176690763193
12.06466,45.32275,0.00398676783815688,45.3243177868379,0.0055545546760547
12.07599,45.32293,0.00416676783815717,45.3241096140056,0.00534638184374032
12.08734,45.32615,0.00738676783815606,45.3239074387984,0.00514420663658359
12.09868,45.32294,0.00417676783816034,45.3237105545132,0.00494732235131004
12.11001,45.31802,-0.000743232161845242,45.3235192114693,0.0047559793074877
12.12135,45.32296,0.00419676783815959,45.32333336064,0.00457012847818089
12.13268,45.33288,0.0141167678381606,45.3231518557326,0.00438862357074758
12.14401,45.31606,-0.0027032321618421,45.3229722086696,0.00420897650780439
12.15533,45.32073,0.00196676783815519,45.3227907937689,0.00402756160701928
12.16664,45.32565,0.00688676783816078,45.3226033947025,0.00384016254062509
12.17797,45.32114,0.00237676783815743,45.3224060765152,0.00364284435334635
12.18929,45.32476,0.00599676783815539,45.3221963299542,0.00343309779240601
12.20065,45.32033,0.00156676783815612,45.3219743110813,0.00321107891941813
12.21195,45.32242,0.00365676783815871,45.3217439664485,0.00298073428663801
12.22325,45.31271,-0.00605323216183962,45.3215139139462,0.00275068178439328
12.23456,45.33163,0.0128667678381547,45.3212979902065,0.0025347580446934
12.2459,45.32186,0.0030967678381586,45.3211152549855,0.00235202282369967
12.25722,45.32271,0.00394676783815839,45.3209890499647,0.00222581780282305
12.26853,45.32161,0.0028467678381574,45.3209447189054,0.00218148674355983
12.27986,45.32072,0.00195676783815912,45.3210059615484,0.002242729386519
12.2912,45.31884,7.67678381592418e-05,45.3211903397585,0.0024271075966731
12.30252,45.31809,-0.000673232161844339,45.3215048804269,0.00274164826509448
12.31386,45.32106,0.00229676783816046,45.3219428594954,0.00317962733357535
12.32515,45.31979,0.00102676783815525,45.3224826813099,0.00371944914801791
12.33648,45.31973,0.000966767838157523,45.3230893420402,0.00432610987835766
12.34783,45.32747,0.00870676783815583,45.3237183965164,0.00495516435453268
12.35915,45.32713,0.00836676783815449,45.3243217642904,0.0055585321285923
12.37046,45.32296,0.00419676783815959,45.3248542558011,0.00609102363929277
12.38177,45.3336,0.0148367678381547,45.3252795258825,0.0065162937206121
12.3931,45.32187,0.00310676783815467,45.3255743324799,0.00681110031805605
12.40444,45.32903,0.0102667678381607,45.3257304066339,0.0069671744720265
12.41578,45.32555,0.00678676783815746,45.32575377518,0.00699054301820234
12.42708,45.32565,0.00688676783816078,45.3256618871275,0.00689865496566556
12.43843,45.32153,0.00276676783816043,45.3254792835388,0.00671605137691085
12.44974,45.32286,0.00409676783815627,45.3252327682031,0.00646953604128089
12.46108,45.32493,0.00616676783815961,45.3249470377282,0.00618380556636074
12.47239,45.32813,0.00936676783815926,45.324641482652,0.00587825049012691
12.48374,45.3245,0.00573676783815813,45.3243284707511,0.00556523858923567
12.49508,45.31915,0.000386767838158164,45.3240131029814,0.00524987081953097
12.50642,45.31923,0.000466767838155135,45.3236943358805,0.00493110371867635
12.51774,45.32836,0.00959676783816121,45.3233673510194,0.00460411885755323
12.52908,45.32553,0.00676676783815822,45.3230268647683,0.00426363260644816
12.54041,45.32116,0.00239676783815668,45.3226707129301,0.00390748076821071
12.5517,45.32753,0.00876676783816066,45.3223028154014,0.00353958323952305
12.56304,45.32188,0.00311676783815784,45.3219347441729,0.00317151201103601
12.57433,45.31919,0.00042676783815665,45.3215855015298,0.00282226936798595
12.58566,45.32175,0.00298676783815921,45.3212795603838,0.00251632822196436
12.59702,45.32505,0.00628676783815507,45.3210435742695,0.00228034210770009
12.60833,45.31666,-0.00210323216184349,45.3209023600866,0.00213912792480476
12.61965,45.31844,-0.000323232161839826,45.3208748313803,0.00211159921846466
12.63098,45.31979,0.00102676783815525,45.3209705845801,0.00220735241821046
12.64229,45.32249,0.00372676783815962,45.3211877645849,0.0024245324230494
12.65362,45.32076,0.00199676783815761,45.321512574838,0.00274934267618786
12.66496,45.32268,0.00391676783815598,45.3219204360881,0.00315720392627296
12.67626,45.31914,0.00037676783815499,45.322378523451,0.00361529128912215
12.6876,45.326,0.00723676783815819,45.3228492835016,0.0040860513397646
12.69891,45.32409,0.00532676783815589,45.3232944688279,0.00453123666604415
12.71027,45.32356,0.00479676783815819,45.3236791712772,0.00491593911532618
12.72162,45.32425,0.00548676783815694,45.3239753373637,0.00521210520186975
12.73294,45.32145,0.00268676783815636,45.3241643549867,0.00540112282484231
12.74428,45.33503,0.0162667678381609,45.3242384505946,0.00547521843277107
12.7556,45.32046,0.00169676783815476,45.3242007688047,0.00543753664284793
12.76694,45.31532,-0.0034432321618425,45.3240641909006,0.00530095873870836
12.77824,45.32694,0.00817676783815813,45.3238492382418,0.0050860060799419
12.78958,45.32763,0.00886676783815687,45.3235816097808,0.00481837761899293
12.80092,45.32254,0.00377676783815417,45.3232897900679,0.00452655790606408
12.81225,45.31842,-0.000343232161839069,45.3230028737259,0.00423964156407203
12.8236,45.32018,0.00141676783815825,45.3227486121509,0.00398537998907714
12.83494,45.3263,0.00753676783816104,45.3225516940987,0.00378846193688216
12.84626,45.3329,0.0141367678381599,45.3224321610971,0.00366892893528843
12.85761,45.32379,0.00502676783816014,45.3224036534644,0.00364042130260663
12.86896,45.30998,-0.00878323216183929,45.3224712699934,0.00370803783155141
12.8803,45.32243,0.00366676783815478,45.3226293867048,0.00386615454299315
12.89165,45.32143,0.00266676783815711,45.322860391755,0.00409715959312664
12.903,45.3207,0.00193676783815988,45.3231353418975,0.00437210973570329
12.91435,45.32608,0.00731676783815516,45.3234169494581,0.00465371729628581
12.92569,45.32542,0.00665676783815883,45.3236645280987,0.00490129593686136
12.93702,45.32294,0.00417676783816034,45.3238399906976,0.00507675853573052
12.94835,45.32544,0.00667676783815807,45.3239138150396,0.0051505828777429
12.95968,45.32469,0.00592676783815449,45.3238699829085,0.00510675074663503
12.97102,45.32401,0.00524676783815892,45.3237091078943,0.0049458757324604
12.98234,45.33201,0.0132467678381545,45.3234491955552,0.00468596339340243
12.99364,45.32228,0.00351676783815691,45.3231237496408,0.00436051747899147
13.00497,45.319,0.00023676783816029,45.3227773549473,0.00401412278541572
13.0163,45.31727,-0.00149323216184172,45.32245944231,0.00369621014819974
13.02764,45.32063,0.00186676783815898,45.3222174390404,0.00345420687851257
13.03897,45.32723,0.00846676783815781,45.3220905875143,0.00332735535242423
13.05031,45.31853,-0.00023323216183968,45.3221053132643,0.00334208110244626
13.06165,45.32493,0.00616676783815961,45.3222724753711,0.00350924320928455
13.07297,45.3172,-0.00156323216184262,45.3225865008814,0.00382326871958064
13.08428,45.3209,0.00213676783815941,45.3230263211115,0.00426308894964318
13.0956,45.32886,0.0100967678381565,45.3235579554634,0.00479472330156787
13.10692,45.32886,0.0100967678381565,45.3241383667766,0.0053751346147805
13.11823,45.32039,0.00162676783816096,45.3247199645871,0.00595673242530589
13.12953,45.32394,0.00517676783815801,45.3252551256824,0.00649189352056875
13.14083,45.32344,0.00467676783815563,45.3257003745617,0.00693714239990559
13.15217,45.32843,0.00966676783815501,45.3260201211805,0.00725688901870255
13.16348,45.3308,0.0120367678381612,45.3261898252207,0.0074265930588235
13.17483,45.3204,0.00163676783815703,45.3261982478488,0.00743501568696755
13.18618,45.3308,0.0120367678381612,45.3260483558908,0.00728512372895453
13.1975,45.33338,0.0146167678381559,45.3257565713726,0.00699333921071332
13.20884,45.31746,-0.00130323216184536,45.325350323442,0.00658709128015384
13.22014,45.32528,0.00651676783815702,45.3248642073051,0.00610097514324421
13.23149,45.32149,0.00272676783815484,45.3243354498446,0.00557221768272136
13.24278,45.32154,0.0027767678381565,45.3237996242489,0.00503639208701525
13.25409,45.32372,0.00495676783815924,45.3232874374366,0.00452420527479973
13.26544,45.32237,0.00360676783815705,45.3228229903068,0.00405975814495388
13.27677,45.32639,0.00762676783816119,45.3224234229992,0.00366019083736356
13.28811,45.32095,0.00218676783816107,45.3220995074963,0.00333627533446221
13.29942,45.32282,0.00405676783815778,45.3218566369868,0.00309340482492447
13.31074,45.32354,0.00477676783815895,45.3216957780011,0.00293254583926698
13.32204,45.31682,-0.00194323216184245,45.3216141880818,0.00285095591992578
13.33333,45.32446,0.00569676783815964,45.3216059212142,0.00284268905238901
13.34465,45.31911,0.000346767838159678,45.3216622531113,0.00289902094944728
13.35596,45.32364,0.00487676783815516,45.3217721310754,0.0030088989135754
13.36729,45.32624,0.00747676783815621,45.3219226403498,0.0031594081879305
13.37862,45.31772,-0.00104323216184099,45.3220994011065,0.00333616894470275
13.38993,45.32117,0.00240676783815985,45.3222868671898,0.00352363502791175
13.40123,45.32309,0.00432676783815822,45.3224686534124,0.00370542125051757
13.41256,45.32432,0.00555676783815784,45.3226281097501,0.0038648775882324
13.42388,45.31681,-0.00195323216184562,45.3227492866937,0.00398605453186877
13.43519,45.32975,0.0109867678381548,45.3228182732163,0.00405504105450569
13.44651,45.32031,0.00154676783815688,45.3228247530548,0.0040615208929349
13.45782,45.31973,0.000966767838157523,45.3227635478282,0.00400031566638908
13.46916,45.32389,0.00512676783815635,45.3226358912206,0.0038726590587563
13.48051,45.32918,0.0104167678381586,45.322450172803,0.00368694064116726
13.49183,45.31652,-0.0022432321618453,45.3222218608949,0.00345862873306783
13.50316,45.32846,0.00969676783815743,45.3219723298935,0.00320909773168624
13.51444,45.31828,-0.000483232161840874,45.3217264957794,0.0029632636175789
13.52576,45.32579,0.00702676783815548,45.321509472813,0.00274624065112918
13.5371,45.31293,-0.00583323216184084,45.3213427698641,0.00257953770228177
13.54843,45.32053,0.00176676783815566,45.3212407520499,0.00247751988808571
13.55976,45.32843,0.00966676783815501,45.32120811876,0.0024448865981669
13.57111,45.31176,-0.00700323216184273,45.3212389373021,0.0024757051402701
13.58243,45.32388,0.00511676783816029,45.321317431306,0.00255419914420581
13.59378,45.32201,0.00324676783815647,45.3214204359186,0.00265720375674825
13.60514,45.32084,0.00207676783815458,45.321521219156,0.00275798699418979
13.61644,45.32075,0.00198676783815444,45.3215941624255,0.00283093026369913
13.62779,45.3219,0.00313676783815708,45.3216196224281,0.00285639026629693
13.63912,45.32489,0.00612676783816113,45.3215882091929,0.00282497703105856
13.65046,45.32059,0.00182676783816049,45.3215036871032,0.00274045494133155
13.6618,45.32915,0.0103867678381562,45.321383748402,0.00262051624017967
13.67313,45.32336,0.00459676783815866,45.3212581104193,0.00249487825741967
13.68448,45.32506,0.00629676783815825,45.3211638319457,0.00240059978382495
13.6958,45.30947,-0.00929323216184486,45.3211384396349,0.00237520747305139
13.70711,45.3184,-0.000363232161845417,45.321212240998,0.00244900883611302
13.71842,45.31567,-0.00309323216184509,45.3214016897382,0.00263845757637036
13.72971,45.32491,0.00614676783816037,45.3217054818497,0.00294224968784074
13.74104,45.32277,0.00400676783815612,45.3221042168649,0.00334098470306379
13.75237,45.31879,2.6767838157582e-05,45.3225634216176,0.00380018945576787
13.76369,45.33095,0.0121867678381591,45.3230389927243,0.00427576056246392
13.77501,45.32278,0.0040167678381593,45.3234838174061,0.00472058524423758
13.78635,45.32094,0.0021767678381579,45.3238543684963,0.00509113633447752
13.79767,45.326,0.00723676783815819,45.3241163062765,0.00535307411469152
13.80902,45.32797,0.00920676783815821,45.3242484252857,0.0054851931238591
13.82032,45.32935,0.0105867678381557,45.3242445264779,0.00548129431607815
13.83166,45.32246,0.0036967678381572,45.3241130114787,0.00534977931682781
13.84298,45.31719,-0.00157323216184579,45.3238743681878,0.00511113602595178
13.85431,45.32196,0.00319676783815481,45.3235572333727,0.00479400121084798
13.86562,45.32648,0.00771676783815423,45.3231940524527,0.00443082029088472
13.87695,45.32374,0.00497676783815848,45.3228172413021,0.0040540091402592
13.88828,45.31846,-0.000303232161840583,45.322456338563,0.00369310640115609
13.89959,45.32376,0.00499676783815772,45.3221362990572,0.00337306689533477
13.91096,45.3155,-0.00326323216184221,45.3218769601809,0.00311372801905259
13.92229,45.32082,0.00205676783815534,45.3216936238941,0.00293039173230394
13.93363,45.32882,0.010056767838158,45.3215984307097,0.0028351985478582
13.94494,45.33212,0.013356767838161,45.3216017934547,0.0028385612928789
13.95626,45.31595,-0.00281323216184148,45.3217129119818,0.00294967981998902
13.9676,45.32298,0.00421676783815883,45.3219386639794,0.00317543181754119
13.97894,45.31598,-0.00278323216183907,45.3222809524456,0.0035177202837233
13.99028,45.32169,0.00292676783815438,45.3227333813938,0.00397014923195302
14.00162,45.32888,0.0101167678381557,45.3232784092622,0.00451517710035545
14.01296,45.32121,0.00244676783815834,45.3238858683003,0.0051226361384684
14.02427,45.31991,0.00114676783815781,45.3245133214066,0.00575008924477768
14.03558,45.3247,0.00593676783815766,45.3251084749799,0.00634524281809795
14.0469,45.32078,0.00201676783815685,45.3256137271519,0.00685049499003115
14.05821,45.3264,0.00763676783815725,45.3259726462082,0.00720941404633107
14.06954,45.33534,0.0165767678381599,45.3261376529463,0.00737442078442452
14.08084,45.32748,0.008716767838159,45.3260776314334,0.00731439927159534
14.09219,45.32438,0.00561676783815557,45.3257839575455,0.00702072538367922
14.10354,45.32856,0.00979676783816075,45.3252737140422,0.00651048188040563
14.11488,45.32478,0.00601676783815464,45.32458950813,0.00582627596816478
14.12622,45.31998,0.00121676783815872,45.3237959622232,0.00503273006138439
14.13755,45.32816,0.00939676783815457,45.3229733875403,0.00421015537845991
14.14887,45.32061,0.00184676783815974,45.3222093785959,0.00344614643401396
14.16019,45.32652,0.00775676783815982,45.3215891785863,0.00282594642444055
14.17149,45.31456,-0.00420323216184215,45.3211857798816,0.00242254771979303
14.18281,45.31935,0.000586767838157698,45.3210509138363,0.00228768167443394
14.19416,45.31439,-0.00437323216183927,45.3212082448224,0.00244501266057121
14.20548,45.32397,0.00520676783816043,45.3216499733502,0.00288674118839887
14.21679,45.31965,0.000886767838160551,45.3223375434843,0.00357431132248361
14.22814,45.32539,0.00662676783815641,45.323206387235,0.00444315507318336
14.23948,45.31989,0.00112676783815857,45.3241739237241,0.0054106915622284
14.25081,45.33305,0.0142867678381577,45.3251495587702,0.00638632660833004
14.26212,45.32762,0.00885676783816081,45.3260452089147,0.00728197675290682
14.27346,45.32643,0.00766676783815967,45.3267848789712,0.00802164680932314
14.28478,45.33231,0.0135467678381573,45.3273120934889,0.0085488613270269
14.2961,45.3238,0.00503676783815621,45.3275944970641,0.0088312649022795
14.30742,45.32215,0.00338676783815828,45.327625521127,0.00886228896517224
14.31874,45.33133,0.0125667678381589,45.327423438066,0.0086602059041173
14.33007,45.33177,0.0130067678381565,45.3270282366233,0.00826500446150097
14.34139,45.32786,0.00909676783815883,45.326496606618,0.0077333744561208
14.35274,45.32471,0.00594676783816084,45.3258952160203,0.00713198385848558
14.36408,45.32226,0.00349676783815767,45.325292673167,0.00652944100516274
14.37543,45.32626,0.00749676783815545,45.3247509969471,0.0059877647852613
14.38678,45.32156,0.00279676783815574,45.3243177254982,0.00555449333634816
14.39811,45.32256,0.00379676783816052,45.3240197948607,0.0052565626988984
14.40943,45.32027,0.0015067678381584,45.3238600926098,0.00509686044792669
14.42075,45.32405,0.0052867678381574,45.3238172566635,0.00505402450167623
14.4321,45.32436,0.00559676783815632,45.323848871435,0.00508563927313579
14.44338,45.31895,0.00018676783815863,45.3238977365753,0.00513450441343148
14.45471,45.32628,0.00751676783815469,45.3239004330633,0.00513720090140893
14.46603,45.32811,0.00934676783816002,45.3237970467556,0.0050338145937928
14.47734,45.32449,0.00572676783815496,45.323540645259,0.00477741309711065
14.48868,45.32708,0.00831676783815993,45.3231050209252,0.00434178876338944
14.50001,45.32417,0.00540676783815996,45.322489435964,0.00372620380215592
14.51132,45.32307,0.00430676783815898,45.3217196318999,0.00295639973803751
14.52265,45.32053,0.00176676783815566,45.320845040302,0.00208180814019901
14.53398,45.3158,-0.00296323216183936,45.3199327799468,0.00116954778495146
14.5453,45.31684,-0.0019232321618432,45.3190595025148,0.000296270352950917
14.55663,45.3219,0.00313676783815708,45.3183023290021,-0.000460903159708665
14.56796,45.31847,-0.000293232161844514,45.3177299758098,-0.0010332563520781
14.57932,45.3145,-0.00426323216183988,45.3173948711406,-0.00136836102122904
14.59064,45.31789,-0.000873232161843873,45.3173268611958,-0.00143637096603339
14.60194,45.32035,0.00158676783815537,45.3175290819558,-0.00123415020600005
14.61325,45.30626,-0.0125032321618406,45.3179765967195,-0.000786635442378614
14.62453,45.3174,-0.00136323216184309,45.3186183263882,-0.000144905773627907
14.63585,45.31818,-0.000583232161844194,45.3193825184488,0.000619286286946543
14.64717,45.32344,0.00467676783815563,45.320185409778,0.00142217761611858
14.65851,45.32628,0.00751676783815469,45.3209419281584,0.00217869599654614
14.66984,45.32026,0.00149676783815522,45.3215766246565,0.00281339249467563
14.68117,45.3323,0.0135367678381542,45.3220328910678,0.00326965890593332
14.6925,45.32185,0.00308676783815542,45.3222789322157,0.00351570005389563
14.70382,45.32022,0.00145676783815674,45.3223097398711,0.0035465077092779
14.71514,45.3174,-0.00136323216184309,45.3221452230211,0.0033819908592728
14.72644,45.32207,0.0033067678381542,45.3218254152418,0.00306218308000516
14.73778,45.32487,0.00610676783815478,45.3214040191574,0.00264078699555726
14.74912,45.31733,-0.00143323216184399,45.3209414134135,0.0021781812516376
14.76044,45.31976,0.00099676783815994,45.3204979196412,0.00173468747938158
14.77176,45.3185,-0.000263232161842097,45.3201278914478,0.00136465928595034
14.78308,45.32339,0.00462676783816107,45.3198750492755,0.00111181711363162
14.79443,45.31612,-0.00264323216184437,45.319769315835,0.0010060836731503
14.80572,45.32137,0.00260676783815939,45.3198252095342,0.00106197737238077
14.81707,45.31873,-3.32321618401465e-05,45.3200417188399,0.00127848667806147
14.82838,45.32127,0.00250676783815607,45.3204035126356,0.00164028047374136
14.83968,45.31956,0.000796767838160406,45.3208832777267,0.00212004556480495
14.85103,45.32636,0.00759676783815877,45.3214449018406,0.0026816696787057
14.86238,45.31542,-0.00334323216183918,45.3220471801033,0.00328394794149108
14.8737,45.3248,0.00603676783816098,45.3226477420704,0.00388450990857426
14.88503,45.31959,0.000826767838155718,45.3232069305368,0.00444369837495446
14.89637,45.33067,0.0119067678381555,45.3236913112444,0.00492807908251984
14.9077,45.327,0.00823676783815586,45.3240763369011,0.00531310473928927
14.91904,45.3257,0.00693676783815533,45.3243476067773,0.00558437461548426
14.93038,45.32204,0.00327676783815889,45.3245003831974,0.00573715103557845
14.9417,45.32148,0.00271676783815877,45.3245375489409,0.00577431677903427
14.95305,45.32255,0.00378676783815735,45.3244667213244,0.00570348916254976
14.96436,45.32391,0.0051467678381556,45.3242974446486,0.00553421248671802
14.97569,45.32387,0.00510676783815711,45.3240391738464,0.00527594168454646
14.987,45.32436,0.00559676783815632,45.3237003211398,0.004937088977954
14.99832,45.32507,0.00630676783815431,45.323288221177,0.00452498901515385
15.00962,45.32217,0.00340676783815752,45.3228096336513,0.00404640148942307
15.02095,45.32537,0.00660676783815717,45.3222713702769,0.00350813811509334
15.03229,45.32298,0.00421676783815883,45.3216807594846,0.00291752732276052
15.04363,45.31573,-0.00303323216184026,45.321045890063,0.00228265790112273
15.05494,45.31399,-0.00477323216184544,45.3203758300074,0.00161259784555611
15.06628,45.3265,0.00773676783816057,45.3196811436561,0.00091791149421989
15.07761,45.31938,0.000616767838160115,45.3189748547884,0.000211622626555089
15.08896,45.32035,0.00158676783815537,45.3182735899057,-0.000489642256133885
15.1003,45.31697,-0.00179323216184457,45.3175983345673,-0.00116489759451715
15.11164,45.31886,9.67678381584847e-05,45.3169743036513,-0.00178892851057353
15.12296,45.31568,-0.00308323216184192,45.3164297586791,-0.00233347348269717
15.13429,45.31062,-0.00814323216184221,45.3159939437489,-0.00276928841295281
15.14564,45.3208,0.00203676783815609,45.3156945072561,-0.00306872490576041
15.15694,45.31487,-0.00389323216184323,45.315554790517,-0.00320844164484108
15.16828,45.31562,-0.00314323216183965,45.3155912428786,-0.00317198928322474
15.17958,45.31647,-0.00229323216183985,45.3158111125579,-0.00295211960394007
15.19091,45.31411,-0.00465323216184288,45.3162105794771,-0.00255265268477868
15.20222,45.31416,-0.00460323216184122,45.3167735884467,-0.00198964371515093
15.21352,45.32421,0.00544676783815845,45.3174716704049,-0.00129156175689854
15.22481,45.3158,-0.00296323216183936,45.3182649568559,-0.00049827530591775
15.23616,45.31043,-0.00833323216184567,45.3191044876757,0.000341255513840237
15.24748,45.31997,0.00120676783815554,45.319935864649,0.00117263248717572
15.25882,45.32381,0.00504676783815938,45.3207041872259,0.00194095506408381
15.27015,45.32201,0.00324676783815647,45.321359830181,0.00259659801913624
15.28148,45.32954,0.0107767678381592,45.3218640992189,0.00310086705708105
15.29282,45.3219,0.00313676783815708,45.3221935289467,0.00343029678489805
15.30416,45.32406,0.00529676783816058,45.3223418223169,0.00357859015504094
15.31549,45.32069,0.00192676783815671,45.3223190687423,0.00355583658043564
15.32684,45.32129,0.00252676783815531,45.3221486123779,0.00338538021610308
15.33818,45.32267,0.00390676783815991,45.3218624866298,0.00309925446797497
15.34948,45.31207,-0.00669323216184381,45.321496559801,0.00273332763917251
15.36082,45.3183,-0.000463232161841631,45.3210864626521,0.00232323049023179
15.37213,45.32981,0.0110467678381596,45.3206650072778,0.00190177511596554
15.38344,45.32327,0.00450676783815851,45.3202612001928,0.00149796803100145
15.39477,45.30968,-0.00908323216184215,45.3199003650005,0.00113713283868493
15.40613,45.32314,0.00437676783815988,45.3196046810521,0.000841448890264162
15.41744,45.32241,0.00364676783815554,45.3193935972512,0.000630365089382867
15.42874,45.32067,0.00190676783815746,45.3192837141554,0.000520481993515794
15.44007,45.33311,0.0143467678381555,45.3192877108233,0.000524478661467746
15.45138,45.30872,-0.0100432321618413,45.3194120433986,0.000648811236739027
15.46269,45.31734,-0.00142323216184082,45.3196537264851,0.000890494323300509
15.47404,45.31105,-0.00771323216184072,45.3199973120814,0.00123407991960711
15.48534,45.31495,-0.00381323216183915,45.3204136269978,0.00165039483593834
15.49668,45.32819,0.00942676783815699,45.3208614742012,0.00209824203932478
15.50803,45.32087,0.002106767838157,45.3212924565399,0.00252922437803115
15.51935,45.32345,0.0046867678381588,45.3216579354221,0.00289470326026681
15.53067,45.32782,0.00905676783816034,45.3219164782021,0.00315324604029566
15.54199,45.31892,0.000156767838156213,45.3220401457644,0.00327691360257949
15.55333,45.32795,0.00918676783815897,45.3220184107708,0.00325517860890771
15.56464,45.32523,0.00646676783815536,45.3218590979879,0.00309586582609755
15.57598,45.31487,-0.00389323216184323,45.321586358966,0.00282312680417383
15.58732,45.3213,0.00253676783815848,45.3212362842236,0.00247305206178725
15.59866,45.32034,0.0015767678381593,45.320851216803,0.00208798464119059
15.61,45.31146,-0.00730323216184559,45.3204739870549,0.00171075489306007
15.62132,45.32748,0.008716767838159,45.3201430585273,0.0013798263654074
15.63264,45.32031,0.00154676783815688,45.3198890763915,0.00112584422968881
15.64396,45.32307,0.00430676783815898,45.3197327838052,0.000969551643335511
15.65529,45.31464,-0.00412323216184518,45.3196839824408,0.000920750278905048
15.66662,45.32023,0.00146676783815991,45.3197412851166,0.000978052954763095
15.67796,45.31687,-0.00189323216184079,45.3198926610101,0.00112942884829164
15.68932,45.32728,0.00851676783815947,45.3201168881128,0.00135365595095417
15.70064,45.31569,-0.00307323216184585,45.3203859077164,0.00162267555453312
15.71197,45.31777,-0.00099323216183933,45.3206679077537,0.00190467559189203
15.7233,45.32144,0.00267676783816029,45.3209309055382,0.00216767337634426
15.7346,45.32573,0.00696676783815775,45.3211465712543,0.00238333909241325
15.74592,45.31819,-0.00057323216184102,45.3212938934882,0.00253066132635625
15.75728,45.32254,0.00377676783815417,45.3213621173984,0.00259888523659716
15.76859,45.32517,0.00640676783815763,45.3213523632821,0.0025891311202972
15.77996,45.32323,0.00446676783816002,45.3212774751638,0.00251424300194502
15.79129,45.32255,0.00378676783815735,45.3211598853428,0.00239665318096144
15.80264,45.32092,0.00215676783815866,45.3210276288991,0.00226439673722425
15.81393,45.31841,-0.000353232161842243,45.3209091115852,0.00214587942335465
15.82527,45.31693,-0.00183323216184306,45.3208276883722,0.00206445621031698
15.83663,45.30876,-0.0100032321618428,45.3207973297888,0.00203409762693986
15.84797,45.33127,0.0125067678381612,45.3208204578785,0.00205722571661766
15.85932,45.32294,0.00417676783816034,45.3208883845512,0.002125152389367
15.87066,45.31729,-0.00147323216184247,45.3209839396416,0.00222070747976061
15.88199,45.32653,0.00776676783815589,45.3210853151051,0.00232208294322241
15.89334,45.31701,-0.00175323216183898,45.3211701287711,0.00240689660928711
15.90464,45.32654,0.00777676783815906,45.3212190131913,0.00245578102948716
15.91595,45.31701,-0.00175323216183898,45.3212183370102,0.00245510484837415
15.92727,45.3233,0.00453676783816093,45.3211618720498,0.00239863988799249
15.93861,45.32077,0.00200676783816078,45.3210513662425,0.00228813408063108
15.94996,45.32227,0.00350676783816084,45.3208960787374,0.0021328465755266
15.96131,45.32138,0.00261676783815545,45.320711388616,0.00194815645418214
15.9726,45.32113,0.00236676783815426,45.3205166585981,0.00175342643628384
15.98394,45.31584,-0.00292323216184087,45.3203326629941,0.00156943083223113
15.99528,45.31847,-0.000293232161844514,45.3201790304219,0.00141579826005928
16.00662,45.32108,0.00231676783815971,45.3200721788181,0.00130894665625392
16.01795,45.3241,0.00533676783815906,45.3200240355429,0.0012608033810327
16.02929,45.31861,-0.000153232161842709,45.3200415208491,0.00127828868729702
16.04062,45.31446,-0.00430323216184547,45.3201265605211,0.001363328359254
16.05193,45.32412,0.00535676783815831,45.3202763949188,0.00151316275691668
16.06326,45.32636,0.00759676783815877,45.3204840134387,0.00172078127684814
16.07457,45.31731,-0.00145323216184323,45.3207385126895,0.00197528052765768
16.08588,45.32313,0.0043667678381567,45.3210251746011,0.00226194243922845
16.09722,45.32022,0.00145676783815674,45.3213252733355,0.00256204117362817
16.10856,45.31861,-0.000153232161842709,45.3216159657323,0.002852733570433
16.11988,45.31829,-0.000473232161844805,45.3218708492856,0.00310761712371014
16.13122,45.31926,0.000496767838157552,45.3220617359688,0.00329850380691073
16.14254,45.32023,0.00146676783815991,45.3221618641084,0.00339863194658177
16.15384,45.32996,0.0111967678381575,45.3221501989622,0.00338696680039599
16.16518,45.32736,0.00859676783815644,45.3220158373909,0.00325260522908733
16.17652,45.32557,0.0068067678381567,45.3217611698316,0.00299793766977791
16.18786,45.31707,-0.00169323216184125,45.3214026671065,0.0026394349446513
16.19921,45.3205,0.00173676783816035,45.3209689258133,0.00220569365147311
16.21052,45.31838,-0.00038323216184466,45.3204965018691,0.00173326970725629
16.22184,45.32445,0.00568676783815647,45.3200246075621,0.00126137540027182
16.23318,45.31043,-0.00833323216184567,45.3195898142186,0.000826582056781108
16.24449,45.31983,0.00106676783816084,45.3192216992795,0.000458467117682995
16.25581,45.3219,0.00313676783815708,45.3189400908469,0.000176858685082547
16.26714,45.31683,-0.00193323216183927,45.3187542045347,-9.02762711814404e-06
16.27846,45.31277,-0.00599323216184189,45.3186635674082,-9.96647536574033e-05
16.28979,45.32422,0.00545676783815452,45.3186603020866,-0.00010293007527449
16.30114,45.32589,0.0071267678381588,45.3187321215478,-3.11106140417439e-05
16.31247,45.32193,0.0031667678381595,45.318865237452,0.000102005290187031
16.32378,45.30714,-0.0116232321618455,45.3190464753781,0.000283243216211246
16.33512,45.32,0.00123676783815796,45.3192643524755,0.000501120313705265
16.34647,45.31912,0.000356767838155747,45.319509397603,0.000746165441195613
16.35779,45.32835,0.00958676783815804,45.3197740830815,0.00101085091962103
16.36912,45.3209,0.00213676783815941,45.3200523831504,0.0012891509885993
16.38047,45.31639,-0.00237323216184393,45.3203387052039,0.00157547304206205
16.3918,45.32286,0.00409676783815627,45.3206261446557,0.00186291249383231
16.40313,45.31306,-0.00570323216184221,45.3209045116381,0.00214127947628015
16.41445,45.32138,0.00261676783815545,45.3211589081878,0.00239567602593394
16.42576,45.32962,0.0108567678381561,45.3213695515848,0.00260631942296598
16.43708,45.30717,-0.011593232161843,45.3215131513082,0.00274991914633964
16.44842,45.32472,0.00595676783815691,45.321565722507,0.0028024903451373
16.45974,45.32568,0.00691676783815609,45.3215063877363,0.00274315557445644
16.47109,45.33144,0.0126767678381583,45.3213214039751,0.00255817181324286
16.48241,45.31749,-0.00127323216184294,45.3210074049425,0.00224417278067977
16.49373,45.31813,-0.000633232161845854,45.3205729900737,0.00180975791188043
16.50504,45.31922,0.000456767838159067,45.320038428428,0.00127519626617569
16.51638,45.31347,-0.00529323216183997,45.3194339536819,0.000670721520098434
16.52774,45.32183,0.00306676783815618,45.3187973934991,3.41613372218206e-05
16.53906,45.32123,0.00246676783815758,45.3181716205509,-0.000591611610978025
16.5504,45.32033,0.00156676783815612,45.3176018419724,-0.00116139018941832
16.56173,45.31727,-0.00149323216184172,45.3171324456244,-0.00163078653748899
16.57305,45.31936,0.000596767838160872,45.3168032131883,-0.00196001897358677
16.58439,45.31123,-0.00753323216184043,45.3166451261091,-0.00211810605269663
16.59571,45.31027,-0.00849323216183961,45.3166764596319,-0.00208677252996565
16.60704,45.3184,-0.000363232161845417,45.3169000882724,-0.00186314388945364
16.61837,45.32237,0.00360676783815705,45.3173027342949,-0.0014604978669036
16.62968,45.31565,-0.00311323216184434,45.3178563586447,-0.000906873517176513
16.64103,45.31206,-0.00670323216183988,45.3185213737851,-0.000241858376774168
16.65231,45.32865,0.00988676783816089,45.3192511331266,0.000487900964737187
16.66365,45.31595,-0.00281323216184148,45.3199971355442,0.0012339033823886
16.67497,45.31495,-0.00381323216183915,45.3207143592008,0.00195112703898205
16.68632,45.32884,0.0100767678381573,45.3213660797156,0.00260284755374001
16.69766,45.32872,0.00995676783815469,45.3219274782797,0.00316424611789083
16.70901,45.3226,0.00383676783815901,45.3223873349685,0.00362410280661532
16.72036,45.32547,0.00670676783816049,45.3227473132103,0.00398408104849514
16.73167,45.31377,-0.00499323216184422,45.3230189491907,0.00425571702887275
16.74299,45.3224,0.00363676783815947,45.3232192522363,0.00445602007446171
16.75431,45.31706,-0.00170323216184443,45.3233662989426,0.00460306678078679
16.76563,45.32941,0.0106467678381605,45.3234760518306,0.00471281966871639
16.77698,45.32006,0.00129676783815569,45.3235609695894,0.00479773742751381
16.78829,45.32876,0.00999676783816028,45.3236302083819,0.00486697622002262
16.79962,45.32335,0.00458676783815548,45.3236907212928,0.00492748913094831
16.81092,45.32585,0.00708676783816031,45.3237484698218,0.00498523765990988
16.82225,45.3204,0.00163676783815703,45.3238091651358,0.00504593297396753
16.83358,45.33054,0.0117767678381568,45.3238782823345,0.00511505017269435
16.8449,45.32089,0.00212676783815624,45.3239603967339,0.00519716457209502
16.85624,45.32384,0.00507676783815469,45.3240581327249,0.00529490056310341
16.86759,45.31497,-0.00379323216183991,45.3241712165014,0.00540798433954571
16.87894,45.32504,0.006276767838159,45.3242962179088,0.00553298574699416
16.89028,45.32841,0.00964676783815577,45.3244273685641,0.00566413640229773
16.9016,45.32804,0.00927676783815912,45.3245583119545,0.00579507979268964
16.91295,45.3279,0.00913676783815731,45.3246840843632,0.00592085220131143
16.92427,45.31979,0.00102676783815525,45.3248024654913,0.00603923332946167
16.93562,45.3248,0.00603676783816098,45.3249141694652,0.00615093730336809
16.94696,45.3308,0.0120367678381612,45.3250218492017,0.00625861703989021
16.95827,45.32328,0.00451676783815458,45.3251282036276,0.00636497146574856
16.9696,45.32722,0.00845676783815463,45.3252335889214,0.00647035675959164
16.98092,45.3197,0.000936767838155106,45.3253336612743,0.00657042911243293
16.99222,45.31824,-0.00052323216183936,45.3254177833809,0.00665455121908206
17.00358,45.32571,0.00694676783815851,45.3254689821466,0.00670574998480536
17.01492,45.32951,0.0107467678381568,45.3254658954285,0.00670266326662514
17.02624,45.32797,0.00920676783815821,45.32538643439,0.00662320222813493
17.03758,45.32498,0.00621676783815417,45.32521220407,0.0064489719081497
17.04893,45.32661,0.00784676783815996,45.324932472549,0.00616924038718072
17.06028,45.32908,0.0103167678381553,45.3245467077535,0.00578347559169834
17.07161,45.32387,0.00510676783815711,45.3240651623491,0.005301930187232
17.08294,45.32058,0.00181676783815732,45.3235074833723,0.00474425121050281
17.09427,45.32584,0.00707676783815714,45.322899802446,0.00413657028411816
17.10561,45.31299,-0.00577323216184311,45.3222711468728,0.00350791471100439
17.11695,45.31863,-0.000133232161843466,45.3216501532916,0.00288692112972996
17.12826,45.32626,0.00749676783815545,45.3210628574509,0.00229962528909371
17.13958,45.32117,0.00240676783815985,45.32053179917,0.0017685670081561
17.1509,45.32689,0.00812676783815647,45.3200760506477,0.00131281848583109
17.16224,45.31417,-0.00459323216184515,45.3197114315682,0.000948199406313808
17.17356,45.31946,0.000696767838157086,45.3194503252399,0.000687093078078924
17.1849,45.32198,0.00321676783816116,45.3193009582315,0.000537726069652917
17.19624,45.31361,-0.00515323216184527,45.3192663681698,0.000503136007959256
17.20758,45.32756,0.00879676783815597,45.3193433814907,0.000580149328842487
17.21891,45.31683,-0.00193323216183927,45.3195218639078,0.000758631745994907
17.23025,45.31372,-0.00504323216183877,45.3197844776261,0.00102124546427801
17.24157,45.3187,-6.32321618425635e-05,45.3201072359475,0.00134400378563561
17.2529,45.3238,0.00503676783815621,45.3204611453555,0.00169791319365279
17.26423,45.32227,0.00350676783816084,45.3208149883679,0.00205175620609024
17.27554,45.3172,-0.00156323216184262,45.3211389000419,0.00237566788003759
17.28687,45.32325,0.00448676783815927,45.3214081111716,0.00264487900976746
17.29818,45.32562,0.00685676783815836,45.3216061892822,0.00284295712037674
17.30951,45.32154,0.0027767678381565,45.3217271755165,0.00296394335460474
17.32082,45.32623,0.00746676783816014,45.3217761255494,0.00301289338756311
17.33216,45.31943,0.000666767838154669,45.3217678116703,0.00300457950842916
17.34347,45.31992,0.00115676783816099,45.3217237623601,0.0029605301982186
17.35481,45.31918,0.000416767838160581,45.3216682542868,0.00290502212499533
17.36614,45.32138,0.00261676783815545,45.3216241159055,0.00286088374363314
17.37749,45.32417,0.00540676783815996,45.3216091409279,0.00284590876608065
17.38884,45.32228,0.00351676783815691,45.3216336304863,0.00287039832441374
17.40019,45.31226,-0.00650323216184034,45.3216993072706,0.00293607510871715
17.41153,45.32785,0.00908676783815565,45.3217997034025,0.0030364712406725
17.42288,45.31867,-9.32321618449805e-05,45.3219220100524,0.00315877789058011
17.43423,45.32301,0.00424676783815414,45.3220501311818,0.00328689902000321
17.44554,45.32285,0.0040867678381602,45.3221683537538,0.00340512159191936
17.45688,45.3304,0.011636767838155,45.3222648183895,0.00350158622770784
17.46818,45.32113,0.00236676783815426,45.3223339649438,0.00357073278194067
17.4795,45.3174,-0.00136323216184309,45.3223773805742,0.00361414841230948
17.49086,45.3248,0.00603676783816098,45.3224029532795,0.00363972111765582
17.5022,45.32214,0.0033767678381551,45.3224227014267,0.0036594692648347
17.51354,45.32484,0.00607676783815947,45.3224498506775,0.00368661851562695
17.5249,45.32012,0.00135676783816052,45.3224956874529,0.00373245529106818
17.53624,45.32148,0.00271676783815877,45.3225666655949,0.0038034334330221
17.54757,45.32372,0.00495676783815924,45.3226622793502,0.00389904718837127
17.5589,45.31596,-0.00280323216184541,45.3227742330692,0.0040110009073755
17.57026,45.31858,-0.000183232161845126,45.322887310644,0.004124078482147
17.5816,45.32778,0.00901676783815475,45.3229820153702,0.00421878320835733
17.59294,45.32768,0.00891676783815853,45.3230385099235,0.00427527776170992
17.60427,45.3307,0.0119367678381579,45.3230408087568,0.00427757659496691
17.61561,45.32085,0.00208676783815775,45.3229799486337,0.00421671647190172
17.6269,45.31971,0.00094676783815828,45.3228552634666,0.00409203130477891
17.63823,45.31992,0.00115676783816099,45.3226737234513,0.00391049128943792
17.64958,45.32217,0.00340676783815752,45.3224480211954,0.003684789033577
17.66091,45.32072,0.00195676783815912,45.3221942923723,0.00343106021042024
17.67224,45.32241,0.00364676783815554,45.3219300774916,0.00316684532971778
17.68357,45.32732,0.00855676783815795,45.3216726820987,0.00290944993689792
17.6949,45.32099,0.00222676783815956,45.3214377688769,0.00267453671505573
17.70624,45.31641,-0.00235323216184469,45.3212379640862,0.00247473192436418
17.71756,45.32273,0.00396676783815764,45.3210814633024,0.00231823114060054
17.72891,45.32009,0.0013267678381581,45.3209708712489,0.00220763908703888
17.74024,45.32104,0.00227676783816122,45.3209025709577,0.00213933879588464
17.75156,45.32565,0.00688676783816078,45.3208667761249,0.00210354396306596
17.7629,45.31318,-0.00558323216183965,45.3208482706847,0.00208503852288883
17.77423,45.32365,0.00488676783815833,45.3208278184168,0.00206458625497519
17.78555,45.32317,0.00440676783815519,45.3207842752493,0.0020210430874414
17.79689,45.31262,-0.00614323216183976,45.320697422483,0.00193419032119241
17.80821,45.31792,-0.000843232161841456,45.3205514154648,0.00178818330300065
17.81956,45.32291,0.00414676783815793,45.3203385134563,0.00157528129444431
17.83088,45.33103,0.0122667678381561,45.3200623775627,0.00129914540090162
17.8422,45.32538,0.00661676783816034,45.319739794737,0.000976562575160092
17.85353,45.32268,0.00391676783815598,45.319399625242,0.000636393080196932
17.86486,45.31517,-0.00359323216184038,45.3190784534923,0.000315221330457931
17.87621,45.31312,-0.00564323216184448,45.318813678663,5.04465011290327e-05
17.88753,45.30817,-0.0105932321618454,45.3186359541583,-0.000127278003549271
17.89885,45.31377,-0.00499323216184422,45.3185633274211,-0.000199904740766089
17.9102,45.32154,0.0027767678381565,45.3185988957455,-0.000164336416294374
17.92154,45.32299,0.0042267678381549,45.3187325203575,-3.07118042955417e-05
17.93288,45.31831,-0.000453232161845563,45.3189457365019,0.00018250434010522
17.94421,45.32479,0.00602676783815781,45.3192180935906,0.000454861428754341
17.95554,45.32309,0.00432676783815822,45.3195330100953,0.000769777933457263
17.96687,45.3224,0.00363676783815947,45.3198816557776,0.00111842361579232
17.9782,45.31528,-0.00348323216184099,45.3202640908016,0.0015008586397326
17.98953,45.32336,0.00459676783815866,45.3206876856415,0.00192445347969699
18.00085,45.31707,-0.00169323216184125,45.3211635020883,0.00240026992650168
18.01218,45.32626,0.00749676783815545,45.3217016424253,0.00293841026344311
18.0235,45.31892,0.000156767838156213,45.3223065779977,0.00354334583582728
18.03484,45.32334,0.00457676783815941,45.322973341462,0.00421010930012974
18.04618,45.31428,-0.00448323216184576,45.323685358758,0.00492212659616494
18.05753,45.32462,0.00585676783816069,45.3244145575641,0.00565132540222103
18.06887,45.32633,0.00756676783815635,45.3251240383386,0.00636080617676854
18.08022,45.32692,0.00815676783815888,45.3257729622065,0.00700973004461012
18.09154,45.33263,0.0138667678381594,45.3263226091055,0.00755937694365112
18.10286,45.33086,0.0120967678381589,45.3267421537498,0.00797892158798007
18.11418,45.32218,0.00341676783816069,45.3270128177228,0.00824958556092073
18.1255,45.33087,0.012106767838155,45.3271296174145,0.00836638525268319
18.13682,45.32953,0.010766767838156,45.3271006501155,0.00833741795368727
18.14814,45.31681,-0.00195323216184562,45.326944437903,0.00818120574113753
18.15944,45.33195,0.0131867678381568,45.3266861568534,0.00792292469155063
18.17078,45.3206,0.00183676783815656,45.3263536303246,0.00759039816274323
18.1821,45.33138,0.0126167678381606,45.3259737707371,0.00721053857524814
18.19342,45.3292,0.0104367678381578,45.3255698007315,0.0068065685696558
18.20475,45.3205,0.00173676783816035,45.3251593079905,0.00639607582864035
18.21608,45.31659,-0.0021732321618444,45.3247531774818,0.00598994531992104
18.2274,45.32726,0.00849676783816022,45.3243555932613,0.00559236109950226
18.23872,45.33195,0.0131867678381568,45.3239652685168,0.00520203635497518
18.25004,45.31906,0.000296767838158019,45.3235777023163,0.00481447015442333
18.26135,45.32176,0.00299676783815528,45.3231878839485,0.00442465178668392
18.27268,45.32154,0.0027767678381565,45.3227928198583,0.00402958769644167
18.28401,45.32811,0.00934676783816002,45.3223934358033,0.00363020364141102
18.29533,45.32597,0.00720676783815577,45.3219954911661,0.00323225900425029
18.30666,45.32032,0.00155676783816006,45.3216091490539,0.00284591689209379
18.31799,45.32373,0.00496676783815531,45.3212470608379,0.00248382867606296
18.32931,45.31384,-0.00492323216184332,45.3209213291091,0.00215809694728142
18.34063,45.31792,-0.000843232161841456,45.3206402448279,0.00187701266609873
18.35195,45.3162,-0.00256323216184029,45.3204059089515,0.00164267678963266
18.36328,45.32595,0.00718676783815653,45.3202135822543,0.00145035009250476
18.37462,45.31551,-0.00325323216183904,45.320052967096,0.00128973493416501
18.38596,45.32488,0.00611676783815795,45.3199109344174,0.00114770225552044
18.39729,45.32098,0.00221676783815639,45.3197747802696,0.00101154810772885
18.40862,45.32502,0.00625676783815976,45.3196350254274,0.0008717932655363
18.41994,45.31605,-0.00271323216184527,45.319486999884,0.000723767722127759
18.43128,45.31989,0.00112676783815857,45.3193309022465,0.000567670084657367
18.44262,45.31849,-0.000273232161845272,45.3191705568901,0.000407324728301021
18.45395,45.31417,-0.00459323216184515,45.3190114926629,0.000248260501042761
18.46528,45.32224,0.00347676783815842,45.3188590840005,9.58518386634589e-05
18.47663,45.3132,-0.0055632321618404,45.3187173417948,-4.58903670213568e-05
18.48794,45.32159,0.00282676783815816,45.3185886280793,-0.000174604082553628
18.49926,45.31889,0.000126767838160902,45.3184742133199,-0.000289018841924203
18.51063,45.31972,0.000956767838154349,45.3183752962143,-0.000387935947518139
18.52194,45.3215,0.00273676783815802,45.318293948485,-0.000469283676876405
18.53326,45.31952,0.000756767838154815,45.3182334956429,-0.000529736518976267
18.54458,45.31232,-0.00644323216184262,45.3181981015548,-0.000565130607014149
18.55592,45.31966,0.00089676783815662,45.3181916870453,-0.000571545116566066
18.56724,45.31688,-0.00188323216184472,45.3182165842404,-0.000546647921401508
18.57859,45.32252,0.00375676783815493,45.318272349258,-0.000490882903852854
18.58991,45.31328,-0.00548323216184343,45.318354975278,-0.000408256883822596
18.60126,45.32248,0.00371676783815644,45.318456577223,-0.000306654938878416
18.61258,45.31512,-0.00364323216184204,45.3185655777265,-0.000197654435312876
18.62391,45.32073,0.00196676783815519,45.3186674468836,-9.5785278204664e-05
18.63524,45.3175,-0.00126323216183977,45.3187460429629,-1.71891989344311e-05
18.64657,45.30886,-0.00990323216183953,45.3187855487236,2.23165617226155e-05
18.6579,45.32834,0.00957676783815486,45.3187728724406,9.6402788032019e-06
18.66926,45.32481,0.00604676783815705,45.3187001226771,-6.31094847102466e-05
18.68057,45.31718,-0.00158323216184186,45.3185664573115,-0.000196774850346757
18.6919,45.31725,-0.00151323216184096,45.3183785681621,-0.000384663999781467
18.70321,45.32195,0.00318676783815874,45.3181494900851,-0.000613742076712997
18.71451,45.31107,-0.00769323216184148,45.3178960721336,-0.000867160028212647
18.72584,45.31702,-0.00174323216184291,45.3176359089738,-0.00112732318799757
18.73717,45.31566,-0.00310323216184116,45.3173846360622,-0.00137859609960349
18.74853,45.31265,-0.00611323216184445,45.3171542780136,-0.00160895414827574
18.75988,45.32358,0.00481676783815743,45.3169528861632,-0.00181034599868233
18.77123,45.32278,0.0040167678381593,45.3167851610009,-0.00197807116094084
18.78257,45.31776,-0.0010032321618425,45.3166533883876,-0.00210984377427106
18.7939,45.30659,-0.0121732321618424,45.3165580819429,-0.00220515021889885
18.80524,45.31419,-0.0045732321618388,45.3164982020718,-0.00226503009000269
18.81658,45.32575,0.00698676783815699,45.3164712866295,-0.00229194553229693
18.8279,45.31681,-0.00195323216184562,45.3164738421429,-0.00228939001893865
18.83922,45.30612,-0.0126432321618424,45.3165020194992,-0.00226121266267409
18.85056,45.3232,0.00443676783815761,45.3165523990028,-0.00221083315908166
18.86188,45.31691,-0.0018532321618423,45.3166227508916,-0.00214048127025648
18.87321,45.31992,0.00115676783816099,45.3167126484907,-0.00205058367118054
18.88455,45.3129,-0.00586323216184326,45.3168237295367,-0.00193950262513188
18.89587,45.31883,6.67678381560677e-05,45.3169594468448,-0.00180378531707888
18.90721,45.31122,-0.0075432321618436,45.3171243603875,-0.00163887177434497
18.91853,45.32082,0.00205676783815534,45.3173231685215,-0.0014400636403886
18.92986,45.32176,0.00299676783815528,45.3175595965311,-0.00120363563077686
18.94121,45.32121,0.00244676783815834,45.3178350570584,-0.000928175103417628
18.95254,45.31976,0.00099676783815994,45.3181469417269,-0.000616290434959157
18.96388,45.30792,-0.0108432321618395,45.3184866995707,-0.000276532591165091
18.97522,45.31218,-0.00658323216184442,45.3188383822939,7.51501320871103e-05
18.98656,45.32278,0.0040167678381593,45.3191786309635,0.000415398801674966
18.9979,45.32159,0.00282676783815816,45.319478743786,0.000715511624134274
19.00925,45.32242,0.00365676783815871,45.3197086206238,0.000945388461960519
19.02059,45.31901,0.000246767838156359,45.3198416130204,0.00107838085851098
19.03192,45.3217,0.00293676783815755,45.3198590772496,0.00109584508778931
19.04325,45.32315,0.00438676783815595,45.3197536764313,0.00099044426943328
19.05454,45.31756,-0.00120323216184204,45.3195308889239,0.000767656762019324
19.06587,45.31741,-0.00135323216183991,45.3192085698033,0.000445337641464475
19.07722,45.32391,0.0051467678381556,45.3188147458341,5.15136722807198e-05
19.08854,45.31505,-0.00371323216184294,45.3183840632925,-0.00037916886933552
19.09986,45.3207,0.00193676783815988,45.3179534371552,-0.000809795006686418
19.11121,45.31227,-0.00649323216184428,45.3175575393579,-0.00120569280390032
19.12252,45.31339,-0.00537323216184404,45.3172248447418,-0.00153838742007694
19.13384,45.31797,-0.000793232161839796,45.3169749152677,-0.0017883168941347
19.1452,45.32095,0.00218676783816107,45.3168173186814,-0.0019459134804472
19.15654,45.31446,-0.00430323216184547,45.3167521100618,-0.00201112210005679
19.16785,45.31778,-0.000983232161843262,45.3167714155472,-0.00199181661461579
19.17922,45.31651,-0.00225323216184137,45.3168615484502,-0.00190168371161228
19.19053,45.32485,0.00608676783815554,45.3170052008431,-0.00175803131876891
19.20185,45.30735,-0.0114132321618428,45.3171834317083,-0.00157980045358621
19.21317,45.31963,0.000866767838154203,45.3173773761788,-0.00138585598299325
19.2245,45.31647,-0.00229323216183985,45.3175698005451,-0.00119343161678986
19.23581,45.31495,-0.00381323216183915,45.3177466762405,-0.00101655592130984
19.24716,45.32328,0.00451676783815458,45.3178987545344,-0.000864477627451609
19.2585,45.31922,0.000456767838159067,45.3180228269113,-0.0007404052505147
19.26984,45.31954,0.000776767838161163,45.3181221821968,-0.000641049965057246
19.28116,45.32153,0.00276676783816043,45.3182058640091,-0.000557368152701276
19.29248,45.31401,-0.00475323216183909,45.318286689944,-0.000476542217879647
19.3038,45.31118,-0.00758323216184209,45.3183784666049,-0.000384765556897445
19.3151,45.32143,0.00266676783815711,45.3184931690999,-0.000270063061976324
19.32643,45.31643,-0.00233323216184544,45.3186388164655,-0.000124415696339677
19.33776,45.32536,0.0065967678381611,45.3188183464757,5.51143138391754e-05
19.34908,45.32076,0.00199676783815761,45.3190292660786,0.000266033916713855
19.36043,45.31907,0.000306767838161193,45.3192636168424,0.00050038468059789
19.37176,45.31678,-0.00198323216184093,45.3195080007176,0.000744768555766708
19.3831,45.31635,-0.00241323216184242,45.3197438726356,0.000980640473780813
19.39442,45.31596,-0.00280323216184541,45.3199486610509,0.00118542888906825
19.40576,45.31496,-0.00380323216184308,45.3200982413184,0.00133500915657703
19.4171,45.3294,0.0106367678381574,45.3201708080939,0.00140757593208302
19.42843,45.32809,0.00932676783816078,45.3201514687613,0.00138823659948925
19.43976,45.3195,0.000736767838155572,45.3200363190125,0.00127308685069542
19.45111,45.3108,-0.00796323216184192,45.3198347898693,0.00107155770747728
19.46244,45.32115,0.00238676783816061,45.3195696861935,0.000806454031613527
19.47378,45.32925,0.0104867678381595,45.3192750303731,0.000511798211242277
19.48515,45.31908,0.000316767838157261,45.3189920862641,0.000228854102229459
19.49648,45.31329,-0.00547323216184026,45.3187639291845,6.97022648370564e-07
19.5078,45.3173,-0.0014632321618393,45.3186291231884,-0.000134108973477974
19.51909,45.32047,0.00170676783815793,45.3186154835926,-0.000147748569268427
19.53044,45.31438,-0.00438323216184244,45.3187351250933,-2.8107068589207e-05
19.54178,45.31664,-0.00212323216184274,45.3189818259148,0.000218593752982771
19.55309,45.31649,-0.00227323216184061,45.3193313489635,0.000568116801612447
19.56442,45.31603,-0.00273323216184451,45.3197448972884,0.000981665126548338
19.57574,45.32408,0.00531676783815982,45.3201753130194,0.00141208085758107
19.5871,45.32316,0.00439676783815912,45.3205749700041,0.001811737842229
19.59843,45.33003,0.0112667678381584,45.3209037543636,0.00214052220173374
19.60975,45.32425,0.00548676783815694,45.3211353622077,0.00237213004584818
19.6211,45.31864,-0.000123232161840292,45.3212605659155,0.00249733375364362
19.63246,45.3154,-0.00336323216184553,45.3212870230492,0.00252379088735023
19.64377,45.32138,0.00261676783815545,45.3212362040864,0.00247297192460587
19.65512,45.32306,0.0042967678381558,45.3211385855293,0.00237535336743459
19.66646,45.31995,0.0011867678381563,45.3210282108355,0.00226497867366432
19.67781,45.32198,0.00321676783816116,45.3209373470881,0.00217411492627821
19.68916,45.32166,0.00289676783815906,45.3208916667834,0.00212843462156223
19.70046,45.31908,0.000316767838157261,45.3209063106962,0.00214307853437424
19.71179,45.31984,0.00107676783815691,45.3209832432115,0.00222001104965392
19.72312,45.31754,-0.00122323216184128,45.3211103562687,0.00234712410682912
19.73445,45.3194,0.000636767838159358,45.3212627044102,0.00249947224831702
19.74576,45.32031,0.00154676783815688,45.3214059878834,0.00264275572155201
19.75708,45.32247,0.00370676783816037,45.3215019476971,0.00273871553529173
19.76841,45.32831,0.00954676783815955,45.3215148123259,0.00275158016409001
19.77976,45.32574,0.00697676783816092,45.3214175502692,0.00265431810733614
19.79113,45.31799,-0.000773232161840554,45.3211966650018,0.0024334328399787
19.80244,45.32147,0.0027067678381556,45.3208547083446,0.00209147618278135
19.81376,45.31377,-0.00499323216184422,45.3204103800599,0.00164714789810712
19.82509,45.32921,0.010446767838161,45.319896622199,0.00113339003719528
19.83645,45.31634,-0.00242323216184559,45.3193572641411,0.000594031979297235
19.84779,45.31578,-0.00298323216184571,45.3188426663973,7.9434235484174e-05
19.85914,45.31859,-0.000173232161841952,45.3184047388897,-0.000358493272130071
19.87049,45.32253,0.0037667678381581,45.3180917391928,-0.000671492969091829
19.8818,45.31781,-0.000953232161840845,45.3179432509374,-0.000819981224417711
19.89312,45.31356,-0.00520323216183982,45.3179856922438,-0.000777539918009609
19.90444,45.31667,-0.00209323216184032,45.3182287398707,-0.000534492291154138
19.91578,45.32273,0.00396676783815764,45.3186631431938,-0.000100088968012629
19.92711,45.31662,-0.00214323216184198,45.3192603531353,0.000497120973467764
19.93846,45.31843,-0.000333232161843,45.3199741822349,0.00121095007305576
19.94979,45.3165,-0.00226323216184454,45.3207445062823,0.00198127412045659
19.96113,45.3236,0.00483676783815667,45.3215028578102,0.00273962564832364
19.97247,45.31995,0.0011867678381563,45.3221795129479,0.00341628078609679
19.98383,45.32602,0.00725676783815743,45.3227112868734,0.00394805471158214
19.99515,45.3287,0.00993676783815545,45.3230488811554,0.00428564899353969
20.0065,45.32668,0.00791676783816087,45.3231624787038,0.00439924654197255
20.01785,45.32523,0.00646676783815536,45.3230445027272,0.00428127056535444
20.02915,45.31752,-0.00124323216184052,45.3227090667348,0.00394583457294355
20.04047,45.32196,0.00319676783815481,45.3221884616728,0.00342522951097101
20.05178,45.32229,0.00352676783816008,45.3215277009177,0.00276446875584379
20.06309,45.31718,-0.00158323216184186,45.3207784046116,0.00201517244974156
20.07442,45.3138,-0.0049632321618418,45.3199931730288,0.00122994086698668
20.08573,45.32079,0.00202676783816003,45.3192212505756,0.000458018413747691
20.09706,45.32754,0.00877676783815673,45.3185058030697,-0.000257429092184142
20.10838,45.31439,-0.00437323216183927,45.3178825950344,-0.000880637127415508
20.1197,45.31576,-0.00300323216184495,45.3173795146196,-0.00138371754223194
20.13101,45.31781,-0.000953232161840845,45.3170164639719,-0.00174676818998032
20.14235,45.31965,0.000886767838160551,45.3168054474672,-0.0019577846946046
20.15366,45.30867,-0.010093232161843,45.3167509076533,-0.00201232450856689
20.16499,45.32104,0.00227676783816122,45.3168503740804,-0.001912858081425
20.17632,45.31816,-0.000603232161843437,45.3170953899486,-0.00166784221323353
20.18764,45.31929,0.000526767838159969,45.3174725219565,-0.00129071020529753
20.19897,45.32253,0.0037667678381581,45.3179641304551,-0.000799101706701357
20.2103,45.31203,-0.0067332321618423,45.3185486489335,-0.000214583228381358
20.22162,45.32131,0.00254676783815455,45.3192004352911,0.00043720312925507
20.23294,45.31375,-0.00501323216184346,45.3198896148763,0.00112638271448651
20.24427,45.32351,0.00474676783815653,45.3205824716695,0.00181923950762194
20.25556,45.32078,0.00201676783815685,45.3212427600655,0.00247952790366688
20.26688,45.32389,0.00512676783815635,45.3218339399466,0.00307070778479023
20.2782,45.3204,0.00163676783815703,45.3223220196029,0.00355878744103837
20.28951,45.32425,0.00548676783815694,45.3226785710013,0.00391533883943254
20.30085,45.32262,0.00385676783815825,45.3228835297132,0.00412029755135207
20.31216,45.31857,-0.000193232161841195,45.3229274826283,0.00416425046643988
20.32348,45.33055,0.01178676783816,45.3228131886853,0.00404995652349585
20.33481,45.32116,0.00239676783815668,45.3225560591042,0.00379282694234732
20.34614,45.3215,0.00273676783815802,45.3221833153639,0.00342008320205311
20.35748,45.32632,0.00755676783816028,45.3217316573522,0.00296842519037934
20.36882,45.31905,0.000286767838154844,45.3212435349575,0.0024803027956307
20.38014,45.3201,0.00133676783815417,45.32076242868,0.00199919651817183
20.39147,45.31229,-0.00647323216184503,45.3203278053116,0.0015645731497924
20.40278,45.32804,0.00927676783815912,45.3199705284225,0.00120729626064497
20.41406,45.3181,-0.000663232161841165,45.3197093736756,0.000946141513732405
20.4254,45.32454,0.00577676783815662,45.3195489925293,0.000785760367472999
20.43673,45.30805,-0.0107132321618408,45.3194794598826,0.000716227720776952
20.44807,45.31876,-3.23216184483499e-06,45.319477585827,0.000714353665196335
20.45939,45.31773,-0.00103323216184492,45.3195102359243,0.000747003762472755
20.47072,45.32192,0.00315676783815633,45.3195396285153,0.000776396353460111
20.48207,45.32762,0.00885676783816081,45.3195299507267,0.000766718564829757
20.4934,45.31496,-0.00380323216184308,45.3194540560601,0.000690823898228125
20.50473,45.32073,0.00196676783815519,45.3192988736233,0.000535641461426222
20.51606,45.32427,0.00550676783815618,45.3190684924832,0.000305260321372321
20.52736,45.32285,0.0040867678381602,45.3187843960239,2.1163862065354e-05
20.53867,45.31354,-0.00522323216183906,45.3184828072232,-0.000280424938637816
20.55001,45.31579,-0.00297323216184253,45.3182096048762,-0.000553627285615941
20.56135,45.31629,-0.00247323216184014,45.3180137679947,-0.000749464167179236
20.57266,45.31564,-0.00312323216184041,45.3179405548628,-0.000822677299040938
20.584,45.32457,0.00580676783815903,45.318025446416,-0.000737785745892757
20.59534,45.3169,-0.00186323216184547,45.3182894460653,-0.000473786096564357
20.60666,45.3138,-0.0049632321618418,45.3187359790967,-2.72530651775036e-05
20.618,45.32017,0.00140676783815508,45.3193495560092,0.000586323847309951
20.62931,45.3201,0.00133676783815417,45.3200964159633,0.00133318380150876
20.64062,45.31548,-0.00328323216184145,45.3209272895234,0.00216405736158549
20.65196,45.32622,0.00745676783815696,45.321782142292,0.00301891013014583
20.66328,45.32274,0.00397676783816081,45.3225964054214,0.00383317325959881
20.67459,45.32055,0.0017867678381549,45.3233078932633,0.00454466110144169
20.68592,45.3328,0.0140367678381565,45.3238634335177,0.00510020135582619
20.69724,45.31875,-1.32321618409037e-05,45.3242242398135,0.0054610076516582
20.7086,45.33444,0.0156767678381584,45.3243692418002,0.0056060096383389
20.71992,45.32031,0.00154676783815688,45.3242959378742,0.00553270571232193
20.73126,45.32133,0.0025667678381609,45.3240188244609,0.00525559229907153
20.74258,45.32322,0.00445676783815685,45.323565977528,0.00480274536613503
20.75389,45.32112,0.00235676783815819,45.3229747165998,0.00421148443798273
20.76523,45.31736,-0.00140323216184157,45.3222873038745,0.00352407171261549
20.77655,45.32388,0.00511676783816029,45.3215473322028,0.00278410004097344
20.78788,45.32572,0.00695676783815458,45.3207969849653,0.00203375280346015
20.79923,45.32294,0.00417676783816034,45.3200748964566,0.00131166429476942
20.81055,45.32199,0.00322676783815723,45.3194141331895,0.000650901027695143
20.82188,45.31223,-0.00653323216184276,45.3188400355657,7.68034038932954e-05
20.83322,45.31373,-0.0050332321618427,45.3183682041598,-0.000395028002017538
20.84455,45.31759,-0.00117323216183962,45.3180033772448,-0.000759854917010818
20.85588,45.31569,-0.00307323216184585,45.317739931882,-0.00102330027986673
20.86722,45.32495,0.00618676783815886,45.3175642183473,-0.00119901381451529
20.87853,45.31193,-0.00683323216184561,45.3174582562012,-0.00130497596061546
20.88985,45.32317,0.00440676783815519,45.3174038855372,-0.00135934662463698
20.90117,45.32003,0.00126676783816038,45.3173864239529,-0.00137680820890072
20.91252,45.3134,-0.00536323216184087,45.3173971164236,-0.00136611573820039
20.92384,45.32316,0.00439676783815912,45.3174340290324,-0.00132920312947415
20.93518,45.31366,-0.00510323216184361,45.3175014343458,-0.00126179781608817
20.94652,45.31631,-0.0024532321618409,45.3176080810426,-0.00115515111929494
20.95785,45.31259,-0.00617323216184218,45.31776494904,-0.000998283121819031
20.96918,45.31761,-0.00115323216184038,45.3179830895672,-0.00078014259467386
20.98053,45.32744,0.00867676783816052,45.3182718815231,-0.000491350638744581
20.99185,45.31997,0.00120676783815554,45.3186375965045,-0.000125635657385887
21.00317,45.3182,-0.000563232161844951,45.319081885336,0.000318653174117045
21.01449,45.31707,-0.00169323216184125,45.3195999785181,0.000836746356270987
21.02582,45.31319,-0.00557323216184358,45.3201789238871,0.00141569172521541
21.03715,45.32497,0.0062067678381581,45.3207966029338,0.00203337077196496
21.04847,45.32194,0.00317676783815557,45.3214222211676,0.00265898900571043
21.0598,45.31554,-0.00322323216184373,45.3220185371638,0.00325530500196262
21.07113,45.32608,0.00731676783815516,45.3225456173037,0.00378238514190198
21.08245,45.32416,0.00539676783815679,45.3229655758371,0.00420234367527651
21.09377,45.32072,0.00195676783815912,45.3232475367141,0.00448430455224438
21.10509,45.33481,0.0160467678381551,45.3233718963747,0.00460866421288114
21.11642,45.32323,0.00446676783816002,45.3233329809566,0.00456974879478725
21.12773,45.31834,-0.000423232161843146,45.3231394999231,0.00437626776122417
21.13906,45.32022,0.00145676783815674,45.3228127836018,0.00404955143992078
21.15039,45.32728,0.00851676783815947,45.3223834040148,0.00362017185295058
21.16172,45.31707,-0.00169323216184125,45.3218870727595,0.00312384059769565
21.17306,45.32005,0.00128676783815962,45.3213606127949,0.00259738063308176
21.18437,45.32093,0.00216676783815473,45.3208385432031,0.00207531104125603
21.1957,45.32154,0.0027767678381565,45.3203505631409,0.00158733097902552
21.20702,45.32061,0.00184676783815974,45.319919963986,0.00115673182413451
21.21834,45.3216,0.00283676783815423,45.3195627751803,0.000799543018480136
21.22966,45.3168,-0.00196323216184169,45.3192873774383,0.000524145276405952
21.24098,45.32113,0.00236676783815426,45.3190944220433,0.000331189881495194
21.2523,45.31971,0.00094676783815828,45.3189770742671,0.000213842105258327
21.26364,45.31603,-0.00273323216184451,45.3189217464976,0.000158514335741583
21.27496,45.31552,-0.00324323216184297,45.3189095709229,0.000146338761083846
21.28629,45.31657,-0.00219323216184364,45.3189188589397,0.000155626777901893
21.29764,45.32305,0.00428676783815973,45.31892862035,0.000165388188112057
21.30898,45.31171,-0.00705323216184439,45.3189228295915,0.00015959742967403
21.32032,45.33033,0.0115667678381541,45.3188946579963,0.00013142583440814
21.33163,45.32114,0.00237676783815743,45.318849557166,8.6325004168774e-05
21.34296,45.32405,0.0052867678381574,45.3188060560825,4.28239206869962e-05
21.35428,45.31097,-0.0077932321618448,45.318793538677,3.03065151607189e-05
21.36559,45.32393,0.00516676783815484,45.3188470437547,8.38115928108093e-05
21.37694,45.32087,0.002106767838157,45.318999947236,0.000236715074111807
21.38826,45.31922,0.000456767838159067,45.3192759138473,0.000512681685417023
21.39958,45.30743,-0.0113332321618458,45.3196817450831,0.000918512921251118
21.41091,45.31012,-0.00864323216184459,45.3202028481647,0.00143961600290208
21.42225,45.32291,0.00414676783815793,45.3208028490783,0.00203961691644157
21.43358,45.32252,0.00375676783815493,45.3214280347944,0.00266480263254514
21.4449,45.32592,0.00715676783816122,45.3220159196219,0.00325268746003361
21.45625,45.331,0.0122367678381607,45.3225059319283,0.00374269976642575
21.4676,45.32376,0.00499676783815772,45.3228496482311,0.00408641606929585
21.47892,45.32679,0.00802676783816025,45.3230183102193,0.00425507805747822
21.49025,45.32259,0.00382676783815583,45.3230062713981,0.00424303923624954
21.50153,45.32407,0.00530676783815665,45.3228301214536,0.00406688929174943
21.51288,45.32083,0.00206676783815851,45.322524186905,0.00376095474312094
21.52421,45.31698,-0.0017832321618414,45.3221337398586,0.0033705076968055
21.53552,45.31647,-0.00229323216183985,45.3217075260686,0.00294429390679829
21.54687,45.32317,0.00440676783815519,45.3212911201278,0.00252788796590766
21.5582,45.3247,0.00593676783815766,45.3209221266624,0.00215889450054479
21.56953,45.32169,0.00292676783815438,45.3206275561391,0.00186432397723723
21.58087,45.31031,-0.00845323216184113,45.32042317373,0.00165994156820027
21.59216,45.32549,0.00672676783815973,45.3203144522177,0.00155122005588189
21.60347,45.32342,0.00465676783815638,45.3202987609562,0.00153552879437449
21.61481,45.31693,-0.00183323216184306,45.320368304112,0.00160507195019958
21.62613,45.32377,0.0050067678381609,45.320513124289,0.00174989212715526
21.63745,45.32466,0.00589676783815918,45.3207234507216,0.00196021855977464
21.64877,45.31992,0.00115676783816099,45.3209908536765,0.00222762151461726
21.66012,45.32336,0.00459676783815866,45.32130797932,0.00254474715817455
21.67144,45.31814,-0.000623232161842679,45.3216670310525,0.00290379889065576
21.68276,45.32101,0.0022467678381588,45.3220575578606,0.00329432569873245
21.69409,45.31757,-0.00119323216183886,45.322464346044,0.00370111388218847
21.70542,45.32884,0.0100767678381573,45.3228661629877,0.00410293082588011
21.71676,45.32344,0.00467676783815563,45.3232358003733,0.00447256821142917
21.72811,45.32195,0.00318676783815874,45.3235415083012,0.00477827613937067
21.73944,45.31215,-0.00661323216183973,45.3237497268593,0.00498649469749196
21.75076,45.33109,0.0123267678381609,45.3238289887156,0.00506575655376366
21.7621,45.32584,0.00707676783815714,45.3237546977015,0.00499146553961673
21.77343,45.32752,0.00875676783815749,45.3235140516596,0.00475081949771979
21.78475,45.32381,0.00504676783815938,45.3231099890874,0.00434675692558722
21.79608,45.31977,0.00100676783815601,45.3225630977165,0.00379986555469775
21.80742,45.32468,0.00591676783815842,45.321910904933,0.00314767277116968
21.81876,45.32582,0.0070567678381579,45.3212045111615,0.00244127899968275
21.83011,45.32278,0.0040167678381593,45.3205028983178,0.00173966615591256
21.84142,45.31383,-0.00493323216183938,45.3198655481957,0.00110231603389687
21.85272,45.31923,0.000466767838155135,45.3193444056266,0.000581173464735249
21.86403,45.30861,-0.0101532321618407,45.3189766122393,0.000213380077413321
21.87536,45.32114,0.00237676783815743,45.3187794936257,1.62614638752863e-05
21.88667,45.31702,-0.00174323216184291,45.3187488159935,-1.4416168308098e-05
21.89799,45.32137,0.00260676783815939,45.318860486438,9.72542761257577e-05
21.90933,45.32476,0.00599676783815539,45.3190750285911,0.000311796429212207
21.92066,45.32157,0.00280676783815892,45.3193436795608,0.000580447398980695
21.93201,45.31256,-0.0062032321618446,45.3196149808377,0.000851748675879484
21.94332,45.31685,-0.00191323216184003,45.3198411557376,0.00107792357578439
21.95466,45.31785,-0.000913232161842359,45.3199840039238,0.00122077176192173
21.96598,45.32983,0.0110667678381589,45.3200200949497,0.00125686278785435
21.97731,45.32266,0.00389676783815673,45.3199446726832,0.00118144052135354
21.98864,45.32098,0.00221676783815639,45.3197733361459,0.00101010398408107
22,45.31569,-0.00307323216184585,45.319540716006,0.000777483844158201
22.01133,45.3232,0.00443676783815761,45.3192960105067,0.000532778344865821
22.02263,45.32416,0.00539676783815679,45.3190959511576,0.0003327189958067
22.03393,45.31145,-0.00731323216184165,45.3189962263382,0.000232994176321462
22.04526,45.31493,-0.0038332321618455,45.3190426609071,0.000279428745284839
22.05657,45.31498,-0.00378323216184384,45.3192636231307,0.000500390968851647
22.06788,45.32288,0.00411676783815551,45.3196650303612,0.000901798199389366
22.07923,45.32072,0.00195676783815912,45.3202287890531,0.00146555689121478
22.09056,45.31543,-0.00333323216184311,45.3209147455796,0.0021515134177462
22.10188,45.32563,0.00686676783815443,45.3216656290888,0.00290239692694867
22.1132,45.32277,0.00400676783815612,45.3224141615724,0.00365092941060692
22.12452,45.32475,0.00598676783815932,45.3230913595306,0.004328127368778
22.13586,45.32069,0.00192676783815671,45.3236349831276,0.00487175096576917
22.14721,45.32666,0.00789676783815452,45.3239971446488,0.00523391248693086
22.15855,45.32369,0.00492676783815682,45.3241502324489,0.00538700028708663
22.1699,45.33016,0.011396767838157,45.3240904333476,0.00532720118577157
22.18124,45.32817,0.00940676783815775,45.3238382592175,0.00507502705565241
22.19256,45.32048,0.0017167678381611,45.3234357581416,0.004672525979717
22.2039,45.32067,0.00190676783815746,45.3229406201826,0.00417738802078876
22.21523,45.32784,0.00907676783815958,45.3224180440392,0.00365481187733086
22.22654,45.31325,-0.00551323216184585,45.3219317285809,0.00316849641906668
22.23786,45.31657,-0.00219323216184364,45.3215355229446,0.00277229078274756
22.24919,45.3204,0.00163676783815703,45.321267120786,0.00250388862417973
22.26052,45.32617,0.0074067678381553,45.3211447275547,0.00238149539287344
22.27185,45.31977,0.00100676783815601,45.3211669167736,0.00240368461173348
22.28316,45.31775,-0.00101323216184568,45.3213152056712,0.00255197350932161
22.29448,45.32341,0.00464676783816032,45.3215585242294,0.00279529206759847
22.30581,45.32663,0.00786676783815921,45.3218586877927,0.00309545563090383
22.31716,45.32093,0.00216676783815473,45.3221759834496,0.00341275128780276
22.32848,45.32524,0.00647676783815854,45.3224740144705,0.00371078230860534
22.3398,45.3258,0.00703676783815865,45.3227231527578,0.00395992059599175
22.35115,45.31746,-0.00130323216184536,45.3229023421805,0.00413911001864858
22.3625,45.32029,0.00152676783815764,45.3229994303818,0.00423619821998482
22.37384,45.32667,0.00790676783815769,45.3230105031828,0.00424727102097809
22.38516,45.32271,0.00394676783815839,45.3229387218024,0.00417548964057695
22.3965,45.32178,0.00301676783815452,45.3227929565342,0.00402972437231319
22.40786,45.32436,0.00559676783815632,45.3225862966064,0.00382306444453084
22.4192,45.32288,0.00411676783815551,45.3223344644436,0.00357123228178595
22.43051,45.31793,-0.000833232161845388,45.3220542346252,0.00329100246334403
22.44181,45.32413,0.00536676783815437,45.3217620406934,0.00299880853157364
22.45313,45.3207,0.00193676783815988,45.3214729758005,0.00270974363863569
22.46446,45.31635,-0.00241323216184242,45.3212003222726,0.00243709011071423
22.47579,45.32565,0.00688676783816078,45.3209555917938,0.00219235963195114
22.48711,45.32314,0.00437676783815988,45.3207488651535,0.00198563299168151
22.49843,45.32088,0.00211676783816017,45.320589054371,0.0018258222091326
22.50975,45.32563,0.00686676783815443,45.3204836972534,0.00172046509158593
22.5211,45.31129,-0.0074732321618427,45.3204381401776,0.00167490801578222
22.53242,45.31865,-0.000113232161844223,45.3204543769717,0.00169114480982565
22.54375,45.32169,0.00292676783815438,45.3205301020754,0.00176686991356047
22.55508,45.32131,0.00254676783815455,45.3206584521085,0.00189521994667578
22.5664,45.32787,0.00910676783815489,45.3208284973626,0.00206526520072866
22.57776,45.31507,-0.0036932321618437,45.3210261543741,0.00226292221221873
22.58905,45.3222,0.00343676783815994,45.3212351386009,0.00247190643908484
22.60038,45.3193,0.000536767838156038,45.3214378229396,0.00267459077778591
22.6117,45.32252,0.00375676783815493,45.3216161040414,0.00285287187952513
22.62301,45.3267,0.00793676783816011,45.3217523887566,0.0029891565947775
22.63434,45.31689,-0.00187323216184154,45.3218306790809,0.0030674469190857
22.64565,45.32073,0.00196676783815519,45.3218376716361,0.00307443947424964
22.65697,45.3233,0.00453676783816093,45.3217638549681,0.00300062280629384
22.6683,45.31935,0.000586767838157698,45.3216046330887,0.00284140092689415
22.67965,45.3286,0.00983676783815923,45.3213614056887,0.00259817352689789
22.69098,45.31691,-0.0018532321618423,45.3210423886977,0.00227915653581733
22.70232,45.31715,-0.00161323216184428,45.3206629451598,0.00189971299797545
22.71364,45.32157,0.00280676783815892,45.3202453339089,0.00148210174702996
22.72496,45.32511,0.00634676783815991,45.3198178884676,0.00105465630572772
22.7363,45.31955,0.000786767838157232,45.3194135805026,0.000650348340750123
22.74764,45.31685,-0.00191323216184003,45.3190678455571,0.00030461339524622
22.75898,45.31893,0.000166767838159387,45.3188156786409,5.24464790184249e-05
22.7703,45.31593,-0.00283323216184073,45.3186882967202,-7.4935441632538e-05
22.78163,45.31974,0.000976767838160697,45.3187098500509,-5.33821109643532e-05
22.79294,45.32272,0.00395676783815446,45.3188946082884,0.000131376126544314
22.80426,45.31799,-0.000773232161840554,45.3192448665072,0.000481634345328547
22.81558,45.31477,-0.00399323216183944,45.3197497147679,0.000986482606102794
22.82689,45.31892,0.000156767838156213,45.3203848598288,0.00162162766691292
22.83822,45.32455,0.00578676783815979,45.3211137193127,0.00235048715082084
22.84956,45.32033,0.00156676783815612,45.3218898325668,0.00312660040499538
22.8609,45.32714,0.00837676783815766,45.3226603036098,0.00389707144791768
22.8722,45.32066,0.00189676783815429,45.3233697690791,0.00460653691729431
22.88354,45.3238,0.00503676783815621,45.3239644159828,0.00520118382097795
22.89486,45.32368,0.00491676783816075,45.3243957648362,0.0056325326743548
22.9062,45.3269,0.00813676783815964,45.3246240937037,0.00586086154188563
22.91755,45.32104,0.00227676783816122,45.3246214103396,0.00585817817772374
22.92889,45.32695,0.0081867678381542,45.3243738255968,0.00561059343499891
22.94024,45.32758,0.00881676783815522,45.323883127108,0.0051198949461432
22.95156,45.31726,-0.00150323216184489,45.3231673442059,0.00440411204405906
22.96287,45.32587,0.00710676783815956,45.3222601573167,0.00349692515482795
22.97419,45.32512,0.00635676783815597,45.321209127809,0.00244589564716904
22.98552,45.31189,-0.0068732321618441,45.320072848805,0.00130961664311953
22.99684,45.3224,0.00363676783815947,45.318917214926,0.000153982764185018
23.00818,45.31975,0.000986767838156766,45.317811077011,-0.000952155150860596
23.01947,45.31601,-0.00275323216184375,45.3168215441551,-0.00194168800675143
23.0308,45.31775,-0.00101323216184568,45.3160091387619,-0.00275409339989051
23.04212,45.31231,-0.00645323216184579,45.3154230264099,-0.00334020575190495
23.05346,45.31672,-0.00204323216184576,45.3150966700622,-0.00366656209968837
23.06478,45.31747,-0.00129323216184218,45.3150443824994,-0.00371884966242095
23.07613,45.30562,-0.0131432321618448,45.315259285126,-0.00350394703587203
23.08749,45.32011,0.00134676783815735,45.3157131396042,-0.00305009255763086
23.09881,45.31392,-0.00484323216183924,45.3163583896451,-0.00240484251676643
23.11014,45.31592,-0.0028432321618439,45.3171324754865,-0.00163075667535313
23.12147,45.31546,-0.0033032321618407,45.3179640990782,-0.000799133083659478
23.13279,45.32318,0.00441676783815836,45.3187807450036,1.7512841735307e-05
23.14412,45.32236,0.00359676783816099,45.3195164626602,0.000753230498324377
23.15545,45.32336,0.00459676783815866,45.320118735433,0.00135550327114725
23.16677,45.32151,0.00274676783816119,45.3205533359516,0.00179010378975683
23.1781,45.31733,-0.00143323216184399,45.3208064750882,0.00204324292634369
23.18944,45.32167,0.00290676783815513,45.3208841489657,0.00212091680383707
23.20076,45.32335,0.00458676783815548,45.3208090847994,0.00204585263752671
23.21208,45.32192,0.00315676783815633,45.3206159162394,0.00185268407756207
23.22342,45.31962,0.000856767838158135,45.3203452769439,0.0015820447820886
23.23476,45.31495,-0.00381323216183915,45.3200375929487,0.00127436078687001
23.24608,45.31573,-0.00303323216184026,45.3197275115972,0.000964279435355571
23.25739,45.32246,0.0036967678381572,45.3194399230933,0.000676690931416804
23.26873,45.31706,-0.00170323216184443,45.3191882254464,0.000424993284563759
23.28006,45.32063,0.00186676783815898,45.3189749424576,0.00021171029571138
23.29138,45.31773,-0.00103323216184492,45.3187943108688,3.10787069388036e-05
23.30272,45.31834,-0.000423232161843146,45.318636188638,-0.000127043523828301
23.31403,45.31683,-0.00193323216183927,45.3184905548167,-0.000272677345113978
23.32535,45.31739,-0.00137323216183916,45.3183518298957,-0.000411402266134828
23.33669,45.33194,0.0131767678381607,45.3182221596732,-0.000541072488633496
23.34802,45.31896,0.000196767838154699,45.3181127428733,-0.000650489288573329
23.35932,45.31683,-0.00193323216183927,45.318042484696,-0.000720747465880326
23.37064,45.31818,-0.000583232161844194,45.3180339235532,-0.000729308608681509
23.382,45.31085,-0.00791323216184026,45.3181073249158,-0.000655907246050498
23.39332,45.31139,-0.00737323216183938,45.3182745575387,-0.000488674623177905
23.40466,45.32325,0.00448676783815927,45.3185344680722,-0.000228764089607899
23.41601,45.31643,-0.00233323216184544,45.3188709341264,0.000107701964513841
23.4273,45.32147,0.0027067678381556,45.3192539165921,0.000490684430282636
23.43864,45.31628,-0.00248323216184332,45.319643083555,0.000879851393161732
23.44998,45.32565,0.00688676783816078,45.3199931895561,0.00122995739424682
23.4613,45.3148,-0.00396323216184413,45.3202602978,0.00149706563813751
23.47262,45.32275,0.00398676783815688,45.3204079513755,0.0016447192136098
23.48395,45.32124,0.00247676783816075,45.3204124375105,0.00164920534867997
23.49526,45.32841,0.00964676783815577,45.3202663211535,0.00150308899168499
23.50658,45.32455,0.00578676783815979,45.3199795115427,0.0012162793808291
23.51791,45.3133,-0.00546323216184419,45.3195774503719,0.000814218210070793
23.52922,45.31919,0.00042676783815665,45.3190966808041,0.000333448642280356
23.54054,45.31249,-0.0062732321618455,45.3185788442725,-0.00018438788931553
23.55186,45.31647,-0.00229323216183985,45.3180646048177,-0.000698627344109313
23.56319,45.31453,-0.00423323216184457,45.3175888609135,-0.00117437124837001
23.5745,45.32259,0.00382676783815583,45.3171779957257,-0.00158523643613865
23.58583,45.31662,-0.00214323216184198,45.3168491672567,-0.00191406490512558
23.59716,45.31659,-0.0021732321618444,45.3166110729958,-0.00215215916602717
23.60848,45.31648,-0.00228323216184378,45.3164654232275,-0.00229780893437291
23.6198,45.31961,0.00084676783815496,45.3164084713059,-0.00235476085592699
23.63113,45.31679,-0.00197323216184486,45.3164321768528,-0.00233105530901594
23.64248,45.31814,-0.000623232161842679,45.3165248036897,-0.00223842847212746
23.65378,45.31126,-0.00750323216184512,45.3166710068854,-0.00209222527644341
23.6651,45.31861,-0.000153232161842709,45.3168517390665,-0.00191149309529077
23.67641,45.31214,-0.00662323216184291,45.3170444732006,-0.00171875896127537
23.68775,45.32255,0.00378676783815735,45.3172241679883,-0.00153906417349074
23.69906,45.31516,-0.00360323216184355,45.3173651267969,-0.00139810536490545
23.7104,45.31783,-0.000933232161841602,45.317443603613,-0.00131962854880086
23.72174,45.31261,-0.00615323216184294,45.3174408469657,-0.00132238519616511
23.73306,45.32015,0.00138676783815583,45.3173462258689,-0.00141700629293676
23.74438,45.32119,0.00242676783815909,45.3171600029914,-0.00160322917045387
23.75572,45.3176,-0.00116323216184355,45.3168951625979,-0.00186806956395224
23.76706,45.3169,-0.00186323216184547,45.316577629851,-0.00218560231081552
23.77839,45.32043,0.00166676783815944,45.3162444113932,-0.00251882076867261
23.78972,45.31625,-0.00251323216184574,45.3159396112533,-0.00282362090855939
23.80107,45.31229,-0.00647323216184503,45.3157087687958,-0.00305446336603113
23.81241,45.31352,-0.00524323216184541,45.3155924104971,-0.00317082166473843
23.82372,45.30969,-0.00907323216183897,45.3156199977041,-0.00314323445770897
23.83504,45.31751,-0.0012532321618437,45.3158054301762,-0.0029578019856571
23.84637,45.32051,0.00174676783815642,45.3161448646252,-0.00261836753660636
23.8577,45.31091,-0.00785323216184253,45.3166170056704,-0.00214622649145127
23.86903,45.31997,0.00120676783815554,45.3171855385233,-0.001577693638573
23.88037,45.3195,0.000736767838155572,45.3178031653815,-0.000960066780332939
23.89167,45.31531,-0.00345323216184568,45.3184166897744,-0.000346542387434752
23.90299,45.32088,0.00211676783816017,45.3189726190412,0.000209386879397162
23.91432,45.31768,-0.00108323216183948,45.319422784494,0.000659552332156626
23.92565,45.31989,0.00112676783815857,45.3197294976519,0.000966265490060311
23.93698,45.32414,0.00537676783815755,45.3198697366049,0.00110650444308107
23.94834,45.32133,0.0025667678381609,45.3198378194957,0.00107458733388798
23.95965,45.32107,0.00230676783815653,45.3196460835948,0.000882851432928956
23.97096,45.31575,-0.00301323216184102,45.3193233433647,0.000560111202893409
23.98231,45.317,-0.00176323216184215,45.3189113000158,0.000148067854004372
23.99364,45.32211,0.00334676783815979,45.3184594082952,-0.000303823866633585
24.00498,45.32153,0.00276676783816043,45.3180187954969,-0.000744436664923787
24.01634,45.32234,0.00357676783815464,45.3176357550096,-0.00112747715219226
24.02767,45.30643,-0.0123332321618435,45.3173453933135,-0.00141783884836875
24.03898,45.31477,-0.00399323216183944,45.3171663380567,-0.0015968941051185
24.05032,45.30885,-0.0099132321618427,45.3170977435202,-0.00166548864164377
24.06164,45.32162,0.00285676783816058,45.3171196866968,-0.0016435454649905
24.07294,45.31464,-0.00412323216184518,45.3171972727522,-0.00156595940969022
24.08427,45.32056,0.00179676783815808,45.3172877071863,-0.00147552497555003
24.0956,45.32314,0.00437676783815988,45.3173487551801,-0.00141447698174339
24.10693,45.32134,0.00257676783815697,45.3173466822298,-0.00141654993204843
24.11824,45.3166,-0.00216323216184122,45.3172619769347,-0.00150125522710591
24.12958,45.32166,0.00289676783815906,45.3170917911704,-0.00167144099140819
24.1409,45.31763,-0.00113323216184114,45.3168488955418,-0.00191433662002247
24.1522,45.30504,-0.0137232321618441,45.3165577864282,-0.00220544573361878
24.16354,45.31506,-0.00370323216183976,45.3162491808281,-0.00251405133373343
24.17486,45.32306,0.0042967678381558,45.3159543137871,-0.00280891837471664
24.18617,45.31423,-0.00453323216184032,45.3157001318678,-0.00306310029408241
24.19751,45.3138,-0.0049632321618418,45.3155059095634,-0.00325732259844558
24.20884,45.30881,-0.00995323216184119,45.3153814496004,-0.00338178256148832
24.22019,45.3169,-0.00186323216184547,45.3153269601629,-0.0034362719989735
24.23154,45.32111,0.00234676783815502,45.3153346025494,-0.00342862961247938
24.24287,45.31469,-0.00407323216184352,45.3153913715266,-0.00337186063523028
24.2542,45.3112,-0.00756323216184285,45.3154826406508,-0.00328059151099204
24.2655,45.31907,0.000306767838161193,45.3155956639361,-0.00316756822578414
24.2768,45.31832,-0.000443232161842388,45.315722505465,-0.00304072669687512
24.28812,45.31377,-0.00499323216184422,45.3158620222162,-0.00290120994569357
24.29945,45.31565,-0.00311323216184434,45.3160206117869,-0.00274262037492605
24.3108,45.31533,-0.00343323216183933,45.3162115622223,-0.00255166993959143
24.32211,45.32465,0.005886767838156,45.3164529838976,-0.00231024826426813
24.33343,45.31648,-0.00228323216184378,45.3167643923767,-0.00199883978517765
24.34471,45.31589,-0.00287323216183921,45.3171621533507,-0.00160107881114983
24.35605,45.3187,-6.32321618425635e-05,45.3176543570848,-0.00110887507704779
24.36734,45.30623,-0.012533232161843,45.3182361771486,-0.000527055013222344
24.37868,45.32055,0.0017867678381549,45.3188870674153,0.000123835253464364
24.39003,45.31274,-0.00602323216184431,45.3195709825209,0.000807750359047872
24.40138,45.32132,0.00255676783815773,45.3202401268153,0.00147689465347948
24.4127,45.32732,0.00855676783815795,45.3208417564818,0.00207852431999771
24.42401,45.3198,0.00103676783815843,45.3213266399422,0.00256340778039541
24.43534,45.32893,0.0101667678381574,45.3216572587214,0.00289402655957147
24.44668,45.32815,0.00938676783815851,45.3218138629088,0.00305063074695383
24.45803,45.32315,0.00438676783815595,45.3217970368901,0.00303380472830691
24.46933,45.31881,4.67678381568248e-05,45.3216263360487,0.00286310388690475
24.48068,45.31412,-0.00464323216183971,45.3213356178521,0.00257238569026118
24.49201,45.31694,-0.00182323216183988,45.320966563174,0.0022033310121435
24.50332,45.31765,-0.00111323216184189,45.3205621604668,0.00179892830500971
24.51466,45.32796,0.00919676783815504,45.3201614655481,0.00139823338628158
24.52598,45.32106,0.00229676783816046,45.3197960617481,0.00103282958628838
24.53732,45.32131,0.00254676783815455,45.3194878995247,0.000724667362838765
24.54865,45.3142,-0.00456323216184273,45.3192480073489,0.000484775187045551
24.56,45.32166,0.00289676783815906,45.3190758873346,0.000312655172731686
24.57133,45.31595,-0.00281323216184148,45.3189598283381,0.000196596176260783
24.58264,45.31406,-0.00470323216184454,45.3188785337789,0.000115301617108103
24.59397,45.31991,0.00114676783815781,45.3188043151739,4.10830120898099e-05
24.6053,45.31932,0.000556767838155281,45.3187077441608,-5.54880010797597e-05
24.61664,45.3209,0.00213676783815941,45.3185631921022,-0.000200040059634381
24.62799,45.3209,0.00213676783815941,45.3183542789742,-0.000408953187627441
24.63932,45.3202,0.00143676783815749,45.3180781010426,-0.000685131119218761
24.65066,45.31809,-0.000673232161844339,45.3177472907421,-0.00101594141974621
24.66198,45.31958,0.000816767838159649,45.3173893941245,-0.00137383803731947
24.67334,45.32172,0.00295676783815679,45.3170435781927,-0.00171965396913991
24.68468,45.31063,-0.00813323216183903,45.3167552002466,-0.0020080319152888
24.69603,45.30715,-0.0116132321618423,45.3165692410487,-0.0021939911131181
24.70735,45.3194,0.000636767838159358,45.3165239022879,-0.00223932987392916
24.71869,45.3184,-0.000363232161845417,45.3166455561132,-0.00211767604867051
24.73003,45.31641,-0.00235323216184469,45.3169456491817,-0.00181758298015773
24.74137,45.31903,0.000266767838155602,45.3174194556958,-0.00134377646605229
24.7527,45.32308,0.00431676783815504,45.3180461828097,-0.000717049352158943
24.764,45.31759,-0.00117323216183962,45.3187899646379,2.67324760739265e-05
24.77532,45.31877,6.76783815833915e-06,45.3196015884978,0.000838356335935366
24.78663,45.30703,-0.0117332321618449,45.3204212065465,0.00165797438466164
24.79796,45.32035,0.00158676783815537,45.321182555584,0.00241932342217652
24.80929,45.3336,0.0148367678381547,45.3218190149853,0.00305578282341076
24.82061,45.32116,0.00239676783815668,45.3222711180127,0.00350788585085123
24.83193,45.31927,0.000506767838160727,45.3224943596847,0.00373112752283697
24.84324,45.32415,0.00538676783816072,45.3224658906581,0.00370265849625091
24.85456,45.32568,0.00691676783815609,45.3221889711766,0.00342573901473499
24.86587,45.32845,0.00968676783815425,45.3216944448318,0.00293121267000308
24.8772,45.31739,-0.00137323216183916,45.3210387815674,0.00227554940560274
24.88854,45.31914,0.00037676783815499,45.3202986272129,0.00153539505105222
24.89988,45.32533,0.00656676783815868,45.3195623709949,0.000799138833019124
24.91122,45.31636,-0.00240323216183924,45.3189197854071,0.000156553245282091
24.92252,45.31628,-0.00248323216184332,45.3184511268982,-0.000312105263604964
24.93386,45.30765,-0.0111132321618399,45.3182172575666,-0.000545974595217118
24.94518,45.31805,-0.000713232161842825,45.3182523539053,-0.000510878256532917
24.95653,45.32079,0.00202676783816003,45.3185604092746,-0.000202822887226704
24.96784,45.32009,0.0013267678381581,45.3191159418767,0.000352709714887489
24.97916,45.32117,0.00240676783815985,45.3198684128645,0.00110518070270483
24.99049,45.32182,0.00305676783816011,45.3207492917615,0.00198605959963323
25.00179,45.31481,-0.00395323216184096,45.3216806204693,0.00291738830746817
25.01313,45.32586,0.00709676783815638,45.3225840935424,0.00382086138060196
25.02446,45.32766,0.00889676783815929,45.323389775374,0.00462654321215857
25.03579,45.3275,0.00873676783815824,45.324043506268,0.00528027410619771
25.04711,45.32172,0.00295676783815679,45.3245119982609,0.00574876609907175
25.05845,45.3307,0.0119367678381579,45.3247848466645,0.00602161450267293
25.06976,45.32597,0.00720676783815577,45.3248731914114,0.00610995924956368
25.08109,45.32506,0.00629676783815825,45.3248053509978,0.00604211883591629
25.09241,45.31853,-0.00023323216183968,45.3246202941955,0.00585706203367227
25.10377,45.31967,0.000906767838159794,45.3243602607925,0.00559702863068102
25.1151,45.32173,0.00296676783815997,45.3240640241453,0.00530079198341278
25.12643,45.33113,0.0123667678381594,45.3237620059303,0.00499877376842224
25.13772,45.31721,-0.00155323216183945,45.3234737826546,0.00471055049275906
25.14906,45.32681,0.0080467678381595,45.3232078457368,0.00444461357493693
25.16041,45.32452,0.00575676783815737,45.3229631199018,0.00419988773994625
25.17173,45.31831,-0.000453232161845563,45.3227317045045,0.00396847234267429
25.18305,45.31609,-0.00267323216183968,45.3225023776869,0.00373914552503908
25.19438,45.33345,0.0146867678381568,45.3222644115855,0.00350117942364277
25.2057,45.32539,0.00662676783815641,45.3220110907871,0.0032478586252625
25.21701,45.32222,0.00345676783815918,45.321742126122,0.00297889396020768
25.22835,45.32106,0.00229676783816046,45.3214642589895,0.00270102682763568
25.23967,45.31827,-0.000493232161844048,45.3211899131372,0.00242668097533233
25.25099,45.32008,0.00131676783815493,45.3209344530227,0.00217122086087932
25.26232,45.31533,-0.00343323216183933,45.320713006261,0.00194977409919098
25.27365,45.32221,0.00344676783815601,45.3205377499258,0.00177451776396963
25.28498,45.32587,0.00710676783815956,45.3204161712496,0.00165293908771473
25.29634,45.32203,0.00326676783815572,45.3203503346412,0.00158710247933242
25.30763,45.31367,-0.00509323216184043,45.3203369063462,0.00157367418432008
25.31896,45.31957,0.000806767838156475,45.3203677606562,0.00160452849431108
25.33028,45.32031,0.00154676783815688,45.3204312280812,0.00166799591934075
25.3416,45.31843,-0.000333232161843,45.3205140756588,0.00175084349695838
25.3529,45.32478,0.00601676783815464,45.320604010969,0.00184077880713414
25.36425,45.328,0.00923676783816063,45.3206921055087,0.00192887334685348
25.37556,45.31867,-9.32321618449805e-05,45.3207743529602,0.00201112079830682
25.38688,45.31951,0.000746767838158746,45.3208517900803,0.00208855791847094
25.3982,45.32051,0.00174676783815642,45.3209291540428,0.00216592188095815
25.40952,45.3183,-0.000463232161841631,45.3210126240798,0.00224939191797154
25.42083,45.31951,0.000746767838158746,45.3211074713142,0.00234423915238879
25.43216,45.32201,0.00324676783815647,45.3212163450732,0.00245311291139036
25.44346,45.31783,-0.000933232161841602,45.3213386011801,0.00257536901827112
25.4548,45.3277,0.00893676783815778,45.3214706946873,0.0027074625254335
25.46616,45.31459,-0.00417323216183973,45.321607331541,0.00284409937918741
25.47748,45.32586,0.00709676783815638,45.3217428669533,0.00297963479148266
25.4888,45.33135,0.0125867678381582,45.3218723579991,0.00310912583728081
25.50014,45.32307,0.00430676783815898,45.3219917278286,0.00322849566676053
25.51147,45.31684,-0.0019232321618432,45.3220967875777,0.00333355541586056
25.52278,45.31678,-0.00198323216184093,45.3221814712012,0.00341823903935993
25.53412,45.31629,-0.00247323216184014,45.3222363045911,0.00347307242922875
25.54547,45.32041,0.0016467678381602,45.3222483238353,0.00348509167348169
25.55678,45.32585,0.00708676783816031,45.3222031135586,0.00343988139671751
25.56811,45.32664,0.00787676783815527,45.3220886356664,0.00332540350451631
25.57944,45.32129,0.00252676783815531,45.3218996280573,0.00313639589548014
25.59076,45.33067,0.0119067678381555,45.3216410042996,0.00287777213771797
25.6021,45.32131,0.00254676783815455,45.3213289563731,0.00256572421130482
25.61342,45.32156,0.00279676783815574,45.3209891611538,0.0022259289919481
25.62474,45.31913,0.000366767838158921,45.3206523699706,0.00188913780871763
25.63608,45.31499,-0.00377323216184067,45.3203484825179,0.00158525035606016
25.64743,45.31453,-0.00423323216184457,45.3201007194681,0.00133748730628999
25.65876,45.31273,-0.00603323216184037,45.3199215128821,0.0011582807202559
25.67011,45.3246,0.00583676783815434,45.3198111721019,0.00104793994009314
25.68139,45.32806,0.00929676783815836,45.319759394131,0.000996161969175583
25.69272,45.32175,0.00298676783815921,45.3197486701836,0.000985438021790291
25.70404,45.32421,0.00544676783815845,45.3197581404222,0.000994908260391662
25.71534,45.31432,-0.00444323216184017,45.3197667592053,0.00100352704344063
25.72665,45.31137,-0.00739323216184573,45.3197554908927,0.000992258730812728
25.73797,45.31712,-0.00164323216183959,45.3197090266794,0.000945794517568342
25.74929,45.32536,0.0065967678381611,45.3196176580844,0.000854425922514816
25.76063,45.32279,0.00402676783815537,45.3194793974555,0.000716165293629357
25.77196,45.32428,0.00551676783815935,45.319301673383,0.000538441221191257
25.78328,45.31604,-0.00272323216184134,45.3191015840678,0.000338351905959282
25.79461,45.32272,0.00395676783815446,45.3189040063917,0.0001407742298701
25.80596,45.3186,-0.000163232161838778,45.3187375507376,-2.56814242620917e-05
25.81728,45.31824,-0.00052323216183936,45.3186290085421,-0.000134223619725021
25.8286,45.31549,-0.00327323216184539,45.3185973824536,-0.00016584970828295
25.83995,45.30966,-0.00910323216184139,45.318648824408,-0.000114407753818589
25.85128,45.32354,0.00477676783815895,45.3187737910974,1.05589355947419e-05
25.86261,45.31301,-0.00575323216184387,45.3189473524962,0.000184120334352021
25.87393,45.31623,-0.00253323216184498,45.3191328921397,0.000369659977819153
25.88527,45.32183,0.00306676783815618,45.3192886363076,0.000525404145761376
25.89662,45.32801,0.0092467678381567,45.3193757426534,0.000612510491573379
25.90797,45.32638,0.00761676783815801,45.3193661955932,0.000602963431326766
25.91931,45.31524,-0.00352323216183947,45.3192487107496,0.000485478587734994
25.93065,45.3183,-0.000463232161841631,45.3190314264349,0.000268194273097876
25.94196,45.31792,-0.000843232161841456,45.3187411426556,-2.20895062241819e-05
25.9533,45.32033,0.00156676783815612,45.3184197084847,-0.000343523677102253
25.96463,45.31314,-0.00562323216184524,45.3181185068063,-0.000644725355588724
25.97596,45.31987,0.00110676783815933,45.3178919437563,-0.000871288405527662
25.9873,45.32225,0.00348676783815449,45.3177906769581,-0.000972555203764569
25.99861,45.31735,-0.00141323216184475,45.3178551566062,-0.000908075555676992
26.00995,45.31404,-0.00472323216184378,45.3181100021158,-0.00065323004599758
26.02126,45.31839,-0.000373232161841486,45.3185598561748,-0.000203375986999958
26.03262,45.30792,-0.0108432321618395,45.3191875148655,0.000424282703664709
26.04396,45.32256,0.00379676783816052,45.3199550356707,0.00119180350884289
26.05528,45.3271,0.00833676783815918,45.3208080042583,0.00204477209647739
26.06662,45.31924,0.00047676783815831,45.3216823448546,0.00291911269277577
26.07795,45.32378,0.00501676783815697,45.3225123927377,0.00374916057589065
26.0893,45.32961,0.0108467678381601,45.3232387435806,0.00447551141871342
26.10066,45.32584,0.00707676783815714,45.3238146322988,0.00505140013692717
26.11198,45.3197,0.000936767838155106,45.3242100598989,0.00544682773700965
26.1233,45.32197,0.00320676783815799,45.3244134486512,0.00565021648931232
26.13462,45.33039,0.011626767838159,45.3244311265322,0.00566789437035564
26.14594,45.31734,-0.00142323216184082,45.3242852054977,0.00552197333582144
26.15726,45.32633,0.00756676783815635,45.3240103749526,0.00524714279077958
26.16857,45.32513,0.00636676783815915,45.3236499615019,0.00488672934002829
26.17991,45.32401,0.00524676783815892,45.3232514583389,0.00448822617706408
26.19125,45.32595,0.00718676783815653,45.3228616460539,0.00409841389201413
26.20258,45.32199,0.00322676783815723,45.3225214754389,0.00375824327707275
26.21392,45.32227,0.00350676783816084,45.3222611118741,0.00349787971225582
26.22524,45.31394,-0.00482323216184,45.3220958710671,0.0033326389053004
26.23656,45.31861,-0.000153232161842709,45.322024009932,0.00326077777016036
26.24789,45.32223,0.00346676783815525,45.3220272445222,0.00326401236031143
26.25922,45.319,0.00023676783816029,45.3220743311798,0.00331109901799228
26.27054,45.32966,0.0108967678381546,45.3221272115828,0.00336397942100353
26.28186,45.32402,0.00525676783815499,45.3221484451701,0.00338521300825021
26.29318,45.3211,0.00233676783815895,45.3221082654836,0.0033450333217659
26.30452,45.33554,0.0167767678381594,45.3219897230372,0.00322649087536834
26.31584,45.31188,-0.00688323216184017,45.3217909256983,0.00302769353644397
26.32718,45.32262,0.00385676783815825,45.3215241653262,0.00276093316438809
26.3385,45.32301,0.00424676783815414,45.3212125003498,0.00244926818793221
26.34982,45.31461,-0.00415323216184049,45.3208848959213,0.00212166375950185
26.36116,45.32242,0.00365676783815871,45.3205711577163,0.001807925554498
26.3725,45.31537,-0.00339323216184084,45.3202977088599,0.00153447669810572
26.38383,45.32023,0.00146676783815991,45.3200849067917,0.00132167462985797
26.39516,45.31842,-0.000343232161839069,45.3199461492835,0.0011829171216162
26.40648,45.32596,0.0071967678381597,45.3198885247964,0.00112529263455589
26.41779,45.3227,0.00393676783815522,45.3199143405945,0.00115110843264091
26.42912,45.31848,-0.00028323216184134,45.3200226898183,0.0012594576564793
26.44046,45.32423,0.00546676783815769,45.3202104176365,0.00144718547469469
26.45178,45.31461,-0.00415323216184049,45.3204723343846,0.00170910222278366
26.46309,45.31934,0.000576767838154524,45.3208010345967,0.00203780243480986
26.47445,45.31268,-0.00608323216184203,45.321186951185,0.00242371902319869
26.48579,45.32598,0.00721676783815894,45.3216191503342,0.00285591817231902
26.49714,45.3267,0.00793676783816011,45.3220868459849,0.00332361382306679
26.50846,45.33079,0.012026767838158,45.3225809150096,0.00381768284778062
26.51981,45.32856,0.00979676783816075,45.3230942927406,0.00433106057877276
26.53116,45.31915,0.000386767838158164,45.3236204271677,0.00485719500583744
26.54249,45.31527,-0.00349323216184416,45.3241499339132,0.00538670175135002
26.55382,45.32253,0.0037667678381581,45.3246666825983,0.00590345043648306
26.56514,45.32209,0.00332676783816055,45.3251450698288,0.00638183766700762
26.57646,45.32402,0.00525676783815499,45.3255498846658,0.00678665250396317
26.58777,45.32795,0.00918676783815897,45.3258392256938,0.00707599353200669
26.59911,45.32553,0.00676676783815822,45.3259699232904,0.00720669112860457
26.61045,45.33343,0.0146667678381576,45.3259042248186,0.00714099265672757
26.62177,45.32817,0.00940676783815775,45.325616232126,0.00685299996414088
26.63311,45.32124,0.00247676783816075,45.3250967486466,0.00633351648471381
26.64444,45.32644,0.00767676783815574,45.3243557217926,0.00559248963073332
26.6558,45.32304,0.00427676783815656,45.3234221208716,0.00465888870976104
26.66714,45.3215,0.00273676783815802,45.3223415748331,0.00357834267123217
26.67847,45.32146,0.00269676783815953,45.3211722935158,0.00240906135392192
26.68982,45.31956,0.000796767838160406,45.3199798159157,0.00121658375389353
26.70116,45.32292,0.0041567678381611,45.3188310978677,6.78657058694531e-05
26.7125,45.31679,-0.00197323216184486,45.3177884359936,-0.000974796168215714
26.72384,45.30979,-0.00897323216184276,45.3169037806692,-0.00185945149263696
26.7352,45.31908,0.000316767838157261,45.3162141103893,-0.00254912177254531
26.74652,45.31024,-0.00852323216184203,45.3157385683883,-0.00302466377353642
26.75784,45.31866,-0.000103232161841049,45.3154778320888,-0.00328540007307508
26.76917,45.31326,-0.00550323216184267,45.3154157337709,-0.00334749839094779
26.78049,45.32132,0.00255676783815773,45.3155226865502,-0.00324054561159747
26.79181,45.31153,-0.00723323216184468,45.3157601766032,-0.00300305555861036
26.80312,45.32196,0.00319676783815481,45.3160855286694,-0.00267770349241322
26.81445,45.31387,-0.0048932321618409,45.3164563050248,-0.00230692713703906
26.82578,45.31706,-0.00170323216184443,45.3168339613446,-0.0019292708172387
26.83712,45.31755,-0.00121323216184521,45.3171866533988,-0.00157657876299131
26.84844,45.30937,-0.00939323216184107,45.3174912845345,-0.00127194762731254
26.85979,45.32601,0.00724676783815426,45.3177349275614,-0.00102830460044826
26.87114,45.31862,-0.000143232161839535,45.317915609224,-0.000847622937834702
26.88248,45.31889,0.000126767838160902,45.318042217323,-0.00072101483879927
26.89381,45.31802,-0.000743232161845242,45.3181332173091,-0.000630014852758281
26.90515,45.31591,-0.00285323216183997,45.3182140775852,-0.000549154576648282
26.91648,45.31833,-0.000433232161839214,45.3183136472237,-0.000449584938191163
26.92782,45.32211,0.00334676783815979,45.3184599476721,-0.000303284489783194
26.93915,45.3204,0.00163676783815703,45.31867586162,-8.73705418088978e-05
26.95047,45.31575,-0.00301323216184102,45.3189751843436,0.000211952181744471
26.96179,45.3112,-0.00756323216184285,45.3193596071158,0.000596374953970516
26.97314,45.32112,0.00235676783815819,45.3198173492484,0.00105411708657609
26.98449,45.31443,-0.00433323216184078,45.3203240484306,0.00156081626871467
26.99584,45.3332,0.0144367678381556,45.320845988149,0.00208275598712629
27.00718,45.32302,0.00425676783815732,45.3213450112775,0.00258177911561904
27.01852,45.31653,-0.00223323216184212,45.3217840145564,0.00302078239457329
27.02984,45.31857,-0.000193232161841195,45.3221320293085,0.00336879714670702
27.0412,45.32182,0.00305676783816011,45.3223683543572,0.00360512219536378
27.05254,45.33231,0.0135467678381573,45.3224854896014,0.00372225743952661
27.06386,45.326,0.00723676783815819,45.3224905018383,0.00372726967645698
27.07518,45.31881,4.67678381568248e-05,45.3224043066276,0.00364107446573834
27.08652,45.32132,0.00255676783815773,45.3222586343964,0.00349540223458287
27.09784,45.32226,0.00349676783815767,45.3220911124891,0.0033278803272526
27.10917,45.32059,0.00182676783816049,45.3219394638014,0.00317623163958646
27.12049,45.31513,-0.00363323216183886,45.3218359834382,0.0030727512763243
27.13182,45.3233,0.00453676783816093,45.3218032672745,0.00304003511267708
27.14312,45.32581,0.00704676783815472,45.3218517817816,0.00308854961978212
27.15444,45.32126,0.00249676783816,45.3219793831624,0.00321615100058637
27.16576,45.31638,-0.00238323216184,45.3221724902802,0.00340925811836414
27.1771,45.32841,0.00964676783815577,45.3224084548179,0.00364522265604412
27.18842,45.32573,0.00696676783815775,45.3226586842774,0.00389545211558973
27.19976,45.32274,0.00397676783816081,45.3228921022461,0.00412887008422127
27.21109,45.31215,-0.00661323216183973,45.3230786183273,0.004315386165428
27.2224,45.32488,0.00611676783815795,45.3231924891603,0.00442925699845562
27.23372,45.32867,0.00990676783816014,45.3232155522529,0.00445232009104277
27.24505,45.32728,0.00851676783815947,45.3231400572133,0.00437682505142424
27.25641,45.32469,0.00592676783815449,45.3229704209084,0.00420718874656564
27.26775,45.32047,0.00170676783815793,45.3227231950572,0.00395996289530885
27.2791,45.32141,0.00264676783815787,45.322425009393,0.00366177723117313
27.2904,45.32004,0.00127676783815645,45.3221088868625,0.00334565470061901
27.30174,45.32549,0.00672676783815973,45.3218096999523,0.00304646779044323
27.31308,45.31742,-0.00134323216184384,45.3215595485795,0.002796316417635
27.32439,45.32651,0.00774676783815664,45.3213836741664,0.00262044200454847
27.33572,45.31279,-0.00597323216184265,45.3212973884594,0.00253415629756505
27.34707,45.31916,0.000396767838154233,45.3213044283154,0.00254119615355268
27.35842,45.3264,0.00763676783815725,45.3213970213732,0.00263378921131523
27.36974,45.31962,0.000856767838158135,45.3215576342642,0.00279440210232668
27.38107,45.32488,0.00611676783815795,45.3217619483293,0.00299871616742698
27.39241,45.3245,0.00573676783815813,45.321982323929,0.0032190917671225
27.40375,45.32335,0.00458676783815548,45.3221910460866,0.00342781392475414
27.41508,45.31783,-0.000933232161841602,45.3223629416193,0.00359970945748397
27.42641,45.32193,0.0031667678381595,45.322477353304,0.00371412114215707
27.43773,45.32169,0.00292676783815438,45.3225197494865,0.00375651732461548
27.44906,45.31688,-0.00188323216184472,45.3224832667336,0.00372003457179386
27.4604,45.33138,0.0126167678381606,45.3223702106935,0.00360697853165636
27.4717,45.31937,0.000606767838156941,45.3221931342564,0.00342990209460242
27.48304,45.33072,0.0119567678381571,45.321974806131,0.00321157396919609
27.49436,45.32215,0.00338676783815828,45.3217463903335,0.00298315817168311
27.5057,45.3195,0.000736767838155572,45.3215435655304,0.00278033336859102
27.51702,45.3191,0.000336767838156504,45.3214009983409,0.00263776617905492
27.52832,45.3182,-0.000563232161844951,45.3213462471665,0.00258301500465373
27.53967,45.31873,-3.32321618401465e-05,45.3213945004584,0.00263126829651982
27.551,45.32219,0.00342676783815676,45.3215454143991,0.00278218223725723
27.56236,45.31535,-0.00341323216184009,45.3217828227817,0.00301959061983226
27.57369,45.32076,0.00199676783815761,45.3220774581525,0.00331422599064534
27.58501,45.32936,0.0105967678381589,45.3223921759941,0.00362894383226465
27.59635,45.3253,0.00653676783815627,45.3226885694563,0.00392533729448832
27.60766,45.32516,0.00639676783815446,45.3229334546626,0.00417022250078627
27.61902,45.3247,0.00593676783815766,45.3231037327583,0.00434050059645764
27.63034,45.32455,0.00578676783815979,45.3231886379286,0.00442540576671729
27.64167,45.32798,0.00921676783815428,45.3231891152281,0.00442588306628464
27.65302,45.3169,-0.00186323216184547,45.3231147732438,0.00435154108192998
27.66437,45.31847,-0.000293232161844514,45.3229794265925,0.0042161944307067
27.6757,45.31807,-0.000693232161843582,45.322796603097,0.00403337093512171
27.68704,45.32228,0.00351676783815691,45.3225763513749,0.00381311921310818
27.69838,45.32514,0.00637676783815522,45.3223241387828,0.00356090662099263
27.7097,45.32167,0.00290676783815513,45.3220417881545,0.00327855599266419
27.721,45.32586,0.00709676783815638,45.321729684749,0.00296645258714932
27.73234,45.32909,0.0103267678381584,45.321389190467,0.00262595830514416
27.74365,45.31543,-0.00333323216184311,45.3210243741399,0.00226114197809104
27.75497,45.31358,-0.00518323216184058,45.3206426884826,0.00187945632077866
27.7663,45.32177,0.00300676783815845,45.3202548376131,0.00149160545128885
27.77763,45.32147,0.0027067678381556,45.3198743912004,0.00111115903852863
27.78896,45.31947,0.00070676783816026,45.3195174983039,0.000754266142051804
27.80029,45.32185,0.00308676783815542,45.3192025853975,0.000439353235662495
27.81163,45.32004,0.00127676783815645,45.3189496271199,0.000186394958068169
27.82295,45.31904,0.000276767838158776,45.3187786245237,1.539236181257e-05
27.83426,45.32231,0.00354676783815933,45.3187072004754,-5.60316864824322e-05
27.84558,45.31413,-0.00463323216184364,45.3187475779907,-1.56541711099735e-05
27.85689,45.31598,-0.00278323216183907,45.3189035504911,0.000140318329268595
27.86824,45.31682,-0.00194323216184245,45.3191682737049,0.000405041543062777
27.87958,45.31893,0.000166767838159387,45.3195236636473,0.000760431485448941
27.8909,45.31805,-0.000713232161842825,45.3199418137296,0.00117858156778118
27.90224,45.32533,0.00656676783815868,45.3203882769531,0.00162504479123759
27.91359,45.32033,0.00156676783815612,45.3208265380775,0.00206330591564902
27.92493,45.32149,0.00272676783815484,45.3212227162427,0.002459484080867
27.93627,45.32439,0.00562676783815874,45.3215495477058,0.00278631554391073
27.94761,45.32359,0.00482676783816061,45.3217889239383,0.00302569177640751
27.95896,45.32715,0.00838676783816084,45.3219325847429,0.00316935258103531
27.97031,45.31994,0.00117676783816023,45.321980963556,0.00321773139415625
27.98164,45.30941,-0.00935323216184258,45.3219406814067,0.00317744924481232
27.99299,45.32352,0.0047567678381597,45.3218216573029,0.00305842514106019
28.00431,45.32021,0.00144676783816067,45.3216349061147,0.00287167395284517
28.01564,45.32558,0.00681676783815988,45.3213916143286,0.00262838216677373
28.02698,45.32624,0.00747676783815621,45.3211032794157,0.00234004725382901
28.03833,45.32288,0.00411676783815551,45.3207821333439,0.0020189011820464
28.04966,45.31577,-0.00299323216184177,45.3204410969415,0.00167786477961069
28.06097,45.31728,-0.00148323216184565,45.3200930212513,0.00132978908944466
28.07231,45.32322,0.00445676783815685,45.3197495450799,0.000986312918040209
28.08362,45.31586,-0.00290323216184163,45.3194201455392,0.000656913377390813
28.09493,45.31531,-0.00345323216184568,45.3191118200558,0.000348587893995565
28.10626,45.32652,0.00775676783815982,45.3188295287048,6.62965429939519e-05
28.11757,45.31586,-0.00290323216184163,45.3185772293189,-0.00018600284292243
28.12891,45.3172,-0.00156323216184262,45.3183591303038,-0.000404101858089724
28.14022,45.32263,0.00386676783815432,45.3181807359695,-0.0005824961923888
28.15156,45.31462,-0.00414323216184442,45.3180493668467,-0.000713865315130166
28.16287,45.32108,0.00231676783815971,45.3179739956297,-0.000789236532142454
28.17419,45.31957,0.000806767838156475,45.3179643792682,-0.000798852893593232
28.18553,45.31207,-0.00669323216184381,45.3180296101774,-0.000733621984415642
28.19688,45.32251,0.00374676783815886,45.3181763609258,-0.000586871236076443
28.20824,45.31524,-0.00352323216183947,45.3184071981438,-0.000356034017998827
28.21956,45.31824,-0.00052323216183936,45.3187193266328,-4.39055290006058e-05
28.23088,45.31998,0.00121676783815872,45.3191040016627,0.000340769500830823
28.24222,45.31904,0.000276767838158776,45.3195466849443,0.000783452782445518
28.25356,45.32513,0.00636676783815915,45.3200278759801,0.00126464381826587
28.26491,45.31341,-0.0053532321618448,45.320524476993,0.00176124483110589
28.27624,45.32189,0.00312676783816102,45.3210115857458,0.00224835358398571
28.28757,45.31863,-0.000133232161843466,45.3214646871316,0.00270145496976275
28.29888,45.32666,0.00789676783815452,45.3218621646657,0.0030989325038417
28.31022,45.32275,0.00398676783815688,45.3221878215831,0.00342458942126596
28.32152,45.32104,0.00227676783816122,45.3224328617547,0.00366962959287312
28.33285,45.32746,0.00869676783815976,45.3225967477703,0.00383351560846117
28.34417,45.3215,0.00273676783815802,45.3226865508888,0.00392331872691633
28.3555,45.3289,0.010136767838155,45.322714718161,0.00395148599911348
28.36682,45.32117,0.00240676783815985,45.3226955476062,0.00393231544435352
28.37814,45.31151,-0.00725323216184393,45.3226410975117,0.00387786534988765
28.38946,45.31891,0.000146767838160144,45.3225576619867,0.00379442982481405
28.40081,45.32497,0.0062067678381581,45.3224440198104,0.00368078764858169
28.41214,45.32376,0.00499676783815772,45.3222921596063,0.00352892744445168
28.42347,45.32533,0.00656676783815868,45.3220902916765,0.00332705951461928
28.43481,45.31702,-0.00174323216184291,45.3218272232333,0.00306399107148407
28.44612,45.32338,0.0046167678381579,45.321496944942,0.00273371278014108
28.45748,45.32418,0.00541676783815603,45.3211024043106,0.00233917214879105
28.46882,45.33011,0.0113467678381554,45.3206576135019,0.00189438134001105
28.48017,45.3183,-0.000463232161841631,45.3201874231684,0.00142419100654294
28.49151,45.32027,0.0015067678381584,45.3197247213538,0.000961489191963468
28.50282,45.30893,-0.00983323216184573,45.3193055662163,0.000542334054411138
28.51416,45.31566,-0.00310323216184116,45.3189635008,0.000200268638115343
28.52549,45.32261,0.00384676783815507,45.3187245294378,-3.87027240009301e-05
28.53679,45.31807,-0.000693232161843582,45.318603775837,-0.000159456324797308
28.54813,45.3241,0.00533676783815906,45.3186040266149,-0.000159205546938251
28.55947,45.31662,-0.00214323216184198,45.3187157524078,-4.74797540475972e-05
28.57082,45.31999,0.00122676783815479,45.3189180970318,0.000154864870003833
28.58215,45.31169,-0.00707323216184363,45.3191806051033,0.000417372941434889
28.5935,45.32037,0.00160676783815461,45.3194657658557,0.000702533693838541
28.60483,45.32067,0.00190676783815746,45.3197324863616,0.00096925419976304
28.61616,45.3224,0.00363676783815947,45.3199403081728,0.00117707601099692
28.62751,45.32566,0.00689676783815685,45.3200537678267,0.00129053566483515
28.63886,45.3199,0.00113676783815464,45.3200461138812,0.00128288171936062
28.6502,45.31591,-0.00285323216183997,45.3199018151217,0.00113858295983991
28.66153,45.31304,-0.00572323216184145,45.3196178014033,0.000854569241464905
28.67284,45.3207,0.00193676783815988,45.3192038006025,0.000440568440702297
28.68418,45.32569,0.00692676783815926,45.318682126661,-8.11055008550777e-05
28.69553,45.31809,-0.000673232161844339,45.318086856823,-0.000676375338847814
28.70684,45.32021,0.00144676783816067,45.3174619438642,-0.00130128829762866
28.71817,45.31681,-0.00195323216184562,45.3168578567878,-0.00190537537404235
28.7295,45.31238,-0.00638323216184489,45.3163268156382,-0.00243641652362119
28.74084,45.3168,-0.00196323216184169,45.3159172337914,-0.00284599837044033
28.7522,45.3167,-0.00206323216184501,45.3156682978431,-0.00309493431876638
28.76353,45.30491,-0.0138532321618428,45.3156056255644,-0.00315760659740645
28.77484,45.31686,-0.00190323216184396,45.3157387220178,-0.00302451014407286
28.78619,45.32181,0.00304676783815694,45.3160605533201,-0.00270267884173132
28.79751,45.31881,4.67678381568248e-05,45.3165490032649,-0.0022142288969661
28.80884,45.32312,0.00435676783816064,45.3171694848662,-0.00159374729562845
28.82016,45.31342,-0.00534323216184163,45.3178779130961,-0.000885319065692482
28.83149,45.30849,-0.0102732321618433,45.3186237079142,-0.000139524247686119
28.84282,45.31943,0.000666767838154669,45.3193531043587,0.000589872196814131
28.85418,45.32132,0.00255676783815773,45.3200132338023,0.00125000164042336
28.86552,45.32335,0.00458676783815548,45.3205569796782,0.00179374751639721
28.87686,45.33176,0.0129967678381604,45.3209478499143,0.00218461775241019
28.8882,45.32032,0.00155676783816006,45.3211636699402,0.00240043777834217
28.89953,45.31433,-0.0044332321618441,45.3211981498331,0.0024349176712101
28.91088,45.31934,0.000576767838154524,45.3210601577774,0.0022969256155254
28.92224,45.32325,0.00448676783815927,45.3207712876062,0.0020080554443557
28.93354,45.32182,0.00305676783816011,45.3203625532935,0.00159932113165951
28.94487,45.31581,-0.00295323216184329,45.3198708011377,0.0011075689758218
28.95622,45.3238,0.00503676783815621,45.3193351150268,0.000571882864987401
28.96754,45.31512,-0.00364323216184204,45.3187933684225,3.01362606321432e-05
28.97888,45.32191,0.00314676783816026,45.3182790862664,-0.00048414589543111
28.99022,45.31786,-0.000903232161839185,45.3178188045671,-0.000944427594694849
29.00153,45.31135,-0.00741323216184497,45.3174301529672,-0.00133307919463739
29.01283,45.32122,0.00245676783815441,45.317120943976,-0.00164228818585918
29.02415,45.31282,-0.00594323216184023,45.3168895560909,-0.00187367607090002
29.03548,45.31243,-0.00633323216184323,45.316726758254,-0.0020364739078293
29.04685,45.31616,-0.00260323216183878,45.3166188318185,-0.00214440034338991
29.05818,45.32897,0.0102067678381559,45.3165514445877,-0.00221178757412818
29.06952,45.31905,0.000286767838154844,45.3165133225292,-0.00224990963259995
29.08085,45.31358,-0.00518323216184058,45.3164986298717,-0.00226460229014531
29.09219,45.31553,-0.00323323216183979,45.3165073870952,-0.00225584506667822
29.10354,45.3165,-0.00226323216184454,45.3165440752651,-0.00221915689670837
29.11486,45.31183,-0.00693323216184183,45.3166152609127,-0.00214797124910133
29.1262,45.31501,-0.00375323216184142,45.3167272745999,-0.002035957561898
29.13753,45.31531,-0.00345323216184568,45.3168847421103,-0.00187849005153088
29.14883,45.32068,0.00191676783816064,45.3170902939109,-0.00167293825099122
29.16015,45.31963,0.000866767838154203,45.3173452362199,-0.00141799594189843
29.17148,45.31741,-0.00135323216183991,45.3176505617774,-0.00111267038439194
29.1828,45.31938,0.000616767838160115,45.3180075937343,-0.000755638427571281
29.19411,45.32014,0.00137676783815976,45.3184177868623,-0.000345445299583413
29.20543,45.31834,-0.000423232161843146,45.3188815790771,0.000118346915307329
29.21675,45.31445,-0.00431323216184154,45.3193965293816,0.000633297219802613
29.22808,45.32547,0.00670676783816049,45.3199552204495,0.00119198828765029
29.23942,45.31824,-0.00052323216183936,45.3205434977948,0.00178026563298436
29.25075,45.31719,-0.00157323216184579,45.3211395652553,0.00237633309345271
29.26209,45.31976,0.00099676783815994,45.3217143394296,0.00295110726777559
29.27341,45.32405,0.0052867678381574,45.3222333074828,0.00347007532100738
29.28474,45.32217,0.00340676783815752,45.3226598528684,0.00389662070659035
29.29605,45.3266,0.00783676783815679,45.3229596299449,0.00419639778304471
29.3074,45.31852,-0.000243232161842855,45.3231052717628,0.00434203960094891
29.31874,45.32594,0.00717676783816046,45.3230806439577,0.00431741179583018
29.33008,45.32594,0.00717676783816046,45.3228839456024,0.00412071344051489
29.34141,45.32563,0.00686676783815443,45.3225290778833,0.00376584572144764
29.35275,45.3238,0.00503676783815621,45.3220448702393,0.00328163807747407
29.36406,45.31565,-0.00311323216184434,45.3214720926505,0.00270886048862635
29.37536,45.32441,0.00564676783815798,45.3208586803524,0.00209544819057224
29.38669,45.31892,0.000156767838156213,45.3202540329309,0.00149080076902623
29.39804,45.31678,-0.00198323216184093,45.3197034252779,0.000940193116069814
29.40939,45.31131,-0.00745323216184346,45.3192434967431,0.000480264581246528
29.42071,45.31799,-0.000773232161840554,45.3188995422146,0.000136310052791955
29.43205,45.32927,0.0105067678381587,45.3186848653999,-7.83667619296899e-05
29.44339,45.32007,0.00130676783815886,45.3186017879382,-0.000161444223676979
29.4547,45.3186,-0.000163232161838778,45.3186433856174,-0.000119846544483039
29.46604,45.31527,-0.00349323216184416,45.318795059223,3.18270611804772e-05
29.47739,45.32111,0.00234676783815502,45.3190355933327,0.000272361170805558
29.48871,45.3157,-0.00306323216184268,45.3193379212942,0.000574689132393086
29.50006,45.32466,0.00589676783815918,45.3196700304275,0.000906798265655963
29.51138,45.31398,-0.00478323216184151,45.3199963580982,0.00123312593638696
29.52272,45.32289,0.00412676783815868,45.3202798752345,0.00151664307265049
29.53404,45.31535,-0.00341323216184009,45.3204849340302,0.00172170186837851
29.54534,45.319,0.00023676783816029,45.3205808129379,0.00181758077609505
29.55666,45.32932,0.0105567678381604,45.3205456378336,0.00178240567179617
29.56796,45.32002,0.0012567678381572,45.3203700256538,0.00160679349197772
29.57928,45.3173,-0.0014632321618393,45.3200595843643,0.00129635220246149
29.59063,45.32965,0.0108867678381586,45.3196355140549,0.000872281893086715
29.60198,45.31315,-0.00561323216184206,45.3191329638369,0.000369731675031643
29.61332,45.31805,-0.000713232161842825,45.318597305054,-0.000165927107864011
29.62464,45.31934,0.000576767838154524,45.3180789254693,-0.000684306692504822
29.63595,45.31159,-0.00717323216183985,45.3176274328839,-0.00113579927794185
29.64732,45.32134,0.00257676783815697,45.3172861907522,-0.00147704140961856
29.65865,45.31236,-0.00640323216184413,45.3170879044174,-0.0016753277444197
29.66998,45.31931,0.000546767838159212,45.3170516558355,-0.00171157632630938
29.6813,45.32101,0.0022467678381588,45.3171814683441,-0.00158176381769597
29.69262,45.31387,-0.0048932321618409,45.3174662596092,-0.00129697255267252
29.70396,45.31134,-0.00742323216184104,45.3178809695524,-0.000882262609470569
29.71528,45.32661,0.00784676783815996,45.318388682265,-0.000374549896859856
29.72661,45.32462,0.00585676783816069,45.3189435339387,0.000180301776838903
29.73796,45.31679,-0.00197323216184486,45.3194940878723,0.000730855710485597
29.74933,45.30721,-0.0115532321618446,45.3199869082464,0.00122367608453491
29.76064,45.32258,0.00381676783815976,45.3203703750885,0.00160714292665695
29.77198,45.32366,0.0048967678381544,45.3205989595207,0.00183572735890002
29.78332,45.32856,0.00979676783816075,45.3206378295038,0.00187459734191269
29.79466,45.31789,-0.000873232161843873,45.3204670454702,0.0017038133083721
29.806,45.3196,0.000836767838158892,45.320084374259,0.00132114209720488
29.81736,45.32057,0.00180676783815414,45.3195061146553,0.000742882493457232
29.8287,45.31423,-0.00453323216184032,45.318765907569,2.67540717661674e-06
29.84002,45.32248,0.00371676783815644,45.3179118598233,-0.000851372338528763
29.85134,45.32013,0.00136676783815659,45.3170023571427,-0.00176087501915027
29.86264,45.3117,-0.00706323216184046,45.3161008719574,-0.00266236020442272
29.87396,45.31621,-0.00255323216184422,45.3152700989595,-0.00349313320233921
29.8853,45.31443,-0.00433323216184078,45.3145659139739,-0.0041973181879086
29.89664,45.31673,-0.00203323216184259,45.3140318021167,-0.00473143004511443
29.908,45.30788,-0.0108832321618451,45.313694427919,-0.00506880424282234
29.91933,45.31059,-0.00817323216184462,45.3135609733904,-0.0052022587714363
29.93066,45.31107,-0.00769323216184148,45.3136187729718,-0.00514445919000305
29.94198,45.31297,-0.00579323216184235,45.3138374953755,-0.00492573678636342
29.95331,45.32057,0.00180676783815414,45.3141735799893,-0.0045896521725528
29.96462,45.32152,0.00275676783815726,45.314576014086,-0.00418721807587839
29.97591,45.31002,-0.00874323216184081,45.3149922027921,-0.00377102936978971
29.98725,45.31725,-0.00151323216184096,45.3153728857069,-0.00339034645493801
29.9986,45.31267,-0.00609323216184521,45.3156756676034,-0.00308756455846235
30.00995,45.31629,-0.00247323216184014,45.3158673302082,-0.00289590195363258
30.02129,45.31443,-0.00433323216184078,45.3159253476857,-0.00283788447611583
30.0326,45.31445,-0.00431323216184154,45.3158389493889,-0.00292428277289659
30.0439,45.31662,-0.00214323216184198,45.3156098423769,-0.00315338978497334
30.05522,45.32103,0.00226676783815805,45.3152524565868,-0.00351077557503189
30.0665,45.31192,-0.00684323216184168,45.3147933988232,-0.0039698333386017
30.07782,45.31228,-0.0064832321618411,45.3142698039861,-0.00449342817573842
30.08914,45.32335,0.00458676783815548,45.3137264782327,-0.00503675392915134
30.10047,45.30295,-0.0158132321618396,45.3132120144214,-0.00555121774046236
30.11182,45.31527,-0.00349323216184416,45.3127742974508,-0.00598893471106275
30.12315,45.3147,-0.00406323216184035,45.3124559727823,-0.00630725937949373
30.13446,45.30867,-0.010093232161843,45.3122904936595,-0.00647273850235235
30.1458,45.31113,-0.00763323216184375,45.3122992749891,-0.00646395717270178
30.15711,45.30849,-0.0102732321618433,45.3124903302185,-0.00627290194331647
30.16844,45.31182,-0.006943232161845,45.3128585658743,-0.00590466628750693
30.17977,45.31883,6.67678381560677e-05,45.3133875679306,-0.0053756642312669
30.19112,45.31858,-0.000183232161845126,45.3140522570986,-0.00471097506321349
30.20245,45.31859,-0.000173232161841952,45.3148214699132,-0.00394176224859183
30.21376,45.31244,-0.00632323216184005,45.3156596345986,-0.00310359756321679
30.22508,45.31731,-0.00145323216184323,45.3165272936119,-0.00223593854994429
30.23641,45.31496,-0.00380323216184308,45.3173809745413,-0.00138225762049956
30.24772,45.30979,-0.00897323216184276,45.3181734275081,-0.000589804653703647
30.25904,45.31584,-0.00292323216184087,45.3188553139611,9.20817992688252e-05
30.27036,45.31829,-0.000473232161844805,45.3193790220689,0.000615789907058887
30.28171,45.32362,0.00485676783815592,45.3197044731906,0.000941241028753218
30.29304,45.3255,0.0067367678381558,45.3198058142709,0.00104258210903192
30.30435,45.32626,0.00749676783815545,45.3196771847223,0.00091395256049886
30.31569,45.32735,0.00858676783816037,45.319335681673,0.000572449511110543
30.32702,45.31105,-0.00771323216184072,45.3188203254871,5.70933252158823e-05
30.33835,45.31668,-0.00208323216184425,45.3181870156325,-0.000576216529309172
30.34966,45.3158,-0.00296323216183936,45.3175006669896,-0.00126256517228112
30.36102,45.31191,-0.00685323216184486,45.316826399915,-0.00193683224682126
30.37232,45.31532,-0.0034432321618425,45.3162216205803,-0.00254161158151802
30.38366,45.31522,-0.00354323216184582,45.3157302818253,-0.00303295033658348
30.39498,45.31353,-0.00523323216184224,45.3153798950037,-0.00338333715811476
30.4063,45.32172,0.00295676783815679,45.3151811961736,-0.00358203598828362
30.41762,45.3147,-0.00406323216184035,45.3151298939761,-0.00363333818578651
30.42893,45.30894,-0.00982323216184255,45.3152097411336,-0.00355349102824961
30.44026,45.31952,0.000756767838154815,45.3153962632783,-0.00336696888357637
30.45158,45.31456,-0.00420323216184215,45.3156606541259,-0.00310257803595521
30.4629,45.31989,0.00112676783815857,45.315973388496,-0.00278984366587336
30.47421,45.31825,-0.000513232161843291,45.3163070369631,-0.00245619519875379
30.48554,45.32534,0.00657676783815475,45.3166378188044,-0.00212541335741583
30.49686,45.30214,-0.0166232321618409,45.3169457695968,-0.00181746256507231
30.50819,45.315,-0.0037632321618446,45.3172139578374,-0.00154927432448776
30.5195,45.31898,0.000216767838161047,45.317427631898,-0.00133560026381771
30.53081,45.31848,-0.00028323216184134,45.3175741185179,-0.00118911364394323
30.54214,45.32003,0.00126676783816038,45.3176437073963,-0.00111952476549246
30.55352,45.31497,-0.00379323216183991,45.3176311074245,-0.00113212473736277
30.56484,45.32095,0.00218676783816107,45.3175367766531,-0.00122645550872277
30.57619,45.3272,0.00843676783815539,45.3173675101413,-0.00139572202057797
30.58753,45.30924,-0.0095232321618397,45.3171359394435,-0.00162729271831263
30.59884,45.30875,-0.0100132321618389,45.3168590118367,-0.0019042203251095
30.61015,45.31958,0.000816767838159649,45.3165559921155,-0.00220724004630933
30.62148,45.31838,-0.00038323216184466,45.3162467292334,-0.00251650292839278
30.63279,45.31222,-0.00654323216183883,45.3159506215539,-0.00281261060793962
30.64411,45.3222,0.00343676783815994,45.31568616205,-0.00307707011187611
30.65543,45.31484,-0.00392323216184565,45.3154705996499,-0.00329263251195991
30.66674,45.31337,-0.00539323216184329,45.3153192581468,-0.00344397401509094
30.6781,45.32354,0.00477676783815895,45.3152442842685,-0.00351894789330375
30.68942,45.31106,-0.00770323216184465,45.315252919945,-0.00351031221683376
30.70075,45.30666,-0.0121032321618415,45.3153457413682,-0.00341749079368098
30.71209,45.31501,-0.00375323216184142,45.3155155924542,-0.00324763970766637
30.72342,45.31354,-0.00522323216183906,45.315747960049,-0.00301527211282853
30.73474,45.32024,0.00147676783815598,45.3160231041955,-0.00274012796638025
30.74608,45.31881,4.67678381568248e-05,45.316319510873,-0.00244372128880483
30.75741,45.3236,0.00483676783815667,45.3166176281261,-0.00214560403577246
30.76873,45.31184,-0.00692323216184576,45.3169027427804,-0.00186048938139115
30.78008,45.31502,-0.00374323216184536,45.3171662670214,-0.00159696514046024
30.79138,45.3213,0.00253676783815848,45.3174053308333,-0.00135790132857023
30.80271,45.32182,0.00305676783816011,45.3176210364362,-0.0011421957256409
30.81402,45.31426,-0.00450323216184501,45.3178159026588,-0.000947329502998408
30.82533,45.31205,-0.00671323216184305,45.3179911227235,-0.000772109438346288
30.83663,45.31471,-0.00405323216184428,45.3181444272883,-0.000618804873542813
30.84796,45.3179,-0.000863232161840699,45.3182693720836,-0.00049386007822813
30.85929,45.32192,0.00315676783815633,45.3183564802184,-0.000406751943454191
30.87063,45.31977,0.00100676783815601,45.3183959665523,-0.000367265609527584
30.88196,45.31752,-0.00124323216184052,45.3183811732281,-0.000382058933770899
30.8933,45.32114,0.00237676783815743,45.3183116538861,-0.00045157827574283
30.90464,45.32272,0.00395676783815446,45.3181950210625,-0.000568211099359253
30.91599,45.31863,-0.000133232161843466,45.3180470216502,-0.000716210511654666
30.92735,45.31603,-0.00273323216184451,45.3178897413933,-0.000873490768538201
30.93867,45.30634,-0.0124232321618436,45.3177483432657,-0.00101488889616655
30.95,45.33094,0.0121767678381559,45.3176471480567,-0.00111608410512423
30.9613,45.31687,-0.00189323216184079,45.3176059201852,-0.00115731197665298
30.97263,45.30976,-0.00900323216184518,45.3176369702606,-0.00112626190128113
30.98394,45.31216,-0.00660323216184366,45.3177434753063,-0.00101975685554236
30.99526,45.32187,0.00310676783815467,45.3179193586731,-0.000843873488774843
31.00659,45.32253,0.0037667678381581,45.3181508499708,-0.000612382191085541
31.01792,45.31873,-3.32321618401465e-05,45.3184193190753,-0.000343913086576882
31.02926,45.31919,0.00042676783815665,45.3187045280859,-5.87040759430635e-05
31.04058,45.325,0.00623676783816052,45.3189874610522,0.000224228890398656
31.05193,45.31155,-0.00721323216184544,45.3192523067032,0.000489074541332237
31.06326,45.31255,-0.00621323216184066,45.319487664776,0.000724432614150723
31.07459,45.3231,0.00433676783815429,45.3196873412939,0.000924109132034476
31.08589,45.32779,0.00902676783815792,45.3198509944759,0.00108776231402195
31.09725,45.32296,0.00419676783815959,45.3199844453403,0.00122121317844135
31.10856,45.31445,-0.00431323216184154,45.3200991242087,0.00133589204684576
31.11989,45.32014,0.00137676783815976,45.3202103061579,0.00144707399607088
31.1312,45.32111,0.00234676783815502,45.3203343425852,0.00157111042331745
31.14251,45.32059,0.00182676783816049,45.3204855050403,0.00172227287845221
31.15384,45.32095,0.00218676783816107,45.3206730933604,0.00190986119854301
31.16517,45.31821,-0.000553232161841777,45.3208993230021,0.00213609084023666
31.17648,45.31675,-0.00201323216184335,45.3211584096035,0.0023951774416556
31.1878,45.32099,0.00222676783815956,45.3214371713382,0.00267393917640429
31.19912,45.3247,0.00593676783815766,45.321717213314,0.00295398115219689
31.21044,45.32181,0.00304676783815694,45.3219783206021,0.0032150884402801
31.22177,45.32537,0.00660676783815717,45.3222022596166,0.00343902745475982
31.23309,45.32773,0.00896676783816019,45.3223760142692,0.00361278210736413
31.24442,45.32129,0.00252676783815531,45.3224936586395,0.00373042647760986
31.25576,45.31622,-0.00254323216184105,45.3225565239032,0.00379329174131553
31.26707,45.32985,0.0110867678381581,45.3225718767572,0.00380864459535628
31.27839,45.31297,-0.00579323216184235,45.3225507371864,0.00378750502456297
31.28973,45.32805,0.00928676783815519,45.3225055551863,0.00374232302449073
31.30107,45.31521,-0.00355323216184189,45.3224482913269,0.00368505916508754
31.3124,45.32772,0.00895676783815702,45.3223891535231,0.00362592136122723
31.32373,45.32027,0.0015067678381584,45.3223359175911,0.00357268542927329
31.33505,45.33195,0.0131867678381568,45.3222934748288,0.00353024266690998
31.34639,45.31797,-0.000793232161839796,45.32226314145,0.00349990928815457
31.35774,45.32442,0.00565676783816116,45.3222414578152,0.00347822565334697
31.36907,45.32227,0.00350676783816084,45.3222186700971,0.00345543793521636
31.3804,45.30537,-0.0133932321618389,45.3221775926013,0.00341436043948605
31.39172,45.33072,0.0119567678381571,45.3220937850181,0.00333055285629636
31.40306,45.32138,0.00261676783815545,45.3219377290056,0.00317449684377986
31.41439,45.32078,0.00201676783815685,45.3216790041639,0.00291577200204207
31.42572,45.3246,0.00583676783815434,45.3212917250928,0.00252849293099118
31.43704,45.31803,-0.000733232161842068,45.3207601116649,0.00199687950310553
31.44837,45.32706,0.00829676783816069,45.3200830683997,0.00131983623783797
31.4597,45.31865,-0.000113232161844223,45.3192768427604,0.00051361059853784
31.47104,45.32179,0.0030267678381577,45.3183751156804,-0.000388116481463212
31.48236,45.31741,-0.00135323216183991,45.3174262870449,-0.00133694511696597
31.49371,45.31957,0.000806767838156475,45.3164882490811,-0.00227498308075585
31.50504,45.30627,-0.0124932321618445,45.3156214907657,-0.0031417413961915
31.51636,45.3148,-0.00396323216184413,45.314881805105,-0.00388142705680126
31.52768,45.30871,-0.0100532321618445,45.3143140137212,-0.00444921844068173
31.53898,45.3177,-0.00106323216184023,45.3139478440985,-0.00481538806335526
31.55031,45.31406,-0.00470323216184454,45.3137964515781,-0.00496678058372382
31.56162,45.31075,-0.00801323216184358,45.313857366316,-0.00490586584589366
31.57293,45.32188,0.00311676783815784,45.3141151701929,-0.00464806196898771
31.58427,45.3129,-0.00586323216184326,45.3145450585669,-0.00421817359496484
31.5956,45.30839,-0.0103732321618395,45.3151165350877,-0.00364669707415464
31.60694,45.3229,0.00413676783815475,45.3157967063616,-0.00296652580028038
31.61826,45.32001,0.00124676783816113,45.3165528417536,-0.00221039040827791
31.62955,45.31688,-0.00188323216184472,45.3173539599616,-0.00140927220024979
31.6409,45.31464,-0.00412323216184518,45.3181713323228,-0.000591899838992171
31.65221,45.31842,-0.000343232161839069,45.3189781051494,0.000214872987573304
31.66353,45.31917,0.000406767838157407,45.3197485892249,0.00098535706304214
31.67488,45.31643,-0.00233323216184544,45.3204578542575,0.00169462209569159
31.68623,45.32553,0.00676676783815822,45.3210820446522,0.00231881249036464
31.69755,45.32148,0.00271676783815877,45.3215994767559,0.00283624459407602
31.70885,45.32206,0.00329676783815813,45.3219922787034,0.00322904654155506
31.72019,45.32058,0.00181676783815732,45.322248208964,0.00348497680212423
31.73148,45.32526,0.00649676783815778,45.3223623404927,0.00359910833087615
31.74279,45.3168,-0.00196323216184169,45.322338404214,0.00357517205211014
31.75412,45.32563,0.00686676783815443,45.322189625716,0.00342639355411164
31.76547,45.32647,0.00770676783815816,45.3219388391484,0.00317560698654545
31.7768,45.31743,-0.00133323216184067,45.321617588942,0.00285435678011443
31.78812,45.32919,0.0104267678381547,45.3212639543548,0.00250072219300665
31.79947,45.32059,0.00182676783816049,45.320919048944,0.00215581678217109
31.81082,45.31338,-0.00538323216184011,45.3206225348056,0.00185930264374364
31.82215,45.31883,6.67678381560677e-05,45.320407919538,0.0016446873761919
31.83349,45.31995,0.0011867678381563,45.3202986613921,0.00153542923028373
31.84482,45.31665,-0.00211323216183956,45.3203059842985,0.00154275213660898
31.85615,45.3212,0.00243676783815516,45.3204288014133,0.00166556925146345
31.86748,45.32658,0.00781676783815755,45.3206555147993,0.00189228263750279
31.87884,45.32056,0.00179676783815808,45.3209669696453,0.00220373748345204
31.89018,45.32413,0.00536676783815437,45.3213396559139,0.00257642375206001
31.9015,45.31914,0.00037676783815499,45.3217484253274,0.00298519316556255
31.91282,45.31807,-0.000693232161843582,45.3221684097128,0.00340517755093544
31.92416,45.32635,0.00758676783815559,45.3225762097203,0.00381297755841645
31.93548,45.32799,0.00922676783815746,45.3229505493198,0.00418731715792048
31.94684,45.32044,0.00167676783815551,45.323272508282,0.00450927612020381
31.95819,45.31982,0.00105676783815767,45.3235254162598,0.00476218409791512
31.9695,45.32129,0.00252676783815531,45.3236946612677,0.00493142910581027
31.98083,45.32108,0.00231676783815971,45.3237678264128,0.00500459425094455
31.99218,45.33546,0.0166967678381553,45.3237354258172,0.00497219365540603
32.00351,45.31872,-4.32321618433207e-05,45.3235921032378,0.00482887107597076
32.01485,45.32159,0.00282676783815816,45.3233378566163,0.004574624454472
32.02619,45.32229,0.00352676783816008,45.3229789189753,0.00421568681345362
32.03752,45.32234,0.00357676783815464,45.3225281922771,0.00376496011528873
32.04885,45.32423,0.00546676783815769,45.3220052414111,0.00324200924925135
32.06017,45.32357,0.00480676783815426,45.3214357297524,0.00267249759056074
32.07149,45.32014,0.00137676783815976,45.3208500426227,0.00208681046084657
32.0828,45.32411,0.00534676783815513,45.3202809047599,0.00151767259807944
32.09413,45.31817,-0.000593232161840263,45.3197600562325,0.000996824070651106
32.10542,45.31873,-3.32321618401465e-05,45.3193143970892,0.00055116492733498
32.11675,45.31723,-0.0015332321618402,45.3189623325777,0.000199100415875878
32.12806,45.30808,-0.0106832321618455,45.3187112433589,-5.19888028948721e-05
32.13939,45.31769,-0.00107323216184341,45.3185569343452,-0.000206297816686021
32.15075,45.32396,0.00519676783815726,45.3184854528701,-0.000277779291754609
32.16208,45.32656,0.0077967678381583,45.3184768599828,-0.000286372179059657
32.17341,45.31671,-0.00205323216184183,45.3185097728204,-0.000253459341414979
32.18475,45.3177,-0.00106323216184023,45.3185652843325,-0.000197947829297067
32.1961,45.31944,0.000676767838157843,45.3186293254671,-0.000133906694763717
32.20744,45.32237,0.00360676783815705,45.3186932433838,-6.9988778062129e-05
32.21879,45.31855,-0.000213232161840438,45.3187528797614,-1.03524004774947e-05
32.23014,45.31521,-0.00355323216184189,45.3188067083549,4.3476193099957e-05
32.24146,45.30462,-0.0141432321618424,45.3188537939651,9.05618032498087e-05
32.25278,45.32707,0.00830676783815676,45.3188923946668,0.000129162504909308
32.26408,45.32577,0.00700676783815624,45.3189196762615,0.000156444099615691
32.27543,45.32093,0.00216676783815473,45.3189322782065,0.000169046044702108
32.28676,45.3181,-0.000663232161841165,45.3189269132209,0.000163681059097215
32.29809,45.3183,-0.000463232161841631,45.3189003022425,0.000137070080646417
32.30942,45.31485,-0.00391323216184247,45.318848392818,8.51606561433083e-05
32.32075,45.32166,0.00289676783815906,45.3187654037904,2.17162853648309e-06
32.33208,45.31426,-0.00450323216184501,45.3186434256471,-0.000119806514710151
32.34342,45.31284,-0.00592323216184099,45.3184731382564,-0.000290093905435137
32.35474,45.31905,0.000286767838154844,45.3182458584404,-0.000517373721487256
32.36606,45.32463,0.00586676783815676,45.3179566555397,-0.000806576622114096
32.3774,45.32098,0.00221676783815639,45.3176077268312,-0.00115550533063364
32.38875,45.32154,0.0027767678381565,45.3172108650673,-0.00155236709455664
32.40007,45.31693,-0.00183323216184306,45.3167880040067,-0.00197522815514823
32.41141,45.30664,-0.0121232321618407,45.3163695113275,-0.00239372083430567
32.4227,45.31782,-0.000943232161844776,45.3159907237523,-0.00277250840952229
32.43401,45.31721,-0.00155323216183945,45.3156876917721,-0.00307554038976132
32.44533,45.31543,-0.00333323216184311,45.3154930131057,-0.00327021905619068
32.45667,45.31623,-0.00253323216184498,45.3154322253972,-0.00333100676460324
32.46798,45.31659,-0.0021732321618444,45.3155209175572,-0.0032423146046182
32.47932,45.31022,-0.00854323216184127,45.3157626795455,-0.00300055261637503
32.49067,45.3186,-0.000163232161838778,45.3161481058281,-0.00261512633369937
32.50201,45.31264,-0.00612323216184052,45.3166550897861,-0.00210814237575832
32.51332,45.32235,0.00358676783815781,45.3172504962162,-0.00151273594566522
32.52464,45.31614,-0.00262323216184512,45.317893035145,-0.000870197016811353
32.53596,45.31625,-0.00251323216184574,45.3185369400449,-0.000226292116961787
32.5473,45.32481,0.00604676783815705,45.319135981512,0.000372749350190938
32.55865,45.31725,-0.00151323216184096,45.31964738943,0.000884157268199454
32.57,45.31958,0.000816767838159649,45.3200353395733,0.00127210741143481
32.58136,45.32076,0.00199676783815761,45.3202737727381,0.00151054057625514
32.59269,45.32051,0.00174676783815642,45.3203484392594,0.00158520709756967
32.60402,45.31958,0.000816767838159649,45.3202581337665,0.00149490160460877
32.61535,45.32091,0.00214676783815548,45.3200150849424,0.00125185278056981
32.62665,45.31702,-0.00174323216184291,45.3196444421599,0.000881209998064837
32.63798,45.32154,0.0027767678381565,45.3191827797439,0.000419547582053508
32.6493,45.32443,0.00566676783815723,45.3186755071714,-8.77249904432397e-05
32.66061,45.31586,-0.00290323216184163,45.3181730684577,-0.000590163704098799
32.67195,45.31935,0.000586767838157698,45.3177259514487,-0.00103728071311789
32.6833,45.31673,-0.00203323216184259,45.3173788648893,-0.00138436727249728
32.69464,45.3146,-0.00416323216184367,45.3171648531835,-0.00159837897837659
32.70596,45.30816,-0.0106032321618414,45.3171003922381,-0.00166283992371804
32.71729,45.32504,0.006276767838159,45.317182498491,-0.00158073367085147
32.72863,45.31475,-0.00401323216184579,45.3173885494347,-0.00137468272711023
32.73995,45.31736,-0.00140323216184157,45.3176789822071,-0.00108424995473006
32.75129,45.30951,-0.00925323216183926,45.3180025745264,-0.000760657635408602
32.76259,45.31885,8.67678381553105e-05,45.3183037381735,-0.0004594939883342
32.77391,45.32536,0.0065967678381611,45.3185309696049,-0.000232262556948564
32.78523,45.32519,0.00642676783815688,45.3186451384309,-0.000118093730909155
32.79656,45.32407,0.00530676783815665,45.3186259079873,-0.000137324174554401
32.8079,45.3186,-0.000163232161838778,45.3184747464226,-0.000288485739227899
32.81925,45.31413,-0.00463323216184364,45.3182138431429,-0.00054938901892742
32.83059,45.31602,-0.00274323216184058,45.3178814086457,-0.00088182351609507
32.84191,45.31798,-0.000783232161843728,45.317524726621,-0.00123850554084535
32.85326,45.31245,-0.00631323216184398,45.3171926232477,-0.00157060891416323
32.86459,45.30907,-0.00969323216184392,45.316928794488,-0.00183443767388303
32.87592,45.32703,0.00826676783815827,45.3167669222834,-0.00199630987844046
32.88725,45.32085,0.00208676783815775,45.3167278753148,-0.00203535684705934
32.89858,45.30968,-0.00908323216184215,45.3168187222877,-0.00194450987409837
32.90992,45.31769,-0.00107323216184341,45.3170330794324,-0.0017301527294879
32.92123,45.31546,-0.0033032321618407,45.3173525129428,-0.00141071921903633
32.93254,45.31842,-0.000343232161839069,45.3177489471097,-0.00101428505212977
32.94384,45.32262,0.00385676783815825,45.3181879680547,-0.000575264107124687
32.95516,45.31268,-0.00608323216184203,45.3186326699091,-0.000130562252724319
32.96648,45.3285,0.00973676783815591,45.3190475491039,0.000284316942012251
32.97783,45.31337,-0.00539323216184329,45.3194020154563,0.000638783294415689
32.98917,45.31329,-0.00547323216184026,45.319673274626,0.00091004246420077
33.00051,45.32246,0.0036967678381572,45.3198484984799,0.00108526631808551
33.01184,45.3296,0.0108367678381569,45.3199261669586,0.00116293479672908
33.02316,45.32328,0.00451676783815458,45.3199162162382,0.0011529840763648
33.03449,45.3175,-0.00126323216183977,45.319838494877,0.00107526271517136
33.04582,45.31316,-0.00560323216183889,45.319719398683,0.000956166521149686
33.05713,45.31842,-0.000343232161839069,45.3195872948844,0.000824062722512657
33.06846,45.32258,0.00381676783815976,45.3194678638423,0.000704631680498343
33.07977,45.31393,-0.00483323216184317,45.3193804092769,0.000617177115007955
33.09109,45.3198,0.00103676783815843,45.3193357087646,0.000572476602757063
33.10242,45.32404,0.00527676783815423,45.3193354854969,0.000572253335059073
33.11375,45.31817,-0.000593232161840263,45.3193732509889,0.000610018827078834
33.12508,45.32166,0.00289676783815906,45.319436110166,0.000672878004162176
33.13641,45.3121,-0.00666323216184139,45.3195071626243,0.000743930462436962
33.14772,45.31813,-0.000633232161845854,45.3195683098857,0.000805077723872192
33.15903,45.32103,0.00226676783815805,45.3196033428951,0.000840110733281028
33.17035,45.32919,0.0104267678381547,45.3196009475307,0.000837715368816015
33.18166,45.32198,0.00321676783816116,45.3195568812343,0.00079364907249826
33.193,45.32088,0.00211676783816017,45.3194744763832,0.000711244221397441
33.20431,45.31422,-0.00454323216184349,45.3193631075888,0.000599875427003794
33.21561,45.31351,-0.00525323216184148,45.3192351170719,0.000471884910027535
33.22694,45.31936,0.000596767838160872,45.3191023681809,0.000339136019053077
33.23828,45.31789,-0.000873232161843873,45.3189736685839,0.000210436422080498
33.24962,45.3177,-0.00106323216184023,45.31885380217,9.05700082038763e-05
33.26094,45.3212,0.00243676783815516,45.3187442039163,-1.90282455496118e-05
33.27228,45.31958,0.000816767838159649,45.3186447582138,-0.000118473948092794
33.28362,45.31918,0.000416767838160581,45.3185559280413,-0.000207304120503
33.29494,45.31995,0.0011867678381563,45.3184804059285,-0.000282826233321916
33.30626,45.32582,0.0070567678381579,45.3184236554911,-0.000339576670702891
33.31756,45.31604,-0.00272323216184134,45.3183930358081,-0.000370196353721319
33.32888,45.31018,-0.00858323216183976,45.3183956577275,-0.000367574434385655
33.34021,45.31837,-0.000393232161840729,45.3184356307835,-0.000327601378375269
33.3515,45.31824,-0.00052323216183936,45.3185116496428,-0.000251582519041732
33.36285,45.32149,0.00272676783815484,45.3186156885593,-0.000147543602569515
33.37417,45.31611,-0.00265323216184044,45.3187330481719,-3.01839899116722e-05
33.38551,45.32184,0.00307676783815936,45.3188435358331,8.03036712103873e-05
33.39683,45.32079,0.00202676783816003,45.3189233953946,0.000160163232740305
33.40815,45.31856,-0.000203232161844369,45.3189476764931,0.000184444331262089
33.41948,45.31122,-0.0075432321618436,45.318892919991,0.000129687829203562
33.43082,45.31005,-0.0087132321618455,45.3187402167249,-2.30154369260259e-05
33.44214,45.33464,0.0158767678381579,45.3184786504989,-0.000284581662978521
33.45349,45.32302,0.00425676783815732,45.3181087027145,-0.000654529447322706
33.46483,45.31157,-0.00719323216183909,45.3176446633109,-0.00111856885090562
33.47618,45.3189,0.00013676783815697,45.3171150541309,-0.00164817803090849
33.48754,45.31427,-0.00449323216184183,45.3165606686165,-0.00220256354538919
33.49886,45.32037,0.00160676783815461,45.3160305325806,-0.00273269958125108
33.51019,45.31588,-0.00288323216184239,45.3155764151413,-0.00318681702052127
33.52151,45.31369,-0.00507323216184119,45.3152465594286,-0.00351667273323764
33.53283,45.31657,-0.00219323216184364,45.3150793744772,-0.00368385768468372
33.54414,45.30725,-0.011513232161839,45.3150980042563,-0.0036652279055839
33.55547,45.3103,-0.0084632321618443,45.3153067940112,-0.00345643815059694
33.56679,45.31799,-0.000773232161840554,45.3156904976391,-0.00307273452274384
33.57813,45.31664,-0.00212323216184274,45.3162165188707,-0.00254671329114616
33.58947,45.32093,0.00216676783815473,45.3168396996404,-0.00192353252146331
33.6008,45.32044,0.00167676783815551,45.3175085289426,-0.00125470321928791
33.61213,45.31512,-0.00364323216184204,45.318171459018,-0.000591773143842788
33.62346,45.32121,0.00244676783815834,45.3187822853878,1.90532259326859e-05
33.63479,45.32055,0.0017867678381549,45.3193040139878,0.000540781825985041
33.64614,45.32002,0.0012567678381572,45.3197110407027,0.000947808540868567
33.65747,45.3223,0.00353676783815615,45.3199897386133,0.00122650645146768
33.66879,45.31536,-0.00340323216184402,45.3201377744756,0.00137454231373903
33.68013,45.31441,-0.00435323216184003,45.3201626987201,0.00139946655827344
33.69145,45.31882,5.6767838159999e-05,45.3200804477395,0.00131721557767745
33.70275,45.32187,0.00310676783815467,45.3199141709572,0.0011509387953852
33.71405,45.33054,0.0117767678381568,45.3196932308343,0.000929998672443799
33.72536,45.32311,0.00434676783815746,45.3194516462036,0.000688414041718064
33.73669,45.31621,-0.00255323216184422,45.319225155207,0.0004619230451721
33.74804,45.31638,-0.00238323216184,45.3190466794636,0.000283447301741804
33.75938,45.31609,-0.00267323216183968,45.3189409343176,0.000177702155769279
33.77072,45.31336,-0.00540323216183936,45.3189196210081,0.000156388846228656
33.78205,45.31572,-0.00304323216184343,45.3189786749613,0.00021544279942894
33.79341,45.3219,0.00313676783815708,45.3190984932574,0.000335261095512107
33.80474,45.31982,0.00105676783815767,45.3192472174351,0.000483985273230914
33.81606,45.32014,0.00137676783815976,45.3193863339466,0.000623101784780078
33.8274,45.32488,0.00611676783815795,45.319477351284,0.000714119122135437
33.83873,45.3182,-0.000563232161844951,45.3194882334445,0.000725001282693598
33.85007,45.31802,-0.000743232161845242,45.3193985326324,0.000635300470550249
33.86142,45.32152,0.00275676783815726,45.319202590832,0.000439358670145314
33.87273,45.32171,0.00294676783816072,45.3189105811725,0.000147349010613009
33.88405,45.31572,-0.00304323216184343,45.3185474319006,-0.000215800261276458
33.89536,45.32109,0.00232676783815577,45.3181498705328,-0.000613361629061891
33.9067,45.31488,-0.00388323216184006,45.3177620352448,-0.00100119691708817
33.91804,45.31303,-0.00573323216184463,45.3174302964552,-0.00133293570661953
33.92936,45.31932,0.000556767838155281,45.31719799982,-0.00156523234182344
33.94068,45.32144,0.00267676783816029,45.3171007100537,-0.00166252210817881
33.95199,45.31622,-0.00254323216184105,45.3171622667532,-0.00160096540869309
33.96334,45.31977,0.00100676783815601,45.3173917751973,-0.00137145696457023
33.97468,45.30917,-0.0095932321618406,45.3177817308743,-0.000981501287528668
33.98602,45.31818,-0.000583232161844194,45.3183077220282,-0.000455510133691961
33.99737,45.31434,-0.00442323216184093,45.3189302474561,0.000167015294215335
34.00868,45.32198,0.00321676783816116,45.3195988882917,0.000835656129870664
34.01999,45.32375,0.00498676783815455,45.3202584453189,0.00149521315703396
34.0313,45.32419,0.00542676783815921,45.3208560101784,0.00209277801657547
34.04262,45.32301,0.00424676783815414,45.3213476187594,0.00258438659758741
34.05393,45.31764,-0.00112323216184507,45.3217032859062,0.00294005374434634
34.06524,45.32706,0.00829676783816069,45.3219097087602,0.00314647659838531
34.07656,45.32521,0.00644676783815612,45.3219704547978,0.00320722263596401
34.08789,45.31424,-0.00452323216184425,45.3219038344019,0.00314060224009563
34.09924,45.32457,0.00580676783815903,45.3217389350298,0.00297570286799016
34.11057,45.32516,0.00639676783815446,45.3215105162892,0.00274728412734627
34.12188,45.31706,-0.00170323216184443,45.321253567308,0.00249033514620585
34.13319,45.31707,-0.00169323216184125,45.3209983075739,0.00223507541207046
34.14454,45.32183,0.00306676783815618,45.3207663613887,0.00200312922687345
34.15588,45.31757,-0.00119323216183886,45.3205687168141,0.00180548465222413
34.16721,45.32117,0.00240676783815985,45.3204057715975,0.00164253943561603
34.17856,45.3186,-0.000163232161838778,45.3202693164121,0.00150608425025619
34.18991,45.32784,0.00907676783815958,45.3201458859053,0.00138265374349747
34.20125,45.32133,0.0025667678381609,45.3200206545572,0.00125742239538226
34.21255,45.31699,-0.00177323216184533,45.3198810645058,0.00111783234397348
34.22389,45.31551,-0.00325323216183904,45.3197196867387,0.000956454576813905
34.23521,45.31663,-0.00213323216183881,45.3195362547002,0.000773022538377354
34.24655,45.32514,0.00637676783815522,45.3193390084593,0.000575776297467885
34.25788,45.32094,0.0021767678381579,45.3191452737555,0.000382041593622265
34.26917,45.32393,0.00516676783815484,45.3189808265037,0.000217594341881578
34.2805,45.31724,-0.00152323216184413,45.3188774959183,0.000114263756411381
34.2918,45.32167,0.00290676783815513,45.3188688236907,0.000105591528827006
34.30312,45.31645,-0.0023132321618391,45.3189842363343,0.000221004172440351
34.31441,45.31265,-0.00611323216184445,45.3192427815203,0.000479549358407661
34.32572,45.31693,-0.00183323216184306,45.3196477934469,0.000884561285019065
34.33705,45.32383,0.00506676783815863,45.3201837629786,0.00142053081671573
34.34837,45.31599,-0.002773232161843,45.3208161996019,0.00205296744005872
34.3597,45.32263,0.00386676783815432,45.3214945920411,0.00273135987923047
34.37105,45.32346,0.00469676783815487,45.3221579933664,0.00339476120456978
34.38237,45.31992,0.00115676783816099,45.3227423948926,0.00397916273075185
34.39371,45.32513,0.00636676783815915,45.3231888497519,0.0044256175900627
34.40506,45.32845,0.00968676783815425,45.3234511945758,0.00468796241400617
34.4164,45.32523,0.00646676783815536,45.3235022002483,0.00473896808650872
34.42772,45.32746,0.00869676783815976,45.3233371347867,0.00457390262487703
34.43904,45.31935,0.000586767838157698,45.3229741336787,0.00421090151687575
34.45036,45.32006,0.00129676783815569,45.3224513997879,0.00368816762606252
34.46167,45.32252,0.00375676783815493,45.3218218521,0.00305861993815043
34.47301,45.32693,0.00816676783815495,45.321146148863,0.00238291670115516
34.48432,45.31985,0.00108676783816009,45.3204850093223,0.00172177716049138
34.49563,45.31391,-0.00485323216184241,45.3198917077268,0.00112847556492821
34.50697,45.31593,-0.00283323216184073,45.3194057261248,0.00064249396292806
34.5183,45.31477,-0.00399323216183944,45.31904868069,0.000285448528120856
34.52966,45.31518,-0.00358323216184431,45.3188234237939,6.01916320495278e-05
34.541,45.3253,0.00653676783815627,45.3187165378777,-4.66942841263125e-05
34.55235,45.31953,0.000766767838157989,45.3187035197062,-5.97124556459974e-05
34.56368,45.32302,0.00425676783815732,45.3187552196366,-8.01252521203131e-06
34.575,45.32269,0.00392676783815915,45.3188438696657,8.06375038452337e-05
34.5863,45.32021,0.00144676783816067,45.3189473638135,0.000184131651667911
34.59765,45.31898,0.000216767838161047,45.3190511594302,0.000287927268354279
34.60899,45.31111,-0.00765323216184299,45.3191479765968,0.000384744434912567
34.62031,45.32134,0.00257676783815697,45.3192361157732,0.000472883611346477
34.63165,45.31673,-0.00203323216184259,45.3193174566579,0.00055422449607567
34.64298,45.31472,-0.0040432321618411,45.3193959730317,0.000632740869849208
34.65431,45.32018,0.00141676783815825,45.3194770640284,0.000713831866559716
34.66562,45.33018,0.0114167678381563,45.3195673990184,0.00080416685651707
34.67696,45.32946,0.0106967678381551,45.3196744964161,0.000911264254259513
34.6883,45.31783,-0.000933232161841602,45.3198051856521,0.00104195349029646
34.69962,45.31216,-0.00660323216184366,45.319962724423,0.00119949226118356
34.71095,45.30811,-0.0106532321618431,45.3201434950262,0.00138026286431117
34.72227,45.30904,-0.00972323216183923,45.3203351047395,0.00157187257764285
34.73359,45.32865,0.00988676783816089,45.3205175526983,0.0017543205364529
34.74492,45.32489,0.00612676783816113,45.3206677909015,0.0019045587396579
34.75622,45.33281,0.0140467678381597,45.3207662484569,0.00200301629508946
34.76755,45.32723,0.00846676783815781,45.3208027785003,0.00203954633841576
34.77889,45.32155,0.00278676783815968,45.3207796639483,0.0020164317864644
34.79022,45.31705,-0.00171323216184049,45.3207106196349,0.00194738747308
34.80156,45.31111,-0.00765323216184299,45.320616424241,0.0018531920791616
34.81289,45.31323,-0.00553323216184509,45.3205190796578,0.00175584749593896
34.82423,45.32238,0.00361676783816023,45.3204366863057,0.00167345414388253
34.83555,45.32587,0.00710676783815956,45.3203805128293,0.00161728066746171
34.84687,45.31867,-9.32321618449805e-05,45.3203545364792,0.00159130431734221
34.85819,45.3243,0.0055367678381586,45.3203567666823,0.00159353452050529
34.86954,45.31827,-0.000493232161844048,45.3203813605595,0.00161812839769681
34.88089,45.32271,0.00394676783815839,45.3204207701103,0.00165753794848325
34.89222,45.31629,-0.00247323216184014,45.3204675464473,0.00170431428546705
34.90356,45.32248,0.00371676783815644,45.3205157092595,0.001752477097686
34.91489,45.3239,0.00513676783815953,45.3205617014583,0.00179846929646449
34.92624,45.31411,-0.00465323216184288,45.320604933291,0.00184170112910767
34.93755,45.32507,0.00630676783815431,45.3206478790551,0.00188464689328684
34.94888,45.32047,0.00170676783815793,45.3206956840088,0.0019324518469489
34.9602,45.32522,0.00645676783815929,45.3207552452891,0.00199201312731014
34.97151,45.3149,-0.00386323216184081,45.3208337605409,0.0020705283790121
34.98284,45.3224,0.00363676783815947,45.3209368663979,0.00217363423603361
34.99416,45.32408,0.00531676783815982,45.3210666832075,0.00230345104562876
35.00549,45.31599,-0.002773232161843,45.32122019487,0.00245696270813243
35.01683,45.31984,0.00107676783815691,45.3213883709093,0.00262513874750432
35.02818,45.31714,-0.00162323216184035,45.3215563318712,0.00279309970939621
35.03952,45.3326,0.013836767838157,45.3217046416552,0.00294140949334712
35.05088,45.32244,0.00367676783815796,45.3218114575434,0.00304822538158724
35.0622,45.31964,0.000876767838157377,45.3218549941066,0.00309176194477804
35.07354,45.31812,-0.000643232161841922,45.3218158553509,0.00305262318902527
35.08485,45.31905,0.000286767838154844,45.3216791994965,0.00291596733468294
35.09617,45.32283,0.00406676783816096,45.3214369919478,0.002673759785931
35.10751,45.32204,0.00327676783815889,45.3210904703425,0.00232723818062256
35.11881,45.31657,-0.00219323216184364,45.3206525213425,0.00188928918066691
35.13013,45.32835,0.00958676783815804,45.3201492776347,0.00138604547284204
35.14144,45.32687,0.00810676783815723,45.3196200698295,0.00085683766765149
35.15277,45.32072,0.00195676783815912,45.3191149771802,0.000351745018405184
35.1641,45.31091,-0.00785323216184253,45.3186897130524,-7.35191094815194e-05
35.17542,45.31667,-0.00209323216184032,45.3183984221448,-0.000364810017067749
35.18675,45.31654,-0.00222323216183895,45.3182857531705,-0.00047747899138545
35.19811,45.31884,7.67678381592418e-05,45.3183798103577,-0.000383421804128672
35.20945,45.31665,-0.00211323216183956,45.3186872208924,-7.6011269462001e-05
35.22077,45.3175,-0.00126323216183977,45.3191909544769,0.000427722315079536
35.23212,45.32023,0.00146676783815991,45.3198510258211,0.00108779365921245
35.24344,45.32795,0.00918676783815897,45.3206078540297,0.00184462186782047
35.25477,45.31384,-0.00492323216184332,45.3213878115288,0.00262457936691497
35.26611,45.31861,-0.000153232161842709,45.3221104158953,0.00334718373346726
35.27744,45.32362,0.00485676783815592,45.3226966721686,0.00393344000672627
35.28878,45.32695,0.0081867678381542,45.3230780321894,0.00431480002753125
35.30008,45.3172,-0.00156323216184262,45.3232051445479,0.00444191238607796
35.3114,45.33067,0.0119067678381555,45.3230551949341,0.00429196277222985
35.32269,45.33122,0.0124567678381595,45.3226364554024,0.00387322324059047
35.33399,45.32521,0.00644676783815612,45.321988793124,0.00322556096219888
35.34532,45.32544,0.00667676783815807,45.3211794191208,0.00241618695892867
35.35663,45.31115,-0.00761323216184451,45.3202941490781,0.00153091691621841
35.36797,45.30874,-0.0100232321618421,45.3194256613105,0.00066242914867562
35.3793,45.32322,0.00445676783815685,45.3186610882585,-0.000102143903374381
35.39062,45.31641,-0.00235323216184469,45.3180712750661,-0.00069195709569385
35.40196,45.31553,-0.00323323216183979,45.3177032484254,-0.00105998373646705
35.41327,45.31625,-0.00251323216184574,45.3175764346821,-0.00118679747977549
35.4246,45.32181,0.00304676783815694,45.317682444724,-0.00108078743785137
35.43594,45.31787,-0.000893232161843116,45.3179878541161,-0.000775378045721133
35.44726,45.32023,0.00146676783815991,45.3184392206548,-0.000324011507012981
35.45859,45.31102,-0.00774323216184314,45.3189695803477,0.000206348185868142
35.46994,45.32548,0.00671676783815656,45.3195058063675,0.000742574205699098
35.48128,45.31507,-0.0036932321618437,45.3199763111846,0.00121307902273205
35.49262,45.32991,0.0111467678381558,45.3203184778196,0.00155524565775984
35.50396,45.31871,-5.32321618393894e-05,45.3204850355818,0.0017218034199352
35.51529,45.31781,-0.000953232161840845,45.3204485992867,0.00168536712489611
35.52661,45.32629,0.00752676783815787,45.3202038705418,0.00144063837992034
35.53794,45.31524,-0.00352323216183947,45.3197674084431,0.00100417628129082
35.54925,45.32104,0.00227676783816122,45.319175209772,0.00041197761017913
35.56061,45.3181,-0.000663232161841165,45.3184785357861,-0.000284696375724877
35.57193,45.31947,0.00070676783816026,45.3177385298514,-0.00102470231042113
35.58327,45.31255,-0.00621323216184066,45.3170202234456,-0.00174300871620142
35.59461,45.31577,-0.00299323216184177,45.3163865449771,-0.00237668718477233
35.60596,45.31561,-0.00315323216184282,45.3158929061868,-0.00287032597500952
35.61731,45.31826,-0.000503232161840117,45.3155827818981,-0.00318045026379045
35.62864,45.31801,-0.000753232161841311,45.3154844417152,-0.00327879044666952
35.63993,45.31635,-0.00241323216184242,45.3156088102461,-0.00315442191571276
35.65128,45.31144,-0.00732323216184483,45.3159484938295,-0.00281473833231087
35.66259,45.31094,-0.00782323216184011,45.3164782756832,-0.00228495647864747
35.6739,45.31511,-0.00365323216184521,45.3171575767864,-0.00160565537546434
35.68518,45.31564,-0.00312323216184041,45.3179352035654,-0.000828028596392058
35.69648,45.32397,0.00520676783816043,45.3187560866379,-7.14552391263159e-06
35.70781,45.32225,0.00348676783815449,45.3195689137354,0.00080568157359205
35.71912,45.33002,0.0112567678381552,45.3203329871626,0.00156975500080141
35.73045,45.32643,0.00766676783815967,45.3210226188633,0.00225938670149738
35.74176,45.31542,-0.00334323216183918,45.3216280213217,0.0028647891598397
35.75309,45.31298,-0.00578323216183918,45.3221527796299,0.00338954746801809
35.76443,45.32323,0.00446676783816002,45.3226090969119,0.00384586475007303
35.77577,45.32203,0.00326676783815572,45.3230124819623,0.00424924980048668
35.78711,45.32827,0.00950676783816107,45.3233771829209,0.00461395075902133
35.79844,45.31789,-0.000873232161843873,45.3237128844411,0.0049496522792741
35.80977,45.33159,0.0128267678381562,45.3240225851418,0.00525935297999934
35.82111,45.32493,0.00616676783815961,45.3243013935352,0.00553816137332918
35.83244,45.32179,0.0030267678381577,45.3245361048545,0.005772872692614
35.84377,45.31993,0.00116676783815706,45.3247056944152,0.0059424622533717
35.85508,45.32154,0.0027767678381565,45.3247831373915,0.00601990522970186
35.86641,45.32021,0.00144676783816067,45.3247389922008,0.00597576003898981
35.87772,45.32961,0.0108467678381601,45.3245467723806,0.00578354021877376
35.88905,45.32491,0.00614676783816037,45.3241893834106,0.00542615124880219
35.90036,45.32992,0.011156767838159,45.3236651792165,0.0049019470547051
35.9117,45.33333,0.0145667678381542,45.3229918757203,0.00422864355848535
35.92303,45.32184,0.00307676783815936,45.3222068512547,0.00344361909290282
35.93436,45.31853,-0.00023323216183968,45.3213632517637,0.0026000196018611
35.94567,45.31335,-0.00541323216184253,45.3205225453162,0.00175931315438657
35.95702,45.31822,-0.000543232161845708,45.319745234881,0.000982002719115118
35.96835,45.31938,0.000616767838160115,45.3190818413876,0.000318609225806228
35.97969,45.3157,-0.00306323216184268,45.3185659145987,-0.000197317563118311
35.99102,45.31859,-0.000173232161841952,45.3182100823073,-0.000553149854573046
36.00237,45.31422,-0.00454323216184349,45.3180054419322,-0.000757790229670909
36.01368,45.32183,0.00306676783815618,45.3179240894051,-0.000839142756746319
36.02502,45.31292,-0.00584323216184401,45.3179242018323,-0.000839030329491661
36.03633,45.32342,0.00465676783815638,45.3179567812597,-0.000806450902176356
36.04765,45.31908,0.000316767838157261,45.3179729480637,-0.000790284098135295
36.05898,45.31854,-0.000223232161843612,45.3179305975794,-0.000832634582487756
36.0703,45.32132,0.00255676783815773,45.3177993518712,-0.000963880290676381
36.08161,45.3255,0.0067367678381558,45.3175630638211,-0.00120016834076906
36.09294,45.31055,-0.00821323216184311,45.3172196351367,-0.00154359702514966
36.10426,45.31274,-0.00602323216184431,45.3167785493065,-0.00198468285533686
36.11559,45.3124,-0.00636323216184564,45.3162571471654,-0.00250608499645303
36.12692,45.31582,-0.00294323216184011,45.3156769651432,-0.00308626701860374
36.13824,45.31304,-0.00572323216184145,45.3150611791476,-0.00370205301422211
36.14954,45.31891,0.000146767838160144,45.3144335078718,-0.00432972429002424
36.16087,45.31399,-0.00477323216184544,45.3138182405823,-0.00494499157952708
36.1722,45.31409,-0.00467323216184212,45.3132406707713,-0.00552256139049853
36.18353,45.31424,-0.00452323216184425,45.3127271988136,-0.00603603334825147
36.19488,45.31539,-0.0033732321618416,45.3123046055152,-0.00645862664661913
36.20621,45.31104,-0.0077232321618439,45.311998345881,-0.00676488628087629
36.21753,45.30615,-0.01261323216184,45.3118300807951,-0.00693315136678416
36.22883,45.31303,-0.00573323216184463,45.3118149862542,-0.00694824590768987
36.24017,45.31068,-0.00808323216184448,45.3119595179309,-0.00680371423094453
36.25147,45.31351,-0.00525323216184148,45.3122601575883,-0.00650307457353325
36.2628,45.31176,-0.00700323216184273,45.3127033274256,-0.00605990473629339
36.27416,45.31553,-0.00323323216183979,45.3132663564048,-0.00549687575702911
36.28549,45.31351,-0.00525323216184148,45.3139192468639,-0.00484398529793716
36.29681,45.31252,-0.00624323216184308,45.3146269991786,-0.00413623298324842
36.30814,45.31576,-0.00300323216184495,45.315352330076,-0.00341090208582987
36.31947,45.31302,-0.00574323216184069,45.3160586748968,-0.00270455726502567
36.3308,45.31786,-0.000903232161839185,45.3167133100594,-0.00204992210248476
36.34214,45.32727,0.00850676783815629,45.3172902605623,-0.00147297159953959
36.35348,45.31271,-0.00605323216183962,45.317772496237,-0.000990735924845853
36.36478,45.31776,-0.0010032321618425,45.3181529783992,-0.00061025376265357
36.37609,45.30886,-0.00990323216183953,45.3184344567851,-0.000328775376706411
36.38745,45.32888,0.0101167678381557,45.3186282651623,-0.000134966999563328
36.3988,45.32044,0.00167676783815551,45.3187523709154,-1.08612464569417e-05
36.41013,45.32523,0.00646676783815536,45.3188286548389,6.54226770152725e-05
36.42143,45.3102,-0.00856323216184052,45.3188792997231,0.000116067561228732
36.43275,45.31852,-0.000243232161842855,45.3189225431178,0.000159310955976165
36.44408,45.31572,-0.00304323216184343,45.3189686248997,0.000205392737858278
36.45542,45.3189,0.00013676783815697,45.3190170114882,0.000253779326318745
36.46675,45.32152,0.00275676783815726,45.3190557140607,0.000292481898855174
36.47809,45.31237,-0.00639323216184096,45.3190629883736,0.000299756211768909
36.48941,45.3175,-0.00126323216183977,45.3190112296438,0.00024799748196042
36.50075,45.32491,0.00614676783816037,45.3188725254109,0.000109293249093576
36.51209,45.31848,-0.00028323216184134,45.3186249940978,-0.000138238064037908
36.5234,45.32126,0.00249676783816,45.3182587368148,-0.000504495347046597
36.53473,45.31937,0.000606767838156941,45.3177801684335,-0.00098306372829756
36.54605,45.31748,-0.00128323216183901,45.3172137778788,-0.00154945428304141
36.55739,45.32055,0.0017867678381549,45.3166008642516,-0.00216236791023779
36.56869,45.31483,-0.00393323216184172,45.3159953204742,-0.00276791168764021
36.58001,45.31374,-0.00502323216183953,45.3154570145241,-0.00330621763778529
36.59135,45.31431,-0.00445323216184335,45.3150437244837,-0.00371950767816291
36.60266,45.31538,-0.00338323216184477,45.3148028478455,-0.00396038431630545
36.61398,45.31032,-0.00844323216184506,45.314764156172,-0.00399907598987967
36.62527,45.31461,-0.00415323216184049,45.3149347216009,-0.00382851056094538
36.6366,45.3086,-0.0101632321618439,45.3152968680598,-0.00346636410206413
36.64792,45.32029,0.00152676783815764,45.3158096042294,-0.00295362793240187
36.65926,45.31363,-0.00513323216183892,45.3164134617786,-0.00234977038329037
36.67059,45.31529,-0.00347323216184492,45.3170380743314,-0.00172515783039952
36.68193,45.31895,0.00018676783815863,45.3176113425664,-0.00115188959546436
36.69325,45.32594,0.00717676783816046,45.3180687111749,-0.000694520986978001
36.70459,45.32808,0.0093167678381576,45.3183609450993,-0.000402287062589004
36.71592,45.31637,-0.00239323216184317,45.3184589725554,-0.000304259606430284
36.72728,45.30993,-0.00883323216184095,45.3183550580104,-0.000408174151461298
36.73861,45.31906,0.000296767838158019,45.3180606406864,-0.000702591475411271
36.74992,45.31973,0.000966767838157523,45.3176020498392,-0.00116118232265234
36.76127,45.30958,-0.00918323216184547,45.3170155197367,-0.00174771242517077
36.77262,45.32129,0.00252676783815531,45.316342588335,-0.00242064382681608
36.78395,45.30949,-0.00927323216184561,45.3156264920973,-0.00313674006452954
36.7953,45.314,-0.00476323216184227,45.3149097684966,-0.00385346366521241
36.80664,45.32059,0.00182676783816049,45.3142329067795,-0.00453032538230925
36.81797,45.31898,0.000216767838161047,45.3136335326925,-0.00512969946937937
36.8293,45.31596,-0.00280323216184541,45.313145426542,-0.00561780561985481
36.84063,45.30497,-0.013793232161845,45.3127968868101,-0.00596634535175863
36.85199,45.30315,-0.0156132321618401,45.3126085657822,-0.00615466637960852
36.86331,45.32045,0.00168676783815869,45.3125914858586,-0.00617174630328508
36.87464,45.31347,-0.00529323216183997,45.3127459687275,-0.0060172634343128
36.886,45.31512,-0.00364323216184204,45.3130616699725,-0.00570156218931664
36.89732,45.30924,-0.0095232321618397,45.3135183638293,-0.00524486833257288
36.90865,45.3202,0.00143676783815749,45.3140870123407,-0.00467621982114336
36.91998,45.31592,-0.0028432321618439,45.314730885131,-0.00403234703081245
36.93133,45.31015,-0.00861323216184218,45.3154067776596,-0.00335645450228402
36.94266,45.31401,-0.00475323216183909,45.3160666179718,-0.00269661419000826
36.95399,45.31142,-0.00734323216184407,45.3166599243579,-0.00210330780397606
36.96532,45.32047,0.00170676783815793,45.3171375022582,-0.00162572990368562
36.97662,45.3186,-0.000163232161838778,45.3174563342799,-0.00130689788195657
36.98796,45.31914,0.00037676783815499,45.3175850146358,-0.00117821752607186
36.99929,45.31872,-4.32321618433207e-05,45.3175086615387,-0.0012545706231753
37.01064,45.32034,0.0015767678381593,45.3172321991926,-0.00153103296921363
37.02198,45.32028,0.00151676783815446,45.3167811723627,-0.00198205979916273
37.0333,45.31731,-0.00145323216184323,45.3161997016234,-0.00256353053845639
37.0446,45.31008,-0.00868323216184308,45.3155457361215,-0.0032174960403305
37.05592,45.31374,-0.00502323216183953,45.3148843344292,-0.00387889773260417
37.06726,45.31163,-0.00713323216184136,45.314280102723,-0.00448312943883054
37.07859,45.31766,-0.00110323216184582,45.3137899375675,-0.00497329459436893
37.08992,45.31615,-0.00261323216184195,45.3134568907136,-0.00530634144824088
37.10126,45.31136,-0.0074032321618418,45.3133055958605,-0.00545763630137357
37.11259,45.30463,-0.0141332321618393,45.3133395632047,-0.00542366895713056
37.12386,45.31232,-0.00644323216184262,45.3135407279082,-0.00522250425360061
37.13516,45.31493,-0.0038332321618455,45.3138715891799,-0.00489164298197305
37.14647,45.3238,0.00503676783815621,45.314279834719,-0.00448339744282635
37.15779,45.30974,-0.00902323216184442,45.3147047070055,-0.00405852515638462
37.16913,45.31569,-0.00307323216184585,45.3150840221496,-0.00367921001222455
37.18047,45.31195,-0.00681323216183927,45.3153609104163,-0.00340232174555475
37.19181,45.3133,-0.00546323216184419,45.3154897084517,-0.00327352371016824
37.20315,45.32645,0.00768676783815891,45.3154405742595,-0.0033226579023225
37.21448,45.31886,9.67678381584847e-05,45.3152022618571,-0.00356097030473553
37.2258,45.31196,-0.0068032321618432,45.3147824327725,-0.00398079938935344
37.23714,45.31527,-0.00349323216184416,45.314205254036,-0.00455797812584439
37.24844,45.30696,-0.0118032321618458,45.3135067777101,-0.0052564544517721
37.25978,45.31326,-0.00550323216184267,45.3127292594354,-0.0060339727264394
37.27111,45.3074,-0.0113632321618411,45.3119157604734,-0.00684747168840836
37.28244,45.30901,-0.00975323216184165,45.3111060651839,-0.00765716697792605
37.29379,45.31831,-0.000453232161845563,45.3103343509158,-0.0084288812460185
37.30511,45.31055,-0.00821323216184311,45.3096284276681,-0.00913480449376396
37.31642,45.30665,-0.0121132321618447,45.30900997799,-0.00975325417188064
37.32773,45.30347,-0.0152932321618451,45.3084952412667,-0.0102679908951075
37.3391,45.31572,-0.00304323216184343,45.3080958770745,-0.0106673550873763
37.35044,45.3,-0.0187632321618452,45.3078199583568,-0.0109432738050658
37.3618,45.31108,-0.00768323216184541,45.3076730028244,-0.0110902293374856
37.37313,45.31489,-0.00387323216184399,45.3076587822893,-0.0111044498725422
37.38447,45.30226,-0.0165032321618455,45.3077795525012,-0.0109836796606358
37.39577,45.31205,-0.00671323216184305,45.3080354271595,-0.0107278050023164
37.40709,45.30965,-0.00911323216184456,45.3084228994722,-0.0103403326896232
37.41845,45.30264,-0.0161232321618456,45.308932888124,-0.00983034403782577
37.42977,45.31227,-0.00649323216184428,45.3095489810484,-0.00921425111344044
37.44109,45.30039,-0.0183732321618422,45.3102466580802,-0.00851657408164037
37.45243,45.31195,-0.00681323216183927,45.310994123775,-0.00776910838687581
37.46377,45.31503,-0.00373323216184218,45.311754933488,-0.00700829867388204
37.47509,45.315,-0.0037632321618446,45.3124919410593,-0.00627129110250567
37.4864,45.32208,0.00331676783815738,45.3131715203003,-0.00559171186153827
37.4977,45.31299,-0.00577323216184311,45.3137668657742,-0.00499636638760794
37.50905,45.30725,-0.011513232161839,45.3142596155442,-0.00450361661763322
37.52036,45.31191,-0.00685323216184486,45.3146398362502,-0.00412339591165769
37.53169,45.31492,-0.00384323216184157,45.31490505956,-0.00385817260183017
37.54304,45.3201,0.00133676783815417,45.3150591445842,-0.00370408757763396
37.55435,45.31612,-0.00264323216184437,45.3151113326185,-0.00365189954339538
37.5657,45.30806,-0.0107032321618448,45.315075434762,-0.00368779739989242
37.57703,45.31824,-0.00052323216183936,45.3149689968286,-0.00379423533325335
37.58836,45.31552,-0.00324323216184297,45.3148124035926,-0.0039508285692755
37.59966,45.31303,-0.00573323216184463,45.314627914274,-0.00413531788783197
37.61102,45.32055,0.0017867678381549,45.3144385118643,-0.00432472029757845
37.62235,45.30965,-0.00911323216184456,45.3142663873579,-0.00449684480390033
37.63368,45.31635,-0.00241323216184242,45.3141309855033,-0.00463224665851895
37.64501,45.31302,-0.00574323216184069,45.3140467512291,-0.00471648093278592
37.65633,45.31684,-0.0019232321618432,45.3140209082346,-0.00474232392719301
37.66764,45.31092,-0.00784323216183935,45.3140517088708,-0.00471152329106693
37.67894,45.31067,-0.00809323216184055,45.3141276478962,-0.00463558426564342
37.69025,45.31049,-0.00827323216184084,45.3142281427902,-0.0045350893716024
37.70158,45.31033,-0.00843323216184189,45.3143260354249,-0.00443719673691316
37.71289,45.3205,0.00173676783816035,45.3143918303307,-0.00437140183111081
37.72423,45.31951,0.000746767838158746,45.3143989144322,-0.00436431772965888
37.73558,45.317,-0.00176323216184215,45.3143284216144,-0.0044348105474831
37.74693,45.31821,-0.000553232161841777,45.3141722986033,-0.00459093355854505
37.75827,45.31716,-0.00160323216184111,45.313933638092,-0.00482959406988924
37.76962,45.31039,-0.00837323216184416,45.3136242653683,-0.00513896679355857
37.78097,45.29893,-0.0198332321618437,45.3132605343144,-0.00550269784749192
37.79233,45.31509,-0.00367323216184445,45.3128589438919,-0.00590428826996859
37.80362,45.30884,-0.00992323216184587,45.3124331924093,-0.00633003975252318
37.81495,45.31908,0.000316767838157261,45.3119935549621,-0.006769677199715
37.82627,45.30721,-0.0115532321618446,45.3115483930192,-0.00721483914263051
37.83759,45.31435,-0.00441323216184486,45.3111067927603,-0.00765643940157977
37.8489,45.31886,9.67678381584847e-05,45.3106810646707,-0.00808216749113756
37.86023,45.31166,-0.00710323216183895,45.3102880057581,-0.00847522640374787
37.87157,45.30332,-0.015443232161843,45.3099482761941,-0.00881495596778382
37.88291,45.31398,-0.00478323216184151,45.3096839037399,-0.009079328421923
37.89425,45.30624,-0.0125232321618398,45.3095145957075,-0.00924863645438199
37.9056,45.30583,-0.0129332321618421,45.3094539070011,-0.00930932516069641
37.91694,45.30836,-0.0104032321618419,45.3095062933092,-0.00925693885263107
37.92828,45.30838,-0.0103832321618427,45.3096657950468,-0.00909743711508985
37.93964,45.31409,-0.00467323216184212,45.3099166634479,-0.00884656871394759
37.951,45.30348,-0.0152832321618419,45.3102357558594,-0.00852747630244683
37.96232,45.31586,-0.00290323216184163,45.3105961425757,-0.0081670895861593
37.97365,45.31435,-0.00441323216184486,45.3109711620463,-0.00779207011556317
37.98499,45.31233,-0.00643323216183944,45.3113381096227,-0.00742512253918628
37.99635,45.30871,-0.0100532321618445,45.3116808615616,-0.00708237060023996
38.00766,45.31451,-0.00425323216184381,45.3119910552344,-0.00677217692741526
38.01894,45.30857,-0.0101932321618392,45.312267844342,-0.0064953878198651
38.03028,45.31728,-0.00148323216184565,45.3125165060157,-0.00624672614610213
38.04162,45.31372,-0.00504323216183877,45.3127462360272,-0.00601699613469279
38.05294,45.31317,-0.00559323216184282,45.3129674730576,-0.005795759104291
38.0643,45.30179,-0.0169732321618454,45.3131891966315,-0.00557403553035112
38.07564,45.31925,0.000486767838154378,45.3134168065569,-0.00534642560494646
38.08696,45.3097,-0.0090632321618429,45.3136511735668,-0.00511205859507155
38.09832,45.31696,-0.00180323216184064,45.3138890908216,-0.0048741413402065
38.10966,45.31067,-0.00809323216184055,45.3141248213858,-0.00463841077607378
38.12099,45.32397,0.00520676783816043,45.3143520366843,-0.00441119547757494
38.13232,45.31791,-0.00085323216184463,45.314565319327,-0.00419791283486474
38.1436,45.313,-0.00576323216183994,45.3147605865467,-0.00400264561514275
38.15493,45.30729,-0.0114732321618405,45.3149343003957,-0.00382893176614881
38.16628,45.31139,-0.00737323216183938,45.3150820027756,-0.00368122938620361
38.1776,45.32217,0.00340676783815752,45.3151971094389,-0.00356612272293512
38.18892,45.31215,-0.00661323216183973,45.3152707108054,-0.00349252135642012
38.20025,45.30992,-0.00884323216184413,45.315292570302,-0.0034706618597917
38.21157,45.32109,0.00232676783815577,45.3152530358955,-0.00351019626637329
38.22293,45.31584,-0.00292323216184087,45.3151453380513,-0.00361789411059077
38.23429,45.31843,-0.000333232161843,45.3149676129251,-0.00379561923670571
38.24564,45.3173,-0.0014632321618393,45.3147239718577,-0.00403926030417194
38.25697,45.31202,-0.00674323216184547,45.3144241864404,-0.00433904572141389
38.26829,45.30968,-0.00908323216184215,45.3140820509641,-0.00468118119769757
38.27963,45.31417,-0.00459323216184515,45.313712967094,-0.00505026506787013
38.29095,45.31496,-0.00380323216184308,45.3133314954819,-0.00543173667994792
38.30229,45.31046,-0.00830323216184325,45.3129494668406,-0.00581376532126272
38.31364,45.31353,-0.00523323216184224,45.312574927178,-0.00618830498381313
38.32495,45.31061,-0.00815323216184538,45.312211939583,-0.00655129257880366
38.33627,45.31412,-0.00464323216183971,45.3118611295579,-0.00690210260398782
38.34759,45.31464,-0.00412323216184518,45.3115207753407,-0.00724245682112454
38.35892,45.30695,-0.0118132321618418,45.3111882080075,-0.00757502415437547
38.37022,45.30187,-0.0168932321618414,45.310861347582,-0.00790188457980476
38.38153,45.32153,0.00276676783816043,45.3105402802138,-0.00822295194807504
38.39287,45.31333,-0.00543323216184177,45.3102286796315,-0.00853455253029321
38.4042,45.31253,-0.00623323216183991,45.309934614167,-0.0088286179948539
38.41553,45.30513,-0.013633232161844,45.3096702319361,-0.00909300022577858
38.42686,45.30641,-0.0123532321618427,45.3094502346085,-0.0093129975533572
38.43821,45.30545,-0.0133132321618419,45.3092896419853,-0.00947359017657419
38.44953,45.31381,-0.00495323216184573,45.3092015922341,-0.00956163992772077
38.46088,45.30914,-0.00962323216184302,45.3091956512293,-0.00956758093250117
38.47223,45.31275,-0.00601323216184113,45.3092766205622,-0.00948661159964124
38.48354,45.31133,-0.00743323216184422,45.3094435531344,-0.0093196790274026
38.49486,45.30705,-0.0117132321618456,45.3096887896897,-0.0090744424721373
38.5062,45.30602,-0.0127432321618457,45.3099972022789,-0.00876602988295379
38.51755,45.3074,-0.0113632321618411,45.3103461947967,-0.00841703736514874
38.52887,45.31177,-0.00699323216183956,45.3107070944386,-0.00805613772324388
38.54017,45.30584,-0.0129232321618389,45.3110482615497,-0.00771497061216739
38.55149,45.31363,-0.00513323216183892,45.3113396752437,-0.00742355691809771
38.56283,45.32054,0.00177676783815883,45.3115581568118,-0.00720507535007132
38.57418,45.31706,-0.00170323216184443,45.3116919858497,-0.00707124631216697
38.5855,45.30552,-0.013243232161841,45.31174365797,-0.00701957419187446
38.59686,45.3064,-0.0123632321618459,45.3117300469655,-0.00703318519631926
38.60819,45.31878,1.67678381544079e-05,45.3116800096332,-0.00708322252860683
38.61953,45.31911,0.000346767838159678,45.3116299851853,-0.00713324697654332
38.63087,45.30396,-0.0148032321618459,45.3116182310993,-0.00714500106253683
38.6422,45.3122,-0.00656323216184518,45.3116783910835,-0.00708484107832134
38.65355,45.30263,-0.0161332321618417,45.3118333928519,-0.00692983930994318
38.66488,45.3161,-0.00266323216184361,45.3120909404242,-0.00667229173764926
38.6762,45.30402,-0.014743232161841,45.3124416770764,-0.00632155508542119
38.68753,45.3151,-0.00366323216184128,45.3128604378726,-0.00590279428921236
38.69884,45.32096,0.00219676783815714,45.3133101907329,-0.00545304142896377
38.71018,45.31925,0.000486767838154378,45.3137475897891,-0.0050156423727617
38.7215,45.31281,-0.0059532321618434,45.314128797523,-0.00463443463882852
38.73282,45.30741,-0.011353232161845,45.3144145491085,-0.00434868305329279
38.74416,45.31378,-0.00498323216184104,45.3145741582125,-0.00418907394933428
38.75549,45.30937,-0.00939323216184107,45.3145887457914,-0.00417448637049075
38.76682,45.32449,0.00572676783815496,45.3144539660825,-0.0043092660793043
38.77815,45.31238,-0.00638323216184489,45.3141820012354,-0.0045812309264263
38.78948,45.31639,-0.00237323216184393,45.3138020961274,-0.00496113603446367
38.80085,45.31902,0.000256767838159533,45.313358824876,-0.00540440728580674
38.81219,45.31377,-0.00499323216184422,45.3129076623349,-0.00585556982693653
38.82354,45.31339,-0.00537323216184404,45.3125080777979,-0.00625515436392477
38.83487,45.30367,-0.0150932321618455,45.3122150896365,-0.0065481425253481
38.84619,45.30751,-0.0112532321618417,45.3120708397181,-0.00669239244371348
38.85752,45.30871,-0.0100532321618445,45.3120979828549,-0.0066652493069419
38.86883,45.31647,-0.00229323216183985,45.3122963120552,-0.00646692010666179
38.88019,45.31243,-0.00633323216184323,45.3126431704167,-0.00612006174510328
38.89153,45.3123,-0.00646323216184186,45.3130972844766,-0.00566594768526294
38.90285,45.30856,-0.0102032321618424,45.313605097602,-0.00515813455987321
38.91418,45.31628,-0.00248323216184332,45.3141085009694,-0.00465473119242192
38.92551,45.32477,0.00600676783815857,45.314552772654,-0.00421045950783899
38.93686,45.31921,0.000446767838155893,45.3148934058014,-0.00386982636043865
38.9482,45.31802,-0.000743232161845242,45.3151005850626,-0.00366264709927961
38.95951,45.30443,-0.0143332321618388,45.3151606789757,-0.00360255318612378
38.97085,45.3119,-0.00686323216184093,45.3150751279036,-0.0036881042582376
38.98219,45.31318,-0.00558323216183965,45.3148579070208,-0.00390532514101492
38.99352,45.31874,-2.32321618440778e-05,45.314532793664,-0.00423043849783048
39.00486,45.31606,-0.0027032321618421,45.3141310414305,-0.00463219073136209
39.01615,45.30927,-0.00949323216184439,45.3136893381381,-0.00507389402377414
39.02748,45.32088,0.00211676783816017,45.3132475892559,-0.0055156429059019
39.03879,45.3113,-0.00746323216183953,45.3128461478718,-0.00591708429003956
39.05013,45.314,-0.00476323216184227,45.3125223783903,-0.00624085377150138
39.06147,45.30765,-0.0111132321618399,45.3123067602257,-0.00645647193613355
39.07281,45.3121,-0.00666323216184139,45.3122190557602,-0.00654417640165848
39.08417,45.31315,-0.00561323216184206,45.3122652502567,-0.00649798190511795
39.0955,45.30991,-0.0088532321618402,45.3124359029999,-0.00632732916198256
39.10683,45.31339,-0.00537323216184404,45.3127062954718,-0.00605693669005644
39.11816,45.31587,-0.00289323216184556,45.3130384934977,-0.00572473866414982
39.12949,45.30399,-0.0147732321618435,45.3133852497258,-0.00537798243604528
39.14083,45.31084,-0.00792323216184343,45.3136955338254,-0.00506769833647508
39.15212,45.32014,0.00137676783815976,45.3139212634851,-0.00484196867678716
39.16346,45.32282,0.00405676783815778,45.3140243985483,-0.00473883361358843
39.17479,45.31107,-0.00769323216184148,45.3139831029755,-0.00478012918635198
39.18615,45.31624,-0.0025232321618418,45.3137956024717,-0.00496762969016839
39.19748,45.31512,-0.00364323216184204,45.3134808783143,-0.00528235384755262
39.20881,45.31171,-0.00705323216184439,45.3130761364827,-0.00568709567911072
39.22013,45.31281,-0.0059532321618434,45.3126316515002,-0.00613158066162535
39.23145,45.30786,-0.0109032321618443,45.3122039698861,-0.00655926227578966
39.2428,45.30973,-0.00903323216184049,45.3118486096305,-0.0069146225313549
39.25413,45.31862,-0.000143232161839535,45.3116133137609,-0.00714991840098516
39.26545,45.30614,-0.0126232321618431,45.3115326383729,-0.00723059378892814
39.27678,45.30785,-0.0109132321618404,45.3116243419161,-0.00713889024572798
39.28814,45.3164,-0.00236323216184076,45.3118878450885,-0.00687538707329869
39.29944,45.30789,-0.0108732321618419,45.3123048929134,-0.00645833924848599
39.31077,45.31479,-0.0039732321618402,45.3128423342475,-0.00592089791430488
39.3221,45.31178,-0.00698323216184349,45.3134566618408,-0.00530657032103516
39.33343,45.31503,-0.00373323216184218,45.3140997393528,-0.00466349280908325
39.34472,45.31602,-0.00274323216184058,45.314725002214,-0.00403822994780192
39.35605,45.31418,-0.00458323216184198,45.3152933329257,-0.00346989923611496
39.36739,45.32232,0.00355676783815539,45.3157777964862,-0.00298543567562594
39.37874,45.31493,-0.0038332321618455,45.3161665174134,-0.00259671474845998
39.39006,45.31835,-0.000413232161839971,45.3164632206925,-0.00230001146930033
39.4014,45.31268,-0.00608323216184203,45.3166853447202,-0.00207788744164316
39.41272,45.32172,0.00295676783815679,45.3168600661195,-0.00190316604238234
39.42405,45.3149,-0.00386323216184081,45.3170188943148,-0.00174433784704478
39.43538,45.31512,-0.00364323216184204,45.3171916374817,-0.00157159468017546
39.44672,45.31944,0.000676767838157843,45.317400585519,-0.001362646642871
39.45807,45.31469,-0.00407323216184352,45.3176557579516,-0.00110747421026536
39.46941,45.31586,-0.00290323216184163,45.3179519998125,-0.000811232349393999
39.48075,45.31314,-0.00562323216184524,45.318268545875,-0.000494686286806243
39.49209,45.31777,-0.00099323216183933,45.3185713840858,-0.000191848076045163
39.50342,45.31667,-0.00209323216184032,45.318818274756,5.50425941937256e-05
39.51476,45.3303,0.0115367678381588,45.3189656359551,0.000202403793278303
39.52609,45.32049,0.00172676783815717,45.3189758942914,0.000212662129598177
39.53741,45.31981,0.00104676783815449,45.3188236664115,6.04342496724722e-05
39.54874,45.31911,0.000346767838159678,45.3184994949616,-0.000263737200266703
39.56005,45.31684,-0.0019232321618432,45.3180106557876,-0.000752576374202068
39.57138,45.31433,-0.0044332321618441,45.3173793519581,-0.00138388020372391
39.5827,45.32146,0.00269676783815953,45.3166390869388,-0.00212414522303328
39.59401,45.30802,-0.0107432321618433,45.315830128381,-0.00293310378086012
39.60533,45.3208,0.00203676783815609,45.3149948762908,-0.00376835587107713
39.61669,45.30724,-0.0115232321618421,45.3141737721286,-0.00458946003321899
39.62804,45.31832,-0.000443232161842388,45.3134021820144,-0.00536105014745734
39.6394,45.30888,-0.00988323216184028,45.3127084631992,-0.00605476896259818
39.65073,45.31233,-0.00643323216183944,45.3121132009547,-0.00665003120713211
39.66209,45.31422,-0.00454323216184349,45.311629415728,-0.0071338164338664
39.67343,45.31513,-0.00363323216183886,45.3112634057401,-0.00749982642171571
39.68476,45.30614,-0.0126232321618431,45.3110158492456,-0.0077473829162753
39.69608,45.31195,-0.00681323216183927,45.3108829048741,-0.00788032728772463
39.7074,45.31063,-0.00813323216183903,45.3108572753288,-0.0079059568330142
39.71871,45.30956,-0.00920323216184471,45.3109293638043,-0.00783386835751015
39.73003,45.30938,-0.009383232161845,45.3110886375784,-0.00767459458348182
39.74136,45.30882,-0.00994323216184512,45.3113251637666,-0.00743806839525149
39.75269,45.31839,-0.000373232161841486,45.31163106639,-0.00713216577185987
39.76403,45.31569,-0.00307323216184585,45.3120014107193,-0.00676182144258712
39.7754,45.31514,-0.00362323216184279,45.3124338917517,-0.00632934041014039
39.78672,45.31248,-0.00628323216184157,45.3129269150052,-0.00583631715661717
39.79806,45.31123,-0.00753323216184043,45.3134762608892,-0.00528697127260622
39.80941,45.30476,-0.0140032321618406,45.3140712507561,-0.00469198140569708
39.82075,45.31717,-0.00159323216184504,45.314691774975,-0.00407145718679413
39.8321,45.30961,-0.00915323216184305,45.3153074367725,-0.0034557953893062
39.84342,45.31876,-3.23216184483499e-06,45.3158794464643,-0.00288378569756488
39.85472,45.31668,-0.00208323216184425,45.3163650655019,-0.00239816665995476
39.86605,45.32027,0.0015067678381584,45.3167236939687,-0.00203953819316733
39.87738,45.31929,0.000526767838159969,45.3169233244233,-0.00183990773859557
39.88872,45.31678,-0.00198323216184093,45.3169460969748,-0.00181713518701492
39.90006,45.31641,-0.00235323216184469,45.3167920164828,-0.00197121567907682
39.9114,45.32108,0.00231676783815971,45.3164803671237,-0.0022828650381057
39.92273,45.30943,-0.00933323216184334,45.3160487985769,-0.0027144335849343
39.93404,45.31976,0.00099676783815994,45.3155503695852,-0.00321286257661151
39.94538,45.31376,-0.00500323216184029,45.3150490138793,-0.00371421828253665
39.95672,45.31196,-0.0068032321618432,45.3146139511595,-0.00414928100239331
39.96806,45.31192,-0.00684323216184168,45.3143135226842,-0.00444970947768696
39.97941,45.31998,0.00121676783815872,45.3142088101582,-0.00455442200361254
39.99076,45.32687,0.00810676783815723,45.3143472208926,-0.00441601126925389
40.00212,45.30691,-0.0118532321618403,45.3147561470864,-0.00400708507546235
40.01343,45.31185,-0.00691323216184259,45.3154371164054,-0.00332611575648022
40.02474,45.30803,-0.0107332321618401,45.3163615459,-0.00240168626180429
40.03609,45.31182,-0.006943232161845,45.3174697571712,-0.00129347499067017
40.04738,45.31496,-0.00380323216184308,45.3186747011208,-8.85310410472631e-05
40.0587,45.32155,0.00278676783815968,45.3198708008047,0.00110756864289602
40.07001,45.32492,0.00615676783815644,45.3209468953939,0.00218366323202496
40.08133,45.33037,0.0116067678381597,45.3218010262212,0.00303779405939168
40.09262,45.33103,0.0122667678381561,45.3223541881227,0.00359095596082275
40.10394,45.31925,0.000486767838154378,45.32256039898,0.00379716681813649
40.11526,45.32397,0.00520676783816043,45.3224114403145,0.00364820815267871
40.1266,45.32042,0.00165676783815627,45.321935978536,0.00317274637416419
40.13793,45.3187,-6.32321618425635e-05,45.3211939290418,0.00243069687992782
40.14924,45.32327,0.00450676783815851,45.3202675339958,0.00150430183396104
40.16058,45.3137,-0.00506323216184512,45.3192507373901,0.000487505228242102
40.17192,45.3191,0.000336767838156504,45.3182382955814,-0.000524936580401051
40.18324,45.31586,-0.00290323216184163,45.3173158253595,-0.00144740680237535
40.19455,45.31621,-0.00255323216184422,45.3165517050579,-0.00221152710393702
40.20587,45.31604,-0.00272323216184134,45.3159914198423,-0.00277181231958149
40.21718,45.3166,-0.00216323216184122,45.3156546380085,-0.00310859415330108
40.22852,45.31537,-0.00339323216184084,45.315535088231,-0.00322814393082548
40.23985,45.30565,-0.0131132321618423,45.3156031928461,-0.00316003931574558
40.25118,45.31773,-0.00103323216184492,45.3158113196111,-0.00295191255069659
40.26248,45.31638,-0.00238323216184,45.3161012691649,-0.00266196299695421
40.27383,45.32432,0.00555676783815784,45.3164131168405,-0.00235011532134155
40.28515,45.31766,-0.00110323216184582,45.3166939795763,-0.00206925258550912
40.29648,45.31861,-0.000153232161842709,45.3169050883765,-0.00185814378537105
40.3078,45.32191,0.00314676783816026,45.3170259152551,-0.0017373169067217
40.31912,45.31136,-0.0074032321618418,45.3170548468479,-0.00170838531389936
40.33045,45.32019,0.00142676783815432,45.3170066787252,-0.00175655343666236
40.34177,45.31311,-0.00565323216184055,45.3169077904004,-0.00185544176140855
40.35311,45.31173,-0.00703323216184515,45.3167901489352,-0.00197308322668878
40.36442,45.32137,0.00260676783815939,45.3166852609558,-0.00207797120599819
40.37573,45.31936,0.000596767838160872,45.3166189092268,-0.0021443229350581
40.38708,45.31348,-0.0052832321618439,45.3166071377116,-0.00215609445022079
40.3984,45.31364,-0.00512323216184285,45.3166537218168,-0.00210951034508357
40.40972,45.31614,-0.00262323216184512,45.3167493596537,-0.00201387250817717
40.42105,45.31292,-0.00584323216184401,45.3168728387944,-0.00189039336743434
40.43234,45.31779,-0.000973232161840087,45.3169942191248,-0.00176901303703806
40.44365,45.32062,0.0018567678381558,45.317079621116,-0.00168361104586346
40.45498,45.32269,0.00392676783815915,45.317096729364,-0.00166650279781646
40.4663,45.31577,-0.00299323216184177,45.3170198688799,-0.00174336328190885
40.47762,45.31796,-0.000803232161842971,45.3168336606998,-0.00192957146200272
40.48894,45.31278,-0.00598323216184582,45.3165347645264,-0.00222846763543388
40.50028,45.32153,0.00276676783816043,45.3161317823905,-0.00263144977131929
40.51161,45.31237,-0.00639323216184096,45.3156437536183,-0.00311947854351169
40.52296,45.31129,-0.0074732321618427,45.3150977869653,-0.00366544519649512
40.53427,45.31252,-0.00624323216184308,45.3145263666817,-0.00423686548018506
40.54558,45.31833,-0.000433232161839214,45.3139647521321,-0.00479848002976507
40.55692,45.31865,-0.000113232161844223,45.3134486127669,-0.00531461939498352
40.56823,45.31129,-0.0074732321618427,45.3130117357249,-0.00575149643695456
40.57956,45.30974,-0.00902323216184442,45.3126836076915,-0.00607962447038097
40.5909,45.31206,-0.00670323216183988,45.312486984836,-0.00627624732586567
40.60223,45.30585,-0.0129132321618428,45.3124359260648,-0.00632730609708307
40.61356,45.31397,-0.00479323216184468,45.3125348142195,-0.0062284179423021
40.62484,45.32053,0.00176676783815566,45.3127785468496,-0.00598468531229207
40.63615,45.31481,-0.00395323216184096,45.313153571985,-0.00560966017681117
40.64747,45.31066,-0.00810323216184372,45.3136391503916,-0.00512408177025284
40.65877,45.31355,-0.005213232161843,45.3142083905959,-0.00455484156593017
40.67009,45.31628,-0.00248323216184332,45.3148290826674,-0.00393414949442187
40.68142,45.30733,-0.011433232161842,45.3154647461064,-0.00329848605540122
40.69275,45.31944,0.000676767838157843,45.3160763600067,-0.00268687215517068
40.70407,45.31873,-3.32321618401465e-05,45.3166250019133,-0.0021382302485369
40.7154,45.31456,-0.00420323216184215,45.3170752439927,-0.00168798816918031
40.72672,45.31732,-0.00144323216184006,45.3173988245206,-0.00136440764122282
40.73805,45.32084,0.00207676783815458,45.3175779618776,-0.00118527028425459
40.74934,45.32108,0.00231676783815971,45.3176076841528,-0.00115554800904765
40.76068,45.31593,-0.00283323216184073,45.3174966411591,-0.00126659100273171
40.77199,45.31728,-0.00148323216184565,45.3172660834313,-0.00149714873058198
40.78333,45.32087,0.002106767838157,45.3169470525756,-0.00181617958625007
40.79468,45.31215,-0.00661323216183973,45.3165762055497,-0.00218702661213608
40.80603,45.31504,-0.00372323216183901,45.3161909661677,-0.00257226599412282
40.81734,45.31164,-0.00712323216184529,45.3158248273622,-0.00293840479963109
40.82864,45.31694,-0.00182323216183988,45.3155035734051,-0.00325965875669496
40.83997,45.32226,0.00349676783815767,45.31524290424,-0.00352032792184549
40.85127,45.30633,-0.0124332321618397,45.3150475421618,-0.00371569000002517
40.86259,45.31612,-0.00264323216184437,45.314911636387,-0.00385159577484676
40.87391,45.3176,-0.00116323216184355,45.3148202413828,-0.00394299077902838
40.88524,45.31635,-0.00241323216184242,45.3147516561316,-0.00401157603027985
40.89658,45.31165,-0.00711323216184212,45.3146803496733,-0.00408288248859252
40.90792,45.31192,-0.00684323216184168,45.314580169456,-0.00418306270588844
40.91927,45.3146,-0.00416323216184367,45.3144275939874,-0.00433563817440931
40.93061,45.31764,-0.00112323216184507,45.3142047905053,-0.00455844165650453
40.94195,45.32114,0.00237676783815743,45.3139020704355,-0.00486116172634077
40.95329,45.3136,-0.00516323216184134,45.3135191996459,-0.0052440325159646
40.96464,45.30505,-0.0137132321618409,45.3130652193804,-0.00569801278141051
40.97598,45.3105,-0.00826323216184477,45.3125569755466,-0.00620625661521329
40.98732,45.31142,-0.00734323216184407,45.3120170390435,-0.00674619311829495
40.99866,45.31372,-0.00504323216183877,45.3114716964308,-0.00729153573103439
41.00998,45.31697,-0.00179323216184457,45.3109492144998,-0.00781401766208501
41.02128,45.3074,-0.0113632321618411,45.3104780840957,-0.00828514806616634
41.03259,45.31367,-0.00509323216184043,45.310084838869,-0.00867839329287345
41.04392,45.30734,-0.0114232321618388,45.3097913509454,-0.0089718812164517
41.05528,45.3121,-0.00666323216184139,45.3096119625444,-0.0091512696174679
41.06662,45.29972,-0.0190432321618417,45.3095511632724,-0.00921206888941723
41.07795,45.30698,-0.0117832321618394,45.3096026495844,-0.00916058257744862
41.08929,45.31196,-0.0068032321618432,45.3097504261313,-0.00901280603059107
41.1006,45.30786,-0.0109032321618443,45.3099720720202,-0.00879116014167546
41.11192,45.31829,-0.000473232161844805,45.3102435435438,-0.00851968861801095
41.12323,45.31033,-0.00843323216184189,45.3105442803126,-0.00821895184920684
41.13457,45.31339,-0.00537323216184404,45.310861225916,-0.00790200624585864
41.14591,45.31585,-0.0029132321618448,45.311190698379,-0.00757253378279646
41.15723,45.31028,-0.00848323216184355,45.3115376712559,-0.00722556090598698
41.16854,45.31149,-0.00727323216184317,45.3119127419098,-0.0068504902520371
41.17985,45.30669,-0.0120732321618391,45.3123277126247,-0.00643551953714973
41.19118,45.30764,-0.0111232321618431,45.3127911392207,-0.00597209294117607
41.2025,45.30525,-0.0135132321618414,45.3133052229205,-0.005458009241325
41.21385,45.3252,0.00643676783816005,45.3138649142732,-0.00489831788869178
41.22515,45.31544,-0.00332323216183994,45.3144591817242,-0.00430405043766418
41.23645,45.31902,0.000256767838159533,45.3150735038099,-0.0036897283519765
41.24779,45.3175,-0.00126323216183977,45.3156922941339,-0.00307093802792488
41.25912,45.31255,-0.00621323216184066,45.3163003285454,-0.00246290361649127
41.27045,45.31433,-0.0044332321618441,45.3168829782616,-0.00188025390021252
41.28178,45.32187,0.00310676783815467,45.3174256654984,-0.00133756666341197
41.2931,45.31592,-0.0028432321618439,45.317913187959,-0.000850044202810166
41.30442,45.31096,-0.00780323216184087,45.3183294780474,-0.000433754114396032
41.31574,45.32002,0.0012567678381572,45.3186581762873,-0.000105055874507963
41.32705,45.32266,0.00389676783815673,45.3188841554139,0.000120923252026193
41.33839,45.32012,0.00135676783816052,45.3189957660854,0.000232533923600469
41.34971,45.31792,-0.000843232161841456,45.3189872055271,0.000223973365251289
41.36107,45.31958,0.000816767838159649,45.3188602952837,9.70631218970396e-05
41.3724,45.3228,0.00403676783815854,45.3186251358805,-0.000138096281364447
41.38372,45.31908,0.000316767838157261,45.3182993931849,-0.000463838976931906
41.39505,45.3145,-0.00426323216183988,45.3179062534931,-0.000856978668718416
41.40638,45.32157,0.00280676783815892,45.3174713979523,-0.00129183420950904
41.41772,45.30718,-0.0115832321618399,45.3170196611372,-0.00174357102465152
41.42905,45.31624,-0.0025232321618418,45.3165721987391,-0.00219103342273983
41.4404,45.31448,-0.00428323216183912,45.3161448540462,-0.00261837811569103
41.45173,45.32397,0.00520676783816043,45.3157479599826,-0.00301527217926532
41.46305,45.3155,-0.00326323216184221,45.3153872178349,-0.00337601432694794
41.47437,45.31549,-0.00327323216184539,45.3150649127943,-0.0036983193675832
41.48569,45.31292,-0.00584323216184401,45.3147808183445,-0.00398241381733003
41.49701,45.31441,-0.00435323216184003,45.3145325816212,-0.00423065054060292
41.50833,45.31515,-0.00361323216183962,45.314315799138,-0.0044474330237997
41.51965,45.31335,-0.00541323216184253,45.3141241576403,-0.00463907452156151
41.53096,45.31075,-0.00801323216184358,45.3139499796879,-0.00481325247392623
41.5423,45.31234,-0.00642323216184337,45.3137854108148,-0.00497782134707981
41.55362,45.31192,-0.00684323216184168,45.3136243280973,-0.00513890406457061
41.56495,45.31502,-0.00374323216184536,45.3134647682001,-0.00529846396176953
41.57625,45.32179,0.0030267678381577,45.3133112843978,-0.00545194776402447
41.58757,45.31532,-0.0034432321618425,45.3131763380543,-0.0055868941075787
41.5989,45.31387,-0.0048932321618409,45.313079881799,-0.00568335036285071
41.61023,45.30836,-0.0104032321618419,45.3130468209882,-0.00571641117362923
41.62155,45.31073,-0.00803323216184282,45.3131028295128,-0.00566040264903072
41.63287,45.31369,-0.00507323216184119,45.3132695963099,-0.00549363585196542
41.64419,45.30953,-0.00923323216184002,45.3135606818637,-0.00520255029813746
41.65549,45.31717,-0.00159323216184504,45.3139788302009,-0.00478440196091634
41.66683,45.31356,-0.00520323216183982,45.3145150936244,-0.00424813853743809
41.67814,45.31345,-0.00531323216183921,45.3151497198568,-0.00361351230505969
41.68949,45.3131,-0.00566323216184372,45.3158545034495,-0.00290872871234313
41.70081,45.32152,0.00275676783815726,45.3165961581953,-0.00216707396652458
41.71212,45.31978,0.00101676783815918,45.3173401242736,-0.00142310788822546
41.72346,45.3205,0.00173676783816035,45.3180541040174,-0.000709128144485082
41.73479,45.31501,-0.00375323216184142,45.3187106932565,-5.25389053412597e-05
41.74611,45.31521,-0.00355323216184189,45.3192888146987,0.000525582536852428
41.75744,45.32335,0.00458676783815548,45.3197740533781,0.00101082121622749
41.76875,45.32584,0.00707676783815714,45.3201581419479,0.00139490978609794
41.78006,45.32242,0.00365676783815871,45.320437736226,0.00167450406411661
41.79139,45.31618,-0.00258323216183953,45.3206125895576,0.00184935739574833
41.80272,45.31267,-0.00609323216184521,45.3206835309968,0.00192029883497169
41.81404,45.31373,-0.0050332321618427,45.3206510604894,0.00188782832757401
41.82537,45.33182,0.0130567678381581,45.3205153787045,0.00175214654261116
41.8367,45.31841,-0.000353232161842243,45.3202780449241,0.0015148127622742
41.84801,45.32073,0.00196676783815519,45.3199445908431,0.0011813586812891
41.85936,45.32544,0.00667676783815807,45.3195269328236,0.0007637006617213
41.87069,45.31773,-0.00103323216184492,45.3190445448817,0.000281312719865588
41.88205,45.32084,0.00207676783815458,45.3185238383004,-0.000239393861472314
41.89337,45.31496,-0.00380323216184308,45.3179957562999,-0.000767475861944422
41.90471,45.31559,-0.00317323216184207,45.3174920898936,-0.00127114226824197
41.91602,45.31881,4.67678381568248e-05,45.3170413374502,-0.00172189471160996
41.92733,45.31602,-0.00274323216184058,45.3166649838998,-0.00209824826206347
41.93868,45.31387,-0.0048932321618409,45.316374926291,-0.00238830587079751
41.95001,45.30914,-0.00962323216184302,45.3161725653082,-0.00259066685368797
41.9613,45.31393,-0.00483323216184317,45.3160498465965,-0.00271338556536753
41.97263,45.3226,0.00383676783815901,45.3159921315189,-0.00277110064290837
41.98397,45.3232,0.00443676783815761,45.3159821487173,-0.00278108344453625
41.9953,45.32373,0.00496676783815531,45.3160037227032,-0.00275950945865525
42.00663,45.30893,-0.00983323216184573,45.3160439878615,-0.00271924430032816
42.01793,45.30895,-0.00981323216183938,45.3160935444163,-0.0026696877455627
42.02925,45.32207,0.0033067678381542,45.3161450423839,-0.0026181897779015
42.04058,45.31256,-0.0062032321618446,45.3161912838326,-0.00257194832926094
42.05192,45.31297,-0.00579323216184235,45.3162238472925,-0.00253938486935355
42.06323,45.31701,-0.00175323216183898,45.3162327857099,-0.0025304464519484
42.07455,45.31902,0.000256767838159533,45.3162075100237,-0.00255572213817743
42.08587,45.31599,-0.002773232161843,45.3161386310587,-0.00262460110314233
42.0972,45.31009,-0.00867323216183991,45.3160202975544,-0.00274293460745668
42.10851,45.32375,0.00498676783815455,45.3158524854779,-0.00291074668391827
42.11982,45.31445,-0.00431323216184154,45.3156427088743,-0.00312052328750617
42.13116,45.31598,-0.00278323216183907,45.3154066436118,-0.00335658855000383
42.14249,45.32287,0.00410676783815944,45.3151672424186,-0.00359598974322934
42.15379,45.31075,-0.00801323216184358,45.3149521897652,-0.00381104239660064
42.16511,45.30713,-0.0116332321618415,45.3147899844256,-0.00397324773622254
42.17643,45.32124,0.00247676783816075,45.3147053822813,-0.00405784988057708
42.18774,45.31131,-0.00745323216184346,45.3147151447763,-0.00404808738559248
42.19906,45.31266,-0.00610323216184128,45.3148249027794,-0.00393832938241996
42.2104,45.31484,-0.00392323216184565,45.3150276175522,-0.00373561460965603
42.22172,45.3191,0.000336767838156504,45.3153038180506,-0.00345941411129078
42.23302,45.30853,-0.0102332321618448,45.3156235570546,-0.00313967510720919
42.24437,45.31843,-0.000333232161843,45.3159498278295,-0.00281340433235621
42.25571,45.31869,-7.32321618457377e-05,45.3162430199139,-0.00252021224792494
42.26704,45.31767,-0.00109323216184265,45.3164658467622,-0.0022973853996647
42.27837,45.31628,-0.00248323216184332,45.3165880758184,-0.00217515634346767
42.28969,45.31511,-0.00365323216184521,45.3165904417961,-0.00217279036570255
42.30104,45.31953,0.000766767838157989,45.3164673340842,-0.00229589807760594
42.31236,45.31709,-0.00167323216184201,45.3162280732717,-0.00253515889014263
42.3237,45.31022,-0.00854323216184127,45.3158967355615,-0.0028664966002997
42.335,45.31914,0.00037676783815499,45.3155105810971,-0.00325265106478521
42.34632,45.31535,-0.00341323216184009,45.3151172008787,-0.00364603128311181
42.35765,45.31303,-0.00573323216184463,45.3147704673395,-0.00399276482231346
42.36897,45.32946,0.0106967678381551,45.3145253027183,-0.00423792944351924
42.38031,45.30731,-0.0114532321618412,45.3144313450973,-0.00433188706455515
42.39164,45.31161,-0.00715323216184061,45.3145259551048,-0.00423727705701914
42.403,45.30777,-0.0109932321618444,45.3148276143063,-0.00393561785554771
42.41436,45.31301,-0.00575323216184387,45.3153312469645,-0.00343198519733167
42.42567,45.3142,-0.00456323216184273,45.3160069018675,-0.00275633029436239
42.43701,45.31697,-0.00179323216184457,45.3168024934744,-0.00196073868743645
42.44833,45.31706,-0.00170323216184443,45.3176502947354,-0.00111293742647466
42.45967,45.32065,0.00188676783815822,45.3184760186884,-0.000287213473486857
42.47101,45.326,0.00723676783815819,45.3192088136243,0.000445581462442377
42.48232,45.32131,0.00254676783815455,45.3197903539643,0.00102712180249357
42.49363,45.32272,0.00395676783815446,45.3201814483628,0.00141821620097957
42.50495,45.32022,0.00145676783815674,45.320365189331,0.00160195716916531
42.51625,45.31907,0.000306767838161193,45.3203464728965,0.00158324073465876
42.52755,45.31753,-0.00123323216184446,45.3201484491319,0.00138521697004671
42.53888,45.32049,0.00172676783815717,45.3198069088847,0.00104367672283151
42.55021,45.32211,0.00334676783815979,45.3193637155565,0.00060048339462313
42.56153,45.31566,-0.00310323216184116,45.3188602634491,9.70312872094076e-05
42.57286,45.31633,-0.00243323216184166,45.3183317804017,-0.000431451760185969
42.58423,45.31425,-0.00451323216184107,45.3178031953904,-0.000960036771458803
42.59556,45.3176,-0.00116323216184355,45.3172871640301,-0.00147606813172257
42.60687,45.31532,-0.0034432321618425,45.3167845338328,-0.00197869832907449
42.61819,45.31952,0.000756767838154815,45.3162870507617,-0.00247618140017496
42.62955,45.31093,-0.00783323216184328,45.3157816371258,-0.00298159503607461
42.6409,45.32345,0.0046867678381588,45.315255266104,-0.00350796605786704
42.65225,45.32254,0.00377676783815417,45.3146993649275,-0.00406386723431648
42.66357,45.30482,-0.0139432321618429,45.3141128253933,-0.00465040676853047
42.6749,45.31264,-0.00612323216184052,45.3135031415843,-0.00526009057758619
42.68623,45.31889,0.000126767838160902,45.3128858072944,-0.00587742486743421
42.69756,45.30543,-0.0133332321618411,45.3122825362378,-0.00648069592399384
42.7089,45.31498,-0.00378323216184384,45.3117189236502,-0.0070443085116159
42.72022,45.30528,-0.013483232161839,45.3112220187854,-0.00754121337647001
42.73154,45.31158,-0.00718323216184302,45.3108181062773,-0.0079451258845565
42.74287,45.31906,0.000296767838158019,45.3105307716109,-0.00823246055096183
42.75421,45.30975,-0.00901323216184124,45.310379054871,-0.00838417729085267
42.76553,45.31064,-0.00812323216184296,45.3103753859233,-0.00838784623851414
42.77686,45.31126,-0.00750323216184512,45.3105232417905,-0.00823999037137867
42.7882,45.30337,-0.0153932321618413,45.3108149745898,-0.00794825757206543
42.79951,45.30608,-0.0126832321618409,45.311230676358,-0.00753255580381645
42.81085,45.31197,-0.00679323216184002,45.3117389625302,-0.00702426963164276
42.82219,45.31404,-0.00472323216184378,45.3123000739092,-0.006463158252614
42.83351,45.31529,-0.00347323216184492,45.3128708919313,-0.00589234023055618
42.84484,45.32069,0.00192676783815671,45.3134107310285,-0.00535250113338441
42.85619,45.31703,-0.00173323216183974,45.3138865000991,-0.00487673206276341
42.86752,45.30733,-0.011433232161842,45.3142761419985,-0.00448709016330679
42.87884,45.3113,-0.00746323216183953,45.314569984774,-0.00419324738786005
42.89017,45.31656,-0.00220323216183971,45.3147703480523,-0.00399288410954519
42.90153,45.31544,-0.00332323216183994,45.3148900152626,-0.0038732168992245
42.91285,45.31896,0.000196767838154699,45.3149499523757,-0.00381327978611041
42.92419,45.31667,-0.00209323216184032,45.3149763033685,-0.00378692879339176
42.93551,45.31028,-0.00848323216184355,45.3149966181086,-0.00376661405329313
42.94684,45.32038,0.00161676783815778,45.3150355251501,-0.00372770701174515
42.95816,45.31041,-0.00835323216184491,45.3151104228426,-0.00365280931921341
42.9695,45.31211,-0.00665323216184532,45.3152279970672,-0.00353523509468997
42.98083,45.31623,-0.00253323216184498,45.3153824032119,-0.00338082894995123
42.99218,45.30678,-0.0119832321618389,45.3155557719392,-0.00320746022267813
43.00352,45.31923,0.000466767838155135,45.3157213017949,-0.00304193036697411
43.01483,45.31774,-0.00102323216184175,45.3158486141436,-0.00291461801824973
43.02615,45.31593,-0.00283323216184073,45.3159104027566,-0.00285282940528451
43.03747,45.31971,0.00094676783815828,45.315888935898,-0.00287429626382119
43.04882,45.32372,0.00495676783815924,45.3157808517489,-0.0029823804129245
43.06012,45.31756,-0.00120323216184204,45.3155989733531,-0.00316425880877767
43.07145,45.31593,-0.00283323216184073,45.3153705143998,-0.00339271776208413
43.08279,45.30627,-0.0124932321618445,45.3151319632266,-0.00363126893524901
43.09411,45.31573,-0.00303323216184026,45.3149218576626,-0.00384137449924862
43.10541,45.31186,-0.00690323216183941,45.3147731867681,-0.00399004539377383
43.11673,45.31561,-0.00315323216184282,45.3147070523212,-0.00405617984066223
43.12807,45.31322,-0.00554323216184116,45.3147286778641,-0.00403455429770705
43.13941,45.31439,-0.00437323216183927,45.3148262495584,-0.00393698260345383
43.15074,45.30985,-0.00891323216184503,45.314972634037,-0.00379059812486481
43.16204,45.31478,-0.00398323216184338,45.3151297053864,-0.0036335267754199
43.17336,45.31987,0.00110676783815933,45.3152546790946,-0.00350855306724967
43.1847,45.3189,0.00013676783815697,45.3153074471066,-0.00345578505522871
43.19603,45.31325,-0.00551323216184585,45.3152575962844,-0.00350563587742455
43.20735,45.31918,0.000416767838160581,45.3150898061,-0.00367342606188559
43.21868,45.31593,-0.00283323216184073,45.3148066872676,-0.00395654489422386
43.22997,45.31429,-0.00447323216184259,45.3144286377185,-0.00433459444336339
43.24129,45.31905,0.000286767838154844,45.3139907815245,-0.00477245063738583
43.25262,45.31072,-0.00804323216183889,45.3135375031968,-0.00522572896506073
43.26396,45.30803,-0.0107332321618401,45.3131155183669,-0.00564771379491314
43.27529,45.30758,-0.0111832321618408,45.3127667657526,-0.00599646640922938
43.28662,45.31479,-0.0039732321618402,45.3125224810866,-0.00624075107520139
43.29795,45.30856,-0.0102032321618424,45.3123994625389,-0.00636376962291438
43.3093,45.31674,-0.00202323216183942,45.3123988517725,-0.00636438038930652
43.32063,45.31577,-0.00299323216184177,45.3125070655362,-0.00625616662567578
43.33198,45.3152,-0.00356323216184506,45.3126981220661,-0.00606511009572256
43.34332,45.30853,-0.0102332321618448,45.3129366280084,-0.00582660415347146
43.35461,45.31155,-0.00721323216184544,45.3131810440803,-0.00558218808155863
43.36594,45.31501,-0.00375323216184142,45.313387266585,-0.00537596557680485
43.37726,45.30508,-0.0136832321618456,45.3135127405915,-0.00525049157029699
43.3886,45.32111,0.00234676783815502,45.3135211541518,-0.00524207801003192
43.39993,45.31039,-0.00837323216184416,45.3133873815944,-0.0053758505674927
43.41124,45.31943,0.000666767838154669,45.3131019546275,-0.00566127753435016
43.42257,45.3149,-0.00386323216184081,45.3126741384142,-0.00608909374764608
43.43389,45.30885,-0.0099132321618427,45.3121328112265,-0.00663042093537793
43.44522,45.31351,-0.00525323216184148,45.3115247657925,-0.00723846636930321
43.45655,45.31321,-0.00555323216184433,45.3109105684277,-0.00785266373409929
43.46788,45.30378,-0.0149832321618391,45.3103585088477,-0.00840472331417385
43.4792,45.31255,-0.00621323216184066,45.3099373721188,-0.00882586004301129
43.49054,45.31295,-0.0058132321618416,45.3097088012333,-0.00905443092851453
43.50186,45.31365,-0.00511323216183968,45.3097199519098,-0.00904328025202481
43.5132,45.30136,-0.0174032321618398,45.3099970970453,-0.00876613511653306
43.5245,45.30458,-0.0141832321618409,45.3105409565524,-0.00822227560942127
43.53584,45.31085,-0.00791323216184026,45.3113246811396,-0.00743855102219377
43.54713,45.31532,-0.0034432321618425,45.3122952301909,-0.0064680019709545
43.55848,45.3144,-0.0043632321618432,45.3133782249369,-0.00538500722497452
43.56984,45.31244,-0.00632323216184005,45.3144855930707,-0.00427763909111891
43.58119,45.31612,-0.00264323216184437,45.3155248914156,-0.00323834074620686
43.59253,45.31771,-0.00105323216184416,45.316409148413,-0.0023540837488255
43.60387,45.31743,-0.00133323216184067,45.3170661604446,-0.00169707171725252
43.61522,45.32093,0.00216676783815473,45.3174462473501,-0.00131698481172169
43.62655,45.31884,7.67678381592418e-05,45.3175275729436,-0.00123565921827896
43.63789,45.3155,-0.00326323216184221,45.3173183608815,-0.00144487128033888
43.64924,45.3201,0.00133676783815417,45.3168556871005,-0.00190754506132696
43.66057,45.32236,0.00359676783816099,45.3162009224359,-0.00256230972593154
43.6719,45.31088,-0.00788323216184494,45.3154322736885,-0.00333095847337474
43.68324,45.31232,-0.00644323216184262,45.3146352696067,-0.00412796255514697
43.69456,45.30948,-0.00928323216184168,45.3138924599002,-0.00487077226168401
43.7059,45.31438,-0.00438323216184244,45.3132738386112,-0.00548939355061581
43.71721,45.30927,-0.00949323216184439,45.3128293453051,-0.00593388685674794
43.72852,45.31517,-0.00359323216184038,45.3125842907916,-0.00617894137021985
43.73983,45.3092,-0.00956323216184529,45.3125379690771,-0.00622526308469934
43.75118,45.31728,-0.00148323216184565,45.3126652638165,-0.00609796834532648
43.7625,45.30932,-0.00944323216184273,45.3129207844715,-0.00584244769034917
43.77382,45.31344,-0.00532323216184238,45.3132449454225,-0.00551828673938848
43.78514,45.31087,-0.00789323216184101,45.3135713710123,-0.00519186114952679
43.79646,45.31293,-0.00583323216184084,45.3138349683391,-0.00492826382278447
43.8078,45.32331,0.004546767838157,45.3139798643121,-0.00478336784977446
43.81913,45.3139,-0.00486323216184559,45.3139662008236,-0.00479703133829247
43.83044,45.31225,-0.00651323216184352,45.313774741445,-0.00498849071680883
43.84175,45.31546,-0.0033032321618407,45.313408546757,-0.00535468540483199
43.8531,45.31454,-0.00422323216184139,45.3128915194169,-0.00587171274496073
43.86443,45.31229,-0.00647323216184503,45.3122641201837,-0.00649911197812204
43.87575,45.31673,-0.00203323216184259,45.3115768928341,-0.00718633932777757
43.88707,45.30443,-0.0143332321618388,45.3108827185358,-0.00788051362603493
43.89844,45.30387,-0.0148932321618389,45.3102290316221,-0.00853420053973694
43.90977,45.30666,-0.0121032321618415,45.3096514405772,-0.00911179158466884
43.9211,45.30999,-0.00877323216184323,45.3091700453868,-0.00959318677498908
43.93245,45.30705,-0.0117132321618456,45.3087891044013,-0.00997412776054915
43.94379,45.30691,-0.0118532321618403,45.308499804809,-0.0102634273528117
43.95511,45.31849,-0.000273232161845272,45.3082851125191,-0.0104781196427782
43.96643,45.31326,-0.00550323216184267,45.3081252501089,-0.0106379820529094
43.97777,45.30357,-0.0151932321618418,45.3080023695218,-0.010760862640092
43.98912,45.30479,-0.0139732321618453,45.3079034910194,-0.0108597411424854
44.00046,45.30735,-0.0114132321618428,45.307821566994,-0.0109416651678015
44.01178,45.31107,-0.00769323216184148,45.3077551182102,-0.011008113951602
44.02307,45.30935,-0.00941323216184031,45.3077069877566,-0.0110562444052721
44.03443,45.30676,-0.0120032321618453,45.307682578592,-0.0110806535698144
44.04575,45.30291,-0.0158532321618452,45.3076878740414,-0.0110753581204433
44.05708,45.3065,-0.0122632321618426,45.3077276664626,-0.0110355656992119
44.06841,45.30664,-0.0121232321618407,45.3078044868897,-0.0109587452721044
44.07974,45.31146,-0.00730323216184559,45.3079185154738,-0.0108447166880771
44.09107,45.30775,-0.0110132321618437,45.3080683280037,-0.0106949041581011
44.10237,45.30902,-0.00974323216184558,45.3082519713907,-0.0105112607711299
44.11367,45.31356,-0.00520323216183982,45.3084677633186,-0.0102954688431952
44.125,45.3066,-0.0121632321618392,45.3087143772602,-0.0100488549016192
44.13634,45.3088,-0.00996323216184436,45.3089900998783,-0.00977313228351314
44.14768,45.30805,-0.0107132321618408,45.3092915289227,-0.00947170323915186
44.159,45.3035,-0.0152632321618427,45.3096122843222,-0.00915094783967851
44.17033,45.3102,-0.00856323216184052,45.3099423770718,-0.00882085509003383
44.18164,45.31213,-0.00663323216183898,45.3102686393696,-0.008494592792193
44.19297,45.31908,0.000316767838157261,45.310576151605,-0.00818708055684057
44.20429,45.30753,-0.0112332321618425,45.3108501817852,-0.00791305037668488
44.21564,45.30353,-0.0152332321618402,45.311078093353,-0.00768513880883848
44.22697,45.31146,-0.00730323216184559,45.3112509913446,-0.0075122408172798
44.2383,45.31337,-0.00539323216184329,45.3113651650231,-0.00739806713872666
44.24963,45.31897,0.000206767838157873,45.3114232740221,-0.00733995813978563
44.26098,45.31161,-0.00715323216184061,45.31143486049,-0.00732837167179745
44.2723,45.31007,-0.00869323216183915,45.3114156519263,-0.00734758023551398
44.28362,45.30776,-0.0110032321618405,45.3113854873484,-0.0073777448134755
44.29495,45.3126,-0.00616323216183901,45.3113652770044,-0.00739795515743549
44.30628,45.31194,-0.00682323216184244,45.3113737551038,-0.00738947705804739
44.31758,45.30613,-0.0126332321618392,45.3114247564889,-0.00733847567290664
44.32889,45.31347,-0.00529323216183997,45.3115255100735,-0.00723772208835434
44.34021,45.31036,-0.00840323216183947,45.3116761705035,-0.0070870616583544
44.35153,45.3145,-0.00426323216183988,45.3118705319366,-0.0068927002252466
44.36287,45.31548,-0.00328323216184145,45.3120976067536,-0.00666562540820483
44.3742,45.30692,-0.0118432321618442,45.3123436240974,-0.00641960806441146
44.38555,45.31255,-0.00621323216184066,45.3125940829069,-0.00616914925490221
44.39689,45.31792,-0.000843232161841456,45.3128356752548,-0.00592755690702114
44.40822,45.30774,-0.0110232321618398,45.3130579920405,-0.00570524012129626
44.41957,45.31362,-0.00514323216184209,45.3132548929708,-0.0055083391910605
44.4309,45.3214,0.0026367678381547,45.3134253727128,-0.00533785944903264
44.44222,45.30892,-0.0098432321618418,45.313573758197,-0.00518947396483203
44.45356,45.30941,-0.00935323216184258,45.3137091525112,-0.00505407965065181
44.46489,45.31736,-0.00140323216184157,45.3138442049135,-0.00491902724834606
44.4762,45.31528,-0.00348323216184099,45.3139934167035,-0.00476981545835299
44.48753,45.3139,-0.00486323216184559,45.3141711502711,-0.00459208189075008
44.49884,45.31849,-0.000273232161845272,45.3143893926812,-0.00437383948059703
44.51019,45.31078,-0.00798323216184116,45.3146553608726,-0.00410787128921209
44.5215,45.30771,-0.0110532321618422,45.3149692532781,-0.00379397888371227
44.53282,45.32012,0.00135676783816052,45.3153226502694,-0.00344058189248996
44.54416,45.32165,0.00288676783815589,45.3156980173481,-0.00306521481377762
44.5555,45.30766,-0.0111032321618438,45.3160694708674,-0.00269376129446553
44.56682,45.31743,-0.00133323216184067,45.3164047006743,-0.00235853148755827
44.57817,45.31571,-0.0030532321618395,45.3166678984888,-0.00209533367307501
44.58952,45.31794,-0.000823232161842213,45.3168235478046,-0.00193968435724641
44.60087,45.31798,-0.000783232161843728,45.3168407751466,-0.00192245701523199
44.6122,45.31354,-0.00522323216183906,45.3166977238308,-0.00206550833107707
44.62352,45.32362,0.00485676783815592,45.3163852839299,-0.00237794823190796
44.63484,45.31629,-0.00247323216184014,45.3159095401284,-0.0028536920334575
44.64617,45.31302,-0.00574323216184069,45.3152924544851,-0.00347077767678691
44.65746,45.31194,-0.00682323216184244,45.3145705886407,-0.00419264352111371
44.66878,45.32083,0.00206676783815851,45.3137920131607,-0.00497121900116054
44.6801,45.31334,-0.0054232321618457,45.3130117810765,-0.0057514510853498
44.69143,45.30804,-0.010723232161844,45.3122864400174,-0.00647679214439944
44.70276,45.30798,-0.0107832321618417,45.3116681884214,-0.00709504374043626
44.71409,45.31035,-0.00841323216184264,45.3111994578804,-0.00756377428146713
44.72541,45.31263,-0.00613323216184369,45.3109086812137,-0.0078545509481878
44.73674,45.31771,-0.00105323216184416,45.3108076609139,-0.00795557124794236
44.7481,45.30788,-0.0108832321618451,45.3108905358843,-0.00787269627751063
44.75944,45.3038,-0.0149632321618398,45.3111342161742,-0.0076290159876363
44.77077,45.31203,-0.0067332321618423,45.3115003527856,-0.00726287937621179
44.78211,45.3121,-0.00666323216184139,45.311939076711,-0.00682415545081117
44.79346,45.31086,-0.00790323216184419,45.312394541228,-0.00636869093384677
44.8048,45.31054,-0.00822323216183918,45.3128118015696,-0.00595143059221919
44.81614,45.3213,0.00253676783815848,45.3131440784654,-0.00561915369641106
44.82746,45.31701,-0.00175323216183898,45.3133591646466,-0.00540406751520669
44.83877,45.31407,-0.00469323216184137,45.3134437177581,-0.00531951440373401
44.85008,45.31229,-0.00647323216184503,45.3134045330254,-0.00535869913642344
44.86142,45.3157,-0.00306323216184268,45.3132665663124,-0.00549666584948002
44.87275,45.31187,-0.00689323216184334,45.3130682000435,-0.00569503211837754
44.88407,45.31145,-0.00731323216184165,45.3128547394374,-0.00590849272439768
44.89537,45.3068,-0.0119632321618397,45.3126713542899,-0.00609187787191871
44.90671,45.30935,-0.00941323216184031,45.3125566883551,-0.00620654380676496
44.91806,45.32204,0.00327676783815889,45.3125381070275,-0.00622512513436953
44.92937,45.3068,-0.0119632321618397,45.3126290565263,-0.00613417563556914
44.9407,45.31218,-0.00658323216184442,45.312828497488,-0.00593473467382641
44.95204,45.31332,-0.00544323216184495,45.3131221174201,-0.00564111474173837
44.96337,45.31514,-0.00362323216184279,45.3134849907169,-0.00527824144493574
44.9747,45.31267,-0.00609323216184521,45.3138853189511,-0.00487791321071857
44.98603,45.31116,-0.00760323216184133,45.3142887825414,-0.00447444962044696
44.99736,45.32033,0.00156676783815612,45.3146629542631,-0.00410027789875893
45.00868,45.32014,0.00137676783815976,45.3149811883305,-0.00378204383129651
45.01997,45.3088,-0.00996323216184436,45.3152254211812,-0.00353781098067889
45.0313,45.31535,-0.00341323216184009,45.3153875070036,-0.00337572515828427
45.0426,45.31884,7.67678381592418e-05,45.3154690539931,-0.00329417816874128
45.05395,45.31789,-0.000873232161843873,45.3154800027085,-0.00328322945334969
45.06528,45.31432,-0.00444323216184017,45.3154362777585,-0.00332695440335966
45.07661,45.30857,-0.0101932321618392,45.3153569149947,-0.00340631716717791
45.08796,45.31424,-0.00452323216184425,45.3152612299748,-0.00350200218705968
45.09932,45.31516,-0.00360323216184355,45.3151666476581,-0.00359658450374594
45.11063,45.31529,-0.00347323216184492,45.3150875239542,-0.00367570820763201
45.12197,45.32069,0.00192676783815671,45.3150347491764,-0.00372848298539512
45.13329,45.31977,0.00100676783815601,45.3150154797772,-0.00374775238462988
45.14463,45.31718,-0.00158323216184186,45.3150322961541,-0.00373093600770018
45.15598,45.30802,-0.0107432321618433,45.3150815114104,-0.00368172075145183
45.16733,45.31248,-0.00628323216184157,45.3151510784387,-0.00361215372311021
45.17867,45.3171,-0.00166323216183883,45.3152191532741,-0.00354407888778589
45.18998,45.30013,-0.0186332321618394,45.3152544890827,-0.00350874307914786
45.20128,45.31856,-0.000203232161844369,45.315219385817,-0.00354384634480783
45.21261,45.32531,0.00654676783815944,45.3150750879413,-0.00368814422058591
45.22394,45.31834,-0.000423232161843146,45.3147885783224,-0.00397465383941294
45.23527,45.3112,-0.00756323216184285,45.3143390768423,-0.00442415531954703
45.24662,45.31696,-0.00180323216184064,45.3137226200362,-0.00504061212563229
45.25795,45.31269,-0.00607323216183886,45.3129537873914,-0.00580944477048165
45.26928,45.31611,-0.00265323216184044,45.3120644212498,-0.00669881091208339
45.28063,45.31081,-0.00795323216184585,45.3110997168938,-0.00766351526799038
45.29196,45.31393,-0.00483323216184317,45.3101124270437,-0.00865080511811033
45.30329,45.29254,-0.0262232321618399,45.309156304101,-0.0096069280608379
45.3146,45.30488,-0.0138832321618452,45.3082802232904,-0.0104830088714152
45.32594,45.31268,-0.00608323216184203,45.3075243730057,-0.0112388591561779
45.33728,45.30556,-0.0132032321618425,45.3069192187694,-0.0118440133924531
45.34863,45.30685,-0.0119132321618451,45.3064868711589,-0.0122763610029135
45.35994,45.31546,-0.0033032321618407,45.3062436145079,-0.0125196176539124
45.37128,45.30724,-0.0115232321618421,45.3062020729797,-0.0125611591821767
45.3826,45.30969,-0.00907323216183897,45.3063717747264,-0.0123914574354598
45.39394,45.31067,-0.00809323216184055,45.3067575602856,-0.0120056718762333
45.40525,45.30062,-0.0181432321618402,45.3073562028335,-0.0114070293283491
45.41659,45.29221,-0.0265532321618451,45.3081525051576,-0.0106107270042572
45.42792,45.31064,-0.00812323216184296,45.3091166362461,-0.00964659591572447
45.43923,45.31252,-0.00624323216184308,45.3102042005172,-0.00855903164461322
45.45056,45.3149,-0.00386323216184081,45.3113594696575,-0.00740376250438811
45.46188,45.31509,-0.00367323216184445,45.312520919378,-0.00624231278388968
45.47322,45.31721,-0.00155323216183945,45.3136274603395,-0.00513577182230419
45.48455,45.31783,-0.000933232161841602,45.3146238107067,-0.00413942145512042
45.49587,45.31379,-0.00497323216184498,45.3154640649558,-0.00329916720603197
45.50721,45.31657,-0.00219323216184364,45.3161132989099,-0.00264993325196816
45.51853,45.30716,-0.0116032321618391,45.316547753165,-0.00221547899679283
45.52986,45.31613,-0.00263323216184119,45.3167545435732,-0.00200868858859381
45.54117,45.31632,-0.00244323216184483,45.3167317861621,-0.00203144599976709
45.55249,45.31753,-0.00123323216184446,45.3164894910332,-0.00227374112868418
45.56383,45.32208,0.00331676783815738,45.3160508331067,-0.00271239905518978
45.57513,45.3178,-0.000963232161844019,45.3154528484996,-0.0033103836622425
45.58647,45.31419,-0.0045732321618388,45.3147455183475,-0.00401771381432536
45.5978,45.31817,-0.000593232161840263,45.3139885971913,-0.00477463497055954
45.60913,45.31247,-0.00629323216184474,45.313246203806,-0.00551702835587117
45.62048,45.30634,-0.0124232321618436,45.3125798505967,-0.00618338156511465
45.63178,45.31396,-0.00480323216184075,45.3120410629688,-0.00672216919304727
45.64314,45.30802,-0.0107432321618433,45.3116649264913,-0.00709830567058409
45.65446,45.31028,-0.00848323216184355,45.3114657495741,-0.00729748258770588
45.66579,45.31008,-0.00868323216184308,45.3114356231293,-0.00732760903258064
45.67714,45.31151,-0.00725323216184393,45.3115461632024,-0.0072170689594064
45.6885,45.30795,-0.0108132321618442,45.3117532481894,-0.00700998397240829
45.69985,45.30979,-0.00897323216184276,45.3120041308636,-0.00675910129821986
45.71118,45.32039,0.00162676783816096,45.312245897426,-0.0065173347358643
45.7225,45.31461,-0.00415323216184049,45.312433866034,-0.00632936612780513
45.73385,45.31823,-0.000533232161842534,45.3125383066464,-0.00622492551545585
45.7452,45.31406,-0.00470323216184454,45.3125480645968,-0.00621516756500658
45.75652,45.31189,-0.0068732321618441,45.3124703614759,-0.0062928706859646
45.76786,45.31066,-0.00810323216184372,45.31232700106,-0.00643623110182847
45.77921,45.31023,-0.00853323216184521,45.3121480627592,-0.00661516940259409
45.79055,45.30623,-0.012533232161843,45.3119646562,-0.00679857596187289
45.80186,45.31201,-0.00675323216184154,45.3118023502702,-0.00696088189166053
45.81318,45.31422,-0.00454323216184349,45.311676536076,-0.00708669608588988
45.82451,45.30438,-0.0143832321618405,45.3115904043512,-0.00717282781068012
45.83584,45.31444,-0.00432323216184471,45.3115356364252,-0.00722759573661822
45.84717,45.30841,-0.0103532321618403,45.311495454678,-0.0072677774838523
45.8585,45.3171,-0.00166323216183883,45.311449317431,-0.0073139147308616
45.86984,45.31294,-0.00582323216184477,45.3113782350071,-0.00738499715470947
45.88117,45.31476,-0.00400323216184262,45.3112695391308,-0.00749369303100611
45.89251,45.31273,-0.00603323216184037,45.3111201077283,-0.00764312443354682
45.90384,45.30702,-0.0117432321618409,45.3109375327603,-0.00782569940155923
45.91518,45.30346,-0.0153032321618412,45.3107393294587,-0.00802390270315503
45.92654,45.31725,-0.00151323216184096,45.3105507205672,-0.00821251159460068
45.93786,45.31417,-0.00459323216184515,45.3104015600542,-0.00836167210768472
45.9492,45.31092,-0.00784323216183935,45.3103226785666,-0.00844055359526916
45.96051,45.30822,-0.0105432321618437,45.3103417454617,-0.00842148670009354
45.97187,45.31003,-0.00873323216184474,45.3104789376637,-0.00828429449813982
45.98322,45.30547,-0.0132932321618426,45.3107431116915,-0.00802012047033982
45.99456,45.30621,-0.0125532321618422,45.3111293941363,-0.00763383802558574
46.00591,45.31614,-0.00262323216184512,45.3116189186228,-0.00714431353901543
46.01723,45.31402,-0.00474323216184303,45.3121808984583,-0.00658233370355286
46.02856,45.30956,-0.00920323216184471,45.3127765858109,-0.00598664635090976
46.03989,45.31602,-0.00274323216184058,45.3133642441667,-0.00539898799512691
46.05122,45.32069,0.00192676783815671,45.313904182551,-0.00485904961081303
46.06258,45.30869,-0.0100732321618437,45.3143630582307,-0.00440017393116375
46.07393,45.31364,-0.00512323216184285,45.3147169308266,-0.00404630133519619
46.08525,45.31571,-0.0030532321618395,45.3149528815197,-0.00381035064211727
46.09658,45.32285,0.0040867678381602,45.3150692509047,-0.00369398125710491
46.10793,45.30698,-0.0117832321618394,45.3150746020906,-0.00368863007127379
46.11926,45.32253,0.0037667678381581,45.3149855353722,-0.00377769678968117
46.13059,45.30968,-0.00908323216184215,45.3148236507373,-0.00393958142453712
46.14191,45.30942,-0.00934323216183941,45.3146122064132,-0.00415102574866238
46.15324,45.31399,-0.00477323216184544,45.3143731450046,-0.00439008715720795
46.16458,45.32113,0.00236676783815426,45.3141250143087,-0.00463821785310436
46.17591,45.31422,-0.00454323216184349,45.3138819303676,-0.00488130179424714
46.18726,45.30774,-0.0110232321618398,45.3136533733403,-0.00510985882156415
46.19859,45.31152,-0.00724323216184075,45.3134445444959,-0.00531868766596451
46.20992,45.32011,0.00134676783815735,45.3132571602638,-0.00550607189802809
46.22123,45.31198,-0.00678323216184396,45.3130905890966,-0.00567264306527962
46.23254,45.31231,-0.00645323216184579,45.3129430916608,-0.00582014050103408
46.24388,45.31078,-0.00798323216184116,45.3128128644043,-0.00595036775751882
46.25518,45.31392,-0.00484323216183924,45.3126987192521,-0.0060645129097063
46.26652,45.31433,-0.0044332321618441,45.3126003683876,-0.00616286377426075
46.27787,45.31415,-0.00461323216184439,45.3125182829474,-0.00624494921446192
46.28922,45.3108,-0.00796323216184192,45.3124530640719,-0.00631016808994965
46.30051,45.31422,-0.00454323216184349,45.31240435574,-0.00635887642181771
46.31185,45.31091,-0.00785323216184253,45.3123695310328,-0.0063937011290857
46.32317,45.30667,-0.0120932321618454,45.3123425689946,-0.00642066316725528
46.33451,45.31609,-0.00267323216183968,45.3123135951879,-0.00644963697392186
46.34583,45.31042,-0.00834323216184174,45.3122694308926,-0.00649380126926506
46.35715,45.30881,-0.00995323216184119,45.31219520868,-0.00656802348188456
46.36847,45.32114,0.00237676783815743,45.3120767856442,-0.00668644651760744
46.37981,45.30466,-0.0141032321618439,45.311903450619,-0.00685978154279538
46.39115,45.32082,0.00205676783815534,45.3116703436024,-0.00709288855940515
46.40248,45.30594,-0.0128232321618427,45.3113801051681,-0.00738312699370383
46.4138,45.30811,-0.0106532321618431,45.3110435166045,-0.0077197155573545
46.42514,45.31161,-0.00715323216184061,45.3106791459957,-0.00808408616618108
46.43647,45.31635,-0.00241323216184242,45.3103121101222,-0.0084511220396394
46.4478,45.31268,-0.00608323216184203,45.3099719641709,-0.00879126799096594
46.45915,45.30353,-0.0152332321618402,45.3096896589253,-0.00907357323651766
46.47047,45.31245,-0.00631323216184398,45.3094937047079,-0.00926952745393695
46.48181,45.30771,-0.0110532321618422,45.3094060751987,-0.00935715696312538
46.49315,45.30425,-0.0145132321618391,45.3094386515572,-0.009324580604672
46.50448,45.31,-0.00876323216184005,45.309590975503,-0.00917225665887942
46.51581,45.3107,-0.00806323216184524,45.3098498070559,-0.00891342510598404
46.52715,45.31151,-0.00725323216184393,45.3101905783372,-0.00857265382462236
46.53846,45.31015,-0.00861323216184218,45.3105804346917,-0.00818279747011079
46.5498,45.30858,-0.0101832321618431,45.3109823207255,-0.00778091143637306
46.56115,45.31429,-0.00447323216184259,45.311359538251,-0.00740369391080402
46.57246,45.31236,-0.00640323216184413,45.3116802480298,-0.00708298413208692
46.58379,45.31034,-0.00842323216184582,45.3119214058586,-0.00684182630324197
46.59512,45.30745,-0.0113132321618394,45.3120716430051,-0.00669158915677618
46.60648,45.3254,0.00663676783815959,45.3121326448675,-0.00663058729429961
46.61782,45.31507,-0.0036932321618437,45.3121186183678,-0.00664461379401522
46.62914,45.30996,-0.00880323216184564,45.3120535744281,-0.00670965773374784
46.64046,45.30698,-0.0117832321618394,45.311966625159,-0.00679660700288751
46.65179,45.31062,-0.00814323216184221,45.3118862619261,-0.00687697023577354
46.66312,45.30395,-0.0148132321618419,45.3118351648944,-0.00692806726747863
46.67444,45.30862,-0.0101432321618447,45.3118270625006,-0.00693616966119254
46.68578,45.31371,-0.00505323216184195,45.3118665043597,-0.00689672780215263
46.69711,45.3157,-0.00306323216184268,45.3119514220964,-0.00681181006541623
46.70843,45.31313,-0.00563323216184131,45.3120773956606,-0.00668583650123809
46.71975,45.32112,0.00235676783815819,45.3122419750145,-0.00652125714737961
46.73107,45.31363,-0.00513323216183892,45.3124474346427,-0.00631579751917254
46.74239,45.31198,-0.00678323216184396,45.3127009166842,-0.0060623154776589
46.75372,45.31298,-0.00578323216183918,45.3130118238398,-0.00575140832204653
46.76509,45.31221,-0.006553232161842,45.3133872453889,-0.00537598677298244
46.77641,45.30951,-0.00925323216183926,45.3138268421022,-0.00493639005964715
46.78774,45.30363,-0.015133232161844,45.3143188312234,-0.00444440093846817
46.79907,45.31409,-0.00467323216184212,45.3148384820491,-0.00392475011274499
46.81041,45.32215,0.00338676783815828,45.3153498463541,-0.00341338580779192
46.82175,45.3215,0.00273676783815802,45.3158104254474,-0.00295280671443694
46.83309,45.31161,-0.00715323216184061,45.316177561198,-0.00258567096387704
46.84443,45.3137,-0.00506323216184512,45.3164150310555,-0.00234820110635002
46.85574,45.32317,0.00440676783815519,45.3164986282066,-0.0022646039552253
46.86709,45.31869,-7.32321618457377e-05,45.3164199377227,-0.00234329443916755
46.87844,45.31902,0.000256767838159533,45.316187769811,-0.00257546235089248
46.88978,45.31184,-0.00692323216184576,45.3158269556072,-0.00293627655463202
46.90115,45.31963,0.000866767838154203,45.3153746691963,-0.00338856296553773
46.91246,45.3085,-0.0102632321618401,45.3148749877688,-0.00388824439306131
46.9238,45.31312,-0.00564323216184448,45.3143727629252,-0.00439046923659886
46.93512,45.31286,-0.00590323216184174,45.3139079226752,-0.00485530948664642
46.94646,45.31562,-0.00314323216183965,45.3135110830125,-0.00525214914931145
46.9578,45.3102,-0.00856323216184052,45.3132009312134,-0.00556230094841564
46.96914,45.31525,-0.0035132321618434,45.3129834309803,-0.00577980118157242
46.98049,45.31257,-0.00619323216184142,45.3128526365166,-0.00591059564521875
46.99185,45.31194,-0.00682323216184244,45.3127927923931,-0.00597043976870675
47.0032,45.31513,-0.00363323216183886,45.3127813706794,-0.00598186148245533
47.01454,45.30491,-0.0138532321618428,45.3127927091141,-0.00597052304777646
47.02584,45.31911,0.000346767838159678,45.3128019142966,-0.00596131786524908
47.03717,45.31261,-0.00615323216184294,45.3127886140345,-0.00597461812730076
47.04848,45.31869,-7.32321618457377e-05,45.3127399934858,-0.00602323867605837
47.05983,45.31461,-0.00415323216184049,45.3126524989633,-0.0061107331985151
47.07118,45.30409,-0.0146732321618401,45.3125318372161,-0.0062313949457781
47.08251,45.31242,-0.0063432321618393,45.3123914004211,-0.00637183174077085
47.09382,45.31475,-0.00401323216184579,45.3122496837005,-0.00651354846130633
47.10513,45.31785,-0.000913232161842359,45.3121273294695,-0.0066359026923666
47.11647,45.30441,-0.0143532321618451,45.3120442136706,-0.00671901849125289
47.12782,45.31042,-0.00834323216184174,45.3120168454748,-0.00674638668707435
47.13913,45.31682,-0.00194323216184245,45.3120564183938,-0.00670681376802536
47.15046,45.30602,-0.0127432321618457,45.3121678897221,-0.00659534243973768
47.16179,45.31234,-0.00642323216184337,45.3123502927732,-0.00641293938866173
47.17311,45.3103,-0.0084632321618443,45.3125981940136,-0.00616503814819678
47.18443,45.3213,0.00253676783815848,45.3129039047309,-0.00585932743098373
47.19574,45.31543,-0.00333323216184311,45.3132597727798,-0.00550345938206849
47.20708,45.31018,-0.00858323216183976,45.3136597574844,-0.00510347467747289
47.21841,45.32137,0.00260676783815939,45.3140997245163,-0.00466350764554635
47.22974,45.3064,-0.0123632321618459,45.3145764327957,-0.00418679936614972
47.24104,45.31267,-0.00609323216184521,45.3150857250499,-0.00367750711195632
47.25238,45.31615,-0.00261323216184195,45.3156207120608,-0.00314252010106094
47.26369,45.31526,-0.00350323216184023,45.3161706502158,-0.00259258194604085
47.27501,45.31864,-0.000123232161840292,45.3167208144916,-0.00204241767019323
47.2863,45.31723,-0.0015332321618402,45.3172531982103,-0.00151003395150549
47.29763,45.32476,0.00599676783815539,45.3177475827837,-0.00101564937813408
47.30897,45.31303,-0.00573323216184463,45.3181825183447,-0.000580713817146398
47.32027,45.31987,0.00110676783815933,45.3185360036374,-0.00022722852441221
47.33158,45.31573,-0.00303323216184026,45.3187860241699,2.27920080363869e-05
47.34288,45.31457,-0.00419323216183898,45.3189113887996,0.000148156637763103
47.35424,45.32053,0.00176676783815566,45.3188933069539,0.00013007479208537
47.36553,45.31716,-0.00160323216184111,45.318717843774,-4.53883878685673e-05
47.37688,45.32356,0.00479676783815819,45.3183789170792,-0.000384315082634207
47.38821,45.31821,-0.000553232161841777,45.3178810813466,-0.000882150815214555
47.39956,45.32141,0.00264676783815787,45.3172411861313,-0.00152204603049836
47.41088,45.31761,-0.00115323216184038,45.3164881845745,-0.00227504758730702
47.4222,45.31715,-0.00161323216184428,45.3156608378624,-0.00310239429946731
47.43349,45.30374,-0.0150232321618446,45.3148036576583,-0.00395957450358509
47.44481,45.32053,0.00176676783815566,45.313961940359,-0.00480129180286614
47.45613,45.30978,-0.00898323216183883,45.3131769484872,-0.00558628367468528
47.46748,45.30966,-0.00910323216184139,45.3124821037933,-0.00628112836853742
47.47885,45.31292,-0.00584323216184401,45.3119006458771,-0.00686258628471551
47.49018,45.3134,-0.00536323216184087,45.3114448111377,-0.00731842102417449
47.50149,45.31335,-0.00541323216184253,45.3111162818377,-0.00764695032413112
47.51284,45.30884,-0.00992323216184587,45.3109074761589,-0.00785575600289439
47.52418,45.31002,-0.00874323216184081,45.3108032658991,-0.00795996626272963
47.53548,45.31176,-0.00700323216184273,45.3107828796685,-0.00798035249331257
47.54683,45.31157,-0.00719323216183909,45.3108219020678,-0.00794133009404306
47.55817,45.31114,-0.00762323216184058,45.3108943123902,-0.0078689197716503
47.56952,45.30583,-0.0129332321618421,45.3109744856633,-0.00778874649853789
47.58086,45.31351,-0.00525323216184148,45.3110390750736,-0.0077241570882576
47.5922,45.31947,0.00070676783816026,45.3110686605496,-0.00769457161226652
47.60353,45.30817,-0.0105932321618454,45.3110489644947,-0.0077142676671296
47.61488,45.30782,-0.0109432321618428,45.3109714674963,-0.00779176466552258
47.62623,45.30225,-0.0165132321618415,45.3108335360436,-0.00792969611823766
47.63755,45.31355,-0.005213232161843,45.3106384700742,-0.0081247620876386
47.64889,45.31482,-0.00394323216184489,45.3103957774798,-0.00836745468201176
47.66024,45.31467,-0.00409323216184276,45.3101214444418,-0.00864178772008539
47.67159,45.31306,-0.00570323216184221,45.3098374644833,-0.00892576767856592
47.68293,45.30575,-0.013013232161839,45.3095699081219,-0.00919332403995556
47.6943,45.31298,-0.00578323216183918,45.3093453874105,-0.00941784475137974
47.70564,45.30886,-0.00990323216183953,45.3091865127718,-0.00957671939000425
47.71698,45.29802,-0.0207432321618413,45.3091074798305,-0.00965575233131437
47.72832,45.30467,-0.0140932321618408,45.3091111211867,-0.00965211097515789
47.73966,45.30846,-0.0103032321618457,45.3091885460949,-0.0095746860669661
47.75099,45.31434,-0.00442323216184093,45.309321787463,-0.00944144469885026
47.76234,45.31361,-0.00515323216184527,45.3094888402089,-0.00927439195292111
47.77366,45.31088,-0.00788323216184494,45.3096696183029,-0.00909361385898639
47.78501,45.31138,-0.00738323216184256,45.3098511370039,-0.00891209515791816
47.79632,45.31222,-0.00654323216183883,45.3100306390551,-0.00873259310673894
47.80762,45.31169,-0.00707323216184363,45.3102160762517,-0.0085471559101857
47.81895,45.30875,-0.0100132321618389,45.3104240183676,-0.00833921379426415
47.83028,45.31016,-0.008603232161839,45.3106755869731,-0.00808764518876805
47.84162,45.31049,-0.00827323216184084,45.31099138623,-0.00777184593185561
47.85295,45.30215,-0.0166132321618448,45.3113865791435,-0.00737665301834403
47.8643,45.31158,-0.00718323216184302,45.3118671733788,-0.00689605878301961
47.87564,45.32094,0.0021767678381579,45.3124281971908,-0.00633503497101658
47.88696,45.30984,-0.0089232321618411,45.313053835326,-0.00570939683583228
47.89831,45.31582,-0.00294323216184011,45.3137190442485,-0.00504418791334899
47.90965,45.31491,-0.00385323216184474,45.3143919981685,-0.00437123399330666
47.92097,45.31303,-0.00573323216184463,45.3150369338745,-0.00372629828737536
47.93231,45.30981,-0.00895323216184352,45.3156172687183,-0.00314596344353334
47.94366,45.32132,0.00255676783815773,45.3160990035975,-0.00266422856430657
47.95498,45.31517,-0.00359323216184038,45.3164543101491,-0.00230892201272215
47.9663,45.31898,0.000216767838161047,45.3166649199254,-0.00209831223646552
47.97762,45.3181,-0.000663232161841165,45.3167246982728,-0.00203853388906781
47.98896,45.31799,-0.000773232161840554,45.3166407807759,-0.00212245138594704
48.00031,45.31876,-3.23216184483499e-06,45.3164328754444,-0.00233035671740491
48.01163,45.31725,-0.00151323216184096,45.3161306871127,-0.00263254504916914
48.02295,45.31172,-0.00704323216184122,45.3157698276711,-0.00299340449075711
48.03427,45.31172,-0.00704323216184122,45.3153869667792,-0.0033762653826777
48.04559,45.3162,-0.00256323216184029,45.3150152136849,-0.00374801847697871
48.05694,45.31068,-0.00808323216184448,45.3146806503989,-0.00408258176296085
48.06826,45.31296,-0.00580323216184553,45.3144005539086,-0.00436267825321103
48.07957,45.32066,0.00189676783815429,45.3141833159396,-0.00457991622226309
48.09091,45.31782,-0.000943232161844776,45.3140295939405,-0.00473363822131987
48.10226,45.31329,-0.00547323216184026,45.3139339888436,-0.0048292433182897
48.11358,45.3092,-0.00956323216184529,45.313886691885,-0.00487654027680206
48.12489,45.3082,-0.010563232161843,45.3138750003517,-0.00488823181013398
48.13626,45.31681,-0.00195323216184562,45.3138849824889,-0.00487824967291486
48.14762,45.31493,-0.0038332321618455,45.3139035017584,-0.00485973040340958
48.15893,45.32178,0.00301676783815452,45.3139203422028,-0.00484288995908461
48.17027,45.31067,-0.00809323216184055,45.3139297506308,-0.00483348153106806
48.18158,45.31677,-0.00199323216184411,45.3139307208485,-0.00483251131335477
48.19288,45.3141,-0.00466323216183895,45.313925794871,-0.00483743729083894
48.2042,45.31108,-0.00768323216184541,45.3139187423157,-0.00484448984614043
48.21552,45.30545,-0.0133132321618419,45.3139119078001,-0.0048513243617271
48.2268,45.31894,0.000176767838155456,45.3139041422159,-0.00485908994595023
48.23815,45.31011,-0.00865323216184066,45.3138899975149,-0.00487323464697887
48.24948,45.3197,0.000936767838155106,45.3138603332205,-0.00490289894136664
48.26083,45.31253,-0.00623323216183991,45.3138039290764,-0.00495930308548796
48.27216,45.31655,-0.00221323216184288,45.3137094219468,-0.00505381021502883
48.28351,45.31631,-0.0024532321618409,45.3135669670082,-0.00519626515361104
48.29483,45.3091,-0.00966323216184151,45.3133693448361,-0.00539388732571211
48.30615,45.30894,-0.00982323216184255,45.3131126320149,-0.00565060014696834
48.31747,45.31209,-0.00667323216184457,45.3127968441617,-0.0059663880001606
48.32879,45.31324,-0.00552323216184192,45.3124269576192,-0.0063362745425975
48.34011,45.31209,-0.00667323216184457,45.3120143687516,-0.00674886341028727
48.35145,45.31198,-0.00678323216184396,45.3115783580411,-0.00718487412079161
48.36277,45.31879,2.6767838157582e-05,45.3111467761697,-0.00761645599209433
48.37408,45.31487,-0.00389323216184323,45.3107551142838,-0.0080081178780373
48.38544,45.31178,-0.00698323216184349,45.310443410101,-0.00831982206080985
48.39677,45.30102,-0.0177432321618411,45.3102510880622,-0.0085121440996627
48.4081,45.30776,-0.0110032321618405,45.3102106612811,-0.00855257088070475
48.41943,45.30881,-0.00995323216184119,45.3103417972432,-0.00842143491866321
48.43076,45.31298,-0.00578323216183918,45.3106471898191,-0.00811604234277539
48.44207,45.30722,-0.0115432321618414,45.311111066572,-0.00765216558983611
48.45339,45.31015,-0.00861323216184218,45.3117004330786,-0.00706279908326713
48.46471,45.31791,-0.00085323216184463,45.3123686373154,-0.0063945948464142
48.47606,45.31335,-0.00541323216184253,45.3130605299883,-0.00570270217355931
48.4874,45.31577,-0.00299323216184177,45.313718342424,-0.00504488973786316
48.49873,45.31236,-0.00640323216184413,45.3142874662098,-0.0044757659520385
48.51009,45.3109,-0.0078632321618457,45.3147216077059,-0.0040416244558998
48.52143,45.31595,-0.00281323216184148,45.3149871080104,-0.0037761241514838
48.53276,45.31854,-0.000223232161843612,45.3150663229781,-0.00369690918369389
48.54409,45.31425,-0.00451323216184107,45.3149598164074,-0.00380341575447696
48.55541,45.31635,-0.00241323216184242,45.3146869409031,-0.00407629125873354
48.56675,45.31524,-0.00352323216183947,45.3142843864518,-0.00447884571008539
48.57811,45.31971,0.00094676783815828,45.3138024927028,-0.00496073945907994
48.58943,45.31191,-0.00685323216184486,45.3132994552559,-0.00546377690598003
48.60078,45.31184,-0.00692323216184576,45.3128339777442,-0.0059292544176366
48.61212,45.30681,-0.0119532321618436,45.3124574115909,-0.00630582057091593
48.62343,45.30716,-0.0116032321618391,45.3122068149307,-0.00655641723114597
48.63475,45.31407,-0.00469323216184137,45.3121003848887,-0.00666284727316068
48.64605,45.30523,-0.0135332321618407,45.3121362556317,-0.00662697653009484
48.65737,45.31296,-0.00580323216184553,45.3122948615046,-0.00646837065727585
48.66872,45.31981,0.00104676783815449,45.3125442173987,-0.00621901476316694
48.68007,45.31538,-0.00338323216184477,45.3128467894172,-0.00591644274461043
48.69139,45.3129,-0.00586323216184326,45.313166300213,-0.00559693194885759
48.70274,45.31892,0.000156767838156213,45.3134729778289,-0.00529025433291709
48.71406,45.31476,-0.00400323216184262,45.3137463510235,-0.00501688113835673
48.72539,45.31111,-0.00765323216184299,45.3139754528329,-0.00478777932893692
48.73672,45.30833,-0.0104332321618443,45.3141569842286,-0.00460624793322109
48.74804,45.31207,-0.00669323216184381,45.3142924541444,-0.00447077801746817
48.75937,45.31825,-0.000513232161843291,45.3143853762858,-0.00437785587602054
48.77068,45.31281,-0.0059532321618434,45.3144392194212,-0.00432401274064046
48.78202,45.31914,0.00037676783815499,45.3144562366251,-0.00430699553673724
48.79337,45.31173,-0.00703323216184515,45.3144369230736,-0.00432630908826725
48.80468,45.31139,-0.00737323216183938,45.3143798259781,-0.00438340618371857
48.81601,45.31827,-0.000493232161844048,45.314281602548,-0.00448162961379078
48.82735,45.31267,-0.00609323216184521,45.314137349392,-0.00462588276980759
48.8387,45.3152,-0.00356323216184506,45.313941215425,-0.00482201673687908
48.85005,45.31577,-0.00299323216184177,45.3136872616004,-0.00507597056148876
48.86139,45.30831,-0.0104532321618436,45.3133705707659,-0.00539266139594526
48.8727,45.30714,-0.0116232321618455,45.3129887231822,-0.00577450897969406
48.88403,45.31664,-0.00212323216184274,45.3125437787085,-0.00621945345332694
48.89536,45.31489,-0.00387323216184399,45.3120446793516,-0.00671855281023524
48.90667,45.30966,-0.00910323216184139,45.3115095453011,-0.00725368686069229
48.918,45.31778,-0.000983232161843262,45.3109669816346,-0.0077962505272486
48.92936,45.31382,-0.00494323216184256,45.3104555138041,-0.00830771835772386
48.94066,45.30746,-0.0113032321618434,45.3100206403536,-0.00874259180825208
48.952,45.31149,-0.00727323216184317,45.3097095937532,-0.00905363840863742
48.96334,45.30828,-0.0104832321618389,45.3095645682725,-0.00919866388935048
48.97466,45.30247,-0.0162932321618428,45.3096157010815,-0.00914753108036139
48.98597,45.3093,-0.00946323216184197,45.3098753053373,-0.00888792682450336
48.99734,45.30556,-0.0132032321618425,45.3103346860192,-0.00842854614267434
49.00868,45.31131,-0.00745323216184346,45.3109643407357,-0.00779889142614639
49.02,45.31445,-0.00431323216184154,45.3117175808338,-0.00704565132802053
49.0313,45.3109,-0.0078632321618457,45.3125368386282,-0.00622639353362523
49.04263,45.31889,0.000126767838160902,45.3133613931942,-0.00540183896763186
49.05397,45.31548,-0.00328323216184145,45.3141350663638,-0.00462816579801877
49.06532,45.31547,-0.00329323216184463,45.3148125937018,-0.0039506384600048
49.07666,45.31681,-0.00195323216184562,45.3153637733723,-0.00339945878949789
49.088,45.3161,-0.00266323216184361,45.3157750168382,-0.00298821532359996
49.09937,45.31324,-0.00552323216184192,45.3160484263853,-0.00271480577653225
49.1107,45.31625,-0.00251323216184574,45.3161988898708,-0.00256434229100364
49.12204,45.32024,0.00147676783815598,45.3162498609137,-0.00251337124813073
49.13335,45.31402,-0.00474323216184303,45.3162285062271,-0.00253472593474522
49.14465,45.31265,-0.00611323216184445,45.3161608602783,-0.00260237188357738
49.15598,45.31408,-0.0046832321618453,45.3160676265479,-0.00269560561390223
49.16732,45.32108,0.00231676783815971,45.3159612370672,-0.00280199509459929
49.17867,45.31219,-0.00657323216184125,45.3158445990937,-0.00291863306810951
49.18999,45.31145,-0.00731323216184165,45.3157116711203,-0.00305156104158785
49.20133,45.31915,0.000386767838158164,45.3155497783306,-0.00321345383120398
49.21267,45.31324,-0.00552323216184192,45.3153433998008,-0.00341983236107005
49.22399,45.3124,-0.00636323216184564,45.3150789269029,-0.00368430525896008
49.23536,45.32301,0.00424676783815414,45.3147496189383,-0.00401361322352999
49.24669,45.31156,-0.00720323216184227,45.3143597852943,-0.00440344686753767
49.25803,45.31801,-0.000753232161841311,45.3139271948019,-0.00483603735998046
49.26936,45.31949,0.000726767838159503,45.3134829108833,-0.0052803212784985
49.28071,45.31161,-0.00715323216184061,45.3130681872084,-0.00569504495346545
49.29203,45.31151,-0.00725323216184393,45.3127286747888,-0.00603455737302635
49.30335,45.31065,-0.00811323216183979,45.31250687167,-0.00625636049185058
49.31469,45.30688,-0.0118832321618427,45.3124342920605,-0.00632894010139323
49.32603,45.30884,-0.00992323216184587,45.3125250138157,-0.00623821834615792
49.33739,45.31172,-0.00704323216184122,45.3127719794284,-0.00599125273341554
49.34873,45.31705,-0.00171323216184049,45.3131467619725,-0.00561647018935037
49.36006,45.31213,-0.00663323216183898,45.313602698015,-0.00516053414680894
49.37137,45.31249,-0.0062732321618455,45.3140806372759,-0.00468259488594342
49.38272,45.31748,-0.00128323216183901,45.3145162475799,-0.00424698458192343
49.39404,45.31604,-0.00272323216184134,45.3148477728136,-0.00391545934821765
49.40535,45.31591,-0.00285323216183997,45.3150232022389,-0.00374002992291705
49.41666,45.31864,-0.000123232161840292,45.3150059338468,-0.0037572983150718
49.428,45.31878,1.67678381544079e-05,45.3147782686668,-0.00398496349506759
49.43936,45.305,-0.0137632321618426,45.3143424796166,-0.00442075254527569
49.45067,45.31516,-0.00360323216184355,45.313719680525,-0.00504355163679625
49.46199,45.31297,-0.00579323216184235,45.3129470865416,-0.00581614562024428
49.47331,45.31322,-0.00554323216184116,45.3120743003638,-0.00668893179804634
49.48462,45.31107,-0.00769323216184148,45.3111590072607,-0.00760422490112293
49.49593,45.31543,-0.00333323216184311,45.3102621960906,-0.0085010360711979
49.50726,45.3091,-0.00966323216184151,45.3094429785672,-0.00932025359462541
49.51857,45.30275,-0.0160132321618391,45.3087532785179,-0.0100099536438957
49.52989,45.30268,-0.01608323216184,45.3082329773511,-0.0105302548107269
49.54122,45.31349,-0.00527323216184072,45.3079062820254,-0.0108569501364653
49.55254,45.31046,-0.00830323216184325,45.3077798930744,-0.0109833390874374
49.56388,45.30608,-0.0126832321618409,45.3078430798435,-0.0109201523183203
49.57523,45.30289,-0.0158732321618444,45.3080694141666,-0.0106938179952258
49.58656,45.30918,-0.00958323216184453,45.3084198855155,-0.0103433466463104
49.59791,45.31228,-0.0064832321618411,45.3088471888173,-0.00991604334457279
49.60924,45.30717,-0.011593232161843,45.3093008546641,-0.00946237749769561
49.62055,45.3131,-0.00566323216184372,45.3097326482237,-0.00903058393813635
49.63189,45.31177,-0.00699323216183956,45.3101015557611,-0.0086616764007366
49.64323,45.30674,-0.0120232321618445,45.3103777994176,-0.00838543274426791
49.65458,45.31081,-0.00795323216184585,45.3105455703193,-0.00821766184253846
49.66591,45.31139,-0.00737323216183938,45.3106043979006,-0.00815883426122443
49.67727,45.31049,-0.00827323216184084,45.3105691651738,-0.00819406698802824
49.6886,45.3107,-0.00806323216184524,45.3104687313087,-0.00829450085311951
49.69995,45.31241,-0.00635323216184247,45.3103430483798,-0.00842018378203281
49.7113,45.31807,-0.000693232161843582,45.3102386712653,-0.00852456089650385
49.72264,45.30868,-0.0100832321618398,45.3102027244735,-0.00856050768834932
49.73399,45.30421,-0.0145532321618447,45.3102757721342,-0.00848746002763423
49.74532,45.30887,-0.00989323216184346,45.3104845938142,-0.00827863834768159
49.75668,45.30875,-0.0100132321618389,45.3108363076513,-0.00792692451049816
49.76804,45.30653,-0.0122332321618401,45.3113152661327,-0.00744796602913851
49.77934,45.31322,-0.00554323216184116,45.3118836461692,-0.00687958599265086
49.79066,45.30624,-0.0125232321618398,45.3124859132284,-0.00627731893349355
49.80201,45.31928,0.000516767838156795,45.3130565886755,-0.00570664348635057
49.81332,45.31415,-0.00461323216184439,45.3135300955747,-0.00523313658715043
49.82467,45.31807,-0.000693232161843582,45.31385099995,-0.00491223221186403
49.836,45.31412,-0.00464323216183971,45.3139828385789,-0.00478039358295524
49.84734,45.31882,5.6767838159999e-05,45.3139139893326,-0.00484924282927028
49.8587,45.31757,-0.00119323216183886,45.3136595947855,-0.00510363737630989
49.87003,45.3119,-0.00686323216184093,45.3132592409119,-0.00550399124990604
49.88138,45.30936,-0.00940323216184424,45.3127708342597,-0.00599239790216586
49.89272,45.31362,-0.00514323216184209,45.3122618173137,-0.00650141484811635
49.90404,45.30655,-0.0122132321618409,45.3117993227574,-0.00696390940447879
49.91536,45.3084,-0.0103632321618434,45.311440942414,-0.00732228974782267
49.9267,45.30994,-0.00882323216184489,45.3112274989494,-0.00753573321245636
49.93803,45.31254,-0.00622323216184384,45.3111786759908,-0.00758455617103596
49.94937,45.31473,-0.00403323216184504,45.3112917202857,-0.00747151187609577
49.96071,45.30844,-0.0103232321618449,45.3115428738951,-0.00722035826677486
49.97205,45.3178,-0.000963232161844019,45.3118909244503,-0.00687230771158005
49.98337,45.30526,-0.0135032321618453,45.3122823089801,-0.00648092318173697
49.99471,45.30505,-0.0137132321618409,45.3126574031833,-0.00610582897850764
50.00605,45.31746,-0.00130323216184536,45.3129577135504,-0.0058055186114146
50.01737,45.31815,-0.000613232161839505,45.3131334492271,-0.00562978293471133
50.02872,45.32218,0.00341676783816069,45.3131504360571,-0.00561279610476689
50.04005,45.31304,-0.00572323216184145,45.3129949880458,-0.0057682441160066
50.05138,45.30843,-0.010333232161841,45.3126756436,-0.00608758856186305
50.06271,45.30862,-0.0101432321618447,45.3122215608363,-0.00654167132551518
50.07405,45.31269,-0.00607323216183886,45.3116782725529,-0.00708495960895495
50.08537,45.31542,-0.00334323216183918,45.3111018866388,-0.00766134552302528
50.0967,45.3061,-0.0126632321618416,45.3105526637562,-0.00821056840560386
50.10805,45.31234,-0.00642323216184337,45.3100886113599,-0.00867462080191846
50.11937,45.30568,-0.0130832321618399,45.3097596133617,-0.00900361880014058
50.13071,45.30917,-0.0095932321618406,45.3096026199857,-0.00916061217609501
50.14202,45.31334,-0.0054232321618457,45.3096383538561,-0.00912487830577953
50.15333,45.30329,-0.0154732321618454,45.3098697868394,-0.00889344532243383
50.16466,45.31506,-0.00370323216183976,45.3102824043064,-0.00848082785548621
50.17598,45.30797,-0.0107932321618449,45.3108460887081,-0.00791714345370253
50.18732,45.31301,-0.00575323216184387,45.3115183206783,-0.007244911483507
50.19864,45.31112,-0.00764323216183982,45.3122482885054,-0.00651494365645251
50.20997,45.31849,-0.000273232161845272,45.3129814302569,-0.00578180190493244
50.22134,45.31177,-0.00699323216183956,45.3136639386252,-0.00509929353663645
50.23265,45.31001,-0.00875323216184398,45.3142468679959,-0.00451636416595548
50.24397,45.31666,-0.00210323216184349,45.3146896796072,-0.00407355255468564
50.25528,45.31301,-0.00575323216184387,45.3149632086828,-0.0038000234790645
50.26662,45.31874,-2.32321618440778e-05,45.3150519928599,-0.00371123930190711
50.27793,45.31292,-0.00584323216184401,45.3149557118478,-0.00380752031408963
50.28924,45.32108,0.00231676783815971,45.314689350785,-0.00407388137688908
50.30056,45.31673,-0.00203323216184259,45.3142817528485,-0.00448147931338479
50.31189,45.3108,-0.00796323216184192,45.3137725003141,-0.00499073184777843
50.32322,45.30518,-0.0135832321618423,45.3132075185815,-0.00555571358033517
50.33451,45.31185,-0.00691323216184259,45.312634248974,-0.00612898318786248
50.34584,45.31818,-0.000583232161844194,45.3120973548941,-0.00666587726773889
50.35718,45.30859,-0.01017323216184,45.3116355637189,-0.00712766844291673
50.3685,45.31102,-0.00774323216184314,45.3112796890539,-0.00748354310792779
50.37983,45.31363,-0.00513323216183892,45.3110515428107,-0.00771168935118566
50.39116,45.3131,-0.00566323216184372,45.3109634254298,-0.00779980673200064
50.40248,45.30449,-0.0142732321618411,45.3110179992863,-0.00774523287555692
50.41383,45.31611,-0.00265323216184044,45.311208486394,-0.00755474576784172
50.42514,45.30946,-0.00930323216184092,45.3115192439287,-0.0072439882331107
50.43646,45.31156,-0.00720323216184227,45.3119267965469,-0.00683643561496747
50.4478,45.30807,-0.0106932321618416,45.3124013379855,-0.00636189417634427
50.45915,45.31808,-0.000683232161840408,45.3129086077605,-0.00585462440132981
50.47049,45.31689,-0.00187323216184154,45.3134119065991,-0.00535132556271895
50.48182,45.31524,-0.00352323216183947,45.3138738801059,-0.00488935205590203
50.49314,45.31575,-0.00301323216184102,45.3142577557186,-0.00450547644328193
50.50446,45.30885,-0.0099132321618427,45.3145280871853,-0.00423514497652383
50.51579,45.30987,-0.00889323216184579,45.3146515811904,-0.00411165097147507
50.5271,45.30538,-0.0133832321618428,45.3145988846223,-0.00416434753957732
50.53842,45.3168,-0.00196323216184169,45.3143479832961,-0.00441524886574329
50.54975,45.32222,0.00345676783815918,45.3138890513442,-0.00487418081766681
50.56108,45.32251,0.00374676783815886,45.3132295295183,-0.00553370264356375
50.5724,45.31381,-0.00495323216184573,45.3123975393936,-0.00636569276829351
50.58373,45.30975,-0.00901323216184124,45.3114419744962,-0.0073212576656362
50.59508,45.30889,-0.00987323216184421,45.3104286642498,-0.00833456791208331
50.60644,45.31091,-0.00785323216184253,45.309433241862,-0.00932999029984787
50.61776,45.30751,-0.0112532321618417,45.3085321529502,-0.0102310792116418
50.62909,45.30077,-0.0179932321618423,45.3077934933061,-0.0109697388557943
50.6404,45.30625,-0.0125132321618437,45.3072692727386,-0.011493959423237
50.65173,45.30371,-0.01505323216184,45.3069904006608,-0.0117728315010712
50.66305,45.30875,-0.0100132321618389,45.3069651517071,-0.011798080454697
50.6744,45.30294,-0.0158232321618428,45.3071811459346,-0.011582086227191
50.68574,45.31266,-0.00610323216184128,45.307610170655,-0.0111530615068764
50.69708,45.30888,-0.00988323216184028,45.3082146583036,-0.0105485738582465
50.70844,45.31433,-0.0044332321618441,45.3089543827873,-0.00980884937451257
50.71977,45.31332,-0.00544323216184495,45.3097919849644,-0.00897124719743346
50.73111,45.31123,-0.00753323216184043,45.3106963271945,-0.00806690496738314
50.74242,45.30901,-0.00975323216184165,45.311643359686,-0.00711987247587263
50.75373,45.30396,-0.0148032321618459,45.3126149545981,-0.00614827756376755
50.76505,45.3117,-0.00706323216184046,45.3135966984101,-0.0051665337517581
50.77638,45.32277,0.00400676783815612,45.3145756320089,-0.00418760015295561
50.7877,45.32156,0.00279676783815574,45.3155384039021,-0.00322482825979098
50.79902,45.31411,-0.00465323216184288,45.3164697148787,-0.0022935172830911
50.81035,45.3103,-0.0084632321618443,45.3173508427751,-0.00141238938671403
50.82167,45.31526,-0.00350323216184023,45.3181584922616,-0.000604739900225565
50.83299,45.32461,0.00584676783815752,45.3188646621237,0.000101429961893887
50.84429,45.31035,-0.00841323216184264,45.3194381551266,0.000674922964716325
50.85561,45.32072,0.00195676783815912,45.3198478440956,0.00108461193372016
50.86693,45.32664,0.00787676783815527,45.32006723074,0.00130399857813632
50.87824,45.32017,0.00140676783815508,45.3200793929197,0.00131616075784724
50.88957,45.32373,0.00496676783815531,45.3198811783608,0.00111794619892818
50.90089,45.31959,0.000826767838155718,45.3194855951528,0.000722362991002458
50.91223,45.31881,4.67678381568248e-05,45.3189217998625,0.000158567700703298
50.92357,45.31663,-0.00213323216183881,45.3182326844497,-0.000530547712147592
50.93491,45.32204,0.00327676783815889,45.3174705572753,-0.00129267488651462
50.94622,45.31101,-0.00775323216183921,45.3166916968481,-0.00207153531376186
50.95754,45.31051,-0.00825323216184159,45.3159506669632,-0.0028125651986567
50.96889,45.31914,0.00037676783815499,45.3152952517265,-0.00346798043532295
50.98022,45.31525,-0.0035132321618434,45.3147626414519,-0.00400059070998475
50.99155,45.31566,-0.00310323216184116,45.3143770847196,-0.00438614744220005
51.00288,45.30918,-0.00958323216184453,45.3141488385941,-0.00461439356771389
51.01423,45.32068,0.00191676783816064,45.314074106961,-0.0046891252008639
51.02554,45.31668,-0.00208323216184425,45.3141357054998,-0.00462752666208795
51.03685,45.31048,-0.00828323216184401,45.3143043000569,-0.00445893210497619
51.04816,45.30924,-0.0095232321618397,45.3145402495772,-0.00422298258459108
51.0595,45.31208,-0.00668323216184064,45.3147963237644,-0.00396690839741084
51.07083,45.31339,-0.00537323216184404,45.3150216025951,-0.00374162956675188
51.08216,45.32727,0.00850676783815629,45.315166478477,-0.00359675368486605
51.09345,45.31687,-0.00189323216184079,45.3151880622978,-0.00357516986402364
51.10478,45.30918,-0.00958323216184453,45.3150549527414,-0.00370827942046934
51.1161,45.31401,-0.00475323216183909,45.3147505850803,-0.00401264708154304
51.12744,45.31452,-0.00424323216184064,45.3142749867092,-0.00448824545260692
51.13877,45.31317,-0.00559323216184282,45.3136451771547,-0.00511805500718018
51.1501,45.31449,-0.00427323216184305,45.3128944166039,-0.00586881555793486
51.16143,45.31383,-0.00493323216183938,45.3120702619541,-0.00669297020777701
51.17276,45.31427,-0.00449323216184183,45.311231249026,-0.00753198313584042
51.1841,45.30703,-0.0117332321618449,45.3104421006026,-0.00832113155924634
51.1954,45.31482,-0.00394323216184489,45.30976762463,-0.00899560753184124
51.20672,45.30936,-0.00940323216184424,45.3092658127658,-0.00949741939604176
51.21804,45.30106,-0.0177032321618427,45.3089809733924,-0.00978225876949387
51.22936,45.30894,-0.00982323216184255,45.3089379689211,-0.00982526324077391
51.24068,45.30398,-0.0147832321618395,45.3091386729019,-0.00962455925993891
51.25202,45.30624,-0.0125232321618398,45.3095614687061,-0.00920176345571712
51.26331,45.31941,0.000646767838155426,45.3101639610063,-0.00859927115555885
51.27462,45.31042,-0.00834323216184174,45.3108882908353,-0.00787494132654377
51.28593,45.30981,-0.00895323216184352,45.3116678864571,-0.00709534570470091
51.29727,45.31977,0.00100676783815601,45.3124343864306,-0.00632884573122948
51.30862,45.31079,-0.00797323216184509,45.3131237857355,-0.0056394464263
51.31996,45.3092,-0.00956323216184529,45.3136813258802,-0.00508190628167605
51.33125,45.31495,-0.00381323216183915,45.3140650678299,-0.00469816433195788
51.34259,45.31627,-0.00249323216183939,45.3142483275962,-0.00451490456560456
51.35394,45.30989,-0.00887323216183944,45.3142211396123,-0.00454209254949036
51.36528,45.31952,0.000756767838154815,45.3139907187522,-0.00477251340966354
51.37659,45.31644,-0.00232323216184227,45.3135807181656,-0.00518251399627433
51.38794,45.31047,-0.00829323216184008,45.3130290656937,-0.00573416646817668
51.39926,45.31229,-0.00647323216184503,45.3123843432788,-0.00637888888309104
51.4106,45.31371,-0.00505323216184195,45.311700995341,-0.00706223682083144
51.42191,45.30931,-0.0094532321618388,45.3110339523317,-0.00772927983009428
51.43323,45.3055,-0.0132632321618402,45.3104334040751,-0.00832982808673846
51.44453,45.30663,-0.0121332321618439,45.3099404482035,-0.00882278395836965
51.45583,45.31557,-0.00319323216184131,45.3095841602821,-0.00917907187972695
51.46716,45.30703,-0.0117332321618449,45.3093802466369,-0.00938298552492322
51.47849,45.31435,-0.00441323216184486,45.3093309800851,-0.00943225207676568
51.48985,45.31062,-0.00814323216184221,45.3094258672161,-0.00933736494573278
51.50118,45.31148,-0.00728323216183924,45.3096426098561,-0.00912062230569423
51.51251,45.30398,-0.0147832321618395,45.3099483178981,-0.00881491426374727
51.52385,45.30252,-0.0162432321618411,45.3103013895095,-0.00846184265229954
51.53518,45.30951,-0.00925323216183926,45.310654711226,-0.00810852093588928
51.54649,45.31559,-0.00317323216184207,45.3109605746332,-0.00780265752867445
51.55783,45.31219,-0.00657323216184125,45.3111769683801,-0.00758626378170332
51.56917,45.32022,0.00145676783815674,45.3112741039215,-0.00748912824036162
51.58049,45.30641,-0.0123532321618427,45.3112396906525,-0.00752354150933867
51.59182,45.31387,-0.0048932321618409,45.3110817692777,-0.00768146288410479
51.60316,45.30683,-0.0119332321618444,45.3108285850385,-0.00793464712328981
51.61449,45.31355,-0.005213232161843,45.3105256117441,-0.00823762041778061
51.62583,45.31223,-0.00653323216184276,45.310230163592,-0.00853306856987451
51.63717,45.31357,-0.00519323216184375,45.310004106568,-0.00875912559380708
51.64846,45.311,-0.00776323216184238,45.3099052563578,-0.0088579758040103
51.65978,45.30761,-0.0111532321618455,45.3099783284802,-0.00878490368165826
51.67111,45.29904,-0.0197232321618444,45.3102467611976,-0.00851647096425629
51.68245,45.30551,-0.0132532321618442,45.3107070793943,-0.00805615276758394
51.69376,45.31432,-0.00444323216184017,45.3113273224273,-0.00743590973458782
51.7051,45.31464,-0.00412323216184518,45.3120502565971,-0.00671297556469483
51.71644,45.30884,-0.00992323216184587,45.3128009461755,-0.00596228598631619
51.72778,45.31347,-0.00529323216183997,45.313497339721,-0.0052658924407993
51.73911,45.31698,-0.0017832321618414,45.314062115966,-0.0047011161957945
51.75044,45.31993,0.00116676783815706,45.3144339432484,-0.00432928891340008
51.76176,45.32479,0.00602676783815781,45.3145763427613,-0.00418688940058886
51.77308,45.3119,-0.00686323216184093,45.3144826351418,-0.00428059702009519
51.7844,45.30783,-0.0109332321618396,45.3141761976023,-0.0045870345595513
51.79572,45.3154,-0.00336323216184553,45.3137063205121,-0.00505691164977873
51.80705,45.31109,-0.00767323216184224,45.3131408174451,-0.00562241471676516
51.81836,45.31276,-0.00600323216184506,45.3125568103382,-0.00620642182360207
51.82969,45.31614,-0.00262323216184512,45.3120308781667,-0.00673235399518008
51.841,45.31296,-0.00580323216184553,45.3116294321935,-0.00713379996834026
51.85235,45.30592,-0.0128432321618419,45.3114000655088,-0.00736316665306986
51.86369,45.30999,-0.00877323216184323,45.3113647512523,-0.00739848090955508
51.87505,45.30769,-0.0110732321618414,45.3115159338214,-0.00724729834041278
51.88638,45.30901,-0.00975323216184165,45.3118164866119,-0.00694674554992656
51.89772,45.3088,-0.00996323216184436,45.3122040666414,-0.00655916552040763
51.90908,45.31145,-0.00731323216184165,45.3125996797153,-0.00616355244649313
51.9204,45.31607,-0.00269323216183892,45.312919456653,-0.00584377550885092
51.93171,45.31602,-0.00274323216184058,45.3130878889061,-0.00567534325571036
51.94303,45.32325,0.00448676783815927,45.313050266095,-0.0057129660668869
51.95436,45.31805,-0.000713232161842825,45.312782018236,-0.00598121392582348
51.96569,45.30479,-0.0139732321618453,45.3122932341816,-0.00646999798024793
51.97703,45.31426,-0.00450323216184501,45.3116277025438,-0.0071355296179972
51.98835,45.31188,-0.00688323216184017,45.3108569838524,-0.0079062483094131
51.99968,45.30929,-0.00947323216184515,45.3100707974913,-0.00869243467050817
52.01104,45.30679,-0.0119732321618429,45.3093652800614,-0.00939795210042092
52.02235,45.30763,-0.0111332321618391,45.3088306824853,-0.00993254967650713
52.03368,45.31042,-0.00834323216184174,45.3085400049158,-0.0102232272460152
52.045,45.30204,-0.0167232321618442,45.3085399066338,-0.0102233255280217
52.0563,45.3089,-0.00986323216184104,45.3088449559805,-0.00991827618134236
52.06763,45.30441,-0.0143532321618451,45.3094359340222,-0.00932729813963246
52.07897,45.3102,-0.00856323216184052,45.3102624501067,-0.0085007820551329
52.09031,45.31572,-0.00304323216184343,45.3112495374724,-0.00751369468944427
52.10164,45.31033,-0.00843323216184189,45.3123072734233,-0.00645595873857123
52.11294,45.3146,-0.00416323216184367,45.3133420195271,-0.00542121263472554
52.12426,45.31222,-0.00654323216183883,45.3142677332951,-0.00449549886677377
52.13559,45.32008,0.00131676783815493,45.3150158858971,-0.0037473462647477
52.1469,45.3251,0.00633676783815673,45.315542666454,-0.00322056570779388
52.15821,45.32052,0.00175676783815959,45.3158323783684,-0.00293085379344848
52.16955,45.30666,-0.0121032321618415,45.3158964667321,-0.0028667654297242
52.18089,45.31357,-0.00519323216184375,45.3157685517827,-0.00299468037917583
52.19221,45.31425,-0.00451323216184107,45.3154968169416,-0.00326641522024624
52.20353,45.31491,-0.00385323216184474,45.3151355394244,-0.00362769273745802
52.21485,45.31479,-0.0039732321618402,45.3147372908625,-0.0040259412993321
52.22618,45.31344,-0.00532323216184238,45.3143467491103,-0.0044164830515018
52.23749,45.31339,-0.00537323216184404,45.3139965791653,-0.00476665299658959
52.24884,45.31159,-0.00717323216183985,45.3137055717914,-0.00505766037049294
52.26019,45.31039,-0.00837323216184416,45.3134790547963,-0.00528417736555543
52.27152,45.31354,-0.00522323216183906,45.3133113763588,-0.00545185580303328
52.28285,45.31958,0.000816767838159649,45.3131899402963,-0.00557329186557116
52.2942,45.31076,-0.0080032321618404,45.3130999169462,-0.00566331521560286
52.30553,45.31592,-0.0028432321618439,45.3130285528003,-0.00573467936152002
52.31685,45.3178,-0.000963232161844019,45.3129681097624,-0.00579512239940958
52.32816,45.3126,-0.00616323216183901,45.3129168422574,-0.00584638990440573
52.3395,45.30978,-0.00898323216183883,45.312877930213,-0.00588530194884192
52.35083,45.31068,-0.00808323216184448,45.3128568160928,-0.00590641606906901
52.36216,45.3159,-0.00286323216184314,45.3128577964779,-0.00590543568392058
52.37348,45.30969,-0.00907323216183897,45.3128808323892,-0.00588239977267067
52.3848,45.31028,-0.00848323216184355,45.3129193853959,-0.00584384676590877
52.39614,45.31053,-0.00823323216184235,45.3129598282535,-0.00580340390831336
52.40747,45.3168,-0.00196323216184169,45.31298269213,-0.005780540031806
52.41883,45.30915,-0.00961323216183985,45.3129656528636,-0.00579757929827764
52.43016,45.31348,-0.0052832321618439,45.3128877664912,-0.00587546567066345
52.44148,45.3164,-0.00236323216184076,45.3127341686928,-0.00602906346907985
52.45282,45.31708,-0.00168323216184518,45.3125003120481,-0.00626292011374594
52.46415,45.3133,-0.00546323216184419,45.3121948455617,-0.00656838660014979
52.47548,45.30484,-0.0139232321618437,45.3118405126221,-0.00692271953978335
52.48683,45.31083,-0.0079332321618395,45.3114729277154,-0.00729030444646947
52.49815,45.31712,-0.00164323216183959,45.3111375113269,-0.00762572083492464
52.50946,45.31332,-0.00544323216184495,45.3108849475603,-0.00787828460151699
52.52076,45.31172,-0.00704323216184122,45.3107653996318,-0.00799783253001795
52.53208,45.31228,-0.0064832321618411,45.3108217693649,-0.00794146279697816
52.54341,45.30241,-0.0163532321618405,45.3110826881809,-0.00768054398095864
52.55473,45.30595,-0.0128132321618395,45.3115564222693,-0.00720680989256191
52.56607,45.31591,-0.00285323216183997,45.3122270458012,-0.00653618636068421
52.5774,45.31422,-0.00454323216184349,45.3130538622674,-0.00570936989441993
52.58874,45.3092,-0.00956323216184529,45.3139743093677,-0.00478892279410296
52.6001,45.32023,0.00146676783815991,45.3149099021363,-0.00385333002558087
52.61142,45.30995,-0.00881323216184171,45.3157744204985,-0.00298881166333056
52.62276,45.3177,-0.00106323216184023,45.3164834369855,-0.00227979517631319
52.63408,45.31887,0.000106767838154553,45.3169642005319,-0.00179903162997018
52.64544,45.32053,0.00176676783815566,45.3171647696165,-0.00159846254529985
52.65676,45.3174,-0.00136323216184309,45.3170611984722,-0.00170203368964827
52.66809,45.32091,0.00214676783815548,45.3166616664812,-0.00210156568062711
52.67945,45.31834,-0.000423232161843146,45.3160067811358,-0.00275645102605647
52.69077,45.31455,-0.00421323216184533,45.3151658230656,-0.00359740909627879
52.70208,45.30882,-0.00994323216184512,45.3142293178812,-0.00453391428066971
52.71339,45.32069,0.00192676783815671,45.3132988725285,-0.00546435963337428
52.72472,45.30947,-0.00929323216184486,45.3124755532601,-0.00628767890173181
52.73606,45.31522,-0.00354323216184582,45.3118481874661,-0.00691504469569276
52.74738,45.29626,-0.0225032321618457,45.3114830023073,-0.00728022985456986
52.75871,45.3112,-0.00756323216184285,45.3114160396447,-0.0073471925171889
52.77006,45.31078,-0.00798323216184116,45.3116495779335,-0.00711365422831766
52.7814,45.31512,-0.00364323216184204,45.3121530994402,-0.00661013272162513
52.79274,45.31744,-0.0013232321618446,45.3128683380346,-0.00589489412725471
52.80408,45.31218,-0.00658323216184442,45.3137171533102,-0.00504607885165809
52.8154,45.31792,-0.000843232161841456,45.3146107684853,-0.00415246367650232
52.82673,45.30774,-0.0110232321618398,45.3154592013133,-0.00330403084853989
52.83805,45.31712,-0.00164323216183959,45.3161801453012,-0.0025830868606364
52.84939,45.32637,0.00760676783815484,45.3167067894065,-0.00205644275532573
52.86073,45.31264,-0.00612323216184052,45.3169940243042,-0.00176920785763481
52.87207,45.31834,-0.000423232161843146,45.3170224078791,-0.00174082428277351
52.88342,45.31581,-0.00295323216184329,45.3167994239361,-0.001963808225785
52.89476,45.31792,-0.000843232161841456,45.3163579238034,-0.00240530835848741
52.90612,45.32448,0.00571676783815889,45.3157519380669,-0.00301129409490363
52.91747,45.30388,-0.0148832321618428,45.315050227325,-0.00371300483684702
52.9288,45.31856,-0.000203232161844369,45.3143281683398,-0.00443506382203078
52.94016,45.31451,-0.00425323216184381,45.313658874829,-0.00510435733286074
52.95148,45.31116,-0.00760323216184133,45.3131046436348,-0.00565858852708869
52.96281,45.30846,-0.0103032321618457,45.3127098005758,-0.00605343158604796
52.97414,45.30867,-0.010093232161843,45.3124958909494,-0.00626734121239085
52.98549,45.3145,-0.00426323216183988,45.3124599390786,-0.0063032930832841
52.99682,45.3115,-0.00726323216183999,45.3125760843519,-0.00618714780991248
53.00815,45.31146,-0.00730323216184559,45.3128003237489,-0.00596290841295651
53.01946,45.31043,-0.00833323216184567,45.3130775665063,-0.00568566565555912
53.0308,45.32055,0.0017867678381549,45.3133498592917,-0.00541337287011686
53.0421,45.31991,0.00114676783815781,45.3135644326981,-0.00519879946369754
53.05342,45.31422,-0.00454323216184349,45.3136801900961,-0.00508304206574715
53.06475,45.31178,-0.00698323216184349,45.313671594431,-0.00509163773081193
53.0761,45.31215,-0.00661323216183973,45.3135296379579,-0.0052335942039879
53.08743,45.31252,-0.00624323216184308,45.3132603765428,-0.00550285561902639
53.09876,45.31222,-0.00654323216183883,45.3128819716034,-0.00588126055848702
53.1101,45.30835,-0.0104132321618451,45.3124212080598,-0.00634202410206381
53.12141,45.31367,-0.00509323216184043,45.3119102153313,-0.00685301683058214
53.13275,45.31041,-0.00835323216184491,45.3113837794093,-0.00737945275253569
53.14409,45.31056,-0.00820323216183994,45.3108772747727,-0.00788595738911449
53.15542,45.31583,-0.00293323216184405,45.310424936353,-0.00833829580884459
53.16673,45.31219,-0.00657323216184125,45.3100580288231,-0.00870520333871584
53.17805,45.31251,-0.00625323216183915,45.3098025402794,-0.00896069188242535
53.18939,45.30309,-0.0156732321618449,45.309676374502,-0.00908685765987697
53.20071,45.30751,-0.0112532321618417,45.3096865460019,-0.00907668615995306
53.21201,45.30213,-0.0166332321618441,45.3098272974993,-0.00893593466256093
53.22333,45.31567,-0.00309323216184509,45.3100800276672,-0.00868320449462114
53.23465,45.31297,-0.00579323216184235,45.3104153723949,-0.00834785976690455
53.24599,45.31102,-0.00774323216184314,45.3107970411529,-0.00796619100895333
53.25728,45.31081,-0.00795323216184585,45.3111865329623,-0.00757669919955932
53.26863,45.30897,-0.00979323216184014,45.3115478488383,-0.00721538332350794
53.27998,45.31661,-0.00215323216184515,45.3118515788482,-0.00691165331362685
53.29132,45.31101,-0.00775323216183921,45.3120779557969,-0.00668527636498614
53.30268,45.31636,-0.00240323216183924,45.3122185542957,-0.00654467786610249
53.31403,45.30847,-0.0102932321618425,45.3122764198609,-0.00648681230095392
53.32534,45.3111,-0.00766323216183906,45.312264639599,-0.00649859256281832
53.33666,45.31617,-0.00259323216184271,45.3122036254697,-0.00655960669212422
53.34798,45.31148,-0.00728323216183924,45.3121175210043,-0.00664571115759157
53.35933,45.30805,-0.0107132321618408,45.3120301509279,-0.00673308123398192
53.37066,45.31609,-0.00267323216183968,45.3119609266065,-0.00680230555536065
53.38195,45.31592,-0.0028432321618439,45.3119211506998,-0.00684208146202427
53.39328,45.30947,-0.00929323216184486,45.3119112091638,-0.00685202299802197
53.40461,45.30075,-0.0180132321618416,45.3119192440796,-0.0068439880822473
53.41591,45.30894,-0.00982323216184255,45.3119220565159,-0.00684117564589673
53.42722,45.30696,-0.0118032321618458,45.3118889013342,-0.00687433082762839
53.43858,45.31587,-0.00289323216184556,45.3117881694115,-0.00697506275032878
53.44991,45.31958,0.000816767838159649,45.3115958109851,-0.00716742117674231
53.46127,45.3231,0.00433676783815429,45.3113033100032,-0.00745992215864442
53.4726,45.31433,-0.0044332321618441,45.3109227011666,-0.00784053099520599
53.48394,45.30664,-0.0121232321618407,45.3104868174891,-0.00827641467273672
53.49527,45.30696,-0.0118032321618458,45.310044420927,-0.00871881123488027
53.50662,45.30659,-0.0121732321618424,45.3096514029626,-0.00911182919919992
53.51793,45.31711,-0.00165323216184277,45.3093601536489,-0.00940307851294303
53.52925,45.30155,-0.0172132321618435,45.3092093243972,-0.0095539077646472
53.54059,45.30064,-0.018123232161841,45.3092159272132,-0.00954730494868459
53.55189,45.29992,-0.0188432321618421,45.3093713687528,-0.00939186340906903
53.56322,45.30979,-0.00897323216184276,45.3096424836804,-0.00912074848140959
53.57454,45.31944,0.000676767838157843,45.3099775900332,-0.00878564212868096
53.58588,45.31631,-0.0024532321618409,45.3103161830151,-0.00844704914673951
53.59721,45.31435,-0.00441323216184486,45.3105998179669,-0.00816341419496717
53.60854,45.30876,-0.0100032321618428,45.3107816380249,-0.00798159413690425
53.61987,45.31035,-0.00841323216184264,45.3108328279635,-0.00793040419838274
53.63123,45.31673,-0.00203323216184259,45.3107453988899,-0.00801783327195071
53.64256,45.30542,-0.0133432321618443,45.3105315532363,-0.00823167892550422
53.65391,45.30733,-0.011433232161842,45.3102203276032,-0.00854290455866752
53.66525,45.31404,-0.00472323216184378,45.3098524175667,-0.00891081459516921
53.67661,45.30842,-0.0103432321618442,45.3094741286088,-0.0092891035530228
53.68795,45.30593,-0.0128332321618458,45.3091312824231,-0.00963194973875939
53.6993,45.3137,-0.00506323216184512,45.3088637515036,-0.00989948065821997
53.71063,45.30574,-0.0130232321618422,45.3087012101111,-0.0100620220507077
53.72194,45.29562,-0.0231432321618428,45.3086606505771,-0.0101025815847828
53.73327,45.31283,-0.00593323216184416,45.3087460972779,-0.010017134883945
53.74463,45.31321,-0.00555323216184433,45.3089505849513,-0.00981264721050107
53.75596,45.31466,-0.00410323216183883,45.3092598030734,-0.00950342908842276
53.76727,45.30985,-0.00891323216184503,45.3096561739913,-0.00910705817055921
53.7786,45.31099,-0.00777323216184556,45.3101220232745,-0.00864120888736858
53.78994,45.3158,-0.00296323216183936,45.3106410079176,-0.0081222242442322
53.80129,45.30284,-0.015923232161839,45.3111977260049,-0.00756550615690232
53.81261,45.31454,-0.00422323216184139,45.3117760712453,-0.00698716091658323
53.82396,45.30819,-0.010573232161839,45.3123572615923,-0.00640597056955086
53.8353,45.31159,-0.00717323216183985,45.3129185120575,-0.0058447201043139
53.84661,45.31304,-0.00572323216184145,45.3134330612195,-0.00533017094237207
53.85791,45.3144,-0.0043632321618432,45.3138718268101,-0.0048914053517751
53.86923,45.312,-0.00676323216184471,45.3142065140599,-0.00455671810195787
53.88056,45.31586,-0.00290323216184163,45.3144136343538,-0.00434959780805622
53.8919,45.31955,0.000786767838157232,45.3144786502188,-0.0042845819430316
53.90323,45.3148,-0.00396323216184413,45.3143993586615,-0.00436387350032096
53.91455,45.31108,-0.00768323216184541,45.3141877042257,-0.00457552793617539
53.92587,45.32159,0.00282676783815816,45.3138695047146,-0.00489372744726468
53.9372,45.31582,-0.00294323216184011,45.3134819862778,-0.00528124588408026
53.94854,45.30719,-0.0115732321618438,45.3130694523638,-0.00569377979804972
53.95987,45.30506,-0.0137032321618449,45.3126778487459,-0.00608538341592508
53.97121,45.31237,-0.00639323216184096,45.3123493430026,-0.00641388915928049
53.98256,45.31551,-0.00325323216183904,45.3121180130303,-0.00664521913158937
53.9939,45.31524,-0.00352323216183947,45.3120072081445,-0.00675602401737669
54.00523,45.31067,-0.00809323216184055,45.3120284693673,-0.00673476279449458
54.01654,45.30856,-0.0102032321618424,45.3121815696225,-0.00658166253931808
54.02789,45.30928,-0.00948323216184122,45.3124553347731,-0.00630789738875293
54.03923,45.32038,0.00161676783815778,45.3128290759382,-0.00593415622363843
54.05053,45.31915,0.000386767838158164,45.3132744065745,-0.00548882558734594
54.06187,45.30927,-0.00949323216184439,45.313757069008,-0.00500616315388036
54.07318,45.31262,-0.00614323216183976,45.3142385222095,-0.00452470995231045
54.08449,45.30901,-0.00975323216184165,45.3146775099758,-0.00408572218608075
54.09582,45.31554,-0.00322323216184373,45.3150322379524,-0.00373099420945855
54.10716,45.31393,-0.00483323216184317,45.3152637339575,-0.00349949820432522
54.11848,45.31555,-0.00321323216184055,45.3153404658604,-0.00342276630139526
54.12982,45.30979,-0.00897323216184276,45.3152436653925,-0.0035195667693394
54.14116,45.3286,0.00983676783815923,45.3149723065552,-0.00379092560660669
54.15252,45.32297,0.00420676783815566,45.3145463973539,-0.00421683480792302
54.16385,45.31236,-0.00640323216184413,45.3140072974443,-0.00475593471750502
54.17519,45.30338,-0.0153832321618452,45.3134143954413,-0.00534883672058086
54.18652,45.31585,-0.0029132321618448,45.3128385673536,-0.00592466480825414
54.19785,45.30911,-0.00965323216184544,45.3123537669841,-0.00640946517774151
54.20916,45.31396,-0.00480323216184075,45.3120283105687,-0.00673492159313045
54.22049,45.31237,-0.00639323216184096,45.3119170217709,-0.0068462103909731
54.23182,45.30991,-0.0088532321618402,45.3120549184292,-0.00670831373266507
54.24314,45.31118,-0.00758323216184209,45.3124528575707,-0.00631037459114627
54.25448,45.31052,-0.00824323216184553,45.3130954549487,-0.00566777721313898
54.26581,45.3213,0.00253676783815848,45.3139414793279,-0.00482175283390749
54.27715,45.31354,-0.00522323216183906,45.3149267249899,-0.00383650717190308
54.28847,45.30924,-0.0095232321618397,45.3159692121472,-0.00279402001468807
54.2998,45.3093,-0.00946323216184197,45.3169765711728,-0.00178666098907306
54.31115,45.32165,0.00288676783815589,45.3178554608901,-0.000907771271768627
54.32249,45.31642,-0.00234323216184151,45.3185225062883,-0.000240725873519901
54.33382,45.32766,0.00889676783815929,45.3189154780355,0.000152245873680992
54.34517,45.3244,0.00563676783815481,45.3190027043958,0.000239472233996109
54.35649,45.32622,0.00745676783815696,45.3187885103216,2.52781597865346e-05
54.36783,45.32299,0.0042267678381549,45.318313026529,-0.000450205632888956
54.37916,45.31149,-0.00727323216184317,45.317645888394,-0.00111734376779384
54.39049,45.31343,-0.00533323216184556,45.3168747973298,-0.0018884348320656
54.40182,45.32006,0.00129676783815569,45.3160911449127,-0.00267208724911279
54.41311,45.30384,-0.0149232321618413,45.3153754935047,-0.00338773865711316
54.42443,45.30955,-0.00921323216184078,45.3147856103512,-0.00397762181060961
54.43576,45.31116,-0.00760323216184133,45.314349164899,-0.00441406726284365
54.44707,45.31315,-0.00561323216184206,45.3140622548669,-0.00470097729496216
54.45841,45.31467,-0.00409323216184276,45.3138937044322,-0.00486952772967122
54.46973,45.3206,0.00183676783815656,45.3137938437558,-0.00496938840606436
54.48106,45.31718,-0.00158323216184186,45.3137056215069,-0.00505761065493054
54.49237,45.31754,-0.00122323216184128,45.3135756702097,-0.00518756195218341
54.50371,45.31022,-0.00854323216184127,45.3133633470007,-0.00539988516116622
54.51503,45.31641,-0.00235323216184469,45.3130465914246,-0.00571664073727034
54.52634,45.31376,-0.00500323216184029,45.312624315984,-0.00613891617784496
54.53767,45.30599,-0.012773232161841,45.3121156906721,-0.00664754148971237
54.54902,45.30956,-0.00920323216184471,45.3115570373606,-0.0072061948012767
54.56034,45.31546,-0.0033032321618407,45.3109971436981,-0.00776608846376543
54.57166,45.31555,-0.00321323216184055,45.3104916492814,-0.00827158288046326
54.58298,45.30459,-0.0141732321618449,45.3100968893371,-0.00866634282472308
54.59431,45.30853,-0.0102332321618448,45.309863492277,-0.0088997398848691
54.60563,45.31323,-0.00553323216184509,45.3098302064433,-0.00893302571851943
54.61696,45.30576,-0.013003232161843,45.310018625805,-0.008744606356875
54.62828,45.31342,-0.00534323216184163,45.3104294734953,-0.0083337586665353
54.6396,45.30684,-0.0119232321618412,45.3110409535744,-0.0077222785874103
54.65094,45.30991,-0.0088532321618402,45.3118095321313,-0.00695370003054938
54.66227,45.31044,-0.0083232321618425,45.31267334267,-0.00608988949184756
54.67361,45.31526,-0.00350323216184023,45.3135581315745,-0.00520510058734713
54.68492,45.31275,-0.00601323216184113,45.3143852464158,-0.00437798574605561
54.69624,45.31739,-0.00137323216183916,45.3150807278598,-0.0036825043020265
54.70759,45.31615,-0.00261323216184195,45.3155842458223,-0.00317898633952979
54.7189,45.31889,0.000126767838160902,45.3158565009642,-0.00290673119768747
54.73026,45.32479,0.00602676783815781,45.3158837972661,-0.00287943489573433
54.74158,45.31814,-0.000623232161842679,45.3156788073489,-0.00308442481297589
54.7529,45.31245,-0.00631323216184398,45.3152771775317,-0.00348605463015803
54.76422,45.31078,-0.00798323216184116,45.3147305383886,-0.00403269377321463
54.77553,45.30701,-0.0117532321618441,45.3140974136172,-0.0046658185446628
54.78684,45.31674,-0.00202323216183942,45.3134340027301,-0.00532922943172622
54.79815,45.31552,-0.00324323216184297,45.3127866198112,-0.00597661235059754
54.80947,45.30224,-0.0165232321618447,45.3121869305183,-0.00657630164358706
54.82079,45.30547,-0.0132932321618426,45.311650480769,-0.00711275139285995
54.83208,45.31926,0.000496767838157552,45.3111785031068,-0.00758472905507849
54.84341,45.31256,-0.0062032321618446,45.3107624168527,-0.0080008153091124
54.85472,45.31369,-0.00507323216184119,45.3103897659084,-0.00837346625342584
54.86606,45.31551,-0.00325323216183904,45.3100499446502,-0.00871328751161746
54.87738,45.30572,-0.0130432321618414,45.309738280422,-0.00902495173981098
54.88873,45.31245,-0.00631323216184398,45.3094577392366,-0.0093054929252111
54.90006,45.30498,-0.0137832321618419,45.3092183010242,-0.00954493113760151
54.9114,45.31133,-0.00743323216184422,45.3090346019487,-0.00972863021314007
54.92273,45.30735,-0.0114132321618428,45.3089226660031,-0.00984056615875167
54.93407,45.30655,-0.0122132321618409,45.308896523455,-0.00986670870686314
54.94539,45.30882,-0.00994323216184512,45.3089653722852,-0.00979785987663701
54.95675,45.30595,-0.0128132321618395,45.309131744045,-0.00963148811687782
54.96804,45.31253,-0.00623323216183991,45.3093908746462,-0.00937235751560494
54.97938,45.31115,-0.00761323216184451,45.3097311631672,-0.0090320689945935
54.9907,45.31455,-0.00421323216184533,45.3101353321652,-0.00862789999664599
55.00202,45.30499,-0.0137732321618458,45.3105818354754,-0.00818139668641906
55.01334,45.30654,-0.0122232321618441,45.3110462468354,-0.00771698532648985
55.02468,45.31559,-0.00317323216184207,45.3115026269907,-0.00726060517115071
55.036,45.31718,-0.00158323216184186,45.3119249210923,-0.00683831106957768
55.04731,45.31486,-0.0039032321618393,45.312288245497,-0.00647498666480294
55.05861,45.30627,-0.0124932321618445,45.3125698133147,-0.00619341884714216
55.06996,45.31025,-0.00851323216183886,45.3127494971585,-0.00601373500331451
55.08126,45.31322,-0.00554323216184116,45.3128104421116,-0.00595279005023349
55.09258,45.31075,-0.00801323216184358,45.3127402795838,-0.00602295257808433
55.10392,45.3112,-0.00756323216184285,45.3125331997097,-0.00623003245216352
55.11523,45.31847,-0.000293232161844514,45.3121926503122,-0.00657058184963063
55.12659,45.30518,-0.0135832321618423,45.3117340282872,-0.00702920387462629
55.1379,45.31924,0.00047676783815831,45.3111865347859,-0.0075766973759878
55.14923,45.30676,-0.0120032321618453,45.3105933754386,-0.0081698567232409
55.16058,45.31911,0.000346767838159678,45.3100096476376,-0.00875358452424953
55.17193,45.31412,-0.00464323216183971,45.309497542904,-0.00926568925789022
55.18323,45.30698,-0.0117832321618394,45.3091189688545,-0.00964426330735656
55.19455,45.30141,-0.0173532321618453,45.3089264212335,-0.00983681092834781
55.20586,45.30215,-0.0166132321618448,45.3089537405375,-0.00980949162433048
55.21719,45.30911,-0.00965323216184544,45.3092088249639,-0.00955440719791865
55.22852,45.31048,-0.00828323216184401,45.3096700754466,-0.00909315671520645
55.23986,45.30498,-0.0137832321618419,45.3102874388295,-0.00847579333236654
55.25121,45.31204,-0.00672323216183912,45.3109878903211,-0.00777534184074126
55.26253,45.31556,-0.00320323216184448,45.311684427263,-0.00707880489879754
55.27386,45.3126,-0.00616323216183901,45.3122871661974,-0.00647606596446602
55.28518,45.31503,-0.00373323216184218,45.3127148956372,-0.00604833652464542
55.29651,45.31454,-0.00422323216184139,45.3129054779955,-0.00585775416629483
55.30787,45.31274,-0.00602323216184431,45.3128238046004,-0.0059394275614147
55.31918,45.31459,-0.00417323216183973,45.3124664500174,-0.00629678214439512
55.33051,45.31317,-0.00559323216184282,45.3118626088022,-0.00690062335967907
55.34182,45.31174,-0.00702323216184197,45.3110712822007,-0.00769194996114236
55.35313,45.31228,-0.0064832321618411,45.3101750328254,-0.00858819933640252
55.36443,45.30102,-0.0177432321618411,45.3092709640427,-0.0094922681191092
55.37576,45.32143,0.00266676783815711,45.3084598732177,-0.0103033589441172
55.38711,45.29932,-0.0194432321618407,45.3078347060876,-0.0109285260742765
55.39845,45.31099,-0.00777323216184556,45.3074695215261,-0.0112937106357432
55.4098,45.3019,-0.0168632321618389,45.3074102660276,-0.0113529661342501
55.42114,45.29527,-0.0234932321618402,45.3076687413113,-0.0110944908505416
55.43247,45.30968,-0.00908323216184215,45.3082209971191,-0.0105422350427256
55.44384,45.31104,-0.0077232321618439,45.3090107531689,-0.00975247899292395
55.45518,45.31114,-0.00762323216184058,45.3099573939471,-0.00880583821473994
55.46649,45.31354,-0.00522323216183906,45.3109670033401,-0.00779622882172739
55.47784,45.321,0.00223676783815563,45.3119443028935,-0.00681892926832107
55.48915,45.31271,-0.00605323216183962,45.3128034086056,-0.00595982355620282
55.50049,45.3119,-0.00686323216184093,45.3134758996615,-0.00528733250034499
55.51182,45.31491,-0.00385323216184474,45.3139155640683,-0.00484766809354321
55.52314,45.31019,-0.00857323216184369,45.3141000447376,-0.004663187424266
55.53446,45.31118,-0.00758323216184209,45.3140301460663,-0.00473308609554117
55.54578,45.31459,-0.00417323216183973,45.3137276531766,-0.0050355789852033
55.55711,45.31532,-0.0034432321618425,45.3132322573334,-0.00553097482844973
55.56844,45.31548,-0.00328323216184145,45.3125977759092,-0.00616545625262846
55.57978,45.31367,-0.00509323216184043,45.3118875574788,-0.00687567468304575
55.59113,45.3108,-0.00796323216184192,45.3111689726623,-0.00759425949958617
55.60247,45.30521,-0.0135532321618399,45.3105072062952,-0.00825602586664481
55.61381,45.3111,-0.00766323216183906,45.3099589657814,-0.00880426638048926
55.62513,45.31096,-0.00780323216184087,45.3095669289354,-0.00919630322643067
55.63645,45.30788,-0.0108832321618451,45.3093556639191,-0.00940756824272291
55.64782,45.30953,-0.00923323216184002,45.3093295071811,-0.00943372498069882
55.65911,45.30041,-0.0183532321618429,45.3094726872614,-0.00929054490044626
55.67043,45.31113,-0.00763323216184375,45.3097518330375,-0.00901139912434669
55.68176,45.31384,-0.00492323216184332,45.3101207158326,-0.00864251632925206
55.6931,45.31394,-0.00482323216184,45.3105265690442,-0.00823666311760477
55.7044,45.31365,-0.00511323216183968,45.3109168458614,-0.007846386300476
55.71574,45.3146,-0.00416323216184367,45.3112451805585,-0.00751805160335598
55.72707,45.30449,-0.0142732321618411,45.3114757258943,-0.00728750626754774
55.73838,45.30865,-0.0101132321618422,45.3115856984945,-0.00717753366729563
55.74975,45.31666,-0.00210323216184349,45.3115664708814,-0.00719676128048647
55.76112,45.3103,-0.0084632321618443,45.3114236373858,-0.0073395947760682
55.77248,45.31069,-0.0080732321618413,45.3111762347974,-0.00758699736446718
55.78383,45.31123,-0.00753323216184043,45.3108550495984,-0.00790818256343033
55.79517,45.31503,-0.00373323216184218,45.3104998966296,-0.00826333553219867
55.80651,45.30745,-0.0113132321618394,45.3101558511902,-0.00860738097164651
55.81783,45.30774,-0.0110232321618398,45.3098685691742,-0.00889466298765088
55.82914,45.31521,-0.00355323216184189,45.3096790181068,-0.00908421405503318
55.84047,45.30949,-0.00927323216184561,45.3096181102512,-0.00914512191065601
55.8518,45.30949,-0.00927323216184561,45.3097018431373,-0.00906138902453447
55.86312,45.29915,-0.019613232161845,45.3099276871111,-0.00883554505074008
55.87447,45.3086,-0.0101632321618439,45.3102730995748,-0.00849013258699618
55.8858,45.31539,-0.0033732321618416,45.3106969378897,-0.00806629427219074
55.89714,45.30837,-0.0103932321618458,45.3111439922462,-0.00761923991563196
55.90848,45.31279,-0.00597323216184265,45.3115520806438,-0.0072111515180672
55.91982,45.31263,-0.00613323216184369,45.3118605713893,-0.00690266077251645
55.93116,45.31494,-0.00382323216184233,45.3120190008552,-0.00674423130659762
55.94246,45.31563,-0.00313323216184358,45.3119945125584,-0.00676871960339045
55.95381,45.30617,-0.0125932321618407,45.3117770484471,-0.00698618371472024
55.96516,45.31738,-0.00138323216184233,45.3113815606897,-0.00738167147218888
55.9765,45.31245,-0.00631323216184398,45.3108469077568,-0.00791632440508228
55.98781,45.31231,-0.00645323216184579,45.3102314444381,-0.00853178772372604
55.99915,45.31527,-0.00349323216184416,45.309605647882,-0.00915758427984581
56.01049,45.30019,-0.0185732321618417,45.30904257791,-0.00972065425187676
56.0218,45.30598,-0.0127832321618442,45.3086075448431,-0.0101556873187251
56.0331,45.30472,-0.0140432321618391,45.3083488037502,-0.010414428411676
56.04445,45.30123,-0.0175332321618455,45.3082910882894,-0.0104721438724068
56.05575,45.30738,-0.0113832321618403,45.3084332146005,-0.0103300175613658
56.06709,45.31804,-0.000723232161838894,45.3087499962538,-0.0100132359080009
56.07843,45.30689,-0.0118732321618396,45.3091976652326,-0.00956556692926187
56.08976,45.31592,-0.0028432321618439,45.3097212845279,-0.00904194763389322
56.1011,45.30711,-0.0116532321618408,45.3102625299213,-0.00850070224056126
56.11243,45.31514,-0.00362323216184279,45.3107666409107,-0.00799659125115158
56.12376,45.30717,-0.011593232161843,45.31118795324,-0.0075752789218105
56.13511,45.30551,-0.0132532321618442,45.3114939264025,-0.00726930575931176
56.14647,45.31354,-0.00522323216183906,45.311667822234,-0.00709540992781048
56.15776,45.31853,-0.00023323216183968,45.3117101065799,-0.00705312558197689
56.16909,45.31813,-0.000633232161845854,45.311638318396,-0.00712491376583944
56.18041,45.30831,-0.0104532321618436,45.3114849359776,-0.00727829618428372
56.19172,45.30969,-0.00907323216183897,45.3112930461228,-0.00747018603901091
56.20306,45.3066,-0.0121632321618392,45.3111103280091,-0.00765290415277492
56.21436,45.31186,-0.00690323216183941,45.3109824980315,-0.00778073413036185
56.22567,45.30539,-0.0133732321618396,45.3109475006385,-0.00781573152337815
56.23701,45.3116,-0.00716323216184378,45.3110313754551,-0.00773185670672913
56.24833,45.31805,-0.000713232161842825,45.3112461493552,-0.00751708280664649
56.25965,45.30957,-0.00919323216184154,45.3115895565874,-0.00717367557448149
56.27101,45.30976,-0.00900323216184518,45.3120460851226,-0.0067171470392535
56.28234,45.31519,-0.00357323216184113,45.3125888739629,-0.00617435819899015
56.29367,45.31336,-0.00540323216183936,45.3131822041097,-0.00558102805216851
56.30502,45.3149,-0.00386323216184081,45.3137845004988,-0.00497873166300663
56.31634,45.30423,-0.0145332321618454,45.3143518343386,-0.00441139782320812
56.32767,45.31881,4.67678381568248e-05,45.3148419335831,-0.00392129857869539
56.339,45.31597,-0.00279323216184224,45.3152185956298,-0.00354463653204418
56.35034,45.32012,0.00135676783816052,45.3154560626675,-0.00330716949436942
56.36165,45.31468,-0.00408323216183959,45.3155425443768,-0.00322068778502251
56.37299,45.3204,0.00163676783815703,45.3154819816033,-0.00328125055854583
56.38429,45.31574,-0.00302323216184419,45.315293448527,-0.00346978363488645
56.3956,45.31422,-0.00454323216184349,45.3150081300005,-0.00375510216130104
56.40693,45.3098,-0.00896323216183958,45.3146643808003,-0.00409885136151701
56.41829,45.3172,-0.00156323216184262,45.3143018156583,-0.00446141650349577
56.42963,45.31071,-0.00805323216184206,45.3139555544804,-0.00480767768141125
56.44098,45.30898,-0.00978323216184407,45.3136516193925,-0.00511161276938675
56.45234,45.31916,0.000396767838154233,45.3134041582385,-0.00535907392337213
56.46367,45.30939,-0.00937323216184183,45.3132147818302,-0.00554845033162773
56.47501,45.31399,-0.00477323216184544,45.3130739328551,-0.00568929930672182
56.48636,45.31084,-0.00792323216184343,45.3129639338041,-0.0057992983576984
56.49768,45.3138,-0.0049632321618418,45.31286321241,-0.00590001975187855
56.50901,45.3126,-0.00616323216183901,45.3127510933838,-0.00601213877799548
56.52035,45.3129,-0.00586323216184326,45.3126124102854,-0.00615082187649121
56.53167,45.32113,0.00236676783815426,45.3124410775266,-0.00632215463520264
56.54303,45.31572,-0.00304323216184343,45.3122417844557,-0.00652144770612335
56.55433,45.31016,-0.008603232161839,45.3120292707343,-0.00673396142751968
56.56566,45.30442,-0.014343232161842,45.3118252815873,-0.00693795057453628
56.57698,45.30883,-0.00993323216184194,45.3116540750038,-0.00710915715802686
56.58832,45.31184,-0.00692323216184576,45.3115377951683,-0.00722543699356342
56.59965,45.31828,-0.000483232161840874,45.3114928344112,-0.00727039775064995
56.61097,45.30793,-0.0108332321618434,45.3115276979372,-0.00723553422469233
56.6223,45.3043,-0.0144632321618445,45.3116423843801,-0.00712084778170547
56.63361,45.31586,-0.00290323216184163,45.3118291514814,-0.0069340806804425
56.64494,45.31137,-0.00739323216184573,45.3120745102396,-0.00668872192227949
56.65628,45.31243,-0.00633323216184323,45.3123620748108,-0.00640115735108205
56.66762,45.31903,0.000266767838155602,45.3126755525378,-0.00608767962403063
56.67896,45.31219,-0.00657323216184125,45.3130009802176,-0.00576225194421012
56.6903,45.3194,0.000636767838159358,45.3133274553349,-0.00543577682695399
56.70164,45.31746,-0.00130323216184536,45.3136460508286,-0.00511718133327335
56.71296,45.30434,-0.0144232321618389,45.3139472587204,-0.00481597344145137
56.72428,45.30633,-0.0124332321618397,45.3142180328258,-0.00454519933605659
56.7356,45.30819,-0.010573232161839,45.314439974891,-0.00432325727083406
56.74696,45.31631,-0.0024532321618409,45.3145900201043,-0.00417321205749369
56.75829,45.31702,-0.00174323216184291,45.3146440030307,-0.00411922913115629
56.76961,45.32178,0.00301676783815452,45.3145821576707,-0.00418107449116658
56.78097,45.32313,0.0043667678381567,45.3143946382717,-0.00436859389019341
56.79229,45.31602,-0.00274323216184058,45.3140850191971,-0.00467821296471028
56.80362,45.31239,-0.00637323216184171,45.3136704738339,-0.00509275832789747
56.81496,45.31027,-0.00849323216183961,45.3131786008426,-0.00558463131920017
56.82631,45.30076,-0.0180032321618455,45.3126420999337,-0.00612113222809603
56.83765,45.31265,-0.00611323216184445,45.3120931560435,-0.00667007611839064
56.84897,45.31232,-0.00644323216184262,45.3115592076755,-0.00720402448637721
56.86027,45.31911,0.000346767838159678,45.3110609207154,-0.00770231144648852
56.87158,45.30713,-0.0116332321618415,45.3106122105652,-0.00815102159662645
56.88291,45.30607,-0.012693232161844,45.3102216292173,-0.00854160294454988
56.89421,45.30778,-0.0109832321618413,45.3098944833189,-0.00886874884296131
56.90555,45.31305,-0.00571323216184538,45.3096352672639,-0.00912796489791534
56.91688,45.31582,-0.00294323216184011,45.3094499546462,-0.00931327751564851
56.92822,45.31165,-0.00711323216184212,45.3093474468837,-0.00941578527810388
56.93956,45.31056,-0.00820323216183994,45.3093394519334,-0.00942378022842212
56.95092,45.30672,-0.0120432321618438,45.3094385183903,-0.00932471377153054
56.96226,45.30372,-0.0150432321618439,45.3096546917925,-0.00910854036931942
56.97361,45.31186,-0.00690323216183941,45.3099918506944,-0.00877138146739723
56.98496,45.30631,-0.0124532321618389,45.3104449009969,-0.00831833116494279
56.9963,45.31091,-0.00785323216184253,45.3109986604016,-0.00776457176025164
57.00764,45.31702,-0.00174323216184291,45.3116287002954,-0.00713453186641631
57.01896,45.30935,-0.00941323216184031,45.3123039088413,-0.00645932332059362
57.0303,45.3065,-0.0122632321618426,45.3129902588894,-0.005772973272453
57.0416,45.31786,-0.000903232161839185,45.3136551940115,-0.00510803815029456
57.05294,45.31935,0.000586767838157698,45.3142719990883,-0.00449123307358437
57.06427,45.31991,0.00114676783815781,45.3148233700352,-0.00393986212660109
57.07561,45.31322,-0.00554323216184116,45.3153033343935,-0.00345989776836334
57.08693,45.31175,-0.0070132321618388,45.3157170003874,-0.00304623177444453
57.09829,45.3213,0.00253676783815848,45.3160782596693,-0.00268497249258665
57.10962,45.30736,-0.0114032321618396,45.3164061259653,-0.00235710619654528
57.12094,45.32053,0.00176676783815566,45.3167205713923,-0.00204266076951822
57.13227,45.3186,-0.000163232161838778,45.3170385732431,-0.00172465891874802
57.1436,45.31787,-0.000893232161843116,45.3173708033671,-0.00139242879478377
57.15493,45.31759,-0.00117323216183962,45.3177191703016,-0.00104406186022501
57.16624,45.31167,-0.00709323216184288,45.3180753875376,-0.000687844624251193
57.17757,45.32136,0.00259676783815621,45.3184208324533,-0.000342399708524281
57.18893,45.31772,-0.00104323216184099,45.3187279580643,-3.52740974959143e-05
57.20028,45.31989,0.00112676783815857,45.3189633011346,0.000200068972739447
57.21159,45.31452,-0.00424323216184064,45.3190918166482,0.000328584486377617
57.22292,45.32166,0.00289676783815906,45.3190820324667,0.000318800304856806
57.23426,45.32117,0.00240676783815985,45.3189113655809,0.000148133419049583
57.24558,45.32008,0.00131676783815493,45.3185708044823,-0.000192427679493033
57.25692,45.31813,-0.000633232161845854,45.3180680969701,-0.000695135191735237
57.26825,45.31998,0.00121676783815872,45.3174287109759,-0.00133452118598744
57.27957,45.31874,-2.32321618440778e-05,45.3166941533172,-0.00206907884459884
57.29091,45.32157,0.00280676783815892,45.3159176319171,-0.00284560024472924
57.30226,45.30949,-0.00927323216184561,45.3151574939707,-0.00360573819111458
57.3136,45.31009,-0.00867323216183991,45.314469385487,-0.0042938466748079
57.32493,45.31416,-0.00460323216184122,45.3138985436059,-0.00486468855594016
57.33624,45.30577,-0.0129932321618398,45.3134737843863,-0.0052894477755409
57.34759,45.31087,-0.00789323216184101,45.3132044152632,-0.00555881689866744
57.35893,45.31939,0.000626767838156184,45.3130805779052,-0.00568265425665232
57.37026,45.31128,-0.00748323216184588,45.313076665352,-0.00568656680985461
57.38159,45.32057,0.00180676783815414,45.3131567472412,-0.00560648492062881
57.39296,45.31001,-0.00875323216184398,45.3132806419897,-0.00548259017213899
57.40428,45.31109,-0.00767323216184224,45.313409462636,-0.00535376952584725
57.41563,45.31931,0.000546767838159212,45.3135099141467,-0.00525331801510925
57.42696,45.31311,-0.00565323216184055,45.3135570215683,-0.0052062105935036
57.43828,45.31304,-0.00572323216184145,45.3135352012449,-0.00522803091690574
57.44963,45.31198,-0.00678323216184396,45.3134377636005,-0.00532546856134719
57.46097,45.31807,-0.000693232161843582,45.3132651510904,-0.00549808107146056
57.47231,45.30926,-0.00950323216184046,45.3130224077372,-0.00574082442467181
57.48363,45.30779,-0.0109732321618452,45.3127164848858,-0.00604674727603143
57.49497,45.31159,-0.00717323216183985,45.3123540155802,-0.00640921658161853
57.50627,45.31792,-0.000843232161841456,45.3119400741251,-0.00682315803672559
57.51756,45.31003,-0.00873323216184474,45.311478119152,-0.00728511300985984
57.52888,45.30804,-0.010723232161844,45.3109709645101,-0.00779226765170024
57.54021,45.31094,-0.00782323216184011,45.3104224838616,-0.00834074830027942
57.55154,45.30723,-0.0115332321618453,45.309839810684,-0.00892342147787852
57.56287,45.30929,-0.00947323216184515,45.3092357937133,-0.0095274384485562
57.57418,45.31104,-0.0077232321618439,45.3086312803398,-0.0101319518219977
57.58547,45.31448,-0.00428323216183912,45.3080565371181,-0.0107066950437324
57.59679,45.31113,-0.00763323216184375,45.3075509895058,-0.0112122426560465
57.6081,45.30243,-0.0163332321618412,45.3071606666527,-0.0116025655091147
57.61944,45.30888,-0.00988323216184028,45.3069333110785,-0.0118299210833615
57.63078,45.30403,-0.014733232161845,45.3069118213795,-0.0118514107823823
57.64212,45.31168,-0.0070832321618397,45.3071271855167,-0.0116360466451811
57.65347,45.30439,-0.0143732321618444,45.3075922046997,-0.0111710274621058
57.66476,45.29729,-0.0214732321618456,45.3082972583848,-0.0104659737770405
57.67613,45.30173,-0.0170332321618432,45.3092092290089,-0.0095540031529492
57.68745,45.31834,-0.000423232161843146,45.31027430867,-0.00848892349184158
57.69877,45.31407,-0.00469323216184137,45.311424535798,-0.00733869636382784
57.71012,45.31388,-0.00488323216184483,45.3125867986618,-0.00617643349999873
57.72145,45.31931,0.000546767838159212,45.3136923254747,-0.00507090668711216
57.73281,45.31321,-0.00555323216184433,45.3146847294236,-0.00407850273828594
57.74413,45.31797,-0.000793232161839796,45.31552528684,-0.00323794532185681
57.75547,45.31919,0.00042676783815665,45.3161948823448,-0.00256834981700983
57.76682,45.31531,-0.00345323216184568,45.3166927180327,-0.00207051412909592
57.77816,45.31979,0.00102676783815525,45.3170324199241,-0.00173081223776406
57.78952,45.30839,-0.0103732321618395,45.3172366144102,-0.00152661775159466
57.80085,45.30889,-0.00987323216184421,45.3173313455688,-0.00143188659303698
57.81218,45.32354,0.00477676783815895,45.3173416807675,-0.00142155139430081
57.82352,45.31678,-0.00198323216184093,45.3172893422434,-0.00147388991847775
57.83485,45.32043,0.00166676783815944,45.3171923506982,-0.00157088146359663
57.84618,45.31984,0.00107676783815691,45.3170659484676,-0.00169728369424677
57.85753,45.31403,-0.00473323216183985,45.3169238677068,-0.00183936445506586
57.86885,45.31554,-0.00322323216184373,45.3167792738777,-0.00198395828413583
57.8802,45.32221,0.00344676783815601,45.316645115087,-0.00211811707482775
57.89155,45.31268,-0.00608323216184203,45.3165338777198,-0.00222935444205849
57.9029,45.31499,-0.00377323216184067,45.3164568580408,-0.00230637412107517
57.91421,45.31818,-0.000583232161844194,45.3164231120432,-0.00234012011859677
57.9255,45.31864,-0.000123232161840292,45.3164382720299,-0.00232496013198563
57.93683,45.31787,-0.000893232161843116,45.3165033886186,-0.00225984354320334
57.94818,45.31408,-0.0046832321618453,45.3166139491358,-0.00214928302606346
57.95953,45.31004,-0.00872323216184157,45.3167593447559,-0.00200388740596886
57.97087,45.31858,-0.000183232161845126,45.3169232117872,-0.00184002037468821
57.98223,45.31659,-0.0021732321618444,45.3170850015755,-0.00167823058637616
57.99357,45.32172,0.00295676783815679,45.3172227434135,-0.00154048874832175
58.00492,45.31683,-0.00193323216183927,45.3173164824372,-0.00144674972459998
58.01623,45.31568,-0.00308323216184192,45.3173516273923,-0.00141160476949698
58.02757,45.31872,-4.32321618433207e-05,45.3173215279009,-0.00144170426091057
58.03888,45.32391,0.0051467678381556,45.3172288430528,-0.0015343891090742
58.05021,45.30853,-0.0102332321618448,45.3170854833116,-0.00167774885024565
58.06155,45.32276,0.00399676783816005,45.3169111073425,-0.00185212481933644
58.07287,45.31561,-0.00315323216184282,45.3167303815572,-0.00203285060462156
58.08419,45.31441,-0.00435323216184003,45.3165694001242,-0.00219383203762903
58.09549,45.32093,0.00216676783815473,45.3164517551647,-0.00231147699711929
58.1068,45.31252,-0.00624323216184308,45.3163947859237,-0.00236844623814906
58.1181,45.31435,-0.00441323216184486,45.3164065749528,-0.00235665720903717
58.12945,45.31379,-0.00497323216184498,45.3164842716687,-0.0022789604931345
58.14078,45.31432,-0.00444323216184017,45.3166142151545,-0.00214901700737459
58.1521,45.31884,7.67678381592418e-05,45.3167740092588,-0.00198922290303265
58.16344,45.32224,0.00347676783815842,45.3169362129384,-0.00182701922347611
58.17476,45.31713,-0.00163323216184352,45.3170728630643,-0.00169036909758556
58.1861,45.31504,-0.00372323216183901,45.3171599011219,-0.0016033310399849
58.19743,45.31828,-0.000483232161840874,45.3171807978321,-0.00158243432978845
58.20878,45.31425,-0.00451323216184107,45.3171290520325,-0.00163418012932584
58.22011,45.31968,0.000916767838155863,45.3170094916706,-0.00175374049125805
58.23141,45.31741,-0.00135323216183991,45.3168383271411,-0.00192490502078201
58.24273,45.32037,0.00160676783815461,45.3166418263002,-0.00212140586159192
58.25405,45.31649,-0.00227323216184061,45.3164534825067,-0.00230974965510129
58.26537,45.31516,-0.00360323216184355,45.3163097389559,-0.0024534932059052
58.27668,45.31465,-0.00411323216184201,45.3162446773686,-0.00251855479325766
58.28799,45.32085,0.00208676783815775,45.3162844160556,-0.00247881610628233
58.29933,45.31347,-0.00529323216183997,45.3164421490516,-0.00232108311021968
58.31065,45.30698,-0.0117832321618394,45.3167147998928,-0.00204843226908446
58.32199,45.31139,-0.00737323216183938,45.3170822025601,-0.00168102960173461
58.33331,45.32465,0.005886767838156,45.3175094204294,-0.00125381173248521
58.34465,45.31725,-0.00151323216184096,45.3179520970475,-0.000811135114323596
58.35597,45.32041,0.0016467678381602,45.3183637941278,-0.000399438034075259
58.36731,45.3265,0.00773676783816057,45.3187036283224,-5.96038394093995e-05
58.37865,45.32162,0.00285676783816058,45.3189424879966,0.000179255834767706
58.38999,45.31615,-0.00261323216184195,45.3190666173823,0.000303385220445272
58.40133,45.31635,-0.00241323216184242,45.319078159947,0.000314927785117752
58.41266,45.31989,0.00112676783815857,45.3189930631467,0.000229830984839571
58.424,45.31478,-0.00398323216184338,45.318837235748,7.40035861976992e-05
58.43536,45.32613,0.00736676783815682,45.3186418786132,-0.000121353548636662
58.4467,45.31426,-0.00450323216184501,45.3184386659461,-0.000324566215787942
58.45806,45.3159,-0.00286323216184314,45.3182552394696,-0.000507992692234474
58.46939,45.31975,0.000986767838156766,45.3181114279319,-0.000651804229925823
58.48072,45.31445,-0.00431323216184154,45.318016611927,-0.000746620234877755
58.49205,45.32205,0.00328676783815496,45.3179685523305,-0.000794679831323629
58.5034,45.3101,-0.00866323216184384,45.3179537770162,-0.000809455145672597
58.51473,45.32767,0.00890676783815536,45.3179493828171,-0.00081384934469937
58.52606,45.31438,-0.00438323216184244,45.317925926783,-0.000837305378844838
58.5374,45.32164,0.00287676783815982,45.3178509894055,-0.000912242756379903
58.54875,45.3095,-0.00926323216184244,45.3176930548118,-0.00107017735004397
58.5601,45.3181,-0.000663232161841165,45.3174255399521,-0.00133769220973386
58.57143,45.31162,-0.00714323216184454,45.3170309013331,-0.00173233082875288
58.58277,45.32309,0.00432676783815822,45.3165045324704,-0.00225869969145423
58.59411,45.32714,0.00837676783815766,45.3158576825359,-0.00290554962593049
58.60543,45.31691,-0.0018532321618423,45.3151182423371,-0.00364498982478857
58.61676,45.31517,-0.00359323216184038,45.3143284149749,-0.00443481718695002
58.62812,45.31108,-0.00768323216184541,45.3135391666979,-0.00522406546396824
58.63945,45.30131,-0.0174532321618415,45.3128025556034,-0.00596067655840715
58.65078,45.31001,-0.00875323216184398,45.3121638941051,-0.00659933805675524
58.66209,45.31,-0.00876323216184005,45.3116557493389,-0.00710748282295087
58.67343,45.31279,-0.00597323216184265,45.31129502555,-0.00746820661182186
58.68476,45.31669,-0.00207323216184108,45.3110832301527,-0.00768000200910258
58.69612,45.30981,-0.00895323216184352,45.3110090806431,-0.00775415151875617
58.70747,45.30901,-0.00975323216184165,45.311052228108,-0.00771100405383212
58.71881,45.31281,-0.0059532321618434,45.3111870077639,-0.00757622439793784
58.73013,45.32199,0.00322676783815723,45.3113854561148,-0.00737777604699896
58.74142,45.30223,-0.0165332321618408,45.3116191225631,-0.00714410959876133
58.75277,45.31861,-0.000153232161842709,45.3118595064637,-0.0069037256981043
58.76409,45.30883,-0.00993323216184194,45.3120773820929,-0.0066858500689012
58.77543,45.30916,-0.00960323216184378,45.3122417191352,-0.0065215130266253
58.78678,45.30766,-0.0111032321618438,45.3123191499167,-0.00644408224511096
58.79815,45.3102,-0.00856323216184052,45.3122748766654,-0.00648835549648373
58.80947,45.31155,-0.00721323216184544,45.3120755330412,-0.00668769912064182
58.82081,45.31617,-0.00259323216184271,45.3116938656472,-0.00706936651466204
58.83215,45.31385,-0.00491323216184014,45.311114402739,-0.00764882942283321
58.84347,45.30642,-0.0123432321618395,45.3103388414191,-0.00842439074271148
58.85482,45.3158,-0.00296323216183936,45.3093898747167,-0.00937335744513602
58.86616,45.30981,-0.00895323216184352,45.3083124886503,-0.0104507435115175
58.8775,45.30836,-0.0104032321618419,45.3071721751147,-0.0115910570471574
58.88884,45.30357,-0.0151932321618418,45.3060499511828,-0.0127132809790036
58.90017,45.30944,-0.00932323216184017,45.3050345606823,-0.013728671479521
58.91151,45.30177,-0.0169932321618447,45.3042126835407,-0.0145505486211325
58.92283,45.30441,-0.0143532321618451,45.3036582891395,-0.0151049430223161
58.93419,45.3036,-0.0151632321618393,45.3034224526109,-0.0153407795509126
58.9455,45.30072,-0.018043232161844,45.303525067009,-0.0152381651528894
58.95684,45.29391,-0.0248532321618455,45.3039499192064,-0.0148133129554281
58.96818,45.30066,-0.0181032321618417,45.3046444523068,-0.0141187798550845
58.97952,45.29877,-0.0199932321618448,45.3055250355239,-0.0132381966379829
58.99087,45.31146,-0.00730323216184559,45.3064875725207,-0.012275659641129
59.0022,45.3195,0.000736767838155572,45.307421951295,-0.0113412808668729
59.0135,45.30716,-0.0116032321618391,45.3082276759797,-0.0105355561821941
59.02484,45.31858,-0.000183232161845126,45.3088276028468,-0.00993562931507577
59.03619,45.31092,-0.00784323216183935,45.3091772521947,-0.00958597996715145
59.04751,45.30386,-0.0149032321618421,45.3092683893227,-0.00949484283909792
59.05885,45.30844,-0.0103232321618449,45.3091269198798,-0.00963631228204444
59.07017,45.31159,-0.00717323216183985,45.3088061722778,-0.009957059884025
59.08152,45.31153,-0.00723323216184468,45.3083771254885,-0.010386106673306
59.09282,45.29742,-0.0213432321618399,45.3079171951325,-0.0108460370293847
59.10415,45.31357,-0.00519323216184375,45.3074991261822,-0.011264105979625
59.11547,45.29818,-0.0205832321618402,45.3071814867573,-0.0115817454045097
59.12679,45.30416,-0.0146032321618392,45.3070020636577,-0.0117611685041274
59.13811,45.30836,-0.0104032321618419,45.3069749949568,-0.0117882372050098
59.14947,45.30576,-0.013003232161843,45.3070917879495,-0.0116714442123215
59.16082,45.31117,-0.00759323216184526,45.3073256220216,-0.011437610140257
59.17214,45.31043,-0.00833323216184567,45.3076377441904,-0.0111254879714284
59.18348,45.30701,-0.0117532321618441,45.3079845220584,-0.010778710103436
59.19481,45.31023,-0.00853323216184521,45.3083238574314,-0.0104393747304121
59.2061,45.30817,-0.0105932321618454,45.3086200424153,-0.0101431897465799
59.21741,45.31673,-0.00203323216184259,45.3088465614589,-0.00991667070293838
59.22873,45.30531,-0.0134532321618437,45.3089867154671,-0.00977651669479149
59.24007,45.30547,-0.0132932321618426,45.309032326581,-0.0097309055808142
59.25142,45.30749,-0.011273232161841,45.3089812015807,-0.00978203058115303
59.26276,45.30962,-0.00914323216183988,45.3088343148333,-0.00992891732854361
59.27406,45.3064,-0.0123632321618459,45.3085936154145,-0.0101696167473419
59.2854,45.30665,-0.0121132321618447,45.308261015766,-0.0105022163958192
59.29673,45.30824,-0.0105232321618445,45.3078387092787,-0.0109245228831617
59.30807,45.3052,-0.0135632321618431,45.3073306171797,-0.0114326149821925
59.31939,45.31255,-0.00621323216184066,45.3067444651628,-0.0120187669990233
59.33074,45.3109,-0.0078632321618457,45.3060937545471,-0.0126694776147675
59.34208,45.30116,-0.0176032321618393,45.3053988474864,-0.0133643846754671
59.3534,45.30857,-0.0101932321618392,45.3046866499827,-0.0140765821791099
59.36473,45.30264,-0.0161232321618456,45.3039888842812,-0.0147743478806807
59.37608,45.29253,-0.026233232161843,45.3033394389194,-0.015423793242403
59.38743,45.30797,-0.0107932321618449,45.3027715222473,-0.0159917099145121
59.39872,45.30244,-0.0163232321618452,45.3023152102844,-0.0164480218774829
59.41005,45.30865,-0.0101132321618422,45.3019955376016,-0.0167676945602733
59.42137,45.29778,-0.0209832321618393,45.3018308319536,-0.0169324002082701
59.43268,45.30679,-0.0119732321618429,45.3018308985843,-0.0169323335775504
59.44402,45.29908,-0.0196832321618459,45.3019949738324,-0.0167682583294199
59.45535,45.305,-0.0137632321618426,45.302309830018,-0.0164534021438353
59.46667,45.29091,-0.0278532321618457,45.3027487742787,-0.0160144578831432
59.478,45.30173,-0.0170332321618432,45.3032724250017,-0.0154908071601304
59.48934,45.3022,-0.0165632321618432,45.3038319509186,-0.0149312812432798
59.50066,45.31226,-0.00650323216184034,45.3043748298354,-0.014388402326481
59.51199,45.30405,-0.0147132321618457,45.3048523140218,-0.0139109181400216
59.52331,45.3047,-0.0140632321618455,45.3052271410531,-0.0135360911087538
59.53465,45.30887,-0.00989323216184346,45.3054799245576,-0.0132833076042139
59.54597,45.30918,-0.00958323216184453,45.3056129840956,-0.0131502480662628
59.5573,45.30729,-0.0114732321618405,45.3056508239122,-0.013112408249654
59.56865,45.31017,-0.00859323216184293,45.305636943419,-0.0131262887428133
59.57998,45.30355,-0.015213232161841,45.3056272393416,-0.0131359928202221
59.59131,45.30261,-0.0161532321618409,45.3056809446813,-0.0130822874805454
59.60265,45.30511,-0.0136532321618432,45.3058506795137,-0.0129125526481422
59.61398,45.29574,-0.0230232321618402,45.3061735359308,-0.0125896962310209
59.62529,45.3055,-0.0132632321618402,45.3066650196254,-0.0120982125364027
59.63664,45.30339,-0.0153732321618421,45.3073170848267,-0.0114461473351038
59.64798,45.31038,-0.00838323216184023,45.308100523857,-0.0106627083048444
59.65931,45.31278,-0.00598323216184582,45.3089708514614,-0.00979238070039864
59.67063,45.32069,0.00192676783815671,45.3098759166749,-0.00888731548693856
59.68195,45.31422,-0.00454323216184349,45.3107631276066,-0.00800010455520583
59.6933,45.30977,-0.008993232161842,45.3115845742539,-0.00717865790791384
59.70466,45.30969,-0.00907323216183897,45.3122993753372,-0.00646385682462034
59.71601,45.30317,-0.0155932321618408,45.3128737956488,-0.00588943651304008
59.72734,45.31425,-0.00451323216184107,45.3132804663502,-0.00548276581163173
59.73866,45.31472,-0.0040432321618411,45.3134980332659,-0.00526519889591046
59.75,45.31462,-0.00414323216184442,45.3135118979234,-0.00525133423844839
59.76133,45.30996,-0.00880323216184564,45.3133159010876,-0.00544733107421399
59.77266,45.31926,0.000496767838157552,45.3129142717475,-0.00584896041431662
59.78398,45.31252,-0.00624323216184308,45.3123230160078,-0.00644021615406667
59.79531,45.31712,-0.00164323216183959,45.3115700187269,-0.00719321343494607
59.80665,45.30807,-0.0106932321618416,45.310693417923,-0.00806981423881676
59.81797,45.30945,-0.0093132321618441,45.3097382976502,-0.00902493451161923
59.82932,45.3026,-0.0161632321618441,45.3087523084891,-0.0100109236727209
59.84065,45.30598,-0.0127832321618442,45.3077812033789,-0.0109820287829867
59.85202,45.3062,-0.0125632321618454,45.3068652508752,-0.0118979812866089
59.86336,45.31283,-0.00593323216184416,45.3060370525765,-0.0127261795852975
59.87468,45.30309,-0.0156732321618449,45.305320696357,-0.0134425358048002
59.88601,45.30477,-0.0139932321618446,45.3047317836552,-0.014031448506671
59.89733,45.30521,-0.0135532321618399,45.3042778630956,-0.0144853690662032
59.90865,45.30109,-0.0176732321618402,45.3039590427728,-0.0148041893889984
59.91996,45.3061,-0.0126632321618416,45.3037687646797,-0.0149944674821738
59.93132,45.30584,-0.0129232321618389,45.3036947833907,-0.015068448771123
59.94266,45.29872,-0.0200432321618393,45.303720364127,-0.0150428680348289
59.95399,45.30478,-0.0139832321618414,45.3038257076041,-0.0149375245577207
59.96532,45.3024,-0.0163632321618437,45.3039896231602,-0.0147736090016
59.97664,45.31184,-0.00692323216184576,45.3041914163285,-0.0145718158333254
59.98798,45.29868,-0.0200832321618449,45.304412823047,-0.0143504091148537
59.99932,45.30384,-0.0149232321618413,45.3046397581603,-0.0141234740015306
60.01065,45.30303,-0.0157332321618426,45.3048637348721,-0.0138994972897315
60.02195,45.30759,-0.0111732321618447,45.3050828990923,-0.013680333069572
60.03328,45.30981,-0.00895323216184352,45.3053025279204,-0.0134607042414269
60.04461,45.30555,-0.0132132321618457,45.3055346540729,-0.0132285780889329
60.05596,45.30348,-0.0152832321618419,45.3057964674805,-0.0129667646813496
60.0673,45.30735,-0.0114132321618428,45.3061074167928,-0.012655815369064
60.07864,45.31367,-0.00509323216184043,45.3064853122198,-0.0122779199420366
60.09,45.29662,-0.0221432321618451,45.306942016554,-0.0118212156078517
60.10131,45.3064,-0.0123632321618459,45.3074794977736,-0.011283734388227
60.11265,45.31036,-0.00840323216183947,45.3080871297413,-0.0106761024205253
60.12397,45.30423,-0.0145332321618454,45.3087410373166,-0.01002219484529
60.13529,45.30647,-0.012293232161845,45.3094059098744,-0.009357322287399
60.14661,45.31198,-0.00678323216184396,45.3100391972368,-0.00872403492508416
60.15793,45.30776,-0.0110032321618405,45.3105971047411,-0.00816612742069143
60.16928,45.31679,-0.00197323216184486,45.3110413426811,-0.00772188948074827
60.18061,45.32067,0.00190676783815746,45.3113452249333,-0.00741800722853707
60.19194,45.31284,-0.00592323216184099,45.3114976461282,-0.00726558603364878
60.20328,45.31154,-0.00722323216184151,45.3115038917581,-0.00725934040379319
60.21459,45.30408,-0.0146832321618433,45.3113831371038,-0.00738009505799936
60.2259,45.3107,-0.00806323216184524,45.311163504644,-0.00759972751787058
60.23723,45.30913,-0.00963323216183909,45.3108761506184,-0.00788708154342107
60.24858,45.31233,-0.00643323216183944,45.3105497942208,-0.00821343794106924
60.25991,45.3101,-0.00866323216184384,45.3102066075871,-0.00855662457474735
60.27122,45.31067,-0.00809323216184055,45.3098598715306,-0.00890336063125228
60.28254,45.29992,-0.0188432321618421,45.3095135198432,-0.00924971231863665
60.29387,45.31562,-0.00314323216183965,45.3091635874651,-0.00959964469678184
60.3052,45.30335,-0.0154132321618405,45.3088014192237,-0.00996181293813055
60.31651,45.31391,-0.00485323216184241,45.3084181578556,-0.0103450743062417
60.32783,45.31118,-0.00758323216184209,45.3080096348076,-0.010753597354273
60.33916,45.30416,-0.0146032321618392,45.3075805777416,-0.0111826544202647
60.35048,45.30994,-0.00882323216184489,45.3071471466981,-0.0116160854637771
60.3618,45.31128,-0.00748323216184588,45.306737131566,-0.0120261005958504
60.37309,45.31079,-0.00797323216184509,45.3063875229806,-0.0123757091812647
60.38442,45.30396,-0.0148032321618459,45.3061395757238,-0.0126236564380039
60.39573,45.30177,-0.0169932321618447,45.3060320175741,-0.0127312145877707
60.40705,45.29983,-0.0189332321618423,45.3060936643454,-0.0126695678164088
60.41837,45.30464,-0.0141232321618432,45.3063370562375,-0.0124261759243128
60.4297,45.30884,-0.00992323216184587,45.3067545273822,-0.0120087047796668
60.44102,45.31179,-0.00697323216184031,45.3073174244753,-0.0114458076865265
60.45235,45.30227,-0.0164932321618423,45.3079784178418,-0.0107848143200596
60.46365,45.30394,-0.0148232321618451,45.3086763986342,-0.0100868335276441
60.47497,45.30679,-0.0119732321618429,45.3093433347462,-0.00941989741560906
60.4863,45.32149,0.00272676783815484,45.3099123120943,-0.00885092006755826
60.49762,45.31451,-0.00425323216184381,45.3103256038263,-0.00843762833549485
60.50895,45.31244,-0.00632323216184005,45.3105412873549,-0.00822194480692038
60.52026,45.30787,-0.0108932321618411,45.3105371615363,-0.0082260706255796
60.53157,45.30701,-0.0117532321618441,45.3103115453217,-0.00845168684016167
60.5429,45.31049,-0.00827323216184084,45.3098814509691,-0.00888178119273039
60.55422,45.31165,-0.00711323216184212,45.3092790979662,-0.00948413419565466
60.56555,45.30133,-0.0174332321618422,45.3085477017734,-0.0102155303884317
60.57686,45.31188,-0.00688323216184017,45.3077372135454,-0.01102601861649
60.58821,45.30464,-0.0141232321618432,45.3069004283242,-0.011862803837688
60.59956,45.30771,-0.0110532321618422,45.3060896419507,-0.0126735902111715
60.61088,45.30438,-0.0143832321618405,45.3053538135858,-0.0134094185760294
60.62221,45.30715,-0.0116132321618423,45.3047360451669,-0.0140271869949466
60.63351,45.30791,-0.0108532321618426,45.3042711646532,-0.0144920675086272
60.64482,45.30326,-0.0155032321618407,45.3039832973509,-0.0147799348109034
60.65614,45.2998,-0.0189632321618447,45.3038835423725,-0.0148796897893859
60.66748,45.30077,-0.0179932321618423,45.3039681929506,-0.0147950392112216
60.67878,45.30566,-0.0131032321618392,45.304218152306,-0.0145450798558767
60.69012,45.30093,-0.0178332321618413,45.3046000917835,-0.0141631403783397
60.70142,45.30489,-0.013873232161842,45.3050694876927,-0.0136937444691037
60.71275,45.31091,-0.00785323216184253,45.3055751698482,-0.0131880623136071
60.72408,45.31197,-0.00679323216184002,45.3060646240003,-0.0126986081615171
60.73541,45.30035,-0.0184132321618407,45.3064891602935,-0.0122740718683724
60.74672,45.30434,-0.0144232321618389,45.3068082846859,-0.0119549474759072
60.75807,45.30833,-0.0104332321618443,45.3069930588601,-0.0117701733017786
60.76941,45.30489,-0.013873232161842,45.3070285353315,-0.0117346968303681
60.78076,45.31673,-0.00203323216184259,45.3069152855864,-0.0118479465753941
60.7921,45.2989,-0.0198632321618391,45.3066697947165,-0.0120934374453394
60.80343,45.30987,-0.00889323216184579,45.306323422033,-0.0124398101288851
60.81477,45.30735,-0.0114132321618428,45.3059198186167,-0.0128434135451551
60.8261,45.30511,-0.0136532321618432,45.3055109711685,-0.013252260993379
60.83743,45.30009,-0.018673232161845,45.305152243678,-0.0136109884838068
60.84875,45.30959,-0.00917323216184229,45.3048969037699,-0.0138663283919875
60.8601,45.30871,-0.0100532321618445,45.3047906587333,-0.013972573428577
60.87144,45.3053,-0.0134632321618398,45.3048667028943,-0.0138965292675866
60.88276,45.28552,-0.0332432321618441,45.3051418220787,-0.0136214100831302
60.8941,45.31046,-0.00830323216184325,45.305614241492,-0.0131489906698191
60.90545,45.31273,-0.00603323216184037,45.3062638088033,-0.0124994233585125
60.91676,45.31103,-0.00773323216183996,45.3070544827469,-0.0117087494149297
60.92808,45.3103,-0.0084632321618443,45.3079383080353,-0.0108249241265025
60.93941,45.30489,-0.013873232161842,45.3088598129001,-0.009903419261789
60.95076,45.30828,-0.0104832321618389,45.3097602449994,-0.00900298716241446
60.96211,45.30647,-0.012293232161845,45.3105817459932,-0.00818148616860864
60.9734,45.30796,-0.010803232161841,45.3112718808895,-0.00749135127236828
60.98474,45.31475,-0.00401323216184579,45.3117887198667,-0.00697451229516499
60.99607,45.31442,-0.00434323216184396,45.3121061020562,-0.00665713010559512
61.00739,45.31745,-0.00131323216184143,45.3122181214089,-0.00654511075299126
61.01873,45.31028,-0.00848323216184355,45.312141587305,-0.00662164485689262
61.03005,45.3173,-0.0014632321618393,45.3119153851083,-0.00684784705354359
61.04139,45.31834,-0.000423232161843146,45.3115962003424,-0.00716703181942497
61.05271,45.30765,-0.0111132321618399,45.3112507769854,-0.00751245517648757
61.06404,45.30697,-0.0117932321618426,45.3109456534224,-0.00781757873948255
61.07534,45.30804,-0.010723232161844,45.3107360680322,-0.0080271641296294
61.08667,45.30284,-0.015923232161839,45.3106561902617,-0.00810704190011039
61.098,45.31117,-0.00759323216184526,45.3107127305892,-0.0080505015726791
61.10932,45.30943,-0.00933323216184334,45.3108833060573,-0.00787992610452515
61.12066,45.30296,-0.0158032321618435,45.3111199544846,-0.00764327767721669
61.13197,45.3197,0.000936767838155106,45.311357200338,-0.00740603182385373
61.14331,45.31521,-0.00355323216184189,45.3115232467524,-0.00723998540943647
61.15463,45.31258,-0.00618323216184535,45.3115523056142,-0.00721092654761718
61.16597,45.31007,-0.00869323216183915,45.3113959377031,-0.00736729445874882
61.17729,45.31709,-0.00167323216184201,45.3110316177511,-0.00773161441077362
61.18864,45.31001,-0.00875323216184398,45.3104673464433,-0.00829588571852912
61.19997,45.31478,-0.00398323216184338,45.3097417253654,-0.00902150679644663
61.21129,45.31083,-0.0079332321618395,45.3089194536003,-0.00984377856149869
61.2226,45.30645,-0.0123132321618442,45.3080828025324,-0.01068042962941
61.23393,45.30121,-0.0175532321618448,45.3073202812885,-0.011442950873371
61.24525,45.30269,-0.016073232161844,45.3067142482316,-0.012048983930227
61.25657,45.30791,-0.0108532321618426,45.3063293960587,-0.0124338361031939
61.26789,45.30798,-0.0107832321618417,45.3062037046177,-0.0125595275441444
61.27921,45.30388,-0.0148832321618428,45.3063428033467,-0.0124204288151109
61.29054,45.30517,-0.0135932321618455,45.3067181019422,-0.0120451302196736
61.30186,45.31104,-0.0077232321618439,45.3072687464462,-0.0114944857156683
61.31318,45.29774,-0.0210232321618449,45.3079073356429,-0.0108558965189841
61.32451,45.30829,-0.0104732321618428,45.3085291905785,-0.0102340415833483
61.33584,45.30569,-0.0130732321618439,45.309024677788,-0.00973855437386374
61.34719,45.31418,-0.00458323216184198,45.3092935676667,-0.0094696644951529
61.35854,45.31126,-0.00750323216184512,45.3092597218094,-0.0095035103524337
61.36987,45.31178,-0.00698323216184349,45.3088838262898,-0.00987940587202288
61.38121,45.32367,0.00490676783815758,45.3081717403847,-0.0105914917771424
61.39252,45.30977,-0.008993232161842,45.3071764584328,-0.0115867737290309
61.40387,45.30413,-0.0146332321618416,45.3059926942469,-0.0127705379149763
61.41521,45.30198,-0.016783232161842,45.3047445741714,-0.0140186579904152
61.42654,45.30138,-0.0173832321618406,45.3035684674145,-0.0151947647473312
61.43787,45.29583,-0.0229332321618401,45.3025940183489,-0.0161692138129718
61.44921,45.30275,-0.0160132321618391,45.3019266696788,-0.0168365624830879
61.46054,45.28956,-0.0292032321618407,45.3016345097499,-0.017128722411927
61.47187,45.29357,-0.0251932321618398,45.3017414176719,-0.0170218144899008
61.48321,45.30684,-0.0119232321618412,45.3022273418857,-0.0165358902761602
61.49456,45.31023,-0.00853323216184521,45.3030351590463,-0.0157280731155364
61.50588,45.31178,-0.00698323216184349,45.3040821662039,-0.0146810659579445
61.51723,45.29911,-0.0196532321618434,45.3052734195791,-0.013489812582709
61.52858,45.3165,-0.00226323216184454,45.3065142495588,-0.0122489826030358
61.53993,45.30888,-0.00988323216184028,45.3077201329335,-0.011043099228314
61.55127,45.30225,-0.0165132321618415,45.3088231232298,-0.0099401089320052
61.56262,45.31325,-0.00551323216184585,45.3097748864212,-0.00898834574061158
61.57394,45.30724,-0.0115232321618421,45.3105469777348,-0.00821625442707328
61.58524,45.31071,-0.00805323216184206,45.3111292571004,-0.00763397506142597
61.59656,45.31161,-0.00715323216184061,45.311527276754,-0.00723595540786346
61.60788,45.30869,-0.0100732321618437,45.3117592356346,-0.00700399652726993
61.61919,45.3161,-0.00266323216184361,45.3118528287778,-0.0069104033840063
61.63052,45.31373,-0.0050332321618427,45.3118420852815,-0.00692114688031623
61.64188,45.30904,-0.00972323216183923,45.3117641463614,-0.00699908580047239
61.65318,45.31576,-0.00300323216184495,45.3116559657869,-0.00710726637494472
61.66453,45.30519,-0.0135732321618391,45.3115511089518,-0.00721212321008854
61.67586,45.30874,-0.0100232321618421,45.3114770383711,-0.00728619379079126
61.68718,45.31342,-0.00534323216184163,45.311453318622,-0.00730991353986271
61.69851,45.31441,-0.00435323216184003,45.3114909592773,-0.00727227288451089
61.70982,45.31203,-0.0067332321618423,45.3115927343442,-0.00717049781767781
61.72116,45.31177,-0.00699323216183956,45.3117540346181,-0.00700919754370632
61.73248,45.31075,-0.00801323216184358,45.3119638214341,-0.00679941072777415
61.74381,45.31503,-0.00373323216184218,45.3122054794292,-0.00655775273260099
61.75513,45.31426,-0.00450323216184501,45.3124575984659,-0.00630563369590165
61.76646,45.30567,-0.0130932321618431,45.3126948670096,-0.00606836515228586
61.7778,45.30863,-0.0101332321618415,45.3128893706755,-0.00587386148634724
61.78913,45.31755,-0.00121323216184521,45.3130126020493,-0.00575063011252553
61.80046,45.3149,-0.00386323216184081,45.3130382428786,-0.00572498928322485
61.8118,45.3141,-0.00466323216183895,45.3129453229348,-0.00581790922702705
61.82312,45.3196,0.000836767838158892,45.3127210339801,-0.00604219818176688
61.83445,45.30396,-0.0148032321618459,45.3123625680763,-0.00640066408556023
61.84576,45.31018,-0.00858323216183976,45.3118777868437,-0.00688544531818459
61.85706,45.31254,-0.00622323216184384,45.3112849761051,-0.0074782560567359
61.86841,45.30875,-0.0100132321618389,45.3106120723536,-0.00815115980824924
61.87975,45.31128,-0.00748323216184588,45.3098955013036,-0.00886773085823061
61.89109,45.3111,-0.00766323216183906,45.3091783802652,-0.00958485189664191
61.90241,45.31938,0.000616767838160115,45.3085075888815,-0.0102556432803491
61.91373,45.30798,-0.0107832321618417,45.3079292680282,-0.0108339641336005
61.92505,45.30206,-0.016703232161845,45.3074827590609,-0.0112804731009152
61.93639,45.30321,-0.0155532321618423,45.307193796841,-0.0115694353208424
61.94771,45.30137,-0.0173932321618437,45.3070685450051,-0.0116946871567201
61.95906,45.30597,-0.0127932321618403,45.3070902959024,-0.0116729362594557
61.97041,45.3035,-0.0152632321618427,45.3072201635009,-0.0115430686609212
61.98174,45.30714,-0.0116232321618455,45.3074021411791,-0.0113610909826986
61.99308,45.30754,-0.0112232321618393,45.3075718754388,-0.0111913567230778
62.00444,45.31561,-0.00315323216184282,45.3076676732886,-0.0110955588732516
62.01578,45.30499,-0.0137732321618458,45.3076417408604,-0.011121491301477
62.02714,45.31089,-0.00787323216184177,45.307469535958,-0.0112936962038105
62.03846,45.31625,-0.00251323216184574,45.3071554144855,-0.0116078176763544
62.04979,45.31086,-0.00790323216184419,45.3067333425867,-0.0120298895751191
62.06115,45.3054,-0.0133632321618435,45.3062622471669,-0.0125009849949759
62.07246,45.30245,-0.016313232161842,45.3058165937401,-0.0129466384217317
62.08379,45.30207,-0.0166932321618418,45.305473869874,-0.0132893622878111
62.09512,45.296,-0.022763232161843,45.3053014213325,-0.0134618108293415
62.10644,45.30774,-0.0110232321618398,45.3053451912948,-0.0134180408670215
62.11776,45.30183,-0.0169332321618398,45.3056223345103,-0.0131408976515323
62.12907,45.30568,-0.0130832321618399,45.306118699168,-0.012644532993843
62.1404,45.30445,-0.0143132321618396,45.3067911647122,-0.0119720674496495
62.15171,45.31332,-0.00544323216184495,45.3075740414104,-0.0111891907514006
62.16302,45.30742,-0.0113432321618419,45.3083882251545,-0.010375007007345
62.17435,45.30933,-0.00943323216183956,45.3091515471459,-0.0096116850159565
62.18571,45.31522,-0.00354323216184582,45.3097887764681,-0.00897445569373371
62.19706,45.31045,-0.00831323216183932,45.3102399804663,-0.00852325169557278
62.20837,45.31129,-0.0074732321618427,45.3104663267089,-0.00829690545297649
62.21968,45.31297,-0.00579323216184235,45.310452869608,-0.00831036255384219
62.231,45.30532,-0.0134432321618405,45.3102083653264,-0.00855486683544666
62.24232,45.30973,-0.00903323216184049,45.309762596189,-0.00900063597286975
62.25365,45.31145,-0.00731323216184165,45.3091619357425,-0.00960129641934495
62.26498,45.3045,-0.014263232161845,45.3084638982235,-0.010299333938334
62.27631,45.31314,-0.00562323216184524,45.307731268129,-0.0110319640328037
62.28762,45.30016,-0.0186032321618441,45.3070262464607,-0.0117369857011525
62.29893,45.31059,-0.00817323216184462,45.3064049638009,-0.0123582683609897
62.31024,45.30698,-0.0117832321618394,45.3059126647242,-0.0128505674376108
62.32156,45.30534,-0.0134232321618413,45.3055798203996,-0.0131834117622348
62.33287,45.30719,-0.0115732321618438,45.3054194192605,-0.0133438129013605
62.34417,45.29495,-0.0238132321618423,45.3054257811916,-0.0133374509702803
62.3555,45.30241,-0.0163532321618405,45.3055753560732,-0.0131878760886821
62.36682,45.31117,-0.00759323216184526,45.3058298540946,-0.0129333780672346
62.37812,45.30648,-0.0122832321618418,45.3061415454509,-0.0126216867109661
62.38944,45.31241,-0.00635323216184247,45.3064598577745,-0.0123033743873012
62.40078,45.30647,-0.012293232161845,45.3067379573285,-0.0120252748333919
62.41208,45.30951,-0.00925323216183926,45.3069381130099,-0.0118251191519235
62.42342,45.30248,-0.0162832321618396,45.3070351833507,-0.0117280488111303
62.43476,45.30624,-0.0125232321618398,45.3070181902138,-0.0117450419480714
62.4461,45.30498,-0.0137832321618419,45.306890350358,-0.0118728818038093
62.45744,45.31096,-0.00780323216184087,45.3066679928167,-0.0120952393451472
62.46878,45.30611,-0.0126532321618456,45.3063785737107,-0.0123846584511923
62.48009,45.30645,-0.0123132321618442,45.3060577565055,-0.0127054756563901
62.49143,45.31326,-0.00550323216184267,45.3057454807283,-0.0130177514335735
62.50276,45.30065,-0.0181132321618449,45.3054811493107,-0.0132820828511217
62.51405,45.30106,-0.0177032321618427,45.3052984447297,-0.0134647874321614
62.52535,45.30052,-0.0182432321618435,45.3052206824234,-0.0135425497383959
62.53667,45.30813,-0.0106332321618439,45.3052577731706,-0.0135054589912719
62.54801,45.29848,-0.0202832321618445,45.3054055843071,-0.0133576478547307
62.55933,45.31067,-0.00809323216184055,45.305647846217,-0.0131153859448298
62.57064,45.30616,-0.0126032321618439,45.3059600559117,-0.012803176250139
62.58196,45.31065,-0.00811323216183979,45.3063143327953,-0.0124488993665457
62.59331,45.30814,-0.0106232321618407,45.3066839939656,-0.0120792381962557
62.60466,45.30746,-0.0113032321618434,45.3070467774408,-0.0117164547209969
62.61601,45.31229,-0.00647323216184503,45.307386092508,-0.0113771396538758
62.62734,45.30384,-0.0149232321618413,45.3076902585822,-0.0110729735795997
62.63867,45.30342,-0.0153432321618396,45.3079502514154,-0.0108129807464102
62.65001,45.31135,-0.00741323216184497,45.308156883416,-0.0106063487458737
62.66131,45.30587,-0.0128932321618436,45.3082984793313,-0.0104647528305367
62.67263,45.30027,-0.0184932321618447,45.3083599341369,-0.0104032980249641
62.68397,45.30949,-0.00927323216184561,45.3083236636623,-0.0104395684995208
62.6953,45.31109,-0.00767323216184224,45.3081724668805,-0.0105907652813866
62.70664,45.30803,-0.0107332321618401,45.3078937261161,-0.0108695060457746
62.71794,45.31606,-0.0027032321618421,45.3074838275544,-0.0112794046074522
62.72928,45.30555,-0.0132132321618457,45.3069514828243,-0.0118117493375345
62.74062,45.30961,-0.00915323216184305,45.3063189246225,-0.0124443075393117
62.75195,45.3064,-0.0123632321618459,45.3056206140507,-0.0131426181111129
62.76327,45.2922,-0.0265632321618412,45.3048998623524,-0.0138633698094484
62.77462,45.30789,-0.0108732321618419,45.3042043381504,-0.0145588940114216
62.78597,45.30319,-0.0155732321618416,45.3035815553111,-0.0151816768507179
62.79732,45.30629,-0.0124732321618453,45.3030750644623,-0.0156881676995323
62.80866,45.30019,-0.0185732321618417,45.3027214824891,-0.0160417496727208
62.82001,45.30807,-0.0106932321618416,45.3025481074009,-0.0162151247609506
62.83134,45.29924,-0.0195232321618448,45.3025708472421,-0.0161923849197228
62.84266,45.30719,-0.0115732321618438,45.3027924066162,-0.0159708255456037
62.854,45.29849,-0.0202732321618413,45.3032009539292,-0.0155622782326683
62.86535,45.2993,-0.01946323216184,45.3037697442752,-0.0149934878866847
62.87669,45.30193,-0.0168332321618436,45.3044582896896,-0.0143049424722653
62.88803,45.30747,-0.0112932321618402,45.3052155062433,-0.013547725918491
62.89934,45.30453,-0.0142332321618426,45.3059847856728,-0.0127784464890553
62.91069,45.30924,-0.0095232321618397,45.3067103230881,-0.0120529090737118
62.92201,45.31405,-0.00471323216184061,45.3073435776536,-0.0114196545082657
62.93336,45.30899,-0.00977323216184089,45.3078486356752,-0.0109145964866073
62.94469,45.3049,-0.0138632321618388,45.3082055177693,-0.0105577143925108
62.95604,45.30669,-0.0120732321618391,45.3084110343868,-0.0103521977750111
62.96738,45.31234,-0.00642323216184337,45.3084773937784,-0.010285838383416
62.97873,45.31084,-0.00792323216184343,45.3084291137785,-0.0103341183833629
62.99007,45.2972,-0.0215632321618457,45.3082988535033,-0.0104643786585215
63.00139,45.31772,-0.00104323216184099,45.308122767005,-0.0106404651568819
63.0127,45.3034,-0.0153632321618389,45.3079359740952,-0.0108272580666931
63.02404,45.30917,-0.0095932321618406,45.3077686601343,-0.0109945720275537
63.03537,45.3073,-0.0114632321618444,45.3076431746382,-0.011120057523678
63.04669,45.30465,-0.01411323216184,45.3075724180213,-0.0111908141405596
63.05802,45.30294,-0.0158232321618428,45.3075597764,-0.0112034557618605
63.06934,45.30494,-0.0138232321618403,45.3076007391849,-0.0111624929768985
63.08064,45.31217,-0.00659323216184049,45.3076859871497,-0.0110772450121577
63.09198,45.31873,-3.32321618401465e-05,45.307805193307,-0.0109580388548577
63.10332,45.30779,-0.0109732321618452,45.3079503118877,-0.0108129202741135
63.11464,45.30722,-0.0115432321618414,45.3081171599636,-0.0106460721982619
63.12597,45.30663,-0.0121332321618439,45.3083047650033,-0.0104584671585231
63.13729,45.30747,-0.0112932321618402,45.3085128863318,-0.0102503458300037
63.14864,45.30962,-0.00914323216183988,45.3087387711726,-0.0100244609892707
63.15993,45.29918,-0.0195832321618425,45.3089743611221,-0.00978887103977261
63.17127,45.31269,-0.00607323216183886,45.3092049581415,-0.00955827402028998
63.18256,45.30559,-0.0131732321618401,45.3094099393276,-0.00935329283427253
63.19391,45.31089,-0.00787323216184177,45.3095655277311,-0.00919770443072016
63.20521,45.31274,-0.00602323216184431,45.3096489932409,-0.00911423892096188
63.21654,45.31744,-0.0013232321618446,45.3096431817457,-0.0091200504161537
63.22786,45.31042,-0.00834323216184174,45.3095401431291,-0.00922308903274017
63.23915,45.29763,-0.0211332321618443,45.3093429416662,-0.0094202904956927
63.25049,45.31647,-0.00229323216183985,45.3090653642937,-0.00969786786817012
63.26181,45.31075,-0.00801323216184358,45.308729802703,-0.0100334294588615
63.27314,45.31624,-0.0025232321618418,45.3083637681883,-0.0103994639735217
63.28447,45.2961,-0.0226632321618396,45.3079954938768,-0.0107677382850341
63.29578,45.30486,-0.0139032321618444,45.3076492852207,-0.0111139469411689
63.30713,45.3052,-0.0135632321618431,45.3073416374145,-0.011421594747361
63.31844,45.30499,-0.0137732321618458,45.3070791553896,-0.0116840767722171
63.32979,45.31685,-0.00191323216184003,45.306858752698,-0.0119044794638149
63.3411,45.30466,-0.0141032321618439,45.3066698189857,-0.0120934131761244
63.35242,45.3039,-0.0148632321618436,45.3064975744593,-0.012265657702494
63.36374,45.30132,-0.0174432321618454,45.3063268800345,-0.0124363521273879
63.37505,45.31152,-0.00724323216184075,45.3061460658244,-0.0126171663374759
63.38638,45.30433,-0.0144332321618421,45.3059504459602,-0.0128127862016153
63.3977,45.3072,-0.0115632321618406,45.3057449960632,-0.0130182360986909
63.40907,45.31413,-0.00463323216184364,45.3055454520661,-0.0132177800957117
63.42036,45.30677,-0.0119932321618421,45.3053771296685,-0.0133861024933828
63.4317,45.30501,-0.0137532321618394,45.3052711552062,-0.0134920769556086
63.44301,45.30182,-0.016943232161843,45.3052584925424,-0.0135047396193957
63.45433,45.29917,-0.0195932321618457,45.3053629308283,-0.0134003013335665
63.46567,45.30483,-0.0139332321618397,45.305594691315,-0.013168540846856
63.477,45.30335,-0.0154132321618405,45.3059462406423,-0.0128169915195377
63.48833,45.30978,-0.00898323216183883,45.3063913152699,-0.0123719168919757
63.49966,45.30137,-0.0173932321618437,45.3068873863219,-0.0118758458399122
63.51101,45.30904,-0.00972323216183923,45.3073811472387,-0.0113820849231265
63.52231,45.30302,-0.0157432321618458,45.3078161880361,-0.0109470441257061
63.53361,45.31634,-0.00242323216184559,45.3081417183172,-0.0106215138446575
63.54493,45.31267,-0.00609323216184521,45.3083209240163,-0.0104423081455783
63.55627,45.30849,-0.0102732321618433,45.3083374074155,-0.0104258247463399
63.56762,45.31204,-0.00672323216183912,45.3081983935313,-0.0105648386305856
63.57897,45.31183,-0.00693323216184183,45.3079340362946,-0.010829195867244
63.59028,45.29873,-0.0200332321618433,45.3075930076924,-0.0111702244694248
63.60162,45.30949,-0.00927323216184561,45.307235323027,-0.0115279091348596
63.61295,45.29982,-0.0189432321618455,45.3069238386865,-0.0118393934753893
63.62426,45.31043,-0.00833323216184567,45.3067159122931,-0.0120473198686893
63.63561,45.30633,-0.0124332321618397,45.3066563508764,-0.0121068812854745
63.64693,45.30776,-0.0110032321618405,45.3067722313937,-0.0119910007681714
63.65828,45.30788,-0.0108832321618451,45.3070697652271,-0.0116934669347655
63.66962,45.30469,-0.0140732321618415,45.3075332372595,-0.0112299949023641
63.68095,45.3035,-0.0152632321618427,45.3081261005911,-0.0106371315707886
63.69228,45.30767,-0.0110932321618407,45.3087943385472,-0.00996889361464293
63.70364,45.31474,-0.00402323216184186,45.3094720226474,-0.00929120951443568
63.71497,45.30684,-0.0119232321618412,45.31008858257,-0.00867464959183484
63.72628,45.31336,-0.00540323216183936,45.3105768751734,-0.00818635698845901
63.7376,45.31644,-0.00232323216184227,45.3108809445324,-0.00788228762940812
63.74894,45.30302,-0.0157432321618458,45.3109624601416,-0.0078007720202262
63.76028,45.31443,-0.00433323216184078,45.3108050920617,-0.00795814010013154
63.77163,45.31394,-0.00482323216184,45.3104163757202,-0.00834685644169164
63.78296,45.31368,-0.00508323216184436,45.309826820504,-0.00893641165782818
63.7943,45.30887,-0.00989323216184346,45.3090861749729,-0.00967705718898246
63.80563,45.30779,-0.0109732321618452,45.3082570756473,-0.0105061565145362
