time_s,capacitance_raw_pF,capacitance_zero_mean_pF,capacitance_filtered_pF,capacitance_filtered_zero_mean_pF
0.00156,45.42344,0.0796443793287409,45.4236958483687,0.0799002276974621
0.01282,45.42641,0.0826143793287386,45.4221652754756,0.0783696548043326
0.02411,45.42112,0.0773243793287435,45.4206716509302,0.0768760302589679
0.0354,45.41683,0.0730343793287389,45.4192470254069,0.075451404735607
0.04668,45.41862,0.0748243793287386,45.4179106483422,0.0741150276709776
0.05797,45.40717,0.0633743793287422,45.4166670278573,0.0728714071859933
0.06929,45.41501,0.0712143793287439,45.4155063599356,0.0717107392643235
0.08061,45.41321,0.0694143793287409,45.4144076734827,0.0706120528114408
0.0919,45.41382,0.0700243793287427,45.4133443866427,0.069548765971437
0.10319,45.41779,0.0739943793287381,45.4122911621687,0.0684955414974134
0.11447,45.42321,0.079414379328739,45.4112303322511,0.0674347115798547
0.12577,45.40948,0.0656843793287436,45.4101560552348,0.066360434563509
0.13706,45.41167,0.0678743793287424,45.4090749338815,0.0652793132102829
0.14835,45.40208,0.0582843793287395,45.4080029550156,0.0642073343442977
0.15965,45.40228,0.0584843793287391,45.4069598514337,0.0631642307624896
0.17095,45.40084,0.0570443793287438,45.4059627727293,0.0621671520580767
0.18224,45.40466,0.0608643793287413,45.4050211731848,0.0612255525135504
0.19356,45.40616,0.0623643793287414,45.4041341747747,0.0603385541034832
0.20486,45.40347,0.0596743793287402,45.4032907201759,0.0594950995046054
0.21615,45.40006,0.056264379328745,45.4024720297153,0.0586764090440426
0.22746,45.40997,0.0661743793287428,45.4016554592171,0.0578598385458779
0.23876,45.39848,0.0546843793287408,45.4008187915593,0.0570231708880795
0.25008,45.39992,0.0561243793287431,45.3999441582767,0.056148537605478
0.26138,45.39629,0.052494379328742,45.3990211021797,0.0552254815084272
0.27267,45.39695,0.0531543793287383,45.3980486351949,0.0542530145236403
0.28398,45.40089,0.0570943793287384,45.3970363155618,0.0532406948905163
0.29529,45.39332,0.0495243793287443,45.3960042868416,0.0522086661703762
0.30658,45.40379,0.0599943793287423,45.3949820456425,0.0511864249712729
0.3179,45.39437,0.0505743793287436,45.3940056726957,0.0502100520244675
0.32921,45.38903,0.0452343793287397,45.393113507792,0.0493178871207803
0.34052,45.39253,0.0487343793287422,45.3923407381006,0.0485451174293854
0.35182,45.38486,0.0410643793287448,45.3917138771516,0.0479182564803372
0.36312,45.39188,0.048084379328742,45.3912463262716,0.0474507056002977
0.37444,45.39567,0.0518743793287442,45.3909359823814,0.0471403617101487
0.38574,45.38285,0.0390543793287392,45.390765337105,0.0469697164337164
0.39706,45.38702,0.0432243793287412,45.390703996256,0.0469083755847401
0.40836,45.39861,0.0548143793287394,45.3907131711777,0.0469175505064756
0.41966,45.39101,0.047214379328743,45.3907513530491,0.0469557323777995
0.43093,45.3974,0.0536043793287391,45.3907800499157,0.0469844292444139
0.44224,45.38988,0.0460843793287395,45.3907683907719,0.0469727701005937
0.45357,45.39254,0.0487443793287383,45.3906957932588,0.0469001725874963
0.46485,45.3824,0.0386043793287385,45.3905526049814,0.0467569843101798
0.47619,45.38622,0.0424243793287431,45.3903392795527,0.0465436588814346
0.4875,45.39543,0.051634379328739,45.3900648924929,0.0462692718216572
0.49881,45.39263,0.0488343793287385,45.3897455266046,0.0459499059333519
0.51012,45.38926,0.0454643793287417,45.3894025122521,0.0456068915807938
0.52142,45.39056,0.0467643793287422,45.3890601658788,0.0452645452075848
0.53274,45.38604,0.0422443793287428,45.3887427767298,0.0449471560585574
0.54404,45.3926,0.0488043793287432,45.388470964515,0.0446753438437123
0.55536,45.38711,0.0433143793287414,45.3882578604616,0.0444622397903448
0.56666,45.38631,0.0425143793287432,45.3881057503358,0.0443101296645111
0.57798,45.38554,0.0417443793287404,45.3880039292468,0.0442083085755827
0.5893,45.37849,0.0346943793287409,45.3879285593687,0.04413293869749
0.60062,45.39034,0.0465443793287434,45.3878451512932,0.0440495306219333
0.61191,45.38763,0.043834379328743,45.3877137671414,0.0439181464701908
0.62323,45.3886,0.0448043793287383,45.3874962401695,0.0437006194982679
0.63454,45.39672,0.0529243793287435,45.3871639404064,0.0433683197351333
0.64583,45.38787,0.044074379328741,45.3867042491966,0.0429086285253078
0.65715,45.38843,0.0446343793287411,45.3861241127154,0.0423284920441017
0.66846,45.38629,0.042494379328744,45.3854497585013,0.041654137830015
0.67974,45.38525,0.0414543793287407,45.3847226190268,0.0409269983555686
0.69104,45.37851,0.0347143793287401,45.3839923839624,0.040196763291177
0.70236,45.38132,0.0375243793287439,45.3833086715185,0.0395130508472516
0.71364,45.38428,0.0404843793287384,45.3827129843953,0.0389173637240287
0.72495,45.37591,0.0321143793287391,45.3822324086812,0.0384367880099164
0.73625,45.37596,0.0321643793287407,45.3818760372568,0.0380804165855376
0.74757,45.39369,0.049894379328741,45.3816344998574,0.0378388791861412
0.75888,45.38243,0.0386343793287409,45.3814823546404,0.0376867339690958
0.77022,45.37059,0.0267943793287415,45.3813826021078,0.0375869814365564
0.78152,45.38329,0.0394943793287439,45.3812924415332,0.0374968208619677
0.79282,45.38591,0.0421143793287442,45.3811695190261,0.0373738983548763
0.80414,45.38309,0.0392943793287444,45.3809779364938,0.0371823158225288
0.81547,45.38474,0.0409443793287423,45.3806931231241,0.0368975024528799
0.82679,45.37942,0.0356243793287447,45.3803046804398,0.0365090597685031
0.83809,45.37847,0.0346743793287416,45.379816733115,0.036021112443785
0.84938,45.37471,0.0309143793287419,45.3792459428193,0.0354503221480174
0.86072,45.38831,0.0445143793287386,45.3786178087803,0.0348221881090304
0.87204,45.37503,0.031234379328744,45.3779620277326,0.0341664070613643
0.88332,45.3714,0.0276043793287428,45.3773076630555,0.0335120423842722
0.89463,45.37489,0.0310943793287421,45.376678904027,0.0328832833557485
0.90593,45.37498,0.0311843793287423,45.3760922384967,0.0322966178254599
0.91724,45.37271,0.0289143793287394,45.3755556498969,0.0317600292256329
0.92854,45.38222,0.0384243793287382,45.375069911533,0.0312742908617129
0.93984,45.369,0.0252043793287413,45.3746314423015,0.0308358216302521
0.95114,45.37979,0.0359943793287414,45.3742357980055,0.0304401773342314
0.96247,45.37714,0.0333443793287387,45.3738807942522,0.0300851735809057
0.97376,45.37305,0.0292543793287408,45.3735684273246,0.0297728066533574
0.98505,45.37569,0.0318943793287403,45.3733051061139,0.0295094854426391
0.99637,45.3734,0.0296043793287382,45.3731001872381,0.0293045665668581
1.0077,45.36286,0.0190643793287393,45.3729633160286,0.0291676953573904
1.01902,45.37459,0.0307943793287393,45.3729014340282,0.029105813356955
1.03033,45.37383,0.0300343793287396,45.3729163314964,0.0291207108251709
1.04164,45.37704,0.0332443793287425,45.3730032557509,0.0292076350796789
1.05293,45.37085,0.0270543793287388,45.373150566278,0.0293549456067391
1.06423,45.37383,0.0300343793287396,45.3733401268971,0.0295445062258305
1.07552,45.37349,0.0296943793287383,45.3735481755745,0.029752554903201
1.08682,45.37456,0.030764379328744,45.3737466160068,0.0299509953355419
1.09812,45.3697,0.0259043793287432,45.3739048089137,0.0301091882424547
1.10946,45.37314,0.0293443793287409,45.3739919546897,0.0301963340184491
1.12076,45.37592,0.0321243793287422,45.3739800660189,0.0301844453476845
1.13206,45.37649,0.0326943793287384,45.3738473228878,0.0300517022165497
1.14336,45.37222,0.0284243793287402,45.3735813587022,0.0297857380309137
1.15463,45.37119,0.0273943793287401,45.3731819138268,0.0293862931555243
1.16595,45.37675,0.0329543793287428,45.3726623748611,0.0288667541898095
1.17726,45.37269,0.0288943793287402,45.3720498694956,0.0282542488243021
1.18858,45.37143,0.0276343793287381,45.3713837008348,0.0275880801635472
1.1999,45.37393,0.030134379328743,45.3707120403139,0.0269164196426095
1.21123,45.37059,0.0267943793287415,45.3700870426461,0.0262914219748427
1.22252,45.36465,0.020854379328739,45.3695588766459,0.0257632559746297
1.23382,45.36905,0.025254379328743,45.3691694848212,0.0253738641499824
1.24512,45.37231,0.0285143793287403,45.3689470704959,0.0251514498246383
1.25638,45.3549,0.0111043793287422,45.3689022680178,0.0251066473465699
1.2677,45.37707,0.0332743793287449,45.369026687678,0.0252310670067514
1.27902,45.36746,0.0236643793287428,45.36929410548,0.0254984848087391
1.29032,45.37218,0.0283843793287417,45.3696640500382,0.0258684293669691
1.30164,45.37093,0.0271343793287429,45.3700870852998,0.0262914646285637
1.31294,45.36649,0.0226943793287404,45.3705109098847,0.0267152892133946
1.32424,45.37069,0.0268943793287448,45.3708864912487,0.0270908705774078
1.33555,45.37304,0.0292443793287447,45.3711735897221,0.0273779690508113
1.34686,45.37902,0.0352243793287386,45.3713450174141,0.0275493967428275
1.35818,45.37336,0.0295643793287397,45.3713889048505,0.0275932841792858
1.3695,45.37222,0.0284243793287402,45.3713084006099,0.027512779938621
1.38081,45.36538,0.0215843793287434,45.3711187802886,0.0273231596173412
1.39212,45.36791,0.0241143793287435,45.3708426994655,0.0270470787941949
1.40342,45.37045,0.0266543793287397,45.370504852758,0.0267092320867414
1.41472,45.37366,0.0298643793287425,45.3701273048287,0.0263316841573973
1.42604,45.36229,0.0184943793287431,45.369726345895,0.0259307252237033
1.43735,45.36629,0.0224943793287409,45.3693112373434,0.0255156166721638
1.44866,45.37308,0.0292843793287432,45.3688848296561,0.0250892089848042
1.45996,45.37448,0.0306843793287399,45.3684456575207,0.0246500368494327
1.47128,45.36776,0.0239643793287385,45.3679907256325,0.0241951049612154
1.48261,45.37019,0.0263943793287424,45.3675180587965,0.0237224381252455
1.49391,45.35932,0.0155243793287383,45.367028407292,0.0232327866207494
1.50522,45.36864,0.0248443793287407,45.3665260673413,0.0227304466700499
1.5165,45.36678,0.0229843793287401,45.366019170045,0.0222235493737415
1.52782,45.36353,0.0197343793287388,45.3655197978795,0.0217241772082792
1.53914,45.36457,0.020774379328742,45.3650440460426,0.0212484253713282
1.55046,45.36201,0.0182143793287395,45.3646119002461,0.0208162795748705
1.56179,45.37506,0.0312643793287393,45.3642466296793,0.0204510090080001
1.57311,45.36507,0.0212743793287444,45.3639732752025,0.0201776545312238
1.58442,45.36054,0.0167443793287418,45.3638158659409,0.0200202452696092
1.59574,45.365,0.0212043793287435,45.363793386542,0.019997765870706
1.60707,45.36006,0.0162643793287387,45.363915129169,0.0201195084977191
1.61839,45.36485,0.0210543793287385,45.3641765287821,0.0203809081108453
1.62968,45.35908,0.0152843793287403,45.3645566603998,0.0207610397285251
1.64099,45.35935,0.0155543793287407,45.365018324016,0.021222703344743
1.65231,45.36677,0.022974379328744,45.3655111670883,0.0217155464170757
1.66364,45.36893,0.0251343793287404,45.3659776233515,0.0221820026801932
1.67492,45.37405,0.0302543793287384,45.3663606817053,0.0225650610340544
1.68624,45.36472,0.0209243793287399,45.366611949389,0.0228163287177205
1.69756,45.36439,0.0205943793287418,45.3666984540004,0.0229028333290961
1.7089,45.37228,0.028484379328745,45.3666071112533,0.0228114905819905
1.7202,45.36391,0.0201143793287386,45.3663463994487,0.022550778777464
1.73148,45.36757,0.0237743793287422,45.3659452166219,0.022149595950661
1.74282,45.36757,0.0237743793287422,45.3654491562842,0.0216535356129421
1.75412,45.36666,0.0228643793287446,45.36491466462,0.02111904394877
1.76543,45.35852,0.0147243793287402,45.3644017978841,0.0206061772128668
1.77675,45.36076,0.0169643793287406,45.3639665542472,0.0201709335759748
1.78805,45.36774,0.0239443793287393,45.3636538921806,0.0198582715093667
1.79934,45.36108,0.0172843793287427,45.3634924200527,0.0196967993814425
1.81068,45.36408,0.0202843793287428,45.3634913822704,0.019695761599172
1.82198,45.3568,0.0130043793287413,45.3636402086951,0.0198445880238488
1.83326,45.36438,0.0205843793287386,45.3639106584386,0.0201150377673211
1.84461,45.36642,0.0226243793287395,45.3642613395211,0.0204657188498812
1.85593,45.36517,0.0213743793287406,45.3646439879334,0.0208483672621642
1.86725,45.36678,0.0229843793287401,45.3650104609299,0.0212148402586622
1.87856,45.37112,0.0273243793287392,45.3653191874876,0.0215235668163759
1.88988,45.3677,0.0239043793287408,45.3655399456873,0.0217443250160276
1.9012,45.36071,0.016914379328739,45.3656562647783,0.0218606441070622
1.9125,45.36421,0.0204143793287415,45.3656653578708,0.0218697371995141
1.92378,45.37013,0.0263343793287447,45.365576053368,0.0217804326967775
1.93508,45.36189,0.018094379328744,45.3654054640829,0.0216098434116222
1.94639,45.36798,0.0241843793287444,45.3651751028663,0.0213794821950042
1.95768,45.35849,0.0146943793287448,45.3649070466249,0.0211114259536015
1.96901,45.36681,0.0230143793287425,45.364620700617,0.0208250799457191
1.98033,45.36451,0.0207143793287443,45.3643306336797,0.0205350130084
1.99162,45.35754,0.0137443793287417,45.3640457438388,0.0202501231675464
2.00294,45.37038,0.0265843793287388,45.3637697141595,0.0199740934882758
2.01425,45.36403,0.0202343793287412,45.363502422985,0.0197068023137265
2.02555,45.36598,0.022184379328742,45.3632417558724,0.0194461352011818
2.03689,45.3621,0.0183043793287396,45.3629852373642,0.0191896166929252
2.04823,45.3607,0.0169043793287429,45.3627311326358,0.0189355119645393
2.05953,45.36229,0.0184943793287431,45.3624790424085,0.0186834217372109
2.07086,45.35713,0.0133343793287395,45.3622302790355,0.018434658364214
2.08218,45.36882,0.025024379328741,45.3619883111433,0.0181926904719989
2.09351,45.35892,0.0151243793287392,45.3617593386464,0.0179637179751786
2.10482,45.36096,0.0171643793287402,45.3615527893173,0.0177571686460483
2.11614,45.36551,0.021714379328742,45.361381389616,0.0175857689447482
2.12746,45.36833,0.0245343793287418,45.3612605004834,0.0174648798121875
2.13877,45.34909,0.00529437932873833,45.3612065888636,0.0174109681923336
2.15006,45.36399,0.0201943793287427,45.3612350177869,0.0174393971156713
2.16137,45.35672,0.0129243793287444,45.3613576664811,0.0175620458098837
2.17268,45.36613,0.0223343793287398,45.3615809573366,0.0177853366653741
2.18397,45.35873,0.0149343793287429,45.3619045524735,0.0181089318022826
2.19531,45.37162,0.0278243793287416,45.3623205402253,0.0185249195540414
2.20664,45.36347,0.0196743793287411,45.3628127038875,0.0190170832162096
2.21794,45.36147,0.0176743793287386,45.3633556097147,0.0195599890434086
2.22927,45.36103,0.0172343793287411,45.363913726533,0.0201181058617756
2.24058,45.35445,0.0106543793287415,45.3644413560738,0.020645735402507
2.25192,45.36348,0.0196843793287442,45.3648844183021,0.0210887976308308
2.26321,45.37055,0.026754379328743,45.3651848042307,0.0213891835594141
2.27452,45.36028,0.0164843793287446,45.3652871553027,0.0214915346314514
2.28583,45.37294,0.0291443793287414,45.3651469862024,0.0213513655311298
2.29715,45.36796,0.0241643793287381,45.3647384902356,0.0209428695643849
2.30851,45.36425,0.0204543793287399,45.3640603181717,0.0202646975004678
2.31983,45.36601,0.0222143793287444,45.363138014643,0.0193423939717237
2.33116,45.36589,0.0220943793287418,45.3620224610216,0.0182268403503447
2.34248,45.36164,0.0178443793287428,45.360784425521,0.0169888048497479
2.35377,45.35356,0.00976437932874319,45.3595060305249,0.0157104098536735
2.36507,45.3556,0.0118043793287441,45.3582705493205,0.0144749286492452
2.37639,45.35984,0.0160443793287399,45.3571523095309,0.0133566888596675
2.38773,45.34595,0.00215437932874352,45.3562084423167,0.0124128216453968
2.39906,45.35134,0.00754437932874197,45.3554737809751,0.0116781603038655
2.41038,45.36286,0.0190643793287393,45.354959528707,0.0111639080357881
2.42169,45.35297,0.00917437932874066,45.3546554979293,0.010859877257989
2.433,45.35863,0.0148343793287395,45.354534946841,0.0107393261697464
2.44433,45.35619,0.0123943793287395,45.354560615654,0.0107649949827494
2.45563,45.35729,0.0134943793287405,45.3546906624753,0.0108950418040844
2.46696,45.3487,0.00490437932874244,45.3548836578573,0.0110880371860532
2.47829,45.35826,0.0144643793287429,45.3551023316588,0.0113067109875832
2.48964,45.35487,0.0110743793287398,45.3553161521436,0.0115205314723084
2.50098,45.35355,0.00975437932874001,45.3555029475204,0.0117073268491515
2.5123,45.35858,0.014784379328745,45.35564971553,0.0118540948587397
2.52363,45.35217,0.00837437932874252,45.3557526624161,0.011957041744884
2.53496,45.36027,0.0164743793287414,45.3558164505475,0.0120208298761947
2.54627,45.35802,0.0142243793287449,45.3558526136053,0.0120569929340596
2.55756,45.35147,0.0076743793287406,45.3558771413682,0.0120815206969778
2.56888,45.35605,0.0122543793287448,45.3559073820759,0.0121117614046358
2.58022,45.35962,0.0158243793287411,45.3559586074721,0.0121629868008291
2.59152,45.3551,0.0113043793287417,45.3560407037967,0.0122450831254187
2.60285,45.3529,0.00910437932873975,45.3561554646721,0.0123598440008555
2.61417,45.35489,0.011094379328739,45.3562949696824,0.012499349011149
2.6255,45.35021,0.00641437932873856,45.3564415339471,0.0126459132758163
2.63684,45.36137,0.0175743793287424,45.3565695423763,0.0127739217050138
2.64817,45.3568,0.0130043793287413,45.3566490484263,0.0128534277550498
2.6595,45.3623,0.0185043793287392,45.3566504854039,0.0128548647326114
2.67082,45.35316,0.00936437932874412,45.3565495150413,0.0127538943700058
2.68215,45.35816,0.0143643793287396,45.3563311061122,0.0125354854409825
2.69348,45.35237,0.00857437932874205,45.3559922896984,0.0121966690271516
2.70482,45.35973,0.0159343793287405,45.3555433924225,0.0117477717512367
2.71614,45.35873,0.0149343793287429,45.3550077174139,0.011212096742615
2.72747,45.35273,0.00893437932874264,45.3544196919425,0.0106240712712154
2.73878,45.34755,0.00375437932873979,45.353821630169,0.0100260094977036
2.75012,45.35611,0.0123143793287426,45.3532595156383,0.00946389496700833
2.76143,45.35655,0.0127543793287401,45.3527783847676,0.00898276409632862
2.77274,45.34577,0.00197437932874323,45.3524178184698,0.00862219779855019
2.78407,45.35694,0.0131443793287431,45.352207848774,0.00841222810274686
2.79539,45.3567,0.012904379328738,45.3521654803922,0.00836985972097191
2.8067,45.3487,0.00490437932874244,45.3522920613131,0.00849644064186719
2.81801,45.34557,0.00177437932874369,45.352571879011,0.00877625833972397
2.82933,45.3513,0.00750437932874348,45.3529725525823,0.00917693191102089
2.84065,45.34956,0.0057643793287383,45.3534478073679,0.00965218669660317
2.85197,45.35847,0.0146743793287385,45.3539428022658,0.0101471815945802
2.8633,45.35495,0.0111543793287439,45.3544014140828,0.0106057934115264
2.87462,45.35896,0.0151643793287448,45.3547741697207,0.0109785490494416
2.88595,45.36146,0.0176643793287425,45.3550252131609,0.0112295924896231
2.89727,45.3534,0.00960437932874214,45.3551369028718,0.011341282200542
2.90859,45.35468,0.0108843793287434,45.3551112521667,0.0113156314954025
2.91992,45.35526,0.0114643793287428,45.3549682209264,0.0111726002551605
2.93121,45.35224,0.00844437932874342,45.3547415498478,0.0109459291765566
2.94253,45.35297,0.00917437932874066,45.3544731871464,0.010677566475189
2.95386,45.35333,0.00953437932874124,45.3542073797247,0.0104117590534181
2.96518,45.35209,0.00829437932873844,45.3539852950286,0.0101896743573112
2.97649,45.35728,0.0134843793287445,45.3538407124062,0.010045091734916
2.98782,45.35252,0.00872437932873993,45.3537969739778,0.0100013533065878
2.99915,45.35833,0.0145343793287438,45.3538651337243,0.0100695130530714
3.01049,45.35318,0.00938437932874336,45.3540431866089,0.0102475659376046
3.02178,45.34199,-0.00180562067125578,45.3543164017849,0.010520781113675
3.03307,45.36105,0.0172543793287403,45.3546589760061,0.0108633553348891
3.04436,45.35199,0.00819437932874223,45.3550371969376,0.0112415762663693
3.05568,45.36043,0.0166343793287425,45.3554139211836,0.0116183005123073
3.06699,45.35771,0.0139143793287388,45.3557536477126,0.0119580270413355
3.0783,45.35565,0.0118543793287387,45.3560271960797,0.0122315754084276
3.08963,45.35472,0.0109243793287419,45.3562151393094,0.0124195186381392
3.10097,45.35873,0.0149343793287429,45.356309524209,0.0125139035377128
3.11229,45.35748,0.013684379328744,45.3563137722726,0.0125181516013515
3.1236,45.35763,0.0138343793287419,45.3562408739261,0.012445253254884
3.13494,45.35738,0.0135843793287407,45.3561101495801,0.0123145289088903
3.14627,45.35165,0.00785437932874089,45.3559430765756,0.0121474559043576
3.1576,45.35676,0.0129643793287428,45.3557589597396,0.0119633390683257
3.16891,45.34784,0.00404437932873947,45.3555714086488,0.0117757879775733
3.18021,45.3523,0.00850437932874115,45.3553865188197,0.0115908981484265
3.19152,45.35817,0.0143743793287427,45.3552032585424,0.0114076378711236
3.20285,45.35815,0.0143543793287435,45.355015889107,0.0112202684357493
3.21418,45.35789,0.0140943793287391,45.3548175279112,0.0110219072398916
3.2255,45.36407,0.0202743793287397,45.3546035627222,0.0108079420508992
3.23683,45.34676,0.00296437932874483,45.35437379163,0.0105781709587774
3.24814,45.35089,0.00709437932874124,45.3541328330345,0.0103372123631962
3.25949,45.35242,0.00862437932874371,45.3538891508077,0.0100935301364867
3.27083,45.35612,0.0123243793287386,45.353653496368,0.00985787569674394
3.28212,45.35374,0.00994437932874348,45.3534374691514,0.00964184848012661
3.29342,45.35227,0.00847437932873873,45.3532524889095,0.0094568682382457
3.30473,45.34564,0.00184437932874459,45.3531091581383,0.00931353746699184
3.31605,45.36731,0.0235143793287449,45.3530168747141,0.00922125404279277
3.32737,45.35294,0.00914437932873824,45.3529834833137,0.00918786264245484
3.3387,45.34451,0.000714379328741188,45.3530147271435,0.00921910647220238
3.35,45.35152,0.00772437932874226,45.3531134570469,0.00931783637566798
3.36132,45.35686,0.0130643793287391,45.3532788946558,0.00948327398454748
3.37266,45.35164,0.00784437932874482,45.3535063411244,0.00971072045311709
3.38394,45.35449,0.01069437932874,45.3537874364389,0.00999181576767442
3.39525,45.36042,0.0166243793287393,45.3541107214994,0.0103151008281154
3.40658,45.35638,0.012584379328743,45.3544621508505,0.0106665301792457
3.4179,45.3455,0.00170437932874279,45.3548254003409,0.0110297796696159
3.42922,45.35264,0.00884437932874249,45.3551822014346,0.0113865807633753
3.44054,45.35355,0.00975437932874001,45.3555132404989,0.0117176198276732
3.45184,45.36109,0.0172943793287388,45.3558000431149,0.0120044224435938
3.46315,45.3559,0.0121043793287399,45.3560276934976,0.0122320728263087
3.47448,45.3568,0.0130043793287413,45.3561876281364,0.0123920074651241
3.48578,45.36189,0.018094379328744,45.3562795059752,0.0124838853039767
3.49708,45.35953,0.015734379328741,45.3563113487762,0.0125157281049541
3.5084,45.35883,0.0150343793287391,45.3562976081258,0.012501987454502
3.51975,45.34666,0.00286437932874151,45.3562554517532,0.0124598310819885
3.53104,45.3567,0.012904379328738,45.3562002617509,0.0124046410796032
3.54236,45.34544,0.00164437932874506,45.3561418055933,0.0123461849219996
3.55368,45.35818,0.0143843793287388,45.3560824449761,0.012286824304835
3.565,45.35669,0.0128943793287419,45.3560180368712,0.0122224161999604
3.57632,45.36423,0.0204343793287407,45.3559411653349,0.0121455446636022
3.5876,45.35194,0.00814437932874057,45.3558455013677,0.0120498806964802
3.59891,45.36126,0.017464379328743,45.3557297936613,0.0119341729900694
3.61021,45.35734,0.0135443793287422,45.3556002780469,0.0118046573756778
3.62152,45.3548,0.0110043793287389,45.3554708861582,0.0116752654869148
3.63284,45.35498,0.0111843793287392,45.3553612566352,0.0115656359639163
3.64416,45.3568,0.0130043793287413,45.3552930837591,0.0114974630877928
3.65546,45.34575,0.00195437932874398,45.3552857146954,0.0114900940241361
3.66676,45.35929,0.015494379328743,45.3553520499169,0.0115564292456556
3.6781,45.35461,0.0108143793287425,45.3554956619779,0.0117000413066563
3.68945,45.35394,0.010144379328743,45.3557096666793,0.0119140460080766
3.70079,45.35614,0.012344379328745,45.3559774251336,0.0121818044623648
3.71208,45.35938,0.0155843793287431,45.3562748104682,0.0124791897969636
3.7234,45.35162,0.00782437932873847,45.3565735850126,0.0127779643413389
3.73471,45.35954,0.0157443793287442,45.3568453473786,0.0130497267073742
3.74603,45.3615,0.017704379328741,45.3570654766592,0.0132698559878965
3.75736,45.3553,0.0115043793287413,45.3572165068636,0.0134208861923143
3.76868,45.35286,0.00906437932874127,45.3572904435603,0.0134948228890468
3.78,45.3668,0.0230043793287393,45.357289717089,0.0134940964177384
3.79131,45.35541,0.0116143793287407,45.3572266754768,0.0134310548055748
3.80264,45.35329,0.00949437932874275,45.3571216877745,0.0133260671032851
3.81396,45.35752,0.0137243793287425,45.3570001201822,0.0132044995109857
3.82526,45.35859,0.0147943793287411,45.3568886653701,0.0130930446988649
3.83658,45.35668,0.0128843793287388,45.3568115973631,0.0130159766917993
3.8479,45.3542,0.0104043793287403,45.3567874499346,0.0129918292633093
3.85921,45.35357,0.00977437932873926,45.3568265180869,0.0130308974156341
3.87056,45.36003,0.0162343793287434,45.3569295089103,0.0131338882390518
3.88186,45.35682,0.0130243793287406,45.3570875109756,0.0132918903043856
3.89319,45.3599,0.0161043793287448,45.3572831932292,0.0134875725579359
3.90452,45.35471,0.0109143793287387,45.3574929491665,0.0136973284952369
3.91585,45.35405,0.0102543793287424,45.3576896968626,0.0138940761912977
3.92717,45.35941,0.0156143793287384,45.3578461374366,0.0140505167653649
3.93849,45.36327,0.0194743793287415,45.3579382596872,0.0141426390159475
3.94983,45.35509,0.0112943793287386,45.3579487093804,0.0141530887091577
3.96113,45.35575,0.011954379328742,45.3578695052218,0.0140738845505237
3.97248,45.36191,0.0181143793287433,45.3577036429104,0.0139080222391625
3.98377,45.35738,0.0135843793287407,45.3574652967477,0.0136696760764194
3.99511,45.36085,0.0170543793287408,45.3571784514799,0.013382830808595
4.00643,45.35518,0.0113843793287387,45.3568739182049,0.0130782975336365
4.01775,45.35777,0.0139743793287437,45.3565849353841,0.0127893147128074
4.02907,45.35237,0.00857437932874205,45.3563419027142,0.0125462820429335
4.0404,45.35571,0.0119143793287435,45.3561670764679,0.0123714557966069
4.0517,45.36189,0.018094379328744,45.3560701354425,0.0122745147712369
4.06299,45.34624,0.0024443793287432,45.3560454126366,0.0122497919653162
4.07431,45.35307,0.00927437932874398,45.3560713972054,0.0122757765341022
4.08559,45.35287,0.00907437932874444,45.3561128843915,0.0123172637202143
4.0969,45.36793,0.0241343793287427,45.3561257468495,0.0123301261782919
4.10822,45.34974,0.00594437932873859,45.3560636710791,0.0122680504078894
4.1195,45.36039,0.016594379328744,45.3558856536112,0.0120900329399537
4.13079,45.3563,0.0125043793287389,45.3555629389584,0.0117673182871743
4.14212,45.35629,0.0124943793287429,45.355084374078,0.0112887534067627
4.15344,45.3531,0.00930437932873929,45.3544595649655,0.0106639442942386
4.16476,45.35395,0.0101543793287391,45.3537195794968,0.00992395882552765
4.1761,45.34922,0.00542437932874407,45.3529152097361,0.00911958906481055
4.18744,45.36159,0.0177943793287412,45.3521129419773,0.00831732130602906
4.19876,45.35433,0.0105343793287389,45.3513887947207,0.00759317404946154
4.21007,45.348,0.00420437932874052,45.35082025414,0.00702463346873399
4.22141,45.34552,0.00172437932874203,45.3504768786153,0.00668125794404322
4.23271,45.3537,0.00990437932874499,45.3504106947058,0.00661507403455155
4.24404,45.34568,0.00188437932874308,45.3506478995109,0.00685227883963889
4.25536,45.34472,0.000924379328743896,45.3511833532749,0.00738773260361802
4.26668,45.35348,0.00968437932873911,45.3519789564616,0.00818333579036093
4.27798,45.35024,0.00644437932874098,45.3529664102687,0.00917078959740009
4.28929,45.35654,0.0127443793287441,45.3540541349597,0.0102585142883953
4.3006,45.35545,0.0116543793287391,45.3551374046973,0.011341784026056
4.31189,45.35417,0.010374379328745,45.356110256607,0.0123146359357423
4.32321,45.36166,0.0178643793287421,45.3568775268798,0.0130819062085492
4.33451,45.36561,0.0218143793287382,45.3573653846616,0.013569763990346
4.34582,45.35702,0.0132243793287401,45.3575289328229,0.0137333121516631
4.35716,45.35585,0.0120543793287382,45.3573559094264,0.0135602887551791
4.36846,45.35523,0.0114343793287404,45.3568662752438,0.0130706545725414
4.37979,45.35707,0.0132743793287418,45.3561082538077,0.0123126331364815
4.39111,45.35147,0.0076743793287406,45.3551518492532,0.0113562285819545
4.40241,45.36079,0.016994379328743,45.3540809173988,0.0102852967275377
4.41372,45.3479,0.0041043793287443,45.3529847087825,0.00918908811126005
4.42504,45.34938,0.00558437932873801,45.3519496666137,0.00815404594240669
4.43637,45.35116,0.00736437932874168,45.3510522085146,0.00725658784336693
4.44765,45.34751,0.0037143793287413,45.3503531300911,0.00655750941985966
4.45896,45.35181,0.00801437932874194,45.3498940064952,0.00609838582394587
4.47029,45.35336,0.00956437932874366,45.3496955738145,0.00589995314328645
4.48161,45.35085,0.00705437932874275,45.349757739094,0.00596211842278035
4.49296,45.34718,0.00338437932874314,45.3500607766808,0.00626515600953515
4.50427,45.34654,0.00274437932873894,45.350567445014,0.00677182434275577
4.51559,45.35336,0.00956437932874366,45.3512260132172,0.00743039254590143
4.52691,45.35342,0.00962437932874138,45.3519742494258,0.00817862875450175
4.53824,45.35409,0.0102943793287409,45.3527442274231,0.00894860675187291
4.54955,45.34937,0.00557437932874194,45.3534675727913,0.00967195212008442
4.56086,45.35473,0.0109343793287451,45.3540807063295,0.0102850856582647
4.5722,45.35627,0.0124743793287436,45.3545297011739,0.0107340805026545
4.5835,45.36398,0.0201843793287395,45.3547743828335,0.010978762162218
4.59483,45.34312,-0.00067562067125948,45.3547912894332,0.0109956687618969
4.60614,45.3589,0.01510437932874,45.3545752557938,0.0107796351225276
4.61747,45.35168,0.00788437932874331,45.3541396880018,0.0103440673305424
4.6288,45.35284,0.00904437932874202,45.3535157877106,0.00972016703939209
4.64014,45.35713,0.0133343793287395,45.352750898445,0.00895527777376749
4.65144,45.34958,0.00578437932874465,45.3519059242802,0.00811030360892559
4.66279,45.35299,0.0091943793287399,45.3510516471063,0.00725602643502831
4.67412,45.35246,0.0086643793287422,45.3502638231378,0.00646820246654546
4.68545,45.35134,0.00754437932874197,45.3496171213091,0.0058215006378319
4.69678,45.35123,0.00743437932874258,45.3491782226449,0.0053826019736729
4.70811,45.34239,-0.00140562067125671,45.348998729782,0.0052031091107709
4.71941,45.34294,-0.000855620671259771,45.3491088935089,0.0053132728376667
4.73073,45.35165,0.00785437932874089,45.3495133454039,0.00571772473264679
4.74206,45.34977,0.00597437932874101,45.3501897940247,0.00639417335345164
4.75338,45.35014,0.00634437932874476,45.3510910175704,0.00729539689915138
4.76471,45.34959,0.00579437932874072,45.352149794722,0.00835417405075104
4.77604,45.35793,0.0141343793287447,45.3532859454969,0.00949032482568473
4.78737,45.35532,0.0115243793287405,45.3544144126962,0.0106187920249631
4.79867,45.35915,0.0153543793287412,45.3554532174446,0.0116575967733563
4.81002,45.35789,0.0140943793287391,45.3563302135927,0.0125345929214701
4.82132,45.35392,0.0101243793287438,45.3569879137044,0.0131922930331555
4.83264,45.36318,0.0193843793287414,45.3573861806524,0.0135905599811226
4.84396,45.34732,0.00352437932874494,45.3575030782331,0.0137074575618701
4.8553,45.3563,0.0125043793287389,45.3573344855218,0.01353886485052
4.86663,45.36093,0.0171343793287448,45.3568931049814,0.0130974843101136
4.87793,45.35799,0.0141943793287425,45.3562072124627,0.0124115917914747
4.88926,45.35474,0.0109443793287411,45.3553190706107,0.0115234499394161
4.9006,45.35766,0.0138643793287443,45.3542826765764,0.0104870559051692
4.91191,45.35101,0.0072143793287438,45.3531606149857,0.00936499431446322
4.92322,45.34717,0.00337437932873996,45.3520201008633,0.00822448019206967
4.93454,45.35405,0.0102543793287424,45.3509285680107,0.00713294733945317
4.94586,45.35071,0.00691437932874095,45.3499492182312,0.00615359755993351
4.9572,45.35478,0.0109843793287396,45.3491368023589,0.0053411816876532
4.96851,45.34441,0.000614379328744974,45.3485337603785,0.00473813970727881
4.97981,45.34532,0.0015243793287425,45.3481669332824,0.00437131261113925
4.99115,45.34168,-0.00211562067126181,45.3480453330979,0.0042497124265931
5.00249,45.35146,0.00766437932874453,45.3481595953867,0.00436397471540777
5.0138,45.34669,0.00289437932874392,45.3484834708346,0.00468785016337911
5.02514,45.35447,0.0106743793287407,45.348977125279,0.00518150460777623
5.03646,45.35331,0.009514379328742,45.3495914780383,0.00579585736701007
5.04778,45.34614,0.00234437932873988,45.3502726401836,0.0064770195122926
5.0591,45.3568,0.0130043793287413,45.3509657759118,0.00717015524053367
5.07041,45.34372,-7.56206712608787e-05,45.3516182077062,0.00782258703490396
5.0817,45.35421,0.0104143793287435,45.3521820336184,0.0083864129470937
5.09301,45.34785,0.00405437932874264,45.3526167208683,0.00882110019700252
5.10434,45.34931,0.00551437932874421,45.3528920259917,0.00909640532044812
5.11565,45.35871,0.0149143793287436,45.3529912087973,0.00919558812602947
5.12698,45.35487,0.0110743793287398,45.3529139749682,0.009118354296918
5.13829,45.36159,0.0177943793287412,45.3526781277802,0.00888250710895236
5.14962,45.35394,0.010144379328743,45.3523188323586,0.00852321168736466
5.16094,45.35121,0.00741437932874334,45.351884884586,0.00808926391472845
5.17227,45.34614,0.00234437932873988,45.3514323132249,0.00763669255363098
5.18359,45.34177,-0.00202562067126166,45.351016608584,0.00722098791269275
5.19492,45.3509,0.00710437932874441,45.3506853639142,0.00688974324290611
5.20625,45.35293,0.00913437932874217,45.3504728563798,0.00667723570857306
5.21756,45.35375,0.00995437932873955,45.3503972414311,0.00660162075986989
5.22888,45.34923,0.00543437932874014,45.350460120202,0.00666449953077104
5.2402,45.35243,0.00863437932873978,45.3506477668818,0.00685214621050891
5.2515,45.35232,0.00852437932874039,45.350933358959,0.00713773828775729
5.26283,45.35058,0.00678437932874232,45.3512798715261,0.00748425085484728
5.27417,45.34441,0.000614379328744974,45.3516436132209,0.00784799254960064
5.28549,45.35187,0.00807437932873967,45.3519785673468,0.00818294667557268
5.2968,45.35264,0.00884437932874249,45.3522416463738,0.00844602570249742
5.30816,45.3504,0.00660437932874203,45.3523986010627,0.00860298039145977
5.31947,45.36132,0.0175243793287407,45.3524297822263,0.00863416155503289
5.33076,45.35329,0.00949437932874275,45.3523345356355,0.00853891496428983
5.34207,45.35358,0.00978437932874243,45.3521329680082,0.00833734733690883
5.35338,45.35705,0.0132543793287425,45.3518642188921,0.00806859822079686
5.36469,45.35392,0.0101243793287438,45.3515810869832,0.00778546631194172
5.37602,45.35068,0.00688437932873853,45.3513416880348,0.00754606736351429
5.38734,45.33675,-0.00704562067125636,45.3511996152261,0.0074039945548575
5.39868,45.34517,0.00137437932874462,45.3511946544807,0.00739903380939699
5.41002,45.35705,0.0132543793287425,45.3513461368552,0.00755051618395872
5.42129,45.35059,0.00679437932873839,45.3516502529919,0.00785463232061687
5.4326,45.35385,0.0100543793287429,45.3520814223427,0.0082858016714571
5.44392,45.35593,0.0121343793287423,45.352596803527,0.00880118285573952
5.45525,45.34732,0.00352437932874494,45.3531426654351,0.00934704476388746
5.46658,45.35783,0.0140343793287414,45.3536614594648,0.00986583879355187
5.4779,45.35651,0.0127143793287416,45.3540986753179,0.0103030546466475
5.48923,45.35338,0.0095843793287429,45.3544087284756,0.0106131078043322
5.50055,45.35849,0.0146943793287448,45.3545592616785,0.0107636410072566
5.51186,45.35159,0.00779437932874316,45.3545334694491,0.0107378487777981
5.52316,45.35481,0.0110143793287421,45.3543303801773,0.0105347595060835
5.53447,45.35746,0.0136643793287448,45.3539633388116,0.0101677181403745
5.54578,45.3511,0.00730437932874395,45.3534571378962,0.00966151722499308
5.5571,45.34977,0.00597437932874101,45.3528443669616,0.00904874629039129
5.56844,45.35134,0.00754437932874197,45.3521616350663,0.00836601439502961
5.57972,45.34926,0.00546437932874255,45.3514463133819,0.00765069271062267
5.59101,45.35078,0.00698437932874185,45.3507342387041,0.00693861803289177
5.60232,45.35572,0.0119243793287396,45.350058435653,0.00626281498175684
5.61364,45.34941,0.00561437932874043,45.3494485393112,0.00565291863990326
5.62497,45.34888,0.00508437932874273,45.3489304468836,0.00513482621235176
5.63631,45.34177,-0.00202562067126166,45.3485258799655,0.0047302592942065
5.64763,45.35298,0.00918437932874383,45.3482518404953,0.00445621982403394
5.65896,45.34824,0.00444437932873853,45.34812010048,0.00432447980869808
5.67028,45.35304,0.00924437932874156,45.348136767975,0.00434114730377315
5.68162,45.34204,-0.00175562067126123,45.3483018289279,0.00450620825661298
5.69295,45.34847,0.00467437932874049,45.3486086196715,0.00481299900019485
5.70427,45.35305,0.00925437932874473,45.3490433883693,0.00524776769805791
5.7156,45.34998,0.00618437932874372,45.3495852200212,0.00578959934995983
5.72693,45.34265,-0.00114562067125945,45.3502065675345,0.00641094686326908
5.73826,45.34869,0.00489437932873926,45.3508745824901,0.00707896181882704
5.74958,45.35748,0.013684379328744,45.351553368755,0.00775774808373048
5.7609,45.35223,0.00843437932874025,45.3522070256994,0.00841140502810038
5.77221,45.35214,0.0083443793287401,45.3528029544626,0.00900733379134083
5.78353,45.35723,0.0134343793287428,45.3533146793799,0.00951905870867291
5.79484,45.35581,0.0120143793287397,45.3537235509136,0.00992793024235026
5.80618,45.35542,0.0116243793287438,45.3540190283349,0.0102234076636378
5.81751,45.34496,0.00116437932874192,45.3541976518323,0.0104020311610338
5.82882,45.35525,0.0114543793287396,45.3542612147773,0.0104655941060375
5.84016,45.35646,0.01266437932874,45.3542148472155,0.0104192265442866
5.85151,45.35123,0.00743437932874258,45.354065551531,0.0102699308597822
5.86285,45.36127,0.0174743793287391,45.3538213190789,0.0100256984076192
5.87417,45.35244,0.00864437932874296,45.3534906460298,0.0096950253585251
5.8855,45.35058,0.00678437932874232,45.3530822732859,0.00928665261460992
5.89684,45.3474,0.00360437932874191,45.3526052437136,0.00880962304234974
5.90818,45.34798,0.00418437932874127,45.3520696433808,0.00827402270948989
5.91948,45.35388,0.0100843793287382,45.3514883572502,0.00769273657897364
5.93083,45.35531,0.0115143793287444,45.350879700416,0.00708407974469483
5.94214,45.34969,0.00589437932874404,45.3502701236837,0.00647450301248014
5.95347,45.35632,0.0125243793287382,45.3496957662042,0.0059001455329767
5.96478,45.35076,0.00696437932874261,45.3492016914074,0.00540607073615627
5.97609,45.35589,0.0120943793287438,45.3488381442907,0.0050425236194714
5.98742,45.34386,6.43793287409267e-05,45.3486539382179,0.00485831754668672
5.99874,45.34492,0.00112437932874343,45.3486879702066,0.00489234953539199
6.01006,45.34074,-0.00305562067126175,45.3489606570154,0.00516503634412054
6.02138,45.34382,2.4379328742441e-05,45.3494674358775,0.00567181520621105
6.03269,45.35505,0.0112543793287401,45.3501761163527,0.00638049568144949
6.04401,45.34934,0.00554437932873952,45.3510288869392,0.00723326626793931
6.05532,45.34979,0.00599437932874025,45.3519486204886,0.00815299981735943
6.06666,45.35673,0.0129343793287404,45.3528482674601,0.0090526467888133
6.07796,45.35586,0.0120643793287414,45.353641729405,0.00984610873378177
6.08927,45.3543,0.0105043793287436,45.3542545312715,0.0104589106002341
6.10058,45.35571,0.0119143793287435,45.3546327407738,0.0108371201025517
6.11191,45.36037,0.0165743793287447,45.3547488862207,0.010953265549459
6.12321,45.35761,0.0138143793287426,45.3546040452893,0.0108084246180046
6.13453,45.35825,0.0144543793287397,45.3542257845337,0.0104301638624254
6.14587,45.34878,0.00498437932873941,45.3536622816958,0.00986666102453217
6.15718,45.34591,0.00211437932874503,45.3529737426897,0.00917812201845939
6.16849,45.35373,0.00993437932874031,45.352222873436,0.0084272527647554
6.1798,45.34895,0.00515437932874363,45.3514663359547,0.00767071528346011
6.19112,45.34601,0.00221437932874124,45.3507487187638,0.00695309809250906
6.20241,45.34852,0.00472437932874215,45.3500998381486,0.00630421747735476
6.2137,45.34947,0.00567437932873815,45.3495354440117,0.00573982334046117
6.22504,45.34966,0.00586437932874162,45.3490607091374,0.00526508846613771
6.23634,45.35554,0.0117443793287393,45.3486752555627,0.00487963489141368
6.24766,45.35537,0.0115743793287422,45.3483780702275,0.00458244955622866
6.25898,45.35308,0.00928437932874004,45.3481707083864,0.00437508771510477
6.27029,45.33989,-0.00390562067126154,45.3480578023463,0.00426218167505145
6.2816,45.34944,0.00564437932874284,45.3480449450562,0.00424932438495235
6.29292,45.34196,-0.0018356206712582,45.3481350478986,0.0043394272273778
6.30424,45.34171,-0.00208562067125939,45.3483247737069,0.00452915303566827
6.31554,45.35284,0.00904437932874202,45.3486024389206,0.00480681824938309
6.32683,45.35241,0.00861437932874054,45.3489480630482,0.00515244237697227
6.33813,45.34386,6.43793287409267e-05,45.3493354040502,0.00553978337891661
6.34942,45.35458,0.0107843793287401,45.34973523205,0.00593961137874579
6.3607,45.34988,0.0060843793287404,45.3501189133693,0.00632329269803643
6.37202,45.35565,0.0118543793287387,45.3504614631575,0.00666584248623701
6.38335,45.35303,0.00923437932873838,45.3507434205647,0.00694779989341005
6.39464,45.34724,0.00344437932874087,45.3509512326826,0.00715561201130819
6.40594,45.347,0.00320437932874285,45.3510763310214,0.00728071035009242
6.41726,45.35134,0.00754437932874197,45.3511135630476,0.00731794237630565
6.4286,45.35199,0.00819437932874223,45.3510598144403,0.00726419376902823
6.4399,45.34726,0.00346437932874011,45.3509134367192,0.00711781604794935
6.45124,45.35353,0.00973437932874077,45.3506746833766,0.00687906270535127
6.46256,45.34574,0.00194437932874081,45.3503470016807,0.0065513810094759
6.47388,45.35479,0.0109943793287428,45.3499387857961,0.00614316512485911
6.48523,45.35071,0.00691437932874095,45.3494650185975,0.005669397926227
6.49656,45.35369,0.00989437932874182,45.3489481326841,0.00515251201285207
6.5079,45.34862,0.00482437932873836,45.3484175169278,0.00462189625659022
6.51922,45.34717,0.00337437932873996,45.3479074637733,0.00411184310204918
6.53054,45.34103,-0.00276562067125496,45.3474539090945,0.00365828842323943
6.54185,45.34283,-0.00096562067125916,45.3470907969685,0.00329517629723621
6.55318,45.34866,0.00486437932874395,45.3468470062054,0.0030513855341124
6.56449,45.35615,0.0123543793287411,45.3467443942999,0.00294877362864161
6.5758,45.34383,3.43793287385097e-05,45.3467968989442,0.00300127827293235
6.58712,45.34372,-7.56206712608787e-05,45.3470102707609,0.00321465008965911
6.59844,45.34812,0.00432437932874308,45.3473821432905,0.00358652261924021
6.60977,45.34261,-0.00118562067125794,45.3479025088029,0.00410688813159525
6.62108,45.35213,0.00833437932874403,45.3485548075954,0.00475918692416928
6.63238,45.34791,0.00411437932874037,45.3493176164827,0.00552199581140258
6.64367,45.35269,0.00889437932874415,45.3501665456094,0.00637092493815314
6.655,45.36563,0.0218343793287445,45.3510756896348,0.0072800689635716
6.6663,45.3452,0.00140437932873994,45.3520180305103,0.00822240983904314
6.67762,45.34548,0.00168437932874355,45.3529646744357,0.00916905376445078
6.68894,45.34917,0.00537437932874241,45.3538835900627,0.0100879693914336
6.70027,45.3549,0.0111043793287422,45.3547390794703,0.0109434587990161
6.71161,45.35212,0.00832437932874086,45.3554930463664,0.0116974256951328
6.72292,45.36219,0.0183943793287398,45.3561082933433,0.012312672672006
6.73424,45.35921,0.0154143793287389,45.3565531428782,0.0127575222069121
6.74558,45.3592,0.0154043793287428,45.3568061318985,0.0130105112272634
6.75692,45.35572,0.0119243793287396,45.3568595376218,0.0130639169505706
6.76826,45.3568,0.0130043793287413,45.3567209339197,0.012925313248427
6.77959,45.35625,0.0124543793287444,45.3564125596875,0.012616939016288
6.79094,45.35563,0.0118343793287394,45.3559687152966,0.0121730946253205
6.80225,45.36317,0.0193743793287382,45.3554315992157,0.0116359785444381
6.81356,45.3513,0.00750437932874348,45.3548460800227,0.0110504593513949
6.82488,45.34704,0.00324437932874133,45.3542540580031,0.0104584373318553
6.83622,45.35098,0.00718437932874139,45.3536893295056,0.00989370883429573
6.84756,45.35298,0.00918437932874383,45.3531739715658,0.00937835089455369
6.8589,45.35499,0.0111943793287423,45.352716930399,0.00892130972775596
6.87023,45.35664,0.0128443793287403,45.3523148130976,0.00851919242633911
6.88155,45.35107,0.00727437932874153,45.3519542847842,0.00815866411291285
6.89288,45.34726,0.00346437932874011,45.351615308041,0.00781968736970379
6.90421,45.35225,0.00845437932873949,45.3512746748185,0.00747905414721876
6.91555,45.35582,0.0120243793287429,45.3509095407217,0.0071139200504369
6.92688,45.34542,0.00162437932873871,45.3505007343758,0.00670511370458148
6.93821,45.35533,0.0115343793287437,45.3500355504267,0.00623992975539749
6.94952,45.34827,0.00447437932874095,45.3495097460515,0.0057141253802789
6.96085,45.34707,0.00327437932874375,45.348928598497,0.00513297782569669
6.97217,45.34279,-0.00100562067125765,45.3483070480644,0.00451142739316888
6.98347,45.35951,0.0157143793287418,45.3476690312591,0.00387341058784671
6.99481,45.34112,-0.00267562067126192,45.3470460408152,0.00325042014394571
7.00613,45.35533,0.0115343793287437,45.346474836462,0.00267921579076118
7.01743,45.33681,-0.00698562067125863,45.3459943082198,0.00219868754850595
7.02872,45.34397,0.000174379328740315,45.3456418273619,0.00184620669061613
7.04002,45.34496,0.00116437932874192,45.3454497517315,0.00165413106027839
7.05133,45.34636,0.00256437932873865,45.3454427624255,0.00164714175420575
7.06266,45.34381,1.43793287392668e-05,45.3456363520966,0.00184073142537301
7.074,45.35093,0.00713437932873973,45.3460363134353,0.00224069276401602
7.08534,45.34666,0.00286437932874151,45.3466387687233,0.00284314805205451
7.09666,45.35104,0.00724437932873911,45.3474302417719,0.0036346211006605
7.10797,45.34933,0.00553437932874346,45.3483874836389,0.00459186296760363
7.11926,45.34082,-0.00297562067125767,45.3494771596967,0.00568153902548434
7.13058,45.34729,0.00349437932874253,45.3506559298915,0.00686030922019396
7.1419,45.35674,0.0129443793287436,45.3518716354197,0.00807601474848993
7.15322,45.35097,0.00717437932873821,45.3530660462618,0.00927042559054264
7.16453,45.35503,0.0112343793287408,45.3541790594424,0.0103834387711389
7.17585,45.3554,0.0116043793287446,45.3551537511879,0.0113581305166433
7.18718,45.35739,0.0135943793287439,45.3559415008467,0.0121458801754083
7.1985,45.35481,0.0110143793287421,45.3565064348874,0.0127108142161433
7.2098,45.36497,0.0211743793287411,45.3568285399277,0.0130329192564872
7.22112,45.35505,0.0112543793287401,45.3569049457124,0.0131093250411876
7.23242,45.35601,0.0122143793287393,45.3567491468899,0.0129535262186267
7.24372,45.35402,0.01022437932874,45.3563883375452,0.0125927168738936
7.25504,45.35719,0.0133943793287443,45.3558594445903,0.0120638239190682
7.26636,45.35178,0.00798437932873952,45.3552046542419,0.0114090335706052
7.2777,45.3547,0.0109043793287427,45.3544671575266,0.0106715368552962
7.28902,45.35219,0.00839437932874176,45.3536876032929,0.00989198262161452
7.30037,45.36047,0.0166743793287409,45.3529014660563,0.00910584538506809
7.31169,45.34699,0.00319437932873967,45.3521373028212,0.00834168214990777
7.32302,45.35267,0.00887437932874491,45.3514157965486,0.00762017587734728
7.33436,45.34393,0.000134379328741829,45.350749597385,0.00695397671375189
7.34565,45.35467,0.0108743793287402,45.3501441077976,0.00634848712630475
7.35698,45.34698,0.0031843793287436,45.34959928424,0.0058036635687017
7.3683,45.35181,0.00801437932874194,45.3491122280207,0.00531660734948027
7.37963,45.34695,0.00315437932874119,45.3486800177848,0.00488439711355718
7.39097,45.3566,0.0128043793287418,45.3483020823121,0.00450646164079322
7.40232,45.34467,0.000874379328742236,45.3479814668493,0.00418584617800287
7.41364,45.35321,0.00941437932873868,45.347724598284,0.0039289776126988
7.42496,45.33844,-0.00535562067125994,45.3475395848851,0.00374396421380732
7.43628,45.35225,0.00845437932873949,45.3474335720758,0.0036379514045662
7.44761,45.34224,-0.00155562067126169,45.3474099925805,0.0036143719092898
7.45894,45.34441,0.000614379328744974,45.3474665499467,0.00367092927543505
7.4703,45.34713,0.00333437932874148,45.3475944919176,0.00379887124637137
7.48163,45.35667,0.0128743793287427,45.3477792841643,0.00398366349304393
7.49293,45.34654,0.00274437932873894,45.348002333632,0.00420671296076443
7.50425,45.34465,0.000854379328742993,45.3482431605825,0.00444753991124951
7.51558,45.34846,0.00466437932874442,45.3484815380336,0.00468591736236918
7.52691,45.34888,0.00508437932874273,45.3486994369835,0.00490381631220751
7.53824,45.35008,0.00628437932873993,45.3488827842497,0.00508716357843483
7.54954,45.35154,0.0077443793287415,45.3490229572373,0.00522733656601579
7.56084,45.34514,0.00134437932874221,45.3491178158783,0.00532219520702638
7.57218,45.34966,0.00586437932874162,45.3491720875526,0.00537646688135147
7.5835,45.34892,0.00512437932874121,45.3491970263378,0.00540140566655853
7.59484,45.35108,0.00728437932874471,45.3492093063854,0.00541368571416504
7.60613,45.35567,0.011874379328745,45.3492290417436,0.00543342107230749
7.61745,45.35183,0.00803437932874118,45.3492768058546,0.00548118518332371
7.62877,45.3435,-0.000295620671259655,45.3493697623568,0.005574141685588
7.64007,45.34269,-0.00110562067126097,45.3495175428464,0.00572192217515879
7.65138,45.34804,0.004244379328739,45.3497190224392,0.0059234017678957
7.66267,45.34854,0.00474437932874139,45.3499612046155,0.00616558394423937
7.67402,45.35004,0.00624437932874145,45.3502208638066,0.00642524313539282
7.68534,45.35539,0.0115943793287414,45.3504687042449,0.00667308357366908
7.69666,45.35111,0.00731437932874002,45.3506750459997,0.00687942532845901
7.70798,45.34869,0.00489437932873926,45.3508157202935,0.00702009962225258
7.7193,45.35864,0.0148443793287427,45.3508769425217,0.00708132185045448
7.73063,45.35186,0.0080643793287436,45.3508582626253,0.0070626419540027
7.74194,45.34404,0.000244379328741218,45.3507731171452,0.00697749647397311
7.75326,45.35825,0.0144543793287397,45.3506469752229,0.00685135455162119
7.76457,45.34773,0.00393437932874008,45.3505135106335,0.00671788996228339
7.77589,45.34552,0.00172437932874203,45.3504095195023,0.00661389883109059
7.78718,45.35532,0.0115243793287405,45.3503694121019,0.006573791430633
7.79852,45.34761,0.00381437932874462,45.3504200931007,0.00662447242939738
7.80981,45.34706,0.00326437932874057,45.3505769317348,0.00678131106354855
7.82113,45.35542,0.0116243793287438,45.350841344611,0.00704572393975747
7.83242,45.34333,-0.000465620671256772,45.3512003185669,0.00740469789561031
7.84373,45.35246,0.0086643793287422,45.3516279797383,0.00783235906702662
7.85505,45.3545,0.0107043793287431,45.352089028164,0.00829340749272481
7.86636,45.35473,0.0109343793287451,45.3525435105534,0.00874788988218582
7.87768,45.35311,0.00931437932874246,45.352952098351,0.00915647767972986
7.889,45.35345,0.0096543793287438,45.3532809422631,0.00948532159180596
7.90034,45.35696,0.0131643793287424,45.3535053495078,0.00970972883656088
7.91168,45.35388,0.0100843793287382,45.3536118527351,0.00981623206383078
7.92302,45.35349,0.00969437932874229,45.3535985771147,0.00980295644348031
7.93434,45.34945,0.00565437932873891,45.3534741387594,0.00967851808815826
7.94566,45.35403,0.0102343793287432,45.3532555883781,0.00945996770687219
7.95699,45.35281,0.00901437932873961,45.3529660320777,0.00917041140639648
7.96833,45.35077,0.00697437932873868,45.352632450413,0.0088368297417215
7.97966,45.34995,0.0061543793287413,45.3522839839836,0.0084883633123661
7.99098,45.35583,0.012034379328739,45.3519506861962,0.00815506552492792
8.00232,45.35284,0.00904437932874202,45.3516625046227,0.00786688395142904
8.0136,45.35345,0.0096543793287438,45.3514480766221,0.00765245595082722
8.02491,45.35071,0.00691437932874095,45.3513329202131,0.00753729954182541
8.03621,45.35457,0.010774379328744,45.3513368296394,0.00754120896816859
8.04753,45.35203,0.00823437932874072,45.3514706580434,0.00767503737215561
8.05885,45.34502,0.00122437932873964,45.3517330505478,0.00793742987658694
8.07015,45.34905,0.00525437932873984,45.3521079870709,0.00831236639961633
8.08148,45.35061,0.00681437932874474,45.3525640793806,0.00876845870932822
8.09279,45.3524,0.00860437932874447,45.3530562842957,0.00926066362444475
8.10411,45.36255,0.0187543793287404,45.3535300667555,0.00973444608421691
8.11542,45.34626,0.00246437932874244,45.3539273753811,0.0101317547098069
8.12674,45.35805,0.0142543793287402,45.3541934315546,0.0103978108833695
8.13806,45.3528,0.00900437932874354,45.3542833611641,0.0104877404927978
8.14938,45.35838,0.0145843793287384,45.354167895096,0.010372274424709
8.16072,45.34827,0.00447437932874095,45.3538375112908,0.0100418906195818
8.17204,45.36403,0.0202343793287412,45.3533044865101,0.00950886583885924
8.18337,45.35333,0.00953437932874124,45.3526024744191,0.0088068537478136
8.19468,45.34473,0.000934379328739965,45.3517835057526,0.00798788508135651
8.20599,45.34902,0.00522437932874453,45.3509127342434,0.00711711357214733
8.21732,45.35833,0.0145343793287438,45.3500616742292,0.00626605355797148
8.22864,45.34451,0.000714379328741188,45.3493008306372,0.00550520996592961
8.23994,45.3465,0.00270437932874046,45.3486925036714,0.00489688300011971
8.25124,45.35405,0.0102543793287424,45.3482844302365,0.00448880956523473
8.26257,45.34089,-0.00290562067125677,45.3481049253026,0.00430930463134729
8.27388,45.34538,0.00158437932874023,45.3481601832682,0.00436456259695522
8.28517,45.34378,-1.56206712560447e-05,45.3484342695352,0.00463864886392918
8.2965,45.35171,0.00791437932873862,45.34889199786,0.00509637718875402
8.30784,45.35439,0.0105943793287437,45.3494843058511,0.00568868517987478
8.31916,45.35351,0.00971437932874153,45.3501550849167,0.00635946424548185
8.33046,45.35213,0.00833437932874403,45.350848074363,0.00705245369171151
8.34179,45.34659,0.0027943793287406,45.3515126274859,0.0077170068145976
8.35311,45.35494,0.0111443793287407,45.3521077368263,0.00831211615508923
8.36443,45.35491,0.0111143793287383,45.3526042617634,0.00880864109213584
8.37574,45.34897,0.00517437932874287,45.3529855765988,0.00918995592756153
8.38708,45.35128,0.00748437932874424,45.3532469145802,0.00945129390890606
8.39841,45.35763,0.0138343793287419,45.3533936782847,0.00959805761346015
8.40972,45.358,0.0142043793287385,45.3534389366974,0.00964331602609924
8.42104,45.34941,0.00561437932874043,45.3534002528276,0.00960463215633237
8.43236,45.3558,0.0120043793287437,45.3532960462744,0.00950042560311909
8.44366,45.34766,0.00386437932873918,45.3531419729244,0.00934635225318246
8.45498,45.3496,0.00580437932874389,45.3529481010222,0.00915248035093915
8.46632,45.3525,0.00870437932874069,45.3527177008665,0.00892208019521342
8.47764,45.35026,0.00646437932874022,45.3524481440719,0.0086525234006072
8.48897,45.35225,0.00845437932873949,45.352133832463,0.00833821179171197
8.50029,45.35711,0.0133143793287402,45.3517704566358,0.00797483596454305
8.5116,45.35317,0.00937437932874019,45.3513594295027,0.00756380883142929
8.5229,45.3511,0.00730437932874395,45.3509111979231,0.00711557725184079
8.53422,45.35747,0.0136743793287408,45.350446360697,0.00665074002578193
8.54553,45.35377,0.00997437932873879,45.3499940478216,0.00619842715037946
8.55686,45.34198,-0.00181562067125896,45.3495877184861,0.00579209781480868
8.56817,45.34338,-0.000415620671255112,45.3492592970822,0.00546367641098988
8.5795,45.34813,0.00433437932873915,45.3490331651269,0.00523754445563154
8.59079,45.34581,0.00201437932874171,45.3489216165894,0.00512599591812126
8.60211,45.35508,0.0112843793287425,45.3489228423623,0.00512722169101267
8.61342,45.34186,-0.00193562067126152,45.349021664612,0.00522604394072471
8.62471,45.35291,0.00911437932874293,45.349192558291,0.00539693761973159
8.63601,45.35071,0.00691437932874095,45.3494041521424,0.00560853147109607
8.64731,45.35181,0.00801437932874194,45.3496242837091,0.00582866303782572
8.65862,45.35007,0.00627437932874386,45.3498246891356,0.00602906846434157
8.66996,45.35519,0.0113943793287419,45.3499845699327,0.00618894926140452
8.68129,45.34612,0.00232437932874063,45.3500926209431,0.00629700027179465
8.69262,45.34505,0.00125437932874206,45.3501475439408,0.00635192326959105
8.70394,45.34681,0.00301437932873938,45.3501574382518,0.00636181758054541
8.71526,45.3563,0.0125043793287389,45.3501385339343,0.0063429132630146
8.72659,45.35545,0.0116543793287391,45.3501134202133,0.00631779954205365
8.73793,45.35722,0.0134243793287396,45.3501084895166,0.00631286884533575
8.74926,45.34164,-0.00215562067126029,45.350150266745,0.00635464607372711
8.76056,45.34489,0.00109437932874101,45.3502608403057,0.00646521963445535
8.77189,45.34855,0.00475437932874456,45.350453373285,0.00665775261372044
8.78322,45.35007,0.00627437932874386,45.350728995816,0.00693337514473986
8.79453,45.35235,0.00855437932874281,45.3510759850092,0.00728036433793847
8.80587,45.35249,0.00869437932874462,45.3514713515616,0.00767573089031032
8.81718,45.35365,0.00985437932874333,45.3518842931376,0.0080886724663331
8.82849,45.35008,0.00628437932873993,45.3522806981504,0.00848507747917831
8.83984,45.35152,0.00772437932874226,45.3526279222301,0.00883230155888606
8.85117,45.356,0.0122043793287432,45.3528992077135,0.0091035870422015
8.86248,45.35427,0.0104743793287412,45.3530772051219,0.00928158445066628
8.87379,45.35675,0.0129543793287397,45.3531560783895,0.00936045771827137
8.88512,45.35265,0.00885437932873856,45.3531417779231,0.00934615725183675
8.89641,45.35581,0.0120143793287397,45.3530503667072,0.00925474603590439
8.90772,45.34379,-5.62067125997601e-06,45.352904734767,0.00910911409570079
8.91906,45.35847,0.0146743793287385,45.3527304500914,0.00893482942012608
8.93039,45.34939,0.00559437932874118,45.3525516760449,0.00875605537368343
8.94172,45.34711,0.00331437932874223,45.352387974198,0.00859235352675813
8.95304,45.35528,0.011484379328742,45.35225251165,0.00845689097872224
8.96434,45.35705,0.0132543793287425,45.3521518330854,0.00835621241410808
8.97568,45.34327,-0.000525620671261606,45.3520870137499,0.0082913930786811
8.987,45.34799,0.00419437932874445,45.3520557641966,0.00826014352538472
8.99831,45.36551,0.021714379328742,45.3520549184582,0.00825929778691571
9.00965,45.35522,0.0114243793287443,45.3520825710152,0.00828695034398034
9.02097,45.35755,0.0137543793287449,45.3521389921096,0.00834337143835778
9.03228,45.34832,0.00452437932874261,45.3522257341745,0.00843011350326039
9.04358,45.33717,-0.00662562067125805,45.3523432082043,0.00854758753308435
9.05488,45.35062,0.0068243793287408,45.3524879557363,0.00869233506506023
9.06619,45.36191,0.0181143793287433,45.3526511057907,0.00885548511945395
9.0775,45.35372,0.00992437932874424,45.3528188420356,0.00902322136434991
9.08881,45.34825,0.00445437932874171,45.3529746822903,0.00917906161904214
9.10013,45.34866,0.00486437932874395,45.353102778635,0.00930715796377362
9.11144,45.35867,0.014874379328738,45.3531914255105,0.00939580483923529
9.12275,45.36143,0.0176343793287401,45.3532360366431,0.00944041597180153
9.13408,45.35757,0.0137743793287441,45.3532407676395,0.0094451469681961
9.14541,45.34414,0.000344379328744537,45.3532180527584,0.0094224320871661
9.15674,45.35545,0.0116543793287391,45.3531859036389,0.00939028296760118
9.16806,45.35408,0.0102843793287448,45.3531636137549,0.00936799308366701
9.1794,45.35163,0.00783437932874165,45.3531669900081,0.00937136933681656
9.19069,45.34326,-0.000535620671257675,45.3532042394389,0.00940861876766962
9.20203,45.35748,0.013684379328744,45.3532733928021,0.00947777213083229
9.21333,45.35759,0.0137943793287434,45.3533617664296,0.00956614575833023
9.22465,45.35216,0.00836437932873935,45.3534474512477,0.009651830576453
9.23597,45.34972,0.00592437932873935,45.3535023711451,0.00970675047384915
9.24732,45.35191,0.00811437932873815,45.3534963137509,0.00970069307966459
9.25864,45.35915,0.0153543793287412,45.3534013989073,0.00960577823605283
9.26998,45.35478,0.0109843793287396,45.3531964223915,0.00940080172027039
9.28131,45.3549,0.0111043793287422,45.3528703941576,0.00907477348631865
9.29262,45.35244,0.00864437932874296,45.3524246579194,0.00862903724812145
9.30391,45.34667,0.00287437932874468,45.3518733537018,0.00807773303054056
9.31524,45.34855,0.00475437932874456,45.3512424524532,0.00744683178195272
9.32657,45.35509,0.0112943793287386,45.3505678256566,0.00677220498535997
9.33792,45.35104,0.00724437932873911,45.3498926748233,0.00609705415201947
9.34923,45.3536,0.00980437932874167,45.349264318342,0.0054686976707056
9.36054,45.34513,0.00133437932873903,45.3487301740853,0.00493455341407374
9.37186,45.35304,0.00924437932874156,45.3483329775804,0.00453735690917495
9.3832,45.34246,-0.00133562067125581,45.3481057035462,0.00431008287496209
9.39452,45.34478,0.000984379328741625,45.3480670414495,0.00427142077820067
9.40583,45.34694,0.00314437932873801,45.3482184229422,0.00442280227093899
9.41716,45.34851,0.00471437932873897,45.3485434286649,0.00474780799360421
9.42847,45.34456,0.000764379328742848,45.3490099403618,0.00521431969058732
9.43978,45.3503,0.00650437932873871,45.3495748055642,0.00577918489297736
9.45109,45.35428,0.0104843793287444,45.3501902186414,0.0063945979701276
9.46238,45.35584,0.0120443793287421,45.3508105863421,0.00701496567084902
9.47369,45.35471,0.0109143793287387,45.3513984460247,0.00760282535340409
9.48501,45.3541,0.0103043793287441,45.3519282082009,0.00813258752965322
9.49632,45.34443,0.000634379328744217,45.3523871355913,0.00859151492003666
9.50765,45.35233,0.00853437932874357,45.3527737904956,0.00897816982437317
9.51898,45.35935,0.0155543793287407,45.3530947640169,0.00929914334562459
9.53029,45.35282,0.00902437932874278,45.3533606137839,0.00956499311265888
9.54159,45.34441,0.000614379328744974,45.3535817598024,0.00978613913114314
9.55293,45.35952,0.0157243793287449,45.3537649600714,0.00996933940009542
9.56424,45.34969,0.00589437932874404,45.3539109499449,0.0101153292736739
9.57558,45.35531,0.0115143793287444,45.3540136687748,0.0102180481035268
9.58691,45.35021,0.00641437932873856,45.3540611707555,0.0102655500842605
9.59822,45.35706,0.0132643793287386,45.3540379835712,0.0102423628998939
9.60955,45.35527,0.0114743793287388,45.3539284178635,0.0101327971922527
9.62087,45.35612,0.0123243793287386,45.3537201373219,0.00992451665060903
9.6322,45.35183,0.00803437932874118,45.3534072401412,0.00961161946991381
9.64352,45.35464,0.0108443793287449,45.3529922511011,0.00919663042987809
9.65484,45.35302,0.00922437932874232,45.3524867143648,0.00869109369352114
9.66614,45.35401,0.0102143793287439,45.3519103646477,0.00811474397646408
9.67745,45.34927,0.00547437932873862,45.3512890778094,0.00749345713818857
9.68878,45.35075,0.00695437932873944,45.3506519997933,0.00685637912201517
9.7001,45.34354,-0.00025562067126117,45.3500284296284,0.00623280895709362
9.71142,45.35227,0.00847437932873873,45.3494450906715,0.00564947000020586
9.72274,45.34746,0.00366437932873964,45.348924257398,0.00512863672674886
9.73407,45.3539,0.0101043793287445,45.3484828411657,0.00468722049442515
9.74542,45.34723,0.0034343793287448,45.348132178632,0.00433655796071169
9.75674,45.34673,0.00293437932874241,45.3478781398244,0.00408251915312229
9.76808,45.34733,0.00353437932874101,45.3477213277172,0.00392570704597356
9.77939,45.34672,0.00292437932873924,45.3476574017116,0.00386178104036831
9.79073,45.3465,0.00270437932874046,45.3476777014001,0.00388208072885036
9.80208,45.35037,0.00657437932873961,45.3477702997835,0.00397467911228593
9.81342,45.34472,0.000924379328743896,45.3479214584542,0.00412583778297698
9.82472,45.34821,0.00441437932874322,45.3481173036648,0.00432168299349162
9.83606,45.35357,0.00977437932873926,45.3483454391152,0.00454981844393072
9.84738,45.34787,0.00407437932874188,45.3485961563737,0.00480053570245385
9.8587,45.3484,0.00460437932873958,45.3488629321418,0.00506731147050545
9.87,45.35146,0.00766437932874453,45.3491420774573,0.00534645678608317
9.88131,45.34504,0.00124437932873889,45.3494316904021,0.00563606973086363
9.89262,45.34418,0.000384379328743023,45.3497303045523,0.00593468388103617
9.90394,45.356,0.0122043793287432,45.3500356683224,0.00624004765110405
9.91526,45.35306,0.0092643793287408,45.3503438788232,0.00654825815190167
9.92658,45.35404,0.0102443793287392,45.3506487542964,0.0068531336251722
9.93789,45.35011,0.00631437932874235,45.3509411783644,0.00714555769317473
9.9492,45.34246,-0.00133562067125581,45.3512084051708,0.00741278449954234
9.96052,45.34777,0.00397437932873856,45.3514337844938,0.00763816382255175
9.97187,45.35549,0.0116943793287447,45.3515975749785,0.00780195430728757
9.9832,45.35666,0.0128643793287395,45.3516791778273,0.00788355715604563
9.99451,45.34733,0.00353437932874101,45.3516604691114,0.0078648484401284
10.00584,45.35167,0.00787437932874013,45.351529452041,0.0077338313697719
10.01716,45.35323,0.00943437932874502,45.3512834284248,0.00748780775349067
10.02848,45.3536,0.00980437932874167,45.3509310780225,0.0071354573512561
10.0398,45.35351,0.00971437932874153,45.3504929807563,0.00669736008500523
10.05112,45.3473,0.00350437932873859,45.3500002695524,0.00620464888110348
10.06243,45.35252,0.00872437932873993,45.3494914105994,0.00569578992816635
10.07372,45.34968,0.00588437932874086,45.3490075333827,0.00521191271145733
10.08503,45.34071,-0.00308562067125706,45.3485871087757,0.00479148810442502
10.09634,45.34592,0.0021243793287411,45.348260985462,0.00446536479073651
10.10767,45.35025,0.00645437932874415,45.3480487611357,0.00425314046445094
10.11898,45.34572,0.00192437932874157,45.3479571105034,0.00416148983212864
10.1303,45.35081,0.00701437932874427,45.3479801090596,0.00418448838830756
10.14162,45.35158,0.00778437932873999,45.3481010679177,0.00430544724640123
10.15291,45.3467,0.00290437932873999,45.3482951659836,0.00449954531230207
10.16424,45.35088,0.00708437932873807,45.3485322580852,0.00473663741396271
10.17557,45.34766,0.00386437932873918,45.3487795397574,0.00498391908610068
10.18689,45.34523,0.00143437932874235,45.3490040981983,0.00520847752699628
10.19822,45.34473,0.000934379328739965,45.3491756114432,0.00537999077192032
10.20953,45.34554,0.00174437932874127,45.3492694415381,0.00547382086679749
10.22085,45.36129,0.0174943793287383,45.3492700228065,0.00547440213523615
10.23218,45.35511,0.0113143793287449,45.3491738745845,0.00537825391328867
10.24351,45.34619,0.00239437932874154,45.3489911685724,0.00519554790110649
10.25485,45.34905,0.00525437932873984,45.3487449945644,0.00494937389318629
10.26619,45.3424,-0.00139562067126064,45.3484682651421,0.00467264447082251
10.2775,45.35272,0.00892437932873946,45.3481990245808,0.00440340390955846
10.28883,45.34326,-0.000535620671257675,45.3479752748762,0.00417965420496464
10.30013,45.3479,0.0041043793287443,45.3478302917834,0.00403467111209706
10.31146,45.34435,0.00055437932874014,45.3477890658507,0.00399344517946072
10.32278,45.35295,0.00915437932874141,45.3478661573362,0.00407053666493837
10.33408,45.34702,0.00322437932874209,45.3480649252104,0.0042693045391383
10.34539,45.34801,0.00421437932874369,45.3483778276698,0.00458220699850697
10.35672,45.34818,0.00438437932874081,45.3487873963827,0.00499177571145448
10.36805,45.35424,0.0104443793287388,45.3492675560928,0.00547193542156149
10.37938,45.34758,0.0037843793287422,45.3497850829178,0.00598946224654751
10.39074,45.35375,0.00995437932873955,45.3503011280087,0.00650550733741766
10.40208,45.34529,0.00149437932874008,45.3507729345207,0.00697731384945428
10.41343,45.34462,0.000824379328740577,45.3511561204063,0.00736049973504369
10.42476,45.35329,0.00949437932874275,45.3514080007026,0.00761238003137179
10.4361,45.3476,0.00380437932874145,45.3514921742781,0.00769655360687895
10.44743,45.35894,0.0151443793287385,45.3513839971194,0.00758837644814639
10.45876,45.35318,0.00938437932874336,45.3510758829357,0.00728026226448426
10.4701,45.3513,0.00750437932874348,45.3505809869272,0.00678536625596723
10.48142,45.35996,0.0161643793287425,45.3499339461949,0.00613832552363767
10.49276,45.35214,0.0083443793287401,45.3491879277949,0.00539230712364039
10.50409,45.33898,-0.00481562067125907,45.3484081177631,0.0046124970918114
10.51541,45.34209,-0.00170562067125957,45.3476627856041,0.003867164932837
10.52671,45.34861,0.00481437932874229,45.3470138432657,0.00321822259442841
10.53804,45.3389,-0.00489562067125604,45.3465089642143,0.00271334354308432
10.54939,45.34499,0.00119437932874433,45.3461767413886,0.00238112071735654
10.56073,45.35107,0.00727437932874153,45.346025395603,0.00222977493169945
10.57206,45.349,0.00520437932873818,45.3460446181043,0.00224899743303147
10.5834,45.34737,0.0035743793287395,45.3462095039795,0.00241388330822276
10.59473,45.34358,-0.000215620671255579,45.3464853721692,0.00268975149796734
10.60606,45.35165,0.00785437932874089,45.3468325531829,0.00303693251169143
10.61736,45.34282,-0.000975620671255228,45.3472106800136,0.00341505934230369
10.62867,45.34552,0.00172437932874203,45.3475823529537,0.00378673228246995
10.64,45.34986,0.00606437932874115,45.3479161759325,0.00412055526129013
10.65132,45.35072,0.00692437932874412,45.3481891073735,0.00439348670221079
10.66266,45.34861,0.00481437932874229,45.3483879071796,0.00459228650838949
10.67397,45.34828,0.00448437932874413,45.3485093560642,0.00471373539292847
10.68532,45.35608,0.0122843793287402,45.348559018679,0.0047633980077052
10.69664,45.34354,-0.00025562067126117,45.3485486059731,0.00475298530181717
10.70798,45.34291,-0.000885620671255083,45.3484923679882,0.00469674731693671
10.71931,45.35476,0.0109643793287404,45.3484033026623,0.00460768199106211
10.73065,45.33874,-0.00505562067125709,45.3482901268107,0.00449450613944887
10.742,45.34884,0.00504437932874424,45.3481557999686,0.00436017929729497
10.75335,45.348,0.00420437932874052,45.3479979882572,0.00420236758594766
10.76467,45.34632,0.00252437932874017,45.3478113457844,0.00401572511316883
10.77602,45.35203,0.00823437932874072,45.3475909754796,0.00379535480838553
10.78734,45.35167,0.00787437932874013,45.3473360363271,0.00354041565584783
10.79865,45.34779,0.00399437932874491,45.3470523461666,0.00325672549537528
10.81,45.35068,0.00688437932873853,45.346753075357,0.00295745468569499
10.82135,45.34731,0.00351437932874177,45.3464571951497,0.00266157447848058
10.83269,45.33951,-0.00428562067126137,45.3461860704241,0.00239044975283581
10.84402,45.34032,-0.00347562067126006,45.345959234565,0.00216361389370436
10.85534,45.34286,-0.000935620671256743,45.3457906958733,0.00199507520204303
10.86666,45.34821,0.00441437932874322,45.3456868911367,0.00189127046540288
10.878,45.35339,0.00959437932873897,45.345646668524,0.00185104785273752
10.88931,45.33926,-0.00453562067125546,45.3456628595248,0.00186723885355825
10.90064,45.35162,0.00782437932873847,45.3457245784641,0.0019289577928021
10.91197,45.3436,-0.000195620671256336,45.3458194991724,0.00202387850109019
10.92332,45.34702,0.00322437932874209,45.345935730235,0.00214010956378269
10.93463,45.34336,-0.000435620671261461,45.3460632400495,0.00226761937821417
10.94595,45.34134,-0.00245562067125604,45.3461949667755,0.00239934610426846
10.95727,45.34764,0.00384437932873993,45.3463277564499,0.00253213577868338
10.9686,45.35538,0.0115843793287382,45.3464630591644,0.00266743849310805
10.97993,45.34468,0.000884379328738305,45.346606967333,0.00281134666170398
10.99126,45.35397,0.0101743793287383,45.3467690071657,0.00297338649442913
11.00258,45.34232,-0.00147562067125762,45.3469593674468,0.00316374677557355
11.0139,45.34573,0.00193437932874474,45.34718490322,0.0033892825487744
11.02522,45.34199,-0.00180562067125578,45.3474449269411,0.00364930626982169
11.03654,45.34509,0.00129437932874055,45.3477281335205,0.00393251284926519
11.04785,45.3448,0.00100437932874087,45.348011828876,0.00421620820473038
11.05916,45.35119,0.00739437932874409,45.3482640084759,0.00446838780461687
11.07049,45.35286,0.00906437932874127,45.3484480133264,0.00465239265514088
11.08183,45.34653,0.00273437932874288,45.3485288054678,0.00473318479652791
11.09314,45.348,0.00420437932874052,45.348479608442,0.00468398777072
11.10448,45.34737,0.0035743793287395,45.3482877593911,0.00449213871986317
11.11581,45.3532,0.00940437932874261,45.3479588701127,0.00416324944145101
11.12715,45.35294,0.00914437932873824,45.3475185648523,0.00372294418105229
11.13848,45.34879,0.00499437932874258,45.3470112146468,0.00321559397549906
11.14983,45.3426,-0.00119562067126111,45.3464954680654,0.00269984739418771
11.16117,45.34233,-0.00146562067126155,45.346037045588,0.00224142491677851
11.1725,45.35108,0.00728437932874471,45.3456999308456,0.00190431017432202
11.18383,45.34289,-0.000905620671261431,45.3455374048137,0.00174178414242564
11.19516,45.3368,-0.0069956206712618,45.3455842954316,0.00178867476037711
11.20648,45.34686,0.00306437932874104,45.3458515725752,0.00205595190394102
11.21782,45.35698,0.0131843793287416,45.3463240940438,0.00252847337254571
11.22917,45.32967,-0.0141256206712583,45.3469618556933,0.00316623502202948
11.24051,45.34984,0.00604437932874191,45.3477046304461,0.00390900977487815
11.25182,45.34845,0.00465437932874124,45.3484795231005,0.00468390242922853
11.26314,45.35247,0.00867437932873827,45.3492105679762,0.00541494730493647
11.27447,45.3559,0.0121043793287399,45.349828940306,0.00603331963478469
11.2858,45.3572,0.0134043793287404,45.3502819401041,0.00648631943282116
11.29714,45.34843,0.004634379328742,45.3505390446099,0.00674342393866384
11.30846,45.35159,0.00779437932874316,45.3505940666749,0.00679844600367189
11.3198,45.34148,-0.00231562067126134,45.350463479777,0.00666785910571979
11.33111,45.35423,0.0104343793287427,45.3501818025078,0.00638618183658146
11.34241,45.35225,0.00845437932873949,45.3497952366162,0.00599961594491994
11.35371,45.3529,0.00910437932873975,45.3493545670517,0.0055589463804221
11.36501,45.34686,0.00306437932874104,45.3489080596301,0.0051124389588092
11.37635,45.33837,-0.00542562067126084,45.3484951012098,0.00469948053849762
11.3877,45.34464,0.000844379328739819,45.3481415569074,0.004345936236137
11.39902,45.35126,0.007464379328745,45.3478578247097,0.00406220403846078
11.41033,45.3461,0.00230437932874139,45.3476400286159,0.0038444079446045
11.42165,45.34998,0.00618437932874372,45.3474739025615,0.00367828189028889
11.43298,45.34999,0.00619437932873979,45.3473401847497,0.0035445640784488
11.44429,45.35096,0.00716437932874214,45.3472200730788,0.00342445240753102
11.45564,45.35022,0.00642437932874174,45.3470994558657,0.00330383519445395
11.46696,45.34896,0.0051643793287397,45.3469710993003,0.0031754786290556
11.4783,45.3414,-0.00239562067125831,45.3468346456078,0.0030390249365161
11.48965,45.33921,-0.00458562067125712,45.3466949892048,0.00289936853358503
11.50097,45.3516,0.00780437932873923,45.3465600638156,0.00276444314435619
11.51229,45.34335,-0.000445620671257529,45.346439035932,0.00264341526078179
11.52363,45.34721,0.00341437932873845,45.346341405787,0.00254578511577737
11.53494,45.34851,0.00471437932873897,45.3462769263734,0.00248130570212445
11.54623,45.34315,-0.000645620671257063,45.3462558856733,0.00246026500201659
11.55756,45.35324,0.00944437932874109,45.3462891966714,0.00249357600011775
11.56889,45.34757,0.00377437932873903,45.3463878038266,0.00259218315534585
11.58021,45.34919,0.00539437932874165,45.3465611164002,0.00276549572892169
11.59151,45.34277,-0.00102562067125689,45.3468145643642,0.00301894369291598
11.60285,45.3395,-0.00429562067125744,45.3471468973337,0.00335127666247053
11.61418,45.34566,0.00186437932874384,45.3475482575545,0.00375263688319739
11.62552,45.34791,0.00411437932874037,45.348000021187,0.00420440051571229
11.63684,45.34805,0.00425437932874217,45.3484768185381,0.00468119786682169
11.64816,45.35545,0.0116543793287391,45.3489502924741,0.00515467180283255
11.65951,45.35669,0.0128943793287419,45.3493934867251,0.0055978660538165
11.67086,45.34483,0.00103437932874328,45.3497845975722,0.00598897690094593
11.68218,45.35231,0.00851437932874433,45.3501092364694,0.00631361579813564
11.6935,45.34068,-0.00311562067125948,45.3503611002838,0.00656547961257168
11.70482,45.34866,0.00486437932874395,45.3505415650141,0.00674594434286168
11.71614,45.35953,0.015734379328741,45.3506588133743,0.006863192702992
11.72746,45.35542,0.0116243793287438,45.3507266828709,0.00693106219965895
11.73878,45.34714,0.00334437932874465,45.3507629263956,0.00696730572436583
11.75008,45.35201,0.00821437932874147,45.350786528992,0.00699090832078877
11.76141,45.34694,0.00314437932873801,45.3508141896433,0.00701856897202274
11.77274,45.35104,0.00724437932873911,45.3508566226054,0.00706100193416131
11.78405,45.34926,0.00546437932874255,45.3509155440174,0.00711992334610965
11.79538,45.35236,0.00856437932873888,45.3509820556294,0.00718643495813131
11.8067,45.34724,0.00344437932874087,45.3510368234614,0.0072412027901905
11.81804,45.35033,0.00653437932874112,45.3510521430465,0.00725652237521919
11.82936,45.3541,0.0103043793287441,45.3509957201815,0.00720009951027879
11.84068,45.34431,0.000514379328741654,45.3508357381195,0.00704011744819425
11.85202,45.35578,0.0119843793287444,45.3505465214645,0.00675090079323724
11.86334,45.35491,0.0111143793287383,45.3501138880093,0.00631826733804223
11.87469,45.34752,0.00372437932874448,45.349539167274,0.00574354660274517
11.88602,45.35324,0.00944437932874109,45.3488409559392,0.00504533526794546
11.89736,45.35079,0.00699437932874503,45.3480540400486,0.00425841937732019
11.9087,45.34682,0.00302437932874255,45.3472254637318,0.00342984306051477
11.92004,45.34281,-0.000985620671258403,45.346408316824,0.00261269615275418
11.93137,45.34226,-0.00153562067125534,45.3456543333844,0.00185871271315097
11.9427,45.34772,0.00392437932874401,45.3450066966992,0.00121107602795971
11.954,45.34147,-0.00232562067125741,45.3444944011875,0.000698780516279266
11.96532,45.34023,-0.00356562067126021,45.3441291851851,0.00033356451380374
11.97664,45.33328,-0.0105156206712564,45.3439056116276,0.000109990956310023
11.98796,45.34864,0.00484437932874471,45.3438043694248,8.74875349608475e-06
11.9993,45.34927,0.00547437932873862,45.3437981497497,2.52907840190288e-06
12.01066,45.35695,0.0131543793287392,45.3438585749366,6.29542653217826e-05
12.02197,45.34507,0.0012743793287413,45.3439621112074,0.000166490536115254
12.03332,45.34473,0.000934379328739965,45.3440932200353,0.000297599364021397
12.04465,45.33581,-0.0079856206712563,45.3442441896483,0.000448568977048243
12.05596,45.34247,-0.00132562067125974,45.3444124906217,0.000616869950438395
12.06731,45.33842,-0.00537562067125918,45.344597343021,0.000801722349755125
12.07864,45.34356,-0.000235620671261927,45.3447971216568,0.00100150098551515
12.08998,45.35006,0.00626437932874069,45.3450084588022,0.00121283813099143
12.1013,45.34943,0.00563437932873967,45.3452269125677,0.0014312918964157
12.11263,45.34653,0.00273437932874288,45.3454483411706,0.00165272049929267
12.12392,45.34611,0.00231437932874456,45.3456699654396,0.00187434476838092
12.13522,45.34821,0.00441437932874322,45.3458904951805,0.00209487450926723
12.14654,45.3402,-0.00359562067125552,45.3461093269482,0.0023137062769023
12.15786,45.34343,-0.000365620671260558,45.3463253422636,0.00252972159236885
12.16918,45.34652,0.0027243793287397,45.3465360429656,0.0027404222942922
12.18052,45.34914,0.00534437932873999,45.3467375919009,0.00294197122965998
12.19184,45.34408,0.000284379328739703,45.3469258835591,0.0031302628878775
12.20316,45.34695,0.00315437932874119,45.3470983083417,0.00330268767049108
12.21447,45.35129,0.00749437932874031,45.3472555979724,0.00345997730109619
12.22581,45.35442,0.0106243793287391,45.3474030486121,0.00360742794084343
12.2371,45.34811,0.0043143793287399,45.3475504918383,0.00375487116704811
12.24842,45.34547,0.00167437932874037,45.3477107333635,0.0039151126922658
12.25976,45.33575,-0.00804562067126113,45.3478968282996,0.00410120762831639
12.2711,45.35098,0.00718437932874139,45.3481191829836,0.00432356231238079
12.28245,45.34906,0.00526437932874302,45.3483835818914,0.00458796122014163
12.29376,45.34713,0.00333437932874148,45.3486906977008,0.00489507702950458
12.30506,45.35275,0.00895437932874188,45.3490368430876,0.00524122241637057
12.3164,45.35925,0.0154543793287445,45.3494151776544,0.00561955698311891
12.32773,45.34641,0.00261437932874031,45.3498165197431,0.00602089907184
12.33902,45.34773,0.00393437932874008,45.3502293105484,0.00643368987715173
12.35037,45.34466,0.000864379328739062,45.3506389700828,0.00684334941150588
12.36171,45.34661,0.00281437932873985,45.351027485024,0.00723186435273071
12.37304,45.35221,0.00841437932874101,45.3513741370495,0.00757851637825087
12.38434,45.35731,0.0135143793287398,45.351657723161,0.00786210248972882
12.39565,45.35329,0.00949437932874275,45.3518597989182,0.0080641782469742
12.40697,45.35248,0.00868437932874144,45.3519679117722,0.0081722911009285
12.41832,45.35355,0.00975437932874001,45.3519777725763,0.00818215190504478
12.42966,45.35873,0.0149343793287429,45.3518937322917,0.00809811162042563
12.44101,45.3421,-0.00169562067125639,45.3517274968991,0.00793187622788571
12.45233,45.3539,0.0101043793287445,45.351495540984,0.00769992031276596
12.46363,45.34702,0.00322437932874209,45.3512160674431,0.00742044677179495
12.47496,45.34566,0.00186437932874384,45.3509064565249,0.00711083585368231
12.4863,45.35452,0.0107243793287424,45.3505818598436,0.00678623917235084
12.49762,45.35687,0.0130743793287422,45.3502550360253,0.00645941535405534
12.50899,45.35249,0.00869437932874462,45.3499369762365,0.00614135556526964
12.52032,45.3424,-0.00139562067126064,45.3496376638466,0.00584204317533538
12.53163,45.34772,0.00392437932874401,45.3493665934144,0.00557097274310976
12.54294,45.34486,0.0010643793287386,45.3491331436392,0.0053375229679948
12.55427,45.35463,0.0108343793287418,45.3489470450318,0.00515142436055212
12.56559,45.35652,0.0127243793287448,45.3488188423771,0.00502322170582635
12.5769,45.34763,0.00383437932874386,45.3487598006562,0.00496417998493699
12.58824,45.35199,0.00819437932874223,45.3487806604674,0.00498503979617002
12.59959,45.33989,-0.00390562067126154,45.3488891677271,0.00509354705579525
12.61095,45.34902,0.00522437932874453,45.3490870386271,0.00529141795582618
12.62229,45.34811,0.0043143793287399,45.3493674607286,0.00557184005731701
12.63361,45.34604,0.00224437932874366,45.3497141199969,0.0059184993256493
12.64492,45.35506,0.0112643793287432,45.3501022198107,0.00630659913945902
12.65625,45.34566,0.00186437932874384,45.350501345837,0.00670572516571904
12.66758,45.35435,0.0105543793287382,45.3508795688692,0.00708394819790395
12.67892,45.35465,0.010854379328741,45.3512079311754,0.00741231050418543
12.69026,45.35177,0.00797437932874345,45.3514644076024,0.00766878693110996
12.70161,45.35302,0.00922437932874232,45.3516365644997,0.00784094382843163
12.71292,45.35168,0.00788437932874331,45.3517224598726,0.00792683920130141
12.72427,45.35448,0.0106843793287439,45.3517297599122,0.00793413924093359
12.73558,45.34415,0.000354379328740606,45.3516734506694,0.00787782999811643
12.74692,45.35233,0.00853437932874357,45.3515727959033,0.00777717523202578
12.75825,45.35007,0.00627437932874386,45.3514482601907,0.00765263951946816
12.76961,45.35822,0.0144243793287444,45.3513189306612,0.00752330998992148
12.78093,45.34709,0.00329437932874299,45.35120063371,0.00740501303870062
12.79226,45.34987,0.00607437932874433,45.351104714741,0.00730909406976099
12.80361,45.34831,0.00451437932873944,45.3510374665082,0.00724184583693829
12.81496,45.35801,0.0142143793287417,45.3510002903375,0.00720466966622563
12.82629,45.34399,0.000194379328739558,45.3509906331141,0.00719501244282428
12.83764,45.34667,0.00287437932874468,45.3510035780251,0.0072079573538439
12.84896,45.36071,0.016914379328739,45.3510338028888,0.00723818221758628
12.86028,45.35288,0.00908437932874051,45.3510774480954,0.00728182742414314
12.87161,45.35044,0.00664437932874051,45.3511332763222,0.00733765565096912
12.88291,45.35144,0.00764437932873818,45.3512025772669,0.00740695659568971
12.89425,45.35263,0.00883437932873932,45.3512876835133,0.00749206284206796
12.90557,45.35124,0.00744437932873865,45.3513894854095,0.00759386473826581
12.9169,45.34631,0.0025143793287441,45.351504690271,0.00770906959971717
12.9282,45.34608,0.00228437932874215,45.3516237084505,0.00782808777920745
12.93954,45.35486,0.0110643793287437,45.3517299577529,0.00793433708167628
12.95085,45.35364,0.00984437932874016,45.3518009923285,0.00800537165722355
12.96218,45.35023,0.00643437932874491,45.3518112672537,0.00801564658243201
12.97351,45.35149,0.00769437932873984,45.3517358477876,0.00794022711631067
12.98486,45.35541,0.0116143793287407,45.3515541793611,0.00775855868979529
12.99619,45.36091,0.0171143793287385,45.3512530915088,0.00745747083758095
13.00752,45.34731,0.00351437932874177,45.350828426288,0.00703280561673783
13.01883,45.34017,-0.00362562067125793,45.3502851346294,0.00648951395815015
13.03015,45.34591,0.00211437932874503,45.3496363276978,0.00584070702651816
13.04147,45.35292,0.009124379328739,45.3489021737934,0.00510655312213967
13.05276,45.34898,0.00518437932873894,45.3481092695732,0.00431364890198157
13.06409,45.35,0.00620437932874296,45.3472903575735,0.00349473690228515
13.0754,45.35149,0.00769437932873984,45.3464836388758,0.00268801820450278
13.08673,45.34772,0.00392437932874401,45.3457308612996,0.00193524062833497
13.09806,45.34358,-0.000215620671255579,45.3450738056962,0.00127818502492709
13.10939,45.34142,-0.00237562067125907,45.3445494854757,0.000753864804418923
13.12072,45.33941,-0.00438562067125758,45.3441850262491,0.000389405577832907
13.13202,45.34479,0.000994379328744799,45.3439935187747,0.000197898103436819
13.14336,45.34158,-0.00221562067125802,45.3439719899973,0.000176369326010472
13.15469,45.33602,-0.0077756206712607,45.3441021147067,0.000306494035425973
13.16602,45.35445,0.0106543793287415,45.3443536247808,0.000558004109537375
13.17734,45.34218,-0.00161562067125942,45.3446897250807,0.000894104409479965
13.18868,45.35129,0.00749437932874031,45.3450733134903,0.00127769281906036
13.2,45.34619,0.00239437932874154,45.3454726128413,0.00167699217001398
13.21134,45.34546,0.0016643793287443,45.3458650719112,0.00206945123995172
13.22267,45.34676,0.00296437932874483,45.3462389522029,0.00244333153167609
13.23398,45.34595,0.00215437932874352,45.3465926118591,0.00279699118784814
13.24529,45.3497,0.00590437932874011,45.3469319257798,0.00313630510856868
13.25662,45.34963,0.0058343793287392,45.3472665128919,0.00347089222061758
13.26795,45.33458,-0.00921562067125592,45.3476055823382,0.003809961666943
13.27931,45.35191,0.00811437932873815,45.3479543262436,0.00415870557231525
13.29065,45.34604,0.00224437932874366,45.3483117503931,0.00451612972183905
13.30196,45.34623,0.00243437932874002,45.3486704691723,0.00487484850100078
13.31329,45.35432,0.0105243793287428,45.3490183743003,0.0052227536290604
13.3246,45.34939,0.00559437932874118,45.3493415192948,0.00554589862350862
13.33593,45.35553,0.0117343793287432,45.3496272739692,0.00583165329795718
13.34727,45.3432,-0.000595620671255404,45.3498668576986,0.00607123702734174
13.35862,45.35373,0.00993437932874031,45.3500566974772,0.00626107680589721
13.36994,45.35003,0.00623437932873827,45.3501984850903,0.00640286441904368
13.38127,45.3528,0.00900437932874354,45.3502981071296,0.00650248645834895
13.3926,45.34808,0.00428437932874459,45.3503637573801,0.00656813670879568
13.40395,45.34862,0.00482437932873836,45.3504036455627,0.00660802489144613
13.41525,45.35007,0.00627437932874386,45.3504238435868,0.00662822291553782
13.4266,45.34751,0.0037143793287413,45.3504268516011,0.00663123092985722
13.43793,45.35085,0.00705437932874275,45.3504113188043,0.0066156981330311
13.44928,45.34897,0.00517437932874287,45.35037304741,0.00657742673878125
13.4606,45.34939,0.00559437932874118,45.3503070443896,0.0065114237183742
13.47193,45.3549,0.0111043793287422,45.3502100491083,0.00641442843701065
13.48328,45.3571,0.0133043793287442,45.3500827251904,0.00628710451914598
13.49461,45.3493,0.00550437932874104,45.3499306781424,0.0061350574711569
13.50593,45.34573,0.00193437932874474,45.3497637844948,0.00596816382353469
13.51727,45.35176,0.00796437932874028,45.3495939576075,0.00579833693627736
13.52861,45.34335,-0.000445620671257529,45.3494321112802,0.00563649060898601
13.53995,45.34523,0.00143437932874235,45.3492853600469,0.00548973937565819
13.55129,45.35222,0.00842437932874418,45.3491553164375,0.00535969576628534
13.56258,45.3552,0.0114043793287451,45.3490378473467,0.00524222667539273
13.57392,45.34597,0.00217437932874276,45.3489240923571,0.0051284716858636
13.58522,45.34699,0.00319437932873967,45.3488022422111,0.00500662153984262
13.59654,45.34712,0.0033243793287383,45.3486596597284,0.0048640390571557
13.60787,45.34756,0.00376437932874296,45.3484851594577,0.00468953878644221
13.61917,45.35153,0.00773437932873833,45.3482713027186,0.00447568204733228
13.63049,45.35326,0.00946437932874034,45.3480163673339,0.00422074666264063
13.64182,45.34624,0.0024443793287432,45.3477254763247,0.00392985565341685
13.65314,45.3478,0.00400437932874098,45.3474104779133,0.0036148572419903
13.6645,45.34349,-0.000305620671255724,45.3470885716932,0.00329295102190583
13.67585,45.34819,0.00439437932874398,45.3467801249603,0.00298450428900963
13.68719,45.3409,-0.0028956206712607,45.3465063409334,0.00271072026215472
13.69854,45.34911,0.00531437932874468,45.3462873441298,0.002491723458567
13.70984,45.34471,0.000914379328740722,45.3461409376529,0.00234531698162481
13.72116,45.35188,0.00808437932874284,45.3460819155095,0.00228629483819165
13.73248,45.34911,0.00531437932874468,45.346121544321,0.00232592364972262
13.74381,45.34006,-0.00373562067125732,45.3462668229001,0.00247120222888633
13.75514,45.34488,0.00108437932874494,45.3465194193135,0.00272379864227776
13.76647,45.34952,0.00572437932873981,45.3468745624855,0.00307894181421827
13.7778,45.34612,0.00232437932874063,45.3473203158269,0.00352469515560297
13.7891,45.3507,0.00690437932874488,45.3478375092787,0.00404188860739848
13.80042,45.34379,-5.62067125997601e-06,45.3484003860177,0.00460476534639392
13.81175,45.34766,0.00386437932873918,45.3489779368076,0.00518231613636249
13.82308,45.3545,0.0107043793287431,45.3495358918907,0.00574027121945862
13.83442,45.34606,0.0022643793287429,45.3500392620221,0.00624364135082334
13.84577,45.35455,0.0107543793287448,45.3504551678597,0.00665954718842884
13.85711,45.3499,0.00610437932873964,45.3507556106,0.00695998992870146
13.86845,45.35018,0.00638437932874325,45.3509198921165,0.00712427144526485
13.87979,45.3512,0.00740437932874016,45.3509365333666,0.00714091269530422
13.89114,45.34488,0.00108437932874494,45.3508046660639,0.00700904539266398
13.90248,45.35382,0.0100243793287405,45.3505348925893,0.00673927191805222
13.91384,45.35749,0.0136943793287401,45.3501494672642,0.00635384659290737
13.92516,45.34659,0.0027943793287406,45.3496814303852,0.00588580971389566
13.93648,45.3517,0.00790437932874255,45.3491722648923,0.00537664422108633
13.9478,45.35194,0.00814437932874057,45.3486679159821,0.00487229531089209
13.95912,45.34159,-0.00220562067126195,45.3482135076488,0.00441788697754198
13.97046,45.3498,0.00600437932874343,45.3478475522113,0.00405193154007922
13.98179,45.33907,-0.00472562067125892,45.3475967059534,0.00380108528216098
13.99313,45.35106,0.00726437932873836,45.3474720858397,0.00367646516844235
14.00446,45.3502,0.00640437932874249,45.3474678061209,0.00367218544968966
14.01578,45.34815,0.00435437932873839,45.3475618675361,0.00376624686487634
14.02713,45.34475,0.000954379328739208,45.3477191316944,0.00392351102315106
14.03846,45.34021,-0.00358562067125945,45.347896021872,0.00410040120069682
14.04979,45.34996,0.00616437932874447,45.3480466491556,0.00425102848433583
14.06111,45.3517,0.00790437932874255,45.3481299157675,0.00433429509625486
14.07246,45.35557,0.0117743793287417,45.348116688181,0.00432106750976363
14.08383,45.34537,0.00157437932874416,45.3479956961916,0.00420007552029346
14.09516,45.34537,0.00157437932874416,45.3477768283795,0.00398120770822764
14.10648,45.3587,0.0149043793287404,45.3474909924687,0.00369537179745633
14.11782,45.34877,0.00497437932874334,45.3471863530087,0.00339073233744639
14.12917,45.34196,-0.0018356206712582,45.3469213373628,0.00312571669150024
14.14048,45.34111,-0.00268562067125799,45.3467554041011,0.00295978342985499
14.1518,45.34904,0.00524437932874378,45.3467391667061,0.00294354603486626
14.16314,45.34192,-0.00187562067125668,45.3469057231667,0.00311010249541708
14.17448,45.34686,0.00306437932874104,45.3472647585985,0.00346913792725267
14.18583,45.34097,-0.0028256206712598,45.347800371906,0.00400475123473182
14.19716,45.35103,0.00723437932874305,45.348472906022,0.0046772853507142
14.20848,45.34968,0.00588437932874086,45.3492243935166,0.00542877284537127
14.21984,45.3539,0.0101043793287445,45.3499865756011,0.00619095492983184
14.23116,45.35638,0.012584379328743,45.350689976205,0.00689435553372442
14.24249,45.35043,0.00663437932874444,45.3512724331876,0.00747681251638181
14.2538,45.34857,0.00477437932874381,45.3516858659724,0.00789024530111651
14.26514,45.35432,0.0105243793287428,45.3519007038599,0.00810508318863896
14.27646,45.34719,0.00339437932873921,45.3519079735636,0.0081123528923779
14.28778,45.35419,0.0103943793287442,45.3517193003129,0.00792367964162314
14.29912,45.35428,0.0104843793287444,45.3513650241093,0.00756940343804506
14.31046,45.35593,0.0121343793287423,45.3508904727713,0.00709485210002827
14.32179,45.35135,0.00755437932873804,45.3503504095361,0.00655478886485061
14.33311,45.34865,0.00485437932874078,45.3498019599988,0.00600633932753751
14.34446,45.33873,-0.00506562067126026,45.349296889683,0.0055012690117839
14.35582,45.34792,0.00412437932874354,45.3488746384197,0.00507901774845363
14.36714,45.34837,0.00457437932874427,45.3485576060832,0.00476198541190296
14.37847,45.3453,0.00150437932874325,45.3483496573597,0.0045540366884122
14.38981,45.35204,0.00824437932874389,45.3482379230795,0.00444230240822707
14.40112,45.35086,0.00706437932873882,45.3481971640458,0.00440154337456252
14.41242,45.34647,0.00267437932873804,45.3481955080461,0.00439988737480296
14.42373,45.35138,0.00758437932874045,45.3482003054748,0.00440468480352934
14.43506,45.3503,0.00650437932873871,45.3481830684619,0.00438744779060495
14.44638,45.35013,0.00633437932874159,45.3481228121573,0.00432719148608454
14.45768,45.34633,0.00253437932874334,45.3480075134413,0.00421189277003935
14.469,45.34487,0.00107437932874177,45.3478338255926,0.00403820492133187
14.48033,45.34849,0.00469437932873973,45.3476055662276,0.00380994555636689
14.49167,45.3476,0.00380437932874145,45.3473316792199,0.0035360585486478
14.50302,45.34146,-0.00233562067126059,45.3470242982558,0.00322867758455393
14.51435,45.35118,0.00738437932874092,45.3466973116533,0.00290169098206756
14.52568,45.34386,6.43793287409267e-05,45.3463655647599,0.00256994408862153
14.53703,45.34782,0.00402437932874022,45.3460445837121,0.00224896304081459
14.54836,45.34785,0.00405437932874264,45.3457505093637,0.00195488869244328
14.55969,45.34469,0.000894379328741479,45.3454998635585,0.00170424288723347
14.57105,45.34848,0.00468437932874366,45.3453088551519,0.00151323448066897
14.58238,45.34098,-0.00281562067125662,45.3451921318534,0.00139651118214423
14.59371,45.3437,-9.56206712601215e-05,45.3451611193615,0.00136549869029258
14.60506,45.35133,0.00753437932873879,45.3452222526513,0.00142663198008445
14.61639,45.34432,0.000524379328744828,45.3453754241363,0.00157980346500809
14.62771,45.33923,-0.00456562067125788,45.3456129219214,0.0018173012501526
14.63906,45.34495,0.00115437932873874,45.3459191387103,0.00212351803903142
14.65039,45.34925,0.00545437932873938,45.346271342601,0.00247572192977051
14.66174,45.3465,0.00270437932874046,45.3466416210953,0.00284600042403779
14.67306,45.34801,0.00421437932874369,45.3469997570136,0.00320413634232696
14.68439,45.34503,0.00123437932874282,45.3473165333204,0.00352091264913545
14.69574,45.35043,0.00663437932874444,45.3475669398675,0.00377131919626512
14.70708,45.34819,0.00439437932874398,45.34773285758,0.00393723690872763
14.71842,45.3507,0.00690437932874488,45.3478048950302,0.00400927435897667
14.72975,45.3446,0.000804379328741334,45.3477831712689,0.00398755059759806
14.74109,45.34494,0.00114437932874267,45.3476770370876,0.00388141641630404
14.75243,45.35113,0.00733437932873926,45.3475039361722,0.00370831550095912
14.76376,45.34786,0.00406437932873871,45.3472876797408,0.00349205906953161
14.7751,45.34196,-0.0018356206712582,45.3470563210964,0.00326070042517178
14.7864,45.35373,0.00993437932874031,45.346839710159,0.00304408948770463
14.79773,45.34885,0.00505437932874031,45.3466667879818,0.00287116731051242
14.80908,45.3374,-0.0063956206712561,45.3465627467404,0.00276712606916659
14.82042,45.34949,0.0056943793287445,45.3465463213717,0.00275070070045372
14.83176,45.3504,0.00660437932874203,45.346627623966,0.00283200329477909
14.84308,45.34147,-0.00232562067125741,45.346806930197,0.00301130952577635
14.85443,45.34752,0.00372437932874448,45.3470746756466,0.0032790549753331
14.86576,45.34203,-0.0017656206712573,45.3474127709549,0.00361715028361467
14.8771,45.35062,0.0068243793287408,45.3477972023436,0.00400158167231003
14.88842,45.3523,0.00850437932874115,45.3482016099578,0.00440598928653733
14.89977,45.35029,0.00649437932874264,45.3486011686992,0.00480554802795414
14.91113,45.34526,0.00146437932874477,45.3489758928967,0.00518027222545778
14.92242,45.35494,0.0111443793287407,45.3493126202984,0.00551699962715212
14.93377,45.35257,0.00877437932874159,45.349605293581,0.00580967290979302
14.9451,45.34924,0.00544437932874331,45.3498535484985,0.00605792782719623
14.95645,45.34724,0.00344437932874087,45.3500600088285,0.00626438815720446
14.96778,45.34407,0.000274379328743635,45.3502271144028,0.0064314937315839
14.97912,45.34703,0.00323437932873816,45.3503546047434,0.0065589840720955
14.99046,45.34841,0.00461437932874276,45.350438664292,0.00664304362069644
15.00178,45.35615,0.0123543793287411,45.3504731260536,0.00667750538236741
15.01311,45.34485,0.00105437932874253,45.3504522757891,0.00665665511780456
15.02444,45.36653,0.0227343793287389,45.3503740956397,0.00657847496841256
15.03575,45.35478,0.0109843793287396,45.3502425351914,0.0064469145201502
15.04709,45.3471,0.00330437932873906,45.3500677383352,0.00627211766395475
15.05843,45.33837,-0.00542562067126084,45.3498640668376,0.00606844616632374
15.06975,45.34366,-0.000135620671258607,45.3496468898798,0.00585126920856302
15.08109,45.35209,0.00829437932873844,45.3494297396147,0.00563411894339709
15.09241,45.35131,0.00751437932873955,45.3492230729629,0.00542745229162345
15.10374,45.34769,0.00389437932874159,45.3490348218099,0.00523920113861868
15.11509,45.35796,0.01416437932874,45.3488719410211,0.00507632034987535
15.12644,45.34727,0.00347437932874328,45.3487417914988,0.0049461708275828
15.13776,45.35015,0.00635437932874083,45.3486524161908,0.00485679551956545
15.14911,45.34939,0.00559437932874118,45.3486113349555,0.00481571428429148
15.16045,45.3466,0.00280437932874378,45.3486231398396,0.00482751916837832
15.1718,45.34537,0.00157437932874416,45.3486866915106,0.00489107083935603
15.18315,45.34847,0.00467437932874049,45.3487929677777,0.00499734710644229
15.19448,45.33883,-0.00496562067125694,45.348924559989,0.00512893931773505
15.20579,45.35324,0.00944437932874109,45.349057451329,0.00526183065774015
15.21712,45.34933,0.00553437932874346,45.3491650751571,0.00536945448587199
15.22847,45.35111,0.00731437932874002,45.3492238819712,0.00542826129995048
15.23978,45.35901,0.0152143793287394,45.349219019754,0.00542339908274746
15.2511,45.35033,0.00653437932874112,45.3491485477429,0.00535292707165344
15.26243,45.34719,0.00339437932873921,45.3490249813017,0.00522936063040616
15.27375,45.34461,0.000814379328744508,45.3488737762089,0.00507815553765805
15.28507,45.34777,0.00397437932873856,45.3487292359254,0.00493361525411637
15.2964,45.35642,0.0126243793287415,45.3486288374758,0.00483321680456882
15.30772,45.34436,0.000564379328743314,45.3486069930241,0.00481137235284403
15.31905,45.3496,0.00580437932874389,45.3486890926535,0.00489347198221289
15.33037,45.3419,-0.00189562067125593,45.3488866515479,0.0050910308766607
15.34172,45.34302,-0.000775620671255695,45.3491944772448,0.00539885657358379
15.35303,45.35183,0.00803437932874118,45.3495906459924,0.00579502532114113
15.36431,45.35381,0.0100143793287444,45.3500395180227,0.00624389735148134
15.37562,45.35022,0.00642437932874174,45.3504972009937,0.0067015803224689
15.38695,45.35201,0.00821437932874147,45.3509182195909,0.00712259891966626
15.3983,45.35518,0.0113843793287387,45.3512619678468,0.00746634717558436
15.40965,45.35433,0.0105343793287389,45.3514977516238,0.00770213095256352
15.42099,45.35144,0.00764437932873818,45.3516076576223,0.00781203695102826
15.43233,45.35023,0.00643437932874491,45.351587004964,0.00779138429270716
15.44364,45.35428,0.0104843793287444,45.3514426898334,0.00764706916213639
15.45496,45.34333,-0.000465620671256772,45.3511901908999,0.00739457022859717
15.46629,45.35133,0.00753437932873879,45.3508502290788,0.00705460840750826
15.4776,45.34725,0.00345437932874404,45.3504460168985,0.00665039622728064
15.48892,45.34975,0.00595437932874177,45.3500016951538,0.00620607448249872
15.50028,45.35146,0.00766437932874453,45.3495420169574,0.00574639628610405
15.51161,45.35262,0.00882437932874325,45.3490927855472,0.00529716487592596
15.52294,45.35489,0.011094379328739,45.3486811998154,0.00488557914416397
15.53431,45.34574,0.00194437932874081,45.3483352725298,0.00453965185857738
15.54564,45.34536,0.00156437932874098,45.3480818966573,0.00428627598603611
15.55697,45.34863,0.00483437932874153,45.3479437665371,0.00414814586584801
15.56835,45.34701,0.00321437932873891,45.3479358687451,0.00414024807383777
15.57966,45.34847,0.00467437932874049,45.3480624105443,0.00426678987303965
15.59101,45.34573,0.00193437932874474,45.348314923734,0.00451930306276754
15.6023,45.34254,-0.00125562067125884,45.3486720722826,0.00487645161138414
15.61362,45.34874,0.00494437932874092,45.3491014552938,0.00530583462249436
15.62497,45.35651,0.0127143793287416,45.3495633233086,0.00576770263737854
15.63628,45.35138,0.00758437932874045,45.3500156022871,0.00621998161584798
15.64758,45.34882,0.005024379328745,45.3504191969068,0.00662357623553715
15.65892,45.35615,0.0123543793287411,45.3507425240983,0.00694690342698998
15.67025,45.34818,0.00438437932874081,45.3509646070749,0.00716898640368843
15.68159,45.34658,0.00278437932874454,45.3510765618449,0.0072809411736405
15.69292,45.35148,0.00768437932874377,45.3510816799283,0.00728605925699639
15.70425,45.35579,0.0119943793287405,45.3509944299319,0.00719880926068586
15.71557,45.35094,0.0071443793287429,45.3508385678057,0.0070429471344514
15.7269,45.35238,0.00858437932873812,45.3506443575678,0.00684873689656854
15.73824,45.35034,0.0065443793287443,45.3504449316181,0.00664931094688304
15.74954,45.34363,-0.000165620671261024,45.3502721068917,0.00647648622047428
15.76088,45.35008,0.00628437932873993,45.3501522899152,0.00635666924392528
15.77221,45.35568,0.0118843793287411,45.3501031841367,0.00630756346545936
15.78357,45.34478,0.000984379328741625,45.3501317901515,0.00633616948019358
15.79489,45.34683,0.00303437932873862,45.3502338489228,0.00643822825157941
15.80624,45.35861,0.0148143793287403,45.3503946342363,0.00659901356508597
15.81758,45.34808,0.00428437932874459,45.3505908575575,0.00679523688621172
15.82892,45.34864,0.00484437932874471,45.3507933384257,0.00699771775442543
15.84025,45.35523,0.0114343793287404,45.3509700800921,0.00717445942086134
15.85159,45.34581,0.00201437932874171,45.3510895074209,0.00729388674964202
15.86294,45.34858,0.00478437932873987,45.351123739869,0.00732811919770788
15.87427,45.35522,0.0114243793287443,45.3510517511584,0.00725613048713083
15.88558,45.35505,0.0112543793287401,45.3508620922241,0.00706647155284836
15.89692,45.35443,0.0106343793287422,45.3505546441253,0.00675902345402061
15.90824,45.34865,0.00485437932874078,45.350140874207,0.00634525353570775
15.91958,45.34307,-0.00072562067126114,45.349642461073,0.00584684040171356
15.93088,45.3438,4.37932874319813e-06,45.3490887399748,0.00529311930353549
15.94221,45.35249,0.00869437932874462,45.3485137391464,0.00471811847510995
15.95354,45.35814,0.0143443793287403,45.3479533437328,0.00415772306156839
15.96484,45.34423,0.000434379328744683,45.3474425717229,0.00364695105159193
15.97617,45.3439,0.000104379328739412,45.3470126550817,0.00321703441042356
15.98751,45.33873,-0.00506562067126026,45.3466878797998,0.00289225912851524
15.99882,45.35787,0.0140743793287399,45.3464825925277,0.00268697185647345
16.01013,45.34988,0.0060843793287404,45.3463988970556,0.00260327638432044
16.02149,45.3396,-0.00419562067126122,45.3464253536953,0.00262973302401601
16.03282,45.34007,-0.00372562067126125,45.3465369269598,0.00274130628850947
16.04415,45.34398,0.000184379328743489,45.3466966441184,0.00290102344712766
16.0555,45.34857,0.00477437932874381,45.3468594788464,0.00306385817517444
16.06684,45.35004,0.00624437932874145,45.3469784786081,0.00318285793681651
16.07817,45.34192,-0.00187562067125668,45.3470123444309,0.00321672375961472
16.08946,45.35461,0.0108143793287425,45.3469330627225,0.00313744205122288
16.10077,45.35185,0.00805437932874042,45.346732003363,0.00293638269175546
16.1121,45.34673,0.00293437932874241,45.3464230588526,0.00262743818135551
16.12343,45.35181,0.00801437932874194,45.3460418552925,0.00224623462128678
16.13472,45.34461,0.000814379328744508,45.3456408212656,0.00184520059432257
16.14604,45.33989,-0.00390562067126154,45.3452808177434,0.00148519707210996
16.15736,45.34923,0.00543437932874014,45.345020843747,0.00122522307576154
16.1687,45.33633,-0.00746562067126177,45.3449078113902,0.00111219071897814
16.18,45.33357,-0.0102256206712568,45.3449684321778,0.00117281150649626
16.1913,45.34879,0.00499437932874258,45.3452048640385,0.00140924336727534
16.20262,45.34801,0.00421437932874369,45.3455949378335,0.0017993171622458
16.21395,45.34975,0.00595437932874177,45.3460966499372,0.00230102926592896
16.22528,45.34482,0.00102437932874011,45.3466556116128,0.00285999094151477
16.2366,45.34965,0.00585437932873845,45.3472137360933,0.00341811542203323
16.24793,45.34537,0.00157437932874416,45.3477176158768,0.00392199520554143
16.25924,45.35557,0.0117743793287417,45.3481254215607,0.00432980088946105
16.27054,45.35348,0.00968437932873911,45.3484114782668,0.00461585759553287
16.28188,45.34246,-0.00133562067125581,45.3485680092491,0.00477238857788497
16.29322,45.3474,0.00360437932874191,45.3486040415658,0.00480842089453839
16.30454,45.34893,0.00513437932874439,45.3485420718605,0.00474645118926245
16.31587,45.34666,0.00286437932874151,45.3484134729778,0.00461785230655388
16.32719,45.34791,0.00411437932874037,45.348253597416,0.00445797674478678
16.33851,45.3484,0.00460437932873958,45.3480972519633,0.00430163129206596
16.34984,45.34783,0.0040343793287434,45.3479749232493,0.00417930257806323
16.36119,45.34687,0.00307437932874421,45.3479099240989,0.00411430342767166
16.37253,45.35208,0.00828437932874238,45.3479165008411,0.00412088016983991
16.38385,45.34269,-0.00110562067126097,45.3479988820224,0.00420326135111724
16.39519,45.34855,0.00475437932874456,45.3481512487759,0.00435562810465255
16.40651,45.35021,0.00641437932873856,45.3483586209186,0.00456300024737677
16.41783,45.34959,0.00579437932874072,45.3485986100011,0.00480298932986865
16.42915,45.34653,0.00273437932874288,45.3488438933821,0.00504827271088718
16.4405,45.34914,0.00534437932873999,45.3490652105013,0.00526958983006102
16.45182,45.34364,-0.00015562067125785,45.3492347058416,0.00543908517031738
16.46317,45.3537,0.00990437932874499,45.3493294190309,0.00553379835964902
16.47452,45.3515,0.00770437932874302,45.3493345339708,0.00553891329950295
16.48585,45.3541,0.0103043793287441,45.349245724779,0.00545010410774056
16.4972,45.3534,0.00960437932874214,45.3490698334369,0.00527421276562055
16.50851,45.34719,0.00339437932873921,45.3488234070673,0.0050277863960787
16.51983,45.34617,0.00237437932874229,45.348529297409,0.00473367673778077
16.53117,45.33481,-0.00898562067126107,45.3482122956967,0.00441667502539537
16.54251,45.34811,0.0043143793287399,45.3478952149601,0.00409959428880443
16.55381,45.3536,0.00980437932874167,45.3475965973532,0.00380097668195231
16.56514,45.35223,0.00843437932874025,45.3473303628182,0.00353474214695616
16.5765,45.34558,0.00178437932873976,45.3471067743479,0.00331115367665156
16.58784,45.34422,0.000424379328741509,45.3469337095454,0.00313808887409887
16.59916,45.35039,0.00659437932873885,45.3468175021287,0.00302188145741914
16.61048,45.34425,0.000454379328743926,45.3467630994094,0.00296747873818068
16.62183,45.3509,0.00710437932874441,45.3467735623128,0.002977941641534
16.63314,45.34499,0.00119437932874433,45.3468490121144,0.00305339144311996
16.64446,45.34803,0.00423437932874293,45.3469851955051,0.00318957483387697
16.65578,45.34853,0.00473437932873821,45.3471719816063,0.00337636093499234
16.66712,45.34292,-0.000875620671259014,45.3473922760058,0.00359665533453486
16.67845,45.34235,-0.0014456206712552,45.3476219595506,0.00382633887935117
16.68976,45.34604,0.00224437932874366,45.3478314321186,0.00403581144737876
16.70108,45.35092,0.00712437932874366,45.3479890375553,0.00419341688399162
16.71238,45.34886,0.00506437932874348,45.3480660545786,0.00427043390730552
16.7237,45.34989,0.00609437932874357,45.3480422973663,0.0042466766950757
16.73504,45.35185,0.00805437932874042,45.3479110091539,0.00411538848260027
16.74636,45.34915,0.00535437932874316,45.3476817891447,0.00388616847339867
16.75771,45.35257,0.00877437932874159,45.3473806805308,0.00358505985952699
16.76906,45.34613,0.00233437932874381,45.3470471375982,0.00325151692696042
16.78039,45.34275,-0.00104562067125613,45.3467282904661,0.00293266979483222
16.79172,45.34123,-0.00256562067125543,45.3464715969256,0.0026759762543352
16.80305,45.3434,-0.00039562067125587,45.3463173694486,0.002521748777295
16.8144,45.35328,0.00948437932873958,45.3462925722564,0.00249695158512953
16.82574,45.34403,0.000234379328738044,45.3464067457704,0.00261112509909102
16.83707,45.34768,0.00388437932873842,45.346650304164,0.00285468349269343
16.84842,45.34324,-0.000555620671256918,45.3469951426458,0.00319952197456834
16.85974,45.34579,0.00199437932874247,45.347397502415,0.00360188174378639
16.87104,45.34472,0.000924379328743896,45.3478030783829,0.00400745771165338
16.88236,45.34509,0.00129437932874055,45.3481541608122,0.00435854014092868
16.89369,45.35438,0.0105843793287406,45.3483981487327,0.00460252806144682
16.90501,45.35293,0.00913437932874217,45.348496211729,0.00470059105779182
16.91633,45.35155,0.00775437932874468,45.3484304705384,0.00463484986713218
16.92767,45.3532,0.00940437932874261,45.3482080974849,0.00441247681367
16.939,45.34805,0.00425437932874217,45.347861307577,0.00406568690577579
16.95034,45.34427,0.000474379328743169,45.3474431382795,0.00364751760826644
16.9617,45.34458,0.000784379328742091,45.3470198623112,0.00322424163996795
16.97303,45.34789,0.00409437932874113,45.3466615314878,0.00286591081653195
16.98436,45.34294,-0.000855620671259771,45.3464323489414,0.00263672827017073
16.9957,45.34193,-0.00186562067126061,45.3463823730651,0.00258675239385126
17.00705,45.34318,-0.000615620671261752,45.3465416531218,0.00274603245053729
17.0184,45.3517,0.00790437932874255,45.3469173755608,0.00312175488952085
17.02973,45.3474,0.00360437932874191,45.3474939705409,0.00369834986966663
17.04105,45.35061,0.00681437932874474,45.3482355273583,0.00443990668705577
17.05236,45.35237,0.00857437932874205,45.3490895523353,0.00529393166407941
17.06366,45.35603,0.0122343793287385,45.3499911998866,0.00619557921529116
17.07498,45.33987,-0.00392562067126079,45.3508675350221,0.00707191435086967
17.08632,45.34774,0.00394437932874325,45.3516419602476,0.00784633957636143
17.09766,45.35219,0.00839437932874176,45.3522393714183,0.00844375074700037
17.10898,45.34918,0.00538437932873848,45.3525925501356,0.00879692946437663
17.12033,45.35545,0.0116543793287391,45.3526496807948,0.00885406012354557
17.13167,45.35755,0.0137543793287449,45.3523820453028,0.00858642463150905
17.14302,45.35623,0.012434379328738,45.3517903510101,0.00799473033881404
17.15435,45.35696,0.0131643793287424,45.3509080490442,0.00711242837294825
17.1657,45.34872,0.00492437932874168,45.3498004630956,0.00600484242439184
17.17702,45.34198,-0.00181562067125896,45.3485594490395,0.00476382836821121
17.18833,45.35115,0.0073543793287385,45.3472943042285,0.00349868355722059
17.19966,45.34615,0.00235437932874305,45.3461203270203,0.0023247063490806
17.21098,45.34024,-0.00355562067125703,45.3451466096401,0.00135098896884152
17.22227,45.34445,0.00065437932874346,45.3444645012429,0.000668880571650022
17.2336,45.34398,0.000184379328743489,45.3441379457797,0.000342325108434292
17.24493,45.34692,0.00312437932873877,45.3441966334832,0.000401012811972084
17.25627,45.33906,-0.00473562067125499,45.3446326017024,0.000836981031106668
17.26761,45.33924,-0.00455562067126181,45.3454006643592,0.00160504368798341
17.27892,45.34357,-0.000225620671258753,45.3464228292315,0.0026272085602273
17.29029,45.3569,0.0131043793287446,45.3475964722218,0.00380085155049878
17.30162,45.34679,0.00299437932874014,45.3488053808304,0.00500976015914595
17.31295,45.35253,0.0087343793287431,45.3499321422217,0.00613652155044193
17.32428,45.35189,0.00809437932873891,45.3508701400702,0.00707451939896999
17.3356,45.35746,0.0136643793287448,45.3515336995396,0.00773807886833414
17.34693,45.34686,0.00306437932874104,45.3518654256204,0.00806980494910128
17.35824,45.34919,0.00539437932874165,45.3518403070068,0.00804468633553683
17.3696,45.3546,0.0108043793287393,45.3514666022447,0.00767098157342212
17.38096,45.35744,0.0136443793287384,45.3507837605845,0.00698813991324478
17.39226,45.34579,0.00199437932874247,45.349857648951,0.00606202827978911
17.40358,45.34956,0.0057643793287383,45.3487734013247,0.00497778065348579
17.41494,45.34669,0.00289437932874392,45.3476264735732,0.00383085290198158
17.42625,45.34504,0.00124437932873889,45.3465128356411,0.00271721496982652
17.43756,45.34247,-0.00132562067125974,45.3455194001646,0.00172377949333912
17.44888,45.35321,0.00941437932873868,45.3447157060141,0.000920085342860633
17.46021,45.3341,-0.00969562067125906,45.344147668182,0.000352047510774096
17.47155,45.34349,-0.000305620671255724,45.3438340157939,3.83951226414116e-05
17.48286,45.33988,-0.00391562067125761,45.3437658951202,-2.97255510644965e-05
17.49421,45.34383,3.43793287385097e-05,45.3439098650718,0.000114244400520183
17.50555,45.34469,0.000894379328741479,45.3442140151526,0.000418394481303833
17.51687,45.34661,0.00281437932873985,45.344616290577,0.000820669905716269
17.52822,45.35306,0.0092643793287408,45.3450535888418,0.00125796817056548
17.53956,45.34767,0.00387437932874235,45.3454700210995,0.00167440042824979
17.55088,45.34357,-0.000225620671258753,45.3458230148661,0.00202739419489181
17.56221,45.34365,-0.000145620671261781,45.3460866162706,0.00229099559931513
17.57353,45.34879,0.00499437932874258,45.3462521435146,0.00245652284330945
17.58484,45.33675,-0.00704562067125636,45.3463268672989,0.00253124662762688
17.59617,45.35503,0.0112343793287408,45.3463314737324,0.00253585306119297
17.6075,45.34414,0.000344379328744537,45.3462968157283,0.00250119505704008
17.61884,45.34766,0.00386437932873918,45.3462601247858,0.00246450411451463
17.63017,45.34737,0.0035743793287395,45.3462606651738,0.00246504450253289
17.64153,45.34776,0.0039643793287425,45.3463348680032,0.00253924733196279
17.65286,45.34941,0.00561437932874043,45.3465112123774,0.00271559170616293
17.6642,45.33886,-0.00493562067126163,45.3468054100751,0.00300978940388781
17.67553,45.34134,-0.00245562067125604,45.3472167211163,0.00342110044499906
17.68686,45.35141,0.00761437932874287,45.34772632515,0.00393070447878618
17.6982,45.35327,0.00947437932874351,45.3482983972045,0.00450277653324516
17.70952,45.33893,-0.00486562067126073,45.3488839447882,0.0050883241169309
17.72086,45.35511,0.0113143793287449,45.3494269251667,0.00563130449541862
17.73221,45.34293,-0.00086562067125584,45.3498719086317,0.0060762879604476
17.74355,45.35162,0.00782437932873847,45.350172418465,0.00637679779375095
17.75488,45.35787,0.0140743793287399,45.3502988293727,0.00650320870141618
17.76622,45.35737,0.0135743793287446,45.3502444022544,0.00644878158312408
17.77758,45.34651,0.00271437932874363,45.3500279713752,0.00623235070391651
17.7889,45.36163,0.0178343793287397,45.349692243113,0.00589662244171517
17.80024,45.34591,0.00211437932874503,45.3492975912661,0.00550197059481334
17.81158,45.339,-0.00479562067125983,45.3489123447696,0.00511672409833083
17.8229,45.34385,5.4379328744858e-05,45.3486015050312,0.00480588435994423
17.83425,45.34837,0.00457437932874427,45.3484162628078,0.00462064213653026
17.84559,45.34447,0.000674379328742702,45.3483863613061,0.00459074063488369
17.85691,45.35163,0.00783437932874165,45.3485164032588,0.00472078258752025
17.86826,45.35278,0.0089843793287443,45.3487861324585,0.00499051178724558
17.8796,45.34845,0.00465437932874124,45.3491539937702,0.00535837309892064
17.89092,45.3422,-0.00159562067126018,45.3495630353498,0.00576741467858313
17.90222,45.34903,0.0052343793287406,45.3499483193055,0.0061526986342812
17.91354,45.36008,0.016284379328745,45.3502451122936,0.00644949162233589
17.92486,45.35145,0.00765437932874136,45.3503969871316,0.00660136646036524
17.9362,45.34984,0.00604437932874191,45.3503627581181,0.00656713744687757
17.94755,45.34906,0.00526437932874302,45.3501212973859,0.00632567671461121
17.95887,45.34882,0.005024379328745,45.3496737883133,0.00587816764207756
17.9702,45.35079,0.00699437932874503,45.3490434926264,0.00524787195514728
17.98153,45.34752,0.00372437932874448,45.3482733411548,0.00447772048353441
17.99286,45.35123,0.00743437932874258,45.3474216610044,0.00362604033315725
18.00421,45.34325,-0.000545620671260849,45.3465563390798,0.00276071840852847
18.01552,45.34959,0.00579437932874072,45.3457478133243,0.00195219265307158
18.02685,45.34198,-0.00181562067125896,45.3450614589281,0.00126583825681905
18.03818,45.34729,0.00349437932874253,45.3445501185786,0.000754497907341034
18.0495,45.33659,-0.00720562067125741,45.3442476540364,0.000452033365099317
18.06084,45.34589,0.00209437932873868,45.3441644300359,0.000368809364664512
18.07218,45.34579,0.00199437932874247,45.3442855219831,0.000489901311877617
18.08352,45.34127,-0.00252562067125695,45.3445721456559,0.000776524984654534
18.09485,45.33517,-0.00862562067126049,45.3449664357213,0.00117081505004453
18.10618,45.3449,0.00110437932874419,45.345399328154,0.00160370748275858
18.1175,45.35432,0.0105243793287428,45.3458008103393,0.00200518966805278
18.12881,45.34497,0.00117437932874509,45.3461110874059,0.00231546673464679
18.14014,45.35812,0.0143243793287411,45.3462905458234,0.00249492515213829
18.15147,45.35123,0.00743437932874258,45.3463262664385,0.00253064576720315
18.1628,45.34684,0.0030443793287418,45.3462334706973,0.00243785002607333
18.17413,45.34486,0.0010643793287386,45.3460514946782,0.00225587400693794
18.18549,45.34148,-0.00231562067126134,45.3458352735823,0.00203965291106279
18.19683,45.3395,-0.00429562067125744,45.3456444163201,0.00184879564881328
18.20814,45.33667,-0.00712562067126044,45.3455323892581,0.00173676858684873
18.2195,45.35159,0.00779437932874316,45.345538000066,0.00174237939475151
18.23083,45.34785,0.00405437932874264,45.3456804463831,0.00188482571189227
18.24215,45.34287,-0.000925620671260674,45.3459580870142,0.00216246634294163
18.25347,45.34454,0.000744379328743605,45.3463503019524,0.00255468128113455
18.26479,45.35101,0.0072143793287438,45.3468215269941,0.0030259063228707
18.27611,45.35141,0.00761437932874287,45.3473265520981,0.0035309314268843
18.28741,45.34748,0.00368437932873888,45.3478162230224,0.00402060235112232
18.29873,45.34406,0.000264379328740461,45.3482428421127,0.00444722144143139
18.31005,45.34684,0.0030443793287418,45.3485649069336,0.00476928626236041
18.32137,45.3476,0.00380437932874145,45.3487511501053,0.0049555294340063
18.33273,45.35176,0.00796437932874028,45.3487838613255,0.00498824065428766
18.34406,45.35332,0.00952437932873806,45.3486611811115,0.00486556044020544
18.35539,45.35295,0.00915437932874141,45.3483977633629,0.00460214269164541
18.36672,45.34552,0.00172437932874203,45.3480232456311,0.00422762495986505
18.37808,45.34262,-0.00117562067126187,45.3475784318678,0.00378281119649281
18.38942,45.35053,0.00673437932874066,45.3471097402502,0.00331411957895183
18.40076,45.34641,0.00261437932874031,45.3466629070655,0.00286728639424213
18.41208,45.34552,0.00172437932874203,45.3462769903645,0.00248136969321886
18.42341,45.33801,-0.00578562067126143,45.3459795536682,0.00218393299690416
18.43476,45.3483,0.00450437932874337,45.345783730433,0.00198810976176723
18.4461,45.34309,-0.000705620671261897,45.3456876195951,0.00189199892385594
18.45742,45.35072,0.00692437932874412,45.3456760185463,0.00188039787503331
18.46876,45.34571,0.00191437932873839,45.3457239778052,0.00192835713391071
18.48008,45.345,0.0012043793287404,45.3458013382544,0.00200571758318214
18.4914,45.34713,0.00333437932874148,45.3458774189776,0.00208179830632303
18.50272,45.34766,0.00386437932873918,45.3459252451888,0.00212962451755521
18.51405,45.34356,-0.000235620671261927,45.3459249497123,0.0021293290410105
18.52539,45.34409,0.000294379328742878,45.3458661613098,0.00207054063857123
18.53671,45.34441,0.000614379328744974,45.3457492978637,0.00195367719243062
18.54806,45.35294,0.00914437932873824,45.3455856698637,0.00179004919242692
18.5594,45.34858,0.00478437932873987,45.3453961739552,0.00160055328394501
18.57075,45.34872,0.00492437932874168,45.3452083134848,0.00141269281357818
18.58208,45.34016,-0.00363562067126111,45.3450515896978,0.00125596902653647
18.59342,45.33801,-0.00578562067126143,45.344951968516,0.00115634784468986
18.60475,45.33983,-0.00396562067125927,45.3449267630861,0.00113114241480795
18.61609,45.34475,0.000954379328739208,45.3449813908961,0.00118577022483768
18.62741,45.34813,0.00433437932873915,45.3451088841064,0.00131326343512302
18.63875,45.34673,0.00293437932874241,45.3452920509449,0.00149643027366624
18.6501,45.34953,0.00573437932874299,45.345507348725,0.00171172805378796
18.66143,45.34947,0.00567437932873815,45.3457292153601,0.00193359468881394
18.67277,45.33903,-0.00476562067125741,45.345933838095,0.00213821742372944
18.68409,45.34358,-0.000215620671255579,45.3461018728455,0.00230625217420506
18.69544,45.34969,0.00589437932874404,45.3462201088629,0.00242448819161166
18.7068,45.3531,0.00930437932873929,45.3462822144511,0.00248659377987382
18.71812,45.34508,0.00128437932874448,45.3462885489344,0.00249292826315127
18.72943,45.34096,-0.00283562067125587,45.3462449663215,0.00244934565025407
18.74076,45.3468,0.00300437932874331,45.3461608085704,0.0023651878991372
18.75209,45.34395,0.000154379328741072,45.3460466554577,0.00225103478649267
18.76344,45.34714,0.00334437932874465,45.3459124787896,0.00211685811837095
18.77474,45.34251,-0.00128562067126126,45.3457665880513,0.00197096738008278
18.78606,45.34888,0.00508437932874273,45.3456153898147,0.00181976914346758
18.79739,45.34839,0.00459437932874351,45.3454637035572,0.00166808288595044
18.80874,45.34679,0.00299437932874014,45.3453152415903,0.00151962091901301
18.82005,45.34034,-0.00345562067126082,45.3451729195568,0.00137729888557667
18.83138,45.34473,0.000934379328739965,45.345038916644,0.00124329597271347
18.84273,45.34423,0.000434379328744683,45.3449146767659,0.00111905609466312
18.85405,45.34703,0.00323437932873816,45.3448010980232,0.00100547735192805
18.86537,45.34305,-0.000745620671260383,45.3446989701226,0.000903349451301157
18.87671,45.34982,0.00602437932874267,45.3446094912709,0.000813870599682042
18.88806,45.33905,-0.00474562067125817,45.3445346182748,0.000738997603591271
18.8994,45.34613,0.00233437932874381,45.3444770947209,0.00068147404963516
18.91074,45.34563,0.00183437932874142,45.3444401506533,0.00064452998200535
18.92207,45.34562,0.00182437932873825,45.3444269535954,0.000631332924170644
18.93342,45.34635,0.00255437932874258,45.344439908487,0.000644287815785942
18.94477,45.33712,-0.00667562067125971,45.3444799604931,0.000684339821801463
18.95608,45.34344,-0.000355620671257384,45.3445461890217,0.000750568350441135
18.96741,45.34411,0.00031437932874212,45.3446360352813,0.000840414610027106
18.97874,45.35332,0.00952437932873806,45.3447462896092,0.000950668937979857
18.99004,45.34324,-0.000555620671256918,45.3448745556404,0.00107893496918776
19.00138,45.33679,-0.00700562067125787,45.3450206496774,0.00122502900609422
19.0127,45.35198,0.00818437932873906,45.3451874888906,0.00139186821937097
19.02402,45.3465,0.00270437932874046,45.3453812589303,0.00158563825901005
19.03534,45.35027,0.0064743793287434,45.3456107366241,0.00181511595283391
19.04667,45.33963,-0.00416562067125881,45.345885654172,0.00209003350076641
19.05797,45.34914,0.00534437932873999,45.3462141916163,0.00241857094506982
19.06932,45.34551,0.00171437932873886,45.3466000479825,0.00280442731126348
19.08063,45.34795,0.00415437932873886,45.3470397993455,0.00324417867426628
19.09198,45.34083,-0.0029656206712616,45.3475212897417,0.00372566907042336
19.10332,45.34191,-0.00188562067125986,45.3480236972787,0.0042280766074021
19.11464,45.35116,0.00736437932874168,45.3485196636905,0.00472404301921795
19.12598,45.35452,0.0107243793287424,45.3489793495469,0.00518372887567294
19.13732,45.3502,0.00640437932874249,45.3493755605514,0.00557993988015457
19.14862,45.35767,0.0138743793287404,45.3496885803427,0.00589295967140908
19.15999,45.34433,0.000534379328740897,45.349909403214,0.00611378254270966
19.17132,45.35091,0.00711437932874048,45.3500406494965,0.00624502882521655
19.18265,45.35195,0.00815437932874374,45.3500951979596,0.00629957728836056
19.19399,45.34813,0.00433437932873915,45.3500931172749,0.00629749660365708
19.20532,45.35064,0.00684437932874005,45.3500577108527,0.00626209018142972
19.21664,45.34158,-0.00221562067125802,45.3500115213079,0.00621590063666151
19.22796,45.35242,0.00862437932874371,45.3499730622786,0.00617744160734035
19.23928,45.35048,0.006684379328739,45.3499547941112,0.00615917343995316
19.2506,45.35154,0.0077443793287415,45.3499624065325,0.00616678586120031
19.26192,45.35483,0.0110343793287413,45.3499950027636,0.00619938209234844
19.27326,45.35339,0.00959437932873897,45.3500455791926,0.00624995852133923
19.2846,45.3446,0.000804379328741334,45.3501013978741,0.00630577720279656
19.29596,45.34303,-0.000765620671259626,45.3501443474852,0.00634872681398157
19.30728,45.35262,0.00882437932874325,45.3501518611697,0.00635624049839501
19.3186,45.34814,0.00434437932874232,45.3500990322419,0.00630341157068835
19.32996,45.35061,0.00681437932874474,45.3499621373938,0.00616651672251859
19.34128,45.34895,0.00515437932874363,45.3497231366121,0.00592751594083725
19.35264,45.35413,0.0103343793287394,45.3493742356636,0.00557861499233454
19.36398,45.35416,0.0103643793287418,45.3489213987938,0.00512577812257962
19.37532,45.34751,0.0037143793287413,45.3483857795448,0.00459015887354258
19.38666,45.34781,0.00401437932874416,45.3478024166991,0.004006796027811
19.39802,45.35199,0.00819437932874223,45.3472161650449,0.00342054437361358
19.40936,45.33825,-0.0055456206712563,45.3466754832769,0.00287986260561906
19.42066,45.34763,0.00383437932874386,45.3462251701271,0.00242954945582276
19.43198,45.34343,-0.000365620671260558,45.3458993322871,0.00210371161582597
19.4433,45.34592,0.0021243793287411,45.3457157632409,0.00192014256966002
19.45464,45.34816,0.00436437932874156,45.3456725720242,0.00187695135289742
19.46596,45.34361,-0.000185620671260267,45.3457475114151,0.00195189074380276
19.47729,45.33638,-0.00741562067126011,45.3459001948709,0.00210457419960178
19.4886,45.34297,-0.000825620671257354,45.3460772303173,0.00228160964606202
19.49994,45.35143,0.00763437932874211,45.3462199847343,0.00242436406303581
19.51128,45.35543,0.0116343793287399,45.3462740444496,0.00247842377832431
19.52262,45.34441,0.000614379328744974,45.3461986974819,0.00240307681062929
19.53395,45.35114,0.00734437932874243,45.3459744887751,0.00217886810379745
19.54528,45.34505,0.00125437932874206,45.3456073516832,0.00181173101193099
19.55662,45.34171,-0.00208562067125939,45.3451287000978,0.00133307942649543
19.56797,45.35027,0.0064743793287434,45.3445916886166,0.000796067945348439
19.57929,45.34273,-0.00106562067125537,45.3440643670597,0.000268746388458767
19.59064,45.34535,0.00155437932874491,45.3436207156043,-0.00017490506700085
19.60197,45.33916,-0.00463562067125878,45.3433307213233,-0.000464899347923534
19.61333,45.33744,-0.00635562067125761,45.3432508371624,-0.000544783508895971
19.62466,45.34281,-0.000985620671258403,45.3434162329106,-0.00037938776065206
19.636,45.34445,0.00065437932874346,45.3438360032523,4.0382581043094e-05
19.64732,45.34256,-0.0012356206712596,45.344491917324,0.000696296652786858
19.65865,45.34813,0.00433437932873915,45.3453406078495,0.00154498717828117
19.66997,45.3483,0.00450437932874337,45.3463185855694,0.00252296489813193
19.6813,45.34351,-0.000285620671256481,45.3473492418067,0.0035536211354032
19.69264,45.34594,0.00214437932874034,45.3483510130532,0.00455539238197756
19.70397,45.34937,0.00557437932874194,45.3492459668267,0.00545034615544765
19.71529,45.35463,0.0108343793287418,45.3499680332709,0.00617241259963473
19.72662,45.36021,0.0164143793287437,45.3504699107774,0.00667429010614204
19.73795,45.34792,0.00412437932874354,45.3507275694578,0.00693194878653087
19.74928,45.34793,0.00413437932873961,45.3507415977415,0.00694597707019593
19.76061,45.34826,0.00446437932874488,45.3505353815789,0.00673976090761193
19.77194,45.35165,0.00785437932874089,45.350150840578,0.00635521990669779
19.78329,45.34988,0.0060843793287404,45.3496427402984,0.00584711962711376
19.79461,45.34527,0.00147437932874084,45.3490724561053,0.00527683543404964
19.80597,45.35361,0.00981437932874485,45.3485017927919,0.00470617212062687
19.81728,45.34515,0.00135437932873828,45.3479872788926,0.00419165822138286
19.82858,45.34476,0.000964379328742382,45.3475752626998,0.00377964202852294
19.8399,45.35112,0.00732437932874319,45.3472980887675,0.00350246809619693
19.85122,45.34797,0.0041743793287381,45.3471715839997,0.00337596332847039
19.86255,45.34421,0.000414379328738335,45.3471940135331,0.00339839286183197
19.8739,45.34687,0.00307437932874421,45.347346632571,0.00355101189970318
19.88526,45.34366,-0.000135620671258607,45.3475959832402,0.00380036256896474
19.8966,45.3443,0.00050437932873848,45.3478980394726,0.0041024188013175
19.90793,45.35216,0.00836437932873935,45.3482040352584,0.00440841458714242
19.91928,45.34904,0.00524437932874378,45.3484673302184,0.00467170954715445
19.93062,45.35729,0.0134943793287405,45.3486501699546,0.00485454928331283
19.94195,45.34797,0.0041743793287381,45.3487289764362,0.00493335576490071
19.9533,45.34867,0.00487437932874002,45.3486970516788,0.00490143100750472
19.96464,45.35033,0.00653437932874112,45.3485642278606,0.00476860718932034
19.97597,45.34609,0.00229437932873822,45.3483537460458,0.00455812537458406
19.98732,45.3456,0.001804379328739,45.3480971959216,0.00430157525033684
19.99865,45.34716,0.00336437932874389,45.347828591038,0.00403297036675656
20.01001,45.35047,0.00667437932874293,45.3475786226797,0.00378300200843454
20.02132,45.3447,0.000904379328744653,45.3473699208488,0.00357430017758902
20.03267,45.34683,0.00303437932873862,45.3472138973336,0.00341827666230456
20.04399,45.3404,-0.00339562067125598,45.3471095720844,0.00331395141313625
20.05533,45.34713,0.00333437932874148,45.3470446359998,0.00324901532853979
20.06668,45.3513,0.00750437932874348,45.3469987069875,0.00320308631620673
20.078,45.34714,0.00334437932874465,45.3469482517786,0.00315263110732514
20.08931,45.34986,0.00606437932874115,45.3468721925884,0.00307657191714093
20.10066,45.34484,0.00104437932873935,45.3467570744322,0.00296145376090427
20.11196,45.3472,0.00340437932874238,45.3466008792233,0.00280525855200696
20.1233,45.34811,0.0043143793287399,45.34641492647,0.00261930579872682
20.13464,45.35088,0.00708437932873807,45.3462235874252,0.00242796675395709
20.14596,45.3437,-9.56206712601215e-05,45.3460617465389,0.0022661258676338
20.15729,45.34999,0.00619437932873979,45.3459702010475,0.00217458037620249
20.1686,45.34276,-0.00103562067126006,45.3459895688996,0.00219394822832535
20.17994,45.33945,-0.0043456206712591,45.3461536840331,0.00235806336189166
20.1913,45.34208,-0.00171562067125564,45.3464837017618,0.00268808109052852
20.20266,45.35555,0.0117543793287425,45.346984025739,0.00318840506777794
20.21397,45.34262,-0.00117562067126187,45.347640660207,0.00384503953577603
20.2253,45.35103,0.00723437932874305,45.3484219379808,0.00462631730951496
20.23659,45.35043,0.00663437932874444,45.3492811547225,0.00548553405128465
20.24792,45.34575,0.00195437932874398,45.3501605744631,0.00636495379184598
20.25923,45.35463,0.0108343793287418,45.3509963750532,0.00720075438192241
20.27054,45.3503,0.00650437932873871,45.3517241765339,0.00792855586263113
20.28188,45.347,0.00320437932874285,45.3522847823602,0.00848916168895252
20.29324,45.36008,0.016284379328745,45.3526296820987,0.00883406142739708
20.30455,45.35923,0.0154343793287381,45.3527257477878,0.00893012711652865
20.31587,45.34704,0.00324437932874133,45.3525585027491,0.00876288207788315
20.32721,45.3473,0.00350437932873859,45.3521335260385,0.00833790536728777
20.3385,45.35475,0.0109543793287443,45.351475977284,0.00768035661272792
20.34983,45.35603,0.0122343793287385,45.3506285597972,0.00683293912592265
20.36114,45.34672,0.00292437932873924,45.3496482443696,0.00585262369830398
20.37245,45.34583,0.00203437932874095,45.348601963774,0.00480634310269559
20.38379,45.35197,0.00817437932874299,45.3475615605312,0.0037659398599562
20.39515,45.33537,-0.00842562067126096,45.3465984577896,0.00280283711832511
20.40649,45.35479,0.0109943793287428,45.3457785586479,0.0019829379765931
20.41783,45.34698,0.0031843793287436,45.3451576830617,0.00136206239040436
20.42918,45.34488,0.00108437932874494,45.3447775841524,0.000981963481160776
20.44054,45.34708,0.00328437932873982,45.3446625026104,0.000866881939117185
20.45187,45.33559,-0.00820562067125508,45.3448164538988,0.00102083322750815
20.46321,45.34487,0.00107437932874177,45.3452218260372,0.00142620536596151
20.47455,45.34107,-0.00272562067125648,45.3458400252715,0.00204440460026161
20.48583,45.3515,0.00770437932874302,45.3466146078125,0.002818987141219
20.49718,45.34697,0.00317437932874043,45.3474766797363,0.00368105906506344
20.50848,45.35604,0.0122443793287417,45.3483516921748,0.00455607150350962
20.5198,45.34919,0.00539437932874165,45.349166461313,0.00537084064169761
20.53114,45.3435,-0.000295620671259655,45.3498554337676,0.00605981309629802
20.54247,45.34684,0.0030443793287418,45.3503657322552,0.00657011158396523
20.5538,45.3575,0.0137043793287432,45.3506609658567,0.00686534518544432
20.56513,45.35241,0.00861437932874054,45.3507238484597,0.00692822778844192
20.57644,45.34946,0.00566437932874209,45.3505574267641,0.00676180609280212
20.58779,45.34949,0.0056943793287445,45.3501845873765,0.00638896670526905
20.59912,45.35064,0.00684437932874005,45.3496456992016,0.00585007853031437
20.61047,45.34834,0.00454437932874185,45.3489945518422,0.00519893117097936
20.62179,45.35093,0.00713437932873973,45.3482929270269,0.00449730635562983
20.63314,45.34902,0.00522437932874453,45.3476041928844,0.00380857221317841
20.64445,45.34837,0.00457437932874427,45.3469863878172,0.0031907671459209
20.65576,45.34005,-0.0037456206712605,45.3464854527941,0.0026898321228413
20.66708,45.34676,0.00296437932874483,45.3461295298381,0.00233390916685716
20.6784,45.34158,-0.00221562067125802,45.345925391,0.00212977032873556
20.68974,45.34275,-0.00104562067125613,45.3458579143143,0.00206229364302367
20.70106,45.33977,-0.004025620671257,45.3458930517229,0.002097431051678
20.71237,45.3572,0.0134043793287404,45.3459840417218,0.00218842105056391
20.72367,45.34299,-0.000805620671258112,45.3460798573937,0.00228423672247235
20.73503,45.34933,0.00553437932874346,45.3461342846633,0.002338663992062
20.74636,45.34827,0.00447437932874095,45.3461138541955,0.00231823352428626
20.75769,45.35199,0.00819437932874223,45.3460031361103,0.00220751543906306
20.76902,45.34819,0.00439437932874398,45.3458064554475,0.00201083477628612
20.78036,45.34302,-0.000775620671255695,45.3455457630536,0.00175014238232896
20.7917,45.34675,0.00295437932874165,45.345255174916,0.00145955424472608
20.80304,45.34315,-0.000645620671257063,45.344973447683,0.0011778270117596
20.81438,45.32591,-0.0178856206712581,45.3447361533874,0.00094053271610396
20.82571,45.34775,0.00395437932873932,45.3445693492437,0.000773728572449022
20.83706,45.35463,0.0108343793287418,45.3444859754806,0.000690354809385285
20.8484,45.34597,0.00217437932874276,45.3444851488117,0.000689528140473166
20.85972,45.34584,0.00204437932874413,45.3445535103084,0.000757889637130095
20.87105,45.34242,-0.0013756206712614,45.3446675063832,0.000871885711969437
20.88238,45.34562,0.00182437932873825,45.3447959747176,0.00100035404632266
20.89371,45.33757,-0.00622562067125898,45.3449030831137,0.00110746244245178
20.90503,45.3457,0.00190437932874232,45.3449520014649,0.00115638079363386
20.91638,45.34319,-0.000605620671258578,45.3449095617913,0.00111394112001544
20.92771,45.34687,0.00307437932874421,45.3447517103652,0.000956089693952719
20.93905,45.3477,0.00390437932874477,45.3444690031927,0.000673382521477015
20.95039,45.34388,8.43793287401695e-05,45.3440709980588,0.000275377387523734
20.96174,45.3484,0.00460437932873958,45.3435883228258,-0.000207297845417097
20.97307,45.35072,0.00692437932874412,45.3430714591943,-0.000724161476995219
20.9844,45.34443,0.000634379328744217,45.3425858097308,-0.00120981094049802
20.99574,45.33085,-0.0129456206712604,45.3422033840388,-0.00159223663246913
21.00704,45.3421,-0.00169562067125639,45.3419923397003,-0.00180328097094799
21.01838,45.34383,3.43793287385097e-05,45.3420062881566,-0.00178933251463362
21.0297,45.33897,-0.00482562067125514,45.3422753549822,-0.00152026568905216
21.04099,45.33771,-0.00608562067125717,45.3428005309332,-0.000995089738072431
21.05231,45.33844,-0.00535562067125994,45.343552250856,-0.000243369815275436
21.06362,45.34573,0.00193437932874474,45.3444735577455,0.000677937074197166
21.07496,45.34524,0.00144437932873842,45.3454875148807,0.00169189420940901
21.08628,45.3475,0.00370437932873813,45.3465077038315,0.00271208316020213
21.09762,45.35556,0.0117643793287385,45.3474499433549,0.00365432268360847
21.10897,45.35251,0.00871437932874386,45.3482430547105,0.0044474340392017
21.12031,45.3544,0.0106043793287398,45.3488367051762,0.00504108450493178
21.13163,45.34578,0.00198437932873929,45.3492050842755,0.00540946360421246
21.14294,45.34541,0.00161437932874264,45.3493462462789,0.00555062560760986
21.15427,45.35207,0.0082743793287392,45.3492780120774,0.00548239140613249
21.1656,45.33947,-0.00432562067125986,45.3490319524435,0.00523633177228988
21.17695,45.35344,0.00964437932874063,45.3486470220144,0.00485140134314912
21.18827,45.34701,0.00321437932873891,45.3481640368847,0.00436841621348019
21.1996,45.34567,0.00187437932873991,45.3476216576795,0.00382603700819891
21.2109,45.34238,-0.00141562067125989,45.3470540695986,0.00325844892737349
21.22221,45.35749,0.0136943793287401,45.346490219579,0.00269459890774652
21.23353,45.3413,-0.00249562067126163,45.3459542312345,0.00215861056320425
21.24484,45.34209,-0.00170562067125957,45.3454664701803,0.00167084950901279
21.25614,45.34972,0.00592437932873935,45.3450447579055,0.00124913723423631
21.26745,45.34354,-0.00025562067126117,45.3447053750489,0.000909754377658256
21.27879,45.3467,0.00290437932873999,45.3444635796305,0.000667958959257538
21.29014,45.34617,0.00237437932874229,45.3443333883332,0.000537767661949136
21.30146,45.34578,0.00198437932873929,45.3443264836608,0.000530862989564665
21.3128,45.33937,-0.00442562067125607,45.3444503757348,0.000654755063536248
21.32414,45.34125,-0.00254562067125619,45.3447062652671,0.000910644595816205
21.33546,45.34494,0.00114437932874267,45.3450872367578,0.00129161608652128
21.34678,45.34961,0.00581437932873996,45.3455772840075,0.00178166333623391
21.35812,45.34794,0.00414437932874279,45.3461512648945,0.00235564422322343
21.36944,45.34755,0.00375437932873979,45.346775499851,0.00297987917973263
21.38076,45.34355,-0.000245620671257996,45.34740866887,0.0036130481987062
21.39208,45.34769,0.00389437932874159,45.348002912554,0.00420729188270092
21.40341,45.35065,0.00685437932874322,45.3485053157628,0.0047096950915872
21.41471,45.34948,0.00568437932874133,45.3488600133427,0.00506439267147229
21.42602,45.34669,0.00289437932874392,45.3490110485245,0.0052154278532601
21.43734,45.3466,0.00280437932874378,45.3489060254071,0.00511040473588465
21.44866,45.35043,0.00663437932874444,45.3485005813332,0.00470496066196439
21.46002,45.34094,-0.00285562067125511,45.347763637799,0.00396801712775539
21.47134,45.34519,0.00139437932874387,45.346683163604,0.00288754293270958
21.48266,45.35274,0.00894437932873871,45.3452718062167,0.00147618554544042
21.49398,45.34757,0.00377437932873903,45.3435712956758,-0.000224324995504865
21.50532,45.34795,0.00415437932873886,45.341654209357,-0.00214141131427147
21.51666,45.34135,-0.00244562067125997,45.3396218271803,-0.00417379349092069
21.52799,45.33343,-0.0103656206712586,45.3375975422488,-0.00619807842250923
21.53931,45.3374,-0.0063956206712561,45.3357163581327,-0.00807926253851158
21.55063,45.33093,-0.0128656206712563,45.3341119303934,-0.00968369027786663
21.56194,45.32693,-0.0168656206712612,45.3329030768629,-0.0108925438083619
21.57328,45.32944,-0.0143556206712603,45.3321816543025,-0.0116139663687243
21.5846,45.33793,-0.0058656206712584,45.3320032889721,-0.0117923316991142
21.59593,45.33584,-0.00795562067126099,45.3323818071223,-0.0114138135489762
21.60723,45.32461,-0.0191856206712586,45.3332876093887,-0.0105080112825628
21.61855,45.33137,-0.0124256206712587,45.3346499589115,-0.00914566175970733
21.6299,45.33329,-0.0105056206712604,45.3363631438976,-0.00743247677369281
21.64121,45.34459,0.00079437932873816,45.33829631114,-0.0054993095312256
21.65255,45.33511,-0.00868562067125822,45.3403062187494,-0.00348940192181612
21.66389,45.34794,0.00414437932874279,45.3422514924819,-0.00154412818933572
21.67524,45.34589,0.00209437932873868,45.3440065823006,0.000210961629378246
21.68657,45.34884,0.00504437932874424,45.3454736129388,0.00167799226758533
21.69793,45.34457,0.000774379328738917,45.3465906114832,0.00279499081190437
21.70925,45.36094,0.0171443793287409,45.3473350911291,0.00353947045779454
21.72057,45.34425,0.000454379328743926,45.3477226162518,0.00392699558053107
21.73189,45.33794,-0.00585562067125522,45.347800735844,0.00400511517272145
21.74322,45.35418,0.010384379328741,45.3476394749967,0.00384385432539558
21.75455,45.34118,-0.00261562067125709,45.3473201547089,0.00352453403763592
21.76584,45.3512,0.00740437932874016,45.3469243948202,0.00312877414891458
21.77717,45.33872,-0.00507562067125633,45.3465248306679,0.00272920999661262
21.78848,45.34206,-0.00173562067126198,45.3461786626132,0.00238304194195538
21.79981,45.34352,-0.000275620671260413,45.3459247540039,0.00212913333260912
21.81114,45.34551,0.00171437932873886,45.3457844280238,0.0019888073525837
21.82247,45.35276,0.00896437932874505,45.3457653144055,0.00196969373425593
21.8338,45.34917,0.00537437932874241,45.3458667955454,0.00207117487418155
21.84513,45.35098,0.00718437932874139,45.346085187721,0.0022895670497664
21.85645,45.34583,0.00203437932874095,45.3464170072375,0.00262138656628804
21.8678,45.34578,0.00198437932873929,45.3468594191822,0.00306379851094122
21.87914,45.34609,0.00229437932873822,45.3474078865498,0.00361226587858862
21.89048,45.35228,0.00848437932874191,45.3480517492163,0.00425612854503731
21.90183,45.34877,0.00497437932874334,45.3487688103565,0.00497318968520942
21.91317,45.35225,0.00845437932873949,45.349520127761,0.0057245070897135
21.9245,45.33827,-0.00552562067125706,45.3502463390117,0.00645071834047618
21.93584,45.33987,-0.00392562067126079,45.3508670268376,0.00707140616638218
21.94716,45.3504,0.00660437932874203,45.3512845426634,0.00748892199214792
21.95846,45.35512,0.011324379328741,45.3513929567826,0.00759733611134455
21.96979,45.35414,0.0103443793287425,45.3510914220772,0.00729580140594314
21.98112,45.35408,0.0102843793287448,45.3502998390149,0.00650421834364479
21.99246,45.35416,0.0103643793287418,45.3489739844757,0.0051783638044198
22.00378,45.3449,0.00110437932874419,45.3471174052524,0.00332178458111867
22.01512,45.34975,0.00595437932874177,45.3447880800791,0.000992459407860155
22.02644,45.34345,-0.000345620671261315,45.3420987208547,-0.00169689981654938
22.03778,45.34587,0.00207437932873944,45.3392103740942,-0.00458524657701722
22.04912,45.33649,-0.00730562067126073,45.3363196831376,-0.0074759375336275
22.06043,45.33081,-0.0129856206712589,45.3336408974635,-0.0101547232077125
22.07177,45.32939,-0.0144056206712619,45.3313844920955,-0.0124111285757242
22.0831,45.32945,-0.0143456206712571,45.3297348981583,-0.0140607225129865
22.09445,45.32708,-0.0167156206712562,45.3288301105868,-0.0149655100844745
22.10579,45.31495,-0.0288456206712553,45.3287457923124,-0.0150498283588679
22.11712,45.33265,-0.0111456206712575,45.3294860439536,-0.014309576717696
22.12844,45.32423,-0.0195656206712584,45.330982275343,-0.0128133453282564
22.13973,45.33238,-0.0114156206712579,45.3331005681343,-0.0106950525369097
22.15104,45.33195,-0.0118456206712594,45.3356567003265,-0.00813892034476617
22.16235,45.34093,-0.00286562067125828,45.3384368749995,-0.00535874567180227
22.17364,45.35663,0.0128343793287442,45.3412213135758,-0.00257430709544284
22.18497,45.34492,0.00112437932874343,45.3438073638239,1.17431526311045e-05
22.1963,45.34688,0.00308437932874028,45.3460288861763,0.00223326550501085
22.20763,45.35001,0.00621437932873903,45.3477695575301,0.0039739368588251
22.21894,45.35409,0.0102943793287409,45.3489690588897,0.0051734382183897
22.23027,45.34494,0.00114437932874267,45.3496223481159,0.00582672744463367
22.24161,45.34338,-0.000415620671255112,45.3497730897779,0.00597746910663684
22.25292,45.35702,0.0132243793287401,45.3495028329344,0.00570721226310983
22.26426,45.34681,0.00301437932873938,45.3489176908276,0.00512207015637368
22.2756,45.34745,0.00365437932874357,45.3481341280764,0.00433850740514488
22.28694,45.3455,0.00170437932874279,45.3472652496078,0.00346962893654931
22.29828,45.34315,-0.000645620671257063,45.3464089041729,0.00261328350162044
22.3096,45.34029,-0.00350562067125537,45.3456388527387,0.00184323206746235
22.32091,45.34682,0.00302437932874255,45.3449999864804,0.00120436580916834
22.33223,45.34197,-0.00182562067125502,45.3445080449816,0.000712424310358293
22.34354,45.34211,-0.00168562067126032,45.3441535988072,0.000357978135907246
22.35486,45.34467,0.000874379328742236,45.3439094045675,0.000113783896210767
22.3662,45.34931,0.00551437932874421,45.3437397300487,-5.58906225495682e-05
22.37755,45.3492,0.00540437932874482,45.3436099222381,-0.000185698433191308
22.3889,45.34187,-0.00192562067125834,45.3434944487567,-0.000301171914606042
22.40023,45.34476,0.000964379328742382,45.3433820089944,-0.000413611676888007
22.41155,45.34602,0.00222437932874442,45.3432770105443,-0.000518610126988916
22.4229,45.34384,4.43793287416838e-05,45.3431974471703,-0.00059817350093908
22.43426,45.34187,-0.00192562067125834,45.3431697812688,-0.000625839402495903
22.4456,45.33657,-0.00722562067125665,45.3432218303562,-0.000573790315066045
22.45694,45.35463,0.0108343793287418,45.3433749109318,-0.000420709739493184
22.46828,45.3334,-0.010395620671261,45.3436365484341,-0.00015907223720086
22.47959,45.33896,-0.00483562067125831,45.3439949380871,0.000199317415893821
22.49092,45.34935,0.0055543793287427,45.3444161345476,0.000620513876315777
22.50226,45.3391,-0.00469562067125651,45.3448446264594,0.00104900578816394
22.51358,45.34911,0.00531437932874468,45.3452074390073,0.00141181833599434
22.52492,45.34354,-0.00025562067126117,45.3454213374058,0.00162571673457776
22.53629,45.34249,-0.0013056206712605,45.3454022985679,0.0016066778966424
22.5476,45.35074,0.00694437932874337,45.3450762108422,0.00128059017091561
22.55894,45.33754,-0.0062556206712614,45.3443896419082,0.000594021236903428
22.57028,45.35079,0.00699437932874503,45.3433194147605,-0.00047620591071733
22.58162,45.34272,-0.00107562067125855,45.3418796714658,-0.00191594920542892
22.59292,45.34766,0.00386437932873918,45.340125154815,-0.00367046585623297
22.60426,45.3392,-0.00459562067126029,45.3381497100049,-0.00564591066639806
22.61558,45.33363,-0.010165620671259,45.336079596686,-0.00771602398524624
22.62693,45.33838,-0.00541562067125767,45.3340620388027,-0.00973358186859113
22.63827,45.33141,-0.0123856206712603,45.332250270824,-0.0115453498472447
22.64961,45.3224,-0.0213956206712567,45.3307869313142,-0.0130086893570553
22.66095,45.33474,-0.00905562067126198,45.3297879491873,-0.0140076714839921
22.6723,45.32275,-0.0210456206712593,45.3293290753962,-0.0144665452750975
22.68362,45.32525,-0.0185456206712615,45.3294369306276,-0.0143586900436988
22.69495,45.33046,-0.0133356206712563,45.3300859225438,-0.0137096981275041
22.70627,45.32144,-0.0223556206712558,45.3312017210491,-0.0125938996221419
22.7176,45.32609,-0.0177056206712578,45.3326711810391,-0.0111244396321465
22.72894,45.34158,-0.00221562067125802,45.3343576283131,-0.00943799235818267
22.7403,45.34793,0.00413437932873961,45.336119303701,-0.00767631697023991
22.75164,45.34592,0.0021243793287411,45.3378277840149,-0.00596783665636118
22.76298,45.3382,-0.00559562067125796,45.3393829373663,-0.00441268330495246
22.77434,45.34797,0.0041743793287381,45.3407217903818,-0.0030738302894952
22.78566,45.33898,-0.00481562067125907,45.341820267698,-0.0019753529732692
22.797,45.34374,-5.56206712616358e-05,45.342688388951,-0.00110723172024458
22.80834,45.33907,-0.00472562067125892,45.3433606950121,-0.000434925659144467
22.81966,45.33302,-0.0107756206712608,45.3438843268424,8.87061711197966e-05
22.83099,45.34591,0.00211437932874503,45.3443072942477,0.000511673576398539
22.84233,45.34653,0.00273437932874288,45.3446690185024,0.000873397831100028
22.85366,45.34251,-0.00128562067126126,45.3449943393517,0.00119871868044583
22.86499,45.34687,0.00307437932874421,45.3452912309064,0.00149561023509972
22.87632,45.34118,-0.00261562067125709,45.3455518486414,0.00175622797011345
22.88766,45.34695,0.00315437932874119,45.3457562599625,0.00196063929126853
22.899,45.34823,0.00443437932874247,45.3458780594465,0.00208243877525431
22.91031,45.3518,0.00800437932873876,45.345890893189,0.00209527251769445
22.92163,45.33916,-0.00463562067125878,45.3457748100373,0.00197918936607933
22.93296,45.34933,0.00553437932874346,45.3455214813,0.00172586062870357
22.94429,45.34114,-0.00265562067125558,45.3451376498383,0.00134202916708185
22.95561,45.35416,0.0103643793287418,45.344646453405,0.00085083273373465
22.96693,45.34123,-0.00256562067125543,45.3440863914688,0.00029077079754945
22.97825,45.34254,-0.00125562067125884,45.34350781471,-0.000287805961251863
22.98959,45.34791,0.00411437932874037,45.3429670879548,-0.000828532716442264
23.00092,45.34152,-0.00227562067125575,45.3425189643729,-0.00127665629840838
23.01223,45.34525,0.0014543793287416,45.3422080638008,-0.00158755687045577
23.02355,45.3343,-0.00949562067125953,45.3420606504124,-0.00173497025890436
23.03488,45.32858,-0.0152156206712561,45.3420781653153,-0.00171745535594829
23.0462,45.35012,0.00632437932873842,45.3422339909057,-0.00156162976551046
23.05753,45.3422,-0.00159562067126018,45.3424744143065,-0.00132120636475471
23.06884,45.34493,0.0011343793287395,45.3427237738276,-0.00107184684370182
23.08018,45.3425,-0.00129562067125732,45.3428928451237,-0.000902775547584041
23.09152,45.34599,0.002194379328742,45.3428891385605,-0.000906482110726521
23.10283,45.33942,-0.00437562067126152,45.3426279103251,-0.00116771034616678
23.11416,45.33929,-0.00450562067126015,45.3420429972471,-0.00175262342419073
23.1255,45.33773,-0.00606562067125793,45.3410968005156,-0.00269882015569184
23.13682,45.34328,-0.000515620671258432,45.3397887241397,-0.0040068965315877
23.14814,45.34232,-0.00147562067125762,45.3381610881158,-0.00563453255543206
23.15944,45.33828,-0.00551562067126099,45.3363011614817,-0.00749445918956727
23.17078,45.35186,0.0080643793287436,45.3343378399604,-0.00945778071089072
23.18212,45.33465,-0.00914562067125502,45.3324319168904,-0.0113637037808869
23.19342,45.32812,-0.01567562067126,45.3307599741015,-0.0130356465697311
23.20475,45.31908,-0.0247156206712589,45.329493509814,-0.0143021108572433
23.21608,45.32571,-0.0180856206712576,45.3287765011897,-0.0150191194815371
23.2274,45.31795,-0.0258456206712552,45.328705425411,-0.0150901952602511
23.23872,45.32584,-0.017955620671259,45.3293154250761,-0.0144801955951443
23.25008,45.32999,-0.0138056206712562,45.3305750173989,-0.0132206032723909
23.2614,45.32564,-0.0181556206712585,45.332390050851,-0.0114055698202368
23.27273,45.33755,-0.00624562067125822,45.3346159722187,-0.00917964845259643
23.28406,45.34708,0.00328437932873982,45.3370761457915,-0.00671947487975718
23.29537,45.34005,-0.0037456206712605,45.3395831039374,-0.00421251673381793
23.30668,45.35037,0.00657437932873961,45.3419593506492,-0.00183627002205941
23.31802,45.34184,-0.00195562067126076,45.3440547898268,0.000259169155552132
23.32933,45.34825,0.00445437932874171,45.3457588514927,0.00196323082141554
23.34064,45.34786,0.00406437932873871,45.3470065400384,0.00321091936714489
23.35196,45.35088,0.00708437932873807,45.3477785791212,0.00398295844996901
23.36329,45.34584,0.00204437932874413,45.3480964831008,0.00430086242958967
23.37462,45.34209,-0.00170562067125957,45.3480138344799,0.00421821380859836
23.38592,45.35231,0.00851437932874433,45.3476053457567,0.00380972508545799
23.39726,45.34394,0.000144379328745003,45.3469553583218,0.00315973765052027
23.4086,45.34337,-0.000425620671258287,45.3461472452051,0.00235162453386062
23.41996,45.34072,-0.00307562067126099,45.3452548638427,0.00145924317141461
23.43129,45.34675,0.00295437932874165,45.3443368538989,0.000541233227682659
23.44262,45.34103,-0.00276562067125496,45.3434341433806,-0.000361477290627687
23.45394,45.34379,-5.62067125997601e-06,45.3425704941473,-0.00122512652397703
23.46528,45.34317,-0.000625620671257821,45.3417554284144,-0.00204019225685322
23.47663,45.33753,-0.00626562067125747,45.3409885766582,-0.00280704401305942
23.48795,45.34774,0.00394437932874325,45.3402643803139,-0.00353124035739265
23.49929,45.341,-0.00279562067125738,45.3395761076999,-0.00421951297131661
23.51062,45.34391,0.000114379328742586,45.338918302458,-0.00487731821322553
23.52196,45.34023,-0.00356562067126021,45.3382871726313,-0.0055084480399096
23.53326,45.32618,-0.0176156206712577,45.3376790861532,-0.00611653451804007
23.54459,45.33922,-0.00457562067126105,45.3370880815916,-0.00670753907970161
23.55588,45.33296,-0.0108356206712585,45.3365037550971,-0.00729186557412656
23.56717,45.32623,-0.017565620671256,45.3359107633701,-0.00788485730113106
23.57849,45.34413,0.000334379328741363,45.3352905403447,-0.00850508032658947
23.58983,45.33927,-0.00452562067125939,45.3346249561573,-0.00917066451398041
23.60118,45.32701,-0.0167856206712571,45.3339008859322,-0.00989473473905198
23.61249,45.34309,-0.000705620671261897,45.3331142980752,-0.0106813225960397
23.62383,45.34045,-0.00334562067126143,45.3322726231394,-0.0115229975318732
23.63516,45.32521,-0.01858562067126,45.3313946854586,-0.0124009352126511
23.64649,45.32225,-0.0215456206712616,45.3305082185116,-0.0132874021596308
23.65783,45.32882,-0.0149756206712581,45.3296457755041,-0.0141498451671385
23.66916,45.33255,-0.0112456206712608,45.3288402889899,-0.0149553316813157
23.68049,45.32407,-0.0197256206712595,45.3281213074825,-0.0156743131887708
23.69182,45.33103,-0.0127656206712601,45.3275122862866,-0.0162833343846894
23.70314,45.33515,-0.00864562067125973,45.3270287755831,-0.0167668450882068
23.71445,45.32069,-0.0231056206712594,45.3266772079934,-0.017118412677866
23.72578,45.31606,-0.0277356206712582,45.3264542014058,-0.0173414192654163
23.73714,45.33276,-0.0110356206712581,45.3263466421831,-0.0174489784881896
23.74847,45.3279,-0.0158956206712588,45.326332931616,-0.0174626890552793
23.75983,45.32677,-0.0170256206712551,45.3263854671546,-0.0174101535166852
23.77118,45.32338,-0.0204156206712582,45.3264739824154,-0.0173216382558693
23.78248,45.32883,-0.014965620671255,45.3265691987234,-0.0172264219478789
23.7938,45.32262,-0.0211756206712579,45.3266463362759,-0.0171492843953486
23.80514,45.33379,-0.010005620671258,45.326688109767,-0.0171075109042296
23.81648,45.32618,-0.0176156206712577,45.3266867893898,-0.0171088312814586
23.82781,45.32745,-0.0163456206712596,45.32664489152,-0.0171507291513024
23.83913,45.32813,-0.0156656206712569,45.326574232459,-0.0172213882122512
23.85048,45.32739,-0.0164056206712573,45.3264934272049,-0.017302193466336
23.86182,45.32088,-0.022915620671256,45.3264243039863,-0.0173713166849977
23.87312,45.3256,-0.018195620671257,45.3263879945635,-0.0174076261077804
23.88446,45.32595,-0.0178456206712596,45.326401548847,-0.0173940718242965
23.89578,45.3221,-0.0216956206712595,45.3264757415,-0.0173198791712766
23.90712,45.32977,-0.014025620671255,45.326614325036,-0.0171812956352968
23.91842,45.33308,-0.010715620671256,45.3268144978172,-0.0169811228540652
23.92975,45.32809,-0.0157056206712554,45.3270679961568,-0.0167276245144312
23.94106,45.32389,-0.0199056206712598,45.3273621756127,-0.0164334450585993
23.9524,45.33031,-0.0134856206712612,45.3276807815648,-0.0161148391064531
23.96374,45.31783,-0.0259656206712577,45.328004612444,-0.0157910082272198
23.97511,45.3317,-0.0120956206712606,45.3283125819563,-0.015483038714937
23.98644,45.32743,-0.0163656206712588,45.3285835757226,-0.0152120449486476
23.99779,45.33644,-0.00735562067125528,45.3287990539102,-0.0149965667610638
24.00911,45.32613,-0.0176656206712593,45.328945877957,-0.014849742714271
24.02043,45.32765,-0.01614562067126,45.3290186637742,-0.0147769568970282
24.03174,45.33075,-0.0130456206712566,45.3290211626513,-0.0147744580199832
24.04305,45.32674,-0.0170556206712575,45.3289665019674,-0.0148291187038188
24.05438,45.33144,-0.0123556206712578,45.3288763062157,-0.0149193144555501
24.06572,45.33178,-0.0120156206712565,45.3287787326435,-0.0150168880277083
24.07706,45.3264,-0.0173956206712589,45.3287054495772,-0.0150901710940191
24.08838,45.3305,-0.0132956206712578,45.3286876936814,-0.0151079269898539
24.0997,45.32933,-0.0144656206712597,45.3287517703566,-0.0150438503146192
24.111,45.32368,-0.0201156206712554,45.3289146078334,-0.0148810128378751
24.12233,45.3288,-0.0149956206712574,45.3291801265429,-0.0146154941283819
24.13368,45.33355,-0.010245620671256,45.3295371709447,-0.0142584497265224
24.14499,45.32513,-0.018665620671257,45.3299595619313,-0.0138360587399925
24.15633,45.32472,-0.0190756206712592,45.3304085517811,-0.013387068890192
24.16766,45.33177,-0.0120256206712597,45.3308376935618,-0.0129579271094222
24.17901,45.33335,-0.0104456206712555,45.3311998074171,-0.0125958132541797
24.19033,45.32796,-0.0158356206712611,45.331455239566,-0.0123403811052888
24.20167,45.34257,-0.00122562067125642,45.3315800957486,-0.0122155249226696
24.21298,45.32987,-0.0139256206712588,45.33157285903,-0.0122227616412976
24.22428,45.33662,-0.00717562067125499,45.3314579249878,-0.0123376956834711
24.23563,45.33326,-0.0105356206712557,45.3312850941827,-0.012510526488517
24.24696,45.33098,-0.0128156206712617,45.3311248293128,-0.0126707913584911
24.25829,45.32389,-0.0199056206712598,45.3310599091362,-0.0127357115350654
24.26961,45.33465,-0.00914562067125502,45.3311747693611,-0.0126208513101616
24.28094,45.33395,-0.00984562067125694,45.3315441334596,-0.0122514872116821
24.29228,45.32518,-0.0186156206712553,45.3322224819648,-0.011573138706423
24.3036,45.33733,-0.006465620671257,45.3332356837405,-0.0105599369307911
24.31493,45.32652,-0.0172756206712563,45.3345759164379,-0.00921970423339388
24.32627,45.32526,-0.0185356206712584,45.3362007929051,-0.00759482776615458
24.3376,45.34118,-0.00261562067125709,45.3380371729429,-0.00575844772835214
24.34892,45.3496,0.00580437932874389,45.3399893261286,-0.00380629454262075
24.36026,45.34684,0.0030443793287418,45.341950068163,-0.00184555250822208
24.37158,45.33884,-0.00495562067126087,45.3438127512598,1.71305885253182e-05
24.38291,45.34608,0.00228437932874215,45.3454820366491,0.00168641597782057
24.39425,45.35265,0.00885437932873856,45.3468820645889,0.00308644391765572
24.40559,45.35191,0.00811437932873815,45.3479613619359,0.00416574126467597
24.41691,45.34664,0.00284437932874226,45.3486943024554,0.00489868178409688
24.42823,45.34862,0.00482437932873836,45.3490793701069,0.0052837494356303
24.43956,45.34276,-0.00103562067126006,45.3491350237874,0.00533940311614749
24.45089,45.35069,0.00689437932874171,45.3488944049038,0.00509878423257045
24.46221,45.34203,-0.0017656206712573,45.3484001756194,0.0046045549481795
24.47352,45.34866,0.00486437932874395,45.3477003957709,0.00390477509964441
24.48484,45.35598,0.0121843793287439,45.3468457402908,0.00305011961951622
24.49619,45.34007,-0.00372562067126125,45.3458877899329,0.00209216926164093
24.5075,45.344,0.000204379328742732,45.3448778349434,0.00108221427217868
24.51882,45.34617,0.00237437932874229,45.3438656895777,7.00689064343034e-05
24.53015,45.35186,0.0080643793287436,45.3428982342948,-0.000897386376415609
24.5415,45.33285,-0.0109456206712579,45.3420175776516,-0.00177804301964444
24.55282,45.33972,-0.00407562067125866,45.341258921595,-0.00253669907621098
24.56416,45.34199,-0.00180562067125578,45.3406484960106,-0.00314712466063954
24.5755,45.33879,-0.00500562067125543,45.3402020897177,-0.00359353095358635
24.58682,45.3437,-9.56206712601215e-05,45.339924546939,-0.00387107373224919
24.59814,45.34045,-0.00334562067126143,45.3398102846442,-0.0039853360271068
24.60947,45.33098,-0.0128156206712617,45.3398447195085,-0.00395090116272081
24.62082,45.34187,-0.00192562067125834,45.340006525112,-0.00378909555922526
24.63214,45.33749,-0.00630562067125595,45.3402706411255,-0.00352497954576839
24.64348,45.35272,0.00892437932873946,45.3406117058047,-0.00318391486651213
24.6548,45.3401,-0.00369562067125884,45.3410071814876,-0.00278843918365586
24.66609,45.33976,-0.00403562067126018,45.341439284002,-0.00235633666928358
24.67743,45.34443,0.000634379328744217,45.3418951689703,-0.00190045170099155
24.68875,45.34208,-0.00171562067125564,45.3423654810544,-0.00143013961684298
24.70008,45.33471,-0.00908562067125729,45.3428419302692,-0.000953690402064798
24.7114,45.34731,0.00351437932874177,45.3433148040815,-0.000480816589750034
24.72272,45.34066,-0.00313562067125872,45.3437712552509,-2.43654204052781e-05
24.73406,45.34657,0.00277437932874136,45.3441948916883,0.000399271017003202
24.74539,45.34296,-0.000835620671260529,45.3445667841269,0.000771163455641039
24.75674,45.3398,-0.00399562067126169,45.3448676887577,0.00107206808640505
24.76809,45.34524,0.00144437932873842,45.3450810914504,0.00128547077916878
24.77942,45.35296,0.00916437932874459,45.3451964782277,0.00140085755644878
24.79076,45.35509,0.0112943793287386,45.3452119625736,0.00141634190234521
24.80208,45.3421,-0.00169562067125639,45.3451352940343,0.00133967336306517
24.81338,45.33711,-0.00668562067125578,45.3449826861648,0.00118706549350891
24.82471,45.34431,0.000514379328741654,45.3447757837177,0.000980163046425771
24.83603,45.34534,0.00154437932874174,45.3445378507953,0.000742230124047883
24.84734,45.34241,-0.00138562067125747,45.3442903766455,0.000494755974225752
24.85865,45.34397,0.000174379328740315,45.3440508563897,0.000255235718412707
24.87,45.34086,-0.00293562067125919,45.3438319746442,3.63539729363349e-05
24.88134,45.34533,0.00153437932873857,45.3436420535134,-0.000153567157888226
24.89269,45.3464,0.00260437932874424,45.3434863666155,-0.00030925405578744
24.90402,45.34659,0.0027943793287406,45.3433687095898,-0.000426911081424222
24.91534,45.34549,0.00169437932873961,45.3432925570521,-0.000503063619110529
24.92668,45.33959,-0.00420562067125729,45.3432613578635,-0.000534262807764374
24.93802,45.33958,-0.00421562067126047,45.3432779825795,-0.000517638091764589
24.94937,45.34322,-0.000575620671256161,45.3433437781497,-0.000451842521588864
24.96071,45.34345,-0.000345620671261315,45.3434578122637,-0.000337808407604465
24.97205,45.34576,0.00196437932874005,45.3436166407435,-0.000178979927728458
24.98337,45.34524,0.00144437932873842,45.3438145337823,1.89131110842219e-05
24.99472,45.34417,0.000374379328739849,45.3440438484614,0.000248227790144338
25.00604,45.34316,-0.000635620671260995,45.3442952586712,0.000499637999902634
25.01736,45.34482,0.00102437932874011,45.3445577589406,0.000762138269367354
25.02868,45.34228,-0.0015156206712561,45.3448185666086,0.00102294593735029
25.04002,45.34913,0.00533437932874392,45.3450631300674,0.00126750939610606
25.05132,45.34067,-0.00312562067125555,45.3452754027928,0.00147978212152456
25.06266,45.34827,0.00447437932874095,45.3454384437689,0.00164282309768857
25.07402,45.34631,0.0025143793287441,45.3455353280447,0.00173970737345509
25.08532,45.34615,0.00235437932874305,45.3455503172827,0.00175469661148263
25.09665,45.3372,-0.00659562067125563,45.3454702533495,0.00167463267821279
25.108,45.34725,0.00345437932874404,45.3452861709875,0.00149055031626749
25.11932,45.35197,0.00817437932874299,45.3449950582606,0.00119943758937968
25.13064,45.34361,-0.000185620671260267,45.3446014507594,0.000805830088107365
25.14195,45.34962,0.00582437932874313,45.3441183233656,0.000322702694383683
25.15329,45.33717,-0.00662562067125805,45.3435668536246,-0.000228767046655489
25.1646,45.33785,-0.00594562067125537,45.3429750849513,-0.00082053571999288
25.1759,45.34727,0.00347437932874328,45.3423759600728,-0.00141966059845254
25.18724,45.33958,-0.00421562067126047,45.3418052691167,-0.00199035155457968
25.19856,45.34635,0.00255437932874258,45.3412997582361,-0.00249586243513158
25.20992,45.33441,-0.00938562067126014,45.3408952959475,-0.00290032472374557
25.22124,45.34627,0.00247437932873851,45.3406248738563,-0.0031707468149609
25.23255,45.34144,-0.00235562067125983,45.3405163022068,-0.00327931846443677
25.24388,45.3418,-0.00199562067125925,45.3405895944123,-0.00320602625895884
25.2552,45.34024,-0.00355562067125703,45.3408542008776,-0.00294141979364599
25.26654,45.33862,-0.00517562067125965,45.3413065137885,-0.00248910688277488
25.27787,45.33459,-0.00920562067125985,45.3419283485088,-0.00186727216245811
25.28918,45.34109,-0.00270562067125724,45.3426871924474,-0.00110842822382613
25.30048,45.34605,0.00225437932873973,45.3435387088604,-0.000256911810848555
25.31181,45.34423,0.000434379328744683,45.3444313131516,0.000635692480296564
25.32312,45.35415,0.0103543793287386,45.3453118911821,0.00151627051087677
25.33446,45.34941,0.00561437932874043,45.3461312987599,0.00233567808866966
25.3458,45.3439,0.000104379328739412,45.3468484110546,0.00305279038338864
25.35714,45.34572,0.00192437932874157,45.3474321283263,0.00363650765503685
25.36847,45.34464,0.000844379328739819,45.3478615571802,0.0040659365088908
25.3798,45.34563,0.00183437932874142,45.3481251300866,0.00432950941534142
25.39116,45.35168,0.00788437932874331,45.3482194511121,0.00442383044086721
25.4025,45.35025,0.00645437932874415,45.3481482797781,0.00435265910681108
25.41383,45.34718,0.00338437932874314,45.3479216314038,0.00412601073249456
25.42515,45.3485,0.0047043793287429,45.3475547797885,0.00375915911725853
25.43651,45.34634,0.00254437932873941,45.3470670570455,0.00327143637427126
25.44786,45.34116,-0.00263562067125633,45.3464805835964,0.00268496292513433
25.4592,45.34756,0.00376437932874296,45.3458192051621,0.00202358449087917
25.47055,45.34949,0.0056943793287445,45.3451078448633,0.00131222419208304
25.48189,45.33894,-0.00485562067125755,45.3443722396032,0.000576618931913936
25.4932,45.34797,0.0041743793287381,45.3436388003656,-0.000156820305616536
25.50454,45.34768,0.00388437932873842,45.3429342736619,-0.000861347009321372
25.51584,45.335,-0.00879562067125761,45.3422849889016,-0.00151063176969282
25.52717,45.34469,0.000894379328741479,45.3417156854629,-0.00207993520838586
25.53849,45.34021,-0.00358562067125945,45.3412481486517,-0.00254747201959567
25.5498,45.3349,-0.00889562067126093,45.3409000157431,-0.00289560492815288
25.56115,45.34609,0.00229437932873822,45.3406840397795,-0.00311158089176382
25.57249,45.34094,-0.00285562067125511,45.3406078574706,-0.00318776320068514
25.58382,45.34087,-0.00292562067125601,45.3406740340476,-0.00312158662368533
25.59518,45.34594,0.00214437932874034,45.3408800157573,-0.0029156049139116
25.6065,45.33936,-0.00443562067125924,45.341217722123,-0.00257789854823757
25.61783,45.33896,-0.00483562067125831,45.3416728254101,-0.00212279526116976
25.62918,45.34048,-0.00331562067125901,45.3422241401142,-0.00157148055701677
25.6405,45.33585,-0.00794562067125781,45.3428437762743,-0.00095184439692214
25.65184,45.34703,0.00323437932873816,45.3434986158368,-0.000297004834465983
25.66317,45.34904,0.00524437932874378,45.3441532212178,0.000357600546551402
25.6745,45.34523,0.00143437932874235,45.3447736950136,0.000978074342296929
25.68582,45.34183,-0.00196562067125683,45.3453316391229,0.00153601845163747
25.69714,45.34734,0.00354437932874418,45.3458074087839,0.00201178811268106
25.7085,45.34658,0.00278437932874454,45.3461921501631,0.00239652949181536
25.71982,45.34892,0.00512437932874121,45.3464883283648,0.00269270769351026
25.73116,45.35449,0.01069437932874,45.3467085211614,0.00291290049014611
25.7425,45.3437,-9.56206712601215e-05,45.3468723802893,0.00307675961803564
25.75379,45.3433,-0.000495620671259189,45.3470020439972,0.00320642332598326
25.76513,45.34173,-0.00206562067126015,45.3471168535306,0.00332123285930633
25.77647,45.34794,0.00414437932874279,45.3472286391546,0.00343301848329361
25.7878,45.3461,0.00230437932874139,45.3473387675966,0.00354314692537564
25.79915,45.34561,0.00181437932874218,45.3474376030144,0.00364198234315172
25.81047,45.34832,0.00452437932874261,45.3475063572406,0.00371073656938018
25.82178,45.34892,0.00512437932874121,45.3475207727342,0.00372515206292511
25.83311,45.35,0.00620437932874296,45.3474557569374,0.0036601362661343
25.84445,45.34716,0.00336437932874389,45.3472899560971,0.00349433542587886
25.8558,45.35329,0.00949437932874275,45.3470093388665,0.00321371819521814
25.86712,45.34722,0.00342437932874162,45.34660915899,0.00281353831877698
25.87846,45.34038,-0.00341562067125523,45.3460941388326,0.00229851816133535
25.88978,45.3449,0.00110437932874419,45.3454772631876,0.00168164251633521
25.90111,45.34151,-0.00228562067125893,45.3447779913539,0.000982370682677357
25.91244,45.33733,-0.006465620671257,45.3440207432493,0.000225122578059586
25.92376,45.3524,0.00860437932874447,45.3432341245348,-0.000561496136470226
25.93507,45.34679,0.00299437932874014,45.3424507137029,-0.00134490696840228
25.9464,45.34116,-0.00263562067125633,45.3417066929648,-0.00208892770645259
25.95774,45.34197,-0.00182562067125502,45.3410405157014,-0.00275510496986636
25.96905,45.33833,-0.00546562067125933,45.34049023946,-0.00330538121129471
25.98038,45.3395,-0.00429562067125744,45.3400897896436,-0.00370583102768491
25.9917,45.34193,-0.00186562067126061,45.33986485025,-0.00393077042126829
26.00304,45.33149,-0.0123056206712562,45.3398291802399,-0.0039664404313524
26.01436,45.34451,0.000714379328741188,45.3399820357804,-0.00381358489085096
26.02568,45.33651,-0.00728562067126148,45.3403071356699,-0.00348848500138871
26.03701,45.346,0.00220437932873807,45.3407732703548,-0.00302235031646592
26.04831,45.33957,-0.00422562067125654,45.3413363112149,-0.00245930945632996
26.05964,45.34836,0.0045643793287411,45.3419421871059,-0.00185343356531885
26.07097,45.33644,-0.00735562067125528,45.342530459468,-0.00126516120326357
26.08232,45.33978,-0.00401562067126093,45.3430383948835,-0.000757225787792472
26.09368,45.3384,-0.00539562067125843,45.3434057061904,-0.000389914480842546
26.10501,45.3436,-0.000195620671256336,45.3435801316216,-0.000215489049656309
26.11633,45.35255,0.00875437932874235,45.343523592061,-0.000272028610254753
26.12766,45.34584,0.00204437932874413,45.3432180053923,-0.000577615279001704
26.139,45.34281,-0.000985620671258403,45.3426694217397,-0.00112619893158229
26.15036,45.34354,-0.00025562067126117,45.3419093287999,-0.00188629187132672
26.16168,45.33928,-0.00451562067125622,45.3409926589011,-0.00280296177014336
26.17302,45.3375,-0.00629562067125988,45.3399927785622,-0.0038028421090108
26.18431,45.34022,-0.00357562067125627,45.3389942116807,-0.00480140899060425
26.19564,45.3464,0.00260437932874424,45.3380839790673,-0.00571164160398287
26.20694,45.33272,-0.0110756206712566,45.3373423954099,-0.00645322526133935
26.21826,45.3329,-0.0108956206712563,45.33683420812,-0.00696141255129281
26.22956,45.33111,-0.012685620671256,45.3366011934658,-0.00719442720541732
26.24088,45.335,-0.00879562067125761,45.3366574944853,-0.00713812618597064
26.25221,45.33319,-0.0106056206712566,45.3369887261835,-0.00680689448779907
26.26352,45.33889,-0.00490562067125921,45.337555131565,-0.00624048910623491
26.27486,45.34597,0.00217437932874276,45.3382981436325,-0.00549747703873321
26.28621,45.33897,-0.00482562067125514,45.3391489671264,-0.00464665354484426
26.29756,45.34188,-0.00191562067125517,45.3400375103885,-0.00375811028276465
26.3089,45.33742,-0.00637562067125685,45.3409002413516,-0.00289537931961006
26.32024,45.34473,0.000934379328739965,45.3416860933531,-0.00210952731811684
26.33158,45.34187,-0.00192562067125834,45.342360041817,-0.0014355788542364
26.34291,45.35081,0.00701437932874427,45.3429042303398,-0.000891390331419728
26.35426,45.34181,-0.00198562067125607,45.3433166734635,-0.000478947207708662
26.36559,45.33657,-0.00722562067125665,45.3436078383018,-0.000187782369489013
26.37691,45.34576,0.00196437932874005,45.3437958449449,2.24273660381683e-07
26.38825,45.34001,-0.00378562067125898,45.3439013714005,0.00010575072924971
26.39956,45.34687,0.00307437932874421,45.3439433237065,0.000147703035276756
26.41092,45.33896,-0.00483562067125831,45.3439359624804,0.000140341809168303
26.42224,45.34981,0.00601437932873949,45.3438877323422,9.21116709413462e-05
26.43357,45.33775,-0.00604562067125869,45.3438017143953,6.09372400633276e-06
26.4449,45.34493,0.0011343793287395,45.3436774292374,-0.000118191433813505
26.45623,45.34357,-0.000225620671258753,45.343513594767,-0.0002820259042438
26.46755,45.34542,0.00162437932873871,45.3433113196779,-0.000484300993318843
26.47888,45.34395,0.000154379328741072,45.3430770795018,-0.000718541169473216
26.49022,45.33948,-0.00431562067125668,45.342824760211,-0.00097086046024342
26.50152,45.3513,0.00750437932874348,45.3425761327962,-0.00121948787508568
26.51287,45.34474,0.000944379328743139,45.3423593093456,-0.00143631132565148
26.52422,45.34545,0.00165437932874113,45.3422050204527,-0.00159060021859373
26.53554,45.33809,-0.00570562067125735,45.3421410497621,-0.00165457090913306
26.54687,45.33291,-0.0108856206712602,45.3421858707342,-0.00160974993706124
26.55821,45.34004,-0.00375562067125657,45.3423431470176,-0.00145247365369912
26.56954,45.33889,-0.00490562067125921,45.3425988346789,-0.00119678599239732
26.58087,45.34193,-0.00186562067126061,45.3429219852695,-0.000873635401746084
26.59221,45.34913,0.00533437932874392,45.3432692611389,-0.000526359532400445
26.60354,45.34624,0.0024443793287432,45.343592131482,-0.000203489189265251
26.61488,45.33672,-0.00707562067125878,45.3438451095468,4.94888755642632e-05
26.62621,45.35758,0.0137843793287402,45.3439933246299,0.000197703958665426
26.63752,45.34552,0.00172437932874203,45.3440180316594,0.000222410988183369
26.64886,45.34132,-0.00247562067125529,45.3439191484252,0.000123527753894728
26.66022,45.34215,-0.00164562067126184,45.3437145488854,-8.10717858210725e-05
26.67152,45.33997,-0.00382562067125747,45.3434365724067,-0.000359048264597094
26.68286,45.34723,0.0034343793287448,45.343126735397,-0.000668885274217897
26.69417,45.3393,-0.00449562067125697,45.3428297116427,-0.000965909028581929
26.7055,45.34898,0.00518437932873894,45.342587414752,-0.0012082059192215
26.71686,45.32826,-0.0155356206712582,45.3424337864994,-0.00136183417181106
26.72818,45.35565,0.0118543793287387,45.3423907975453,-0.00140482312591648
26.7395,45.33529,-0.00850562067125793,45.3424660908925,-0.00132952977876088
26.75081,45.33657,-0.00722562067125665,45.3426525334516,-0.00114308721966729
26.76214,45.34537,0.00157437932874416,45.3429297128358,-0.000865907835492459
26.77348,45.34695,0.00315437932874119,45.3432671319134,-0.000528488757838208
26.78482,45.34667,0.00287437932874468,45.3436284713528,-0.000167149318422975
26.79616,45.3481,0.00430437932874383,45.3439759669547,0.000180346283455709
26.8075,45.33923,-0.00456562067125788,45.3442739929719,0.000478372300679898
26.81884,45.34328,-0.000515620671258432,45.3444914075129,0.000695786841640389
26.83017,45.34719,0.00339437932873921,45.3446027796683,0.000807158997077748
26.84152,45.34276,-0.00103562067126006,45.3445889227088,0.000793302037531181
26.85286,45.34698,0.0031843793287436,45.3444371439437,0.000641523272419661
26.86418,45.34151,-0.00228562067125893,45.3441414986716,0.00034587800034556
26.87548,45.33505,-0.00874562067125595,45.3437032777285,-9.23429428080871e-05
26.88679,45.34875,0.0049543793287441,45.343131905344,-0.000663715327300067
26.89813,45.3423,-0.00149562067125686,45.3424461921671,-0.00134942850417161
26.90947,45.35128,0.00748437932874424,45.3416754583387,-0.00212016233250936
26.92078,45.34181,-0.00198562067125607,45.3408597065627,-0.00293591410855199
26.93209,45.33295,-0.0108456206712617,45.3400481508855,-0.00374746978573426
26.94342,45.33724,-0.00655562067125715,45.3392960087413,-0.00449961192991817
26.95474,45.3369,-0.00689562067125848,45.3386601058141,-0.00513551485719525
26.9661,45.34598,0.00218437932873883,45.3381940352784,-0.00560158539285507
26.97746,45.33938,-0.00441562067126,45.337943316033,-0.00585230463821523
26.98882,45.33758,-0.00621562067125581,45.3379406575142,-0.00585496315706667
27.00017,45.33581,-0.0079856206712563,45.3382014946532,-0.00559412601801289
27.0115,45.33712,-0.00667562067125971,45.338720375896,-0.00507524477526937
27.02283,45.3314,-0.0123956206712563,45.339469177021,-0.00432644365027247
27.03417,45.33469,-0.00910562067125653,45.3403981223523,-0.00339749831899992
27.04552,45.34531,0.00151437932873932,45.341440108182,-0.00235551248924365
27.05685,45.34937,0.00557437932874194,45.3425179348529,-0.00127768581837832
27.06819,45.34886,0.00506437932874348,45.3435530961173,-0.000242524553953189
27.07949,45.34528,0.00148437932874401,45.3444742660097,0.000678645338481458
27.09084,45.34228,-0.0015156206712561,45.345223892957,0.00142827228577269
27.10216,45.34679,0.00299437932874014,45.3457621520334,0.00196653136218276
27.11347,45.34384,4.43793287416838e-05,45.3460683594002,0.00227273872897842
27.1248,45.34771,0.00391437932874084,45.3461404114339,0.00234479076259421
27.13616,45.34496,0.00116437932874192,45.3459928691463,0.00219724847504783
27.1475,45.344,0.000204379328742732,45.3456541859874,0.00185856531614261
27.15882,45.35201,0.00821437932874147,45.3451634494375,0.00136782876629385
27.17014,45.33358,-0.0102156206712607,45.3445669309065,0.000771310235254806
27.1815,45.34467,0.000874379328742236,45.3439147060266,0.000119085355390043
27.19282,45.35009,0.0062943793287431,45.3432575440487,-0.000538076622557293
27.20415,45.34518,0.00138437932874069,45.3426440799663,-0.00115154070491507
27.21545,45.3373,-0.00649562067125942,45.3421180752056,-0.00167754546567482
27.22679,45.33764,-0.00615562067125808,45.3417156012541,-0.00208001941719673
27.23814,45.34933,0.00553437932874346,45.341462252839,-0.00233336783228364
27.24945,45.34221,-0.001585620671257,45.3413706946081,-0.00242492606314921
27.26075,45.33602,-0.0077756206712607,45.341438828249,-0.00235679242221696
27.27209,45.34339,-0.000405620671259044,45.3416488601887,-0.00214676048256447
27.28341,45.33968,-0.00411562067125715,45.3419676833129,-0.00182793735834212
27.29474,45.33748,-0.00631562067125913,45.3423490643315,-0.00144655633972631
27.30609,45.34096,-0.00283562067125587,45.3427379566666,-0.00105766400469962
27.31743,45.34354,-0.00025562067126117,45.3430768451516,-0.000718775519706135
27.32876,45.34848,0.00468437932874366,45.3433134662636,-0.000482154407660194
27.3401,45.34635,0.00255437932874258,45.3434086941713,-0.000386926499966677
27.35143,45.34283,-0.00096562067125916,45.3433430989977,-0.000452521673593496
27.36276,45.34283,-0.00096562067125916,45.3431208450597,-0.000674775611568176
27.37408,45.34877,0.00497437932874334,45.3427700906287,-0.00102553004255793
27.38543,45.34927,0.00547437932873862,45.3423396065148,-0.00145601415648997
27.39678,45.33809,-0.00570562067125735,45.3418918554062,-0.00190376526504326
27.40814,45.33398,-0.00981562067126163,45.3414933954402,-0.00230222523108744
27.41947,45.34307,-0.00072562067126114,45.3412041744123,-0.00259144625897598
27.43078,45.33891,-0.00488562067125997,45.3410677208067,-0.00272789986454259
27.44208,45.33309,-0.0107056206712599,45.341104120951,-0.0026914997202344
27.45342,45.33937,-0.00442562067125607,45.3413071027827,-0.00248851788859976
27.46474,45.33646,-0.00733562067125604,45.3416457784508,-0.00214984222045837
27.47607,45.35269,0.00889437932874415,45.3420707056097,-0.00172491506158028
27.48739,45.34227,-0.00152562067125928,45.3425229821215,-0.00127263854972555
27.49869,45.34443,0.000634379328744217,45.3429443974099,-0.000851223261358368
27.51002,45.34905,0.00525437932873984,45.3432865475121,-0.000509073159197553
27.52135,45.34937,0.00557437932874194,45.3435172721836,-0.000278348487620883
27.53268,45.33766,-0.00613562067125883,45.3436235325907,-0.000172088080566881
27.54404,45.34288,-0.0009156206712575,45.3436107050111,-0.000184915660163066
27.55537,45.34352,-0.000275620671260413,45.3434990487042,-0.000296571967065701
27.56667,45.34137,-0.00242562067126073,45.3433185734228,-0.000477047248446795
27.57799,45.33833,-0.00546562067125933,45.3431035568289,-0.000692063842383845
27.58932,45.34428,0.000484379328739237,45.3428876729644,-0.000907947706876167
27.60066,45.34552,0.00172437932874203,45.3427002735803,-0.00109534709091193
27.61201,45.34509,0.00129437932874055,45.3425639249153,-0.00123169575594778
27.62334,45.33968,-0.00411562067125715,45.3424929954852,-0.00130262518604766
27.63466,45.34437,0.000574379328739383,45.3424930718478,-0.00130254882347381
27.646,45.33441,-0.00938562067126014,45.3425611937469,-0.00123442692433766
27.65732,45.34348,-0.000315620671258898,45.3426870799685,-0.00110854070274043
27.66864,45.3433,-0.000495620671259189,45.3428554214811,-0.000940199190119595
27.67998,45.34764,0.00384437932873993,45.3430489265784,-0.000746694092901515
27.69134,45.35152,0.00772437932874226,45.3432513431788,-0.000544277492436736
27.70269,45.34093,-0.00286562067125828,45.3434495176258,-0.000346103045457613
27.71402,45.33969,-0.00410562067126108,45.3436339044025,-0.000161716268736431
27.72536,45.34154,-0.00225562067125651,45.3437976686423,2.04797105209327e-06
27.73666,45.33989,-0.00390562067126154,45.3439351511482,0.000139530476945767
27.74802,45.35074,0.00694437932874337,45.3440405860089,0.000244965337653108
27.75936,45.34176,-0.00203562067125773,45.3441075916855,0.000311971014275912
27.7707,45.34068,-0.00311562067125948,45.3441294744016,0.000333853730354754
27.78205,45.34866,0.00486437932874395,45.3441001136273,0.000304492956052668
27.79338,45.34233,-0.00146562067126155,45.3440151467253,0.000219526054051918
27.8047,45.3448,0.00100437932874087,45.3438731671063,7.75464350313854e-05
27.81604,45.34169,-0.00210562067125863,45.3436766432655,-0.00011897740572001
27.82737,45.34927,0.00547437932873862,45.3434323004457,-0.000363320225553457
27.83868,45.34166,-0.00213562067126105,45.3431507836154,-0.000644837055858834
27.85001,45.34545,0.00165437932874113,45.3428455422307,-0.000950078440514619
27.86134,45.33403,-0.00976562067125997,45.3425310922397,-0.00126452843151903
27.87266,45.3437,-9.56206712601215e-05,45.3422210708669,-0.0015745498043178
27.88398,45.34697,0.00317437932874043,45.3419266064016,-0.00186901426962484
27.89532,45.3354,-0.00839562067125854,45.3416553572815,-0.00214026338973247
27.90668,45.34452,0.000724379328744362,45.3414112798109,-0.00238434086033394
27.91802,45.34292,-0.000875620671259014,45.3411949955567,-0.00260062511455443
27.92937,45.33646,-0.00733562067125604,45.3410045891066,-0.00279103156466664
27.94069,45.34202,-0.00177562067126047,45.3408366753955,-0.00295894527576641
27.952,45.34256,-0.0012356206712596,45.3406875676377,-0.0031080530335976
27.96335,45.34103,-0.00276562067125496,45.340554328253,-0.00324129241824144
27.9747,45.34614,0.00234437932873988,45.340435428989,-0.00336019168221909
27.98605,45.33643,-0.00736562067125845,45.3403308068883,-0.00346481378295278
27.99737,45.33356,-0.0102356206712599,45.340241360798,-0.00355425987320901
28.00872,45.34212,-0.00167562067125715,45.340168256822,-0.00362736384926642
28.02003,45.34324,-0.000555620671256918,45.3401125168932,-0.00368310377805117
28.03134,45.33784,-0.00595562067125854,45.340075122636,-0.0037204980352114
28.04266,45.34013,-0.00366562067125642,45.3400574922572,-0.00373812841403759
28.05397,45.34319,-0.000605620671258578,45.3400619861511,-0.00373363452012887
28.0653,45.33912,-0.00467562067125726,45.3400921150484,-0.0037035056228307
28.07666,45.34396,0.000164379328744246,45.3401522381259,-0.00364338254535402
28.088,45.33458,-0.00921562067125592,45.3402467019491,-0.00354891872216441
28.09936,45.34085,-0.00294562067125526,45.3403785845111,-0.00341703616012908
28.1107,45.34506,0.00126437932873813,45.340548380952,-0.00324723971928611
28.122,45.33432,-0.00947562067126029,45.3407529933589,-0.00304262731235914
28.13332,45.33932,-0.00447562067125773,45.3409852928474,-0.00281032782386743
28.14465,45.34575,0.00195437932874398,45.3412343921007,-0.00256122857054738
28.15598,45.34335,-0.000445620671257529,45.3414865957543,-0.00230902491696804
28.1673,45.34344,-0.000355620671257384,45.3417268029386,-0.0020688177326938
28.17864,45.33282,-0.0109756206712603,45.3419400894424,-0.00185553122886713
28.18996,45.34443,0.000634379328744217,45.3421133733404,-0.00168224733089557
28.20128,45.34046,-0.00333562067125825,45.3422372290886,-0.00155839158270534
28.21262,45.3448,0.00100437932874087,45.342307776326,-0.00148784434522278
28.22396,45.3493,0.00550437932874104,45.3423281872158,-0.00146743345541342
28.2353,45.34406,0.000264379328740461,45.3423090784844,-0.00148654218689338
28.24663,45.34109,-0.00270562067125724,45.3422671783001,-0.00152844237116768
28.25796,45.34273,-0.00106562067125537,45.3422222050601,-0.001573415611176
28.26928,45.33644,-0.00735562067125528,45.3421926081632,-0.0016030125080559
28.28062,45.33786,-0.0059356206712593,45.3421913345991,-0.00160428607215203
28.29195,45.34243,-0.00136562067125823,45.3422228530598,-0.00157276761149186
28.30329,45.34081,-0.00298562067126085,45.3422822658435,-0.00151335482775548
28.31462,45.3462,0.00240437932874471,45.3423566474265,-0.00143897324472511
28.32595,45.34032,-0.00347562067126006,45.3424280693955,-0.00136755127575777
28.33731,45.35255,0.00875437932874235,45.3424773683046,-0.00131825236663243
28.34862,45.34177,-0.00202562067126166,45.342487688711,-0.0013079319602299
28.35994,45.33199,-0.0118056206712609,45.3424471621443,-0.00134845852698004
28.37129,45.34497,0.00117437932874509,45.3423506161192,-0.00144500455210432
28.38263,45.34034,-0.00345562067126082,45.3422006118674,-0.00159500880383549
28.39396,45.34615,0.00235437932874305,45.3420080668099,-0.00178755386139508
28.40531,45.34341,-0.000385620671259801,45.3417923081169,-0.00200331255431976
28.41662,45.34681,0.00301437932873938,45.3415800597005,-0.00221556097079367
28.42796,45.33875,-0.00504562067126102,45.3414029136385,-0.00239270703277949
28.43929,45.33906,-0.00473562067125499,45.3412932625362,-0.00250235813501894
28.45062,45.34231,-0.00148562067126079,45.3412792231145,-0.00251639755679587
28.46191,45.34213,-0.00166562067126108,45.3413794739586,-0.00241614671270716
28.47323,45.33752,-0.00627562067126064,45.3415990284058,-0.00219659226549342
28.48458,45.334,-0.00979562067125528,45.3419268504652,-0.0018687702060866
28.49593,45.34463,0.000834379328743751,45.342335983824,-0.00145963684729482
28.50726,45.3462,0.00240437932874471,45.3427864290744,-0.00100919159690486
28.51858,45.34425,0.000454379328743926,45.3432303615722,-0.000565259099008969
28.52992,45.34093,-0.00286562067125828,45.3436187050808,-0.00017691559042669
28.54128,45.34938,0.00558437932873801,45.3439078716155,0.00011225094421136
28.55263,45.34171,-0.00208562067125939,45.3440656278402,0.000270007168922771
28.56395,45.34674,0.00294437932873848,45.3440753176672,0.000279696995963358
28.57529,45.34627,0.00247437932873851,45.3439379326505,0.000142311979272519
28.58663,45.34177,-0.00202562067126166,45.3436717958207,-0.000123824850540096
28.59796,45.34541,0.00161437932874264,45.3433099306141,-0.000485690057150561
28.60929,45.34654,0.00274437932873894,45.342895499013,-0.000900121658254473
28.62061,45.33871,-0.00508562067125951,45.3424759837332,-0.00131963693808852
28.63193,45.33573,-0.00806562067126038,45.342097054342,-0.00169856632925119
28.64328,45.33922,-0.00457562067126105,45.3417972433713,-0.00199837729992097
28.65461,45.33829,-0.00550562067125782,45.3416044792416,-0.00219114142961117
28.66593,45.3462,0.00240437932874471,45.3415350141444,-0.00226060652687453
28.67727,45.34935,0.0055543793287427,45.3415944831908,-0.00220113748050424
28.6886,45.33746,-0.00633562067125837,45.3417801643934,-0.00201545627785001
28.69996,45.3418,-0.00199562067125925,45.3420833583111,-0.00171226236013066
28.71131,45.34375,-4.56206712584617e-05,45.3424911638844,-0.00130445678683711
28.72264,45.34704,0.00324437932874133,45.3429874185858,-0.000808202085450306
28.73397,45.33766,-0.00613562067125883,45.3435528771154,-0.000242743555839479
28.74531,45.34869,0.00489437932873926,45.3441648461502,0.000369225478902052
28.75664,45.34361,-0.000185620671260267,45.3447966186274,0.00100099795610004
28.76796,45.34055,-0.00324562067125811,45.3454171625787,0.00162154190749127
28.77929,45.3494,0.00560437932874436,45.3459915499495,0.00219592927821025
28.79062,45.33936,-0.00443562067125924,45.3464825313138,0.00268691064252542
28.80196,45.34382,2.4379328742441e-05,45.3468534452948,0.00305782462355376
28.81326,45.35294,0.00914437932873824,45.3470722674024,0.00327664673114188
28.8246,45.35431,0.0105143793287397,45.3471160917325,0.00332047106119184
28.83592,45.35107,0.00727437932874153,45.3469749084281,0.00317928775686395
28.84725,45.34198,-0.00181562067125896,45.3466535422355,0.00285792156423943
28.85858,45.34575,0.00195437932874398,45.346171213139,0.00237559246774146
28.86994,45.34464,0.000844379328739819,45.3455590434168,0.00176342274552502
28.88129,45.34074,-0.00305562067126175,45.3448564244142,0.0010608037429593
28.89265,45.34121,-0.00258562067126178,45.344107224677,0.000311604005705051
28.90398,45.3487,0.00490437932874244,45.3433564948679,-0.000439125803310442
28.91532,45.34412,0.000324379328738189,45.3426478358693,-0.00114778480192477
28.92665,45.34183,-0.00196562067125683,45.3420211737508,-0.00177444692048172
28.93799,45.34781,0.00401437932874416,45.3415105517277,-0.00228506894354897
28.94934,45.336,-0.00779562067125994,45.3411417805791,-0.00265384009213948
28.96067,45.34007,-0.00372562067126125,45.3409302393908,-0.0028653812805006
28.972,45.32532,-0.0184756206712606,45.3408795324395,-0.00291608823177175
28.98334,45.34643,0.00263437932873956,45.3409817960017,-0.00281382466954919
28.99466,45.34743,0.00363437932874433,45.3412199782726,-0.0025756423986343
29.00599,45.34934,0.00554437932873952,45.341571502554,-0.00222411811729554
29.01733,45.34058,-0.00321562067125569,45.3420119661815,-0.0017836544897941
29.02866,45.34412,0.000324379328738189,45.3425175348356,-0.00127808583571105
29.03999,45.34327,-0.000525620671261606,45.343065459061,-0.000730161610230059
29.05134,45.33646,-0.00733562067125604,45.3436331018869,-0.000162518784373025
29.06265,45.34171,-0.00208562067125939,45.3441964935946,0.000400872923357037
29.07397,45.34393,0.000134379328741829,45.3447295332912,0.000933912619943252
29.08528,45.34739,0.00359437932873874,45.3452045808364,0.00140896016517168
29.09657,45.34356,-0.000235620671261927,45.3455945299132,0.00179890924192058
29.1079,45.34867,0.00487437932874002,45.3458758440644,0.00208022339309718
29.11924,45.35168,0.00788437932874331,45.3460317094197,0.00223608874843543
29.13056,45.34246,-0.00133562067125581,45.346054443916,0.00225882324474553
29.14188,45.34834,0.00454437932874185,45.3459465425629,0.00215092189165265
29.1532,45.34639,0.00259437932874107,45.3457201431634,0.00192452249211128
29.16452,45.34457,0.000774379328738917,45.3453951153311,0.00159949465988809
29.17586,45.34228,-0.0015156206712561,45.3449962740615,0.00120065339023294
29.18722,45.34338,-0.000415620671255112,45.3445503684022,0.000754747730946969
29.19854,45.34228,-0.0015156206712561,45.3440834901079,0.00028786943665625
29.20988,45.34649,0.00269437932874439,45.3436193578232,-0.000176262848086383
29.22122,45.33916,-0.00463562067125878,45.3431786045383,-0.000617016132977893
29.23253,45.34604,0.00224437932874366,45.3427788685176,-0.00101675215369183
29.24388,45.34306,-0.000735620671257209,45.3424352700184,-0.00136035065280799
29.25521,45.34422,0.000424379328741509,45.3421607662055,-0.00163485446578724
29.26652,45.34737,0.0035743793287395,45.3419659192599,-0.00182970141138356
29.27784,45.33479,-0.00900562067126032,45.3418578283777,-0.00193779229356276
29.28918,45.34735,0.00355437932874025,45.3418383605518,-0.00195726011948863
29.30054,45.33284,-0.0109556206712611,45.3419022324723,-0.00189338819895545
29.31183,45.3411,-0.00269562067126117,45.3420357350618,-0.00175988560943613
29.32316,45.34455,0.000754379328739674,45.3422168083872,-0.00157881228405526
29.33451,45.34597,0.00217437932874276,45.3424167878128,-0.0013788328584691
29.34583,45.33818,-0.0056156206712572,45.3426036585677,-0.00119196210358698
29.35716,45.33835,-0.00544562067126009,45.3427463496783,-0.00104927099297153
29.36849,45.34724,0.00344437932874087,45.3428195309014,-0.000976089769890496
29.37983,45.34337,-0.000425620671258287,45.3428083229235,-0.000987297747721674
29.39116,45.34467,0.000874379328742236,45.342712136178,-0.00108348449321972
29.40249,45.34483,0.00103437932874328,45.3425466815465,-0.00124893912472101
29.41384,45.34899,0.00519437932874212,45.3423432853301,-0.00145233534111706
29.42518,45.34486,0.0010643793287386,45.3421450369075,-0.00165058376378381
29.43652,45.33842,-0.00537562067125918,45.341999938351,-0.00179568232025348
29.44785,45.33936,-0.00443562067125924,45.3419520287227,-0.00184359194857237
29.45918,45.33474,-0.00905562067126198,45.3420322016552,-0.00176341901605507
29.47052,45.33908,-0.00471562067125575,45.3422507721947,-0.00154484847654764
29.48182,45.34083,-0.0029656206712616,45.3425935544348,-0.00120206623641748
29.49315,45.34814,0.00434437932874232,45.3430223823703,-0.000773238300936307
29.5045,45.33493,-0.00886562067125851,45.3434799959842,-0.000315624687087034
29.51583,45.34598,0.00218437932873883,45.3438983920293,0.000102771357994831
29.52717,45.34604,0.00224437932874366,45.3442092306633,0.000413609992034444
29.5385,45.35352,0.0097243793287447,45.344354574651,0.000558953979755611
29.54985,45.34422,0.000424379328741509,45.3442960703211,0.00050044964986982
29.56118,45.34728,0.00348437932873935,45.3440208490305,0.000225228359247295
29.57252,45.35037,0.00657437932873961,45.3435430728384,-0.000252547832905909
29.58384,45.3378,-0.00599562067125703,45.3429010076432,-0.00089461302805692
29.59519,45.33729,-0.00650562067125549,45.3421504881574,-0.0016451325138714
29.60652,45.33849,-0.00530562067125828,45.3413564006809,-0.00243921999032209
29.61786,45.33591,-0.00788562067126009,45.3405841209326,-0.00321149973864548
29.62921,45.34019,-0.00360562067125869,45.3398925543509,-0.00390306632032736
29.64052,45.34,-0.00379562067125505,45.3393296623744,-0.00446595829689485
29.65185,45.34219,-0.00160562067125625,45.3389304786873,-0.0048651419840037
29.66318,45.33913,-0.00466562067126119,45.338716966434,-0.00507865423720837
29.67451,45.34487,0.00107437932874177,45.3386988187625,-0.00509680190876696
29.68585,45.33334,-0.0104556206712587,45.3388744615959,-0.00492115907538247
29.6972,45.33485,-0.00894562067125548,45.3392319350996,-0.00456368557169367
29.70854,45.34449,0.000694379328741945,45.3397497557475,-0.00404586492376323
29.7199,45.34245,-0.00134562067125898,45.3403980355622,-0.00339758510907937
29.73122,45.33685,-0.00694562067126014,45.3411400210772,-0.00265559959408411
29.74255,45.3418,-0.00199562067125925,45.3419340514484,-0.00186156922288472
29.75388,45.34403,0.000234379328738044,45.3427359091219,-0.00105971154930657
29.7652,45.34208,-0.00171562067125564,45.343501550964,-0.000294069707301708
29.77649,45.34171,-0.00208562067125939,45.3441901218639,0.000394501192635345
29.78782,45.3514,0.0076043793287397,45.344767000312,0.000971379640734647
29.79917,45.33957,-0.00422562067125654,45.345206496678,0.00141087600674463
29.81051,45.35094,0.0071443793287429,45.3454937636942,0.00169814302291413
29.82186,45.34727,0.00347437932874328,45.3456255186408,0.00182989796950087
29.8332,45.34806,0.00426437932873824,45.3456093392433,0.00181371857201123
29.84455,45.33912,-0.00467562067125726,45.3454615820434,0.00166596137211285
29.85588,45.34536,0.00156437932874098,45.3452043448013,0.00140872413000759
29.8672,45.34351,-0.000285620671256481,45.3448621930323,0.0010665723610296
29.87853,45.34638,0.002584379328745,45.3444593905121,0.000663769840866312
29.88987,45.3387,-0.00509562067125557,45.3440181086148,0.000222487943503834
29.90121,45.3435,-0.000295620671259655,45.343557736963,-0.0002378837082485
29.91255,45.35168,0.00788437932874331,45.3430951159834,-0.000700504687820522
29.9239,45.34282,-0.000975620671255228,45.3426452754928,-0.00115034517845855
29.93524,45.33326,-0.0105356206712557,45.3422221778652,-0.00157344280602096
29.94656,45.34596,0.00216437932873959,45.341839138931,-0.00195648174021913
29.95789,45.34505,0.00125437932874206,45.3415088826705,-0.00228673800073223
29.96924,45.34052,-0.00327562067126053,45.3412432864223,-0.00255233424894271
29.98054,45.33757,-0.00622562067125898,45.3410528050306,-0.00274281564062469
29.99187,45.34571,0.00191437932873839,45.3409455788429,-0.00285004182833601
30.00318,45.34054,-0.00325562067126128,45.3409263810337,-0.00286923963752531
30.01448,45.33353,-0.0102656206712552,45.3409956905147,-0.00279993015653882
30.02579,45.34219,-0.00160562067125625,45.3411492163165,-0.0026464043547715
30.03713,45.34429,0.000494379328742411,45.3413781239678,-0.00241749670346775
30.04846,45.3404,-0.00339562067125598,45.3416699657318,-0.00212565493945479
30.0598,45.3455,0.00170437932874279,45.3420099809301,-0.00178563974113508
30.07114,45.34619,0.00239437932874154,45.3423822548635,-0.0014133658077343
30.08248,45.34079,-0.00300562067126009,45.3427703452,-0.00102527547121727
30.09381,45.34007,-0.00372562067126125,45.3431573423068,-0.000638278364466402
30.10512,45.33784,-0.00595562067125854,45.3435257496887,-0.000269870982540127
30.11646,45.34583,0.00203437932874095,45.3438578007192,6.21800478958724e-05
30.12781,45.34275,-0.00104562067125613,45.3441366605986,0.000341039927328501
30.13913,45.35053,0.00673437932874066,45.3443484563692,0.000552835697984238
30.15044,45.34638,0.002584379328745,45.3444845633885,0.000688942717244184
30.16174,45.34213,-0.00166562067126108,45.344543389658,0.000747768986788201
30.17305,45.3473,0.00350437932873859,45.3445311297517,0.00073550908046701
30.18437,45.34218,-0.00161562067125942,45.344461420501,0.000665799829780239
30.1957,45.3387,-0.00509562067125557,45.3443542345138,0.000558613842541148
30.20705,45.3431,-0.000695620671258723,45.3442345075724,0.000438886901165845
30.2184,45.34689,0.00309437932874346,45.344130850663,0.000335229991740352
30.22972,45.34984,0.00604437932874191,45.3440742903445,0.000278669673245922
30.24106,45.34593,0.00213437932874427,45.3440965409001,0.000300920228864557
30.2524,45.34851,0.00471437932873897,45.3442271963274,0.000431575656164583
30.2637,45.34113,-0.00266562067125875,45.3444896257478,0.000694005076575222
30.27502,45.33784,-0.00595562067125854,45.3448960872889,0.00110046661761881
30.28635,45.34171,-0.00208562067125939,45.3454432322761,0.00164761160485128
30.29769,45.35143,0.00763437932874211,45.3461093629015,0.00231374223028021
30.30901,45.34296,-0.000835620671260529,45.3468544162833,0.00305879561208558
30.32032,45.34377,-2.56206712592189e-05,45.347622949985,0.00382732931370106
30.33165,45.35245,0.00865437932873903,45.3483497988723,0.00455417820104158
30.34296,45.34612,0.00232437932874063,45.3489676865729,0.00517206590162689
30.35426,45.35382,0.0100243793287405,45.3494157917089,0.00562017103760844
30.36556,45.34682,0.00302437932874255,45.3496480570756,0.00585243640434217
30.37689,45.35633,0.0125343793287414,45.349639973994,0.00584435332270672
30.38822,45.35308,0.00928437932874004,45.3493927068972,0.00559708622597839
30.39954,45.34714,0.00334437932874465,45.3489337361526,0.00513811548138978
30.41088,45.34991,0.00611437932874281,45.3483137045183,0.00451808384700912
30.4222,45.3508,0.00700437932874109,45.3475997956863,0.0038041750150195
30.43354,45.35027,0.0064743793287434,45.3468665861717,0.003070965500469
30.44489,45.33106,-0.0127356206712577,45.346185795218,0.0023901745467383
30.45622,45.34453,0.000734379328740431,45.3456167054801,0.00182108480886976
30.46757,45.3377,-0.00609562067126035,45.3451990823104,0.00140346163918719
30.47892,45.35062,0.0068243793287408,45.3449498931191,0.00115427244784189
30.49022,45.3461,0.00230437932874139,45.34486404134,0.0010684206687788
30.50154,45.35122,0.00742437932873941,45.3449181836869,0.00112256301565013
30.51283,45.34853,0.00473437932873821,45.3450760715838,0.00128045091258316
30.52414,45.34174,-0.00205562067125697,45.3452939657844,0.00149834511308885
30.53546,45.34364,-0.00015562067125785,45.3455253192475,0.0017296985762013
30.54676,45.34713,0.00333437932874148,45.3457246775704,0.00192905689913433
30.55809,45.33877,-0.00502562067126178,45.3458512059842,0.00205558531291522
30.56942,45.34386,6.43793287409267e-05,45.3458722648063,0.00207664413501252
30.58075,45.34811,0.0043143793287399,45.345767108992,0.00197148832071254
30.59208,45.35454,0.0107443793287416,45.345530241776,0.00173462110470767
30.60343,45.34969,0.00589437932874404,45.3451734425544,0.00137782188317522
30.61474,45.34462,0.000824379328740577,45.3447253826501,0.000929761978814926
30.62604,45.33967,-0.00412562067126032,45.3442282773892,0.000432656717931676
30.63737,45.34769,0.00389437932874159,45.3437319738667,-6.36468045945548e-05
30.64868,45.33545,-0.00834562067125688,45.3432866994166,-0.000508921254636325
30.66006,45.33794,-0.00585562067125522,45.3429360272223,-0.000859593448935266
30.67138,45.34346,-0.000335620671258141,45.3427114389627,-0.00108418170851425
30.68272,45.3471,0.00330437932873906,45.3426293117583,-0.00116630891293776
30.69405,45.34002,-0.00377562067125581,45.342690415221,-0.00110520545021044
30.70535,45.35086,0.00706437932873882,45.3428813900659,-0.0009142306053376
30.71668,45.33437,-0.00942562067125863,45.3431774725234,-0.000618148147863582
30.728,45.34403,0.000234379328738044,45.3435459042671,-0.000249716404192873
30.73932,45.34716,0.00336437932874389,45.3439497348066,0.000154114135382379
30.75066,45.34215,-0.00164562067126184,45.3443518098117,0.000556189140403744
30.762,45.34729,0.00349437932874253,45.3447186226434,0.000923001972182111
30.77333,45.34696,0.00316437932874436,45.3450235834266,0.00122796275537322
30.78468,45.34412,0.000324379328738189,45.34524929225,0.0014536715787139
30.79601,45.35032,0.00652437932874506,45.345388590297,0.00159296962572726
30.80733,45.33772,-0.00607562067126111,45.345444436884,0.00164881621274522
30.81866,45.34035,-0.00344562067125764,45.3454289365678,0.00163331589655546
30.82997,45.34566,0.00186437932874384,45.3453619572208,0.00156633654955899
30.84128,45.35698,0.0131843793287416,45.3452695540753,0.00147393340400656
30.85261,45.34841,0.00461437932874276,45.3451819136327,0.0013862929614841
30.86394,45.34505,0.00125437932874206,45.3451302170597,0.00133459638839885
30.87528,45.34247,-0.00132562067125974,45.3451421529126,0.00134653224128965
30.88661,45.34347,-0.000325620671254967,45.3452366777558,0.00144105708450684
30.89794,45.33257,-0.0112256206712615,45.3454194291765,0.0016238085051965
30.90926,45.34321,-0.000585620671259335,45.3456804104702,0.00188478979889183
30.9206,45.34812,0.00432437932874308,45.3459950363894,0.00219941571815454
30.93189,45.34991,0.00611437932874281,45.3463285267218,0.00253290605049918
30.94322,45.35474,0.0109443793287411,45.3466424150785,0.00284679440726579
30.95456,45.35542,0.0116243793287438,45.3469012051291,0.0031055844578066
30.96591,45.34326,-0.000535620671257675,45.3470773439819,0.00328172331066377
30.97723,45.33875,-0.00504562067126102,45.3471536128148,0.0033579921435054
30.98858,45.34614,0.00234437932873988,45.3471232361708,0.00332761549955413
30.99993,45.34618,0.00238437932873836,45.3469887859391,0.00319316526787007
31.01128,45.34935,0.0055543793287427,45.3467609180465,0.00296529737524901
31.02262,45.34498,0.00118437932874116,45.346457373214,0.00266175254274332
31.03397,45.35048,0.006684379328739,45.3461020700753,0.00230644940400548
31.0453,45.34434,0.000544379328744071,45.3457238650048,0.00192824433357739
31.05664,45.34669,0.00289437932874392,45.3453546269534,0.00155900628216388
31.06798,45.34659,0.0027943793287406,45.3450265181214,0.00123089745016081
31.07933,45.34154,-0.00225562067125651,45.3447686539631,0.000973033291811416
31.09065,45.34691,0.0031143793287427,45.3446035591476,0.000807938476314662
31.102,45.34213,-0.00166562067126108,45.3445439922872,0.000748371615927348
31.11331,45.34174,-0.00205562067125697,45.344590756773,0.00079513610178432
31.12462,45.34381,1.43793287392668e-05,45.3447320384453,0.000936417774045519
31.13596,45.34322,-0.000575620671256161,45.3449446021919,0.00114898152067634
31.14728,45.34604,0.00224437932874366,45.3451968346046,0.00140121393335555
31.15861,45.3472,0.00340437932874238,45.3454531969808,0.00165757630955727
31.16994,45.34953,0.00573437932874299,45.3456792894677,0.00188366879641739
31.18129,45.34322,-0.000575620671256161,45.3458465683798,0.00205094770850427
31.19263,45.34925,0.00545437932873938,45.3459358675953,0.00214024692408764
31.20393,45.34733,0.00353437932874101,45.3459391828466,0.00214356217537907
31.21524,45.34949,0.0056943793287445,45.3458595467222,0.00206392605097614
31.22656,45.3402,-0.00359562067125552,45.345709187975,0.00191356730375567
31.23791,45.34346,-0.000335620671258141,45.3455065423691,0.00171092169786415
31.24922,45.33905,-0.00474562067125817,45.3452729764386,0.00147735576736452
31.26051,45.34959,0.00579437932874072,45.3450300818151,0.00123446114387514
31.27183,45.34791,0.00411437932874037,45.3447979936662,0.00100237299497652
31.2832,45.34113,-0.00266562067125875,45.344594600441,0.000798979769699632
31.29452,45.34829,0.00449437932874019,45.3444351226425,0.000639501971280459
31.30584,45.34776,0.0039643793287425,45.3443315213545,0.000535900683251936
31.31716,45.34503,0.00123437932874282,45.3442914374101,0.00049581673889221
31.32847,45.34062,-0.00317562067125721,45.3443167146105,0.000521093939257595
31.33981,45.33764,-0.00615562067125808,45.3444019653759,0.000606344704613251
31.35116,45.34332,-0.000475620671259946,45.3445339340343,0.000738313363056843
31.36251,45.34933,0.00553437932874346,45.3446923314209,0.000896710749593224
31.37385,45.34494,0.00114437932874267,45.3448522999446,0.00105667927335071
31.38518,45.34642,0.00262437932874349,45.3449880497988,0.00119242912750387
31.3965,45.33789,-0.00590562067125688,45.345076887674,0.00128126700274068
31.40784,45.35432,0.0105243793287428,45.345102897926,0.00130727725474313
31.41917,45.34416,0.00036437932874378,45.3450596740712,0.001264053399976
31.43047,45.34786,0.00406437932873871,45.3449515750344,0.00115595436315971
31.44182,45.34711,0.00331437932874223,45.3447931252255,0.000997504554221431
31.45315,45.34211,-0.00168562067126032,45.3446065449184,0.000810924247178121
31.46448,45.33747,-0.00632562067125519,45.3444179062274,0.000622285556151672
31.47583,45.35059,0.00679437932873839,45.3442528108606,0.000457190189360519
31.48715,45.33796,-0.00583562067125598,45.3441325697639,0.00033694909266133
31.49849,45.34039,-0.00340562067125916,45.3440716168156,0.000275996144369837
31.50982,45.347,0.00320437932874285,45.3440764685845,0.000280847913246707
31.52115,45.35178,0.00798437932873952,45.3441460910354,0.000350470364160478
31.5325,45.34126,-0.00253562067126012,45.3442731443283,0.000477523657011339
31.54382,45.34399,0.000194379328739558,45.3444454331791,0.000649812507856178
31.55516,45.34735,0.00355437932874025,45.3446471221188,0.000851501447577048
31.56648,45.34067,-0.00312562067125555,45.3448597000761,0.00106407940489315
31.57782,45.34219,-0.00160562067125625,45.3450629818235,0.00126736115221728
31.58918,45.35046,0.00666437932873976,45.3452364876624,0.0014408669910934
31.6005,45.33972,-0.00407562067125866,45.3453613941314,0.00156577346011686
31.61183,45.34557,0.00177437932874369,45.3454229956462,0.00162737497489877
31.62315,45.34917,0.00537437932874241,45.3454133679829,0.00161774731164465
31.63448,45.34542,0.00162437932873871,45.3453337348816,0.00153811421035751
31.64579,45.34533,0.00153437932873857,45.3451959301201,0.00140030944881963
31.65712,45.35001,0.00621437932873903,45.3450223828103,0.00122676213908287
31.66846,45.34664,0.00284437932874226,45.3448442755082,0.00104865483690434
31.67983,45.34269,-0.00110562067126097,45.3446978974678,0.000902276796578159
31.69116,45.34031,-0.00348562067125613,45.3446196801826,0.000824059511338933
31.70249,45.34299,-0.000805620671258112,45.3446408379185,0.000845217247256923
31.71383,45.34358,-0.000215620671255579,45.3447827175171,0.000987096845863589
31.72517,45.34489,0.00109437932874101,45.345053746372,0.00125812570071503
31.73651,45.34614,0.00234437932873988,45.3454483737505,0.00165275307928029
31.74785,45.3459,0.00210437932874186,45.3459478962971,0.00215227562586582
31.75917,45.34924,0.00544437932874331,45.3465227308412,0.00272711016990477
31.7705,45.35104,0.00724437932873911,45.3471355897035,0.00333996903224865
31.78181,45.33748,-0.00631562067125913,45.3477451040173,0.00394948334599966
31.79312,45.34733,0.00353437932874101,45.3483096574617,0.00451403679045106
31.80446,45.35081,0.00701437932874427,45.3487913350337,0.00499571436243622
31.81578,45.36001,0.0162143793287441,45.3491597317347,0.00536411106340152
31.8271,45.3476,0.00380437932874145,45.3493949969131,0.00559937624186034
31.83844,45.34788,0.00408437932874506,45.3494893677871,0.00569374711579113
31.84977,45.34911,0.00531437932874468,45.3494468589389,0.00565123826760259
31.8611,45.34982,0.00602437932874267,45.3492814531068,0.00548583243550699
31.87241,45.34293,-0.00086562067125584,45.3490145978181,0.00521897714680434
31.88374,45.34624,0.0024443793287432,45.3486728681968,0.00487724752554008
31.8951,45.34593,0.00213437932874427,45.3482863963703,0.00449077569905254
31.90645,45.35561,0.0118143793287402,45.347888175065,0.00409255439378228
31.91778,45.34962,0.00582437932874313,45.3475137312703,0.00371811059901008
31.92912,45.35269,0.00889437932874415,45.3472002344421,0.00340461377085497
31.94042,45.34362,-0.000175620671257093,45.3469841742561,0.00318855358487279
31.95174,45.34866,0.00486437932874395,45.3468973333916,0.00310171272036448
31.9631,45.34726,0.00346437932874011,45.3469615654249,0.00316594475364604
31.97445,45.34249,-0.0013056206712605,45.3471834970042,0.00338787633290524
31.98579,45.34084,-0.00295562067125843,45.3475505508786,0.00375493020738443
31.99714,45.34514,0.00134437932874221,45.3480296227938,0.00423400212251615
32.00848,45.34666,0.00286437932874151,45.3485693021758,0.00477368150456184
32.01983,45.3539,0.0101043793287445,45.3491057034514,0.00531008278019037
32.03114,45.34985,0.00605437932874509,45.3495709993959,0.00577537872468802
32.04247,45.35429,0.0104943793287404,45.3499030121523,0.00610739148099447
32.05382,45.35343,0.00963437932874456,45.3500539919804,0.0062583713091356
32.06512,45.35281,0.00901437932873961,45.3499969961699,0.00620137549860955
32.07646,45.34783,0.0040343793287434,45.3497289002845,0.00593327961324176
32.0878,45.34943,0.00563437932873967,45.3492698317808,0.00547421110952879
32.09912,45.34563,0.00183437932874142,45.348659505181,0.00486388450978428
32.11041,45.35141,0.00761437932874287,45.3479513688709,0.00415574819961619
32.12172,45.34859,0.00479437932874305,45.3472055916198,0.00340997094857951
32.13307,45.33917,-0.0046256206712556,45.3464818577317,0.0026862370604838
32.14437,45.34459,0.00079437932873816,45.3458328765264,0.00203725585511979
32.15573,45.34438,0.000584379328742557,45.3452994312989,0.00150381062762486
32.16707,45.34615,0.00235437932874305,45.3449075241668,0.00111190349549327
32.1784,45.34666,0.00286437932874151,45.3446676856126,0.000872064941307606
32.18974,45.34516,0.00136437932874145,45.3445760427629,0.000780422091624785
32.20109,45.34563,0.00183437932874142,45.3446165288219,0.00082090815065226
32.21241,45.34382,2.4379328742441e-05,45.3447637022772,0.000968081605948666
32.22374,45.34511,0.00131437932873979,45.3449858852489,0.00119026457764153
32.23505,45.34047,-0.00332562067125508,45.3452485552048,0.0014529345335013
32.24638,45.34244,-0.00135562067125505,45.3455180094896,0.00172238881830848
32.25772,45.35262,0.00882437932874325,45.3457651901855,0.0019695695142558
32.26901,45.34699,0.00319437932873967,45.3459692203461,0.00217359967481859
32.28033,45.35172,0.00792437932874179,45.3461198607956,0.00232424012435317
32.29165,45.35017,0.00637437932874008,45.3462180693821,0.00242244871080486
32.30295,45.34049,-0.00330562067125584,45.3462742977251,0.00247867705380331
32.31425,45.34048,-0.00331562067125901,45.3463049311058,0.00250931043458088
32.32556,45.34615,0.00235437932874305,45.3463279612623,0.00253234059103825
32.33686,45.34138,-0.00241562067125756,45.3463591759985,0.00256355532724527
32.34821,45.35314,0.00934437932874488,45.346409737421,0.00261411674973938
32.35954,45.34818,0.00438437932874081,45.3464852874468,0.00268966677551501
32.37089,45.34364,-0.00015562067125785,45.3465861239879,0.00279050331666122
32.38221,45.35101,0.0072143793287438,45.3467078171423,0.00291219647104104
32.39354,45.34276,-0.00103562067126006,45.3468418294161,0.00304620874481822
32.40488,45.35097,0.00717437932873821,45.3469760061059,0.00318038543467494
32.41621,45.34878,0.00498437932873941,45.3470950182681,0.00329939759685126
32.42752,45.34235,-0.0014456206712552,45.3471809770073,0.00338535633608196
32.43886,45.34055,-0.00324562067125811,45.3472145677013,0.00341894703002462
32.45015,45.34531,0.00151437932873932,45.3471771113955,0.00338149072427168
32.46145,45.35408,0.0102843793287448,45.3470537345721,0.00325811390080854
32.47278,45.34786,0.00406437932873871,45.3468372492328,0.00304162856157149
32.48412,45.34936,0.00556437932873877,45.3465317328562,0.00273611218494899
32.49544,45.35127,0.00747437932874107,45.3461546094529,0.00235898878166092
32.50678,45.34222,-0.00157562067126094,45.3457364028891,0.00194078221781775
32.51811,45.34267,-0.00112562067126021,45.3453180190713,0.00152239840007359
32.52946,45.34433,0.000534379328740897,45.3449460673652,0.00115044669398402
32.5408,45.34788,0.00408437932874506,45.3446670895923,0.000871468921017859
32.55212,45.34551,0.00171437932873886,45.3445215604209,0.00072593974960654
32.56343,45.33971,-0.00408562067126184,45.3445383510717,0.000742730400408855
32.57477,45.34667,0.00287437932874468,45.3447302658384,0.000934645167175764
32.58612,45.34164,-0.00215562067126029,45.3450912888362,0.00129566816493306
32.59744,45.34041,-0.00338562067125991,45.3455961326822,0.00180051201094729
32.60875,45.34875,0.0049543793287441,45.3462024318371,0.0024068111658349
32.62009,45.34647,0.00267437932873804,45.3468554846274,0.00305986395610425
32.63142,45.35183,0.00803437932874118,45.3474949275715,0.00369930690022762
32.64273,45.34637,0.00257437932874183,45.3480623149387,0.0042666942674499
32.65407,45.34597,0.00217437932874276,45.3485084511889,0.00471283051766584
32.66541,45.35389,0.0100943793287414,45.34879946088,0.00500384020870851
32.67673,45.35258,0.00878437932874476,45.3489207853311,0.0051251646598735
32.68806,45.35497,0.0111743793287431,45.3488784755453,0.00508285487406805
32.69941,45.34228,-0.0015156206712561,45.3486974557897,0.00490183511840231
32.71074,45.34354,-0.00025562067126117,45.3484170024708,0.00462138179957518
32.72206,45.35368,0.00988437932873865,45.3480843283481,0.0042887076767895
32.73338,45.34542,0.00162437932873871,45.3477474890884,0.00395186841716669
32.7447,45.34523,0.00143437932874235,45.3474487144067,0.00365309373544288
32.756,45.34689,0.00309437932874346,45.3472189748273,0.00342335415603111
32.76735,45.34355,-0.000245620671257996,45.3470743679006,0.00327874722931909
32.77868,45.34901,0.00521437932874136,45.3470146983641,0.00321907769281576
32.79,45.34834,0.00454437932874185,45.3470243262213,0.00322870554999931
32.80132,45.34479,0.000994379328744799,45.3470750215833,0.00327940091207841
32.81263,45.3474,0.00360437932874191,45.3471303353055,0.00333471463428575
32.82396,45.34338,-0.000415620671255112,45.3471509079882,0.00335528731692097
32.83529,45.35498,0.0111843793287392,45.3471000934519,0.0033044727806345
32.84664,45.34766,0.00386437932873918,45.3469491789219,0.00315355825064951
32.85795,45.34621,0.00241437932874078,45.3466814347041,0.00288581403287718
32.86927,45.34544,0.00164437932874506,45.3462943973414,0.0024987766701837
32.8806,45.34383,3.43793287385097e-05,45.3458001724832,0.00200455181197441
32.89194,45.34798,0.00418437932874127,45.3452238965568,0.00142827588559054
32.90326,45.35175,0.00795437932874421,45.3446006319223,0.000805011251058545
32.91459,45.34081,-0.00298562067126085,45.3439709853569,0.000175364685608365
32.9259,45.33591,-0.00788562067126009,45.3433758891667,-0.000419731504532522
32.93724,45.3429,-0.000895620671258257,45.3428513215201,-0.000944299151186464
32.94858,45.34393,0.000134379328741829,45.3424239707102,-0.00137164996104489
32.95993,45.33823,-0.00556562067125554,45.3421086629608,-0.00168695771048833
32.97126,45.34575,0.00195437932874398,45.3419078674727,-0.00188775319858185
32.98261,45.33609,-0.00770562067125979,45.3418131075074,-0.00198251316388164
32.99394,45.34775,0.00395437932873932,45.3418078120592,-0.00198780861201975
33.00528,45.34291,-0.000885620671255083,45.3418709835464,-0.00192463712484847
33.01661,45.34029,-0.00350562067125537,45.34198099048,-0.0018146301912367
33.0279,45.34512,0.00132437932874296,45.3421188700851,-0.00167675058612142
33.0392,45.33569,-0.00810562067125886,45.34227074697,-0.00152487370128257
33.05053,45.34887,0.00507437932873955,45.3424292098078,-0.00136641086342588
33.06186,45.34255,-0.00124562067125567,45.3425935970768,-0.00120202359444306
33.0732,45.34793,0.00413437932873961,45.3427691461056,-0.00102647456568658
33.08451,45.3369,-0.00689562067125848,45.3429650352905,-0.000830585380798528
33.09582,45.34229,-0.00150562067126003,45.3431916194967,-0.000604001174542477
33.10714,45.34109,-0.00270562067125724,45.3434574932168,-0.000338127454428355
33.11847,45.34159,-0.00220562067126195,45.3437671294928,-2.84911784491212e-05
33.12979,45.34647,0.00267437932873804,45.3441195975021,0.000323976830828099
33.14114,45.35137,0.00757437932874439,45.3445084014099,0.000712780738634903
33.15248,45.34091,-0.00288562067125753,45.3449220995188,0.00112647884757703
33.16378,45.3411,-0.00269562067126117,45.3453452902245,0.00154966955327227
33.17509,45.34883,0.00503437932874107,45.3457597749064,0.00196415423518252
33.18642,45.3444,0.0006043793287418,45.346145938455,0.00235031778377932
33.19776,45.3485,0.0047043793287429,45.3464843724739,0.00268875180261089
33.2091,45.35087,0.007074379328742,45.3467575801041,0.00296195943281624
33.22043,45.34258,-0.00121562067126035,45.3469515019992,0.003155881327979
33.23174,45.34463,0.000834379328743751,45.3470567084413,0.0032610877700198
33.2431,45.34914,0.00534437932873999,45.3470693018847,0.00327368121344296
33.25444,45.34743,0.00363437932874433,45.3469916579693,0.00319603729802167
33.26578,45.34721,0.00341437932873845,45.3468330188511,0.00303739817981618
33.27707,45.3421,-0.00169562067125639,45.3466097791091,0.00281415843780399
33.2884,45.35494,0.0111443793287407,45.3463452268819,0.00254960621062291
33.29975,45.34449,0.000694379328741945,45.346068513686,0.0022728930147526
33.31111,45.34482,0.00102437932874011,45.3458126916967,0.0020170710254311
33.32244,45.34855,0.00475437932874456,45.3456118369324,0.00181621626118663
33.33375,45.33846,-0.0053356206712607,45.3454975677286,0.00170194705735899
33.34508,45.3483,0.00450437932874337,45.3454955102597,0.00169988958845566
33.35641,45.34452,0.000724379328744362,45.3456223021964,0.00182668152517169
33.36775,45.34843,0.004634379328742,45.3458835593205,0.00208793864921871
33.3791,45.34251,-0.00128562067126126,45.3462729919816,0.00247737131031031
33.3904,45.34666,0.00286437932874151,45.3467726986297,0.00297707795842884
33.40173,45.34477,0.000974379328738451,45.3473545969199,0.00355897624868886
33.41304,45.35366,0.0098643793287394,45.3479828573314,0.00418723666015504
33.42436,45.34954,0.00574437932873906,45.3486170194638,0.00482139879253333
33.4357,45.34558,0.00178437932873976,45.3492153228419,0.00541970217062509
33.44705,45.35247,0.00867437932873827,45.3497378323692,0.00594221169790424
33.45838,45.35117,0.00737437932874485,45.3501491519632,0.00635353129190517
33.46973,45.34584,0.00204437932874413,45.3504207193557,0.00662509868444026
33.48109,45.34865,0.00485437932874078,45.3505327610015,0.00673714033025867
33.49243,45.35259,0.00879437932874083,45.3504759556936,0.00668033502234306
33.50376,45.35159,0.00779437932874316,45.3502526853458,0.00645706467454884
33.51509,45.35851,0.0147143793287441,45.3498774861491,0.0060818654778353
33.52642,45.34712,0.0033243793287383,45.3493761830403,0.00558056236902428
33.53773,45.34841,0.00461437932874276,45.3487834351977,0.00498781452641947
33.54908,45.34064,-0.00315562067125796,45.348139004827,0.00434338415575704
33.56039,45.34798,0.00418437932874127,45.3474836339964,0.00368801332517378
33.57174,45.34398,0.000184379328743489,45.3468555766558,0.00305995598449837
33.58308,45.34735,0.00355437932874025,45.3462884757778,0.00249285510650108
33.59443,45.34772,0.00392437932874401,45.3458106389358,0.00201501826452904
33.60575,45.34845,0.00465437932874124,45.3454451978669,0.0016495771956812
33.61708,45.34714,0.00334437932874465,45.3452103637875,0.001414743116229
33.62843,45.34476,0.000964379328742382,45.3451190701633,0.00132344949203042
33.63974,45.34879,0.00499437932874258,45.3451776585664,0.00138203789515675
33.65106,45.34438,0.000584379328742557,45.3453837567962,0.00158813612493031
33.66238,45.34227,-0.00152562067125928,45.3457239718264,0.00192835115516621
33.67373,45.33932,-0.00447562067125773,45.3461723742091,0.00237675353785609
33.68508,45.33994,-0.00385562067125989,45.3466908582241,0.00289523755282484
33.69641,45.35011,0.00631437932874235,45.3472321376885,0.00343651701727607
33.70774,45.35231,0.00851437932874433,45.3477453231679,0.00394970249666448
33.71904,45.35339,0.00959437932873897,45.3481830089387,0.0043873882674645
33.73037,45.35269,0.00889437932874415,45.3485081157591,0.00471249508783272
33.74169,45.34949,0.0056943793287445,45.3486987777643,0.00490315709304623
33.75303,45.34492,0.00112437932874343,45.3487502681651,0.00495464749387104
33.76436,45.34964,0.00584437932874238,45.3486739079827,0.00487828731138922
33.77569,45.35067,0.00687437932874246,45.3484936421645,0.00469802149325952
33.78703,45.34565,0.00185437932874066,45.3482412985268,0.0044456778555123
33.79836,45.34471,0.000914379328740722,45.3479515784658,0.00415595779458825
33.8097,45.33929,-0.00450562067126015,45.3476577505436,0.00386212987235028
33.82105,45.35075,0.00695437932873944,45.3473888101121,0.00359318944085087
33.83239,45.34825,0.00445437932874171,45.3471683748236,0.00337275415237034
33.84372,45.35478,0.0109843793287396,45.3470148568535,0.00321923618229289
33.85506,45.35271,0.00891437932874339,45.3469418663267,0.00314624565540042
33.86637,45.34124,-0.00255562067125936,45.3469577739104,0.00316215323914004
33.87772,45.35185,0.00805437932874042,45.3470639704039,0.0032683497325992
33.88905,45.34244,-0.00135562067125505,45.3472522646353,0.00345664396403592
33.90035,45.33582,-0.00797562067126023,45.3475025744468,0.00370695377552884
33.91169,45.34839,0.00459437932874351,45.3477822766404,0.0039866559691756
33.92303,45.35673,0.0129343793287404,45.3480482053139,0.00425258464265385
33.93436,45.34313,-0.000665620671256306,45.3482514684183,0.00445584774700026
33.94569,45.34276,-0.00103562067126006,45.3483444165984,0.00454879592712119
33.95704,45.34972,0.00592437932873935,45.3482886443403,0.00449302366899293
33.96838,45.35207,0.0082743793287392,45.3480627426057,0.00426712193441256
33.97971,45.36322,0.0194243793287399,45.3476683263951,0.00387270572383178
33.99104,45.34909,0.00529437932873833,45.3471327262041,0.00333710553287137
34.00239,45.34089,-0.00290562067125677,45.3465071531734,0.00271153250215281
34.01373,45.34245,-0.00134562067125898,45.3458602976798,0.00206467700855662
34.02507,45.34328,-0.000515620671258432,45.345268665033,0.00147304436173166
34.0364,45.34503,0.00123437932874282,45.3448057193021,0.00101009863086711
34.04771,45.33602,-0.0077756206712607,45.3445318317425,0.00073621107122851
34.05904,45.35493,0.0111343793287446,45.3444864464258,0.000690825754494722
34.07039,45.34226,-0.00153562067125534,45.3446832171778,0.000887596506585539
34.08171,45.33869,-0.00510562067125875,45.3451083831691,0.00131276249782306
34.09303,45.34228,-0.0015156206712561,45.3457224207538,0.00192680008255241
34.10437,45.34741,0.00361437932874509,45.3464648988447,0.00266927817339945
34.1157,45.34932,0.00552437932874028,45.3472621697617,0.00346654909042333
34.12703,45.34528,0.00148437932874401,45.3480369652729,0.0042413446016766
34.13839,45.35808,0.0142843793287426,45.3487184246975,0.00492280402628381
34.14973,45.35183,0.00803437932874118,45.3492508630339,0.00545524236259137
34.16106,45.35297,0.00917437932874066,45.3495997827438,0.00580416207254979
34.1724,45.34458,0.000784379328742091,45.3497542169247,0.00595859625346178
34.18374,45.35123,0.00743437932874258,45.3497253261674,0.0059297054960911
34.19506,45.35304,0.00924437932874156,45.34954194331,0.00574632263875224
34.20639,45.34549,0.00169437932873961,45.3492441976307,0.00544857695941056
34.2177,45.34602,0.00222437932874442,45.3488764817473,0.00508086107606871
34.22902,45.34096,-0.00283562067125587,45.3484810248614,0.00468540419012774
34.24033,45.35123,0.00743437932874258,45.3480931897262,0.0042975690549779
34.25164,45.34753,0.00373437932874054,45.3477391631078,0.00394354243658773
34.26297,45.34697,0.00317437932874043,45.3474360072067,0.00364038653545756
34.27429,45.35355,0.00975437932874001,45.3471933933608,0.0033977726895234
34.28563,45.34753,0.00373437932874054,45.3470160308518,0.00322041018054396
34.29697,45.34246,-0.00133562067125581,45.3469058862431,0.003110265571814
34.30832,45.34834,0.00454437932874185,45.346863635781,0.00306801510973948
34.31965,45.35262,0.00882437932874325,45.3468891795973,0.00309355892600562
34.33101,45.34221,-0.001585620671257,45.3469812807501,0.00318566007888402
34.34233,45.35139,0.00759437932874363,45.3471365026504,0.00334088197910162
34.35364,45.34129,-0.0025056206712577,45.3473477657594,0.00355214508817793
34.36498,45.34634,0.00254437932873941,45.347603032934,0.00380741226276642
34.37634,45.35053,0.00673437932874066,45.3478846923396,0.00408907166829348
34.38765,45.34612,0.00232437932874063,45.3481700346905,0.00437441401919896
34.39898,45.348,0.00420437932874052,45.3484329085811,0.00463728790983605
34.41032,45.34857,0.00477437932874381,45.3486463595516,0.00485073888034001
34.42163,45.35366,0.0098643793287394,45.3487858957115,0.00499027504024398
34.43295,45.34116,-0.00263562067125633,45.3488329460341,0.00503732536285367
34.44427,45.34987,0.00607437932874433,45.348778060677,0.00498244000576808
34.45561,45.35147,0.0076743793287406,45.3486234055333,0.00482778486201621
34.46695,45.35705,0.0132543793287425,45.3483840411513,0.00458842048001238
34.47829,45.34762,0.00382437932874069,45.3480874081154,0.00429178744413526
34.48962,45.34068,-0.00311562067125948,45.3477706310095,0.00397501033823462
34.50096,45.35402,0.01022437932874,45.3474758081476,0.00368018747636495
34.51229,45.34258,-0.00121562067126035,45.3472440712984,0.00344845062713727
34.52361,45.34765,0.00385437932874311,45.3471095094634,0.00331388879218519
34.53493,45.3426,-0.00119562067126111,45.3470940285281,0.00329840785681292
34.54627,45.34338,-0.000415620671255112,45.3472040369906,0.00340841631937856
34.55756,45.35168,0.00788437932874331,45.3474295460376,0.00363392536630893
34.5689,45.34753,0.00373437932874054,45.3477458094949,0.00395018882364932
34.58026,45.34581,0.00201437932874171,45.3481171154359,0.00432149476461528
34.59155,45.35248,0.00868437932874144,45.3485019933124,0.00470637264110774
34.60288,45.34756,0.00376437932874296,45.3488590030055,0.00506338233424969
34.6142,45.34733,0.00353437932874101,45.3491523274273,0.00535670675605309
34.62551,45.35212,0.00832437932874086,45.3493564833703,0.00556086269904345
34.63683,45.35246,0.0086643793287422,45.3494595472043,0.0056639265330134
34.64814,45.35337,0.00957437932873972,45.3494643720172,0.00566875134593937
34.65946,45.34635,0.00255437932874258,45.3493874474567,0.0055918267854506
34.6708,45.35483,0.0110343793287413,45.349255429625,0.00545980895376703
34.68212,45.347,0.00320437932874285,45.349099898241,0.00530427756974414
34.69341,45.33611,-0.00768562067126055,45.3489514015776,0.00515578090633724
34.70473,45.34909,0.00529437932873833,45.3488341360258,0.00503851535454058
34.71606,45.35229,0.00849437932874508,45.3487624807493,0.00496686007802453
34.72739,45.34767,0.00387437932874235,45.3487399827908,0.00494436211955924
34.73872,45.35271,0.00891437932874339,45.3487605416506,0.00496492097929828
34.75003,45.34789,0.00409437932874113,45.3488109723027,0.00501535163148425
34.76132,45.34816,0.00436437932874156,45.3488740522551,0.00507843158382807
34.77263,45.35181,0.00801437932874194,45.3489313966302,0.00513577595895514
34.78396,45.34972,0.00592437932873935,45.3489657865925,0.00517016592125384
34.79529,45.34767,0.00387437932874235,45.348962796243,0.00516717557172885
34.80661,45.34327,-0.000525620671261606,45.348911749762,0.00511612909077803
34.81795,45.35425,0.0104543793287419,45.348806185892,0.00501056522078172
34.82928,45.34859,0.00479437932874305,45.3486440109237,0.00484839025244636
34.84063,45.35144,0.00764437932873818,45.3484273731651,0.00463175249387518
34.85196,45.34521,0.00141437932874311,45.3481621829486,0.00436656227733055
34.86333,45.34714,0.00334437932874465,45.3478573061579,0.00406168548662722
34.87466,45.34383,3.43793287385097e-05,45.3475236895312,0.00372806885995175
34.88602,45.34711,0.00331437932874223,45.3471737843077,0.00337816363645598
34.89735,45.34464,0.000844379328739819,45.3468214727819,0.00302585211068812
34.90869,45.35423,0.0104343793287427,45.346482324802,0.00268670413069734
34.92,45.34879,0.00499437932874258,45.3461736195911,0.00237799891982151
34.93134,45.34991,0.00611437932874281,45.3459134232906,0.00211780261935717
34.94267,45.34782,0.00402437932874022,45.3457183115854,0.00192269091417427
34.95402,45.32802,-0.0157756206712563,45.3456000344536,0.00180441378236588
34.96536,45.34817,0.00437437932874474,45.3455621831859,0.00176656251466115
34.9767,45.3461,0.00230437932874139,45.3455982184579,0.001802597786647
34.98803,45.34296,-0.000835620671260529,45.345691773106,0.00189615243473423
34.99936,45.3511,0.00730437932874395,45.3458192350001,0.00202361432887875
35.01072,45.34647,0.00267437932873804,45.3459538328264,0.00215821215516385
35.02206,45.34613,0.00233437932874381,45.3460701284823,0.00227450781103676
35.03341,45.35175,0.00795437932874421,45.346147915798,0.00235229512675568
35.04474,45.3413,-0.00249562067126163,45.3461748590194,0.00237923834810832
35.05608,45.34655,0.00275437932874212,45.3461476248592,0.00235200418791167
35.06742,45.34752,0.00372437932874448,45.3460716361529,0.00227601548167444
35.07872,45.34234,-0.00145562067125837,45.3459597896212,0.00216416894991799
35.09005,45.34751,0.0037143793287413,45.3458305014693,0.00203488079800383
35.10137,45.34889,0.0050943793287388,45.3457053452738,0.00190972460249752
35.11272,45.3477,0.00390437932874477,45.3456064416076,0.00181082093632728
35.12404,45.33903,-0.00476562067125741,45.345553757804,0.00175813713272934
35.13538,45.34458,0.000784379328742091,45.3455626269862,0.00176700631498316
35.14673,45.34211,-0.00168562067126032,45.3456419607388,0.00184634006756747
35.15806,45.34941,0.00561437932874043,45.3457935497132,0.00199792904192633
35.16941,45.34941,0.00561437932874043,45.3460124497281,0.00221682905688874
35.18076,45.34772,0.00392437932874401,45.3462879947695,0.00249237409820416
35.1921,45.35003,0.00623437932873827,45.3466048112157,0.00280919054447609
35.20343,45.34625,0.00245437932873926,45.3469434649457,0.00314784427440427
35.21475,45.33797,-0.00582562067125991,45.3472809080982,0.00348528742698819
35.22609,45.34214,-0.00165562067125791,45.3475913908509,0.00379577017967465
35.23743,45.35036,0.00656437932874354,45.3478486129991,0.0040529923278311
35.24873,45.34856,0.00476437932874063,45.3480294087464,0.0042337880751117
35.26005,45.3553,0.0115043793287413,45.3481183777355,0.00432275706425751
35.27135,45.34862,0.00482437932873836,45.3481121300168,0.00431650934552107
35.28269,45.35445,0.0106543793287415,45.3480216471561,0.0042260264848103
35.29401,45.34886,0.00506437932874348,45.3478717205921,0.00407609992087319
35.30533,45.34489,0.00109437932874101,45.3476972648821,0.00390164421083427
35.31666,45.34199,-0.00180562067125578,45.3475372096082,0.00374158893696809
35.32797,45.34679,0.00299437932874014,45.3474273509498,0.00363173027849621
35.33932,45.34953,0.00573437932874299,45.3473937476213,0.00359812695004156
35.35064,45.34254,-0.00125562067125884,45.3474479541254,0.00365233345411198
35.36196,45.34441,0.000614379328744974,45.3475848536304,0.00378923295914518
35.37329,45.35192,0.00812437932874133,45.3477833502458,0.0039877295745666
35.38464,45.34354,-0.00025562067126117,45.3480097442449,0.00421412357364446
35.39597,45.35115,0.0073543793287385,45.3482231932466,0.00442757257530339
35.40729,45.34882,0.005024379328745,45.3483823143622,0.00458669369090289
35.41862,45.35272,0.00892437932873946,45.3484517962567,0.00465617558548524
35.42995,45.34894,0.00514437932874046,45.3484078939986,0.00461227332739075
35.44129,45.35096,0.00716437932874214,45.3482418889735,0.00444626830222147
35.45264,45.34454,0.000744379328743605,45.3479610033006,0.00416538262937006
35.46396,45.35351,0.00971437932874153,45.3475867601743,0.00379113950305032
35.47528,45.34147,-0.00232562067125741,45.3471512260279,0.00335560535659819
35.48663,45.35027,0.0064743793287434,45.3466918755138,0.00289625484251897
35.49796,45.3397,-0.0040956206712579,45.3462459922674,0.00245037159616461
35.50932,45.34824,0.00444437932873853,45.3458455619804,0.00204994130914047
35.52066,45.34332,-0.000475620671259946,45.3455134987558,0.00171787808450117
35.53201,45.34026,-0.00353562067125779,45.3452617733307,0.0014661526594039
35.54332,45.34584,0.00204437932874413,45.3450916396549,0.00129601898363322
35.55465,45.35032,0.00652437932874506,45.3449957290628,0.00120010839150281
35.56598,45.34584,0.00204437932874413,45.3449613478944,0.00116572722309466
35.57732,45.34446,0.000664379328739528,45.3449740325648,0.00117841189351388
35.58866,45.34812,0.00432437932874308,45.3450204656415,0.00122484497024193
35.59999,45.34001,-0.00378562067125898,45.345090200514,0.00129457984276654
35.61131,45.35204,0.00824437932874389,45.3451760396356,0.00138041896438276
35.62264,45.34613,0.00233437932874381,45.345273185702,0.0014775650307805
35.63396,45.3417,-0.00209562067125546,45.3453774681427,0.00158184747148748
35.64531,45.33686,-0.00693562067125697,45.345483151405,0.00168753073372464
35.65665,45.35315,0.00935437932874095,45.3455810102828,0.00178538961150882
35.66798,45.34787,0.00407437932874188,45.3456572937363,0.00186167306501731
35.67933,45.34304,-0.000755620671256452,45.3456938581536,0.00189823748230963
35.69066,45.34134,-0.00245562067125604,45.3456694491227,0.00187382845145444
35.702,45.34546,0.0016643793287443,45.3455620806989,0.00176646002766756
35.71334,45.34104,-0.0027556206712589,45.3453524981605,0.00155687748925131
35.72465,45.35052,0.00672437932874459,45.3450284944673,0.00123287379603174
35.73598,45.3465,0.00270437932874046,45.3445893921104,0.000793771439135936
35.7473,45.34808,0.00428437932874459,45.3440495998029,0.000253979131605066
35.75863,45.34317,-0.000625620671257821,45.3434400933642,-0.000355527307102812
35.76995,45.3477,0.00390437932874477,45.3428070266724,-0.000988593998822181
35.78126,45.342,-0.00179562067125971,45.3422073058786,-0.00158831479267003
35.79259,45.34055,-0.00324562067125811,45.3417016475617,-0.00209397310955005
35.80391,45.33359,-0.0102056206712575,45.3413462454818,-0.00244937518946382
35.81524,45.34373,-6.56206712577045e-05,45.3411845625193,-0.00261105815198548
35.82656,45.33527,-0.00852562067125717,45.3412407850061,-0.00255483566514355
35.83788,45.34444,0.000644379328740285,45.3415160807516,-0.00227953991967862
35.84922,45.33997,-0.00382562067125747,45.3419881690718,-0.00180745159949847
35.86056,45.33992,-0.00387562067125913,45.342614101272,-0.00118151939923587
35.87189,45.34641,0.00261437932874031,45.3433356971647,-0.000459923506547986
35.88323,45.34209,-0.00170562067125957,45.3440867681745,0.000291147503283214
35.89455,45.35246,0.0086643793287422,45.3448010327018,0.00100541203052765
35.90593,45.34582,0.00202437932874489,45.3454195340387,0.00162391336742413
35.91726,45.34262,-0.00117562067126187,45.345896511188,0.00210089051669691
35.92861,45.34882,0.005024379328745,45.3462030677158,0.00240744704450643
35.93996,45.34642,0.00262437932874349,45.3463284643364,0.0025328436651129
35.9513,45.35064,0.00684437932874005,45.346279209198,0.00248358852675026
35.96263,45.34132,-0.00247562067125529,45.3460763103682,0.00228068969690967
35.97395,45.34605,0.00225437932873973,45.3457512299865,0.00195560931528911
35.98528,45.34238,-0.00141562067125989,45.3453412795835,0.00154565891221137
35.9966,45.34235,-0.0014456206712552,45.3448852767501,0.00108965607879545
36.00792,45.34731,0.00351437932874177,45.3444201166748,0.000624496003531955
36.01925,45.34456,0.000764379328742848,45.3439785470236,0.000182926352341425
36.03057,45.34032,-0.00347562067126006,45.3435880528084,-0.000207567862893399
36.0419,45.34809,0.00429437932874066,45.3432705257471,-0.000525094924203809
36.05323,45.34039,-0.00340562067125916,45.3430423400105,-0.000753280660733557
36.06456,45.34392,0.000124379328738655,45.3429144999506,-0.000881120720625794
36.0759,45.34785,0.00405437932874264,45.3428926022209,-0.000903018450313139
36.08725,45.33996,-0.00383562067126064,45.3429764724866,-0.000819148184625733
36.09859,45.3415,-0.00229562067125499,45.3431595227628,-0.000636097908480122
36.10995,45.34595,0.00215437932874352,45.3434281095337,-0.000367511137518563
36.12128,45.33853,-0.0052656206712598,45.3437613524201,-3.42682511357978e-05
36.13263,45.34111,-0.00268562067125799,45.3441318852395,0.000336264568201304
36.14394,45.34543,0.00163437932874189,45.3445078256739,0.000712205002596686
36.15525,45.34868,0.00488437932874319,45.3448558918899,0.00106027121865391
36.16659,45.3481,0.00430437932874383,45.345145155602,0.00134953493074869
36.1779,45.34282,-0.000975620671255228,45.3453506248133,0.00155500414203606
36.18922,45.34676,0.00296437932874483,45.3454558991212,0.00166027844993614
36.20055,45.34361,-0.000185620671260267,45.3454544676857,0.00165884701443987
36.21185,45.3498,0.00600437932874343,45.345349550796,0.00155393012471338
36.22317,45.34904,0.00524437932874378,45.3451525620022,0.00135694133097812
36.23451,45.34243,-0.00136562067125823,45.3448803924821,0.00108477181084791
36.24586,45.33792,-0.00587562067126157,45.3445519739445,0.000756353273227826
36.2572,45.3408,-0.00299562067125692,45.3441849271697,0.000389306498409502
36.26854,45.34525,0.0014543793287416,45.3437932447188,-2.37595244810983e-06
36.27987,45.34666,0.00286437932874151,45.3433866342615,-0.00040898640973919
36.29123,45.34203,-0.0017656206712573,45.3429715107716,-0.000824109899652724
36.30254,45.34176,-0.00203562067125773,45.3425531036773,-0.00124251699400342
36.31384,45.34021,-0.00358562067125945,45.3421379912805,-0.00165762939077246
36.32515,45.34523,0.00143437932874235,45.3417364553806,-0.00205916529063931
36.33644,45.34609,0.00229437932873822,45.3413641134259,-0.00243150724534742
36.34775,45.33828,-0.00551562067126099,45.3410423036847,-0.00275331698660885
36.35908,45.34688,0.00308437932874028,45.3407968456143,-0.00299877505699384
36.37042,45.33501,-0.00878562067126154,45.3406551706807,-0.0031404499905511
36.38175,45.33962,-0.00417562067126198,45.3406422951793,-0.00315332549196627
36.39308,45.34051,-0.00328562067125659,45.3407764649946,-0.00301915567664329
36.40442,45.34035,-0.00344562067125764,45.3410653919616,-0.00273022870966309
36.41574,45.33977,-0.004025620671257,45.3415038231766,-0.00229179749465184
36.42707,45.342,-0.00179562067125971,45.3420728737888,-0.00172274688245268
36.43842,45.33865,-0.00514562067125723,45.3427412454867,-0.00105437518459496
36.44974,45.3493,0.00550437932874104,45.3434681693586,-0.000327451312676161
36.46107,45.34101,-0.00278562067126131,45.3442076291928,0.000412008521528904
36.47239,45.34786,0.00406437932873871,45.3449131869514,0.00111756628011423
36.48372,45.34682,0.00302437932874255,45.3455426410833,0.00174702041204024
36.49505,45.34898,0.00518437932873894,45.3460618349933,0.00226621432203763
36.50639,45.3434,-0.00039562067125587,45.3464471597849,0.00265153911365984
36.51769,45.34579,0.00199437932874247,45.3466866084438,0.00289098777258005
36.52901,45.34761,0.00381437932874462,45.3467795446135,0.00298392394222629
36.54034,45.34739,0.00359437932873874,45.3467355136222,0.00293989295097273
36.55165,45.35079,0.00699437932874503,45.3465724110986,0.00277679042734732
36.56299,45.33952,-0.0042756206712582,45.3463142732778,0.00251865260657406
36.5743,45.34374,-5.56206712616358e-05,45.3459890028161,0.00219338214481426
36.58565,45.34441,0.000614379328744974,45.3456264233699,0.00183080269862728
36.597,45.35002,0.0062243793287422,45.3452569427723,0.00146132210103146
36.60835,45.34647,0.00267437932873804,45.3449107367776,0.00111511610638085
36.6197,45.34678,0.00298437932874407,45.3446169994764,0.000821378805128141
36.63105,45.34164,-0.00215562067126029,45.3444027604478,0.000607139776513807
36.64236,45.34624,0.0024443793287432,45.3442910754655,0.000495454794210922
36.65371,45.34452,0.000724379328744362,45.3442988102893,0.000503189618033091
36.66505,45.33623,-0.00756562067125799,45.3444345149133,0.000638894242089154
36.67638,45.34623,0.00243437932874002,45.3446969508579,0.000901330186636471
36.68769,45.34862,0.00482437932873836,45.3450746784599,0.00127905778865314
36.69903,45.34544,0.00164437932874506,45.3455467580952,0.00175113742397826
36.71034,45.34667,0.00287437932874468,45.3460842439921,0.00228862332081555
36.72168,45.34988,0.0060843793287404,45.3466520072128,0.00285638654149279
36.73301,45.34106,-0.00273562067125965,45.3472105757309,0.00341495505964723
36.74434,45.35246,0.0086643793287422,45.3477179505355,0.0039223298642536
36.75565,45.34876,0.00496437932874016,45.3481315599414,0.00433593927009688
36.76698,45.34267,-0.00112562067126021,45.3484105946122,0.00461497394091841
36.77833,45.34531,0.00151437932873932,45.3485189694597,0.00472334878843167
36.78965,45.349,0.00520437932873818,45.3484290838765,0.00463346320525984
36.80102,45.34908,0.00528437932874226,45.3481262864934,0.00433066582209842
36.81234,45.34568,0.00188437932874308,45.3476134708094,0.00381785013812146
36.82367,45.35313,0.0093343793287417,45.3469147378723,0.00311911720102893
36.83498,45.359,0.0152043793287433,45.3460768114642,0.0022811907929569
36.84632,45.33937,-0.00442562067125607,45.3451670303416,0.00137140967035626
36.85765,45.34926,0.00546437932874255,45.3442673679853,0.000471747314024398
36.86899,45.33529,-0.00850562067125793,45.3434649691935,-0.000330651477784047
36.88034,45.3423,-0.00149562067125686,45.3428407404472,-0.000954880224090881
36.89165,45.33865,-0.00514562067125723,45.3424581007935,-0.00133751987771409
36.90298,45.34123,-0.00256562067125543,45.3423539232407,-0.00144169743054594
36.91431,45.33932,-0.00447562067125773,45.3425331547672,-0.00126246590407883
36.92564,45.34106,-0.00273562067125965,45.3429678779803,-0.000827742691007346
36.93696,45.3413,-0.00249562067126163,45.3436008519176,-0.000194768753710065
36.94827,45.35155,0.00775437932874468,45.3443528987743,0.000557278103014409
36.95964,45.34557,0.00177437932874369,45.345132933231,0.00133731255971344
36.97099,45.34778,0.00398437932874174,45.3458491046392,0.00205348396796069
36.98234,45.34425,0.000454379328743926,45.3464195857557,0.00262396508447848
36.99366,45.34272,-0.00107562067125855,45.3467819272618,0.0029863065905679
37.005,45.34504,0.00124437932873889,45.346900295932,0.00310467526075156
37.01633,45.35881,0.0150143793287398,45.3467700269363,0.00297440626507263
37.02766,45.35225,0.00845437932873949,45.3464187524018,0.00262313173058796
37.03901,45.34714,0.00334437932874465,45.3459033023404,0.00210768166917713
37.05033,45.34495,0.00115437932873874,45.3453020611607,0.00150644048946471
37.06168,45.33804,-0.00575562067125901,45.3447035162747,0.000907895603462483
37.07302,45.34325,-0.000545620671260849,45.344192832064,0.000397211392749261
37.08433,45.33853,-0.0052656206712598,45.3438388437114,4.32230401629863e-05
37.09565,45.34469,0.000894379328741479,45.3436837134358,-0.000111907235466989
37.10699,45.34024,-0.00355562067125703,45.3437368454001,-5.87752711450003e-05
37.11833,45.33987,-0.00392562067126079,45.3439738506722,0.000178230000980158
37.12967,45.34357,-0.000225620671258753,45.344340599956,0.000544979284709101
37.141,45.34675,0.00295437932874165,45.3447617203822,0.000966099710931019
37.15234,45.34961,0.00581437932873996,45.345152254522,0.00135663385076376
37.16367,45.33887,-0.00492562067125846,45.3454306992941,0.00163507862285677
37.175,45.35427,0.0104743793287412,45.3455314380453,0.00173581737399533
37.18635,45.3541,0.0103043793287441,45.34541468722,0.00161906654872192
37.19764,45.34451,0.000714379328741188,45.3450724205938,0.0012767999225781
37.20901,45.3411,-0.00269562067126117,45.3445293481712,0.000733727499918068
37.22029,45.34882,0.005024379328745,45.3438389390711,4.33183998845413e-05
37.23163,45.34054,-0.00325562067126128,45.3430754213433,-0.000720199327924688
37.24295,45.34259,-0.00120562067125718,45.3423233174651,-0.00147230320620753
37.25428,45.32725,-0.0165456206712591,45.3416663270329,-0.00212929363835828
37.2656,45.3446,0.000804379328741334,45.3411773382223,-0.00261828244897844
37.27692,45.34234,-0.00145562067125837,45.3409109657223,-0.00288465494897519
37.28825,45.34204,-0.00175562067126123,45.3408992339733,-0.00289638669800047
37.29956,45.35117,0.00737437932874485,45.3411501720088,-0.00264544866244297
37.31094,45.32919,-0.0146056206712615,45.3416486523589,-0.00214696831233572
37.32227,45.34067,-0.00312562067125555,45.3423589497236,-0.00143667094767395
37.33362,45.3437,-9.56206712601215e-05,45.343228867584,-0.000566753087274076
37.34496,45.34451,0.000714379328741188,45.3441953656905,0.000399745019275199
37.3563,45.34883,0.00503437932874107,45.3451912493978,0.00139562872654065
37.36765,45.34931,0.00551437932874421,45.3461519806377,0.00235635996646547
37.37898,45.35058,0.00678437932874232,45.3470214721724,0.00322585150113678
37.39032,45.34795,0.00415437932873886,45.3477559813622,0.00396036069089754
37.40167,45.34059,-0.00320562067125962,45.3483258003331,0.00453017966179171
37.41302,45.35395,0.0101543793287391,45.3487150791667,0.00491945849544828
37.42436,45.34342,-0.000375620671256627,45.348920514845,0.00512489417371591
37.43572,45.34684,0.0030443793287418,45.348949636454,0.00515401578276115
37.44704,45.3539,0.0101043793287445,45.3488191160612,0.00502349538992336
37.45838,45.3502,0.00640437932874249,45.3485531461897,0.00475752551846052
37.4697,45.34658,0.00278437932874454,45.3481816314843,0.00438601081306455
37.48105,45.35066,0.00686437932873929,45.3477378872935,0.00394226662219805
37.49237,45.34756,0.00376437932874296,45.3472557446944,0.0034601240231761
37.50369,45.34611,0.00231437932874456,45.3467662857247,0.00297066505341714
37.51498,45.34499,0.00119437932874433,45.3462947236412,0.00249910296997595
37.52633,45.34133,-0.00246562067125922,45.3458581437941,0.00206252312288046
37.53765,45.33477,-0.00902562067125956,45.3454648624972,0.00166924182589822
37.549,45.34966,0.00586437932874162,45.3451158992426,0.00132027857136341
37.56035,45.35217,0.00837437932874252,45.3448083923057,0.00101277163443944
37.57168,45.34851,0.00471437932873897,45.3445398980914,0.000744277420096667
37.58301,45.35168,0.00788437932874331,45.3443119184629,0.000516297791593785
37.59435,45.34213,-0.00166562067126108,45.3441311774347,0.000335556763416938
37.60568,45.3406,-0.00319562067125645,45.344008091336,0.000212470664697549
37.617,45.34315,-0.000645620671257063,45.3439530335744,0.00015741290310497
37.62831,45.34225,-0.00154562067125852,45.3439718216649,0.000176200993615857
37.63963,45.33201,-0.0117856206712617,45.344062082088,0.00026646141669323
37.65096,45.34233,-0.00146562067126155,45.3442118234196,0.000416202748340353
37.66228,45.35261,0.00881437932874007,45.3444008019966,0.000605181325331919
37.6736,45.34673,0.00293437932874241,45.3446042459198,0.000808625248554296
37.68495,45.3497,0.00590437932874011,45.3447975767233,0.00100195605201517
37.69629,45.35261,0.00881437932874007,45.3449604408327,0.00116482016147431
37.7076,45.34047,-0.00332562067125508,45.3450788342917,0.00128321362047082
37.71896,45.33742,-0.00637562067125685,45.3451450924939,0.00134947182262944
37.73027,45.34341,-0.000385620671259801,45.3451565037462,0.00136088307493913
37.74159,45.34407,0.000274379328743635,45.3451137919438,0.00131817127255072
37.75292,45.34394,0.000144379328745003,45.3450204695917,0.00122484892042343
37.76427,45.34956,0.0057643793287383,45.3448833234548,0.00108770278353823
37.77561,45.34293,-0.00086562067125584,45.3447135599253,0.000917939254010922
37.78694,45.35139,0.00759437932874363,45.3445277499639,0.000732129292653274
37.79827,45.34396,0.000164379328744246,45.3443477321774,0.000552111506150609
37.80961,45.3457,0.00190437932874232,45.3441989685826,0.000403347911353418
37.82097,45.34171,-0.00208562067125939,45.3441073733304,0.000311752659125098
37.8323,45.33838,-0.00541562067125767,45.3440951794768,0.000299558805527509
37.84366,45.34845,0.00465437932874124,45.3441767584908,0.000381137819591147
37.855,45.3428,-0.000995620671261577,45.3443553118599,0.00055969118864605
37.86633,45.34036,-0.00343562067126157,45.3446210707613,0.000825450090021817
37.87766,45.34851,0.00471437932873897,45.3449512854751,0.00115566480385831
37.88903,45.34721,0.00341437932873845,45.3453120095434,0.00151638887210194
37.90036,45.33923,-0.00456562067125788,45.3456614891689,0.00186586849768187
37.91166,45.34471,0.000914379328740722,45.3459548433059,0.00215922263460173
37.92298,45.34982,0.00602437932874267,45.3461496271042,0.0023540064329079
37.9343,45.34347,-0.000325620671254967,45.3462116919496,0.00241607127829814
37.94564,45.35438,0.0105843793287406,45.3461204698323,0.00232484916099186
37.95697,45.34401,0.000214379328738801,45.3458726158537,0.00207699518247422
37.96831,45.35632,0.0125243793287382,45.3454830517659,0.00168743109462371
37.97966,45.34167,-0.00212562067125788,45.3449829169581,0.00118729628687836
37.991,45.34025,-0.00354562067126096,45.344414677913,0.000619057241772249
38.00229,45.33886,-0.00493562067126163,45.3438254792628,2.98585915774521e-05
38.01363,45.33653,-0.00726562067125514,45.3432603879955,-0.000535232675760353
38.02496,45.34695,0.00315437932874119,45.3427571431709,-0.00103847750039667
38.0363,45.34166,-0.00213562067126105,45.3423433507443,-0.00145226992692387
38.04762,45.34602,0.00222437932874442,45.3420361319249,-0.0017594887463284
38.05893,45.33911,-0.00468562067126044,45.3418435357979,-0.00195208487335393
38.07026,45.34045,-0.00334562067126143,45.3417667979411,-0.00202882273016925
38.0816,45.3511,0.00730437932874395,45.3418026362912,-0.00199298438003138
38.09292,45.33876,-0.00503562067125785,45.3419449732532,-0.00185064741810402
38.10424,45.34135,-0.00244562067125997,45.3421856918848,-0.00160992878643196
38.11557,45.34407,0.000274379328743635,45.3425143532841,-0.00128126738715783
38.12691,45.34513,0.00133437932873903,45.3429171799612,-0.000878440710084211
38.13824,45.33428,-0.00951562067125877,45.3433758820988,-0.000419738572436663
38.14955,45.33878,-0.0050156206712586,45.3438669928299,7.137215866917e-05
38.1609,45.35507,0.0112743793287393,45.3443622528842,0.000566632212948101
38.17221,45.34218,-0.00161562067125942,45.3448301834762,0.00103456280492309
38.18355,45.34872,0.00492437932874168,45.3452384582341,0.00144283756285324
38.19486,45.34869,0.00489437932873926,45.3455564269218,0.00176080625050393
38.20618,45.33656,-0.00723562067125982,45.3457573565075,0.00196173583625042
38.21752,45.3429,-0.000895620671258257,45.3458204015195,0.00202478084821595
38.22884,45.3502,0.00640437932874249,45.345732583432,0.00193696276078519
38.24019,45.34642,0.00262437932874349,45.3454909059916,0.00169528532035511
38.2515,45.34226,-0.00153562067125534,45.3451042783768,0.00130865770555958
38.26284,45.35513,0.0113343793287441,45.3445945426844,0.000798922013180275
38.27417,45.3443,0.00050437932873848,45.3439958772226,0.000200256551389568
38.28548,45.34279,-0.00100562067125765,45.3433521764852,-0.000443444186045255
38.29683,45.33649,-0.00730562067126073,45.3427125930327,-0.00108302763858026
38.30817,45.33885,-0.0049456206712577,45.3421260678777,-0.00166955279359745
38.31952,45.34463,0.000834379328743751,45.341636020734,-0.00215959993725354
38.33085,45.342,-0.00179562067125971,45.3412761910312,-0.00251942964006099
38.34219,45.33751,-0.00628562067125671,45.3410681006064,-0.00272752006485873
38.3535,45.34244,-0.00135562067125505,45.3410201490795,-0.00277547159173329
38.36482,45.34127,-0.00252562067125695,45.3411281338551,-0.00266748681620848
38.37614,45.34245,-0.00134562067125898,45.3413768978935,-0.00241872277772862
38.38748,45.34039,-0.00340562067125916,45.3417427356118,-0.00205288505949747
38.39879,45.34327,-0.000525620671261606,45.3421961536515,-0.0015994670197884
38.41013,45.34968,0.00588437932874086,45.3427046231272,-0.00109099754408214
38.42144,45.33572,-0.00807562067125644,45.343235067006,-0.000560553665267127
38.43279,45.34072,-0.00307562067126099,45.343756011981,-3.96086902239512e-05
38.4441,45.34557,0.00177437932874369,45.3442395416012,0.000443920929951013
38.4554,45.34689,0.00309437932874346,45.3446632162195,0.000867595548191143
38.46673,45.34426,0.000464379328739994,45.3450118723801,0.00121625170888455
38.47807,45.34885,0.00505437932874031,45.3452788894498,0.00148326877857471
38.48941,45.34431,0.000514379328741654,45.3454664024004,0.00167078172912709
38.50075,45.35018,0.00638437932874325,45.3455840990549,0.00178847838364875
38.51207,45.34941,0.00561437932874043,45.3456465531405,0.00185093246921257
38.52342,45.33773,-0.00606562067125793,45.3456694433017,0.00187382263045656
38.53473,45.34131,-0.00248562067125846,45.3456654597249,0.00186983905362657
38.54602,45.34216,-0.00163562067125866,45.3456410323748,0.00184541170353633
38.55733,45.34892,0.00512437932874121,45.3455949328383,0.00179931216702631
38.56867,45.34539,0.0015943793287434,45.3455192133954,0.00172359272418377
38.58,45.34492,0.00112437932874343,45.3454021668482,0.00160654617691376
38.5913,45.3486,0.00480437932873912,45.3452324502874,0.00143682961615932
38.60262,45.34349,-0.000305620671255724,45.3450033634396,0.00120774276835719
38.61392,45.34558,0.00178437932873976,45.3447163740968,0.000920753425507203
38.62525,45.34815,0.00435437932873839,45.3443831768765,0.000587556205200912
38.63658,45.3441,0.000304379328738946,45.3440257883961,0.000230167724833292
38.6479,45.34972,0.00592437932873935,45.3436744360871,-0.000121184584113462
38.65922,45.34319,-0.000605620671258578,45.3433633564633,-0.000432264207947367
38.67058,45.33658,-0.00721562067126058,45.3431251245304,-0.000670496140823225
38.68191,45.3354,-0.00839562067125854,45.3429846897967,-0.000810930874606703
38.69323,45.34161,-0.00218562067125561,45.3429546047079,-0.000841015963322379
38.70456,45.34862,0.00482437932873836,45.3430326852322,-0.000762935439052315
38.71592,45.34324,-0.000555620671256918,45.34320256319,-0.000593057481230511
38.72726,45.34085,-0.00294562067125526,45.3434367406291,-0.000358880042135815
38.7386,45.34453,0.000734379328740431,45.3437013144744,-9.43061968501336e-05
38.74991,45.33755,-0.00624562067125822,45.3439615186385,0.000165897967236646
38.76124,45.35486,0.0110643793287437,45.3441872837786,0.000391663107314419
38.77255,45.34893,0.00513437932874439,45.3443579227959,0.000562302124681216
38.78388,45.34285,-0.000945620671259917,45.3444649759907,0.00066935531947242
38.79522,45.34396,0.000164379328744246,45.3445125163802,0.000716895708917777
38.80658,45.34844,0.00464437932873807,45.3445148742042,0.000719253532904466
38.81791,45.33799,-0.00580562067126067,45.3444924642522,0.000696843580895405
38.82927,45.33758,-0.00621562067125581,45.3444668504992,0.000671229827962265
38.84059,45.34938,0.00558437932873801,45.3444562542524,0.000660633581172023
38.8519,45.34502,0.00122437932873964,45.3444724148296,0.00067679415833853
38.86325,45.34182,-0.00197562067126,45.344519158055,0.000723537383768952
38.8746,45.34591,0.00211437932874503,45.3445925110917,0.000796890420400382
38.88591,45.34501,0.00121437932874358,45.3446819541742,0.00088633350299257
38.89724,45.34813,0.00433437932873915,45.3447723612924,0.000976740621145483
38.90858,45.34632,0.00252437932874017,45.3448462139708,0.0010505932995156
38.91988,45.33762,-0.00617562067125732,45.3448857882529,0.00109016758159203
38.93124,45.34731,0.00351437932874177,45.3448752386292,0.00107961795797746
38.94252,45.34316,-0.000635620671260995,45.344802684755,0.00100706408372417
38.95385,45.34343,-0.000365620671260558,45.344662357634,0.000866736962747142
38.96518,45.34666,0.00286437932874151,45.3444565930019,0.000660972330618373
38.9765,45.35009,0.0062943793287431,45.3441971626919,0.000401542020598545
38.98784,45.34486,0.0010643793287386,45.3439052965216,0.000109675850311526
38.99921,45.34731,0.00351437932874177,45.3436098929794,-0.000185727691825255
39.01056,45.33316,-0.010635620671259,45.3433438855686,-0.000451735102640371
39.02189,45.34641,0.00261437932874031,45.3431393558035,-0.00065626486779595
39.03323,45.34266,-0.00113562067125628,45.3430224165873,-0.000773204083973988
39.04456,45.34147,-0.00232562067125741,45.3430089014344,-0.000786719236890617
39.0559,45.34145,-0.00234562067125665,45.343101598523,-0.000694022148303394
39.06721,45.33811,-0.00568562067125811,45.3432894332385,-0.000506187432779086
39.07857,45.34911,0.00531437932874468,45.3435487123505,-0.000246908320720631
39.08992,45.34499,0.00119437932874433,45.3438462075353,5.05868640331572e-05
39.10126,45.34113,-0.00266562067125875,45.3441435007307,0.000347880059398582
39.11258,45.3475,0.00370437932873813,45.3444018216868,0.000606201015545032
39.12391,45.3464,0.00260437932874424,45.3445866591377,0.000791038466429895
39.13524,45.34211,-0.00168562067126032,45.3446716041754,0.000875983504127292
39.14656,45.34799,0.00419437932874445,45.3446410738431,0.000845453171827686
39.15791,45.34402,0.000224379328741975,45.34449175539,0.000696134718711389
39.16923,45.34079,-0.00300562067126009,45.3442328021664,0.000437181495099942
39.18055,45.34476,0.000964379328742382,45.3438849586349,8.93379636166123e-05
39.19185,45.3429,-0.000895620671258257,45.3434788436158,-0.000316777055451524
39.20317,45.34498,0.00118437932874116,45.3430525435151,-0.000743077156165462
39.21451,45.3469,0.00310437932873953,45.3426485140188,-0.00114710665243146
39.22583,45.34272,-0.00107562067125855,45.3423097180032,-0.00148590266808883
39.23717,45.33947,-0.00432562067125986,45.342075080079,-0.00172054059227477
39.2485,45.33511,-0.00868562067125822,45.3419746898065,-0.00182093086471788
39.25983,45.35,0.00620437932874296,45.3420255099695,-0.00177011070171835
39.27116,45.33786,-0.0059356206712593,45.3422283883213,-0.00156723234991788
39.28248,45.34287,-0.000925620671260674,45.3425669287269,-0.00122869194433396
39.29383,45.33668,-0.00711562067125726,45.3430084941995,-0.000787126471735688
39.30518,45.3438,4.37932874319813e-06,45.3435074191632,-0.000288201508093311
39.31651,45.34895,0.00515437932874363,45.3440102619207,0.000214641249410249
39.32784,45.34301,-0.000785620671258869,45.3444625274535,0.00066690678222755
39.33916,45.34358,-0.000215620671255579,45.3448159076065,0.00102028693520328
39.3505,45.3447,0.000904379328744653,45.3450349468992,0.00123932622789688
39.36187,45.35513,0.0113343793287441,45.3451021237655,0.00130650309424213
39.37322,45.34312,-0.00067562067125948,45.3450204822783,0.00122486160701368
39.38454,45.34826,0.00446437932874488,45.3448131869267,0.00101756625541869
39.39589,45.34488,0.00108437932874494,45.3445198582222,0.000724237550962239
39.40725,45.33959,-0.00420562067125729,45.344190237597,0.000394616925754879
39.41859,45.33846,-0.0053356206712607,45.3438763532683,8.07325970803746e-05
39.42992,45.34391,0.000114379328742586,45.3436246436998,-0.000170976971468585
39.44123,45.34964,0.00584437932874238,45.3434693244324,-0.000326296238823621
39.45256,45.33944,-0.00435562067125517,45.343427779459,-0.000367841212284181
39.46388,45.34473,0.000934379328739965,45.3434982729461,-0.000297347725183663
39.47523,45.33607,-0.00772562067125904,45.3436600911916,-0.000135529479666371
39.48656,45.33784,-0.00595562067125854,45.3438762293535,8.06086822304076e-05
39.4979,45.35286,0.00906437932874127,45.3440985658738,0.000302945202568846
39.50924,45.35047,0.00667437932874293,45.344274935787,0.00047931511577089
39.52058,45.34047,-0.00332562067125508,45.3443568879599,0.000561267288682739
39.53193,45.34554,0.00174437932874127,45.3443066871164,0.000511066445165495
39.54328,45.34639,0.00259437932874107,45.3441024709239,0.000306850252601853
39.55462,45.33738,-0.00641562067125534,45.3437410473028,-5.45733684509376e-05
39.56597,45.35755,0.0137543793287449,45.3432382125296,-0.000557408141638877
39.5773,45.33709,-0.00670562067125502,45.3426266516642,-0.00116896900709278
39.58862,45.33952,-0.0042756206712582,45.3419516762186,-0.00184394445266485
39.59995,45.34076,-0.0030356206712554,45.3412654034913,-0.00253021717990821
39.61131,45.34076,-0.0030356206712554,45.3406203475618,-0.00317527310944913
39.62264,45.33558,-0.00821562067125825,45.3400635033098,-0.00373211736148674
39.63398,45.3379,-0.00589562067126082,45.3396317964658,-0.00416382420545059
39.64529,45.34068,-0.00311562067125948,45.339349390588,-0.00444623008323068
39.65664,45.34155,-0.00224562067126044,45.3392269000182,-0.00456872065305045
39.66798,45.34177,-0.00202562067126166,45.3392621372837,-0.00453348338752282
39.67929,45.34174,-0.00205562067125697,45.3394417900551,-0.00435383061614286
39.69063,45.33186,-0.0119356206712595,45.3397435126857,-0.00405210798555664
39.70198,45.33778,-0.00601562067125627,45.3401382376533,-0.00365738301797756
39.71332,45.34716,0.00336437932874389,45.3405927535592,-0.00320286711204825
39.72464,45.34066,-0.00313562067125872,45.341072508555,-0.00272311211626207
39.73597,45.341,-0.00279562067125738,45.3415442857105,-0.00225133496076422
39.7473,45.34721,0.00341437932873845,45.3419782185153,-0.00181740215599998
39.75863,45.34375,-4.56206712584617e-05,45.3423487601425,-0.00144686052879277
39.76997,45.33595,-0.0078456206712616,45.342634584614,-0.00116103605721289
39.78131,45.34033,-0.00346562067125689,45.3428178058649,-0.000977814806328089
39.79265,45.34324,-0.000555620671256918,45.3428831704272,-0.000912450244087448
39.80398,45.3456,0.001804379328739,45.342817814509,-0.000977806162267491
39.81532,45.34314,-0.000655620671260237,45.3426117880162,-0.00118383265506655
39.82663,45.34249,-0.0013056206712605,45.34225914742,-0.00153647325127587
39.83796,45.34171,-0.00208562067125939,45.3417592958987,-0.00203632477258256
39.8493,45.33451,-0.00928562067125682,45.3411183829217,-0.00267723774953216
39.86061,45.34353,-0.000265620671257238,45.3403507267178,-0.00344489395341163
39.87196,45.34015,-0.00364562067125718,45.339480181773,-0.0043154388982641
39.8833,45.34058,-0.00321562067125569,45.3385411249954,-0.0052544956758846
39.89462,45.33705,-0.00674562067126061,45.3375784719473,-0.00621714872394524
39.90594,45.34341,-0.000385620671259801,45.3366460804183,-0.00714954025297237
39.91727,45.33818,-0.0056156206712572,45.335803112959,-0.00799250771228623
39.9286,45.33271,-0.0110856206712597,45.3351083603901,-0.00868726028118662
39.93991,45.33057,-0.0132256206712569,45.3346131166289,-0.00918250404231202
39.95123,45.33246,-0.0113356206712609,45.3343537882758,-0.0094418323954524
39.96254,45.33323,-0.0105656206712581,45.3343457331464,-0.00944988752488511
39.97386,45.33202,-0.0117756206712585,45.3345796701565,-0.0092159505147756
39.9852,45.33189,-0.0119056206712571,45.3350215009607,-0.00877411971058257
39.99656,45.33247,-0.0113256206712578,45.3356157671034,-0.00817985356782055
40.00789,45.34386,6.43793287409267e-05,45.3362923497015,-0.00750327096980369
40.01923,45.336,-0.00779562067125994,45.3369754342471,-0.00682018642419497
40.03057,45.33652,-0.00727562067125831,45.3375933399842,-0.00620228068710133
40.04189,45.34237,-0.00142562067125596,45.3380877191887,-0.00570790148259502
40.05322,45.33844,-0.00535562067125994,45.3384208441691,-0.00537477650219136
40.06457,45.34026,-0.00353562067125779,45.3385800301429,-0.00521559052837164
40.07589,45.34283,-0.00096562067125916,45.338578583914,-0.00521703675731107
40.08723,45.34252,-0.00127562067125808,45.3384530583193,-0.00534256235199918
40.09856,45.33286,-0.0109356206712619,45.3382570867725,-0.00553853389874069
40.10988,45.33788,-0.00591562067126006,45.3380526613821,-0.00574295928918611
40.1212,45.33839,-0.0054056206712616,45.3379002672961,-0.00589535337516357
40.13252,45.32683,-0.0169656206712574,45.3378495709237,-0.00594604974760003
40.14382,45.34339,-0.000405620671259044,45.3379322542545,-0.00586336641675579
40.15516,45.33296,-0.0108356206712585,45.33815814103,-0.00563747964126265
40.16648,45.3348,-0.00899562067125714,45.3385151037724,-0.00528051689883802
40.17781,45.34293,-0.00086562067125584,45.3389725244642,-0.00482309620709954
40.18915,45.34105,-0.00274562067125572,45.3394874350952,-0.0043081855760121
40.20048,45.34924,0.00544437932874331,45.3400119837132,-0.00378363695804709
40.21178,45.337,-0.00679562067125516,45.3405007068917,-0.00329491377953885
40.22312,45.34119,-0.00260562067126102,45.3409163900491,-0.00287923062214471
40.23446,45.3376,-0.00619562067125656,45.3412339634953,-0.00256165717590795
40.24577,45.34005,-0.0037456206712605,45.3414425292028,-0.00235309146843238
40.25709,45.34431,0.000514379328741654,45.3415458857386,-0.00224973493261838
40.26842,45.34098,-0.00281562067125662,45.3415617839988,-0.00223383667245961
40.27978,45.34988,0.0060843793287404,45.3415198630303,-0.00227575764094387
40.29112,45.33835,-0.00544562067126009,45.3414580948779,-0.00233752579340882
40.30242,45.33954,-0.00425562067125895,45.3414177725414,-0.00237784812988087
40.31376,45.33964,-0.00415562067125563,45.3414375250878,-0.00235809558341914
40.32507,45.34419,0.000394379328739092,45.3415472569688,-0.00224836370247923
40.3364,45.34026,-0.00353562067125779,45.341763039205,-0.00203258146627596
40.34772,45.33541,-0.00838562067125537,45.3420838500577,-0.00171177061358827
40.35906,45.34241,-0.00138562067125747,45.3424908444317,-0.0013047762395664
40.37037,45.34147,-0.00232562067125741,45.3429495486172,-0.000846072054041213
40.3817,45.34298,-0.000815620671261286,45.3434149233458,-0.000380697325487166
40.39303,45.34587,0.00207437932873944,45.3438386452741,4.30246028001783e-05
40.40437,45.33946,-0.00433562067125592,45.3441774248231,0.000381804151830052
40.41567,45.36005,0.0162543793287426,45.3444008562135,0.000605235542206518
40.42699,45.34492,0.00112437932874343,45.3444972263092,0.000701605637941029
40.43832,45.34028,-0.00351562067125855,45.344475974384,0.000680353712705692
40.44966,45.35114,0.00734437932874243,45.3443661752719,0.000570554600647368
40.46098,45.33844,-0.00535562067125994,45.3442113364636,0.000415715792369496
40.47232,45.34602,0.00222437932874442,45.344061566977,0.000265946305744224
40.48364,45.34634,0.00254437932873941,45.3439645793322,0.000168958660890972
40.49496,45.33415,-0.0096456206712574,45.343957109073,0.000161488401694077
40.50629,45.34171,-0.00208562067125939,45.3440583058823,0.000262685211036068
40.51759,45.33971,-0.00408562067126184,45.3442664371931,0.000470816521858021
40.52894,45.33705,-0.00674562067126061,45.3445597032272,0.000764082555967632
40.54027,45.35447,0.0106743793287407,45.3449010335139,0.00110541284269077
40.55159,45.35641,0.0126143793287383,45.3452456227692,0.00145000209791691
40.56292,45.34715,0.00335437932874072,45.3455491248198,0.00175350414856462
40.57426,45.34512,0.00132437932874296,45.3457743552538,0.00197873458257319
40.5856,45.34537,0.00157437932874416,45.3458951834559,0.00209956278462532
40.59692,45.34062,-0.00317562067125721,45.3458975331662,0.0021019124949761
40.60825,45.34442,0.000624379328741043,45.3457783373957,0.00198271672443941
40.61957,45.34692,0.00312437932873877,45.3455435552394,0.00174793456811511
40.63093,45.34445,0.00065437932874346,45.3452060808601,0.0014104601888682
40.64227,45.3502,0.00640437932874249,45.3447839022181,0.000988281546866857
40.65359,45.33972,-0.00407562067125866,45.3442985226909,0.000502902019670624
40.66491,45.34191,-0.00188562067125986,45.343773591307,-2.20293642157177e-05
40.67622,45.34466,0.000864379328739062,45.3432338023771,-0.000561818294106881
40.68752,45.33942,-0.00437562067126152,45.342704189667,-0.00109143100422468
40.69886,45.3469,0.00310437932873953,45.3422098145361,-0.00158580613516453
40.71018,45.34263,-0.00116562067125869,45.3417756134074,-0.00202000726381973
40.72149,45.33974,-0.00405562067125942,45.3414260191526,-0.00236960151868775
40.7328,45.34078,-0.00301562067125616,45.3411840139995,-0.00261160667174179
40.74414,45.34794,0.00414437932874279,45.3410694569047,-0.00272616376654876
40.75547,45.34084,-0.00295562067125843,45.3410967354725,-0.00269888519878484
40.7668,45.33566,-0.00813562067126128,45.3412720099094,-0.00252361076187741
40.77814,45.34031,-0.00348562067125613,45.3415906089271,-0.00220501174418993
40.78947,45.33519,-0.00860562067126125,45.3420353939663,-0.00176022670491811
40.80079,45.34841,0.00461437932874276,45.3425768464988,-0.00121877417242038
40.81212,45.34692,0.00312437932873877,45.343175158946,-0.000620461725240179
40.82344,45.33721,-0.00658562067125956,45.3437840035574,-1.16171138934782e-05
40.83478,45.34496,0.00116437932874192,45.3443552988757,0.000559678204482928
40.84613,45.34711,0.00331437932874223,45.3448442678965,0.00104864722529252
40.85743,45.3469,0.00310437932873953,45.3452141366742,0.00141851600289173
40.86876,45.35095,0.00715437932873897,45.3454397926682,0.00164417199697113
40.88008,45.34269,-0.00110562067126097,45.3455097596092,0.00171413893795993
40.89139,45.3457,0.00190437932874232,45.3454261421943,0.00163052152302551
40.90271,45.34496,0.00116437932874192,45.3452026810803,0.00140706040904138
40.91405,45.34344,-0.000355620671257384,45.3448614840797,0.00106586340845697
40.92539,45.34222,-0.00157562067126094,45.3444291880437,0.000633567372408068
40.93674,45.34843,0.004634379328742,45.3439332672696,0.000137646598357758
40.94809,45.33729,-0.00650562067125549,45.3433990438013,-0.000396576869973788
40.95942,45.34309,-0.000705620671261897,45.3428477698874,-0.000947850783814344
40.97073,45.33965,-0.00414562067125956,45.3422959757597,-0.00149964491152273
40.98207,45.34727,0.00347437932874328,45.3417560551948,-0.00203956547647069
40.99341,45.33735,-0.00644562067125776,45.3412377658977,-0.00255785477353294
41.00475,45.34432,0.000524379328744828,45.3407500591186,-0.00304556155266989
41.01603,45.34235,-0.0014456206712552,45.3403025669853,-0.00349305368591163
41.02736,45.34319,-0.000605620671258578,45.3399061879407,-0.00388943273058168
41.03871,45.34083,-0.0029656206712616,45.339572477129,-0.00422314354226317
41.05006,45.3308,-0.0129956206712549,45.3393119582083,-0.0044836624629651
41.06135,45.33649,-0.00730562067126073,45.3391319379365,-0.00466368273473227
41.07269,45.34491,0.00111437932874026,45.3390346631972,-0.00476095747408611
41.084,45.33758,-0.00621562067125581,45.3390164944813,-0.00477912618994051
41.09532,45.33451,-0.00928562067125682,45.3390683172449,-0.00472730342637046
41.10663,45.33945,-0.0043456206712591,45.3391770339704,-0.00461858670087282
41.11795,45.34331,-0.000485620671256015,45.3393278005062,-0.00446782016509753
41.12926,45.34002,-0.00377562067125581,45.3395065304251,-0.00428909024614419
41.1406,45.34166,-0.00213562067126105,45.3397020466993,-0.00409357397198851
41.15194,45.3408,-0.00299562067125692,45.339907284005,-0.00388833666623974
41.1633,45.33659,-0.00720562067125741,45.3401192167245,-0.00367640394679873
41.17465,45.34351,-0.000285620671256481,45.3403375583996,-0.00345806227167824
41.18596,45.34269,-0.00110562067126097,45.3405625563261,-0.00323306434511494
41.19732,45.34087,-0.00292562067125601,45.3407923440742,-0.00300327659709899
41.20864,45.33244,-0.0113556206712602,45.3410204189658,-0.00277520170546318
41.21992,45.34031,-0.00348562067125613,45.3412339401424,-0.00256168052886466
41.23125,45.34216,-0.00163562067125866,45.3414135366183,-0.00238208405294589
41.2426,45.34792,0.00412437932874354,45.3415349772426,-0.00226064342867249
41.25393,45.33228,-0.0115156206712612,45.341572502272,-0.00222311839925655
41.26526,45.34281,-0.000985620671258403,45.3415032050241,-0.00229241564718263
41.27659,45.34238,-0.00141562067125989,45.341311711702,-0.00248390896924985
41.2879,45.34989,0.00609437932874357,45.3409943285487,-0.0028012921225102
41.29924,45.3461,0.00230437932874139,45.3405617069281,-0.0032339137431882
41.31058,45.3336,-0.0101956206712615,45.3400391883727,-0.00375643229857824
41.32191,45.33609,-0.00770562067125979,45.3394645811434,-0.00433103952781304
41.33324,45.33515,-0.00864562067125973,45.3388839420356,-0.0049116786356886
41.34459,45.34338,-0.000415620671255112,45.3383464160474,-0.00544920462387997
41.3559,45.3392,-0.00459562067126029,45.3378990400944,-0.00589658057682647
41.36724,45.3353,-0.00849562067126186,45.337581946233,-0.00621367443830697
41.37853,45.34315,-0.000645620671257063,45.3374241021453,-0.00637151852596125
41.38987,45.33372,-0.0100756206712589,45.3374397856338,-0.00635583503743252
41.4012,45.33025,-0.013545620671259,45.3376262423146,-0.00616937835661747
41.41252,45.33984,-0.0039556206712561,45.3379631731487,-0.00583244752259974
41.42385,45.33609,-0.00770562067125979,45.3384146368961,-0.00538098377519726
41.43515,45.33564,-0.00815562067126052,45.338933546459,-0.00486207421229577
41.44651,45.34342,-0.000375620671256627,45.339468320388,-0.00432730028329504
41.45782,45.34234,-0.00145562067125837,45.3399706692169,-0.00382495145435203
41.46916,45.34087,-0.00292562067125601,45.340403120894,-0.00339249977725578
41.48049,45.34784,0.00404437932873947,45.3407448101926,-0.00305081047867208
41.4918,45.34107,-0.00272562067125648,45.3409943170533,-0.00280130361792821
41.50313,45.34593,0.00213437932874427,45.3411688959266,-0.00262672474462462
41.51446,45.33779,-0.0060056206712602,45.341300184864,-0.00249543580728006
41.5258,45.3352,-0.00859562067125808,45.3414272729021,-0.00236834776919152
41.53712,45.33936,-0.00443562067125924,45.3415886123715,-0.00220700829979389
41.54844,45.34798,0.00418437932874127,45.3418144377565,-0.00198118291476012
41.55978,45.33194,-0.0118556206712555,45.3421210330405,-0.00167458763079981
41.57112,45.34613,0.00233437932874381,45.3425076180243,-0.00128800264694324
41.58242,45.34095,-0.00284562067125904,45.3429561006434,-0.000839520027808462
41.59377,45.34567,0.00187437932873991,45.3434335330916,-0.000362087579676557
41.60509,45.34752,0.00372437932874448,45.3438967644398,0.000101143768556739
41.61643,45.3331,-0.0106956206712567,45.3442985633498,0.000502942678555832
41.62777,45.35177,0.00797437932874345,45.3445944502161,0.000798829544795608
41.63912,45.34084,-0.00295562067125843,45.3447494925279,0.00095387185668231
41.65045,45.35547,0.0116743793287384,45.3447442018944,0.000948581223148105
41.66176,45.34533,0.00153437932873857,45.3445785047341,0.000782884062810143
41.6731,45.34158,-0.00221562067125802,45.3442728432507,0.000477222579423177
41.68444,45.34716,0.00336437932874389,45.3438659556456,7.03349743682811e-05
41.69576,45.34376,-3.56206712552876e-05,45.3434095860991,-0.000386034572182941
41.7071,45.34312,-0.00067562067125948,45.3429609606617,-0.000834660009510726
41.71839,45.34221,-0.001585620671257,45.3425742213448,-0.00122139932648067
41.72971,45.33572,-0.00807562067125644,45.3422922269219,-0.00150339374934602
41.74102,45.33432,-0.00947562067126029,45.3421402260989,-0.00165539457233889
41.75236,45.34059,-0.00320562067125962,45.3421227264473,-0.0016728942239873
41.76367,45.34589,0.00209437932873868,45.3422242482991,-0.00157137237212753
41.77502,45.34583,0.00203437932874095,45.3424136467949,-0.00138197387637747
41.78633,45.34573,0.00193437932874474,45.342650724408,-0.00114489626327993
41.79768,45.34521,0.00141437932874311,45.3428934134254,-0.0009022072458148
41.80902,45.34052,-0.00327562067126053,45.3431040186457,-0.000691602025593963
41.82032,45.34516,0.00136437932874145,45.3432536142786,-0.000542006392620886
41.83165,45.34425,0.000454379328743926,45.3433243059761,-0.000471314695127786
41.84296,45.34262,-0.00117562067126187,45.3433094781577,-0.000486142513602246
41.85429,45.34444,0.000644379328740285,45.3432123598904,-0.000583260780821451
41.86562,45.34445,0.00065437932874346,45.3430433800219,-0.000752240649375149
41.87695,45.33592,-0.00787562067125691,45.3428169147903,-0.000978705880916221
41.88829,45.34101,-0.00278562067126131,45.3425481297871,-0.00124749088411525
41.89964,45.34646,0.00266437932874197,45.3422505781135,-0.00154504255773133
41.91098,45.3379,-0.00589562067126082,45.3419349509002,-0.00186066977105216
41.92232,45.34163,-0.00216562067125636,45.3416089656745,-0.00218665499675445
41.93362,45.3465,0.00270437932874046,45.3412780304103,-0.00251759026091434
41.94493,45.34509,0.00129437932874055,45.3409461550111,-0.00284946566014413
41.95626,45.33759,-0.00620562067125974,45.3406166191929,-0.00317900147840691
41.96761,45.33519,-0.00860562067126125,45.3402921833375,-0.00350343733380519
41.97894,45.3395,-0.00429562067125744,45.339975058343,-0.00382056232827458
41.99028,45.33711,-0.00668562067125578,45.3396671094588,-0.00412851121247147
42.00162,45.3452,0.00140437932873994,45.3393706034972,-0.00442501717408265
42.01296,45.33752,-0.00627562067126064,45.3390893464106,-0.00470627426065217
42.02429,45.34423,0.000434379328744683,45.3388296719574,-0.00496594871389845
42.03563,45.33782,-0.00597562067125779,45.3386006943942,-0.00519492627704138
42.04697,45.33428,-0.00951562067125877,45.3384135237813,-0.00538209688995788
42.05833,45.33756,-0.00623562067125505,45.3382795620455,-0.00551605862570534
42.06965,45.34099,-0.00280562067126056,45.3382082938289,-0.00558732684238533
42.08095,45.34515,0.00135437932873828,45.338205014069,-0.00559060660222657
42.0923,45.3299,-0.0138956206712564,45.3382688205133,-0.00552680015791966
42.10362,45.33472,-0.00907562067126122,45.3383912185869,-0.00540440208432838
42.11493,45.33824,-0.00555562067125948,45.3385558643846,-0.00523975628663937
42.12625,45.33904,-0.00475562067126134,45.3387399871745,-0.00505563349680077
42.13756,45.33465,-0.00914562067125502,45.3389176545109,-0.00487796616037364
42.1489,45.34077,-0.00302562067125933,45.3390644388336,-0.00473118183768255
42.16025,45.34769,0.00389437932874159,45.3391625138079,-0.00463310686331968
42.17157,45.34077,-0.00302562067125933,45.3392049007985,-0.00459071987275463
42.18292,45.34058,-0.00321562067125569,45.339197607418,-0.00459801325329319
42.19426,45.34091,-0.00288562067125753,45.3391588568205,-0.00463676385076128
42.20558,45.33801,-0.00578562067126143,45.3391153891584,-0.00468023151287216
42.2169,45.34135,-0.00244562067125997,45.3390966065879,-0.00469901408331602
42.22825,45.33317,-0.0106256206712558,45.3391278940064,-0.00466772666482318
42.2396,45.32523,-0.0185656206712608,45.3392247252578,-0.00457089541349776
42.25093,45.34369,-0.00010562067125619,45.3393890901952,-0.00440653047604672
42.26225,45.34441,0.000614379328744974,45.3396091985069,-0.00418642216434663
42.27358,45.34009,-0.00370562067126201,45.3398623958933,-0.00393322477791217
42.28487,45.34081,-0.00298562067126085,45.3401202643959,-0.00367535627534017
42.29622,45.33755,-0.00624562067125822,45.3403544900748,-0.00344113059649066
42.30755,45.34609,0.00229437932873822,45.3405422508894,-0.00325336978183202
42.31887,45.34229,-0.00150562067126003,45.3406701991473,-0.00312542152391173
42.33022,45.3467,0.00290437932873999,45.3407363682966,-0.00305925237469842
42.34152,45.33756,-0.00623562067125505,45.3407496537619,-0.00304596690931743
42.35288,45.33812,-0.00567562067125493,45.3407270509783,-0.00306856969295817
42.36422,45.33769,-0.00610562067125642,45.340689460688,-0.00310615998329429
42.37553,45.34002,-0.00377562067125581,45.3406572721093,-0.00313834856196808
42.38684,45.33482,-0.0089756206712579,45.3406468871481,-0.00314873352315708
42.39816,45.34601,0.00221437932874124,45.3406689075074,-0.0031267131638444
42.4095,45.34045,-0.00334562067126143,45.3407281012785,-0.0030675193927919
42.42082,45.34032,-0.00347562067126006,45.3408247345279,-0.00297088614331032
42.43216,45.33931,-0.0044856206712609,45.3409565619309,-0.00283905874038054
42.44347,45.34999,0.00619437932873979,45.341120736653,-0.00267488401825162
42.45481,45.34396,0.000164379328744246,45.341315017616,-0.00248060305529158
42.46612,45.33493,-0.00886562067125851,45.341537895643,-0.00225772502827897
42.47744,45.33884,-0.00495562067126087,45.3417876988932,-0.00200792177802375
42.48877,45.34161,-0.00218562067125561,45.3420612384597,-0.00173438221160472
42.50009,45.34074,-0.00305562067126175,45.3423527452536,-0.00144287541763656
42.51143,45.34576,0.00196437932874005,45.3426535564075,-0.00114206426376841
42.52275,45.34589,0.00209437932873868,45.3429524881801,-0.000843132491195531
42.53408,45.34494,0.00114437932874267,45.3432364709592,-0.000559149712041233
42.5454,45.33846,-0.0053356206712607,45.3434910152635,-0.000304605407736386
42.55673,45.3472,0.00340437932874238,45.343700362309,-9.52583622244982e-05
42.56804,45.34386,6.43793287409267e-05,45.3438475128734,5.18922021603201e-05
42.57936,45.34132,-0.00247562067125529,45.3439145157271,0.000118895055879213
42.59069,45.34093,-0.00286562067125828,45.3438834202821,8.77996108234386e-05
42.60203,45.33765,-0.00614562067126201,45.3437382278421,-5.739282913321e-05
42.61334,45.34499,0.00119437932874433,45.3434679537961,-0.000327666875120568
42.62469,45.35058,0.00678437932874232,45.343070433495,-0.000725187176276869
42.63601,45.34495,0.00115437932873874,45.3425558858668,-0.00123973480445196
42.64732,45.34595,0.00215437932874352,45.3419488740881,-0.00184674658317498
42.65862,45.34299,-0.000805620671258112,45.3412875036578,-0.00250811701346578
42.66995,45.344,0.000204379328742732,45.3406194404618,-0.00317618020945404
42.6813,45.33416,-0.00963562067126134,45.3399952870278,-0.00380033364346237
42.69263,45.33263,-0.0111656206712567,45.3394606956797,-0.00433492499155806
42.70397,45.33887,-0.00492562067125846,45.3390490827326,-0.00474653793866047
42.71528,45.33028,-0.0135156206712566,45.3387767450851,-0.0050188755861081
42.72664,45.34058,-0.00321562067125569,45.3386415332939,-0.00515408737733812
42.73799,45.3403,-0.0034956206712593,45.3386252232965,-0.00517039737476342
42.74932,45.34369,-0.00010562067125619,45.3386987066837,-0.00509691398760506
42.76065,45.3449,0.00110437932874419,45.3388284203604,-0.0049672003108437
42.772,45.33872,-0.00507562067125633,45.3389823008058,-0.00481331986546161
42.78333,45.34034,-0.00345562067126082,45.3391340174314,-0.0046616032398717
42.79466,45.332,-0.0117956206712577,45.3392650771557,-0.00453054351553361
42.80598,45.3442,0.000404379328742266,45.3393651859536,-0.00443043471769965
42.81733,45.32929,-0.0145056206712582,45.3394316579376,-0.00436396273368043
42.82863,45.34421,0.000414379328738335,45.3394685896316,-0.0043270310397066
42.83997,45.34258,-0.00121562067126035,45.3394861149225,-0.00430950574872371
42.85131,45.34047,-0.00332562067125508,45.339499573873,-0.00429604679830067
42.86263,45.34138,-0.00241562067125756,45.339528131114,-0.00426748955722918
42.87395,45.34327,-0.000525620671261606,45.3395924467705,-0.00420317390072546
42.88529,45.33204,-0.0117556206712592,45.3397113946175,-0.00408422605378664
42.89662,45.34023,-0.00356562067126021,45.339898307946,-0.00389731272525194
42.90797,45.33814,-0.00565562067125569,45.3401575516042,-0.00363806906705846
42.9193,45.34337,-0.000425620671258287,45.3404822014013,-0.00331341926994385
42.93064,45.34022,-0.00357562067125627,45.3408533010683,-0.0029423196029172
42.94195,45.342,-0.00179562067125971,45.3412408118501,-0.00255480882118167
42.9533,45.33031,-0.0134856206712612,45.3416061863368,-0.00218943433444051
42.96463,45.34848,0.00468437932874366,45.3419064354095,-0.00188918526173759
42.97596,45.34567,0.00187437932873991,45.3420993799249,-0.00169624074636704
42.98729,45.34286,-0.000935620671256743,45.3421494099857,-0.00164621068553576
42.9986,45.33926,-0.00453562067125546,45.3420327745335,-0.00176284613770546
43.00993,45.34581,0.00201437932874171,45.3417414770175,-0.00205414365373953
43.02124,45.34153,-0.00226562067125968,45.3412851840156,-0.00251043665568838
43.03254,45.34032,-0.00347562067126006,45.3406908872372,-0.00310473343405905
43.04386,45.34393,0.000134379328741829,45.3400003033,-0.00379531737121732
43.05522,45.34007,-0.00372562067126125,45.3392652368965,-0.00453038377477275
43.06654,45.34082,-0.00297562067125767,45.3385414338565,-0.00525418681479529
43.07787,45.32774,-0.0160556206712599,45.3378818132071,-0.00591380746411369
43.08921,45.32591,-0.0178856206712581,45.3373303040335,-0.0064653166377258
43.10052,45.34467,0.000874379328742236,45.3369175480744,-0.0068780725968186
43.11184,45.34207,-0.00172562067125881,45.3366591718504,-0.00713644882088847
43.12317,45.3419,-0.00189562067125593,45.3365563430376,-0.00723927763371176
43.13447,45.33083,-0.0129656206712596,45.3365975909504,-0.00719802972089415
43.14581,45.33619,-0.00760562067125647,45.3367609193374,-0.00703470133382109
43.15714,45.33978,-0.00401562067126093,45.3370158426586,-0.00677977801265295
43.16847,45.33478,-0.00901562067125639,45.3373254955956,-0.00647012507560637
43.17982,45.33962,-0.00417562067126198,45.3376491021456,-0.00614651852564941
43.19112,45.32902,-0.0147756206712586,45.337945011824,-0.00585060884728585
43.20245,45.34007,-0.00372562067126125,45.3381743914074,-0.00562122926385335
43.21378,45.34066,-0.00313562067125872,45.3383054390793,-0.00549018159190801
43.22513,45.34037,-0.0034256206712584,45.3383175896535,-0.00547803101778056
43.23644,45.34504,0.00124437932873889,45.3382047754244,-0.00559084524684104
43.24776,45.34191,-0.00188562067125986,45.33797671779,-0.00581890288120843
43.25908,45.3325,-0.0112956206712553,45.3376576268864,-0.00613799378482971
43.2704,45.33017,-0.0136256206712559,45.3372824576341,-0.00651316303716382
43.2817,45.34356,-0.000235620671261927,45.3368916280368,-0.00690399263449756
43.29304,45.33033,-0.013465620671262,45.3365254293744,-0.00727019129685063
43.30437,45.33982,-0.00397562067125534,45.3362191517411,-0.00757646893017701
43.3157,45.33491,-0.00888562067125775,45.3359995186276,-0.00779610204362215
43.32703,45.33316,-0.010635620671259,45.3358827007716,-0.00791291989967372
43.33835,45.3286,-0.0151956206712569,45.3358740100303,-0.00792161064097536
43.34969,45.33978,-0.00401562067126093,45.3359691966611,-0.0078264240101921
43.36103,45.34862,0.00482437932873836,45.3361569281419,-0.00763869252935848
43.37235,45.33542,-0.0083756206712593,45.3364215941315,-0.0073740265397781
43.38367,45.33292,-0.010875620671257,45.3367454517451,-0.00705016892618882
43.39499,45.3356,-0.00819562067125901,45.3371095810179,-0.0066860396533647
43.40632,45.33645,-0.00734562067125921,45.3374938688479,-0.00630175182336184
43.41767,45.33894,-0.00485562067125755,45.3378766888213,-0.00591893184998145
43.42903,45.33891,-0.00488562067125997,45.3382348826541,-0.00556073801715584
43.44036,45.33292,-0.010875620671257,45.3385443494499,-0.00525127122132486
43.45168,45.34197,-0.00182562067125502,45.3387813039101,-0.00501431676111585
43.46303,45.34211,-0.00168562067126032,45.3389241014845,-0.00487151918671154
43.47437,45.333,-0.0107956206712601,45.338955370126,-0.00484025054525151
43.48569,45.34658,0.00278437932874454,45.338864069806,-0.00493155086522306
43.49702,45.33717,-0.00662562067125805,45.3386471080949,-0.00514851257633173
43.50834,45.33357,-0.0102256206712568,45.3383102678326,-0.00548535283865474
43.51966,45.3386,-0.00519562067125889,45.3378683782981,-0.00592724237312417
43.53099,45.34321,-0.000585620671259335,45.3373447839971,-0.00645083667419225
43.54232,45.33213,-0.0116656206712591,45.336770151961,-0.00702546871029781
43.55364,45.33894,-0.00485562067125755,45.3361805794283,-0.00761504124299965
43.56498,45.3371,-0.00669562067125895,45.3356149881691,-0.00818063250210832
43.57631,45.3339,-0.0098956206712586,45.3351119481955,-0.00868367247575618
43.58764,45.33073,-0.0130656206712558,45.3347062567843,-0.00908936388691805
43.59899,45.33561,-0.00818562067125583,45.3344257272326,-0.00936989343867039
43.61034,45.3332,-0.0105956206712605,45.334288647666,-0.00950697300521041
43.62167,45.33928,-0.00451562067125622,45.3343022070415,-0.00949341362976245
43.633,45.3311,-0.0126956206712592,45.3344619499877,-0.00933367068354187
43.64432,45.33258,-0.0112156206712584,45.3347522018937,-0.00904341877755962
43.65565,45.33309,-0.0107056206712599,45.3351474448345,-0.00864817583677852
43.66701,45.33894,-0.00485562067125755,45.3356146527531,-0.00818096791815429
43.67833,45.33576,-0.00803562067125796,45.336116446848,-0.00767917382324896
43.68966,45.33809,-0.00570562067125735,45.3366146779274,-0.00718094274389686
43.701,45.33496,-0.00883562067125609,45.3370738944003,-0.00672172627100338
43.71231,45.34357,-0.000225620671258753,45.3374642042834,-0.00633141638786646
43.72364,45.33668,-0.00711562067125726,45.3377632084869,-0.00603241218440594
43.73497,45.33137,-0.0124256206712587,45.3379568964674,-0.00583872420389049
43.74629,45.34121,-0.00258562067126178,45.3380396268703,-0.00575599380094047
43.75762,45.3381,-0.00569562067126128,45.3380134595221,-0.00578216114917095
43.76895,45.34402,0.000224379328741975,45.3378870449572,-0.00590857571408549
43.78032,45.33663,-0.00716562067125892,45.3376741261815,-0.00612149448978702
43.79166,45.3312,-0.0125956206712559,45.3373917418782,-0.00640387879304056
43.80299,45.3283,-0.0154956206712598,45.3370584969924,-0.00673712367888123
43.81431,45.34444,0.000644379328740285,45.3366934583866,-0.00710216228465188
43.82561,45.33724,-0.00655562067125715,45.3363159729705,-0.0074796477007968
43.83694,45.34203,-0.0017656206712573,45.3359460740482,-0.00784954662306265
43.84826,45.33854,-0.00525562067125662,45.3356046719114,-0.00819094875989333
43.8596,45.33057,-0.0132256206712569,45.3353128529489,-0.00848276772236698
43.87094,45.32994,-0.0138556206712579,45.335090249849,-0.00870537082228234
43.8823,45.33191,-0.0118856206712579,45.334953109115,-0.00884251155624607
43.89362,45.33445,-0.00934562067126166,45.3349128910371,-0.00888272963411998
43.90495,45.33983,-0.00396562067125927,45.3349758486673,-0.00881977200393073
43.91628,45.34386,6.43793287409267e-05,45.3351433417832,-0.00865227888807079
43.92763,45.32935,-0.0144456206712604,45.3354121695119,-0.00838345115937323
43.93897,45.33954,-0.00425562067125895,45.3357743029662,-0.0080213177050556
43.95029,45.32941,-0.0143856206712556,45.3362159739433,-0.00757964672799423
43.96164,45.33958,-0.00421562067126047,45.3367166827491,-0.00707893792215402
43.973,45.33122,-0.0125756206712566,45.3372489404131,-0.00654668025812936
43.98434,45.33975,-0.00404562067125624,45.3377794064039,-0.00601621426732344
43.99567,45.3363,-0.00749562067125709,45.3382716935299,-0.00552392714132289
44.00703,45.33879,-0.00500562067125543,45.3386906589421,-0.0051049617291462
44.01836,45.34024,-0.00355562067125703,45.3390075935813,-0.00478802708993123
44.02967,45.34012,-0.00367562067125959,45.3392054297665,-0.00459019090475854
44.041,45.34376,-3.56206712552876e-05,45.3392829457903,-0.00451267488093437
44.05233,45.33876,-0.00503562067125785,45.3392569861574,-0.00453863451382599
44.06367,45.34402,0.000224379328741975,45.3391619613697,-0.00463365930156614
44.075,45.34142,-0.00237562067125907,45.3390463295616,-0.00474929110969928
44.08633,45.33108,-0.0127156206712584,45.3389663291061,-0.00482929156513045
44.09764,45.34308,-0.000715620671257966,45.3389778132312,-0.00481780744009833
44.10896,45.33762,-0.00617562067125732,45.3391274645823,-0.00466815608895285
44.12031,45.33891,-0.00488562067125997,45.3394448009869,-0.00435081968431641
44.13165,45.33078,-0.0130156206712613,45.3399362647579,-0.00385935591333122
44.14297,45.34269,-0.00110562067126097,45.3405824465839,-0.0032131740873133
44.1543,45.33994,-0.00385562067125989,45.3413391184808,-0.00245650219050545
44.16561,45.34246,-0.00133562067125581,45.3421421669265,-0.00165345374477722
44.17692,45.33852,-0.00527562067125587,45.3429158475485,-0.000879773122721701
44.18824,45.34558,0.00178437932873976,45.3435832449101,-0.000212375761126751
44.19955,45.3477,0.00390437932874477,45.3440774617609,0.000281841089606138
44.21088,45.35188,0.00808437932874284,45.3443518159583,0.000556195287064245
44.22222,45.34556,0.00176437932874052,45.3443872720536,0.000591651382343486
44.23353,45.3494,0.00560437932874436,45.3441956870234,0.00040006635212025
44.24482,45.33709,-0.00670562067125502,45.3438182526495,2.2631978244855e-05
44.25615,45.34758,0.0037843793287422,45.343319517261,-0.000476103410253753
44.26749,45.33794,-0.00585562067125522,45.3427781903223,-0.0010174303489114
44.27882,45.3431,-0.000695620671258723,45.3422763457998,-0.00151927487143749
44.29015,45.33646,-0.00733562067125604,45.3418886637183,-0.00190695695292182
44.30145,45.34463,0.000834379328743751,45.3416731254742,-0.00212249519704966
44.31278,45.34241,-0.00138562067125747,45.3416642199629,-0.00213140070832763
44.32412,45.33406,-0.00973562067125755,45.3418693168625,-0.00192630380878109
44.33546,45.34208,-0.00171562067125564,45.3422685147201,-0.00152710595120407
44.3468,45.34213,-0.00166562067126108,45.3428179564315,-0.000977664239799644
44.35813,45.34895,0.00515437932874363,45.343456193677,-0.000339426994207509
44.36948,45.34177,-0.00202562067126166,45.34411268555,0.000317064878746772
44.38078,45.34731,0.00351437932874177,45.3447171744233,0.000921553752028104
44.39208,45.34058,-0.00321562067125569,45.3452086708368,0.00141305016552871
44.40341,45.34992,0.00612437932873888,45.3455429849771,0.00174736430584326
44.41474,45.35368,0.00988437932873865,45.3456979326493,0.00190231197801791
44.42608,45.34412,0.000324379328738189,45.3456754796288,0.00187985895755752
44.43739,45.34485,0.00105437932874253,45.3455003670409,0.00170474636964903
44.44872,45.34724,0.00344437932874087,45.3452153157951,0.00141969512388636
44.46006,45.34393,0.000134379328741829,45.344873568458,0.00107794778672148
44.4714,45.34254,-0.00125562067125884,45.3445300057952,0.000734385123968573
44.48272,45.33999,-0.00380562067125823,45.3442322812959,0.000436660624684325
44.49404,45.34249,-0.0013056206712605,45.3440134016096,0.000217780938291723
44.50537,45.34225,-0.00154562067125852,45.3438869404104,9.13197391212445e-05
44.51673,45.34124,-0.00255562067125936,45.3438455930743,4.99724030449614e-05
44.52805,45.34699,0.00319437932873967,45.3438631569569,6.75362856844525e-05
44.53939,45.34317,-0.000625620671257821,45.3438994239554,0.000103803284175605
44.55074,45.34625,0.00245437932873926,45.3439070365446,0.000111415873349282
44.56208,45.34157,-0.0022256206712612,45.3438391595916,4.35389203675629e-05
44.57343,45.34679,0.00299437932874014,45.3436568426492,-0.000138778022019868
44.58475,45.34477,0.000974379328738451,45.343335090588,-0.000460530083273519
44.59609,45.34473,0.000934379328739965,45.3428668382058,-0.000928782465455233
44.60741,45.34829,0.00449437932874019,45.3422642555865,-0.00153136508470585
44.61874,45.33409,-0.00970562067125513,45.3415571708635,-0.00223844980773265
44.63007,45.3448,0.00100437932874087,45.34078888767,-0.00300673300126063
44.64141,45.34058,-0.00321562067125569,45.3400101608058,-0.00378545986542053
44.65274,45.33437,-0.00942562067125863,45.3392724036875,-0.00452321698375884
44.66406,45.33638,-0.00741562067126011,45.3386212895164,-0.00517433115490131
44.6754,45.32948,-0.0143156206712618,45.3380918158061,-0.00570380486516322
44.68674,45.34417,0.000374379328739849,45.3377055794853,-0.0060900411859734
44.69809,45.34357,-0.000225620671258753,45.3374703944832,-0.0063252261880305
44.70942,45.33573,-0.00806562067126038,45.3373816769229,-0.00641394374832874
44.72074,45.33847,-0.00532562067125752,45.3374246543897,-0.0063709662815776
44.73206,45.3381,-0.00569562067126128,45.337576645392,-0.00621897527930021
44.74339,45.33365,-0.0101456206712598,45.3378091612197,-0.00598645945151562
44.75471,45.33683,-0.00696562067125939,45.3380899927911,-0.00570562788016568
44.76602,45.34053,-0.00326562067125735,45.3383855541031,-0.00541006656815117
44.77734,45.33644,-0.00735562067125528,45.3386635905415,-0.00513203012980124
44.78867,45.3429,-0.000895620671258257,45.3388960710212,-0.00489954965009771
44.79999,45.34033,-0.00346562067125689,45.3390618543142,-0.00473376635706329
44.81135,45.33418,-0.00961562067125499,45.3391486772827,-0.00464694338853607
44.82269,45.34464,0.000844379328739819,45.3391541462914,-0.00464147437981644
44.83403,45.34034,-0.00345562067126082,45.3390856087858,-0.00471001188549457
44.84537,45.33639,-0.00740562067125694,45.3389589457976,-0.00483667487360608
44.85669,45.3356,-0.00819562067125901,45.3387964776511,-0.00499914302017385
44.86803,45.34131,-0.00248562067125846,45.338624335692,-0.00517128497928976
44.87936,45.34116,-0.00263562067125633,45.3384697195553,-0.0053259011159862
44.89072,45.33309,-0.0107056206712599,45.3383583696132,-0.00543725105810561
44.90203,45.33555,-0.00824562067126067,45.3383124606816,-0.00548315998961995
44.91335,45.34406,0.000264379328740461,45.3383490565853,-0.00544656408595691
44.92469,45.33575,-0.00804562067126113,45.3384791561406,-0.00531646453065144
44.93601,45.34329,-0.000505620671255258,45.3387071604518,-0.0050884602194987
44.94732,45.34387,7.43793287441008e-05,45.339030470994,-0.00476514967721214
44.95865,45.32855,-0.0152456206712586,45.3394390650248,-0.00435655564650329
44.96997,45.33847,-0.00532562067125752,45.3399152406642,-0.00388038000707924
44.98132,45.34391,0.000114379328742586,45.3404340073101,-0.00336161336115204
44.99266,45.34238,-0.00141562067125989,45.3409645322663,-0.00283108840495512
45.00399,45.33732,-0.00647562067126017,45.3414726649341,-0.00232295573718454
45.01532,45.3434,-0.00039562067125587,45.3419241884524,-0.00187143221888251
45.02666,45.34332,-0.000475620671259946,45.3422883134663,-0.00150730720497736
45.03797,45.34204,-0.00175562067126123,45.3425409150324,-0.00125470563887288
45.04927,45.34686,0.00306437932874104,45.3426669864649,-0.00112863420632681
45.0606,45.3491,0.0053043793287415,45.3426618063745,-0.00113381429678407
45.07194,45.3412,-0.00259562067125785,45.3425305265601,-0.00126509411116815
45.08325,45.33022,-0.0135756206712614,45.3422863537113,-0.00150926695995674
45.09458,45.34212,-0.00167562067125715,45.341948077503,-0.00184754316827945
45.10593,45.33857,-0.00522562067126131,45.3415379905079,-0.0022576301633589
45.11725,45.34472,0.000924379328743896,45.3410809065389,-0.00271471413231987
45.12859,45.34716,0.00336437932874389,45.3406041690999,-0.00319145157133284
45.13992,45.33972,-0.00407562067125866,45.3401378210749,-0.00365779959638747
45.15128,45.34618,0.00238437932873836,45.339713942714,-0.0040816779572428
45.16259,45.33332,-0.010475620671258,45.3393645995842,-0.0044310210870302
45.17389,45.33405,-0.00974562067126072,45.3391185798042,-0.00467704086707487
45.18524,45.34023,-0.00356562067126021,45.3389977242335,-0.00479789643774001
45.19656,45.34172,-0.00207562067125622,45.339013840765,-0.00478177990625489
45.20787,45.33612,-0.00767562067125738,45.3391669227862,-0.0046286978850286
45.21918,45.33631,-0.00748562067126102,45.3394449625582,-0.00435065811309465
45.23051,45.33691,-0.00688562067125531,45.3398253463952,-0.00397027427609941
45.24185,45.34578,0.00198437932873929,45.340277597607,-0.00351802306429667
45.25321,45.34689,0.00309437932874346,45.340766925365,-0.00302869530623953
45.26454,45.34262,-0.00117562067126187,45.3412577435732,-0.00253787709806712
45.27586,45.34019,-0.00360562067125869,45.3417163752054,-0.00207924546590354
45.28717,45.33456,-0.00923562067125516,45.3421126767151,-0.00168294395615833
45.29852,45.34184,-0.00195562067126076,45.3424209741315,-0.00137464653974525
45.30985,45.34605,0.00225437932873973,45.3426209958037,-0.00117462486752332
45.3212,45.34195,-0.00184562067126137,45.3426992341134,-0.00109638655781488
45.33253,45.33995,-0.00384562067125671,45.342650656982,-0.00114496368928629
45.34388,45.34692,0.00312437932873877,45.3424803223877,-0.00131529828351229
45.35521,45.33948,-0.00431562067125668,45.342204339951,-0.001591280720251
45.36655,45.35413,0.0103343793287394,45.3418496509544,-0.00194596971686292
45.37792,45.33598,-0.00781562067125918,45.3414522273909,-0.00234339328037785
45.38925,45.33357,-0.0102256206712568,45.3410536253473,-0.00274199532393031
45.40058,45.34686,0.00306437932874104,45.3406963326814,-0.00309928798986052
45.41193,45.33689,-0.00690562067126166,45.3404187222392,-0.00337689843207376
45.42324,45.34131,-0.00248562067125846,45.340250408172,-0.00354521249930618
45.43455,45.34258,-0.00121562067126035,45.3402085326781,-0.00358708799312132
45.44586,45.33784,-0.00595562067125854,45.340295294883,-0.00350032578828613
45.4572,45.33642,-0.00737562067126163,45.3404969887856,-0.00329863188567727
45.46851,45.33756,-0.00623562067125505,45.340784830373,-0.00301079029828912
45.47982,45.34641,0.00261437932874031,45.3411177402534,-0.00267788041782151
45.49112,45.34533,0.00153437932873857,45.3414469151842,-0.00234870548702035
45.50243,45.33148,-0.0123156206712594,45.3417216239399,-0.00207399673134113
45.51378,45.34955,0.00575437932874223,45.341895474533,-0.00190014613823756
45.52514,45.33759,-0.00620562067125974,45.3419324502325,-0.00186317043870716
45.53645,45.34564,0.00184437932874459,45.3418120695773,-0.00198355109393278
45.54779,45.34109,-0.00270562067125724,45.3415329774645,-0.0022626432067376
45.55913,45.34796,0.00416437932874203,45.3411142496626,-0.00268137100861125
45.57047,45.3453,0.00150437932874325,45.3405938418128,-0.00320177885842388
45.58179,45.33614,-0.00765562067125813,45.3400240103474,-0.00377161032384893
45.59313,45.33411,-0.00968562067125589,45.339464180921,-0.00433143975028007
45.60445,45.34087,-0.00292562067125601,45.3389724504474,-0.00482317022390531
45.61577,45.33763,-0.00616562067126125,45.3385973180967,-0.00519830257457165
45.62709,45.32956,-0.0142356206712577,45.3383711533516,-0.00542446731968446
45.63842,45.33545,-0.00834562067125688,45.3383064704731,-0.00548915019814763
45.64972,45.34666,0.00286437932874151,45.3383954795876,-0.00540014108363634
45.66108,45.34101,-0.00278562067126131,45.3386126803801,-0.00518294029119651
45.67241,45.33171,-0.0120856206712574,45.338919627552,-0.00487599311925473
45.68375,45.34468,0.000884379328738305,45.3392707419049,-0.00452487876636408
45.69508,45.34229,-0.00150562067126003,45.3396191990699,-0.00417642160140043
45.70641,45.33537,-0.00842562067126096,45.3399221949898,-0.00387342568141332
45.71774,45.34514,0.00134437932874221,45.34014507969,-0.00365054098122489
45.72908,45.34225,-0.00154562067125852,45.3402640364473,-0.00353158422397942
45.74043,45.33837,-0.00542562067126084,45.3402672183919,-0.00352840227934146
45.75178,45.33623,-0.00756562067125799,45.3401545212092,-0.00364109946205566
45.76311,45.33909,-0.00470562067125968,45.3399364242082,-0.00385919646301806
45.77444,45.3374,-0.0063956206712561,45.3396324338451,-0.00416318682617032
45.78576,45.34389,9.43793287433436e-05,45.3392694750886,-0.00452614558266172
45.79712,45.34303,-0.000765620671259626,45.3388801828894,-0.00491543778188406
45.80846,45.33675,-0.00704562067125636,45.3385007441518,-0.00529487651950088
45.81982,45.33765,-0.00614562067126201,45.3381679775082,-0.0056276431630768
45.83114,45.33885,-0.0049456206712577,45.3379156906082,-0.00587993006306281
45.84248,45.33583,-0.00796562067125706,45.3377707590288,-0.00602486164250409
45.85381,45.33779,-0.0060056206712602,45.337749592467,-0.00604602820429001
45.86515,45.33045,-0.0133456206712594,45.337855662122,-0.00593995854930121
45.8765,45.34496,0.00116437932874192,45.3380786155366,-0.00571700513467729
45.88784,45.33395,-0.00984562067125694,45.3383952176376,-0.00540040303361622
45.89918,45.33961,-0.00418562067125805,45.3387719815467,-0.00502363912459383
45.91052,45.34309,-0.000705620671261897,45.3391690327413,-0.0046265879299692
45.92183,45.33543,-0.00836562067125612,45.3395445915823,-0.00425102908898603
45.93316,45.34117,-0.00262562067126026,45.33985944862,-0.00393617205128765
45.9445,45.34944,0.00564437932874284,45.3400808809682,-0.00371473970304312
45.95584,45.33165,-0.0121456206712551,45.3401855864588,-0.0036100342124223
45.96718,45.34031,-0.00348562067125613,45.3401614244995,-0.00363419617176816
45.97852,45.34215,-0.00164562067126184,45.3400080394662,-0.00378758120504035
45.98987,45.33738,-0.00641562067125534,45.3397366468095,-0.00405897386171805
46.00122,45.33714,-0.00665562067126046,45.3393692418146,-0.00442637885664049
46.01256,45.34483,0.00103437932874328,45.3389373187476,-0.00485830192365355
46.02388,45.33549,-0.0083056206712584,45.3384800184872,-0.00531560218409568
46.03521,45.34086,-0.00293562067125919,45.338041534277,-0.00575408639429796
46.04652,45.34149,-0.00230562067125817,45.337667646054,-0.00612797461727774
46.05787,45.33551,-0.00828562067125915,45.3374014500882,-0.00639417058305432
46.06921,45.33215,-0.0116456206712598,45.3372786642581,-0.00651695641317492
46.08053,45.33506,-0.00873562067125988,45.3373232097747,-0.00647241089651391
46.09186,45.33569,-0.00810562067125886,45.3375438985005,-0.00625172217072561
46.10321,45.3448,0.00100437932874087,45.3379328183034,-0.00586280236790815
46.11452,45.34211,-0.00168562067126032,45.3384655065354,-0.00533011413588788
46.12585,45.33328,-0.0105156206712564,45.3391026144521,-0.00469300621912402
46.13716,45.33629,-0.00750562067126026,45.3397927928938,-0.00400282777745273
46.14851,45.33295,-0.0108456206712617,45.3404768321197,-0.00331878855152362
46.15982,45.34754,0.00374437932874372,45.3410931836114,-0.00270243705982748
46.17117,45.34575,0.00195437932874398,45.3415845758116,-0.0022110448596549
46.1825,45.34567,0.00187437932873991,45.3419047562967,-0.00189086437458986
46.19383,45.34465,0.000854379328742993,45.3420240206798,-0.00177159999144851
46.20517,45.3356,-0.00819562067125901,45.341932453877,-0.00186316679428111
46.21651,45.34366,-0.000135620671258607,45.3416405148217,-0.00215510584955049
46.22786,45.34346,-0.000335620671258141,45.3411772552111,-0.00261836546014485
46.2392,45.33989,-0.00390562067126154,45.3405867640563,-0.00320885661497419
46.25051,45.33389,-0.00990562067126177,45.3399234455694,-0.00387217510185373
46.26184,45.34629,0.00249437932874486,45.3392466959063,-0.00454892476499933
46.27317,45.33469,-0.00910562067125653,45.3386155057233,-0.00518011494800076
46.28451,45.34161,-0.00218562067125561,45.3380834267813,-0.00571219389000784
46.29585,45.33547,-0.00832562067125764,45.3376942563154,-0.00610136435588396
46.3072,45.33322,-0.0105756206712613,45.3374788069098,-0.00631681376150437
46.3185,45.33432,-0.00947562067126029,45.3374531793865,-0.00634244128476817
46.32981,45.3368,-0.0069956206712618,45.3376188527594,-0.00617676791190363
46.34115,45.34238,-0.00141562067125989,45.3379645259514,-0.00583109471982488
46.35248,45.34292,-0.000875620671259014,45.3384690904831,-0.00532653018811467
46.3638,45.34741,0.00361437932874509,45.3391047033576,-0.00469091731368115
46.37514,45.33225,-0.0115456206712565,45.339839000002,-0.00395662066924715
46.38649,45.33919,-0.00460562067125636,45.3406360995383,-0.00315952113292895
46.3978,45.33561,-0.00818562067125583,45.3414568675255,-0.00233875314571716
46.40912,45.34628,0.00248437932874168,45.3422593794858,-0.00153624118548231
46.42045,45.33864,-0.00515562067126041,45.3430003927569,-0.000795227914318492
46.43181,45.34515,0.00135437932873828,45.3436380842504,-0.000157536420909327
46.44313,45.34679,0.00299437932874014,45.344135748369,0.00034012769775216
46.45447,45.34549,0.00169437932873961,45.3444658003461,0.000670179674789469
46.46576,45.34548,0.00168437932874355,45.3446133262701,0.000817705598833787
46.47708,45.34202,-0.00177562067126047,45.3445785390871,0.000782918415852274
46.48838,45.34457,0.000774379328738917,45.344377758532,0.000582137860695127
46.49973,45.34499,0.00119437932874433,45.3440427643692,0.000247143697953302
46.51107,45.34879,0.00499437932874258,45.3436184544359,-0.00017716623537797
46.52241,45.34418,0.000384379328743023,45.3431587395715,-0.000636881099794957
46.53376,45.34626,0.00246437932874244,45.3427207333817,-0.00107488728958601
46.54507,45.33596,-0.00783562067125843,45.3423576821769,-0.00143793849435983
46.55641,45.33625,-0.00754562067125875,45.3421116284443,-0.001683992226953
46.56773,45.34348,-0.000315620671258898,45.3420071959843,-0.00178842468700641
46.57907,45.34077,-0.00302562067125933,45.3420478252507,-0.00174779542059445
46.59042,45.33653,-0.00726562067125514,45.3422152596216,-0.00158036104965186
46.60176,45.34724,0.00344437932874087,45.3424723708445,-0.00132324982678222
46.61308,45.34389,9.43793287433436e-05,45.3427687911655,-0.00102682950580409
46.62443,45.34098,-0.00281562067125662,45.3430483849066,-0.000747235764684146
46.63577,45.34542,0.00162437932873871,45.3432573757322,-0.000538244939037917
46.64709,45.34457,0.000774379328738917,45.3433519555925,-0.000443665078754473
46.65842,45.34762,0.00382437932874069,45.3433043507167,-0.00049126995451543
46.66976,45.34183,-0.00196562067125683,45.3431065317447,-0.000689088926565283
46.68108,45.34487,0.00107437932874177,45.3427710622947,-0.00102455837656895
46.69242,45.3443,0.00050437932873848,45.3423290042423,-0.00146661642894145
46.70376,45.3402,-0.00359562067125552,45.3418252548029,-0.00197036586837057
46.7151,45.33818,-0.0056156206712572,45.3413120831031,-0.0024835375681785
46.72643,45.34379,-5.62067125997601e-06,45.340841908927,-0.00295371174430536
46.73778,45.33179,-0.0120056206712604,45.340460466825,-0.00333515384622793
46.74911,45.33884,-0.00495562067126087,45.3402013737448,-0.00359424692641061
46.76046,45.34889,0.0050943793287388,45.3400827684113,-0.00371285225993014
46.77179,45.33442,-0.00937562067125697,45.340106191453,-0.00368942921821846
46.78312,45.34161,-0.00218562067125561,45.3402574212127,-0.0035381994585454
46.79443,45.34099,-0.00280562067126056,45.3405087832722,-0.00328683739903322
46.80578,45.34018,-0.00361562067126187,45.3408224962158,-0.00297312445547956
46.81709,45.34233,-0.00146562067126155,45.341154699321,-0.00264092135030271
46.82843,45.33975,-0.00404562067125624,45.3414598297249,-0.00233579094635783
46.83976,45.34008,-0.00371562067125808,45.3416950176514,-0.00210060301985502
46.85106,45.34684,0.0030443793287418,45.3418241608335,-0.00197145983776627
46.8624,45.34331,-0.000485620671256015,45.3418213015076,-0.00197431916370877
46.87373,45.33698,-0.00681562067126151,45.3416729190105,-0.00212270166079357
46.88507,45.34155,-0.00224562067126044,45.3413788656887,-0.00241675498257148
46.89642,45.34873,0.00493437932874485,45.3409518740027,-0.002843746668514
46.90778,45.33986,-0.00393562067125686,45.3404157063005,-0.00337991437073137
46.91911,45.33774,-0.00605562067126186,45.3398021300055,-0.00399349066579318
46.93044,45.3318,-0.0119956206712573,45.3391471481278,-0.00464847254347732
46.94179,45.33651,-0.00728562067126148,45.3384872327643,-0.00530838790698239
46.95311,45.34431,0.000514379328741654,45.3378563474417,-0.00593927322953338
46.96442,45.33637,-0.00742562067125618,45.3372841309194,-0.00651148975189534
46.97575,45.33961,-0.00418562067125805,45.3367950479994,-0.00700057267189985
46.98708,45.33107,-0.0127256206712616,45.3364080375456,-0.00738758312567736
46.9984,45.34109,-0.00270562067125724,45.3361363064109,-0.00765931426039855
47.00972,45.33468,-0.00911562067125971,45.3359871675085,-0.00780845316276454
47.02108,45.33513,-0.00866562067125898,45.3359619647816,-0.00783365588963814
47.03239,45.33414,-0.00965562067126058,45.336056171949,-0.00773944872224289
47.04373,45.33743,-0.00636562067126079,45.3362597684886,-0.00753585218266379
47.05505,45.34187,-0.00192562067125834,45.3365579661582,-0.00723765451309643
47.06636,45.32812,-0.01567562067126,45.3369322788294,-0.00686334184184508
47.07768,45.34034,-0.00345562067126082,45.3373618886519,-0.0064337320193439
47.08902,45.33807,-0.00572562067125659,45.3378252841512,-0.00597033652010196
47.10036,45.33617,-0.00762562067125572,45.338302108041,-0.00549351263023764
47.11167,45.34208,-0.00171562067125564,45.3387749959264,-0.00502062474484549
47.12298,45.33903,-0.00476562067125741,45.339231024235,-0.00456459643621861
47.13431,45.34187,-0.00192562067125834,45.339662335931,-0.00413328474028637
47.14562,45.34328,-0.000515620671258432,45.340065603502,-0.00373001716927613
47.15694,45.34061,-0.00318562067126038,45.3404402191265,-0.00335540154476829
47.16826,45.33999,-0.00380562067125823,45.3407854640413,-0.00301015662994164
47.1796,45.33248,-0.0113156206712617,45.3410973351854,-0.00269828548590519
47.19091,45.34272,-0.00107562067125855,45.3413660216681,-0.00242959900313301
47.20223,45.34092,-0.00287562067126146,45.3415750014186,-0.00222061925261368
47.21354,45.34066,-0.00313562067125872,45.341702301366,-0.00209331930526752
47.22486,45.34327,-0.000525620671261606,45.34172384601,-0.00207177466127024
47.23619,45.33808,-0.00571562067126052,45.3416183123778,-0.00217730829343298
47.24752,45.3455,0.00170437932874279,45.3413726279877,-0.00242299268352061
47.25885,45.34184,-0.00195562067126076,45.3409871168502,-0.00280850382108145
47.27021,45.33875,-0.00504562067126102,45.3404792505944,-0.00331637007689955
47.28154,45.35265,0.00885437932873856,45.3398850273149,-0.00391059335635213
47.29285,45.33772,-0.00607562067126111,45.339257247295,-0.00453837337629332
47.30419,45.3359,-0.00789562067125615,45.3386604463763,-0.00513517429500403
47.31555,45.33709,-0.00670562067125502,45.3381629755696,-0.00563264510161911
47.32687,45.33681,-0.00698562067125863,45.3378274574955,-0.00596816317575967
47.3382,45.33794,-0.00585562067125522,45.3377012636369,-0.00609435703438051
47.34957,45.33486,-0.00893562067125941,45.3378086295474,-0.00598699112383945
47.3609,45.32934,-0.0144556206712565,45.3381457456759,-0.00564987499534718
47.37225,45.33865,-0.00514562067125723,45.3386797803278,-0.00511584034346288
47.38358,45.34277,-0.00102562067125689,45.3393522406873,-0.00444337998391223
47.39492,45.33733,-0.006465620671257,45.3400863082723,-0.00370931239898844
47.40625,45.34066,-0.00313562067125872,45.3407970047108,-0.00299861596046562
47.41758,45.34978,0.00598437932874418,45.3414025447041,-0.00239307596712562
47.42893,45.34071,-0.00308562067125706,45.34183509646,-0.00196052421125971
47.44028,45.34616,0.00236437932873912,45.3420493301309,-0.00174629054040364
47.45163,45.33778,-0.00601562067125627,45.3420275610596,-0.00176805961170261
47.46296,45.34773,0.00393437932874008,45.3417809005859,-0.0020147200853242
47.47428,45.34802,0.00422437932873976,45.3413464117463,-0.00244920892501091
47.4856,45.33833,-0.00546562067125933,45.3407807440126,-0.00301487665866799
47.49693,45.33143,-0.012365620671261,45.3401512252379,-0.00364439543333655
47.50828,45.33377,-0.0100256206712572,45.3395259616927,-0.00426965897858539
47.51958,45.34198,-0.00181562067125896,45.3389648134098,-0.00483080726143788
47.53091,45.33707,-0.00672562067126137,45.3385127964452,-0.00528282422601143
47.54222,45.33692,-0.00687562067125924,45.338196621769,-0.00559899890230751
47.55355,45.34199,-0.00180562067125578,45.3380242275053,-0.00577139316598945
47.56488,45.33754,-0.0062556206712614,45.3379866640939,-0.00580895657732792
47.5762,45.33939,-0.00440562067125683,45.3380615514255,-0.00573406924573424
47.58755,45.33505,-0.00874562067125595,45.3382174108742,-0.00557820979706812
47.59889,45.33923,-0.00456562067125788,45.3384183633486,-0.00537725732262005
47.61024,45.3358,-0.00799562067125947,45.3386288334249,-0.00516678724632984
47.62159,45.3448,0.00100437932874087,45.3388178953137,-0.00497772535754808
47.63292,45.33904,-0.00475562067126134,45.3389627701672,-0.00483285050405338
47.64425,45.34066,-0.00313562067125872,45.3390509057019,-0.00474471496938886
47.6556,45.34007,-0.00372562067126125,45.3390802005602,-0.00471542011101572
47.66692,45.34094,-0.00285562067125511,45.3390572845681,-0.00473833610317773
47.67825,45.33786,-0.0059356206712593,45.3389942003019,-0.00480142036938405
47.68956,45.33702,-0.00677562067125592,45.3389042257022,-0.0048913949690852
47.70089,45.33213,-0.0116656206712591,45.3387978607674,-0.0049977599038984
47.7122,45.33628,-0.00751562067125633,45.3386800746281,-0.0051155460431122
47.72354,45.33491,-0.00888562067125775,45.338549637142,-0.00524598352923333
47.73487,45.34972,0.00592437932873935,45.3384007108736,-0.00539490979769984
47.74623,45.33644,-0.00735562067125528,45.3382260733032,-0.00556954736810479
47.75756,45.34138,-0.00241562067125756,45.3380207920952,-0.00577482857608751
47.76889,45.33638,-0.00741562067126011,45.3377851951616,-0.00601042550963513
47.78023,45.33686,-0.00693562067125697,45.3375264684548,-0.00626915221650698
47.79152,45.33542,-0.0083756206712593,45.3372587872002,-0.00653683347101042
47.80283,45.33661,-0.00718562067125816,45.3370022239085,-0.00679339676276652
47.81417,45.34103,-0.00276562067125496,45.3367807191955,-0.00701490147572217
47.82552,45.3393,-0.00449562067125697,45.3366192792197,-0.00717634145159339
47.83686,45.33437,-0.00942562067125863,45.3365404933994,-0.00725512727181698
47.84821,45.33443,-0.0093656206712609,45.3365606157229,-0.00723500494833213
47.85952,45.33771,-0.00608562067125717,45.3366857714006,-0.00710984927069996
47.87085,45.33307,-0.0107256206712592,45.3369090943338,-0.00688652633741573
47.88217,45.33062,-0.0131756206712552,45.337209583613,-0.00658603705825466
47.89348,45.34216,-0.00163562067125866,45.3375531820313,-0.00624243863995055
47.9048,45.34082,-0.00297562067125767,45.3378960947787,-0.00589952589254274
47.91612,45.3364,-0.00739562067126087,45.3381898140072,-0.00560580666402834
47.92747,45.34356,-0.000235620671261927,45.3383869466522,-0.00540867401906302
47.93881,45.33421,-0.00958562067125968,45.3384469459628,-0.00534867470847579
47.95013,45.33779,-0.0060056206712602,45.3383411306136,-0.00545449005764618
47.96144,45.33389,-0.00990562067126177,45.3380566748412,-0.0057389458300177
47.97278,45.34196,-0.0018356206712582,45.3375993542462,-0.00619626642504795
47.98412,45.34395,0.000154379328741072,45.3369946842876,-0.00680093638365676
47.99545,45.33626,-0.00753562067125557,45.3362868714984,-0.00750874917281969
48.0068,45.33736,-0.00643562067126169,45.3355350401718,-0.00826058049945674
48.01812,45.33636,-0.00743562067125936,45.334806671396,-0.00898894927527432
48.02946,45.33109,-0.0127056206712552,45.3341689197299,-0.00962670094133108
48.04077,45.33174,-0.012055620671255,45.3336791247909,-0.0101164958803436
48.0521,45.32958,-0.0142156206712585,45.333376200141,-0.0104194205302898
48.06343,45.32535,-0.0184456206712582,45.3332745875265,-0.0105210331447316
48.07476,45.33208,-0.0117156206712608,45.3333620806889,-0.0104335399824101
48.08609,45.33406,-0.00973562067125755,45.3336020620362,-0.0101935586350182
48.09744,45.34113,-0.00266562067125875,45.3339396926457,-0.00985592802553596
48.10878,45.33564,-0.00815562067126052,45.3343106702772,-0.00948495039406844
48.12013,45.33546,-0.00833562067126081,45.3346507098331,-0.00914491083812334
48.13143,45.33917,-0.0046256206712556,45.3349040723966,-0.00889154827470609
48.14277,45.32618,-0.0176156206712577,45.3350300697884,-0.00876555088284692
48.1541,45.3415,-0.00229562067125499,45.3350071190291,-0.00878850164217279
48.16542,45.33913,-0.00466562067126119,45.3348343398495,-0.00896128082173614
48.17673,45.32803,-0.0157656206712602,45.334530856281,-0.0092647643902508
48.18807,45.33448,-0.00931562067125924,45.3341330642721,-0.00966255639920473
48.19942,45.33376,-0.0100356206712604,45.3336902889478,-0.0101053317234193
48.21075,45.33356,-0.0102356206712599,45.3332593624743,-0.0105362581969172
48.22207,45.33838,-0.00541562067125767,45.3328985768121,-0.0108970438591711
48.23339,45.32907,-0.0147256206712569,45.3326613299672,-0.0111342907040269
48.24473,45.33231,-0.0114856206712588,45.3325898111386,-0.011205809532678
48.25606,45.3327,-0.0110956206712558,45.3327092795842,-0.0110863410871028
48.26739,45.32869,-0.0151056206712568,45.3330236952079,-0.0107719254633311
48.27875,45.33467,-0.00912562067125577,45.3335134757948,-0.0102821448764415
48.29008,45.3304,-0.0133956206712611,45.3341359573695,-0.00965966330171344
48.30144,45.33552,-0.00827562067125598,45.3348287920011,-0.00896682867014979
48.31277,45.33082,-0.0129756206712557,45.335516107557,-0.00827951311430333
48.32409,45.33952,-0.0042756206712582,45.3361168245045,-0.00767879616673682
48.33541,45.34301,-0.000785620671258869,45.3365541111157,-0.00724150955553655
48.34673,45.33618,-0.00761562067125965,45.3367646518576,-0.00703096881366444
48.35804,45.33224,-0.0115556206712597,45.3367063736063,-0.00708924706492413
48.36937,45.34146,-0.00233562067126059,45.3363635815869,-0.00743203908432828
48.38071,45.34016,-0.00363562067126111,45.3357488954764,-0.00804672519481675
48.39204,45.33997,-0.00382562067125747,45.3349017179673,-0.00889390270392075
48.40335,45.33048,-0.013315620671257,45.3338833011848,-0.00991231948641867
48.41471,45.32626,-0.0175356206712607,45.3327690248403,-0.0110265958309639
48.42604,45.33123,-0.0125656206712605,45.3316391651295,-0.0121564555417256
48.43737,45.33058,-0.0132156206712608,45.3305697973028,-0.0132258233684926
48.44872,45.32445,-0.0193456206712597,45.3296252823485,-0.0141703383227199
48.46003,45.33123,-0.0125656206712605,45.3288532122821,-0.0149424083891794
48.47137,45.33366,-0.0101356206712566,45.3282820710938,-0.0155135495774625
48.48269,45.31876,-0.025035620671261,45.3279214125223,-0.0158742081489266
48.49403,45.32992,-0.0138756206712571,45.3277641190196,-0.0160315016516123
48.50536,45.32834,-0.0154556206712613,45.327790229022,-0.0160053916492394
48.51665,45.32979,-0.0140056206712558,45.327971729629,-0.0158238910422125
48.52798,45.3311,-0.0126956206712592,45.3282775348279,-0.0155180858433354
48.53932,45.33223,-0.0115656206712558,45.3286777709094,-0.0151178497618401
48.55065,45.32906,-0.0147356206712601,45.3291466630753,-0.0146489575959312
48.56196,45.32451,-0.0192856206712619,45.3296637579807,-0.0141318626905305
48.57327,45.3287,-0.0150956206712607,45.3302137392719,-0.0135818813993665
48.58461,45.33364,-0.0101556206712559,45.3307854282565,-0.0130101924147948
48.59594,45.3302,-0.0135956206712606,45.3313705373548,-0.0124250833164666
48.60728,45.33328,-0.0105156206712564,45.331962464928,-0.0118331557432506
48.6186,45.33479,-0.00900562067126032,45.3325551725218,-0.0112404481494714
48.62995,45.32863,-0.0151656206712616,45.3331421398803,-0.0106534807909423
48.64128,45.33363,-0.010165620671259,45.3337154965245,-0.01008012414671
48.65264,45.33501,-0.00878562067126154,45.3342655253572,-0.00953009531402855
48.66398,45.33648,-0.0073156206712568,45.3347807023598,-0.00901491831142913
48.67534,45.33321,-0.0105856206712573,45.3352482910212,-0.00854732965002022
48.68669,45.33466,-0.00913562067125895,45.335655384388,-0.00814023628323443
48.69804,45.33447,-0.00932562067125531,45.3359902534209,-0.0078053672503854
48.70935,45.34041,-0.00338562067125991,45.3362438322598,-0.00755178841149321
48.72068,45.33984,-0.0039556206712561,45.3364110686245,-0.00738455204673513
48.73199,45.33531,-0.00848562067125869,45.3364917880155,-0.00730383265571309
48.74332,45.33669,-0.00710562067126119,45.3364908465869,-0.00730477408435456
48.75463,45.32471,-0.0190856206712553,45.3364176903868,-0.00737793028448351
48.76596,45.34001,-0.00378562067125898,45.3362857347837,-0.00750988588754225
48.77729,45.33897,-0.00482562067125514,45.3361118998501,-0.0076837208211245
48.78865,45.34533,0.00153437932873857,45.3359161514697,-0.00787946920158305
48.79999,45.33675,-0.00704562067125636,45.3357204103315,-0.00807521033980384
48.81135,45.33099,-0.0128056206712586,45.3355462259764,-0.00824939469482238
48.82268,45.33475,-0.0090456206712588,45.3354112707013,-0.00838434996995158
48.83403,45.33034,-0.0134556206712588,45.335325529631,-0.0084700910402737
48.84537,45.33228,-0.0115156206712612,45.3352884805765,-0.00850714009471327
48.85671,45.33347,-0.0103256206712601,45.3352883670391,-0.00850725363217571
48.86805,45.33523,-0.00856562067125566,45.3353040403548,-0.00849158031641999
48.87937,45.34052,-0.00327562067126053,45.3353090681377,-0.00848655253352975
48.8907,45.33629,-0.00750562067126026,45.3352771432692,-0.00851847740204742
48.90206,45.33815,-0.00564562067125962,45.3351875072825,-0.00860811338876842
48.91338,45.33109,-0.0127056206712552,45.3350292204924,-0.00876640017882754
48.92472,45.33553,-0.00826562067125991,45.3348035380958,-0.0089920825754636
48.93605,45.34025,-0.00354562067126096,45.3345241010117,-0.00927151965960657
48.9474,45.33624,-0.00755562067126192,45.334214929858,-0.00958069081325341
48.95874,45.33829,-0.00550562067125782,45.3339064095984,-0.00988921107287354
48.97009,45.32176,-0.0220356206712609,45.3336298108149,-0.0101658098563441
48.98142,45.32816,-0.0156356206712616,45.3334114325549,-0.010384188116375
48.99275,45.33562,-0.00817562067125976,45.3332678107685,-0.0105278099027533
49.00409,45.33113,-0.0126656206712568,45.3332032034286,-0.0105924172426237
49.01542,45.33617,-0.00762562067125572,45.3332097700072,-0.0105858506641066
49.02673,45.33634,-0.0074556206712586,45.3332700003046,-0.0105256203666945
49.03807,45.33063,-0.0131656206712591,45.3333604697577,-0.0104351509135653
49.04938,45.33716,-0.00663562067126122,45.3334559792566,-0.0103396414146351
49.0607,45.33032,-0.0134756206712581,45.3335333840505,-0.0102622366207391
49.07201,45.33362,-0.0101756206712551,45.3335747027063,-0.0102209179649765
49.08333,45.33624,-0.00755562067126192,45.3335692832959,-0.0102263373753203
49.09467,45.33674,-0.00705562067125953,45.3335148695795,-0.0102807510917778
49.106,45.3307,-0.0130956206712582,45.3334174471604,-0.0103781735108416
49.11735,45.33048,-0.013315620671257,45.3332898849016,-0.0105057357696569
49.12869,45.33762,-0.00617562067125732,45.333149620223,-0.0106460004482922
49.14001,45.32983,-0.0139656206712573,45.3330158081939,-0.010779812477372
49.15136,45.33404,-0.00975562067125679,45.3329063606662,-0.0108892600050296
49.16267,45.33235,-0.0114456206712603,45.3328352277986,-0.0109603928727042
49.17401,45.33611,-0.00768562067126055,45.3328102312667,-0.010985389404581
49.18534,45.32773,-0.0160656206712559,45.3328317599213,-0.0109638607499999
49.19669,45.32658,-0.0172156206712586,45.3328926594937,-0.0109029611775604
49.20804,45.33363,-0.010165620671259,45.3329796099859,-0.0108160106853142
49.21937,45.33341,-0.0103856206712578,45.3330760187671,-0.0107196019041667
49.23068,45.34293,-0.00086562067125584,45.3331659062919,-0.0106297143793879
49.242,45.33562,-0.00817562067125976,45.333237700638,-0.0105579200332911
49.25331,45.32985,-0.013945620671258,45.3332867286261,-0.0105088920451736
49.26466,45.33621,-0.00758562067125723,45.3333156673552,-0.0104799533160662
49.27597,45.33184,-0.0119556206712588,45.3333330129906,-0.010462607680688
49.28731,45.32486,-0.0189356206712574,45.3333502701345,-0.010445350536758
49.29864,45.33917,-0.0046256206712556,45.3333788146381,-0.0104168060331305
49.30996,45.33057,-0.0132256206712569,45.3334272483977,-0.0103683722735096
49.32127,45.33447,-0.00932562067125531,45.3334996865821,-0.0102959340891756
49.33262,45.33738,-0.00641562067125534,45.3335950164925,-0.0102006041787587
49.34396,45.32912,-0.0146756206712553,45.3337069488508,-0.0100886718204213
49.35529,45.33598,-0.00781562067125918,45.3338246859241,-0.00997093474715714
49.36662,45.3308,-0.0129956206712549,45.3339341386037,-0.00986148206752135
49.37794,45.33427,-0.00952562067126195,45.3340196856835,-0.00977593498773942
49.38928,45.33492,-0.00887562067126169,45.3340663992918,-0.0097292213794811
49.40063,45.33408,-0.00971562067125831,45.3340624886373,-0.00973313203395252
49.41195,45.3361,-0.00769562067125662,45.334001543582,-0.00979407708926568
49.4233,45.33816,-0.00563562067125645,45.3338840924911,-0.00991152818015697
49.43464,45.32909,-0.0147056206712577,45.3337180852321,-0.0100775354391541
49.44599,45.3359,-0.00789562067125615,45.3335181705024,-0.010277450168893
49.45735,45.33138,-0.0124156206712556,45.3333039628334,-0.0104916578378827
49.46867,45.33491,-0.00888562067125775,45.3330977338837,-0.0106978867875357
49.47999,45.32402,-0.0197756206712612,45.3329220287602,-0.0108735919110822
49.49132,45.33822,-0.00557562067125872,45.3327976218553,-0.0109979988159928
49.50265,45.33461,-0.00918562067126061,45.332742010698,-0.0110536099732625
49.51397,45.33386,-0.00993562067125708,45.3327683421129,-0.0110272785583074
49.52531,45.33125,-0.0125456206712613,45.3328844479554,-0.0109111727158924
49.53662,45.33695,-0.00684562067125682,45.3330917167216,-0.0107039039496363
49.54795,45.33438,-0.00941562067125545,45.3333837957763,-0.0104118248949504
49.55929,45.32919,-0.0146056206712615,45.3337454294624,-0.0100501912088624
49.57061,45.32898,-0.0148156206712571,45.3341519968127,-0.00964362385856646
49.58195,45.33278,-0.0110156206712588,45.3345704381138,-0.0092251825574558
49.59328,45.33397,-0.0098256206712577,45.3349620791951,-0.00883354147615804
49.6046,45.33841,-0.00538562067125525,45.33528730165,-0.00850831902124202
49.61594,45.33897,-0.00482562067125514,45.3355112843471,-0.00828433632412319
49.62731,45.33972,-0.00407562067125866,45.3356095297935,-0.00818609087771244
49.63865,45.33622,-0.00757562067126116,45.3355718398995,-0.00822378077181025
49.64997,45.33771,-0.00608562067125717,45.3354038256708,-0.00839179500047733
49.66131,45.33118,-0.0126156206712551,45.3351257285364,-0.00866989213482726
49.67265,45.33556,-0.00823562067125749,45.3347690205565,-0.00902660011478168
49.68399,45.33221,-0.011585620671255,45.3343717101658,-0.00942391050542825
49.69532,45.33292,-0.010875620671257,45.3339734186834,-0.0098222019878363
49.70663,45.32944,-0.0143556206712603,45.3336111597846,-0.0101844608866179
49.71796,45.33233,-0.0114656206712596,45.333316450987,-0.0104791696842898
49.72929,45.33547,-0.00832562067125764,45.3331139700721,-0.0106816505991241
49.7406,45.33717,-0.00662562067125805,45.3330214870638,-0.0107741336074247
49.75191,45.33105,-0.0127456206712608,45.3330503999781,-0.0107452206931944
49.76325,45.34062,-0.00317562067125721,45.3332060829742,-0.0105895376970272
49.77456,45.33409,-0.00970562067125513,45.3334874950004,-0.0103081256708837
49.7859,45.3289,-0.0148956206712612,45.3338859963985,-0.00990962427270932
49.79726,45.33025,-0.013545620671259,45.3343839063677,-0.00941171430359111
49.80859,45.32848,-0.0153156206712595,45.3349537676574,-0.00884185301380982
49.81993,45.33991,-0.0038856206712552,45.3355592788213,-0.00823634184993415
49.83126,45.33739,-0.00640562067125927,45.3361583105139,-0.00763731015734569
49.84259,45.33476,-0.00903562067125563,45.3367076253973,-0.00708799527396028
49.85392,45.34395,0.000154379328741072,45.33716832649,-0.00662729418123464
49.86527,45.33434,-0.00945562067126104,45.3375108971629,-0.00628472350839265
49.87659,45.33849,-0.00530562067125828,45.3377188787302,-0.00607674194106971
49.88795,45.34235,-0.0014456206712552,45.3377905606211,-0.00600506005020889
49.89928,45.33946,-0.00433562067125592,45.3377383985834,-0.00605722208781661
49.91062,45.33415,-0.0096456206712574,45.3375862036695,-0.00620941700174481
49.92192,45.34158,-0.00221562067125802,45.3373645087988,-0.00643111187245501
49.93324,45.33007,-0.0137256206712593,45.3371049062591,-0.00669071441212752
49.94456,45.33741,-0.00638562067126003,45.3368344220984,-0.00696119857290221
49.95589,45.33016,-0.0136356206712591,45.3365710194652,-0.0072246012060475
49.96721,45.34409,0.000294379328742878,45.3363210673495,-0.00747455332172338
49.97853,45.33175,-0.0120456206712589,45.3360791468454,-0.00771647382585266
49.98985,45.33121,-0.0125856206712598,45.3358300825398,-0.00796553813142298
50.00121,45.33951,-0.00428562067126137,45.3355527552558,-0.00824286541542628
50.01254,45.33892,-0.0048756206712568,45.3352250468167,-0.00857057385455951
50.02389,45.33537,-0.00842562067126096,45.3348290836793,-0.00896653699194392
50.03522,45.33281,-0.0109856206712564,45.334355868287,-0.00943975238429662
50.04653,45.33303,-0.0107656206712576,45.333808564219,-0.00998705645224639
50.05785,45.33391,-0.00988562067125542,45.3332040360103,-0.0105915846609209
50.06918,45.33833,-0.00546562067125933,45.3325724826774,-0.0112231379938732
50.08054,45.33173,-0.0120656206712582,45.3319550857163,-0.0118405349549118
50.09184,45.3339,-0.0098956206712586,45.3313997118294,-0.0123959088418454
50.10316,45.32832,-0.0154756206712605,45.3309550438213,-0.0128405768500045
50.1145,45.32244,-0.0213556206712582,45.3306639920337,-0.013131628637507
50.12581,45.33263,-0.0111656206712567,45.3305575906466,-0.0132380300246616
50.13713,45.33252,-0.0112756206712561,45.3306505493198,-0.0131450713514691
50.14848,45.32713,-0.0166656206712616,45.3309391974149,-0.0128564232563934
50.15981,45.33002,-0.0137756206712609,45.3314019961497,-0.0123936245215384
50.17112,45.3297,-0.0140956206712559,45.3320023723501,-0.0117932483211288
50.18245,45.33665,-0.00714562067125968,45.3326933333237,-0.0111022873476069
50.19379,45.33967,-0.00412562067126032,45.3334230195832,-0.0103726010880291
50.20514,45.33247,-0.0113256206712578,45.3341401119411,-0.0096555087301483
50.21647,45.33827,-0.00552562067125706,45.3347980735054,-0.0089975471658777
50.22781,45.3326,-0.0111956206712591,45.3353576551188,-0.00843796555241084
50.23911,45.33675,-0.00704562067125636,45.335787708782,-0.00800791188924706
50.25042,45.33578,-0.00801562067125872,45.3360648451329,-0.00773077553839201
50.26176,45.32791,-0.0158856206712557,45.3361727074863,-0.00762291318499945
50.27308,45.33434,-0.00945562067126104,45.3361016202629,-0.00769400040840456
50.28437,45.34613,0.00233437932874381,45.3358490977694,-0.00794652290183718
50.29568,45.32621,-0.0175856206712552,45.3354211994052,-0.0083744212660791
50.30702,45.33942,-0.00437562067126152,45.3348342068363,-0.00896141383492157
50.31834,45.33998,-0.0038156206712614,45.3341158480667,-0.00967977260460304
50.32967,45.33333,-0.0104656206712619,45.3333053457719,-0.0104902748993138
50.34102,45.33237,-0.0114256206712611,45.332451826273,-0.0113437943982563
50.35232,45.32754,-0.0162556206712594,45.3316110584344,-0.0121845622368917
50.36365,45.3306,-0.0131956206712616,45.3308409916482,-0.0129546290230996
50.37494,45.33061,-0.0131856206712584,45.3301968634504,-0.013598757220839
50.38629,45.32436,-0.0194356206712598,45.3297265931115,-0.0140690275597349
50.39761,45.33774,-0.00605562067126186,45.3294668773275,-0.014328743343761
50.40892,45.33051,-0.0132856206712617,45.3294400743382,-0.0143555463330216
50.42024,45.3327,-0.0110956206712558,45.3296517913302,-0.0141438293410496
50.43156,45.32274,-0.0210556206712553,45.3300892196926,-0.0137064009786136
50.44287,45.32375,-0.0200456206712616,45.3307206612149,-0.0130749594563355
50.45421,45.3306,-0.0131956206712616,45.3314970162462,-0.0122986044250446
50.46553,45.33247,-0.0113256206712578,45.3323558389493,-0.0114397817219659
50.47686,45.33897,-0.00482562067125514,45.3332278395562,-0.0105677811150742
50.4882,45.33295,-0.0108456206712617,45.3340448373803,-0.00975078329097456
50.49953,45.34235,-0.0014456206712552,45.3347476560774,-0.00904796459382761
50.51086,45.33073,-0.0130656206712558,45.3352925118204,-0.00850310885087162
50.52219,45.3412,-0.00259562067125785,45.3356549280095,-0.00814069266176158
50.53351,45.33231,-0.0114856206712588,45.3358308378411,-0.00796478283012274
50.54483,45.33296,-0.0108356206712585,45.3358350843889,-0.00796053628239139
50.55615,45.33996,-0.00383562067126064,45.3356978729961,-0.00809774767513653
50.56747,45.3374,-0.0063956206712561,45.3354598413198,-0.00833577935149113
50.57881,45.33483,-0.00896562067126183,45.3351663790046,-0.00862924166664112
50.59015,45.32702,-0.016775620671261,45.3348618403791,-0.00893378029212651
50.60147,45.33505,-0.00874562067125595,45.3345844201558,-0.00921120051544304
50.61279,45.33292,-0.010875620671257,45.3343625007374,-0.009433119933868
50.62409,45.33984,-0.0039556206712561,45.3342130012732,-0.00958261939802194
50.63538,45.32697,-0.0168256206712556,45.3341417559488,-0.0096538647225039
50.64672,45.33389,-0.00990562067126177,45.334145535807,-0.0096500848642571
50.65807,45.33629,-0.00750562067126026,45.3342151301706,-0.00958049050065082
50.66938,45.3406,-0.00319562067125645,45.334338769119,-0.00945685155227704
50.68071,45.33678,-0.00701562067126105,45.3345050202425,-0.00929060042875568
50.69201,45.3378,-0.00599562067125703,45.3347043364868,-0.0090912841844401
50.70332,45.32674,-0.0170556206712575,45.334928875284,-0.00886674538725938
50.71464,45.33479,-0.00900562067126032,45.3351709146387,-0.00862470603259736
50.72597,45.33782,-0.00597562067125779,45.3354207421528,-0.00837487851848673
50.73731,45.33057,-0.0132256206712569,45.3356649813095,-0.00813063936175855
50.74862,45.33898,-0.00481562067125907,45.3358860170796,-0.00790960359162812
50.75998,45.33416,-0.00963562067126134,45.3360627888951,-0.00773283177618225
50.77132,45.33569,-0.00810562067125886,45.3361729231263,-0.0076226975449267
50.78264,45.33332,-0.010475620671258,45.3361959776171,-0.00759964305413665
50.79399,45.33542,-0.0083756206712593,45.3361173992398,-0.00767822143141054
50.80533,45.33751,-0.00628562067125671,45.3359325813583,-0.00786303931293119
50.81665,45.34571,0.00191437932873839,45.3356501341283,-0.00814548654300041
50.82799,45.33997,-0.00382562067125747,45.3352932923915,-0.00850232827973333
50.83933,45.32725,-0.0165456206712591,45.3348985659192,-0.00889705475203271
50.85068,45.34083,-0.0029656206712616,45.3345114211228,-0.00928419954848079
50.86201,45.32723,-0.0165656206712583,45.3341797047958,-0.00961591587545794
50.87332,45.32877,-0.0150256206712598,45.3339461935918,-0.00984942707943263
50.88464,45.33712,-0.00667562067125971,45.3338418076905,-0.00995381298075128
50.89596,45.33907,-0.00472562067125892,45.3338807249586,-0.00991489571269682
50.90726,45.32368,-0.0201156206712554,45.3340581209502,-0.00973749972101697
50.91861,45.33317,-0.0106256206712558,45.3343508366137,-0.0094447840575966
50.92995,45.33211,-0.0116856206712583,45.3347210299541,-0.00907459071715771
50.9413,45.3339,-0.0098956206712586,45.3351225569742,-0.00867306369709905
50.95266,45.34092,-0.00287562067126146,45.3355092397829,-0.00828638088838933
50.96399,45.34146,-0.00233562067126059,45.335843490438,-0.00795213023328449
50.97532,45.34197,-0.00182562067125502,45.3361033636379,-0.00769225703337627
50.98663,45.33613,-0.00766562067126131,45.3362862914793,-0.00750932919195824
50.99797,45.33903,-0.00476562067125741,45.3364085178763,-0.00738710279499986
51.0093,45.33773,-0.00606562067125793,45.3365003309862,-0.00729528968509228
51.02061,45.3331,-0.0106956206712567,45.3365982169293,-0.00719740374191514
51.03193,45.33064,-0.013155620671256,45.3367357858133,-0.00705983485799775
51.04325,45.33179,-0.0120056206712604,45.3369356567989,-0.00685996387238129
51.05457,45.32745,-0.0163456206712596,45.3372043394185,-0.0065912812527761
51.0659,45.33981,-0.00398562067125852,45.3375314259717,-0.0062641946995213
51.07724,45.34504,0.00124437932873889,45.3378932008097,-0.00590241986152638
51.08855,45.33838,-0.00541562067125767,45.3382594439202,-0.00553617675109664
51.09987,45.34853,0.00473437932873821,45.3386012968903,-0.0051943237809521
51.11117,45.33936,-0.00443562067125924,45.3388979501797,-0.00489767049158592
51.12247,45.33625,-0.00754562067125875,45.3391405605366,-0.00465506013462938
51.13381,45.33985,-0.00394562067126003,45.3393328326954,-0.00446278797583746
51.14512,45.33833,-0.00546562067125933,45.339488640023,-0.00430698064821854
51.15645,45.34305,-0.000745620671260383,45.3396276044585,-0.00416801621274724
51.16778,45.33563,-0.00816562067125659,45.3397696979013,-0.0040259227699281
51.17911,45.33671,-0.00708562067126195,45.3399298849316,-0.00386573573961892
51.1904,45.34244,-0.00135562067125505,45.3401137531643,-0.00368186750700327
51.20171,45.3358,-0.00799562067125947,45.3403149226035,-0.0034806980678057
51.21302,45.34075,-0.00304562067125858,45.3405147181063,-0.00328090256500535
51.22435,45.34075,-0.00304562067125858,45.3406841897977,-0.00311143087359962
51.23565,45.34184,-0.00195562067126076,45.3407881807186,-0.00300743995267681
51.247,45.3378,-0.00599562067125703,45.3407908284658,-0.00300479220545542
51.25835,45.34343,-0.000365620671260558,45.3406616803,-0.00313394037122669
51.26968,45.34232,-0.00147562067125762,45.3403814981859,-0.0034141224853191
51.28101,45.34332,-0.000475620671259946,45.3399468072318,-0.00384881343948985
51.29233,45.3385,-0.00529562067125511,45.3393723332355,-0.0044232874357122
51.30365,45.34123,-0.00256562067125543,45.3386907545703,-0.00510486610091412
51.31498,45.3404,-0.00339562067125598,45.3379496349382,-0.00584598573309092
51.32631,45.33457,-0.00922562067125909,45.3372058840914,-0.00658973657986766
51.33764,45.33735,-0.00644562067125776,45.336518523001,-0.00727709767020867
51.34898,45.3308,-0.0129956206712549,45.335940865885,-0.00785475478629161
51.36032,45.32999,-0.0138056206712562,45.3355133928665,-0.00828222780473277
51.37165,45.34464,0.000844379328739819,45.3352584643152,-0.00853715635607419
51.38298,45.33258,-0.0112156206712584,45.3351776208714,-0.00861799979987511
51.39431,45.32723,-0.0165656206712583,45.3352517305539,-0.0085438901173249
51.40563,45.33387,-0.00992562067126102,45.3354439342243,-0.00835168644693539
51.41695,45.33815,-0.00564562067125962,45.3357051513702,-0.00809046930105075
51.42828,45.33537,-0.00842562067126096,45.3359815511865,-0.00781406948474641
51.43959,45.34541,0.00161437932874264,45.3362228361166,-0.0075727845546867
51.4509,45.33803,-0.00576562067125508,45.3363897821008,-0.00740583857046683
51.46221,45.33363,-0.010165620671259,45.3364595677525,-0.00733605291876178
51.47356,45.33931,-0.0044856206712609,45.3364279988154,-0.00736762185583472
51.48486,45.33511,-0.00868562067125822,45.3363084916905,-0.00748712898077752
51.49621,45.33998,-0.0038156206712614,45.3361282788825,-0.00766734178872843
51.50755,45.33435,-0.00944562067125787,45.3359226341676,-0.00787298650367669
51.51886,45.33127,-0.012525620671255,45.3357281188796,-0.00806750179165453
51.53022,45.32959,-0.0142056206712553,45.3355760157416,-0.00821960492969715
51.54153,45.33911,-0.00468562067126044,45.3354871221934,-0.00830849847783258
51.55286,45.33787,-0.00592562067125613,45.3354687534284,-0.00832686724290319
51.56418,45.32957,-0.0142256206712617,45.3355142360461,-0.00828138462515834
51.57552,45.33916,-0.00463562067125878,45.3356046724516,-0.00819094821961633
51.58687,45.33242,-0.0113756206712594,45.3357125128569,-0.00808310781432796
51.59818,45.33538,-0.00841562067125778,45.3358063687636,-0.00798925190766784
51.6095,45.33941,-0.00438562067125758,45.3358563642945,-0.00793925637676577
51.62083,45.34114,-0.00265562067125558,45.3358391503923,-0.00795647027898972
51.63219,45.33734,-0.00645562067126093,45.3357416462439,-0.00805397442737033
51.6435,45.33102,-0.0127756206712561,45.3355627869046,-0.00823283376670019
51.65483,45.33094,-0.0128556206712602,45.3353130558838,-0.00848256478744051
51.66618,45.34046,-0.00333562067125825,45.3350120944417,-0.00878352622953526
51.67751,45.3432,-0.000595620671255404,45.3346848730767,-0.0091107475945416
51.68884,45.33309,-0.0107056206712599,45.3343568256961,-0.00943879497513936
51.70017,45.33074,-0.0130556206712598,45.3340484130048,-0.00974720766641758
51.71148,45.32237,-0.0214256206712591,45.3337700538094,-0.0100255668618948
51.72284,45.32793,-0.0158656206712564,45.3335188928739,-0.0102767277973684
51.73419,45.3339,-0.0098956206712586,45.3332788220448,-0.0105167986264707
51.7455,45.33466,-0.00913562067125895,45.3330242802259,-0.0107713404453188
51.75684,45.34193,-0.00186562067126061,45.3327270225153,-0.0110685981559544
51.76815,45.33375,-0.0100456206712565,45.3323639877117,-0.0114316329595282
51.77948,45.33443,-0.0093656206712609,45.3319241155427,-0.0118715051285243
51.79081,45.33366,-0.0101356206712566,45.3314124852309,-0.0123831354403533
51.80214,45.32781,-0.015985620671259,45.3308510892463,-0.0129445314249229
51.81347,45.32861,-0.0151856206712608,45.3302764709499,-0.013519149721348
51.82479,45.33172,-0.0120756206712613,45.3297350616985,-0.0140605589727532
51.83612,45.32948,-0.0143156206712618,45.3292772840374,-0.0145183366338603
51.84746,45.32356,-0.0202356206712579,45.3289514458822,-0.0148441747890446
51.8588,45.32937,-0.0144256206712612,45.3287983099748,-0.0149973106964173
51.87017,45.32689,-0.0169056206712597,45.3288470519078,-0.0149485687634363
51.88147,45.32839,-0.0154056206712596,45.3291130507719,-0.014682569899325
51.8928,45.328,-0.0157956206712555,45.3295975652515,-0.0141980554197519
51.90414,45.33414,-0.00965562067126058,45.330288930708,-0.0135066899632569
51.91548,45.3371,-0.00669562067125895,45.331164583146,-0.0126310375252446
51.92683,45.3328,-0.0109956206712596,45.3321930837151,-0.0116025369561873
51.93816,45.33448,-0.00931562067125924,45.3333355145623,-0.0104601061089748
51.9495,45.33274,-0.0110556206712573,45.3345461664316,-0.00924945423966074
51.96082,45.32592,-0.0178756206712549,45.3357731182708,-0.00802250240043635
51.97217,45.33012,-0.0136756206712576,45.336959744215,-0.0068358764562682
51.98351,45.34551,0.00171437932873886,45.338048057527,-0.00574756314421242
51.99482,45.33661,-0.00718562067125816,45.3389840559179,-0.00481156475334391
52.00616,45.34509,0.00129437932874055,45.3397242072253,-0.00407141344596356
52.01746,45.34496,0.00116437932874192,45.340241477657,-0.00355414301430366
52.0288,45.34452,0.000724379328744362,45.3405292052481,-0.00326641542315194
52.04014,45.34259,-0.00120562067125718,45.3406016099989,-0.00319401067238204
52.05147,45.33948,-0.00431562067125668,45.3404905846224,-0.0033050360488853
52.06278,45.33788,-0.00591562067126006,45.3402393806299,-0.00355624004137269
52.07413,45.33537,-0.00842562067126096,45.3398946175599,-0.00390100311138683
52.08544,45.33585,-0.00794562067125781,45.3394984517387,-0.00429716893250709
52.09678,45.33633,-0.00746562067126177,45.3390826365376,-0.00471298413361239
52.10811,45.33504,-0.00875562067125912,45.3386656465321,-0.00512997413920103
52.11944,45.34269,-0.00110562067126097,45.3382532016109,-0.00554241906039566
52.13078,45.33657,-0.00722562067125665,45.337841647796,-0.00595397287523501
52.14207,45.34523,0.00143437932874235,45.3374229669036,-0.00637265376765493
52.1534,45.33773,-0.00606562067125793,45.3369898884407,-0.0068057322305176
52.16472,45.3381,-0.00569562067126128,45.3365397432864,-0.00725587738487143
52.17605,45.33601,-0.00778562067125677,45.3360762494708,-0.00771937120041697
52.18742,45.33653,-0.00726562067125514,45.335609136267,-0.00818648440424412
52.19873,45.32787,-0.0159256206712612,45.3351521383964,-0.0086434822748675
52.21003,45.33262,-0.0111756206712599,45.3347202485709,-0.00907537210035352
52.22133,45.33681,-0.00698562067125863,45.3343271143937,-0.0094685062775723
52.23265,45.33771,-0.00608562067125717,45.3339831096513,-0.00981251101992254
52.24397,45.33701,-0.0067856206712591,45.3336941039898,-0.0101015166815052
52.25532,45.33168,-0.0121156206712598,45.3334606701943,-0.0103349504769097
52.26666,45.32928,-0.0145156206712613,45.3332776248899,-0.0105179957813291
52.27802,45.32578,-0.0180156206712567,45.3331342152046,-0.0106614054666845
52.28933,45.3333,-0.0104956206712572,45.3330155007072,-0.010780119964106
52.30065,45.33804,-0.00575562067125901,45.3329052177825,-0.0108904028887286
52.31198,45.33281,-0.0109856206712564,45.3327897372679,-0.011005883403353
52.32332,45.3354,-0.00839562067125854,45.3326620734147,-0.0111335472565324
52.33467,45.33289,-0.0109056206712594,45.3325246782473,-0.0112709424239539
52.34601,45.33831,-0.00548562067125857,45.332389999027,-0.011405621644254
52.35735,45.33643,-0.00736562067125845,45.3322782687519,-0.0115173519193834
52.36869,45.33358,-0.0102156206712607,45.3322126048464,-0.0115830158248702
52.38002,45.32341,-0.0203856206712558,45.3322122262221,-0.0115833944491336
52.39131,45.3246,-0.0191956206712618,45.3322853763982,-0.011510244273081
52.40267,45.32984,-0.0139556206712612,45.3324240010011,-0.0113716196702026
52.41402,45.328,-0.0157956206712555,45.3326019718029,-0.0111936488683326
52.42533,45.33779,-0.0060056206712602,45.3327776520691,-0.0110179686022018
52.43667,45.34117,-0.00262562067126026,45.3329003063309,-0.0108953143403957
52.44801,45.32611,-0.0176856206712586,45.3329188707191,-0.010876749952199
52.45934,45.33702,-0.00677562067125592,45.3327912831986,-0.0110043374726926
52.47065,45.32879,-0.0150056206712605,45.332492850406,-0.0113027702652886
52.48195,45.3364,-0.00739562067126087,45.3320225817155,-0.0117730389557825
52.49329,45.3334,-0.010395620671261,45.3314067034178,-0.0123889172534454
52.50462,45.33606,-0.00773562067125511,45.3306986955117,-0.0130969251595735
52.51596,45.32854,-0.0152556206712617,45.3299754133627,-0.0138202073085906
52.52731,45.33273,-0.0110656206712605,45.329329322137,-0.0144662985342866
52.53863,45.33076,-0.0130356206712605,45.3288575263156,-0.014938094355648
52.54993,45.32085,-0.0229456206712584,45.3286489410631,-0.0151466796081137
52.56127,45.32574,-0.0180556206712552,45.3287714619817,-0.0150241586895106
52.57262,45.3249,-0.0188956206712589,45.3292611954297,-0.0145344252415455
52.58397,45.33226,-0.0115356206712605,45.3301155638503,-0.0136800568209346
52.5953,45.3268,-0.0169956206712598,45.3312914107134,-0.0125042099578883
52.60663,45.32926,-0.0145356206712606,45.3327083601463,-0.011087260524924
52.61795,45.34081,-0.00298562067126085,45.3342569175884,-0.00953870308284912
52.6293,45.3339,-0.0098956206712586,45.3358102092761,-0.00798541139520607
52.64063,45.33623,-0.00756562067125799,45.3372378480955,-0.00655777257570744
52.65195,45.33582,-0.00797562067126023,45.3384202292809,-0.00537539139031579
52.66327,45.35205,0.00825437932873996,45.3392615697778,-0.00453405089344897
52.67459,45.34301,-0.000785620671258869,45.3397000919823,-0.00409552868898455
52.6859,45.33691,-0.00688562067125531,45.3397139827223,-0.00408163794895939
52.69724,45.34111,-0.00268562067125799,45.3393223558316,-0.0044732648396102
52.70856,45.33352,-0.0102756206712584,45.3385813548166,-0.00521426585465985
52.71986,45.34256,-0.0012356206712596,45.3375763239707,-0.00621929670051165
52.73121,45.339,-0.00479562067125983,45.3364113337515,-0.00738428691979383
52.74249,45.32632,-0.0174756206712559,45.335197377393,-0.00859824327823279
52.75382,45.33445,-0.00934562067126166,45.3340405420643,-0.00975507860695867
52.76516,45.33358,-0.0102156206712607,45.3330314541272,-0.0107641665440262
52.77651,45.33182,-0.011975620671258,45.3322371318927,-0.0115584887785973
52.78786,45.32716,-0.0166356206712592,45.3316960009852,-0.0120996196860632
52.79919,45.33204,-0.0117556206712592,45.3314164134077,-0.0123792072635579
52.81052,45.33041,-0.0133856206712579,45.3313786739892,-0.0124169466820583
52.82183,45.32574,-0.0180556206712552,45.3315402430594,-0.0122553776119058
52.83315,45.33931,-0.0044856206712609,45.3318433872084,-0.0119522334628274
52.84448,45.33375,-0.0100456206712565,45.3322241416309,-0.0115714790403193
52.85583,45.33641,-0.0073856206712577,45.3326211599592,-0.0111744607121023
52.86717,45.3341,-0.00969562067125906,45.332983041492,-0.0108125791792735
52.87849,45.33073,-0.0130656206712558,45.3332731302131,-0.0105224904581153
52.88984,45.33627,-0.0075256206712595,45.3334714170266,-0.0103242036446873
52.90117,45.33441,-0.00938562067126014,45.3335737540749,-0.0102218665963177
52.91249,45.33094,-0.0128556206712602,45.3335889483577,-0.0102066723135949
52.92381,45.33292,-0.010875620671257,45.3335344866493,-0.0102611340219672
52.93514,45.33153,-0.0122656206712577,45.33343173406,-0.0103638866112462
52.94647,45.32983,-0.0139656206712573,45.3333014184907,-0.010494202180578
52.95781,45.33433,-0.00946562067125711,45.3331600009394,-0.0106356197318804
52.96917,45.338,-0.0057956206712575,45.333017161821,-0.0107784588502448
52.98051,45.33284,-0.0109556206712611,45.3328742455001,-0.0109213751712031
52.99182,45.33669,-0.00710562067126119,45.3327233098176,-0.0110723108536665
53.00316,45.32737,-0.0164256206712565,45.3325465713063,-0.0112490493649208
53.01449,45.32826,-0.0155356206712582,45.3323164367433,-0.0114791839279909
53.02586,45.3316,-0.0121956206712568,45.3319966668251,-0.0117989538461338
53.03719,45.32486,-0.0189356206712574,45.3315452263346,-0.0122503943366613
53.04852,45.33814,-0.00565562067125569,45.3309189536114,-0.0128766670598264
53.05985,45.331,-0.0127956206712554,45.3300795150145,-0.0137161056567371
53.07117,45.33224,-0.0115556206712597,45.3289995295299,-0.0147960911413587
53.08248,45.33215,-0.0116456206712598,45.3276675507165,-0.0161280699547987
53.09379,45.32197,-0.0218256206712582,45.3260908741423,-0.0177047465289521
53.10512,45.32505,-0.0187456206712611,45.3242957402639,-0.0194998804073724
53.11642,45.32462,-0.0191756206712554,45.3223251280535,-0.0214704926177698
53.12773,45.32122,-0.0225756206712617,45.3202347530669,-0.0235608676044029
53.13908,45.311,-0.0327956206712585,45.3180880755961,-0.0257075450751458
53.15043,45.31768,-0.0261156206712556,45.315951207297,-0.027844413374264
53.16178,45.31138,-0.0324156206712587,45.3138885987887,-0.0299070218825701
53.17309,45.30849,-0.0353056206712594,45.3119601913333,-0.0318354293379703
53.18439,45.30843,-0.0353656206712571,45.3102203016849,-0.0335753189863493
53.19572,45.31464,-0.0291556206712613,45.3087179883774,-0.0350776322938987
53.20704,45.31075,-0.0330456206712597,45.3074981426279,-0.0362974780433451
53.21837,45.31017,-0.0336256206712591,45.3066022231367,-0.0371933975345658
53.22972,45.30805,-0.035745620671257,45.3060676308357,-0.037727989835548
53.24105,45.30314,-0.0406556206712594,45.3059252608349,-0.0378703598363683
53.25238,45.30428,-0.0395156206712599,45.306195546836,-0.037600073835295
53.26368,45.30592,-0.037875620671258,45.3068839670833,-0.036911653587939
53.27503,45.30418,-0.0396156206712561,45.3079772593564,-0.0358183613148398
53.28633,45.30946,-0.0343356206712571,45.3094414645757,-0.034354156095604
53.29768,45.30792,-0.0358756206712556,45.3112225172665,-0.0325731034047205
53.30902,45.31128,-0.032515620671262,45.3132495818815,-0.0305460387897705
53.32035,45.31997,-0.0238256206712606,45.3154407900113,-0.0283548306599291
53.3317,45.31885,-0.0249456206712608,45.3177105303386,-0.0260850903326913
53.34302,45.31993,-0.0238656206712591,45.3199770919637,-0.0238185287075465
53.35432,45.32448,-0.0193156206712572,45.3221693892341,-0.0216262314371726
53.36566,45.32973,-0.0140656206712606,45.3242317122018,-0.0195639084694539
53.37701,45.32485,-0.0189456206712606,45.3261258376412,-0.0176697830301053
53.38834,45.33024,-0.013555620671255,45.3278303219207,-0.0159652987505438
53.39968,45.32529,-0.0185056206712559,45.3293373588556,-0.0144582618156799
53.41103,45.32695,-0.0168456206712619,45.3306481188517,-0.0131475018195601
53.42238,45.33221,-0.011585620671255,45.3317677886901,-0.0120278319811572
53.4337,45.33298,-0.0108156206712593,45.3327014690948,-0.0110941515764961
53.44502,45.33086,-0.0129356206712572,45.3334517224436,-0.0103438982276194
53.45633,45.32978,-0.0140156206712589,45.3340181080188,-0.00977751265250296
53.46767,45.33781,-0.00598562067126096,45.3343986488572,-0.00939697181408385
53.479,45.33429,-0.0095056206712556,45.3345928169376,-0.00920280373369412
53.49035,45.34221,-0.001585620671257,45.3346052687003,-0.00919035197098513
53.50167,45.32903,-0.0147656206712554,45.3344493479024,-0.0093462727688851
53.513,45.33434,-0.00945562067126104,45.3341494652701,-0.00964615540114531
53.52434,45.33638,-0.00741562067126011,45.333741803033,-0.0100538176382114
53.53567,45.33836,-0.00543562067125691,45.3332731238535,-0.0105224968177326
53.54699,45.3307,-0.0130956206712582,45.3327976655453,-0.0109979551259368
53.55835,45.33068,-0.0131156206712575,45.3323723171858,-0.0114233034855107
53.5697,45.33072,-0.013075620671259,45.332050617857,-0.0117450028142578
53.58102,45.33249,-0.0113056206712585,45.3318764463873,-0.0119191742839275
53.59233,45.33684,-0.00695562067125621,45.3318783645375,-0.0119172561337702
53.60364,45.32327,-0.0205256206712576,45.3320654679822,-0.0117301526890295
53.61499,45.32201,-0.0217856206712597,45.332425478006,-0.0113701426652354
53.62634,45.33828,-0.00551562067126099,45.3329256566601,-0.0108699640111814
53.63766,45.33839,-0.0054056206712616,45.3335166813562,-0.0102789393150129
53.64899,45.3401,-0.00369562067125884,45.3341388243373,-0.00965679633399318
53.66033,45.33203,-0.0117656206712553,45.3347291273161,-0.00906649335513295
53.67164,45.33072,-0.013075620671259,45.3352282607975,-0.00856735987380895
53.68299,45.3357,-0.00809562067125569,45.335586312358,-0.00820930831324872
53.69432,45.33745,-0.00634562067126154,45.3357672667232,-0.00802835394803696
53.70568,45.34038,-0.00341562067125523,45.3357520309609,-0.00804358971034353
53.71699,45.34049,-0.00330562067125584,45.3355396827564,-0.00825593791489347
53.72832,45.329,-0.0147956206712578,45.3351466085053,-0.00864901216595421
53.73965,45.33384,-0.00995562067125633,45.3346035597406,-0.00919206093067527
53.75097,45.33051,-0.0132856206712617,45.3339511804162,-0.00984444025507929
53.76232,45.33925,-0.00454562067125863,45.3332348447987,-0.0105607758725212
53.77365,45.3316,-0.0121956206712568,45.332499534184,-0.0112960864872644
53.78498,45.3323,-0.011495620671262,45.3317852052588,-0.012010415412441
53.79634,45.32487,-0.0189256206712614,45.3311229911638,-0.0126726295074452
53.80767,45.33627,-0.0075256206712595,45.3305326667265,-0.0132629539447424
53.81901,45.32108,-0.0227156206712564,45.3300218706754,-0.0137737499958121
53.83032,45.32863,-0.0151656206712616,45.3295874283661,-0.0142081923052045
53.84165,45.33257,-0.0112256206712615,45.3292187648315,-0.0145768558398026
53.85298,45.32647,-0.017325620671258,45.3289029174412,-0.014892703230104
53.86429,45.33113,-0.0126656206712568,45.3286301607537,-0.0151654599175514
53.87561,45.33447,-0.00932562067125531,45.3283989153255,-0.0153967053457507
53.88695,45.33698,-0.00681562067126151,45.3282185698567,-0.0155770508145762
53.8983,45.32701,-0.0167856206712571,45.3281091789029,-0.0156864417683505
53.90963,45.32603,-0.0177656206712555,45.3280977549815,-0.0156978656897532
53.92097,45.32098,-0.0228156206712598,45.3282119245932,-0.0155836960780916
53.93228,45.32804,-0.015755620671257,45.3284726266118,-0.0153229940594832
53.94361,45.32528,-0.0185156206712591,45.3288878338381,-0.0149077868332086
53.95494,45.32582,-0.0179756206712582,45.3294488845509,-0.0143467361203068
53.9663,45.33037,-0.0134256206712564,45.3301302101688,-0.0136654105024416
53.97763,45.33263,-0.0111656206712567,45.330892375907,-0.0129032447642303
53.98898,45.33251,-0.0112856206712593,45.3316876075713,-0.0121080130999249
54.00032,45.33891,-0.00488562067125997,45.3324664812105,-0.011329139460729
54.01165,45.33733,-0.006465620671257,45.3331843185297,-0.0106113021415161
54.02296,45.32779,-0.0160056206712582,45.3338061134552,-0.00998950721609108
54.03426,45.33295,-0.0108456206712617,45.3343094249511,-0.00948619572016059
54.04559,45.33007,-0.0137256206712593,45.3346853202216,-0.00911030044962571
54.05692,45.34619,0.00239437932874154,45.3349377675605,-0.00885785311071971
54.06827,45.33426,-0.00953562067125802,45.3350817505603,-0.00871387011092228
54.07961,45.33715,-0.00664562067125729,45.335140143539,-0.00865547713224556
54.09094,45.32761,-0.0161856206712585,45.335139484065,-0.00865613660628401
54.10228,45.33928,-0.00451562067125622,45.3351052182808,-0.00869040239041247
54.11361,45.32812,-0.01567562067126,45.3350573833935,-0.00873823727778468
54.12494,45.33273,-0.0110656206712605,45.3350077014708,-0.00878791920043579
54.13625,45.33804,-0.00575562067125901,45.3349586995548,-0.00883692111642304
54.14758,45.33631,-0.00748562067126102,45.3349049290055,-0.00889069166578601
54.15891,45.33024,-0.013555620671255,45.3348358287579,-0.00895979191337216
54.17025,45.33929,-0.00450562067126015,45.3347394379128,-0.00905618275844281
54.18157,45.34065,-0.0031456206712619,45.3346060668761,-0.00918955379516401
54.19292,45.33127,-0.012525620671255,45.3344311141211,-0.00936450655015056
54.20423,45.33456,-0.00923562067125516,45.3342164536787,-0.00957916699259847
54.21556,45.33374,-0.0100556206712596,45.3339702297938,-0.00982539087740943
54.22689,45.33095,-0.0128456206712571,45.333705324267,-0.0100902964042448
54.23822,45.33845,-0.00534562067125677,45.3334369866454,-0.0103586340258747
54.24954,45.33047,-0.0133256206712602,45.3331801124094,-0.0106155082618361
54.26089,45.33109,-0.0127056206712552,45.332946577634,-0.0108490430372753
54.27222,45.33746,-0.00633562067125837,45.3327430159407,-0.0110526047305792
54.28355,45.32526,-0.0185356206712584,45.3325694415623,-0.0112261791089565
54.2949,45.32981,-0.0139856206712565,45.3324190997612,-0.0113765209100695
54.30625,45.33285,-0.0109456206712579,45.3322797894629,-0.0115158312083195
54.3176,45.33221,-0.011585620671255,45.3321365851002,-0.0116590355710701
54.32894,45.33347,-0.0103256206712601,45.3319753978557,-0.0118202228155736
54.34029,45.34036,-0.00343562067126157,45.3317863530177,-0.0120092676535766
54.35162,45.33259,-0.0112056206712552,45.3315657854741,-0.0122298351971981
54.36293,45.33504,-0.00875562067125912,45.3313159248812,-0.0124796957900119
54.37424,45.32762,-0.0161756206712553,45.3310420342856,-0.0127535863856579
54.38556,45.32549,-0.0183056206712564,45.3307476611337,-0.0130479595375983
54.39688,45.32932,-0.0144756206712557,45.3304293876798,-0.0133662329915007
54.40822,45.32551,-0.0182856206712572,45.3300727065291,-0.0137229141422004
54.41955,45.32866,-0.0151356206712592,45.3296503235393,-0.0141452971319421
54.43089,45.33229,-0.011505620671258,45.3291234963355,-0.014672124335777
54.4422,45.3243,-0.0194956206712575,45.3284462505327,-0.0153493701385709
54.45353,45.33096,-0.012835620671261,45.3275717141821,-0.0162239064891882
54.46485,45.32805,-0.015745620671261,45.3264594696444,-0.0173361510268193
54.47618,45.3209,-0.0228956206712567,45.325082707615,-0.0187129130562735
54.48753,45.33528,-0.0085156206712611,45.3234340057304,-0.0203616149408934
54.49887,45.32164,-0.0221556206712563,45.3215287163762,-0.0222669042950404
54.5102,45.32003,-0.0237656206712558,45.3194052861647,-0.024390334506534
54.5215,45.31136,-0.0324356206712579,45.317122406932,-0.0266732137392314
54.53281,45.31544,-0.0283556206712561,45.3147536003236,-0.0290420203476251
54.54415,45.31683,-0.0269656206712554,45.3123803352696,-0.0314152854016157
54.55545,45.3079,-0.035895620671262,45.3100848650083,-0.0337107556629392
54.56678,45.29897,-0.0448256206712614,45.307943818971,-0.0358518017002926
54.57812,45.30662,-0.0371756206712561,45.3060234450015,-0.0377721756698071
54.58945,45.30322,-0.0405756206712553,45.3043772041539,-0.0394184165173338
54.60078,45.30144,-0.042355620671259,45.3030459527007,-0.0407496679705104
54.61209,45.30727,-0.0365256206712559,45.3020602524885,-0.0417353681827699
54.62344,45.30138,-0.0424156206712567,45.3014437438687,-0.0423518768025743
54.63477,45.30589,-0.0379056206712605,45.3012162395043,-0.0425793811669408
54.64613,45.30732,-0.0364756206712613,45.3013953056058,-0.042400315065419
54.65745,45.29892,-0.0448756206712559,45.3019955461927,-0.0418000744785391
54.66879,45.30401,-0.0397856206712603,45.3030255047586,-0.0407701159126948
54.68012,45.30391,-0.0398856206712566,45.3044828740582,-0.0393127466130149
54.69143,45.29992,-0.0438756206712583,45.3063493173954,-0.0374463032758224
54.70273,45.30335,-0.0404456206712567,45.3085864617455,-0.0352091589257778
54.71407,45.30737,-0.0364256206712597,45.3111344500608,-0.0326611706105002
54.72538,45.31764,-0.0261556206712612,45.313913835121,-0.029881785550254
54.73672,45.31857,-0.0252256206712573,45.3168306763934,-0.0269649442778279
54.74807,45.32523,-0.0185656206712608,45.3197837973405,-0.0240118233307308
54.7594,45.32404,-0.0197556206712619,45.322672680552,-0.0211229401192747
54.77074,45.32311,-0.0206856206712587,45.3254045985488,-0.018391022122469
54.78209,45.32558,-0.0182156206712563,45.3279001252554,-0.0158954954158907
54.7934,45.33428,-0.00951562067125877,45.3300967709914,-0.0136988496798286
54.80475,45.33231,-0.0114856206712588,45.3319508299174,-0.0118447907538871
54.81609,45.33853,-0.0052656206712598,45.3334376179071,-0.0103580027641665
54.82743,45.32478,-0.0190156206712615,45.3345503533118,-0.00924526735948009
54.83879,45.33401,-0.00978562067125921,45.3352981503693,-0.00849747030191935
54.85011,45.33501,-0.00878562067126154,45.3357037901362,-0.00809183053510217
54.86143,45.33611,-0.00768562067126055,45.3358018071422,-0.00799381352904883
54.87275,45.34116,-0.00263562067125633,45.3356369465632,-0.00815867410805881
54.88407,45.33807,-0.00572562067125659,45.3352625306666,-0.00853309000469966
54.89541,45.33617,-0.00762562067125572,45.3347381008251,-0.00905751984616102
54.90672,45.33089,-0.0129056206712619,45.3341259969467,-0.00966962372453969
54.91803,45.32756,-0.0162356206712602,45.3334871168272,-0.0103085038440263
54.92936,45.3335,-0.0102956206712577,45.3328765914959,-0.0109190291753699
54.94069,45.33514,-0.0086556206712558,45.3323401942432,-0.0114554264280931
54.95201,45.33353,-0.0102656206712552,45.3319119572739,-0.0118836633974086
54.96336,45.33026,-0.0135356206712558,45.3316130281434,-0.012182592527883
54.97469,45.32692,-0.0168756206712573,45.331451603197,-0.0123440174742517
54.98602,45.33403,-0.00976562067125997,45.3314238405017,-0.0123717801696019
54.99735,45.33038,-0.0134156206712603,45.3315157138418,-0.0122799068294327
55.00867,45.3324,-0.0113956206712587,45.331705642412,-0.0120899782592516
55.02,45.33499,-0.00880562067126078,45.3319675095488,-0.0118281111224151
55.03136,45.33499,-0.00880562067126078,45.3322735624902,-0.0115220581810412
55.04266,45.32745,-0.0163456206712596,45.3325967623542,-0.0111988583170951
55.054,45.33507,-0.00872562067125671,45.3329124019337,-0.0108832187375417
55.0653,45.33355,-0.010245620671256,45.3331990944829,-0.0105965261884002
55.07663,45.32998,-0.0138156206712594,45.3334393943784,-0.0103562262929049
55.08796,45.33446,-0.00933562067125848,45.3336202937882,-0.0101753268830783
55.0993,45.33754,-0.0062556206712614,45.333733726669,-0.0100618940022917
55.11063,45.32775,-0.0160456206712567,45.3337770801776,-0.0100185404936597
55.12196,45.33577,-0.00802562067126189,45.3337536114999,-0.0100420091713132
55.13329,45.33546,-0.00833562067126081,45.3336726125444,-0.0101230081268379
55.14459,45.33912,-0.00467562067125726,45.3335491215268,-0.0102464991444705
55.15592,45.32696,-0.0168356206712588,45.3334029679052,-0.0103926527660546
55.16724,45.33168,-0.0121156206712598,45.3332570647064,-0.0105385559648135
55.17857,45.33717,-0.00662562067125805,45.3331351072641,-0.0106605134071197
55.18991,45.3374,-0.0063956206712561,45.3330589839714,-0.0107366366998137
55.20126,45.33031,-0.0134856206712612,45.333046180285,-0.0107494403862948
55.21259,45.32239,-0.0214056206712598,45.3331074747447,-0.0106881459265159
55.22391,45.33618,-0.00761562067125965,45.3332453833122,-0.010550237359091
55.23523,45.33727,-0.00652562067126183,45.3334538233103,-0.010341797360997
55.24653,45.34081,-0.00298562067126085,45.3337191012406,-0.0100765194306974
55.25787,45.3237,-0.0200956206712561,45.3340218535851,-0.00977376708618807
55.26919,45.33672,-0.00707562067125878,45.3343394595148,-0.00945616115641389
55.28052,45.33374,-0.0100556206712596,45.3346487074841,-0.0091469131871173
55.29184,45.33429,-0.0095056206712556,45.3349286998583,-0.00886692081296488
55.30316,45.33604,-0.00775562067126145,45.3351638677334,-0.00863175293781251
55.31449,45.33294,-0.0108556206712578,45.3353467012152,-0.00844891945609913
55.32581,45.34219,-0.00160562067125625,45.3354796003781,-0.00831602029316758
55.33714,45.34161,-0.00218562067125561,45.3355751830553,-0.00822043761593779
55.34846,45.33612,-0.00767562067125738,45.335654506918,-0.0081411137532696
55.35978,45.33205,-0.0117456206712561,45.3357431045085,-0.00805251616278178
55.37113,45.33131,-0.0124856206712565,45.3358654644973,-0.00793015617400406
55.38244,45.33385,-0.00994562067126026,45.3360392732126,-0.00775634745864433
55.39375,45.33207,-0.0117256206712568,45.3362709320929,-0.00752468857836409
55.40507,45.33701,-0.0067856206712591,45.3365534702792,-0.00724215039203951
55.4164,45.33925,-0.00454562067125863,45.3368672133829,-0.00692840728834304
55.42772,45.34118,-0.00261562067125709,45.3371828008134,-0.00661281985786485
55.43904,45.33607,-0.00772562067125904,45.3374656504441,-0.00632997022714792
55.45038,45.33395,-0.00984562067125694,45.3376808880049,-0.00611473266634971
55.4617,45.34001,-0.00378562067125898,45.3377979884941,-0.00599763217715778
55.47301,45.34398,0.000184379328743489,45.3377946305795,-0.0060009900917895
55.48435,45.33567,-0.0081256206712581,45.3376593666716,-0.00613625399961667
55.4957,45.3356,-0.00819562067125901,45.3373927896819,-0.00640283098931384
55.50705,45.33733,-0.006465620671257,45.3370071162117,-0.00678850445958229
55.51835,45.33771,-0.00608562067125717,45.3365244208489,-0.007271199822383
55.52968,45.33849,-0.00530562067125828,45.3359739299023,-0.00782169076896424
55.54103,45.32779,-0.0160056206712582,45.3353887983136,-0.00840682235770877
55.55238,45.33951,-0.00428562067126137,45.3348027923461,-0.00899282832519099
55.56371,45.3318,-0.0119956206712573,45.3342473055679,-0.00954831510331581
55.57504,45.33312,-0.0106756206712575,45.3337490493888,-0.0100465712824724
55.58639,45.33576,-0.00803562067125796,45.3333285790859,-0.0104670415853615
55.59775,45.33226,-0.0115356206712605,45.3329996499901,-0.0107959706811529
55.60905,45.32811,-0.0156856206712561,45.3327693142484,-0.0110263064229031
55.62037,45.33514,-0.0086556206712558,45.3326386391247,-0.0111569815465312
55.63169,45.33487,-0.00892562067125624,45.3326038696147,-0.0111917510565573
55.64304,45.33701,-0.0067856206712591,45.3326577304772,-0.0111378901941072
55.65435,45.32803,-0.0157656206712602,45.3327904823672,-0.0110051383040915
55.66566,45.33237,-0.0114256206712611,45.332990480829,-0.010805139842259
55.67699,45.3316,-0.0121956206712568,45.3332442812383,-0.0105513394329918
55.68832,45.33932,-0.00447562067125773,45.3335365215492,-0.010259099122048
55.69966,45.33026,-0.0135356206712558,45.3338497612116,-0.00994585945962349
55.711,45.33117,-0.0126256206712583,45.3341643128386,-0.0096313078326688
55.72234,45.34008,-0.00371562067125808,45.3344580582462,-0.00933756242502155
55.73367,45.3379,-0.00589562067126082,45.3347062678406,-0.00908935283070517
55.74501,45.32706,-0.0167356206712554,45.3348814689423,-0.00891415172898095
55.75633,45.33606,-0.00773562067125511,45.3349534966631,-0.00884212400818904
55.76765,45.33592,-0.00787562067125691,45.334890014031,-0.00890560664022757
55.77898,45.32995,-0.0138456206712618,45.3346578188864,-0.009137801784881
55.7903,45.33692,-0.00687562067125924,45.3342250545838,-0.00957056608750229
55.80164,45.33616,-0.00763562067125889,45.333564135656,-0.0102314850152272
55.81298,45.33067,-0.0131256206712607,45.3326549550391,-0.011140665632192
55.82434,45.32916,-0.0146356206712568,45.3314878354927,-0.0123077851785587
55.83567,45.33844,-0.00535562067125994,45.3300657255722,-0.0137298950990478
55.84701,45.32223,-0.0215656206712609,45.3284052442132,-0.0153903764580943
55.8583,45.33095,-0.0128456206712571,45.3265362923782,-0.0172593282930996
55.86965,45.32473,-0.0190656206712561,45.3245001113291,-0.0192955093421233
55.881,45.3238,-0.0199956206712599,45.322345891506,-0.0214497291652572
55.89235,45.32059,-0.0232056206712556,45.3201262813878,-0.02366933928349
55.90367,45.31632,-0.027475620671261,45.3178924007665,-0.0259032199047233
55.91499,45.30924,-0.0345556206712558,45.3156892153557,-0.0281064053155737
55.92633,45.31154,-0.0322556206712576,45.3135522672412,-0.0302433534300086
55.93764,45.31546,-0.0283356206712568,45.3115066117824,-0.0322890088888954
55.94895,45.30122,-0.0425756206712578,45.3095683388659,-0.0342272818053586
55.96029,45.3111,-0.0326956206712552,45.307748420736,-0.0360471999352995
55.97161,45.31142,-0.0323756206712602,45.3060580576037,-0.0377375630675679
55.98293,45.30373,-0.0400656206712569,45.304514297521,-0.0392813231502183
55.99426,45.30996,-0.0338356206712618,45.3031445600041,-0.0406510606671815
56.00562,45.29619,-0.0476056206712556,45.3019888926489,-0.0418067280223525
56.01696,45.30939,-0.034405620671258,45.3010993025121,-0.0426963181591937
56.02832,45.29535,-0.0484456206712593,45.3005361142157,-0.0432595064556056
56.03967,45.2982,-0.0455956206712571,45.3003618168693,-0.0434338038019266
56.05098,45.3074,-0.0363956206712572,45.3006332000488,-0.0431624206224192
56.06233,45.29953,-0.0442656206712613,45.3013927399963,-0.0424028806750058
56.07363,45.3036,-0.0401956206712555,45.3026602487868,-0.0411353718844757
56.08495,45.30231,-0.0414856206712599,45.3044258901635,-0.0393697305077794
56.09627,45.29446,-0.0493356206712576,45.3066458419729,-0.0371497786983129
56.10759,45.30643,-0.0373656206712596,45.3092419376293,-0.0345536830419519
56.1189,45.30978,-0.034015620671255,45.312106228847,-0.0316893918242578
56.13024,45.3182,-0.0255956206712611,45.315110455932,-0.028685164739299
56.14158,45.32081,-0.0229856206712569,45.318119153311,-0.0256764673602248
56.15285,45.3319,-0.011895620671261,45.321004083303,-0.022791537368283
56.16416,45.32512,-0.0186756206712602,45.3236573179871,-0.0201383026841903
56.17548,45.32289,-0.0209056206712575,45.326000696713,-0.0177949239582942
56.18682,45.33375,-0.0100456206712565,45.3279903660074,-0.0158052546638447
56.19817,45.33324,-0.0105556206712549,45.3296162296935,-0.0141793909777694
56.2095,45.32589,-0.0179056206712573,45.3308970371163,-0.0128985835549172
56.22081,45.32035,-0.0234456206712608,45.331872457942,-0.0119231627292972
56.23214,45.33877,-0.00502562067126178,45.3325938607723,-0.0112017598989812
56.24349,45.33467,-0.00912562067125577,45.3331154685934,-0.010680152077883
56.25484,45.33209,-0.0117056206712576,45.3334870479238,-0.0103085727474306
56.26619,45.32838,-0.0154156206712557,45.333748664233,-0.0100469564382207
56.27753,45.33878,-0.0050156206712586,45.3339276980885,-0.00986792258272363
56.28888,45.32905,-0.0147456206712562,45.3340382078836,-0.00975741278765661
56.30023,45.33585,-0.00794562067125781,45.3340825738633,-0.0097130468079539
56.31156,45.33225,-0.0115456206712565,45.3340551080549,-0.00974051261632097
56.32287,45.33051,-0.0132856206712617,45.3339470635181,-0.0098485571531757
56.33419,45.3423,-0.00149562067125686,45.3337522484943,-0.0100433721769941
56.34553,45.33609,-0.00770562067125979,45.3334722423568,-0.010323378314462
56.35685,45.33088,-0.012915620671258,45.3331201357011,-0.0106754849701296
56.36818,45.33141,-0.0123856206712603,45.3327219421062,-0.01107367856509
56.37952,45.3367,-0.00709562067125802,45.3323153137233,-0.0114803069479729
56.39083,45.33754,-0.0062556206712614,45.3319456657073,-0.0118499549640041
56.40218,45.33076,-0.0130356206712605,45.3316601355646,-0.0121354851066618
56.41349,45.32676,-0.0170356206712583,45.3315001445267,-0.0122954761445402
56.42483,45.32487,-0.0189256206712614,45.3314938143518,-0.012301806319447
56.43617,45.33052,-0.0132756206712585,45.33164987416,-0.0121457465112972
56.44748,45.32923,-0.0145656206712559,45.3319545797234,-0.0118410409478905
56.45884,45.33206,-0.01173562067126,45.3323724920488,-0.011423128622419
56.47017,45.33367,-0.0101256206712605,45.3328510345328,-0.010944586138499
56.48149,45.33653,-0.00726562067125514,45.333327941497,-0.0104676791742718
56.49283,45.33462,-0.00917562067125743,45.3337402217742,-0.0100553988970659
56.50418,45.3344,-0.00939562067125621,45.3340331285295,-0.00976249214179635
56.51551,45.33892,-0.0048756206712568,45.3341678013086,-0.00962781936262396
56.52684,45.33488,-0.00891562067126017,45.334126615214,-0.00966900545726513
56.53819,45.3292,-0.0145956206712583,45.333915725271,-0.00987989540027371
56.54952,45.33168,-0.0121156206712598,45.333564752614,-0.0102308680572796
56.56087,45.33855,-0.00524562067126055,45.3331238930982,-0.0106717275730896
56.57219,45.3399,-0.00389562067125837,45.3326588091276,-0.0111368115436959
56.58353,45.32721,-0.0165856206712576,45.3322436087739,-0.0115520118973667
56.59487,45.33071,-0.0130856206712551,45.3319523571556,-0.0118432635156407
56.60622,45.32845,-0.0153456206712619,45.3318500080431,-0.011945612628141
56.61756,45.3324,-0.0113956206712587,45.3319840573943,-0.0118115632769746
56.62889,45.32864,-0.0151556206712584,45.3323782425607,-0.0114173781105662
56.64022,45.3342,-0.00959562067125574,45.3330292470155,-0.0107663736557606
56.65157,45.32924,-0.0145556206712598,45.3339068643472,-0.00988875632404308
56.66289,45.33351,-0.0102856206712616,45.3349575882197,-0.00883803245157472
56.6742,45.34071,-0.00308562067125706,45.3361111340277,-0.00768448664353698
56.68556,45.33685,-0.00694562067126014,45.3372889489947,-0.00650667167654027
56.69691,45.34298,-0.000815620671261286,45.3384134199586,-0.00538220071265436
56.70823,45.33775,-0.00604562067125869,45.3394164012215,-0.0043792194497409
56.71955,45.3425,-0.00129562067125732,45.3402459127956,-0.00354970787567335
56.73089,45.34388,8.43793287401695e-05,45.3408702760495,-0.00292534462177172
56.74223,45.33788,-0.00591562067126006,45.3412793899931,-0.00251623067812666
56.75354,45.3463,0.00250437932874092,45.3414832352681,-0.00231238540311367
56.76487,45.34025,-0.00354562067126096,45.3415080261146,-0.00228759455662174
56.77623,45.33915,-0.00464562067126195,45.3413907139105,-0.00240490676078462
56.78755,45.339,-0.00479562067125983,45.3411727643412,-0.00262285633002585
56.79888,45.34082,-0.00297562067125767,45.3408942363385,-0.00290138433279227
56.81021,45.33649,-0.00730562067126073,45.340589105245,-0.00320651542627861
56.82156,45.33928,-0.00451562067125622,45.3402824722212,-0.00351314845009391
56.83286,45.339,-0.00479562067125983,45.3399898574211,-0.00380576325014317
56.8442,45.34275,-0.00104562067125613,45.3397182732607,-0.00407734741056724
56.85551,45.34839,0.00459437932874351,45.3394683118731,-0.00432730879815694
56.86684,45.34059,-0.00320562067125962,45.3392362405911,-0.00455938008017298
56.87819,45.33332,-0.010475620671258,45.3390152984653,-0.00478032220598392
56.88953,45.33844,-0.00535562067125994,45.3387960305937,-0.00499959007755383
56.90088,45.33153,-0.0122656206712577,45.3385662213086,-0.00522939936268974
56.91219,45.33816,-0.00563562067125645,45.3383112995834,-0.00548432108789054
56.92355,45.34367,-0.000125620671255433,45.3380158025834,-0.0057798180878605
56.93489,45.33955,-0.00424562067125578,45.3376658447318,-0.00612977593946507
56.94624,45.33164,-0.0121556206712583,45.3372519995333,-0.00654362113796759
56.95757,45.34236,-0.00143562067125913,45.3367718603465,-0.00702376032473123
56.96891,45.33471,-0.00908562067125729,45.3362317362333,-0.00756388443795624
56.98024,45.33477,-0.00902562067125956,45.3356471765825,-0.00814844408875959
56.99157,45.33873,-0.00506562067126026,45.3350421603842,-0.00875346028705284
57.0029,45.33718,-0.00661562067126198,45.3344468925404,-0.00934872813088219
57.01424,45.33199,-0.0118056206712609,45.3338943075156,-0.00990131315564773
57.0256,45.33356,-0.0102356206712599,45.3334156379305,-0.0103799827407652
57.03694,45.32497,-0.018825620671258,45.3330357326312,-0.010759888040041
57.04828,45.33651,-0.00728562067126148,45.3327690315633,-0.0110265891079145
57.0596,45.33379,-0.010005620671258,45.3326170256757,-0.0111785949955828
57.07095,45.32419,-0.0196056206712569,45.3325676604356,-0.0112279602356838
57.08229,45.3378,-0.00599562067125703,45.332596699068,-0.011198921603256
57.09363,45.33829,-0.00550562067125782,45.3326707110499,-0.0111249096213655
57.10498,45.32569,-0.0181056206712569,45.3327511096993,-0.0110445109719382
57.11633,45.3365,-0.00729562067125755,45.3327985701576,-0.0109970505136594
57.12767,45.32923,-0.0145656206712559,45.3327772607806,-0.0110183598906541
57.13897,45.3373,-0.00649562067125942,45.3326584828867,-0.0111371377845466
57.15027,45.33331,-0.0104856206712611,45.3324233644616,-0.0113722562096321
57.16158,45.33235,-0.0114456206712603,45.3320642457072,-0.0117313749640814
57.17292,45.33468,-0.00911562067125971,45.3315845056061,-0.0122111150651445
57.18424,45.3322,-0.0115956206712582,45.3309968665016,-0.0127987541697095
57.19557,45.31985,-0.0239456206712561,45.3303205940035,-0.0134750266677297
57.20692,45.32758,-0.0162156206712609,45.3295783341418,-0.0142172865294988
57.21825,45.33226,-0.0115356206712605,45.3287933875188,-0.0150022331524868
57.2296,45.33057,-0.0132256206712569,45.3279878534468,-0.0158077672244613
57.24096,45.3305,-0.0132956206712578,45.3271814561551,-0.0166141645161165
57.25231,45.32611,-0.0176856206712586,45.3263904544267,-0.0174051662445465
57.26364,45.32785,-0.0159456206712605,45.3256261322383,-0.0181694884329419
57.275,45.32153,-0.0222656206712557,45.3248928378602,-0.0189027828110501
57.28632,45.325,-0.0187956206712556,45.3241860517097,-0.0196095689616083
57.29767,45.31828,-0.025515620671257,45.3234912875379,-0.0203043331333886
57.30899,45.32297,-0.0208256206712605,45.3227846862952,-0.021010934376104
57.32032,45.31487,-0.0289256206712594,45.3220359476663,-0.0217596730049347
57.33166,45.32133,-0.0224656206712552,45.3212137929358,-0.0225818277354598
57.343,45.32135,-0.022445620671256,45.3202935127068,-0.0235021079644611
57.35433,45.32133,-0.0224656206712552,45.3192654206696,-0.0245302000016145
57.36565,45.33116,-0.0126356206712614,45.3181424117482,-0.0256532089230198
57.37699,45.31781,-0.025985620671257,45.3169645962335,-0.0268310244377137
57.38832,45.31631,-0.027485620671257,45.3157993798231,-0.0279962408481686
57.39968,45.31519,-0.0286056206712573,45.3147363534169,-0.0290592672543869
57.41103,45.30952,-0.0342756206712593,45.3138775741315,-0.0299180465397459
57.42237,45.32124,-0.0225556206712554,45.3133247711746,-0.0304708494966498
57.43369,45.30702,-0.0367756206712571,45.3131654767495,-0.0306301439217815
57.44504,45.30638,-0.0374156206712613,45.3134602044415,-0.0303354162297682
57.45637,45.30633,-0.0374656206712558,45.3142327548944,-0.0295628657768447
57.4677,45.31203,-0.0317656206712584,45.3154654202379,-0.0283302004333975
57.47904,45.3231,-0.0206956206712618,45.3171000433494,-0.0266955773218097
57.49036,45.32115,-0.0226456206712555,45.3190446374626,-0.024750983208689
57.50167,45.32061,-0.0231856206712564,45.3211840980674,-0.0226115226038121
57.513,45.32948,-0.0143156206712618,45.3233929625382,-0.0204026581330579
57.52432,45.32846,-0.0153356206712587,45.3255482791979,-0.0182473414733868
57.53565,45.31636,-0.0274356206712554,45.3275411596043,-0.0162544610669466
57.54699,45.33081,-0.0129856206712589,45.3292861848659,-0.0145094358054057
57.55831,45.33907,-0.00472562067125892,45.3307282400421,-0.0130673806291487
57.56966,45.3349,-0.00889562067126093,45.3318463920783,-0.0119492285930041
57.58101,45.33012,-0.0136756206712576,45.332654305215,-0.0111413154562498
57.59233,45.33192,-0.0118756206712618,45.3331968426182,-0.0105987780530371
57.60366,45.34165,-0.00214562067125712,45.3335430328174,-0.0102525878538169
57.615,45.32916,-0.0146356206712568,45.3337761489362,-0.0100194717351088
57.62632,45.33554,-0.00825562067125674,45.3339820303832,-0.00981359028804019
57.63765,45.33112,-0.0126756206712599,45.3342370578101,-0.00955856286111743
57.64896,45.32699,-0.0168056206712563,45.3345974226734,-0.00919819799782401
57.66032,45.3331,-0.0106956206712567,45.3350913491852,-0.00870427148603006
57.67164,45.3371,-0.00669562067125895,45.3357155567918,-0.00808006387948709
57.68299,45.33304,-0.0107556206712616,45.3364365163115,-0.00735910435974885
57.69432,45.3374,-0.0063956206712561,45.3371961849531,-0.0065994357181536
57.70565,45.34123,-0.00256562067125543,45.3379211849359,-0.00587443573531169
57.717,45.34,-0.00379562067125505,45.3385339438167,-0.00526167685457443
57.72835,45.34005,-0.0037456206712605,45.3389641359056,-0.00483148476569302
57.73969,45.33994,-0.00385562067125989,45.3391588464548,-0.00463677421645235
57.75101,45.34075,-0.00304562067125858,45.3390901843191,-0.00470543635219131
57.76234,45.34092,-0.00287562067126146,45.338759469824,-0.00503615084725864
57.77365,45.34273,-0.00106562067125537,45.3381975202123,-0.00559810045898545
57.785,45.33595,-0.0078456206712616,45.3374609620448,-0.00633465862648301
57.79634,45.33927,-0.00452562067125939,45.3366249863084,-0.00717063436290072
57.80766,45.33375,-0.0100456206712565,45.3357735174281,-0.00802210324317262
57.81897,45.3278,-0.015995620671255,45.3349882694414,-0.00880735122983075
57.8303,45.33194,-0.0118556206712555,45.3343384411188,-0.00945717955241535
57.84165,45.33421,-0.00958562067125968,45.3338727064229,-0.00992291424835077
57.85298,45.33314,-0.0106556206712582,45.3336146472477,-0.0101809734235621
57.86429,45.33212,-0.0116756206712552,45.3335620300898,-0.0102335905815086
57.8756,45.33619,-0.00760562067125647,45.333689658864,-0.0101059618072781
57.88693,45.32785,-0.0159456206712605,45.3339551212125,-0.00984049945879287
57.89827,45.33329,-0.0105056206712604,45.3343065247025,-0.00948909596877797
57.90963,45.3392,-0.00459562067126029,45.3346911231501,-0.00910449752119343
57.92094,45.34467,0.000874379328742236,45.3350634665827,-0.00873215408855481
57.93228,45.33872,-0.00507562067125633,45.335391509268,-0.00840411140325908
57.94361,45.34123,-0.00256562067125543,45.3356593279094,-0.00813629276185311
57.95493,45.32588,-0.0179156206712605,45.3358659481733,-0.00792967249800317
57.96627,45.33582,-0.00797562067126023,45.3360209967828,-0.00777462388846754
57.9776,45.32974,-0.0140556206712574,45.3361388907029,-0.0076567299683331
57.98896,45.33097,-0.0128256206712578,45.3362335588587,-0.00756206181253206
58.00031,45.33968,-0.00411562067125715,45.3363152078254,-0.00748041284584502
58.01162,45.33613,-0.00766562067126131,45.33638970035,-0.00740592032123086
58.02294,45.3386,-0.00519562067125889,45.336460138747,-0.00733548192424722
58.03426,45.34181,-0.00198562067125607,45.3365295842157,-0.00726603645557858
58.0456,45.33372,-0.0100756206712589,45.3366036620327,-0.00719195863856619
58.05694,45.3435,-0.000295620671259655,45.3366920468392,-0.00710357383205181
58.06829,45.33026,-0.0135356206712558,45.3368083086165,-0.0069873120547852
58.07962,45.34026,-0.00353562067125779,45.336968130215,-0.00682749045622475
58.09096,45.33889,-0.00490562067125921,45.337186324804,-0.00660929586727365
58.1023,45.33614,-0.00765562067125813,45.3374733200056,-0.00632230066563715
58.11364,45.32896,-0.0148356206712563,45.3378318839855,-0.00596373668576815
58.12499,45.34099,-0.00280562067126056,45.3382548976901,-0.0055407229811967
58.13634,45.33902,-0.00477562067126058,45.3387248359783,-0.00507078469299478
58.14766,45.33881,-0.00498562067125619,45.3392152153433,-0.00458040532793725
58.15899,45.34245,-0.00134562067125898,45.3396937538676,-0.00410186680368479
58.17032,45.3357,-0.00809562067125569,45.3401266570373,-0.00366896363394837
58.18165,45.34148,-0.00231562067126134,45.3404833734772,-0.00331224719401912
58.19297,45.33971,-0.00408562067126184,45.340741197303,-0.00305442336828474
58.20432,45.34435,0.00055437932874014,45.3408890573448,-0.00290656332647066
58.21566,45.3511,0.00730437932874395,45.3409297272302,-0.002865893441069
58.22698,45.34034,-0.00345562067126082,45.3408797079355,-0.00291591273571003
58.23832,45.33709,-0.00670562067125502,45.3407664200622,-0.00302920060910741
58.24966,45.33807,-0.00572562067125659,45.3406231126317,-0.00317250803959112
58.26099,45.3372,-0.00659562067125563,45.3404826880854,-0.00331293258590969
58.27235,45.3374,-0.0063956206712561,45.3403719881568,-0.00342363251441366
58.28368,45.34276,-0.00103562067126006,45.3403078306526,-0.00348779001861939
58.29499,45.33796,-0.00583562067125598,45.3402954683981,-0.0035001522731448
58.30634,45.3391,-0.00469562067125651,45.3403294977547,-0.00346612291654233
58.31769,45.33966,-0.00413562067125639,45.3403967707558,-0.00339884991542355
58.32902,45.34412,0.000324379328738189,45.3404805599726,-0.00331506069862605
58.34033,45.34351,-0.000285620671256481,45.3405650108578,-0.00323060981349736
58.35164,45.34496,0.00116437932874192,45.3406388212793,-0.00315679939200228
58.36298,45.33765,-0.00614562067126201,45.3406972508198,-0.00309836985147674
58.37433,45.34505,0.00125437932874206,45.3407420321954,-0.00305358847586287
58.38567,45.33535,-0.0084456206712602,45.3407793739556,-0.00301624671566243
58.39701,45.33926,-0.00453562067125546,45.3408167555755,-0.00297886509577273
58.40834,45.34202,-0.00177562067126047,45.3408594543418,-0.00293616632946339
58.41966,45.34031,-0.00348562067125613,45.3409076778548,-0.00288794281649615
58.43099,45.33833,-0.00546562067125933,45.3409549034196,-0.00284071725167717
58.44233,45.34288,-0.0009156206712575,45.3409877151417,-0.0028079055295652
58.45365,45.34177,-0.00202562067126166,45.3409871910902,-0.00280842958101635
58.46497,45.33465,-0.00914562067125502,45.3409317245781,-0.00286389609311317
58.4763,45.33685,-0.00694562067126014,45.3408010223299,-0.00299459834139666
58.48763,45.35196,0.00816437932873981,45.3405808296322,-0.00321479103907193
58.49899,45.33695,-0.00684562067125682,45.3402676136219,-0.00352800704935815
58.5103,45.34258,-0.00121562067126035,45.3398721170028,-0.0039235036684449
58.52165,45.34311,-0.000685620671255549,45.3394206679394,-0.00437495273184935
58.53299,45.34202,-0.00177562067126047,45.3389534936897,-0.00484212698158729
58.54435,45.34191,-0.00188562067125986,45.3385198638955,-0.00527575677572271
58.55568,45.33714,-0.00665562067126046,45.3381705503032,-0.00562507036803082
58.56704,45.33315,-0.0106456206712551,45.3379488104185,-0.00584681025277372
58.57834,45.32714,-0.0166556206712585,45.3378817532962,-0.00591386737503603
58.58968,45.33247,-0.0113256206712578,45.3379742165215,-0.0058214041497604
58.60099,45.34137,-0.00242562067126073,45.3382068729534,-0.00558874771785039
58.61234,45.33363,-0.010165620671259,45.3385391836535,-0.00525643701774148
58.62366,45.34758,0.0037843793287422,45.338916422118,-0.00487919855322801
58.63501,45.34654,0.00274437932873894,45.3392788883295,-0.00451673234173754
58.64636,45.34161,-0.00218562067125561,45.3395709936631,-0.00422462700813374
58.65769,45.34084,-0.00295562067125843,45.3397482204302,-0.00404740024102986
58.66904,45.33888,-0.00491562067125528,45.3397808769389,-0.00401474373232135
58.68036,45.33457,-0.00922562067125909,45.339654673842,-0.00414094682925896
58.69169,45.34152,-0.00227562067125575,45.3393689729546,-0.0044266477167006
58.70301,45.33653,-0.00726562067125514,45.338933866897,-0.0048617537742892
58.71435,45.33781,-0.00598562067126096,45.3383671138091,-0.00542850686218378
58.7257,45.33489,-0.008905620671257,45.3376916156747,-0.00610400499655604
58.73704,45.33659,-0.00720562067125741,45.3369337763747,-0.00686184429657969
58.74837,45.33752,-0.00627562067126064,45.3361227388344,-0.00767288183686357
58.75971,45.33806,-0.00573562067125977,45.3352901636206,-0.00850545705065167
58.77107,45.34,-0.00379562067125505,45.3344699538863,-0.00932566678491505
58.78239,45.33229,-0.011505620671258,45.3336973151262,-0.0100983055450204
58.79373,45.33089,-0.0129056206712619,45.3330068558141,-0.0107887648571848
58.80508,45.32905,-0.0147456206712562,45.3324299714188,-0.0113656492524714
58.81642,45.32938,-0.014415620671258,45.3319922014617,-0.0118034192095643
58.82775,45.33132,-0.0124756206712604,45.331711320605,-0.0120843000662173
58.8391,45.33666,-0.0071356206712565,45.3315965860551,-0.0121990346161398
58.85044,45.33328,-0.0105156206712564,45.3316490565776,-0.0121465640936748
58.86178,45.3243,-0.0194956206712575,45.3318625567495,-0.0119330639217653
58.87312,45.33654,-0.00725562067125907,45.3322248451417,-0.0115707755295258
58.88446,45.33796,-0.00583562067125598,45.3327187090334,-0.0110769116378571
58.89581,45.33034,-0.0134556206712588,45.333322816477,-0.0104728041942276
58.90717,45.3345,-0.00929562067126,45.3340122255908,-0.00978339508041948
58.9185,45.33154,-0.0122556206712616,45.3347586427479,-0.0090369779234088
58.92982,45.33432,-0.00947562067126029,45.3355307783742,-0.00826484229707979
58.94115,45.33729,-0.00650562067125549,45.3362952314464,-0.00750038922486106
58.9525,45.3332,-0.0105956206712605,45.3370181483759,-0.00677747229532309
58.9638,45.34219,-0.00160562067125625,45.3376675718572,-0.00612804881410779
58.97512,45.34252,-0.00127562067125808,45.3382160876708,-0.00557953300043985
58.98648,45.33584,-0.00795562067126099,45.3386432208011,-0.00515239987018574
58.99783,45.33847,-0.00532562067125752,45.3389371200525,-0.00485850061875083
59.00917,45.34002,-0.00377562067125581,45.3390953743655,-0.00470024630573961
59.02052,45.3356,-0.00819562067125901,45.3391251198333,-0.00467050083796634
59.03188,45.33926,-0.00453562067125546,45.3390427209333,-0.00475289973799792
59.04321,45.33358,-0.0102156206712607,45.3388732138315,-0.00492240683973297
59.05455,45.34704,0.00324437932874133,45.3386494516818,-0.00514616898950847
59.06588,45.34625,0.00245437932873926,45.3384105770452,-0.00538504362607834
59.07724,45.33897,-0.00482562067125514,45.3381992702939,-0.00559635037736991
59.08858,45.3308,-0.0129956206712549,45.3380574838399,-0.00573813683133889
59.09988,45.33694,-0.00685562067126,45.3380211075425,-0.00577451312872907
59.11123,45.32788,-0.0159156206712581,45.3381147664594,-0.00568085421188421
59.12255,45.34023,-0.00356562067126021,45.3383481373942,-0.00544748327704986
59.13388,45.34328,-0.000515620671258432,45.3387146106854,-0.00508100998582418
59.14523,45.34657,0.00277437932874136,45.3391921747072,-0.00460344596403657
59.15655,45.34322,-0.000575620671256161,45.3397456658182,-0.00404995485303923
59.16789,45.33364,-0.0101556206712559,45.3403294764883,-0.00346614418298277
59.17922,45.33278,-0.0110156206712588,45.3408904403912,-0.00290518028006478
59.19056,45.33438,-0.00941562067125545,45.3413713553931,-0.00242426527815253
59.20192,45.35337,0.00957437932873972,45.3417157621098,-0.0020798585614708
59.21323,45.34504,0.00124437932873889,45.3418739576335,-0.00192166303776361
59.22458,45.34151,-0.00228562067125893,45.3418093236297,-0.00198629704153076
59.23591,45.33978,-0.00401562067126093,45.3415036550913,-0.00229196557994426
59.24723,45.33762,-0.00617562067125732,45.3409605036266,-0.00283511704464113
59.25856,45.34697,0.00317437932874043,45.3402061211353,-0.00358949953592654
59.26992,45.34262,-0.00117562067126187,45.3392879031485,-0.00450771752273137
59.28123,45.33472,-0.00907562067126122,45.3382703000397,-0.00552532063158149
59.29256,45.34163,-0.00216562067125636,45.3372283246557,-0.00656729601560127
59.30387,45.3325,-0.0112956206712553,45.3362391767684,-0.00755644390284223
59.3152,45.33855,-0.00524562067126055,45.3353729453866,-0.00842267528461007
59.32653,45.33391,-0.00988562067125542,45.3346836408697,-0.00911197980159647
59.33788,45.32441,-0.0193856206712582,45.3342019369486,-0.00959368372267668
59.34923,45.32673,-0.0170656206712607,45.333930991232,-0.00986462943928999
59.36058,45.3395,-0.00429562067125744,45.3338464297395,-0.00994919093177564
59.37191,45.32745,-0.0163456206712596,45.3339008572243,-0.00989476344694155
59.38324,45.34306,-0.000735620671257209,45.3340322108598,-0.00976340981141078
59.39455,45.33356,-0.0102356206712599,45.3341743490657,-0.00962127160553105
59.40588,45.33956,-0.00423562067125971,45.3342678368131,-0.00952778385812083
59.41722,45.33542,-0.0083756206712593,45.334269016028,-0.00952660464322226
59.42857,45.34008,-0.00371562067125808,45.3341559872358,-0.00963963343543939
59.4399,45.32918,-0.0146156206712575,45.3339308860308,-0.00986473464041564
59.45123,45.32655,-0.017245620671261,45.3336186358743,-0.0101769847969205
59.46255,45.33521,-0.00858562067126201,45.3332629829435,-0.0105326377277767
59.47387,45.337,-0.00679562067125516,45.3329208238039,-0.0108747968673132
59.48517,45.3395,-0.00429562067125744,45.3326555860381,-0.0111400346331271
59.49653,45.32536,-0.018435620671255,45.332530082633,-0.0112655380382855
59.50787,45.32838,-0.0154156206712557,45.332599276781,-0.0111963438903021
59.5192,45.33003,-0.0137656206712578,45.3329037339758,-0.0108918866954962
59.53053,45.33373,-0.0100656206712557,45.3334647118352,-0.0103309088360766
59.54189,45.33868,-0.00511562067126192,45.3342815026231,-0.00951411804814183
59.55322,45.33749,-0.00630562067125595,45.3353310003893,-0.00846462028197402
59.56456,45.3379,-0.00589562067126082,45.33656900137,-0.00722661930126284
59.5759,45.33338,-0.0104156206712602,45.3379327483187,-0.00586287235258089
59.58722,45.33788,-0.00591562067126006,45.3393445819144,-0.00445103875686422
59.59855,45.33746,-0.00633562067125837,45.3407169018384,-0.00307871883283823
59.60989,45.34262,-0.00117562067126187,45.341958656683,-0.00183696398825226
59.62123,45.34152,-0.00227562067125575,45.3429832337756,-0.000812386895643007
59.63258,45.34615,0.00235437932874305,45.3437171031103,-7.8517560934697e-05
59.64393,45.34821,0.00441437932874322,45.3441081257123,0.000312505041039002
59.65527,45.3481,0.00430437932874383,45.3441322293934,0.00033660872216031
59.6666,45.34379,-5.62067125997601e-06,45.3437972753749,1.65470359725062e-06
59.67794,45.33437,-0.00942562067125863,45.3431433900116,-0.000652230659619571
59.68926,45.3523,0.00850437932874115,45.3422396345224,-0.00155598614884123
59.70061,45.34653,0.00273437932874288,45.3411773286811,-0.0026182919901744
59.71192,45.34099,-0.00280562067126056,45.3400605511817,-0.00373506948953011
59.72326,45.33357,-0.0102256206712568,45.3389946101384,-0.00480101053285491
59.73462,45.33249,-0.0113056206712585,45.338073852889,-0.00572176778224134
59.74594,45.32973,-0.0140656206712606,45.3373707806056,-0.00642484006562321
59.75724,45.33957,-0.00422562067125654,45.3369284964401,-0.00686712423114359
59.76857,45.33248,-0.0113156206712617,45.3367578410257,-0.00703777964553324
59.77991,45.33486,-0.00893562067125941,45.336839466871,-0.00695615380023268
59.79124,45.34179,-0.00200562067125531,45.3371300405493,-0.00666558012197282
59.80259,45.34462,0.000824379328740577,45.3375710027615,-0.00622461790976359
59.81393,45.33875,-0.00504562067126102,45.338097944977,-0.00569767569427974
59.82528,45.34474,0.000944379328743139,45.3386487695907,-0.0051468510805473
59.83662,45.33341,-0.0103856206712578,45.339169419729,-0.00462620094230054
59.84796,45.33988,-0.00391562067125761,45.339616872904,-0.00417874776721345
59.8593,45.33664,-0.00715562067125575,45.3399598920186,-0.00383572865261624
59.87066,45.34402,0.000224379328741975,45.3401784192034,-0.00361720146789452
59.88199,45.33855,-0.00524562067126055,45.3402624629669,-0.00353315770436749
59.89333,45.33404,-0.00975562067125679,45.3402110885872,-0.00358453208408909
59.90469,45.33992,-0.00387562067125913,45.3400318895257,-0.00376373114555255
59.91604,45.34115,-0.00264562067125951,45.3397410789754,-0.00405454169582375
59.92736,45.34161,-0.00218562067125561,45.3393639718401,-0.00443164883112867
59.93869,45.34184,-0.00195562067126076,45.338935197266,-0.00486042340526324
59.95003,45.3424,-0.00139562067126064,45.3384977571731,-0.00529786349819606
59.96137,45.33824,-0.00555562067125948,45.3381002086179,-0.00569541205334913
59.97271,45.33937,-0.00442562067125607,45.3377917481171,-0.00600387255418283
59.98404,45.33843,-0.00536562067125601,45.3376156307007,-0.00617998997053287
59.99539,45.32735,-0.0164456206712558,45.3376019681258,-0.00619365254547898
60.00676,45.33976,-0.00403562067126018,45.3377613453944,-0.00603427527689956
60.01808,45.33556,-0.00823562067125749,45.3380807221979,-0.00571489847332751
60.02941,45.33509,-0.00870562067125746,45.3385226932385,-0.00527292743276468
60.04075,45.34113,-0.00266562067125875,45.3390285163716,-0.00476710429965077
60.05206,45.33415,-0.0096456206712574,45.3395246331811,-0.00427098749019786
60.06339,45.34241,-0.00138562067125747,45.3399318396031,-0.00386378106819771
60.0747,45.34509,0.00129437932874055,45.3401758097056,-0.00361981096569651
60.08602,45.34651,0.00271437932874363,45.3401973514263,-0.00359826924499748
60.09734,45.33919,-0.00460562067125636,45.3399607218755,-0.0038348987957806
60.10865,45.34035,-0.00344562067125764,45.3394587111961,-0.00433690947516244
60.11999,45.33358,-0.0102156206712607,45.3387139486997,-0.00508167197154333
60.13132,45.33884,-0.00495562067126087,45.3377766382467,-0.00601898242453265
60.14262,45.34268,-0.00111562067125703,45.3367193377542,-0.00707628291706745
60.15393,45.34019,-0.00360562067125869,45.3356294331056,-0.00816618756569139
60.16528,45.32596,-0.0178356206712564,45.3345999333533,-0.00919568731798821
60.17662,45.33303,-0.0107656206712576,45.3337194373544,-0.0100761833168935
60.18797,45.33051,-0.0132856206712617,45.3330624998412,-0.0107331208300494
60.1993,45.33633,-0.00746562067126177,45.3326817594106,-0.0111138612606569
60.21065,45.32591,-0.0178856206712581,45.3326028986307,-0.0111927220405321
60.22197,45.32965,-0.0141456206712576,45.3328230098691,-0.010972610802122
60.23329,45.33232,-0.0114756206712556,45.3333124733551,-0.0104831473161877
60.2446,45.33931,-0.0044856206712609,45.3340199743081,-0.00977564636320455
60.25593,45.33902,-0.00477562067126058,45.3348797283444,-0.00891589232688188
60.26723,45.33527,-0.00852562067125717,45.3358195561595,-0.00797606451179141
60.27855,45.33732,-0.00647562067126017,45.3367684489167,-0.00702717175453138
60.28987,45.33506,-0.00873562067125988,45.3376626978275,-0.00613292284380662
60.30119,45.34449,0.000694379328741945,45.3384502050399,-0.00534541563138184
60.3125,45.33613,-0.00766562067126131,45.3390929587096,-0.00470266196168983
60.32382,45.34181,-0.00198562067125607,45.339567838121,-0.00422778255026772
60.33514,45.33658,-0.00721562067126058,45.3398660699467,-0.00392955072454571
60.34646,45.33459,-0.00920562067125985,45.3399918292036,-0.00380379146769255
60.35779,45.34228,-0.0015156206712561,45.3399605381505,-0.00383508252075931
60.36914,45.33957,-0.00422562067125654,45.3397972223265,-0.0039983983447819
60.38046,45.34244,-0.00135562067125505,45.3395348684944,-0.00426075217689634
60.39177,45.3433,-0.000495620671259189,45.3392123279814,-0.00458329268981355
60.40313,45.34256,-0.0012356206712596,45.338871185989,-0.00492443468220788
60.41445,45.33996,-0.00383562067126064,45.3385512878443,-0.00524433282700471
60.42575,45.33418,-0.00961562067125499,45.3382852141783,-0.00551040649297743
60.43708,45.331,-0.0127956206712554,45.3380927221437,-0.00570289852757807
60.44839,45.33148,-0.0123156206712594,45.3379766844793,-0.00581893619195144
60.45974,45.33611,-0.00768562067126055,45.3379220148125,-0.00587360585870711
60.47109,45.34019,-0.00360562067125869,45.3378983433498,-0.00589727732148841
60.48242,45.34385,5.4379328744858e-05,45.3378660634983,-0.00592955717299734
60.49375,45.33677,-0.00702562067125712,45.3377843372308,-0.00601128344041881
60.50508,45.34155,-0.00224562067126044,45.3376191768974,-0.00617644377382424
60.51643,45.34031,-0.00348562067125613,45.3373498935606,-0.00644572711070092
60.52776,45.33975,-0.00404562067125624,45.3369727686253,-0.00682285204595478
60.53909,45.33626,-0.00753562067125557,45.3365014983964,-0.00729412227487494
60.55042,45.33556,-0.00823562067125749,45.3359646665078,-0.00783095416342135
60.56175,45.32615,-0.0176456206712601,45.3354011406525,-0.00839448001875309
60.57311,45.33253,-0.01126562067126,45.3348546921258,-0.00894092854546983
60.58443,45.33526,-0.00853562067126035,45.3343690846838,-0.00942653598742902
60.59575,45.33973,-0.00406562067125549,45.3339843238813,-0.00981129678992695
60.60707,45.34255,-0.00124562067125567,45.333733988455,-0.0100616322162954
60.61836,45.32057,-0.023225620671262,45.3336431017133,-0.0101525189579862
60.62969,45.34096,-0.00283562067125587,45.3337261553285,-0.0100694653427666
60.641,45.32873,-0.0150656206712583,45.333985438017,-0.00981018265423741
60.65233,45.32888,-0.0149156206712604,45.33441021485,-0.00938540582126418
60.66364,45.33961,-0.00418562067125805,45.334977261945,-0.00881835872627273
60.675,45.33787,-0.00592562067125613,45.3356528866258,-0.00814273404542454
60.68633,45.33872,-0.00507562067125633,45.3363961111262,-0.00739950954503233
60.69766,45.32923,-0.0145656206712559,45.3371624322008,-0.00663318847046106
60.70901,45.34219,-0.00160562067125625,45.337907615357,-0.00588800531429118
60.72033,45.34353,-0.000265620671257238,45.3385911711308,-0.00520444954050541
60.73167,45.33694,-0.00685562067126,45.3391792485115,-0.00461637215973654
60.743,45.33664,-0.00715562067125575,45.3396467087386,-0.0041489119326402
60.75435,45.34096,-0.00283562067125587,45.3399782893105,-0.00381733136075877
60.7657,45.34148,-0.00231562067126134,45.3401689694771,-0.00362665119410814
60.77705,45.34229,-0.00150562067126003,45.3402237035697,-0.00357191710150747
60.78839,45.33542,-0.0083756206712593,45.3401566142496,-0.00363900642165587
60.79974,45.33918,-0.00461562067125953,45.3399897092764,-0.00380591139482282
60.81108,45.3417,-0.00209562067125546,45.3397512162374,-0.00404440443383772
60.82242,45.34356,-0.000235620671261927,45.3394735759898,-0.00432204468141441
60.83374,45.33806,-0.00573562067125977,45.3391909892605,-0.00460463141080866
60.84509,45.34128,-0.00251562067126088,45.3389363716607,-0.004859249010607
60.85642,45.33955,-0.00424562067125578,45.3387377838998,-0.00505783677147346
60.86773,45.32939,-0.0144056206712619,45.3386147724519,-0.00518084821933506
60.87906,45.34078,-0.00301562067125616,45.3385753577459,-0.00522026292534775
60.8904,45.33891,-0.00488562067125997,45.3386144453495,-0.005181175321769
60.90173,45.3372,-0.00659562067125563,45.338714147478,-0.00508147319327533
60.91304,45.33456,-0.00923562067125516,45.3388460372368,-0.00494958343443386
60.92439,45.35107,0.00727437932874153,45.3389749526054,-0.00482066806587721
60.9357,45.33073,-0.0130656206712558,45.3390637242421,-0.00473189642920897
60.94704,45.33992,-0.00387562067125913,45.3390781268039,-0.00471749386734067
60.95833,45.33804,-0.00575562067125901,45.3389914429345,-0.00480417773674905
60.96966,45.34286,-0.000935620671256743,45.3387881629346,-0.00500745773664147
60.981,45.34112,-0.00267562067126192,45.3384663627121,-0.0053292579591168
60.99232,45.34048,-0.00331562067125901,45.338038280145,-0.00575734052629595
61.00364,45.33778,-0.00601562067125627,45.3375287872826,-0.0062668333886878
61.01498,45.33554,-0.00825562067125674,45.3369719142038,-0.00682370646750693
61.02632,45.32606,-0.0177356206712602,45.3364061365028,-0.00738948416849248
61.03763,45.33742,-0.00637562067125685,45.3358694885264,-0.00792613214488751
61.04897,45.33936,-0.00443562067125924,45.3353954622799,-0.0084001583913219
61.06028,45.33969,-0.00410562067126108,45.3350101126825,-0.00878550798872541
61.07162,45.33195,-0.0118456206712594,45.3347301951285,-0.00906542554274648
61.08295,45.33348,-0.0103156206712569,45.3345619676066,-0.00923365306463375
61.09429,45.33752,-0.00627562067126064,45.3345005548714,-0.0092950657998517
61.10564,45.32758,-0.0162156206712609,45.3345301447955,-0.00926547587572777
61.11697,45.33099,-0.0128056206712586,45.334625446197,-0.0091701744742134
61.1283,45.3339,-0.0098956206712586,45.334754703107,-0.00904091756421425
61.1396,45.34159,-0.00220562067126195,45.3348841475209,-0.0089114731503185
61.15094,45.33689,-0.00690562067126166,45.3349831839373,-0.0088124367339611
61.16227,45.33541,-0.00838562067125537,45.3350291441584,-0.00876647651286874
61.17358,45.33962,-0.00417562067126198,45.3350104526132,-0.00878516805803605
61.18489,45.33826,-0.00553562067126023,45.3349275080129,-0.00886811265834296
61.19622,45.32464,-0.0191556206712562,45.3347912621341,-0.00900435853718172
61.20754,45.33743,-0.00636562067126079,45.3346201162614,-0.00917550440989019
61.21887,45.32865,-0.0151456206712552,45.3344361604725,-0.0093594601987326
61.23022,45.33482,-0.0089756206712579,45.334261768356,-0.00953385231526131
61.24155,45.34025,-0.00354562067126096,45.3341171389335,-0.00967848173777242
61.25289,45.33067,-0.0131256206712607,45.334018825366,-0.0097767953053019
61.26422,45.33739,-0.00640562067125927,45.3339789382055,-0.0098166824657274
61.27556,45.33319,-0.0106056206712566,45.3340047021859,-0.00979091848538694
61.28691,45.33084,-0.0129556206712564,45.3340982746612,-0.00969734601007697
61.29826,45.32986,-0.013935620671262,45.3342569737069,-0.0095386469643435
61.3096,45.33805,-0.00574562067125584,45.3344741221784,-0.0093214984928556
61.32091,45.34025,-0.00354562067126096,45.3347405149965,-0.00905510567477069
61.33223,45.32932,-0.0144756206712557,45.3350461809321,-0.00874943973915275
61.34354,45.33767,-0.00612562067125566,45.3353819149566,-0.00841370571464589
61.35485,45.3409,-0.0028956206712607,45.3357401464332,-0.00805547423805331
61.3662,45.33049,-0.013305620671261,45.3361149440023,-0.00768067666895731
61.37754,45.3419,-0.00189562067125593,45.3365011798118,-0.0072944408594563
61.38888,45.33443,-0.0093656206712609,45.3368930841272,-0.00690253654402914
61.40022,45.33181,-0.0119856206712612,45.3372826269767,-0.00651299369454027
61.41156,45.33797,-0.00582562067125991,45.3376582827922,-0.00613733787901636
61.42291,45.34178,-0.00201562067125849,45.338004662863,-0.00579095780830616
61.43425,45.33844,-0.00535562067125994,45.3383032249038,-0.00549239576741341
61.44561,45.33516,-0.00863562067125656,45.3385339525557,-0.00526166811554589
61.45695,45.3355,-0.00829562067125522,45.3386777541097,-0.00511786656157361
61.46831,45.34324,-0.000555620671256918,45.3387193368483,-0.00507628382293615
61.47964,45.33931,-0.0044856206712609,45.338650250256,-0.00514537041523623
61.49097,45.3384,-0.00539562067125843,45.3384716029124,-0.00532401775889412
61.50233,45.33415,-0.0096456206712574,45.3381958373065,-0.00559978336476525
61.51365,45.3466,0.00280437932874378,45.3378470128014,-0.00594860786982658
61.52498,45.34005,-0.0037456206712605,45.3374591991141,-0.00633642155717284
61.53631,45.34185,-0.00194562067125759,45.3370727730673,-0.00672284760396672
61.54765,45.32918,-0.0146156206712575,45.3367288032715,-0.00706681739970961
61.55897,45.33243,-0.0113656206712562,45.3364623740699,-0.00733324660133102
61.57029,45.33455,-0.00924562067125834,45.3362963362023,-0.00749928446896194
61.58162,45.33322,-0.0105756206712613,45.3362371245267,-0.00755849614458862
61.59296,45.32945,-0.0143456206712571,45.3362738140625,-0.00752180660873968
61.6043,45.3437,-9.56206712601215e-05,45.3363807403833,-0.00741488028796892
61.61563,45.33405,-0.00974562067126072,45.3365231089783,-0.00727251169292778
61.62696,45.34411,0.00031437932874212,45.3366642872168,-0.0071313334544658
61.63826,45.33808,-0.00571562067126052,45.3367731067194,-0.00702251395187295
61.6496,45.33657,-0.00722562067125665,45.3368296222015,-0.00696599846973018
61.66093,45.33977,-0.004025620671257,45.3368282925379,-0.00696732813338042
61.67226,45.334,-0.00979562067125528,45.3367782256235,-0.00701739504778727
61.68362,45.33937,-0.00442562067125607,45.3367007194906,-0.00709490118065474
61.69496,45.33667,-0.00712562067126044,45.3366247259604,-0.00717089471083952
61.7063,45.33509,-0.00870562067125746,45.336581085673,-0.00721453499828893
61.71764,45.33461,-0.00918562067126061,45.3365965123476,-0.0071991083237016
61.72898,45.33239,-0.0114056206712618,45.336688362711,-0.00710725796027691
61.74031,45.33994,-0.00385562067125989,45.3368611493024,-0.00693447136881193
61.75167,45.33376,-0.0100356206712604,45.3371054720592,-0.00669014861209618
61.76302,45.32725,-0.0165456206712591,45.3373996126801,-0.00639600799113837
61.77435,45.34383,3.43793287385097e-05,45.3377135457126,-0.00608207495870288
61.78569,45.34859,0.00479437932874305,45.3380145672015,-0.00578105346980412
61.79704,45.33831,-0.00548562067125857,45.3382731806834,-0.00552243998781322
61.80838,45.34277,-0.00102562067125689,45.3384676559249,-0.00532796474639587
61.81972,45.33412,-0.00967562067125982,45.3385861247111,-0.00520949596015696
61.83103,45.34169,-0.00210562067125863,45.3386260256805,-0.00516959499071827
61.84236,45.33247,-0.0113256206712578,45.3385916041852,-0.00520401648605815
61.85368,45.33591,-0.00788562067126009,45.3384906358912,-0.00530498478000767
61.86502,45.33846,-0.0053356206712607,45.3383315425195,-0.00546407815176207
61.87633,45.33904,-0.00475562067126134,45.3381217202891,-0.00567390038211059
61.88766,45.33326,-0.0105356206712557,45.3378673693644,-0.00592825130684504
61.89903,45.34133,-0.00246562067125922,45.3375745983312,-0.00622102234005055
61.91037,45.34003,-0.00376562067125974,45.3372512142975,-0.00654440637377514
61.92168,45.34027,-0.00352562067126172,45.3369084185721,-0.00688720209914751
61.93303,45.33572,-0.00807562067125644,45.336561649682,-0.00723397098928886
61.94436,45.33525,-0.00854562067125642,45.3362301125159,-0.00756550815538826
61.9557,45.33624,-0.00755562067126192,45.3359350150347,-0.00786060563658891
61.96704,45.33511,-0.00868562067125822,45.3356969585335,-0.00809866213773347
61.97838,45.33356,-0.0102356206712599,45.3355331242136,-0.0082624964576178
61.9897,45.33604,-0.00775562067126145,45.3354548876586,-0.00834073301263863
62.00104,45.32523,-0.0185656206712608,45.3354663600971,-0.00832926057415476
62.01236,45.34416,0.00036437932874378,45.3355641118017,-0.00823150886959551
62.02369,45.34528,0.00148437932874401,45.3357379530689,-0.00805766760238608
62.03501,45.32892,-0.0148756206712619,45.3359722671091,-0.00782335356212013
62.04634,45.33474,-0.00905562067126198,45.3362473313186,-0.0075482893527081
62.05766,45.33316,-0.010635620671259,45.3365404468883,-0.00725517378292545
62.069,45.33868,-0.00511562067126192,45.3368271384252,-0.00696848224608743
62.08034,45.33594,-0.00785562067125767,45.3370827232733,-0.0067128973979664
62.09167,45.3429,-0.000895620671258257,45.3372842042859,-0.00651141638540626
62.10302,45.33577,-0.00802562067126189,45.3374120907356,-0.00638352993562853
62.11435,45.34142,-0.00237562067125907,45.3374516812575,-0.00634393941373794
62.12565,45.33575,-0.00804562067126113,45.3373935713277,-0.00640204934356785
62.13698,45.33208,-0.0117156206712608,45.3372335349462,-0.006562085725021
62.14832,45.3337,-0.0100956206712581,45.3369722706616,-0.00682335000964074
62.15966,45.33741,-0.00638562067126003,45.3366155832297,-0.00718003744152611
62.17097,45.33871,-0.00508562067125951,45.3361752803185,-0.00762034035273163
62.18227,45.33455,-0.00924562067125834,45.3356705255576,-0.0081250951136721
62.1936,45.34192,-0.00187562067125668,45.3351289286588,-0.00866669201240869
62.20494,45.33691,-0.00688562067125531,45.3345865285213,-0.00920909214994176
62.21626,45.33207,-0.0117256206712568,45.3340860788079,-0.0097095418633523
62.2276,45.32927,-0.0145256206712574,45.3336735706659,-0.0101220500053221
62.23892,45.3305,-0.0132956206712578,45.3333934995442,-0.0104021211270461
62.25026,45.3433,-0.000495620671259189,45.3332836935251,-0.0105119271461459
62.26158,45.32504,-0.0187556206712571,45.333370429515,-0.0104251911562313
62.27291,45.33924,-0.00455562067126181,45.3336642945683,-0.010131326102926
62.28426,45.33358,-0.0102156206712607,45.3341571306904,-0.00963848998082596
62.29556,45.32829,-0.0155056206712558,45.3348204896474,-0.00897513102390323
62.3069,45.33373,-0.0100656206712557,45.3356061355172,-0.00818948515403916
62.31822,45.33855,-0.00524562067126055,45.3364490764128,-0.00734654425842137
62.32953,45.33238,-0.0114156206712579,45.3372732884585,-0.00652233221275115
62.34083,45.33842,-0.00537562067125918,45.3379997746545,-0.00579584601675212
62.35218,45.33835,-0.00544562067126009,45.3385560608674,-0.00523955980390559
62.36347,45.34451,0.000714379328741188,45.3388857948399,-0.00490982583133314
62.37481,45.34344,-0.000355620671257384,45.3389568259144,-0.00483879475685737
62.38611,45.34778,0.00398437932874174,45.3387661250744,-0.00502949559682813
62.39743,45.33649,-0.00730562067126073,45.3383403408147,-0.00545527985654709
62.40877,45.33504,-0.00875562067125912,45.3377317099646,-0.00606391070668425
62.4201,45.33163,-0.0121656206712615,45.3370101905351,-0.00678543013614984
62.43141,45.33405,-0.00974562067126072,45.3362535757377,-0.00754204493360318
62.44275,45.33392,-0.00987562067125936,45.335537594826,-0.00825802584523484
62.45406,45.3336,-0.0101956206712615,45.3349275950084,-0.00886802566282737
62.46539,45.33533,-0.00846562067125944,45.3344726523739,-0.00932296829733423
62.4767,45.33669,-0.00710562067126119,45.3342022418723,-0.00959337879900375
62.48804,45.33673,-0.0070656206712556,45.3341251158597,-0.00967050481155978
62.49938,45.33261,-0.0111856206712559,45.334229871893,-0.00956574877829812
62.51074,45.3346,-0.00919562067125668,45.3344868184198,-0.00930880225149657
62.52207,45.32915,-0.01464562067126,45.3348510380294,-0.00894458264184495
62.53337,45.33535,-0.0084456206712602,45.3352667674869,-0.00852885318431395
62.54471,45.33371,-0.010085620671255,45.3356731623597,-0.00812245831152949
62.55604,45.34096,-0.00283562067125587,45.3360111669022,-0.00778445376907415
62.56735,45.33762,-0.00617562067125732,45.3362307451204,-0.00756487555088239
62.57866,45.33359,-0.0102056206712575,45.3362974181753,-0.00749820249596838
62.59002,45.34058,-0.00321562067125569,45.336197059479,-0.0075985611922367
62.60135,45.33774,-0.00605562067126186,45.335938153266,-0.00785746740526511
62.61267,45.33578,-0.00801562067125872,45.3355510513202,-0.00824456935109836
62.62402,45.34124,-0.00255562067125936,45.3350841078525,-0.00871151281872078
62.63531,45.33498,-0.00881562067125685,45.3345969984404,-0.00919862223088842
62.64667,45.3242,-0.0195956206712609,45.3341520660484,-0.00964355462283318
62.658,45.3336,-0.0101956206712615,45.3338050796179,-0.00999054105339204
62.66934,45.33717,-0.00662562067125805,45.3335970879745,-0.0101985326967257
62.68068,45.32304,-0.0207556206712596,45.3335488893639,-0.010246731307312
62.692,45.32929,-0.0145056206712582,45.3336590899988,-0.010136530672469
62.70333,45.33724,-0.00655562067125715,45.3339060266636,-0.0098895940076631
62.71466,45.33946,-0.00433562067125592,45.3342530506128,-0.00954257005848255
62.72599,45.3385,-0.00529562067125511,45.3346558740412,-0.00913974663010537
62.73734,45.33864,-0.00515562067126041,45.3350701992534,-0.00872542141785737
62.74867,45.32941,-0.0143856206712556,45.3354580090907,-0.00833761158060798
62.76,45.34335,-0.000445620671257529,45.335791579624,-0.00800404104729549
62.77131,45.33495,-0.00884562067125927,45.3360550415744,-0.00774057909689894
62.78263,45.33204,-0.0117556206712592,45.336243857349,-0.00755176332222911
62.79396,45.33424,-0.00955562067125726,45.3363628937243,-0.00743272694691771
62.80529,45.33195,-0.0118456206712594,45.336423907482,-0.0073717131893014
62.81662,45.34484,0.00104437932873935,45.3364431371717,-0.00735248349955336
62.82795,45.33287,-0.0109256206712587,45.336439288843,-0.00735633182829309
62.83929,45.33931,-0.0044856206712609,45.336431763443,-0.00736385722823824
62.85065,45.33615,-0.00764562067125496,45.3364388004089,-0.00735682026231831
62.86197,45.34113,-0.00266562067125875,45.3364753501883,-0.00732027048292559
62.8733,45.33057,-0.0132256206712569,45.3365507714501,-0.00724484922120301
62.88463,45.33807,-0.00572562067125659,45.3366667408015,-0.00712887986973864
62.89595,45.32977,-0.014025620671255,45.3368159832115,-0.00697963745975282
62.90731,45.33758,-0.00621562067125581,45.3369824518119,-0.00681316885933736
62.91863,45.33603,-0.00776562067125752,45.3371432990086,-0.00665232166266959
62.92995,45.34132,-0.00247562067125529,45.3372724455056,-0.00652317516569967
62.94128,45.34285,-0.000945620671259917,45.3373450004685,-0.00645062020271882
62.9526,45.33392,-0.00987562067125936,45.3373414956053,-0.00645412506592712
62.96395,45.33432,-0.00947562067126029,45.3372510208574,-0.00654459981385058
62.97528,45.34253,-0.00126562067126201,45.3370727627956,-0.00672285787565801
62.98663,45.33914,-0.00465562067125802,45.3368158313323,-0.00697978933896511
62.99797,45.33579,-0.00800562067125554,45.3364974579996,-0.00729816267167804
63.00932,45.33927,-0.00452562067125939,45.3361398208561,-0.00765579981514668
63.02066,45.32606,-0.0177356206712602,45.3357660752783,-0.00802954539300823
63.03199,45.33211,-0.0116856206712583,45.335396533117,-0.00839908755423597
63.04333,45.33916,-0.00463562067125878,45.3350460290347,-0.00874959163652702
63.05465,45.33416,-0.00963562067126134,45.3347231644446,-0.00907245622662056
63.06598,45.32954,-0.014255620671257,45.3344314859131,-0.00936413475819634
63.07728,45.33697,-0.00682562067125758,45.3341720948914,-0.0096235257798335
63.08861,45.33878,-0.0050156206712586,45.3339468735606,-0.00984874711069086
63.09996,45.33739,-0.00640562067125927,45.333761370348,-0.0100342503232249
63.1113,45.33488,-0.00891562067126017,45.3336264188638,-0.0101692018074682
63.12264,45.32544,-0.0183556206712581,45.3335579036653,-0.0102377170059438
63.13398,45.33996,-0.00383562067126064,45.3335746751701,-0.0102209455011937
63.14535,45.34105,-0.00274562067125572,45.3336951252146,-0.0101004954566373
63.15667,45.32178,-0.0220156206712616,45.3339331699806,-0.00986245069068815
63.16798,45.33229,-0.011505620671258,45.3342945067807,-0.00950111389058076
63.17933,45.32938,-0.014415620671258,45.3347741333723,-0.00902148729900216
63.19068,45.34054,-0.00325562067126128,45.3353559914577,-0.00843962921353722
63.20199,45.33259,-0.0112056206712552,45.3360149944174,-0.00778062625390427
63.21334,45.34113,-0.00266562067125875,45.3367208753425,-0.00707474532871601
63.22463,45.34309,-0.000705620671261897,45.3374427110926,-0.00635290957868541
63.23594,45.33623,-0.00756562067125799,45.338152857251,-0.00564276342021533
63.24727,45.34274,-0.00105562067125931,45.3388293191425,-0.00496630152873471
63.25859,45.34032,-0.00347562067126006,45.3394561444816,-0.00433947618964888
63.26993,45.33508,-0.00871562067126064,45.3400220656036,-0.00377355506762626
63.28126,45.33975,-0.00404562067125624,45.3405181515597,-0.0032774691115579
63.2926,45.33633,-0.00746562067126177,45.3409355101168,-0.00286011055443065
63.30392,45.34161,-0.00218562067125561,45.3412640144494,-0.00253160622186256
63.31526,45.34419,0.000394379328739092,45.3414926300759,-0.00230299059540617
63.32659,45.33932,-0.00447562067125773,45.3416113631906,-0.00218425748065882
63.33793,45.33749,-0.00630562067125595,45.3416143907198,-0.00218122995142633
63.34928,45.34239,-0.00140562067125671,45.3415036704274,-0.00229195024382114
63.36063,45.35501,0.0112143793287416,45.3412921597132,-0.00250346095804049
63.37194,45.33944,-0.00435562067125517,45.3410056235432,-0.00278999712803424
63.38329,45.33714,-0.00665562067126046,45.3406820934091,-0.00311352726210519
63.39459,45.34155,-0.00224562067126044,45.3403685718552,-0.00342704881602925
63.40593,45.34634,0.00254437932873941,45.3401153525276,-0.00368026814370556
63.41723,45.33406,-0.00973562067125755,45.3399689029404,-0.00382671773087592
63.42855,45.33758,-0.00621562067125581,45.3399645226127,-0.00383109805855615
63.43989,45.33695,-0.00684562067125682,45.3401201119852,-0.00367550868602475
63.45122,45.33067,-0.0131256206712607,45.3404323558699,-0.0033632648013265
63.46253,45.35271,0.00891437932874339,45.3408762411664,-0.00291937950485622
63.47384,45.33729,-0.00650562067125549,45.341408085659,-0.00238753501228329
63.48518,45.34246,-0.00133562067125581,45.3419714681958,-0.00182415247550564
63.4965,45.33665,-0.00714562067125968,45.3425049867109,-0.0012906339603654
63.50787,45.34963,0.0058343793287392,45.3429506728322,-0.000844947839053789
63.51921,45.3475,0.00370437932873813,45.3432618857056,-0.000533734965630343
63.53055,45.3459,0.00210437932874186,45.3434094519966,-0.000386168674704293
63.54189,45.34381,1.43793287392668e-05,45.3433849287988,-0.00041069187244301
63.55322,45.34845,0.00465437932874124,45.3432003570839,-0.000595263587350649
63.56455,45.33962,-0.00417562067126198,45.3428846367692,-0.00091098390204235
63.57589,45.34055,-0.00324562067125811,45.3424774162053,-0.00131820446591464
63.58724,45.33051,-0.0132856206712617,45.3420219489875,-0.00177367168372006
63.59856,45.3456,0.001804379328739,45.3415585646967,-0.00223705597457875
63.60991,45.34133,-0.00246562067125922,45.3411200755732,-0.00267554509810931
63.62125,45.34329,-0.000505620671255258,45.3407296826549,-0.00306593801633724
63.63258,45.33007,-0.0137256206712593,45.3404011554454,-0.00339446522590338
63.64392,45.35041,0.0066143793287381,45.3401405928464,-0.00365502782485053
63.65524,45.34597,0.00217437932874276,45.3399489002526,-0.00384672041863414
63.66658,45.33954,-0.00425562067125895,45.3398240815364,-0.00397153913483931
63.67794,45.33363,-0.010165620671259,45.3397626442837,-0.00403297638757697
63.68928,45.34009,-0.00370562067126201,45.3397599626162,-0.00403565805509675
63.70061,45.33908,-0.00471562067125575,45.3398100361891,-0.00398558448219705
63.71196,45.33706,-0.00673562067125744,45.3399052832642,-0.00389033740705071
63.72327,45.34302,-0.000775620671255695,45.3400367575293,-0.00375886314194293
63.73459,45.34438,0.000584379328742557,45.3401947812607,-0.00360083941053769
63.74591,45.33695,-0.00684562067125682,45.3403697174856,-0.00342590318567507
63.75726,45.34114,-0.00265562067125558,45.340552578947,-0.00324304172426485
63.76859,45.33939,-0.00440562067125683,45.3407353552664,-0.00306026540484621
63.77996,45.34086,-0.00293562067125919,45.3409111467911,-0.00288447388020058
