time_s,capacitance_raw_pF,capacitance_zero_mean_pF,capacitance_filtered_pF,capacitance_filtered_zero_mean_pF
0.00154,45.43422,0.00409670736290479,45.4341943371602,0.00407104452313657
0.0128,45.43079,0.000666707362903196,45.4336361870449,0.0035128944077608
0.02412,45.43383,0.0037067073629018,45.4330936322657,0.00297033962863629
0.03543,45.43093,0.000806707362897896,45.4325862880639,0.00246299542678738
0.04673,45.4319,0.00177670736290025,45.4321318106956,0.00200851805853516
0.05803,45.43194,0.00181670736289874,45.4317447812406,0.00162148860354732
0.06932,45.43248,0.00235670736289961,45.431436060105,0.00131276746791783
0.08062,45.4326,0.00247670736290218,45.4312124756073,0.00108918297015813
0.0919,45.4315,0.00137670736290119,45.4310766449211,0.00095335228403433
0.1032,45.43046,0.000336707362897926,45.4310267886435,0.000903496006386484
0.11449,45.42753,-0.00259329263710129,45.4310565607958,0.000933268158723073
0.12577,45.4334,0.00327670736290031,45.4311550688451,0.00103177620800018
0.13706,45.43053,0.000406707362898828,45.4313072852814,0.00118399264434668
0.14835,45.43199,0.0018667073629004,45.4314949329272,0.00137164029009413
0.15963,45.43282,0.00269670736290095,45.4316977666316,0.0015744739945261
0.17095,45.4308,0.000676707362899265,45.4318950937658,0.00177180112874125
0.18226,45.42999,-0.000133292637102045,45.4320673942983,0.00194410166121701
0.19357,45.43511,0.00498670736290308,45.4321979490997,0.00207465646262291
0.20488,45.43106,0.000936707362903633,45.4322743868117,0.00215109417465162
0.21619,45.43147,0.00134670736289877,45.4322900056386,0.00216671300151223
0.22751,45.43377,0.00364670736290407,45.4322446737094,0.00212138107227672
0.23883,45.43402,0.00389670736289816,45.4321451000778,0.00202180744068785
0.25015,45.43303,0.00290670736290366,45.4320042959058,0.00188100326867619
0.26143,45.43134,0.00121670736290014,45.4318401374706,0.00171684483354084
0.27273,45.43076,0.000636707362900779,45.4316731364585,0.00154984382138237
0.28404,45.42857,-0.00155329263709802,45.4315237641769,0.00140047153982737
0.29535,45.43234,0.00221670736290491,45.4314098247572,0.00128653212009527
0.30664,45.43204,0.00191670736290206,45.431344329245,0.0012210366078846
0.31793,45.43133,0.00120670736290407,45.431334124691,0.00121083205393373
0.32923,45.43115,0.00102670736290378,45.4313793235738,0.00125603093666678
0.34054,45.43129,0.00116670736289848,45.4314734780482,0.00135018541107127
0.35181,45.42961,-0.00051329263710187,45.4316044436924,0.00148115105529669
0.36312,45.43348,0.00335670736290439,45.4317558861461,0.00163259350898907
0.37444,45.43061,0.000486707362902905,45.4319093336877,0.00178604105061416
0.38574,45.43163,0.00150670736289982,45.4320465763022,0.00192328366505645
0.39706,45.43499,0.00486670736290051,45.4321521066206,0.00202881398351514
0.40837,45.43265,0.00252670736290384,45.4322152331679,0.00209194053079592
0.41969,45.43148,0.00135670736290194,45.4322315039298,0.00210821129274901
0.43104,45.43348,0.00335670736290439,45.4322031840843,0.00207989144723829
0.44236,45.43274,0.00261670736290398,45.4321387124043,0.00201541976720591
0.45368,45.43184,0.00171670736290253,45.4320512441638,0.00192795152665885
0.46499,45.43158,0.00145670736289816,45.4319565339533,0.00183324131620503
0.47628,45.43052,0.00039670736290276,45.4318705270384,0.00174723440126452
0.4876,45.42934,-0.000783292637095201,45.4318070971752,0.00168380453812414
0.49892,45.433,0.00287670736290124,45.4317763377269,0.00165304508978858
0.51022,45.43192,0.0017967073628995,45.4317836521907,0.00166035955365006
0.52153,45.43278,0.00265670736290247,45.4318296521157,0.00170635947862741
0.53286,45.43284,0.00271670736290019,45.4319106741372,0.00178738150010747
0.54418,45.4311,0.000976707362902118,45.4320196700197,0.00189637738257677
0.55549,45.4309,0.000776707362902584,45.4321472986038,0.00202400596674557
0.56682,45.43105,0.000926707362900459,45.4322831607872,0.00215986815014657
0.57812,45.43333,0.00320670736289941,45.4324171559636,0.00229386332647801
0.5894,45.43434,0.00421670736290025,45.4325408521177,0.00241755948060353
0.60072,45.43475,0.00462670736290249,45.4326486170599,0.00252532442278233
0.61202,45.43322,0.00309670736290002,45.4327381982874,0.00261490565027254
0.6233,45.43028,0.00015670736290474,45.4328105643325,0.00268727169543772
0.63457,45.43179,0.00166670736290087,45.4328690850812,0.00274579244407805
0.64589,45.43307,0.00294670736290215,45.4329183586092,0.00279506597208993
0.6572,45.43373,0.00360670736289848,45.4329630336224,0.00283974098526566
0.66852,45.43312,0.00299670736290381,45.4330068385634,0.0028835459263259
0.67979,45.4328,0.00267670736290171,45.4330518591115,0.00292856647437505
0.69109,45.43491,0.00478670736290354,45.4330980304062,0.00297473776906382
0.7024,45.43174,0.00161670736289921,45.4331428372654,0.00301954462831291
0.71371,45.43171,0.00158670736290389,45.4331812900646,0.00305799742746352
0.72502,45.43164,0.00151670736290299,45.4332063087869,0.0030830161498206
0.73633,45.43374,0.00361670736290165,45.4332096372733,0.00308634463617784
0.74764,45.43442,0.00429670736290433,45.433183275042,0.00305998240491242
0.75894,45.4328,0.00267670736290171,45.4331211992565,0.00299790661941587
0.77027,45.43525,0.00512670736290488,45.4330209816615,0.00289768902437082
0.78158,45.43256,0.00243670736290369,45.4328848796396,0.00276158700252385
0.7929,45.43378,0.00365670736290014,45.4327200924578,0.00259679982069765
0.80422,45.4339,0.0037767073629027,45.432538063563,0.00241477092592301
0.8155,45.43113,0.00100670736290454,45.4323529251318,0.00222963249471331
0.8268,45.42904,-0.00108329263709805,45.4321793871847,0.00205609454756585
0.8381,45.43281,0.00268670736290488,45.4320305212674,0.00190722863030276
0.84941,45.43247,0.00234670736290354,45.4319159035038,0.00179261086666332
0.86072,45.43088,0.000756707362903342,45.4318404387739,0.0017171461368436
0.87202,45.43149,0.00136670736289801,45.4318039787015,0.00168068606442435
0.8833,45.43198,0.00185670736290433,45.4318016908208,0.00167839818373978
0.8946,45.43129,0.00116670736289848,45.4318250534815,0.00170176084442136
0.90592,45.43272,0.00259670736290474,45.4318632888814,0.00173999624431158
0.91723,45.43372,0.00359670736290241,45.4319049880133,0.00178169537615883
0.92853,45.42993,-0.000193292637099773,45.4319396591241,0.00181636648695663
0.93984,45.43347,0.00334670736290121,45.4319589760414,0.00183568340430686
0.95114,45.43113,0.00100670736290454,45.4319575993298,0.00183430669270725
0.96243,45.43307,0.00294670736290215,45.431933536871,0.00181024423385854
0.97374,45.4325,0.00237670736289886,45.4318880674451,0.00176477480802091
0.98505,45.43014,1.67073629029346e-05,45.4318252936896,0.00170200105247502
0.99638,45.43053,0.000406707362898828,45.4317514476457,0.00162815500864769
1.00769,45.43231,0.0021867073629025,45.4316741150615,0.00155082242438521
1.01902,45.43248,0.00235670736289961,45.4316015125848,0.00147821994766405
1.03033,45.43138,0.00125670736289862,45.4315418416089,0.00141854897183128
1.04165,45.4333,0.0031767073629041,45.4315026397714,0.0013793471342696
1.05297,45.43103,0.000906707362901216,45.4314900440251,0.00136675138801888
1.06426,45.43063,0.000506707362902148,45.4315079742547,0.00138468161760435
1.07557,45.43039,0.000266707362904128,45.431557382068,0.00143408943087117
1.08686,45.42992,-0.000203292637095842,45.4316358012447,0.00151250860760156
1.09815,45.43327,0.00314670736290168,45.4317374117035,0.00161411906642702
1.10943,45.43196,0.00183670736289798,45.4318536772263,0.00173038458921574
1.12075,45.43277,0.00264670736289929,45.4319744187483,0.00185112611124102
1.13205,45.43206,0.0019367073629013,45.4320890570175,0.00196576438040099
1.14334,45.4341,0.00397670736290223,45.4321877594515,0.00206446681438362
1.15462,45.42892,-0.00120329263710062,45.4322623254189,0.00213903278175826
1.16593,45.43287,0.00274670736290261,45.4323067706359,0.00218347799880553
1.17722,45.43358,0.0034567073629006,45.4323176538989,0.0021943612618217
1.18852,45.4324,0.00227670736290264,45.4322941846528,0.00217089201573597
1.1998,45.43385,0.00372670736290104,45.4322380930494,0.00211480041234416
1.2111,45.43108,0.000956707362902876,45.4321532352041,0.00202994256699659
1.22238,45.42933,-0.000793292637098375,45.4320449955043,0.00192170286724366
1.23369,45.43184,0.00171670736290253,45.4319196655838,0.00179637294671478
1.24498,45.43335,0.00322670736289865,45.431784001575,0.00166070893789905
1.25626,45.4315,0.00137670736290119,45.4316450372888,0.00152174465167638
1.26758,45.43237,0.00224670736290022,45.4315100514428,0.00138675880571333
1.27889,45.43147,0.00134670736289877,45.4313864949346,0.0012632022974673
1.29019,45.43167,0.0015467073628983,45.4312817270876,0.00115843445053042
1.30149,45.4306,0.000476707362899731,45.4312025254332,0.00107923279608189
1.31281,45.42961,-0.00051329263710187,45.4311544450953,0.00103115245817758
1.32409,45.43352,0.00339670736290287,45.4311411666255,0.00101787398841377
1.33539,45.4306,0.000476707362899731,45.4311639687441,0.00104067610703627
1.34671,45.43049,0.000366707362900343,45.4312214224617,0.0010981298246099
1.35798,45.42824,-0.00188329263709619,45.4313093800971,0.0011860874599817
1.36928,45.43478,0.00465670736290491,45.4314213251349,0.00129803249783794
1.38061,45.43075,0.00062670736290471,45.4315490888445,0.00142579620740589
1.3919,45.43271,0.00258670736290156,45.4316838164708,0.00156052383366721
1.4032,45.43137,0.00124670736290255,45.4318169774316,0.00169368479448042
1.41447,45.43179,0.00166670736290087,45.4319412368206,0.00181794418350442
1.42578,45.43194,0.00181670736289874,45.4320510969339,0.00192780429683239
1.4371,45.43222,0.00209670736290235,45.432143289605,0.00201999696793478
1.4484,45.43272,0.00259670736290474,45.4322169189158,0.00209362627868949
1.45968,45.43282,0.00269670736290095,45.4322733435279,0.00215005089082092
1.471,45.43239,0.00226670736289947,45.4323157894994,0.00219249686227074
1.48231,45.4304,0.000276707362900197,45.4323487222439,0.00222542960683981
1.49359,45.43379,0.00366670736290331,45.4323770646553,0.00225377201823716
1.50489,45.43146,0.0013367073629027,45.4324053785485,0.0022820859113956
1.51618,45.43376,0.00363670736290089,45.4324370987253,0.00231380608816116
1.52748,45.43341,0.00328670736290348,45.4324738556319,0.00235056299484628
1.53881,45.43097,0.000846707362903487,45.4325149080841,0.00239161544702154
1.5501,45.43311,0.00298670736290063,45.4325567601488,0.0024334675117307
1.5614,45.43169,0.00156670736290465,45.4325931199956,0.00246982735854753
1.57273,45.42943,-0.000693292637095055,45.4326154035263,0.00249211088922426
1.58403,45.4317,0.00157670736290072,45.4326139356969,0.002490643059755
1.59536,45.43452,0.00439670736290054,45.4325798303135,0.00245653767639884
1.60667,45.43478,0.00465670736290491,45.4325072519848,0.00238395934773349
1.618,45.43343,0.00330670736290273,45.4323954930988,0.00227220046171978
1.62932,45.4343,0.00417670736290177,45.4322502086669,0.00212691602976459
1.64063,45.43296,0.00283670736290276,45.4320833297164,0.00196003707929127
1.65194,45.43065,0.000526707362901391,45.4319115450459,0.00178825240875474
1.66326,45.43036,0.000236707362901711,45.4317536481204,0.00163035548332597
1.67456,45.42974,-0.000383292637096133,45.4316273531603,0.00150406052320066
1.68588,45.43264,0.00251670736290066,45.4315462957795,0.00142300314243038
1.6972,45.42863,-0.0014932926371003,45.4315178280022,0.00139453536512916
1.7085,45.43295,0.00282670736289958,45.4315419731234,0.0014186804863476
1.71979,45.42986,-0.000263292637100676,45.4316116357333,0.00148834309616429
1.7311,45.43256,0.00243670736290369,45.4317139289904,0.00159063635330467
1.74239,45.43262,0.00249670736290142,45.4318322962542,0.00170900361707826
1.75371,45.4341,0.00397670736290223,45.4319489781883,0.00182568555116496
1.76502,45.43298,0.002856707362902,45.432047343371,0.00192405073391984
1.77633,45.4311,0.000976707362902118,45.4321136983473,0.00199040571017954
1.78763,45.43106,0.000936707362903633,45.432138411388,0.00201511875086341
1.79894,45.43254,0.00241670736290445,45.4321164268567,0.00199313421961764
1.81026,45.42954,-0.000583292637095667,45.4320473859656,0.00192409332849745
1.82156,45.43336,0.00323670736290183,45.4319355494071,0.00181225677004146
1.83286,45.43335,0.00322670736289865,45.4317895840104,0.00166629137325974
1.84416,45.43188,0.00175670736290101,45.431622125107,0.0014988324699302
1.85548,45.43147,0.00134670736289877,45.4314489565714,0.00132566393431619
1.8668,45.43187,0.00174670736290494,45.4312877128194,0.00116442018234179
1.87814,45.42961,-0.00051329263710187,45.4311561596449,0.00103286700781676
1.88948,45.43234,0.00221670736290491,45.4310702554965,0.000946962859360634
1.90081,45.42973,-0.000393292637099307,45.4310422678433,0.00091897520622984
1.91212,45.43058,0.000456707362900488,45.4310792204151,0.000955927778041383
1.92345,45.43109,0.000966707362898944,45.4311819020236,0.00105860938648586
1.93477,45.43078,0.000656707362900022,45.4313445912519,0.00122129861476627
1.9461,45.43198,0.00185670736290433,45.4315555483001,0.00143225566304146
1.95742,45.43112,0.000996707362901361,45.4317982125069,0.00167491986984429
1.96872,45.43202,0.00189670736290282,45.4320529479464,0.00192965530932714
1.98006,45.43313,0.00300670736289987,45.4322991109797,0.00217581834265127
1.99137,45.43378,0.00365670736290014,45.4325171689529,0.00239387631577935
2.00268,45.43385,0.00372670736290104,45.4326905903931,0.00256729775597526
2.01396,45.42989,-0.000233292637098259,45.432807287588,0.00268399495094044
2.02527,45.43297,0.00284670736289883,45.4328605240565,0.00273723141940982
2.03658,45.43398,0.00385670736289967,45.4328493246246,0.00272603198754276
2.0479,45.43201,0.00188670736289964,45.4327784501226,0.00265515748550121
2.0592,45.43491,0.00478670736290354,45.4326579292212,0.00253463658405281
2.0705,45.4332,0.00307670736290078,45.4325020831714,0.00237879053433296
2.08181,45.43041,0.000286707362903371,45.4323280206586,0.00220472802147522
2.09312,45.43279,0.00266670736289853,45.4321537129758,0.00203042033874321
2.10444,45.43181,0.00168670736290011,45.4319959071321,0.00187261449504751
2.11575,45.4304,0.000276707362900197,45.4318682112814,0.00174491864426963
2.12704,45.43002,-0.000103292637099628,45.4317796647084,0.00165637207127126
2.13836,45.43288,0.00275670736289868,45.4317340053972,0.00161071276011045
2.14968,45.43304,0.00291670736289973,45.4317296901157,0.00160639747864458
2.161,45.43302,0.00289670736290049,45.4317605414333,0.00163724879623921
2.17231,45.42963,-0.000493292637095522,45.4318167879534,0.00169349531628528
2.18361,45.43226,0.00213670736290084,45.4318862982759,0.00176300563881124
2.19493,45.43171,0.00158670736290389,45.4319559261757,0.00183263353856977
2.20626,45.43128,0.00115670736290241,45.4320129539419,0.00188966130478689
2.21758,45.43114,0.0010167073629006,45.4320465866599,0.00192329402283706
2.22885,45.43536,0.00523670736290427,45.4320493541696,0.00192606153249088
2.24016,45.4319,0.00177670736290025,45.4320181829777,0.00189489034057265
2.25146,45.43406,0.00393670736290375,45.4319548699809,0.00183157734384809
2.26276,45.4308,0.000676707362899265,45.4318657854934,0.00174249285634737
2.27408,45.42814,-0.00198329263709951,45.4317608511898,0.00163755855268506
2.28541,45.43281,0.00268670736290488,45.4316520641755,0.00152877153835836
2.29671,45.43227,0.00214670736290401,45.4315519198907,0.00142862725362623
2.30805,45.43222,0.00209670736290235,45.4314719788308,0.00134868619370128
2.3194,45.43185,0.00172670736289859,45.4314216462112,0.0012983535741214
2.33072,45.43024,0.000116707362899149,45.4314071554472,0.00128386281005793
2.34204,45.43045,0.000326707362901857,45.4314308020617,0.00130750942463122
2.35335,45.43162,0.00149670736290375,45.4314905607224,0.00136726808530231
2.36466,45.43177,0.00164670736290162,45.431580224707,0.00145693206989804
2.37598,45.43029,0.000166707362900809,45.4316901182835,0.001566825646354
2.3873,45.43256,0.00243670736290369,45.431808308428,0.00168501579089835
2.39862,45.433,0.00287670736290124,45.4319221372641,0.00179884462696058
2.40998,45.43247,0.00234670736290354,45.4320198263327,0.00189653369564335
2.42131,45.43269,0.00256670736290232,45.4320918859479,0.00196859331079018
2.43262,45.42978,-0.000343292637097647,45.432132123137,0.00200883049988432
2.44394,45.4336,0.00347670736289984,45.4321381562861,0.002014863649019
2.45526,45.434,0.00387670736289891,45.4321114357025,0.00198814306537422
2.46659,45.43096,0.000836707362900313,45.4320567968091,0.00193350417195674
2.47789,45.43183,0.00170670736289935,45.431981590924,0.00185829828694387
2.4892,45.43225,0.00212670736290477,45.4318945111542,0.00177121851709981
2.50053,45.42995,-0.000173292637100531,45.4318043282031,0.00168103556605206
2.51184,45.43082,0.000696707362898508,45.4317187919108,0.00159549927367523
2.52314,45.43331,0.00318670736290017,45.4316439024537,0.00152060981662866
2.53444,45.431,0.000876707362898799,45.4315836302005,0.00146033756340453
2.54574,45.43224,0.00211670736290159,45.4315400222032,0.00141672956608042
2.55707,45.43124,0.00111670736290392,45.4315135491161,0.00139025647896835
2.56838,45.43089,0.00076670736289941,45.4315035476243,0.00138025498719796
2.5797,45.43219,0.00206670736289993,45.431508657425,0.0013853647878881
2.59103,45.43195,0.00182670736290191,45.4315271817169,0.00140388907983227
2.60235,45.4328,0.00267670736290171,45.4315573061631,0.00143401352601574
2.61367,45.43063,0.000506707362902148,45.4315971302464,0.00147383760926684
2.625,45.42984,-0.000283292637099919,45.4316445302776,0.00152123764050064
2.63632,45.43186,0.00173670736290177,45.4316969580507,0.00157366541364381
2.64763,45.43456,0.00443670736289903,45.4317513054269,0.0016280127897754
2.65895,45.43,-0.000123292637098871,45.4318039023868,0.00168060974971163
2.67027,45.43155,0.00142670736290285,45.4318506409428,0.00172734830570868
2.68156,45.43158,0.00145670736289816,45.4318872147897,0.00176392215262365
2.69287,45.43122,0.00109670736290468,45.4319095041737,0.00178621153664015
2.7042,45.43219,0.00206670736289993,45.4319141239475,0.00179083131039321
2.7155,45.43319,0.00306670736290471,45.4318990684736,0.00177577583648872
2.72684,45.43208,0.00195670736290054,45.4318642921788,0.00174099954170384
2.73816,45.43299,0.00286670736289807,45.4318120305776,0.00168873794052085
2.74946,45.42981,-0.00031329263709523,45.431746725439,0.00162343280189307
2.76077,45.43289,0.00276670736290185,45.4316745432833,0.00155125064624869
2.77211,45.43073,0.000606707362898362,45.4316025968118,0.00147930417470229
2.78341,45.43215,0.00202670736290145,45.4315380352058,0.0014147425687297
2.79472,45.43038,0.000256707362900954,45.4314871631647,0.00136387052759736
2.80606,45.43191,0.00178670736290343,45.4314547184038,0.0013314257667238
2.81737,45.43114,0.0010167073629006,45.4314434033693,0.00132011073216275
2.82869,45.43139,0.0012667073629018,45.4314537252205,0.00133043258341764
2.84004,45.43155,0.00142670736290285,45.4314841506607,0.00136085802356621
2.85137,45.4313,0.00117670736290165,45.4315315413816,0.00140824874446506
2.86269,45.42953,-0.000593292637098841,45.4315918048146,0.00146851217753304
2.87401,45.43427,0.00414670736289935,45.4316606580246,0.00153736538749417
2.88532,45.43325,0.00312670736290244,45.4317343442557,0.00161105161858046
2.89666,45.43227,0.00214670736290401,45.4318100911307,0.00168679849364285
2.90796,45.431,0.000876707362898799,45.4318861379601,0.00176284532304497
2.91928,45.43251,0.00238670736290203,45.4319613266111,0.00183803397401557
2.9306,45.42873,-0.00139329263709698,45.4320344637844,0.00191117114731922
2.94191,45.43112,0.000996707362901361,45.4321037849804,0.00198049234333059
2.95324,45.43366,0.00353670736290468,45.4321668030959,0.00204351045877344
2.96456,45.43368,0.00355670736290392,45.4322206242747,0.00209733163763897
2.9759,45.43272,0.00259670736290474,45.4322625710649,0.00213927842784227
2.98723,45.43136,0.00123670736289938,45.4322908236528,0.00216753101573925
2.99855,45.43309,0.00296670736290139,45.4323048428576,0.00218155022046183
3.00987,45.43153,0.0014067073629036,45.432305489139,0.00218219650188745
3.02114,45.43294,0.00281670736290351,45.4322948709701,0.00217157833303708
3.03246,45.43172,0.00159670736289996,45.4322759988197,0.00215270618261247
3.0438,45.43213,0.0020067073629022,45.4322523197598,0.00212902712273532
3.05512,45.43434,0.00421670736290025,45.4322271972309,0.00210390459377519
3.06644,45.42938,-0.000743292637096715,45.4322033963803,0.00208010374323119
3.07776,45.43207,0.00194670736290448,45.4321826468475,0.00205935421040317
3.08908,45.4345,0.0043767073629013,45.4321653698152,0.00204207717810371
3.10041,45.43059,0.000466707362903662,45.4321506404965,0.00202734785939509
3.11172,45.43021,8.67073629038373e-05,45.4321364113094,0.00201311867233878
3.12302,45.43441,0.00428670736290115,45.432119983239,0.00199669060186477
3.13431,45.43153,0.0014067073629036,45.4320986813867,0.00197538874961384
3.14565,45.43152,0.00139670736290043,45.432070634829,0.0019473421919381
3.15694,45.43395,0.00382670736290436,45.4320355052642,0.00191221262706524
3.16824,45.43042,0.00029670736289944,45.4319950020975,0.00187170946044823
3.17954,45.43281,0.00268670736290488,45.4319530603754,0.00182976773827641
3.19086,45.4334,0.00327670736290031,45.4319156108069,0.00179231816982657
3.20217,45.43097,0.000846707362903487,45.4318899263466,0.0017666337095326
3.21348,45.43215,0.00202670736290145,45.4318835974681,0.00176030483098108
3.2248,45.43111,0.000986707362898187,45.4319032749702,0.0017799823331205
3.23612,45.43099,0.00086670736290273,45.4319533971755,0.00183010453841347
3.2474,45.43346,0.00333670736289804,45.4320351386139,0.00191184597685126
3.25872,45.43151,0.00138670736290436,45.4321457661545,0.00202247351742256
3.27002,45.43137,0.00124670736290255,45.4322785077971,0.00215521516003722
3.28132,45.43229,0.00216670736290325,45.4324229783128,0.00229968567570263
3.29261,45.43245,0.0023267073629043,45.4325661649003,0.00244287226322579
3.30392,45.43165,0.00152670736289906,45.4326939164796,0.00257062384254041
3.31525,45.43354,0.00341670736290212,45.4327927858817,0.00266949324458022
3.32655,45.43413,0.00400670736290465,45.4328519689596,0.00272867632246127
3.33788,45.43345,0.00332670736290197,45.4328650063952,0.00274171375809599
3.34921,45.4329,0.00277670736289792,45.4328309043005,0.00270761166336531
3.36052,45.43398,0.00385670736289967,45.4327544155709,0.00263112293384536
3.37187,45.43344,0.0033167073628988,45.4326453842826,0.00252209164549903
3.38318,45.43139,0.0012667073629018,45.4325172399523,0.00239394731518757
3.3945,45.43242,0.00229670736290188,45.4323849040547,0.00226161141762155
3.40582,45.42991,-0.000213292637099016,45.4322625113218,0.00213921868468141
3.41715,45.43082,0.000696707362898508,45.4321614029723,0.00203811033519012
3.42848,45.43361,0.00348670736290302,45.4320887700429,0.00196547740577407
3.43982,45.43247,0.00234670736290354,45.4320471219799,0.00192382934279111
3.45115,45.43168,0.00155670736290148,45.4320345187432,0.0019112261061355
3.46248,45.43253,0.00240670736290127,45.4320453532238,0.00192206058667832
3.4738,45.43196,0.00183670736289798,45.4320714512383,0.00194815860118946
3.48513,45.43188,0.00175670736290101,45.4321033123072,0.00198001967010319
3.49646,45.43208,0.00195670736290054,45.4321313698241,0.00200807718702392
3.50778,45.43201,0.00188670736289964,45.4321471751968,0.00202388255968699
3.51908,45.43369,0.00356670736289999,45.4321444114386,0.00202111880146356
3.53038,45.43166,0.00153670736290223,45.4321196356308,0.001996342993687
3.54167,45.43142,0.00129670736290421,45.4320726667338,0.00194937409670316
3.55297,45.43228,0.00215670736290008,45.4320065895754,0.00188329693827028
3.56428,45.43303,0.00290670736290366,45.4319274077047,0.00180411506761967
3.5756,45.42987,-0.000253292637097502,45.4318434083276,0.00172011569052289
3.58695,45.43383,0.0037067073629018,45.4317643060045,0.00164101336738514
3.59826,45.42989,-0.000233292637098259,45.4317002352478,0.00157694261072258
3.60958,45.43237,0.00224670736290022,45.4316606683386,0.00153737570152837
3.62091,45.43332,0.00319670736290334,45.4316533323959,0.00153003975884814
3.63224,45.43107,0.000946707362899701,45.431683197217,0.00155990457988953
3.64355,45.42901,-0.00111329263710047,45.4317516290133,0.00162833637622078
3.65488,45.43306,0.00293670736289897,45.4318558565313,0.00173256389417403
3.66619,45.43204,0.00191670736290206,45.4319889166845,0.00186562404741456
3.67749,45.43135,0.00122670736290331,45.4321401785088,0.00201688587168869
3.68881,45.43104,0.00091670736290439,45.4322964188418,0.0021731262047144
3.70014,45.43449,0.00436670736289813,45.4324433139434,0.00232002130626468
3.71146,45.43198,0.00185670736290433,45.4325671316675,0.00244383903043108
3.72278,45.43439,0.00426670736290191,45.4326563460091,0.0025330533719964
3.73408,45.43311,0.00298670736290063,45.4327028833243,0.00257959068716575
3.74538,45.43353,0.00340670736289894,45.4327027885849,0.00257949594780991
3.75669,45.43134,0.00121670736290014,45.4326562598567,0.00253296721958164
3.76801,45.43018,5.67073629014203e-05,45.4325671832792,0.00244389064207171
3.77932,45.43165,0.00152670736289906,45.4324424255773,0.00231913294024205
3.79063,45.43542,0.005296707362902,45.432291122321,0.00216782968387295
3.80195,45.43182,0.00169670736290328,45.432124033276,0.00200074063888192
3.81326,45.43364,0.00351670736289833,45.431952849706,0.00182955706886387
3.82457,45.43153,0.0014067073629036,45.4317892956996,0.00166600306251844
3.83585,45.4306,0.000476707362899731,45.4316440027984,0.00152071016125004
3.84718,45.42861,-0.00151329263709954,45.4315253424369,0.00140204979980543
3.85851,45.4317,0.00157670736290072,45.4314385246982,0.00131523206105535
3.86985,45.43202,0.00189670736290282,45.4313852222279,0.00126192959080203
3.88116,45.43374,0.00361670736290165,45.431363771973,0.00124047933594119
3.89246,45.43055,0.000426707362898071,45.4313697816612,0.00124648902412384
3.90378,45.43195,0.00182670736290191,45.4313968819172,0.00127358928006579
3.91513,45.42928,-0.000843292637100035,45.4314374539146,0.0013141612775279
3.92641,45.43222,0.00209670736290235,45.4314833135759,0.00136002093880112
3.93774,45.43198,0.00185670736290433,45.4315264095445,0.00140311690738471
3.94907,45.43085,0.000726707362900925,45.4315595564466,0.00143626380945534
3.9604,45.43183,0.00170670736289935,45.4315771429593,0.00145385032216704
3.97171,45.43271,0.00258670736290156,45.4315757002292,0.00145240759209722
3.983,45.4319,0.00177670736290025,45.4315542084774,0.00143091584026839
3.99432,45.43095,0.000826707362904244,45.4315140500652,0.0013907574281351
4.00564,45.43301,0.00288670736290442,45.4314585881359,0.0013352954987937
4.01695,45.42989,-0.000233292637098259,45.4313924513538,0.00126915871669753
4.02828,45.42978,-0.000343292637097647,45.4313207015655,0.00119740892839218
4.03963,45.43142,0.00129670736290421,45.4312481111872,0.00112481855014711
4.05092,45.43143,0.00130670736290028,45.4311787446562,0.00105545201909948
4.06225,45.42966,-0.00046329263710021,45.4311159165346,0.000992623897495342
4.07353,45.43349,0.00336670736290046,45.4310624396591,0.00093914702196539
4.08485,45.4324,0.00227670736290264,45.4310209557834,0.000897663146305761
4.09616,45.42942,-0.00070329263709823,45.4309941077445,0.000870815107439381
4.10748,45.43189,0.00176670736290419,45.4309843845192,0.000861091882107553
4.11881,45.43193,0.00180670736290267,45.4309936202332,0.000870327596118252
4.13012,45.42916,-0.000963292637095492,45.4310222780202,0.000898985383053994
4.14144,45.43093,0.000806707362897896,45.4310687433339,0.000945450696800249
4.15275,45.43024,0.000116707362899149,45.4311288843216,0.00100559168453651
4.16407,45.42997,-0.000153292637101288,45.4311961030418,0.00107281040473323
4.17541,45.43195,0.00182670736290191,45.4312619856354,0.00113869299827349
4.1867,45.43262,0.00249670736290142,45.4313174848653,0.0011941922281732
4.19802,45.43088,0.000756707362903342,45.4313544005658,0.00123110792873607
4.20933,45.43292,0.00279670736290427,45.4313668351128,0.00124354247568836
4.22065,45.43002,-0.000103292637099628,45.4313523255609,0.00122903292383889
4.23196,45.43237,0.00224670736290022,45.4313124586903,0.00118916605317005
4.24328,45.43105,0.000926707362900459,45.4312528916132,0.00112959897609994
4.25461,45.43228,0.00215670736290008,45.4311827853916,0.00105949275446762
4.26592,45.42968,-0.000443292637100967,45.4311137165619,0.000990423924770699
4.27724,45.43199,0.0018667073629004,45.4310581854226,0.000934892785512874
4.28858,45.43098,0.000856707362899556,45.4310278929467,0.000904600309612119
4.2999,45.43203,0.00190670736289889,45.4310319936508,0.000908701013707056
4.31121,45.42799,-0.00213329263709738,45.4310755517746,0.000952259137515122
4.32252,45.43193,0.00180670736290267,45.4311584461444,0.00103515350734749
4.33383,45.43026,0.000136707362898392,45.4312749602298,0.00115166759267623
4.34511,45.43129,0.00116670736289848,45.4314142100308,0.00129091739373949
4.35643,45.43092,0.000796707362901827,45.4315614065305,0.00143811389344402
4.36774,45.43322,0.00309670736290002,45.4316997804453,0.00157648780821088
4.37908,45.43101,0.000886707362901973,45.4318128656648,0.00168957302767794
4.39038,45.43455,0.00442670736290296,45.431886766838,0.00176347420089997
4.4017,45.43098,0.000856707362899556,45.4319120429632,0.00178875032611012
4.41302,45.43137,0.00124670736290255,45.4318849279416,0.00176163530453501
4.42432,45.43368,0.00355670736290392,45.4318077512546,0.00168445861752113
4.43564,45.43136,0.00123670736289938,45.4316885608928,0.00156526825574034
4.44694,45.43134,0.00121670736290014,45.4315400533444,0.00141676070732022
4.45824,45.43035,0.000226707362898537,45.4313779970313,0.00125470439418561
4.46956,45.43087,0.000746707362900167,45.4312194057759,0.00109611313876681
4.48088,45.43137,0.00124670736290255,45.4310807409538,0.000957448316725753
4.4922,45.43059,0.000466707362903662,45.4309763656968,0.000853073059749902
4.50351,45.43079,0.000666707362903196,45.4309173730495,0.000794080412354002
4.51479,45.43105,0.000926707362900459,45.4309108180594,0.00078752542232115
4.52609,45.43214,0.00201670736289827,45.4309593257665,0.000836033129439579
4.53742,45.43071,0.000586707362899119,45.4310610216349,0.000937728997798691
4.54873,45.43023,0.00010670736290308,45.4312097427967,0.00108645015963427
4.56004,45.43098,0.000856707362899556,45.4313955342738,0.00127224163670123
4.57132,45.43165,0.00152670736289906,45.4316054712765,0.00148217863938072
4.58266,45.43149,0.00136670736289801,45.4318248240885,0.00170153145142711
4.59397,45.43273,0.00260670736290081,45.4320384963445,0.00191520370738271
4.60531,45.43282,0.00269670736290095,45.4322325744038,0.00210928176675132
4.61661,45.43138,0.00125670736289862,45.4323957763028,0.00227248366573894
4.62793,45.4347,0.00457670736290083,45.4325205980325,0.002397305395372
4.63925,45.43143,0.00130670736290028,45.4326040067404,0.00248071410329489
4.65057,45.43188,0.00175670736290101,45.4326476010156,0.00252430837848695
4.66186,45.43445,0.00432670736289964,45.4326572278332,0.00253393519608137
4.67316,45.43386,0.00373670736290421,45.4326420957544,0.00251880311728927
4.68448,45.43015,2.67073628990033e-05,45.4326134582845,0.00249016564736586
4.69577,45.43265,0.00252670736290384,45.4325829948395,0.00245970220241434
4.7071,45.43295,0.00282670736289958,45.4325610893257,0.00243779668855938
4.7184,45.43354,0.00341670736290212,45.4325552336884,0.00243194105135031
4.72969,45.43229,0.00216670736290325,45.4325687409254,0.00244544828831297
4.74102,45.43159,0.00146670736290133,45.432599908796,0.00247661615885376
4.75231,45.43161,0.00148670736290057,45.432641788357,0.00251849571992024
4.7636,45.43088,0.000756707362903342,45.43268273354,0.00255944090286343
4.77494,45.43304,0.00291670736289973,45.4327078477804,0.00258455514325826
4.78624,45.4326,0.00247670736290218,45.4327012670033,0.00257797436623446
4.79756,45.43437,0.00424670736290267,45.4326489782089,0.0025256855717983
4.80892,45.43304,0.00291670736289973,45.432541671853,0.0024183792159432
4.82025,45.43422,0.00409670736290479,45.4323770532328,0.00225376059569271
4.83156,45.43195,0.00182670736290191,45.4321611220631,0.00203782942604234
4.84288,45.43286,0.00273670736289944,45.4319081348182,0.00178484218109753
4.85422,45.43079,0.000666707362903196,45.4316392201144,0.00151592747728432
4.86551,45.43264,0.00251670736290066,45.4313798518383,0.00125655920115487
4.87683,45.43024,0.000116707362899149,45.4311565542915,0.00103326165443532
4.88814,45.43074,0.000616707362901536,45.4309933147298,0.000870022092663279
4.89944,45.42886,-0.00126329263709835,45.43090822691,0.000784934272893895
4.91076,45.43076,0.000636707362900779,45.4309108810482,0.000787588411073102
4.92205,45.42936,-0.000763292637095958,45.4310009231526,0.000877630515452879
4.93334,45.43099,0.00086670736290273,45.4311680183792,0.00104472574206719
4.94466,45.43191,0.00178670736290343,45.4313932017802,0.00126990914314933
4.95598,45.43305,0.0029267073629029,45.4316513480207,0.00152805538364349
4.96731,45.43188,0.00175670736290101,45.4319143075876,0.00179101495055008
4.97862,45.43271,0.00258670736290156,45.4321541947367,0.0020309020995833
4.98993,45.4332,0.00307670736290078,45.4323463778101,0.00222308517304875
5.00128,45.43185,0.00172670736289859,45.432471863303,0.00234857066592125
5.01257,45.43161,0.00148670736290057,45.4325189146068,0.0023956219697248
5.02385,45.43393,0.00380670736289801,45.4324838610634,0.00236056842633295
5.03519,45.43291,0.0027867073629011,45.4323711115433,0.00224781890622521
5.04651,45.43312,0.00299670736290381,45.432192404067,0.00206911142988944
5.05782,45.431,0.000876707362898799,45.4319653584865,0.00184206584942848
5.06916,45.43065,0.000526707362901391,45.4317114953174,0.0015882026803101
5.08049,45.43022,9.6707362899906e-05,45.431453998135,0.00133070549785925
5.09178,45.43247,0.00234670736290354,45.4312155356435,0.00109224300638536
5.10311,45.42987,-0.000253292637097502,45.4310163773509,0.000893084713829006
5.11444,45.43301,0.00288670736290442,45.4308728859398,0.000749593302741797
5.12574,45.43117,0.00104670736290302,45.4307963496791,0.000673057041964166
5.13705,45.43112,0.000996707362901361,45.4307920975643,0.000668804927161926
5.14835,45.42826,-0.00186329263709695,45.4308589233351,0.000735630697972626
5.15969,45.4297,-0.000423292637101724,45.4309889734088,0.000865680771667409
5.17101,45.43123,0.00110670736290075,45.4311683171981,0.00104502456102934
5.1823,45.43209,0.00196670736290372,45.4313783255437,0.00125503290661402
5.1936,45.43318,0.00305670736290153,45.4315977634586,0.0014744708215407
5.20491,45.42933,-0.000793292637098375,45.4318052974764,0.00168200483926009
5.21621,45.43255,0.00242670736290052,45.4319820382058,0.00185874556872578
5.22753,45.43359,0.00346670736290378,45.4321137628441,0.00199047020702002
5.23885,45.43506,0.00493670736290142,45.432192496796,0.00206920415887524
5.25017,45.43286,0.00273670736289944,45.4322171677285,0.00209387509138044
5.26148,45.43063,0.000506707362902148,45.4321931744124,0.00206988177529541
5.2728,45.43006,-6.32926371011422e-05,45.4321309792213,0.00200768658422568
5.28412,45.43169,0.00156670736290465,45.4320441141213,0.0019208214842262
5.29544,45.43156,0.00143670736289891,45.4319470998281,0.00182380719100665
5.30676,45.4338,0.00367670736289938,45.4318536596799,0.00173036704277689
5.3181,45.43042,0.00029670736289944,45.4317753834306,0.00165209079347738
5.32939,45.43193,0.00180670736290267,45.4317208270386,0.00159753440153232
5.34071,45.43279,0.00266670736289853,45.4316949874433,0.00157169480616819
5.35202,45.43003,-9.32926370964537e-05,45.4316991171458,0.00157582450872145
5.36334,45.43209,0.00196670736290372,45.4317308738298,0.00160758119269279
5.37466,45.4311,0.000976707362902118,45.4317848074432,0.00166151480608672
5.38598,45.43227,0.00214670736290401,45.4318531620943,0.00172986945725127
5.39729,45.43322,0.00309670736290002,45.4319269120396,0.00180361940254851
5.40863,45.43053,0.000406707362898828,45.4319968906011,0.00187359796404795
5.41995,45.43327,0.00314670736290168,45.4320548527029,0.00193156006579582
5.43126,45.43143,0.00130670736290028,45.4320943435203,0.0019710508832163
5.44259,45.43336,0.00323670736290183,45.4321112936269,0.00198800098976958
5.4539,45.43147,0.00134670736289877,45.4321042994699,0.00198100683279113
5.46521,45.43189,0.00176670736290419,45.4320745855651,0.0019512929280295
5.47652,45.43132,0.0011967073629009,45.4320256899681,0.00190239733099183
5.48784,45.43216,0.00203670736290462,45.4319629448815,0.00183965224437527
5.49917,45.43307,0.00294670736290215,45.4318928109288,0.00176951829171827
5.51051,45.43345,0.00332670736290197,45.4318220792059,0.00169878656877571
5.52182,45.43122,0.00109670736290468,45.4317569424135,0.00163364977644591
5.53315,45.42955,-0.000573292637099598,45.4317020134565,0.00157872081940017
5.54446,45.43012,-3.29263709630823e-06,45.4316595111932,0.00153621855606641
5.55576,45.43065,0.000526707362901391,45.4316289162468,0.00150562360972122
5.56707,45.43187,0.00174670736290494,45.4316073079788,0.0014840153416841
5.57839,45.43465,0.00452670736289917,45.4315903373222,0.00146704468511995
5.58969,45.43145,0.00132670736289953,45.4315735137753,0.00145022113820181
5.60099,45.4339,0.0037767073629027,45.4315533578198,0.00143006518266041
5.61232,45.42938,-0.000743292637096715,45.4315280656088,0.00140477297170648
5.62365,45.43129,0.00116670736289848,45.4314975830692,0.00137429043210689
5.63496,45.43071,0.000586707362899119,45.4314632380964,0.0013399454592892
5.64627,45.43112,0.000996707362901361,45.4314272019333,0.00130390929620831
5.65755,45.43255,0.00242670736290052,45.4313920161005,0.00126872346342081
5.66884,45.42989,-0.000233292637098259,45.431360300663,0.0012370080258991
5.68017,45.43126,0.00113670736290317,45.431334647333,0.00121135469587135
5.69146,45.43298,0.002856707362902,45.431317635604,0.00119434296688202
5.7028,45.43092,0.000796707362901827,45.4313118744262,0.00118858178905744
5.71411,45.43156,0.00143670736289891,45.4313199572064,0.00119666456933829
5.72547,45.43186,0.00173670736290177,45.4313442466362,0.00122095399908101
5.73682,45.43164,0.00151670736290299,45.4313864816043,0.00126318896722435
5.74816,45.42924,-0.000883292637098521,45.4314472868582,0.00132399422108025
5.75947,45.43254,0.00241670736290445,45.4315257303716,0.00140243773448427
5.77077,45.43038,0.000256707362900954,45.4316190855058,0.00149579286868009
5.78208,45.43248,0.00235670736289961,45.4317228975301,0.00159960489301976
5.7934,45.43247,0.00234670736290354,45.4318313493679,0.00170805673077463
5.80474,45.43166,0.00153670736290223,45.4319378288291,0.00181453619200345
5.81607,45.43193,0.00180670736290267,45.4320355653522,0.00191227271509685
5.82739,45.43271,0.00258670736290156,45.4321182287524,0.00199493611527348
5.83873,45.4318,0.00167670736290404,45.4321804308632,0.00205713822613738
5.85004,45.43177,0.00164670736290162,45.4322181101708,0.00209481753372319
5.86133,45.43347,0.00334670736290121,45.4322288013421,0.00210550870497171
5.87262,45.43163,0.00150670736289982,45.4322118015176,0.00208850888049413
5.88392,45.43105,0.000926707362900459,45.4321682516559,0.00204495901876432
5.89525,45.43212,0.00199670736289903,45.4321011589581,0.00197786632101167
5.90657,45.43338,0.00325670736290107,45.4320153791592,0.00189208652213904
5.9179,45.43104,0.00091670736290439,45.4319175355285,0.00179424289142357
5.92922,45.43237,0.00224670736290022,45.4318157996207,0.00169250698357759
5.94052,45.43183,0.00170670736289935,45.4317194459741,0.00159615333702748
5.95186,45.43325,0.00312670736290244,45.4316381266249,0.00151483398780894
5.96316,45.43015,2.67073628990033e-05,45.4315808678353,0.00145757519820025
5.97448,45.43269,0.00256670736290232,45.4315548658511,0.00143157321399301
5.98581,45.43124,0.00111670736290392,45.4315642506588,0.00144095802174383
5.99715,45.43003,-9.32926370964537e-05,45.4316090704009,0.00148577776375852
6.00848,45.42947,-0.00065329263709657,45.4316847889914,0.0015614963543306
6.01979,45.43216,0.00203670736290462,45.4317825524259,0.00165925978874958
6.03112,45.43059,0.000466707362903662,45.4318903314299,0.001767038792827
6.04242,45.43374,0.00361670736290165,45.4319947972985,0.00187150466139485
6.05374,45.43586,0.00573670736289955,45.432083522107,0.00196022946994328
6.06502,45.43115,0.00102670736290378,45.432146943233,0.00202365059593178
6.07633,45.43283,0.00270670736290413,45.4321795883305,0.00205629569341207
6.08764,45.43282,0.00269670736290095,45.4321803089796,0.00205701634247069
6.09896,45.43249,0.00236670736290279,45.4321515937635,0.00202830112642314
6.11029,45.42862,-0.00150329263709637,45.4320982880675,0.00197499543039016
6.12162,45.43076,0.000636707362900779,45.432026184116,0.00190289147892594
6.13293,45.4315,0.00137670736290119,45.4319409406386,0.00181764800151945
6.14425,45.433,0.00287670736290124,45.4318476172133,0.00172432457620909
6.15558,45.43315,0.00302670736289912,45.4317508069275,0.00162751429040575
6.16693,45.43229,0.00216670736290325,45.4316550783775,0.00153178574041575
6.17828,45.43287,0.00274670736290261,45.4315653440888,0.0014420514516718
6.1896,45.42997,-0.000153292637101288,45.431486879927,0.00136358728994359
6.20093,45.43095,0.000826707362904244,45.4314249348576,0.00130164222047389
6.21224,45.43198,0.00185670736290433,45.4313840650956,0.00126077245848692
6.22354,45.42992,-0.000203292637095842,45.4313674142655,0.00124412162844783
6.23484,45.43225,0.00212670736290477,45.4313761353104,0.00125284267325424
6.24616,45.43047,0.0003467073629011,45.431409066294,0.00128577365691135
6.25747,45.43261,0.00248670736289824,45.4314626854127,0.00133939277558428
6.26878,45.43269,0.00256670736290232,45.4315313057689,0.00140801313179852
6.2801,45.42904,-0.00108329263709805,45.4316074460527,0.00148415341563827
6.2914,45.43238,0.0022567073629034,45.4316823393749,0.00155904673777257
6.30274,45.43145,0.00132670736289953,45.4317465857741,0.00162329313696382
6.31406,45.43373,0.00360670736289848,45.431790953847,0.00166766120990903
6.32537,45.42902,-0.0011032926370973,45.431807286694,0.00168399405688473
6.33671,45.43287,0.00274670736290261,45.4317894259602,0.00166613332305872
6.34804,45.43284,0.00271670736290019,45.4317340646067,0.00161077196962519
6.35934,45.43098,0.000856707362899556,45.4316414408346,0.00151814819747977
6.37067,45.43017,4.67073628982462e-05,45.4315157779418,0.00139248530472648
6.38197,45.43359,0.00346670736290378,45.4313653826121,0.00124208997504662
6.39331,45.43124,0.00111670736290392,45.4312023340883,0.00107904145117256
6.40463,45.43062,0.000496707362898974,45.4310417102008,0.000918417563665781
6.41596,45.4314,0.00127670736289787,45.4309003272762,0.000777034639110545
6.42726,45.43186,0.00173670736290177,45.430795044515,0.000671751877915573
6.43858,45.43059,0.000466707362903662,45.4307407755815,0.000617482944427804
6.44991,45.43015,2.67073628990033e-05,45.4307484372117,0.00062514457457822
6.46124,45.42783,-0.00229329263709843,45.4308231484789,0.000699855841812186
6.47258,45.4318,0.00167670736290404,45.4309630436055,0.000839750968446436
6.4839,45.4308,0.000676707362899265,45.4311590050485,0.00103571241136406
6.49522,45.43114,0.0010167073629006,45.4313954435951,0.00127215095798139
6.50653,45.43145,0.00132670736289953,45.4316520290196,0.00152873638246061
6.51785,45.43148,0.00135670736290194,45.4319061047439,0.00178281210678808
6.52918,45.43387,0.00374670736290028,45.4321354228083,0.00201213017115144
6.54052,45.43391,0.00378670736289877,45.4323207840892,0.0021974914520578
6.55182,45.43239,0.00226670736289947,45.432448171515,0.00232487887788082
6.56314,45.43234,0.00221670736290491,45.4325100633905,0.00238677075337491
6.57442,45.43144,0.00131670736290346,45.4325058051032,0.00238251246611392
6.58573,45.43377,0.00364670736290407,45.4324411140399,0.00231782140275919
6.59705,45.43211,0.00198670736290296,45.4323269031444,0.00220361050730721
6.60836,45.4333,0.0031767073629041,45.4321776301361,0.00205433749897685
6.61966,45.43095,0.000826707362904244,45.4320093848328,0.00188609219571685
6.631,45.42979,-0.000333292637101579,45.4318379691684,0.00171467653128981
6.64231,45.42993,-0.000193292637099773,45.431677271648,0.00155397901089005
6.65362,45.43317,0.00304670736289836,45.4315382006368,0.00141490799967952
6.66497,45.43303,0.00290670736290366,45.4314282690827,0.00130497644555752
6.67628,45.43213,0.0020067073629022,45.4313516928947,0.00122840025764455
6.68761,45.42979,-0.000333292637101579,45.4313097370276,0.00118644439048695
6.69894,45.43136,0.00123670736289938,45.4313010992903,0.00117780665315626
6.71027,45.43101,0.000886707362901973,45.4313222734857,0.00119898084864546
6.72159,45.43216,0.00203670736290462,45.4313679306672,0.00124463803008728
6.73293,45.43172,0.00159670736289996,45.4314313513131,0.00130805867604367
6.74428,45.43138,0.00125670736289862,45.4315048997251,0.00138160708804694
6.75558,45.43066,0.000536707362904565,45.4315805289186,0.00145723628151881
6.76689,45.43108,0.000956707362902876,45.4316503403974,0.00152704776033889
6.77823,45.43063,0.000506707362902148,45.4317072411306,0.00158394849348866
6.78952,45.43396,0.00383670736290043,45.431745688804,0.00162239616689998
6.80086,45.4314,0.00127670736289787,45.4317624045615,0.00163911192439197
6.81218,45.43441,0.00428670736290115,45.4317568333391,0.00163354070202912
6.82349,45.4308,0.000676707362899265,45.4317311322447,0.00160783960762038
6.83479,45.43177,0.00164670736290162,45.4316895965732,0.00156630393610191
6.84612,45.43035,0.000226707362898537,45.4316376356159,0.00151434297883811
6.85742,45.43053,0.000406707362898828,45.4315805824668,0.00145728982965378
6.86874,45.43144,0.00131670736290346,45.4315226766554,0.00139938401827337
6.88005,45.43247,0.00234670736290354,45.4314664772434,0.00134318460628727
6.89136,45.43057,0.000446707362904419,45.4314128053347,0.00128951269756524
6.90267,45.42989,-0.000233292637098259,45.4313611692713,0.00123787663421426
6.914,45.43276,0.00263670736290322,45.4313105395611,0.00118724692403824
6.92532,45.43232,0.00219670736289856,45.4312602860585,0.001136993421397
6.93664,45.43143,0.00130670736290028,45.4312110374177,0.00108774478058597
6.94797,45.43119,0.00106670736290226,45.4311652105928,0.00104191795570875
6.95931,45.43198,0.00185670736290433,45.4311270348132,0.00100374217611058
6.97066,45.43106,0.000936707362903633,45.4311020349039,0.000978742266838198
6.982,45.42967,-0.000453292637097036,45.4310960770663,0.000972784429179557
6.99334,45.43188,0.00175670736290101,45.4311141785756,0.000990885938465341
7.00462,45.43075,0.00062670736290471,45.431159327331,0.00103603469388133
7.01593,45.43134,0.00121670736290014,45.4312315426673,0.00110825003016944
7.02726,45.4301,-2.32926370955511e-05,45.4313273575369,0.00120406489975372
7.03858,45.4306,0.000476707362899731,45.4314398461447,0.00131655350758624
7.04989,45.4322,0.00207670736290311,45.4315592558589,0.00143596322184788
7.06124,45.43125,0.00112670736289999,45.4316742004332,0.00155090779615437
7.07254,45.43343,0.00330670736290273,45.4317732428901,0.00164995025302255
7.08387,45.42994,-0.000183292637096599,45.4318465959892,0.00172330335214833
7.09519,45.43522,0.00509670736290246,45.4318876403985,0.00176434776142653
7.1065,45.4294,-0.000723292637097472,45.4318940007066,0.00177070806947883
7.11782,45.43326,0.00313670736289851,45.4318679963328,0.00174470369573827
7.12915,45.43337,0.00324670736289789,45.4318163733693,0.00169308073217331
7.14044,45.43139,0.0012667073629018,45.4317493127154,0.00162602007829393
7.15176,45.43311,0.00298670736290063,45.4316788101256,0.00155551748849525
7.16307,45.42872,-0.00140329263710015,45.431616658558,0.00149336592087285
7.17438,45.43021,8.67073629038373e-05,45.4315724133926,0.00144912075554575
7.1857,45.43153,0.0014067073629036,45.4315518003474,0.00142850771027596
7.19702,45.43001,-0.000113292637095697,45.4315559493448,0.00143265670768424
7.20834,45.43237,0.00224670736290022,45.4315816103662,0.00145831772906555
7.21968,45.43323,0.00310670736290319,45.4316222274211,0.00149893478400064
7.231,45.43226,0.00213670736290084,45.4316695288148,0.00154623617766519
7.24234,45.4319,0.00177670736290025,45.4317152094306,0.0015919167935119
7.25365,45.43098,0.000856707362899556,45.4317523481218,0.0016290554846538
7.26496,45.43201,0.00188670736289964,45.4317763612895,0.00165306865243215
7.27628,45.43314,0.00301670736290305,45.4317854394767,0.00166214683955741
7.28759,45.43115,0.00102670736290378,45.4317804897199,0.00165719708278304
7.2989,45.43123,0.00110670736290075,45.4317646413656,0.00164134872852785
7.31022,45.43202,0.00189670736290282,45.4317424155833,0.0016191229461864
7.32155,45.43243,0.00230670736289795,45.4317187037418,0.00159541110469795
7.33286,45.43171,0.00158670736290389,45.4316977171341,0.0015744244969735
7.34418,45.42961,-0.00051329263710187,45.4316820702921,0.00155877765498084
7.3555,45.43164,0.00151670736290299,45.4316721672313,0.00154887459416279
7.36683,45.43185,0.00172670736289859,45.4316660482073,0.0015427555702094
7.37816,45.43144,0.00131670736290346,45.4316597755267,0.00153648288963452
7.38948,45.43175,0.00162670736290238,45.4316483042861,0.0015250116490224
7.40082,45.43075,0.00062670736290471,45.4316266656815,0.0015033730444159
7.41214,45.43365,0.0035267073629015,45.4315912241779,0.00146793154076818
7.42344,45.43227,0.00214670736290401,45.4315407433086,0.0014174506714652
7.43475,45.43176,0.00163670736289845,45.4314770083563,0.00135371571915963
7.44606,45.43134,0.00121670736290014,45.4314048391213,0.00128154648416252
7.45736,45.42963,-0.000493292637095522,45.4313314825118,0.00120818987466082
7.46868,45.43273,0.00260670736290081,45.4312655327907,0.00114224015361148
7.47998,45.43028,0.00015670736290474,45.431215604999,0.00109231236191872
7.4913,45.43275,0.00262670736290005,45.4311889729597,0.00106568032261359
7.50262,45.4295,-0.000623292637101258,45.4311903390971,0.00106704645997848
7.51395,45.43235,0.00222670736290098,45.4312208894187,0.00109759678157845
7.52526,45.42887,-0.00125329263709517,45.4312778038337,0.00115451119659793
7.53657,45.42999,-0.000133292637102045,45.431354392568,0.00123109993090935
7.54788,45.43193,0.00180670736290267,45.4314409618184,0.0013176691812933
7.55922,45.43336,0.00323670736290183,45.4315263526404,0.00140306000332659
7.57052,45.43067,0.000546707362900634,45.4315998887788,0.00147659614169939
7.58182,45.43382,0.00369670736289862,45.4316533187586,0.00153002612154477
7.59315,45.43144,0.00131670736290346,45.4316823282299,0.0015590355927622
7.60448,45.43239,0.00226670736289947,45.4316873155528,0.00156402291573032
7.61578,45.43194,0.00181670736289874,45.4316732971969,0.00155000455975088
7.6271,45.43129,0.00116670736289848,45.4316489863538,0.00152569371671395
7.63841,45.43111,0.000986707362898187,45.431625238218,0.00150194558089241
7.64974,45.43144,0.00131670736290346,45.4316131553993,0.00148986276223394
7.66105,45.43183,0.00170670736289935,45.4316221819289,0.00149888929184452
7.67236,45.43078,0.000656707362900022,45.4316584888827,0.00153519624560012
7.68368,45.43094,0.00081670736290107,45.4317238943629,0.00160060172579656
7.69501,45.43069,0.000566707362899876,45.4318154854612,0.00169219282409829
7.70632,45.4325,0.00237670736289886,45.4319260092751,0.00180271663804091
7.71764,45.43272,0.00259670736290474,45.4320449583229,0.00192166568578705
7.72897,45.43336,0.00323670736290183,45.4321601217278,0.00203682909070586
7.74027,45.43239,0.00226670736289947,45.4322592803791,0.0021359877420157
7.7516,45.43196,0.00183670736289798,45.4323317466916,0.00220845405453846
7.76289,45.4313,0.00117670736290165,45.4323695674394,0.00224627480228825
7.77423,45.43256,0.00243670736290369,45.4323683359412,0.00224504330413772
7.78557,45.43299,0.00286670736289807,45.4323276148244,0.00220432218733418
7.79688,45.43424,0.00411670736290404,45.4322509416917,0.00212764905459599
7.8082,45.43304,0.00291670736289973,45.4321453509325,0.00202205829543918
7.81953,45.42931,-0.000813292637097618,45.4320203915936,0.00189709895650135
7.83088,45.43199,0.0018667073629004,45.4318867737293,0.00176348109222671
7.84222,45.43138,0.00125670736289862,45.4317549372124,0.00163164457529376
7.85354,45.43017,4.67073628982462e-05,45.431633880454,0.00151058781689696
7.86484,45.43098,0.000856707362899556,45.4315304819155,0.00140718927838656
7.87615,45.43295,0.00282670736289958,45.4314493633868,0.00132607074972093
7.88748,45.43237,0.00224670736290022,45.431393155938,0.00126986330087804
7.89878,45.43242,0.00229670736290188,45.4313628965181,0.00123960388103287
7.91009,45.4314,0.00127670736289787,45.4313582689225,0.00123497628538061
7.9214,45.43129,0.00116670736289848,45.4313775287399,0.00125423610275806
7.93272,45.43099,0.00086670736290273,45.4314171537009,0.00129386106378114
7.94405,45.43024,0.000116707362899149,45.4314714362799,0.00134814364281381
7.95537,45.43048,0.000356707362904274,45.4315323155765,0.00140902293941434
7.96668,45.43098,0.000856707362899556,45.4315897101005,0.0014664174634235
7.97803,45.43143,0.00130670736290028,45.4316324731379,0.00150918050075898
7.98934,45.43283,0.00270670736290413,45.431649886767,0.00152659412989026
8.00068,45.43287,0.00274670736290261,45.4316334085455,0.00151011590835737
8.012,45.43216,0.00203670736290462,45.4315782671741,0.00145497453700528
8.0233,45.43179,0.00166670736290087,45.4314845227446,0.00136123010750844
8.03461,45.43105,0.000926707362900459,45.4313573520719,0.00123405943479933
8.04592,45.43212,0.00199670736289903,45.4312065175616,0.0010832249245334
8.05725,45.42928,-0.000843292637100035,45.4310451477318,0.000921855094680307
8.0686,45.43198,0.00185670736290433,45.4308880595974,0.000764766960338466
8.07992,45.43114,0.0010167073629006,45.4307498901788,0.000626597541742458
8.09123,45.42933,-0.000793292637098375,45.4306432985949,0.000520005957813357
8.10253,45.42871,-0.00141329263709622,45.4305774801639,0.000454187526832866
8.11385,45.43092,0.000796707362901827,45.4305572027103,0.000433910073185057
8.12517,45.43213,0.0020067073629022,45.4305824927017,0.000459200064592162
8.13647,45.43047,0.0003467073629011,45.4306489509691,0.000525658332011329
8.1478,45.43028,0.00015670736290474,45.4307485411868,0.000625248549724322
8.15911,45.43169,0.00156670736290465,45.4308706581031,0.000747365465959437
8.1704,45.42906,-0.00106329263709881,45.431003334792,0.000880042154894024
8.18171,45.43196,0.00183670736289798,45.431134503014,0.00101121037685906
8.19304,45.4322,0.00207670736290311,45.4312532213915,0.00112992875436102
8.20434,45.43086,0.000736707362904099,45.4313507425138,0.00122744987671899
8.21567,45.43344,0.0033167073628988,45.4314212546617,0.0012979620246206
8.22698,45.43154,0.00141670736289967,45.4314621595726,0.00133886693546497
8.23828,45.43018,5.67073629014203e-05,45.4314738490861,0.00135055644896569
8.24961,45.43055,0.000426707362898071,45.4314590870927,0.00133579445558334
8.26095,45.43255,0.00242670736290052,45.4314222204503,0.00129892781323369
8.27226,45.42902,-0.0011032926370973,45.4313684665574,0.00124517392030785
8.28358,45.43185,0.00172670736289859,45.4313034483006,0.00118015566346382
8.2949,45.43109,0.000966707362898944,45.4312330192916,0.00110972665445229
8.30622,45.43247,0.00234670736290354,45.4311632890525,0.00103999641543854
8.31752,45.43166,0.00153670736290223,45.4311006489371,0.000977356300005374
8.32884,45.43346,0.00333670736289804,45.4310515614579,0.000928268820762908
8.34014,45.43021,8.67073629038373e-05,45.4310219526699,0.00089866003276348
8.35145,45.42947,-0.00065329263709657,45.4310162355516,0.000892942914511777
8.36279,45.42912,-0.00100329263710108,45.4310362204846,0.000912927847466178
8.37412,45.43093,0.000806707362897896,45.4310803132132,0.000957020576132037
8.38545,45.43005,-7.32926370972109e-05,45.4311433584436,0.00102006580654433
8.39677,45.43356,0.00343670736290136,45.4312172698099,0.00109397717276653
8.40812,45.4305,0.000376707362903517,45.4312923187661,0.00116902612899455
8.41944,45.43125,0.00112670736289999,45.431358771635,0.00123547899787827
8.43075,45.43246,0.00233670736290037,45.43140851736,0.00128522472286756
8.44203,45.43166,0.00153670736290223,45.4314363755199,0.00131308288278316
8.45335,45.43403,0.00390670736290133,45.4314408505739,0.00131755793680964
8.46465,45.42915,-0.000973292637098666,45.4314241950682,0.0013009024310705
8.47598,45.43062,0.000496707362898974,45.4313917859334,0.00126849329627931
8.4873,45.43213,0.0020067073629022,45.4313509751653,0.0012276825282167
8.49864,45.43246,0.00233670736290037,45.4313096638047,0.00118637116755427
8.50998,45.43105,0.000926707362900459,45.4312748349098,0.00115154227274802
8.5213,45.42995,-0.000173292637100531,45.4312512447156,0.00112795207849135
8.53262,45.42927,-0.000853292637096104,45.4312404868555,0.00111719421840932
8.54393,45.43102,0.000896707362898042,45.4312406685537,0.00111737591660902
8.55521,45.43056,0.000436707362901245,45.4312468626774,0.00112357004026196
8.56652,45.43287,0.00274670736290261,45.4312522952625,0.00112900262537361
8.57786,45.43324,0.00311670736289926,45.4312499828992,0.00112669026212098
8.58918,45.43103,0.000906707362901216,45.4312343805816,0.00111108794446981
8.6005,45.43133,0.00120670736290407,45.4312026209628,0.00107932832572383
8.61178,45.43208,0.00195670736290054,45.4311551004119,0.00103180777482091
8.62311,45.42914,-0.00098329263710184,45.4310953913568,0.000972098719701044
8.63442,45.43097,0.000846707362903487,45.4310296292093,0.000906336572188887
8.64575,45.43159,0.00146670736290133,45.4309655908074,0.000842298170308886
8.65707,45.43056,0.000436707362901245,45.4309116562855,0.000788363648380478
8.66837,45.43144,0.00131670736290346,45.4308757703765,0.000752477739371035
8.67969,45.43208,0.00195670736290054,45.430864457658,0.000741165020855059
8.69102,45.42881,-0.00131329263710001,45.4308819428593,0.000758650222168009
8.70232,45.43053,0.000406707362898828,45.430929474053,0.000806181415927122
8.71364,45.43063,0.000506707362902148,45.4310049918564,0.000881699219307887
8.72495,45.43166,0.00153670736290223,45.4311032681702,0.000979975533054707
8.73626,45.42991,-0.000213292637099016,45.431216535982,0.00109324334490601
8.74759,45.43276,0.00263670736290322,45.4313355000026,0.00121220736546337
8.75892,45.43298,0.002856707362902,45.4314505205607,0.00132722792357155
8.77024,45.4304,0.000276707362900197,45.4315527294653,0.00142943682821615
8.78156,45.43282,0.00269670736290095,45.4316348787454,0.00151158610831248
8.79288,45.43068,0.000556707362903808,45.4316918334019,0.0015685407648173
8.80421,45.43141,0.00128670736290104,45.4317207448443,0.00159745220716662
8.8155,45.43185,0.00172670736289859,45.4317210190821,0.00159772644499039
8.82682,45.43054,0.000416707362902002,45.4316942001371,0.00157090749999243
8.83812,45.43277,0.00264670736289929,45.4316438398535,0.00152054721637036
8.84945,45.43137,0.00124670736290255,45.4315753494361,0.00145205679895817
8.86076,45.43164,0.00151670736290299,45.4314957590311,0.00137246639404172
8.87208,45.4325,0.00237670736289886,45.4314132791994,0.00128998656233071
8.88341,45.43362,0.00349670736289909,45.4313365776655,0.00121328502836157
8.89472,45.42771,-0.00241329263710099,45.4312737617701,0.00115046913295373
8.90604,45.43272,0.00259670736290474,45.4312311872359,0.00110789459882319
8.91739,45.42896,-0.00116329263710213,45.4312123497403,0.00108905710320066
8.92874,45.43112,0.000996707362901361,45.4312171686286,0.00109387599151179
8.94008,45.43109,0.000966707362898944,45.4312418944767,0.00111860183959106
8.9514,45.43132,0.0011967073629009,45.4312797049735,0.00115641233637368
8.96272,45.43208,0.00195670736290054,45.431321874603,0.00119858196592776
8.97406,45.43108,0.000956707362902876,45.4313592731262,0.00123598048905832
8.98537,45.43211,0.00198670736290296,45.4313838943652,0.00126060172810347
8.99668,45.43246,0.00233670736290037,45.4313901349627,0.00126684232559046
9.00798,45.43131,0.00118670736290483,45.4313756098811,0.00125231724402113
9.0193,45.43049,0.000366707362900343,45.4313413921902,0.00121809955310661
9.03061,45.43159,0.00146670736290133,45.4312916832033,0.00116839056617071
9.04191,45.43242,0.00229670736290188,45.4312330175404,0.00110972490332343
9.05324,45.43033,0.000206707362899294,45.4311731553684,0.00104986273125378
9.06457,45.42995,-0.000173292637100531,45.431119829672,0.000996537034888934
9.07589,45.4324,0.00227670736290264,45.4310795333735,0.00095624073636945
9.08721,45.42918,-0.000943292637096249,45.4310565368296,0.00093324419253975
9.09851,45.4308,0.000676707362899265,45.4310522880205,0.000928995383366021
9.10982,45.43296,0.00283670736290276,45.4310652676834,0.000941975046315981
9.12113,45.43024,0.000116707362899149,45.4310912787908,0.000967986153741901
9.13241,45.43093,0.000806707362897896,45.4311240798464,0.00100078720930569
9.14372,45.43083,0.000706707362901682,45.431156254398,0.00103296176095067
9.15506,45.431,0.000876707362898799,45.4311802304881,0.00105693785098687
9.1664,45.4324,0.00227670736290264,45.4311893698153,0.00106607717823946
9.17773,45.43077,0.000646707362903953,45.4311790177384,0.00105572510127883
9.18905,45.43031,0.000186707362900052,45.4311473801085,0.00102408747137287
9.20038,45.43069,0.000566707362899876,45.4310961016894,0.000972809052340635
9.2117,45.43481,0.00468670736290022,45.4310304398703,0.000907147233247356
9.22303,45.43012,-3.29263709630823e-06,45.4309589300584,0.000835637421330428
9.23435,45.43127,0.00114670736289924,45.4308924691223,0.000769176485215081
9.24565,45.4295,-0.000623292637101258,45.4308428666212,0.000719573984135136
9.25695,45.42865,-0.00147329263710105,45.4308210965598,0.000697803922695693
9.26828,45.43312,0.00299670736290381,45.4308355951807,0.000712302543641232
9.2796,45.42982,-0.000303292637099162,45.4308909091058,0.000767616468700137
9.29091,45.4319,0.00177670736290025,45.4309868537108,0.000863561073739413
9.30224,45.43087,0.000746707362900167,45.431118216102,0.000994923464877696
9.31357,45.43009,-3.32926370987252e-05,45.4312749990708,0.00115170643371548
9.32488,45.43114,0.0010167073629006,45.4314432201706,0.00131992753352134
9.3362,45.4306,0.000476707362899731,45.4316062786185,0.00148298598144661
9.34752,45.43158,0.00145670736289816,45.4317468334846,0.00162354084747473
9.35883,45.43304,0.00291670736289973,45.4318490019859,0.00172570934879607
9.37017,45.43318,0.00305670736290153,45.431900534911,0.00177724227389883
9.38148,45.43476,0.00463670736289856,45.4318945335256,0.00177124088851535
9.39278,45.43123,0.00110670736290075,45.4318303146084,0.00170702197126111
9.40412,45.43013,6.70736289976048e-06,45.4317132359978,0.00158994336073944
9.41542,45.43136,0.00123670736289938,45.4315535953322,0.00143030269515057
9.42674,45.43066,0.000536707362904565,45.43136495908,0.00124166644287313
9.43806,45.43053,0.000406707362898828,45.4311623483014,0.00103905566432189
9.44938,45.4307,0.000576707362903051,45.4309606103976,0.0008373177604804
9.4607,45.43351,0.0033867073628997,45.4307731402427,0.000649847605598471
9.47202,45.42911,-0.00101329263709715,45.4306109729843,0.00048768034716444
9.48332,45.4301,-2.32926370955511e-05,45.4304822129529,0.000358920315771212
9.49466,45.42965,-0.000473292637096279,45.4303917970001,0.000268504362967089
9.50601,45.42735,-0.00277329263710158,45.4303416451171,0.000218352479957513
9.51734,45.43456,0.00443670736289903,45.4303312218802,0.000207929243062053
9.52865,45.42983,-0.000293292637095988,45.4303583910136,0.00023509837653445
9.53999,45.43166,0.00153670736290223,45.4304202855446,0.00029699290749704
9.55132,45.43099,0.00086670736290273,45.4305138738144,0.000390581177300437
9.56265,45.43031,0.000186707362900052,45.430636024082,0.000512731444866793
9.57398,45.43046,0.000336707362897926,45.4307830781917,0.000659785554568263
9.58527,45.43201,0.00188670736289964,45.4309501277103,0.000826835073204431
9.5966,45.42807,-0.00205329263710041,45.431130292139,0.00100699950190094
9.60789,45.43038,0.000256707362900954,45.4313143258981,0.00119103326098078
9.61921,45.43143,0.00130670736290028,45.4314908237735,0.00136753113640171
9.63052,45.43205,0.00192670736289813,45.431647134954,0.00152384231688908
9.64182,45.433,0.00287670736290124,45.4317708595003,0.00164756686322658
9.65314,45.43288,0.00275670736289868,45.4318515914752,0.00172829883811938
9.66442,45.43256,0.00243670736290369,45.4318824981907,0.00175920555358803
9.67573,45.43058,0.000456707362900488,45.4318614093854,0.00173811674833784
9.68702,45.43134,0.00121670736290014,45.4317912679153,0.00166797527820075
9.69836,45.43269,0.00256670736290232,45.4316799580721,0.00155666543502004
9.70968,45.43151,0.00138670736290436,45.4315396002473,0.00141630761023603
9.72099,45.43222,0.00209670736290235,45.4313853906632,0.00126209802614839
9.7323,45.43108,0.000956707362902876,45.4312340510161,0.00111075837896288
9.7436,45.43141,0.00128670736290104,45.4311019931891,0.000978700552041926
9.75492,45.42963,-0.000493292637095522,45.4310033872569,0.000880094619796567
9.76626,45.43109,0.000966707362898944,45.4309483969498,0.000825104312655123
9.77756,45.43034,0.000216707362902469,45.4309418709464,0.000818578309299069
9.78889,45.42887,-0.00125329263709517,45.4309827314605,0.000859438823435399
9.80021,45.43203,0.00190670736289889,45.4310641904548,0.000940897817660876
9.81152,45.43269,0.00256670736290232,45.4311747677743,0.00105147513723989
9.82283,45.43023,0.00010670736290308,45.4312999204967,0.00117662785960705
9.83412,45.43311,0.00298670736290063,45.4314239846625,0.0013006920253617
9.84542,45.43038,0.000256707362900954,45.4315321299311,0.00140883729405359
9.85673,45.43089,0.00076670736289941,45.4316121084429,0.00148881580583187
9.86807,45.43283,0.00270670736290413,45.4316556636053,0.0015323709682103
9.87938,45.43134,0.00121670736290014,45.4316594979289,0.00153620529182429
9.8907,45.43289,0.00276670736290185,45.4316256859399,0.00150239330283708
9.90203,45.43292,0.00279670736290427,45.4315614109503,0.0014381183132207
9.91336,45.43114,0.0010167073629006,45.4314779592203,0.00135466658319885
9.92466,45.43184,0.00171670736290253,45.4313890390018,0.00126574636470276
9.93597,45.42836,-0.00176329263710073,45.4313086714966,0.00118537885950144
9.9473,45.4314,0.00127670736289787,45.4312490496812,0.00112575704409138
9.95863,45.43114,0.0010167073629006,45.4312187941142,0.00109550147713667
9.96994,45.43003,-9.32926370964537e-05,45.4312219227973,0.00109863016024065
9.98127,45.4315,0.00137670736290119,45.4312576532301,0.00113436059296359
9.99259,45.43282,0.00269670736290095,45.4313209601477,0.00119766751061466
10.00394,45.43101,0.000886707362901973,45.4314036757565,0.0012803831194393
10.01528,45.43093,0.000806707362897896,45.4314958590859,0.00137256644885028
10.02661,45.43227,0.00214670736290401,45.4315871778973,0.00146388526016644
10.03794,45.43243,0.00230670736289795,45.431668104653,0.00154481201589023
10.04925,45.43271,0.00258670736290156,45.4317307807238,0.00160748808673777
10.06058,45.43224,0.00211670736290159,45.4317694566413,0.0016461640042016
10.0719,45.42962,-0.000503292637098696,45.431780513745,0.00165722110786635
10.08321,45.43034,0.000216707362902469,45.4317622077822,0.00163891514511498
10.09454,45.43293,0.00280670736290034,45.4317143638963,0.00159107125920608
10.10587,45.43224,0.00211670736290159,45.4316382124624,0.0015149198252753
10.11717,45.42967,-0.000453292637097036,45.4315364091013,0.00141311646422341
10.12851,45.43419,0.00406670736290238,45.4314131441223,0.00128985148518978
10.13983,45.431,0.000876707362898799,45.4312741952283,0.00115090259121252
10.15118,45.42933,-0.000793292637098375,45.4311268023141,0.00100350967703958
10.1625,45.43239,0.00226670736289947,45.4309793071984,0.000856014561254281
10.17383,45.43184,0.00171670736290253,45.4308405686735,0.000717276036378836
10.18516,45.43003,-9.32926370964537e-05,45.4307192029995,0.000595910362371081
10.19648,45.4297,-0.000423292637101724,45.4306227249931,0.000499432356007753
10.20781,45.43027,0.000146707362901566,45.4305567084814,0.000433415844295426
10.21914,45.43115,0.00102670736290378,45.4305241211955,0.000400828558374079
10.23045,45.43009,-3.32926370987252e-05,45.4305249644659,0.000401671828816594
10.24174,45.43013,6.70736289976048e-06,45.4305562733973,0.000432980760195601
10.25307,45.43003,-9.32926370964537e-05,45.4306124644281,0.000489171791006363
10.26438,45.43269,0.00256670736290232,45.4306859716559,0.000562679018756417
10.2757,45.43023,0.00010670736290308,45.4307680736554,0.000644781018316766
10.28699,45.43018,5.67073629014203e-05,45.4308497891019,0.00072649646478424
10.29831,45.4314,0.00127670736289787,45.4309227416192,0.000799448982075146
10.30964,45.4306,0.000476707362899731,45.4309799462481,0.000856653610996347
10.32097,45.43067,0.000546707362900634,45.4310164993791,0.000893206741966432
10.3323,45.43095,0.000826707362904244,45.4310301400173,0.000906847380215695
10.34362,45.43252,0.0023967073628981,45.4310216131667,0.00089832052957254
10.35494,45.43099,0.00086670736290273,45.4309947325958,0.000871439958742526
10.36628,45.43151,0.00138670736290436,45.4309560401612,0.00083274752411635
10.37761,45.43134,0.00121670736290014,45.4309140203716,0.000790727734488279
10.38894,45.42934,-0.000783292637095201,45.4308779442198,0.000754651582744745
10.40028,45.43083,0.000706707362901682,45.4308565355377,0.000733242900565673
10.41163,45.43018,5.67073629014203e-05,45.4308567182043,0.000733425567218336
10.42298,45.43078,0.000656707362900022,45.430882680876,0.000759388238948988
10.43428,45.43099,0.00086670736290273,45.4309353994334,0.000812106796349095
10.44559,45.43109,0.000966707362898944,45.4310126347341,0.000889342097024656
10.45689,45.43193,0.00180670736290267,45.4311093238215,0.000986031184364214
10.46822,45.43114,0.0010167073629006,45.4312182323381,0.00109493970100681
10.47953,45.43144,0.00131670736290346,45.4313307404606,0.00120744782353792
10.49083,45.43134,0.00121670736290014,45.4314376836586,0.00131439102150149
10.50216,45.42968,-0.000443292637100967,45.4315302329839,0.00140694034679333
10.51348,45.43176,0.00163670736289845,45.4316008343601,0.00147754172297902
10.5248,45.4314,0.00127670736289787,45.4316441942018,0.00152090156472025
10.53611,45.43406,0.00393670736290375,45.4316581946154,0.0015349019782658
10.54743,45.43282,0.00269670736290095,45.4316445016904,0.00152120905327605
10.55876,45.43205,0.00192670736289813,45.4316085964331,0.00148530379599364
10.5701,45.42999,-0.000133292637102045,45.4315590770304,0.00143578439329907
10.58143,45.43266,0.0025367073628999,45.4315063121375,0.00138301950036893
10.59275,45.42948,-0.000643292637100501,45.4314607412092,0.00133744857208968
10.60408,45.42901,-0.00111329263710047,45.4314312147146,0.00130792207745804
10.61538,45.43332,0.00319670736290334,45.4314237215292,0.0013004288921024
10.62673,45.43218,0.00205670736290386,45.4314406910789,0.00131739844177755
10.63808,45.43239,0.00226670736289947,45.4314808507541,0.00135755811696989
10.6494,45.43107,0.000946707362899701,45.4315394804697,0.00141618783255813
10.66069,45.43108,0.000956707362902876,45.4316089193104,0.00148562667331317
10.67203,45.42886,-0.00126329263709835,45.4316792955538,0.00155600291666387
10.68334,45.4339,0.0037767073629027,45.4317395338711,0.00161624123399589
10.69468,45.43177,0.00164670736290162,45.4317786499088,0.00165535727167485
10.70603,45.43161,0.00148670736290057,45.4317872025286,0.00166390989154667
10.71734,45.4329,0.00277670736289792,45.4317586516513,0.00163535901416306
10.72866,45.43267,0.00254670736290308,45.4316903481225,0.00156705548536997
10.73998,45.43193,0.00180670736290267,45.4315839553995,0.00146066276236682
10.75128,45.42964,-0.000483292637099453,45.4314452308815,0.00132193824438221
10.76261,45.43281,0.00268670736290488,45.4312832435582,0.0011599509210835
10.7739,45.43038,0.000256707362900954,45.4311092251248,0.000985932487696068
10.78525,45.42956,-0.000563292637096424,45.4309352999988,0.000812007361735613
10.79659,45.43006,-6.32926371011422e-05,45.4307733207813,0.000650028144243854
10.80791,45.43252,0.0023967073628981,45.4306339713593,0.000510678722216324
10.81922,45.42939,-0.000733292637100647,45.4305261953192,0.000402902682143747
10.83056,45.43152,0.00139670736290043,45.4304568937914,0.000333601154267837
10.8419,45.42966,-0.00046329263710021,45.4304307761113,0.000307483474189772
10.85323,45.43179,0.00166670736290087,45.4304502582733,0.000326965636240448
10.86456,45.43089,0.00076670736289941,45.4305153517367,0.000392059099641535
10.87586,45.42949,-0.000633292637097327,45.4306235429305,0.000500250293432825
10.88719,45.42946,-0.000663292637099744,45.4307697331476,0.000646440510501952
10.89852,45.43148,0.00135670736290194,45.4309463660274,0.000823073390266453
10.90986,45.43023,0.00010670736290308,45.4311438591334,0.00102056649631784
10.92118,45.43199,0.0018667073629004,45.4313513563727,0.00122806373558083
10.93252,45.43355,0.00342670736289818,45.4315576828555,0.00143439021845249
10.94386,45.43141,0.00128670736290104,45.4317522949326,0.00162900229548283
10.95518,45.43234,0.00221670736290491,45.4319260288516,0.00180273621451419
10.96651,45.43123,0.00110670736290075,45.432071562506,0.00194826986892055
10.97786,45.43038,0.000256707362900954,45.4321836543117,0.00206036167455726
10.98918,45.43157,0.00144670736290209,45.4322593144407,0.00213602180363886
11.00052,45.43356,0.00343670736290136,45.4322980284718,0.00217473583472571
11.01185,45.4346,0.00447670736290462,45.4323020037709,0.00217871113383283
11.02317,45.4319,0.00177670736290025,45.4322762469546,0.00215295431750979
11.03448,45.43324,0.00311670736289926,45.4322282404201,0.00210494778302659
11.04581,45.43097,0.000846707362903487,45.4321671152011,0.00204382256396693
11.0571,45.43174,0.00161670736289921,45.4321024303082,0.00197913767108144
11.06841,45.42954,-0.000583292637095667,45.4320428310168,0.00191953837965379
11.07974,45.43364,0.00351670736289833,45.4319948891796,0.00187159654249417
11.09105,45.4337,0.00357670736290316,45.4319623261763,0.00183903353925053
11.10237,45.43123,0.00110670736290075,45.4319456594424,0.00182236680531315
11.11369,45.43047,0.0003467073629011,45.4319422174008,0.00181892476370583
11.12502,45.43214,0.00201670736289827,45.4319464916998,0.00182319906267101
11.13635,45.43029,0.000166707362900809,45.431950859411,0.00182756677393428
11.14769,45.43344,0.0033167073628988,45.431946690389,0.00182339775192481
11.15904,45.43176,0.00163670736289845,45.4319257369609,0.00180244432378725
11.17038,45.43304,0.00291670736289973,45.4318815664052,0.00175827376807699
11.18173,45.43301,0.00288670736290442,45.4318107296305,0.00168743699338616
11.19307,45.43037,0.000246707362904885,45.4317133987561,0.00159010611901317
11.20438,45.43258,0.00245670736290293,45.4315933315389,0.001470038901826
11.21573,45.43322,0.00309670736290002,45.431457173713,0.00133388107593089
11.22708,45.43018,5.67073629014203e-05,45.4313132416275,0.00118994899040782
11.23838,45.42928,-0.000843292637100035,45.4311700364752,0.00104674383813622
11.24972,45.42971,-0.00041329263709855,45.4310348368113,0.000911544174181828
11.26105,45.42964,-0.000483292637099453,45.43091274185,0.000789449212894008
11.27237,45.43185,0.00172670736289859,45.4308064124386,0.000683119801467471
11.28372,45.43295,0.00282670736289958,45.430716494585,0.000593201947897765
11.29503,45.43122,0.00109670736290468,45.4306424486953,0.000519156058219033
11.30636,45.42966,-0.00046329263710021,45.4305833993705,0.00046010673345203
11.31769,45.43097,0.000846707362903487,45.4305387112636,0.000415418626462251
11.32902,45.43083,0.000706707362901682,45.4305081903757,0.000384897738556485
11.34037,45.4301,-2.32926370955511e-05,45.4304919699123,0.000368677275184451
11.3517,45.42837,-0.00175329263709756,45.4304902112954,0.000366918658352151
11.36303,45.43317,0.00304670736289836,45.4305027578504,0.000379465213302823
11.37435,45.42953,-0.000593292637098841,45.4305288421926,0.000405549555472705
11.38568,45.42947,-0.00065329263709657,45.4305668855627,0.000443592925612143
11.39702,45.4334,0.00327670736290031,45.430614379777,0.000491087139944748
11.40838,45.4294,-0.000723292637097472,45.430667836295,0.000544543657925753
11.41972,45.42941,-0.000713292637101404,45.4307228114358,0.000599518798738285
11.43104,45.43076,0.000636707362900779,45.4307740546813,0.000650762044160918
11.44238,45.43136,0.00123670736289938,45.4308158461714,0.000692553534311665
11.45368,45.43112,0.000996707362901361,45.4308425477802,0.000719255143080685
11.46501,45.42952,-0.000603292637102015,45.43084930522,0.000726012582856848
11.47634,45.43272,0.00259670736290474,45.4308327736206,0.00070948098352125
11.48768,45.43028,0.00015670736290474,45.4307917237853,0.000668431148168701
11.49902,45.43102,0.000896707362898042,45.4307273998375,0.000604107200444205
11.51035,45.43144,0.00131670736290346,45.4306435327177,0.000520240080575723
11.52165,45.43065,0.000526707362901391,45.4305459751162,0.000422682479147521
11.53298,45.42974,-0.000383292637096133,45.4304420047738,0.000318712136669261
11.54432,45.42986,-0.000263292637100676,45.4303394260636,0.000216133426480879
11.55566,45.42962,-0.000503292637098696,45.4302456581703,0.000122365533181723
11.56701,45.42879,-0.00133329263709925,45.4301669968079,4.37041708045906e-05
11.57834,45.43282,0.00269670736290095,45.430108157679,-1.51349580527051e-05
11.58968,45.43027,0.000146707362901566,45.4300720838579,-5.12087791627398e-05
11.60104,45.43012,-3.29263709630823e-06,45.4300599026168,-6.33900202589634e-05
11.61236,45.4295,-0.000623292637101258,45.4300709248337,-5.23678033645381e-05
11.62369,45.42851,-0.00161329263709575,45.4301026867101,-2.06059269731768e-05
11.63503,45.43008,-4.32926371018993e-05,45.4301511389971,2.78463600317873e-05
11.64635,45.43104,0.00091670736290439,45.4302110925145,8.77998774088068e-05
11.65764,45.4306,0.000476707362899731,45.4302769246761,0.000153632039007344
11.66897,45.42879,-0.00133329263709925,45.4303434232732,0.000220130636118668
11.68031,45.43274,0.00261670736290398,45.4304065735159,0.000283280878759915
11.69163,45.43225,0.00212670736290477,45.4304640943177,0.000340801680561926
11.70296,45.42853,-0.00159329263709651,45.4305155784394,0.000392285802328649
11.7143,45.42997,-0.000153292637101288,45.4305621947752,0.000438902138066791
11.72564,45.43049,0.000366707362900343,45.4306060551863,0.000482762549206046
11.73698,45.43244,0.00231670736290113,45.4306494454827,0.000526152845589861
11.74834,45.42822,-0.00190329263709543,45.4306941088503,0.000570816213240517
11.75968,45.43151,0.00138670736290436,45.4307407032732,0.000617410636082525
11.77102,45.43108,0.000956707362902876,45.4307885075709,0.000665214933756927
11.78232,45.4297,-0.000423292637101724,45.4308354203702,0.000712127733144667
11.79367,45.4314,0.00127670736289787,45.4308782522656,0.000754959628504758
11.80498,45.43193,0.00180670736290267,45.4309132606162,0.000789967979122072
11.81631,45.42892,-0.00120329263710062,45.4309368386901,0.000813546053029572
11.82763,45.43203,0.00190670736289889,45.4309462522524,0.000822959615262842
11.83898,45.43182,0.00169670736290328,45.4309403109939,0.000817018356755701
11.85032,45.43125,0.00112670736289999,45.4309198583273,0.000796565690208327
11.86165,45.43005,-7.32926370972109e-05,45.4308879726104,0.000764679973311984
11.87298,45.43141,0.00128670736290104,45.4308498241315,0.000726531494399742
11.8843,45.4292,-0.000923292637097006,45.4308122114737,0.000688918836644452
11.89563,45.43385,0.00372670736290104,45.4307828518614,0.000659559224273229
11.90698,45.42873,-0.00139329263709698,45.4307694999159,0.000646207278819832
11.91831,45.43029,0.000166707362900809,45.4307789565851,0.000655663947984677
11.92963,45.4325,0.00237670736289886,45.4308160420604,0.00069274942326196
11.94096,45.43169,0.00156670736290465,45.4308826285308,0.000759335893672165
11.95227,45.42967,-0.000453292637097036,45.4309768422286,0.000853549591504565
11.9636,45.42924,-0.000883292637098521,45.4310925767749,0.000969284137750018
11.97495,45.43166,0.00153670736290223,45.4312195152336,0.00109622259655057
11.98628,45.43048,0.000356707362904274,45.4313438599099,0.00122056727283632
11.99763,45.42975,-0.000373292637100064,45.4314498537631,0.00132656112598483
12.00897,45.43317,0.00304670736289836,45.4315219814292,0.00139868879213227
12.02031,45.43245,0.0023267073629043,45.4315475370352,0.00142424439807312
12.03163,45.43161,0.00148670736290057,45.4315190935978,0.00139580096066985
12.04294,45.4334,0.00327670736290031,45.4314363530117,0.00131306037463914
12.05428,45.43393,0.00380670736289801,45.4313069313176,0.00118363868050528
12.0656,45.42878,-0.00134329263709532,45.4311458312909,0.0010225386537871
12.07692,45.43142,0.00129670736290421,45.4309736322076,0.00085033957050887
12.08824,45.42994,-0.000183292637096599,45.4308137144626,0.000690421825543458
12.09959,45.42936,-0.000763292637095958,45.430689030339,0.000565737701905975
12.11093,45.43159,0.00146670736290133,45.4306189637506,0.000495671113486372
12.12226,45.42906,-0.00106329263709881,45.4306167210452,0.000493428408069862
12.13361,45.43299,0.00286670736289807,45.4306875449904,0.000564252353336455
12.14494,45.42843,-0.00169329263709983,45.4308279137092,0.000704621072147437
12.15626,45.4295,-0.000623292637101258,45.4310258061918,0.000902513554724669
12.16759,45.43032,0.000196707362903226,45.431262061547,0.00113876890987116
12.17892,45.43239,0.00226670736289947,45.4315127561588,0.00138946352168201
12.19025,45.43263,0.00250670736290459,45.4317523256691,0.00162903303202445
12.20157,45.43509,0.00496670736290383,45.4319569328043,0.00183364016723028
12.21286,45.43211,0.00198670736290296,45.4321074693003,0.00198417666321671
12.22418,45.43075,0.00062670736290471,45.4321916727829,0.0020683801457917
12.2355,45.43359,0.00346670736290378,45.4322050969369,0.0020818042998373
12.24683,45.43182,0.00169670736290328,45.4321509521807,0.00202765954362863
12.25816,45.4324,0.00227670736290264,45.4320390116306,0.00191571899352252
12.2695,45.43232,0.00219670736289856,45.4318838499732,0.00176055733611
12.28081,45.42886,-0.00126329263709835,45.4317027206071,0.00157942797000633
12.29212,45.43144,0.00131670736290346,45.431513405771,0.00139011313391863
12.30342,45.43233,0.00220670736290174,45.4313323516038,0.00120905896674044
12.31475,45.43134,0.00121670736290014,45.4311732883237,0.00104999568657767
12.32608,45.43035,0.000226707362898537,45.4310463809116,0.000923088274512099
12.33739,45.43125,0.00112670736289999,45.430957852342,0.000834559704940466
12.34872,45.42946,-0.000663292637099744,45.4309100002547,0.000786707617628443
12.36006,45.43269,0.00256670736290232,45.4309015307564,0.000778238119324141
12.37138,45.43238,0.0022567073629034,45.4309281074114,0.000804814774287252
12.38273,45.4289,-0.00122329263709986,45.4309829832762,0.000859690639080185
12.39407,45.43192,0.0017967073628995,45.4310576087086,0.000934316071516554
12.40541,45.43047,0.0003467073629011,45.4311421909418,0.00101889830469558
12.41673,45.4332,0.00307670736290078,45.4312262547529,0.00110296211580039
12.42809,45.42796,-0.0021632926370998,45.431299271298,0.00117597866092721
12.4394,45.43149,0.00136670736289801,45.4313514093383,0.00122811670121484
12.45073,45.43038,0.000256707362900954,45.4313744340041,0.00125114136704258
12.46206,45.43471,0.00458670736290401,45.4313626924689,0.00123939983176661
12.47337,45.43189,0.00176670736290419,45.4313139834936,0.00119069085652815
12.4847,45.43158,0.00145670736289816,45.4312300162419,0.0011067236047854
12.49605,45.43107,0.000946707362899701,45.4311162361987,0.000992943561562079
12.50741,45.42966,-0.00046329263710021,45.4309810131504,0.000857720513307641
12.51871,45.43157,0.00144670736290209,45.4308344121116,0.00071111947446956
12.53004,45.42776,-0.00236329263709933,45.4306868842927,0.000563591655630361
12.54137,45.43119,0.00106670736290226,45.4305481956129,0.000424902975785885
12.5527,45.4306,0.000476707362899731,45.4304267866925,0.000303494055431346
12.56401,45.43143,0.00130670736290028,45.4303295787046,0.000206286067501916
12.57533,45.42957,-0.000553292637100355,45.4302620731148,0.000138780477702951
12.58666,45.43153,0.0014067073629036,45.4302285136517,0.000105221014565609
12.59799,45.43004,-8.3292637100385e-05,45.4302319042075,0.000108611570362205
12.60932,45.43101,0.000886707362901973,45.4302737628419,0.000150470204785869
12.6206,45.43101,0.000886707362901973,45.4303535953912,0.000230302754065144
12.63189,45.42972,-0.000403292637095376,45.4304681812869,0.000344888649841696
12.6432,45.429,-0.00112329263709654,45.4306108749374,0.000487582300260928
12.65453,45.43009,-3.32926370987252e-05,45.4307712082524,0.000647915615304868
12.66584,45.43131,0.00118670736290483,45.4309350792892,0.000811786652067558
12.67719,45.42999,-0.000133292637102045,45.4310856995444,0.00096240690728794
12.68854,45.4307,0.000576707362903051,45.4312052888624,0.00108199622532847
12.69986,45.43141,0.00128670736290104,45.4312773245228,0.00115403188569853
12.71121,45.43266,0.0025367073628999,45.4312890026796,0.0011657100424817
12.72252,45.43288,0.00275670736289868,45.4312334603239,0.00111016768683745
12.73384,45.43292,0.00279670736290427,45.4311112703328,0.000987977695681947
12.74518,45.43048,0.000356707362904274,45.4309308202762,0.000807527639140786
12.75651,45.43155,0.00142670736290285,45.4307074277833,0.000584135146224722
12.76784,45.42873,-0.00139329263709698,45.4304613568016,0.000338064164531516
12.77917,45.42833,-0.00179329263709604,45.4302151624995,9.1869862415029e-05
12.79049,45.4295,-0.000623292637101258,45.4299909131791,-0.000132379458024937
12.80182,45.43142,0.00129670736290421,45.4298077793413,-0.000315513295759509
12.81311,45.42753,-0.00259329263710129,45.4296802837938,-0.000443008843276177
12.82443,45.42992,-0.000203292637095842,45.4296172805368,-0.000506012100276502
12.83576,45.43314,0.00301670736290305,45.4296215700551,-0.000501722582031565
12.8471,45.42863,-0.0014932926371003,45.4296899871029,-0.000433305534229104
12.85844,45.429,-0.00112329263709654,45.4298138139262,-0.000309478710901127
12.86978,45.42813,-0.00199329263709558,45.4299794804608,-0.000143812176310326
12.8811,45.42986,-0.000263292637100676,45.4301696425645,4.63499273524503e-05
12.89244,45.43098,0.000856707362899556,45.4303647474213,0.000241454784221675
12.90377,45.43086,0.000736707362904099,45.4305450587749,0.000421766137785182
12.9151,45.4309,0.000776707362902584,45.4306929243478,0.000569631710694678
12.92643,45.43072,0.000596707362902293,45.4307949493005,0.000671656663427858
12.93776,45.43174,0.00161670736289921,45.4308437287355,0.000720436098449763
12.94908,45.43387,0.00374670736290028,45.4308388491498,0.000715556512701446
12.96042,45.42841,-0.00171329263709907,45.430786964958,0.000663672320901691
12.97172,45.43121,0.00108670736290151,45.4307009056154,0.000577612978310377
12.98306,45.43011,-1.32926370994824e-05,45.4305979598206,0.000474667183498446
12.99436,45.42961,-0.00051329263710187,45.4304976351623,0.000374342525236322
13.0057,45.4306,0.000476707362899731,45.4304192310103,0.000295938373197524
13.01702,45.43224,0.00211670736290159,45.4303795028578,0.000256210220718956
13.02831,45.42987,-0.000253292637097502,45.4303906115713,0.000267318934170347
13.03964,45.42886,-0.00126329263709835,45.4304585129343,0.00033522029719098
13.051,45.42991,-0.000213292637099016,45.4305819726055,0.000458679968443896
13.06231,45.42924,-0.000883292637098521,45.4307524259185,0.000629133281364624
13.07364,45.43107,0.000946707362899701,45.4309548415712,0.000831548934113083
13.08496,45.43192,0.0017967073628995,45.4311695655709,0.00104627293378281
13.09632,45.43178,0.0016567073629048,45.4313748904278,0.00125159779066264
13.10766,45.43321,0.00308670736290395,45.4315499212298,0.00142662859265614
13.119,45.43224,0.00211670736290159,45.4316772646965,0.00155397205936369
13.13034,45.42822,-0.00190329263709543,45.4317451547641,0.00162186212703935
13.14164,45.43584,0.00571670736290031,45.4317487876407,0.00162549500365131
13.15298,45.43135,0.00122670736290331,45.431690775716,0.0015674830788652
13.16431,45.43161,0.00148670736290057,45.4315807001372,0.00145740750005528
13.17561,45.43114,0.0010167073629006,45.4314338018417,0.00131050920457166
13.18692,45.43245,0.0023267073629043,45.4312689593102,0.00114566667308989
13.19824,45.43037,0.000246707362904885,45.4311062271516,0.00098293451449703
13.20957,45.4283,-0.00182329263709846,45.4309642950466,0.000841002409453887
13.2209,45.43097,0.000846707362903487,45.4308582540377,0.00073496140061966
13.23221,45.43198,0.00185670736290433,45.4307980074601,0.000674714822969533
13.24354,45.42946,-0.000663292637099744,45.4307875195093,0.000664226872156613
13.25488,45.43097,0.000846707362903487,45.4308249102293,0.000701617592220528
13.26622,45.4306,0.000476707362899731,45.4309032709549,0.00077997831776908
13.27754,45.43171,0.00158670736290389,45.4310120059507,0.000888713313566018
13.28884,45.43272,0.00259670736290474,45.4311384634092,0.00101517077214327
13.30017,45.42946,-0.000663292637099744,45.4312695976462,0.00114630500907752
13.31152,45.43192,0.0017967073628995,45.4313934357987,0.00127014316164627
13.32286,45.43269,0.00256670736290232,45.4315001988249,0.00137690618780897
13.3342,45.43072,0.000596707362902293,45.4315829958562,0.00145970321905491
13.3455,45.4332,0.00307670736290078,45.4316380510847,0.00151475844762481
13.35682,45.431,0.000876707362898799,45.4316644655226,0.00154117288546916
13.36814,45.43161,0.00148670736290057,45.43166358774,0.00154029510294773
13.37947,45.43072,0.000596707362902293,45.4316381505227,0.00151485788556703
13.3908,45.43262,0.00249670736290142,45.4315913870387,0.00146809440162911
13.40208,45.42889,-0.00123329263709593,45.4315263441885,0.00140305155142946
13.41339,45.43228,0.00215670736290008,45.4314455606019,0.00132226796482561
13.42471,45.43209,0.00196670736290372,45.4313511857458,0.00122789310871288
13.43606,45.43006,-6.32926371011422e-05,45.4312455023997,0.00112220976263868
13.44738,45.42975,-0.000373292637100064,45.4311317082478,0.0010084156106616
13.45874,45.43327,0.00314670736290168,45.4310147373331,0.000891444696007919
13.47006,45.4346,0.00447670736290462,45.4309018457984,0.000778553161338249
13.48138,45.43001,-0.000113292637095697,45.4308026603133,0.000679367676162943
13.4927,45.42989,-0.000233292637098259,45.4307284799505,0.000605187313423785
13.50402,45.42896,-0.00116329263710213,45.4306908748771,0.000567582239965878
13.51534,45.43141,0.00128670736290104,45.4306999065611,0.000576613923999651
13.52666,45.43019,6.67073629045944e-05,45.4307624171632,0.000639124526064407
13.53801,45.42913,-0.000993292637097909,45.4308807631762,0.000757470539119697
13.54931,45.43219,0.00206670736289993,45.4310522066311,0.000928913993974952
13.56065,45.43128,0.00115670736290241,45.4312690179483,0.00114572531124147
13.57199,45.43111,0.000986707362898187,45.4315192099744,0.00139591733734695
13.58331,45.43188,0.00175670736290101,45.4317877256802,0.00166443304307594
13.59464,45.43428,0.00415670736290252,45.4320578599658,0.00193456732870725
13.60596,45.43117,0.00104670736290302,45.4323127046708,0.00218941203368842
13.61729,45.4323,0.00217670736289932,45.4325364576752,0.00241316503807577
13.62863,45.43111,0.000986707362898187,45.4327155248124,0.00259223217528727
13.63995,45.43442,0.00429670736290433,45.4328394184985,0.00271612586139867
13.65128,45.43373,0.00360670736289848,45.4329014559405,0.00277816330336271
13.66264,45.43272,0.00259670736290474,45.4328991971042,0.00277590446711752
13.67398,45.43297,0.00284670736289883,45.4328345304701,0.00271123783300258
13.68532,45.43162,0.00149670736290375,45.4327133678204,0.00259007518327086
13.69666,45.4324,0.00227670736290264,45.4325450006846,0.0024217080475203
13.70797,45.43554,0.00541670736290456,45.4323412193317,0.0022179266945689
13.71932,45.42928,-0.000843292637100035,45.4321152855008,0.00199199286374039
13.73064,45.43124,0.00111670736290392,45.4318808416984,0.00175754906128437
13.74198,45.43192,0.0017967073628995,45.4316508691393,0.00152757650219645
13.7533,45.43142,0.00129670736290421,45.4314368190188,0.00131352638174597
13.76463,45.43275,0.00262670736290005,45.4312479771494,0.00112468451230639
13.77598,45.43198,0.00185670736290433,45.4310910246676,0.000967732030516543
13.7873,45.42841,-0.00171329263709907,45.4309697297656,0.000846437128459208
13.7986,45.4308,0.000676707362899265,45.4308847765305,0.000761483893401901
13.80992,45.43098,0.000856707362899556,45.4308338261274,0.000710533490266799
13.82127,45.43029,0.000166707362900809,45.4308119080914,0.000688615454287401
13.83261,45.43127,0.00114670736289924,45.4308121391406,0.000688846503547971
13.84392,45.43312,0.00299670736290381,45.4308266432398,0.000703350602708607
13.85526,45.43064,0.000516707362898217,45.4308474854522,0.000724192815148124
13.86658,45.42808,-0.00204329263709724,45.4308674705785,0.000744177941393774
13.87791,45.43099,0.00086670736290273,45.4308807716643,0.000757479027173675
13.88925,45.43156,0.00143670736289891,45.4308834460925,0.000760153455435497
13.90058,45.43169,0.00156670736290465,45.4308738705457,0.000750577908567402
13.91188,45.4313,0.00117670736290165,45.430853008483,0.000729715845917214
13.92322,45.43176,0.00163670736289845,45.430824346842,0.000701054204869149
13.93453,45.43071,0.000586707362899119,45.4307933843469,0.000670091709826319
13.94583,45.4303,0.000176707362903983,45.4307666915195,0.000643398882395139
13.95715,45.42941,-0.000713292637101404,45.4307507148183,0.000627422181217031
13.96847,45.43052,0.00039670736290276,45.4307505961913,0.000627303554206863
13.97982,45.43078,0.000656707362900022,45.4307692801693,0.000645987532216383
13.99119,45.43087,0.000746707362900167,45.4308070840462,0.000683791409114743
14.00253,45.43005,-7.32926370972109e-05,45.430861767178,0.000738474540870813
14.01383,45.43219,0.00206670736289993,45.4309290182953,0.000805725658177234
14.02515,45.43143,0.00130670736290028,45.4310032115494,0.000879918912288752
14.03646,45.43018,5.67073629014203e-05,45.4310782597868,0.000954967149659504
14.0478,45.431,0.000876707362898799,45.4311484144185,0.00102512178136037
14.05913,45.4329,0.00277670736289792,45.4312089091165,0.00108561647942851
14.07046,45.43037,0.000246707362904885,45.4312563845232,0.00113309188606046
14.08177,45.43182,0.00169670736290328,45.4312890556811,0.00116576304402974
14.0931,45.43026,0.000136707362898392,45.4313066207342,0.00118332809707204
14.1044,45.43296,0.00283670736290276,45.4313099621515,0.00118666951437692
14.11571,45.4308,0.000676707362899265,45.431300729939,0.00117743730185475
14.12702,45.42879,-0.00133329263709925,45.4312809115182,0.00115761888110542
14.13835,45.43205,0.00192670736289813,45.4312524976475,0.00112920501042483
14.14968,45.43102,0.000896707362898042,45.431217326094,0.00109403345688394
14.16102,45.43302,0.00289670736290049,45.431177091081,0.00105379844386567
14.17232,45.43251,0.00238670736290203,45.4311333873165,0.00101009467935323
14.18364,45.43011,-1.32926370994824e-05,45.4310876191114,0.000964326474270648
14.19497,45.42978,-0.000343292637097647,45.4310407052721,0.000917412635050356
14.2063,45.43079,0.000666707362903196,45.4309926850042,0.000869392367114257
14.21764,45.43007,-5.32926370979681e-05,45.4309424455548,0.000819152917666273
14.22894,45.43142,0.00129670736290421,45.4308877668504,0.000764474213342185
14.24027,45.43091,0.000786707362898653,45.4308257454123,0.000702452775187021
14.25158,45.43068,0.000556707362903808,45.4307535144554,0.000630221818306799
14.26292,45.43165,0.00152670736289906,45.4306690876492,0.000545795012142852
14.27423,45.43034,0.000216707362902469,45.4305721342188,0.000448841581699534
14.28555,45.4302,7.67073629006632e-05,45.4304645255257,0.00034123288862576
14.29689,45.43049,0.000366707362900343,45.4303505521673,0.000227259530175935
14.30824,45.43134,0.00121670736290014,45.4302367677299,0.000113475092802719
14.31955,45.43066,0.000536707362904565,45.4301314550865,8.1624494203428e-06
14.33086,45.42933,-0.000793292637098375,45.430043752396,-7.95402411266564e-05
14.34216,45.42892,-0.00120329263710062,45.4299825483223,-0.000140744314823043
14.35352,45.42929,-0.000833292637096861,45.4299553405915,-0.000167952045561166
14.36485,45.43073,0.000606707362898362,45.4299672805558,-0.000156012081329623
14.37621,45.42878,-0.00134329263709532,45.4300205586062,-0.000102734030866494
14.38752,45.43208,0.00195670736290054,45.4301141598631,-9.13277402039582e-06
14.39887,45.431,0.000876707362898799,45.4302439140693,0.00012062143218244
14.41022,45.43008,-4.32926371018993e-05,45.4304027334771,0.000279440840041367
14.42152,45.42773,-0.00239329263710175,45.430580991532,0.000457698894917684
14.43285,45.43154,0.00141670736289967,45.4307670985823,0.000643805945247188
14.44415,45.43122,0.00109670736290468,45.4309483771645,0.000825084527363871
14.45549,45.42981,-0.00031329263709523,45.4311122610435,0.00098896840640732
14.46684,45.43298,0.002856707362902,45.4312476890087,0.00112439637159173
14.47816,45.43246,0.00233670736290037,45.4313464407485,0.00122314811139487
14.48952,45.43204,0.00191670736290206,45.4314041246146,0.00128083197753758
14.50086,45.43115,0.00102670736290378,45.431420587979,0.00129729534192742
14.51218,45.43088,0.000756707362903342,45.4313996707487,0.00127637811163704
14.52351,45.43023,0.00010670736290308,45.4313484025415,0.00122510990440007
14.53483,45.43329,0.00316670736290092,45.4312758630255,0.00115257038843827
14.54614,45.42932,-0.000803292637101549,45.4311919405195,0.00106864788236144
14.55747,45.43118,0.00105670736289909,45.4311061754881,0.000982882851009972
14.5688,45.43018,5.67073629014203e-05,45.4310268222628,0.000903529625670501
14.58014,45.43194,0.00181670736289874,45.4309602116013,0.000836918964200814
14.59146,45.43206,0.0019367073629013,45.4309104259373,0.000787133300157864
14.6028,45.43046,0.000336707362897926,45.4308792290952,0.00075593645807179
14.61415,45.42896,-0.00116329263710213,45.4308661804502,0.000742887813120409
14.62548,45.43178,0.0016567073629048,45.4308689167344,0.000745624097264141
14.6368,45.43044,0.000316707362898683,45.4308836288991,0.000760336261993737
14.64813,45.4308,0.000676707362899265,45.4309057295258,0.00078243688871082
14.65945,45.43125,0.00112670736289999,45.4309306189819,0.00080732634476473
14.67078,45.43291,0.0027867073629011,45.4309543841935,0.00083109155636342
14.68206,45.43095,0.000826707362904244,45.430974245312,0.000850952674886305
14.6934,45.43099,0.00086670736290273,45.430988620395,0.000865327757877155
14.70475,45.43056,0.000436707362901245,45.4309968073222,0.000873514685091387
14.71608,45.43011,-1.32926370994824e-05,45.4309984393985,0.000875146761379861
14.72742,45.4292,-0.000923292637097006,45.4309929745625,0.000869681925350356
14.73876,45.43127,0.00114670736289924,45.4309794699608,0.000856177323673768
14.75011,45.43019,6.67073629045944e-05,45.4309567691453,0.000833476508159554
14.76144,45.43491,0.00478670736290354,45.4309240326938,0.000800740056719561
14.77275,45.42921,-0.000913292637100938,45.4308813649927,0.000758072355631403
14.78409,45.43237,0.00224670736290022,45.4308302333692,0.000706940732115463
14.79543,45.43179,0.00166670736290087,45.4307734794301,0.000650186793014321
14.80678,45.42818,-0.00194329263710102,45.4307149242048,0.000591631567677751
14.8181,45.42799,-0.00213329263709738,45.4306587626807,0.000535470043587434
14.82943,45.43159,0.00146670736290133,45.4306090370477,0.000485744410594945
14.84076,45.43222,0.00209670736290235,45.4305694062137,0.00044611357656905
14.85208,45.42952,-0.000603292637102015,45.4305432137163,0.000419921079212552
14.86342,45.43335,0.00322670736289865,45.4305336436927,0.000410351055628723
14.87475,45.43034,0.000216707362902469,45.4305436932235,0.000420400586442538
14.88607,45.43058,0.000456707362900488,45.4305757950308,0.000452502393716103
14.8974,45.42885,-0.00127329263710152,45.4306311159062,0.000507823269088184
14.90876,45.43092,0.000796707362901827,45.4307087380634,0.000585445426323867
14.9201,45.43053,0.000406707362898828,45.4308050191246,0.00068172648751516
14.93141,45.42993,-0.000193292637099773,45.4309133872173,0.000790094580162162
14.94274,45.43121,0.00108670736290151,45.4310247047152,0.000901412078106277
14.95404,45.43176,0.00163670736289845,45.4311281977536,0.00100490511650933
14.96539,45.4297,-0.000423292637101724,45.4312128348963,0.00108954225916334
14.97674,45.43189,0.00176670736290419,45.4312689550679,0.00114566243080698
14.98807,45.43262,0.00249670736290142,45.4312898894461,0.00116659680904267
14.99939,45.43113,0.00100670736290454,45.4312732872109,0.00114999457377532
15.0107,45.43295,0.00282670736289958,45.4312218540981,0.00109856146099268
15.02203,45.43225,0.00212670736290477,45.4311432810313,0.00101998839422933
15.03334,45.42974,-0.000383292637096133,45.4310492920722,0.000925999435052767
15.04467,45.43036,0.000236707362901711,45.4309539459335,0.000830653296371802
15.05601,45.42989,-0.000233292637098259,45.4308715151323,0.000748222495173181
15.06734,45.43099,0.00086670736290273,45.4308143587669,0.000691066129775025
15.07865,45.43011,-1.32926370994824e-05,45.4307911598403,0.000667867203179956
15.08998,45.43222,0.00209670736290235,45.4308057618269,0.000682469189804895
15.10132,45.43074,0.000616707362901536,45.4308567010092,0.000733408372119252
15.11264,45.42681,-0.00331329263709534,45.4309374519073,0.000814159270228224
15.12396,45.43208,0.00195670736290054,45.4310373730588,0.000914080421684453
15.13528,45.43261,0.00248670736289824,45.4311432801639,0.00101998752675207
15.1466,45.43277,0.00264670736289929,45.431241424244,0.00111813160686295
15.15793,45.43195,0.00182670736290191,45.4313194893785,0.00119619674136258
15.16925,45.43019,6.67073629045944e-05,45.4313682004912,0.0012449078541496
15.18059,45.43293,0.00280670736290034,45.431382286554,0.00125899391692112
15.19187,45.43075,0.00062670736290471,45.4313607629593,0.001237470322215
15.20322,45.42876,-0.00136329263710167,45.4313066556519,0.00118336301477957
15.21458,45.43304,0.00291670736289973,45.431226354725,0.00110306208786575
15.2259,45.43053,0.000406707362898828,45.4311287655851,0.00100547294796655
15.23724,45.43396,0.00383670736290043,45.4310243423024,0.000901049665298465
15.24857,45.42873,-0.00139329263709698,45.4309240090405,0.000800716403393601
15.25992,45.43023,0.00010670736290308,45.4308379852685,0.000714692631371173
15.27125,45.43211,0.00198670736290296,45.4307746229957,0.000651330358651858
15.28256,45.42855,-0.00157329263709727,45.430739441383,0.000616148745902578
15.2939,45.43285,0.00272670736290337,45.4307345374604,0.000611244823277654
15.30522,45.42754,-0.00258329263709811,45.4307584870071,0.000635194370023795
15.31653,45.43103,0.000906707362901216,45.4308067751097,0.000683482472648208
15.32787,45.43059,0.000466707362903662,45.4308727079532,0.000749415316146142
15.3392,45.43462,0.00449670736290386,45.4309486294378,0.000825336800745664
15.35054,45.43203,0.00190670736289889,45.4310271313149,0.000903838677849881
15.36186,45.4302,7.67073629006632e-05,45.4311019154339,0.000978622796801248
15.37318,45.42974,-0.000383292637096133,45.4311681226988,0.00104483006167606
15.3845,45.43093,0.000806707362897896,45.4312222095969,0.00109891695981003
15.39582,45.43032,0.000196707362903226,45.431261642388,0.00113834975085851
15.40715,45.43196,0.00183670736289798,45.4312846776965,0.00116138505942408
15.41849,45.43094,0.00081670736290107,45.4312903547108,0.00116706207373095
15.42982,45.43185,0.00172670736289859,45.431278659764,0.00115536712685589
15.44114,45.43301,0.00288670736290442,45.4312507209096,0.00112742827254517
15.45242,45.43017,4.67073628982462e-05,45.4312088719627,0.00108557932556856
15.46374,45.43214,0.00201670736289827,45.4311564880349,0.00103319539775038
15.47508,45.42857,-0.00155329263709802,45.43109761101,0.000974318372946933
15.48643,45.4311,0.000976707362902118,45.4310364918909,0.00091319925375244
15.49775,45.43266,0.0025367073628999,45.4309772056207,0.000853912983643399
15.50909,45.42944,-0.000683292637098987,45.4309234242452,0.000800131608088367
15.52038,45.43289,0.00276670736290185,45.4308783296429,0.000755037005778158
15.53171,45.42979,-0.000333292637101579,45.4308445940466,0.000721301409459105
15.54305,45.4294,-0.000723292637097472,45.430824379369,0.000701086731926975
15.55437,45.43188,0.00175670736290101,45.4308193564613,0.000696063824247154
15.5657,45.43098,0.000856707362899556,45.4308307591706,0.000707466533517918
15.57705,45.43047,0.0003467073629011,45.430859445939,0.000736153301877947
15.58839,45.43287,0.00274670736290261,45.4309058866754,0.00078259403828447
15.59975,45.43114,0.0010167073629006,45.4309699848478,0.000846692210750886
15.61108,45.4301,-2.32926370955511e-05,45.431050707351,0.000927414713914189
15.62242,45.4303,0.000176707362903983,45.4311456093789,0.00102231674181848
15.63371,45.42951,-0.000613292637098084,45.4312504525587,0.00112715992164026
15.64504,45.43173,0.00160670736290314,45.4313591395561,0.00123584691899367
15.65635,45.43347,0.00334670736290121,45.4314640830356,0.0013407903984768
15.66766,45.43034,0.000216707362902469,45.431556946483,0.00143365384592096
15.679,45.4338,0.00367670736289938,45.4316295594821,0.00150626684497575
15.69037,45.42996,-0.000163292637097356,45.4316748004904,0.00155150785328802
15.7017,45.43148,0.00135670736290194,45.4316873315898,0.00156403895274353
15.71302,45.43133,0.00120670736290407,45.4316641730218,0.00154088038467192
15.72435,45.43273,0.00260670736290081,45.4316051467319,0.00148185409476461
15.73569,45.42998,-0.000143292637098114,45.431513185658,0.00138989302091082
15.74704,45.43184,0.00171670736290253,45.4313944435377,0.00127115090060821
15.75838,45.43343,0.00330670736290273,45.4312580950031,0.00113480236604006
15.7697,45.43179,0.00166670736290087,45.4311157018579,0.000992409220831476
15.78103,45.43192,0.0017967073628995,45.4309800598255,0.000856767188377643
15.79238,45.42893,-0.00119329263709744,45.430863571604,0.00074027896687054
15.80372,45.42963,-0.000493292637095522,45.4307764004777,0.000653107840592053
15.81506,45.42906,-0.00106329263709881,45.4307248316857,0.000601539048565051
15.82639,45.431,0.000876707362898799,45.4307102829872,0.000586990350071156
15.83772,45.43036,0.000236707362901711,45.4307292361402,0.000605943503059529
15.84905,45.43135,0.00122670736290331,45.4307740956579,0.000650803020807004
15.86037,45.43147,0.00134670736289877,45.4308347449921,0.000711452355000714
15.8717,45.43007,-5.32926370979681e-05,45.4309004389208,0.000777146283713387
15.88302,45.43243,0.00230670736289795,45.4309616462852,0.000838353648084842
15.89433,45.43243,0.00230670736289795,45.4310114997055,0.000888207068354447
15.90566,45.43139,0.0012667073629018,45.43104658927,0.00092329663292867
15.91699,45.43069,0.000566707362899876,45.4310669634568,0.000943670819711447
15.92832,45.43221,0.00208670736289918,45.4310753818837,0.00095208924664449
15.93964,45.42777,-0.00235329263709616,45.4310760599594,0.000952767322288256
15.95098,45.43079,0.000666707362903196,45.4310732797556,0.000949987118507459
15.96233,45.43078,0.000656707362900022,45.4310702544546,0.000946961817501716
15.97367,45.43084,0.000716707362904856,45.4310685078343,0.000945215197160812
15.98501,45.43321,0.00308670736290395,45.4310678133294,0.000944520692295492
15.99631,45.4307,0.000576707362903051,45.4310665380306,0.000943245393550505
16.00764,45.4309,0.000776707362902584,45.4310621537407,0.000938861103598877
16.01897,45.4314,0.00127670736289787,45.4310517246085,0.000928431971437571
16.03031,45.4314,0.00127670736289787,45.4310322921411,0.00090899950403321
16.04161,45.43023,0.00010670736290308,45.4310011749836,0.000877882346502272
16.05292,45.42888,-0.0012432926370991,45.4309562529557,0.000832960318611167
16.06428,45.43288,0.00275670736289868,45.430896311755,0.000773019117902084
16.07558,45.42985,-0.000273292637096745,45.4308214737682,0.000698181131122844
16.08691,45.43141,0.00128670736290104,45.4307336383811,0.00061034574398818
16.09821,45.4315,0.00137670736290119,45.4306367615418,0.000513468904662088
16.10952,45.43344,0.0033167073628988,45.4305367809147,0.000413488277640892
16.12085,45.42829,-0.00183329263710164,45.4304410611989,0.00031776856177029
16.13219,45.42923,-0.000893292637101695,45.4303573902337,0.00023409759664267
16.1435,45.43021,8.67073629038373e-05,45.4302927517386,0.00016945910150631
16.15484,45.42915,-0.000973292637098666,45.4302522220871,0.000128929449962813
16.16617,45.43027,0.000146707362901566,45.4302383016771,0.000115009040038606
16.17752,45.42982,-0.000303292637099162,45.4302508312663,0.000127538629172747
16.18885,45.43085,0.000726707362900925,45.4302874586731,0.000164166035980558
16.20018,45.43114,0.0010167073629006,45.4303444758778,0.000221183240696906
16.2115,45.42985,-0.000273292637096745,45.4304177637375,0.000294471100387502
16.22282,45.43235,0.00222670736290098,45.4305035706246,0.000380277987520174
16.23414,45.43173,0.00160670736290314,45.4305989080551,0.000475615418044665
16.24546,45.42954,-0.000583292637095667,45.4307014582259,0.000578165588817626
16.25679,45.43066,0.000536707362904565,45.430809044839,0.000685752201877807
16.26811,45.43007,-5.32926370979681e-05,45.4309188857944,0.000795593157299838
16.27944,45.4287,-0.00142329263709939,45.4310269507389,0.00090365810178417
16.29076,45.43166,0.00153670736290223,45.4311277243142,0.00100443167711212
16.30211,45.43267,0.00254670736290308,45.4312145262786,0.00109123364146222
16.31342,45.43062,0.000496707362898974,45.4312803272788,0.00115703464174113
16.32475,45.43273,0.00260670736290081,45.4313188280232,0.00119553538610656
16.33609,45.43161,0.00148670736290057,45.4313255207482,0.00120222811109305
16.34738,45.42935,-0.000773292637099132,45.4312985203195,0.00117522768238883
16.35871,45.43163,0.00150670736289982,45.431239064649,0.00111577201189915
16.37004,45.43293,0.00280670736290034,45.4311516616606,0.00102836902348315
16.38136,45.42992,-0.000203292637095842,45.4310438683193,0.000920575682204599
16.3927,45.43188,0.00175670736290101,45.4309256640828,0.000802371445747386
16.40401,45.43214,0.00201670736289827,45.4308083963965,0.000685103759443749
16.41534,45.43018,5.67073629014203e-05,45.4307033519265,0.000580059289378678
16.42665,45.42912,-0.00100329263710108,45.4306201185636,0.000496825926480045
16.43797,45.43052,0.00039670736290276,45.4305650157863,0.000441723149195593
16.4493,45.43005,-7.32926370972109e-05,45.4305399341383,0.000416641501164336
16.46062,45.42927,-0.000853292637096104,45.4305418883982,0.000418595761149497
16.47194,45.4286,-0.00152329263709561,45.4305634587245,0.000440166087437379
16.48326,45.43279,0.00266670736289853,45.430594111305,0.000470818667909801
16.49458,45.43103,0.000906707362901216,45.4306221819382,0.000498889301085442
16.50593,45.4317,0.00157670736290072,45.4306371148568,0.000513822219709138
16.51726,45.43171,0.00158670736290389,45.4306314611346,0.00050816849750299
16.52859,45.42987,-0.000253292637097502,45.4306022118923,0.000478919255162599
16.5399,45.43256,0.00243670736290369,45.4305512297288,0.000427937091661905
16.55125,45.4301,-2.32926370955511e-05,45.4304847580459,0.000361465408781354
16.56257,45.42906,-0.00106329263709881,45.4304121773563,0.000288884719240919
16.57391,45.42921,-0.000913292637100938,45.4303443246518,0.000221032014695449
16.58524,45.42815,-0.00197329263709634,45.4302917665307,0.000168473893598413
16.59657,45.43279,0.00266670736289853,45.4302633649047,0.000140072267590466
16.60791,45.43163,0.00150670736289982,45.4302652914817,0.000141998844581998
16.61923,45.43073,0.000606707362898362,45.430300440758,0.000177148120872084
16.63058,45.42893,-0.00119329263709744,45.4303681138028,0.000244821165698223
16.64188,45.42981,-0.00031329263709523,45.430463944025,0.000340651387885967
16.65321,45.42728,-0.00284329263709537,45.430580191593,0.00045689895586505
16.66454,45.43275,0.00262670736290005,45.4307065723752,0.00058327973809008
16.67587,45.43237,0.00224670736290022,45.4308316431958,0.000708350558669484
16.68721,45.42928,-0.000843292637100035,45.4309445265324,0.000821233895348878
16.69855,45.43315,0.00302670736289912,45.4310365859569,0.000913293319783857
16.70991,45.43268,0.00255670736289915,45.4311026492278,0.000979356590694519
16.72122,45.43258,0.00245670736290293,45.431141488888,0.00101819625093772
16.73257,45.42874,-0.00138329263710091,45.4311554580479,0.00103216541076577
16.74392,45.43024,0.000116707362899149,45.4311494192743,0.00102612663719597
16.75526,45.42986,-0.000263292637100676,45.4311293246514,0.00100603201432865
16.7666,45.43201,0.00188670736289964,45.4311008778966,0.000977585259456104
16.77794,45.43107,0.000946707362899701,45.4310685907235,0.000945298086441903
16.78928,45.43,-0.000123292637098871,45.4310353368127,0.000912044175581669
16.80059,45.43305,0.0029267073629029,45.4310023427926,0.000879050155469049
16.81192,45.42999,-0.000133292637102045,45.4309694851745,0.000846192537413488
16.82326,45.43063,0.000506707362902148,45.4309357588832,0.000812466246054345
16.83459,45.4318,0.00167670736290404,45.4308998133757,0.000776520738560581
16.84593,45.42939,-0.000733292637100647,45.4308604892929,0.000737196655824907
16.85726,45.43278,0.00265670736290247,45.4308173064676,0.00069401383050071
16.8686,45.43057,0.000446707362904419,45.4307708514139,0.000647558776837664
16.87995,45.4292,-0.000923292637097006,45.4307230160287,0.000599723391647244
16.8913,45.43032,0.000196707362903226,45.4306770664896,0.000553773852461187
16.90263,45.43221,0.00208670736289918,45.4306375450554,0.000514252418339906
16.91396,45.43136,0.00123670736289938,45.4306099851381,0.000486692501027135
16.92528,45.43201,0.00188670736289964,45.4306003736298,0.000477080992721366
16.9366,45.42849,-0.0016332926371021,45.430614312593,0.00049101995591441
16.94794,45.43095,0.000826707362904244,45.4306559557647,0.000532663127614635
16.95928,45.42964,-0.000483292637099453,45.4307269475412,0.000603654904129034
16.97059,45.43047,0.0003467073629011,45.4308256584576,0.000702365820529422
16.98192,45.4304,0.000276707362900197,45.4309469521092,0.000823659472149585
16.99323,45.43046,0.000336707362897926,45.4310825791112,0.000959286474129106
17.00454,45.43272,0.00259670736290474,45.4312221339295,0.00109884129238574
17.01587,45.43253,0.00240670736290127,45.4313543701252,0.00123107748807048
17.02724,45.43008,-4.32926371018993e-05,45.4314685892089,0.00134529657181489
17.03855,45.4331,0.00297670736290456,45.4315558343706,0.00143254173346099
17.04989,45.43086,0.000736707362904099,45.4316097182076,0.00148642557045643
17.06123,45.4318,0.00167670736290404,45.4316268271741,0.00150353453699003
17.07254,45.43292,0.00279670736290427,45.4316067257188,0.00148343308171649
17.08388,45.43023,0.00010670736290308,45.4315516342092,0.00142834157214601
17.0952,45.42991,-0.000213292637099016,45.431465898965,0.00134260632794455
17.10655,45.4329,0.00277670736289792,45.4313554045861,0.00123211194900203
17.11788,45.42995,-0.000173292637100531,45.4312270624357,0.00110376979861875
17.12922,45.43163,0.00150670736289982,45.4310884300925,0.000965137455407466
17.14054,45.43124,0.00111670736290392,45.4309474177905,0.000824125153430076
17.15186,45.43316,0.00303670736290229,45.4308119754056,0.000688682768541401
17.16319,45.42895,-0.0011732926370982,45.4306896533737,0.000566360736602231
17.17454,45.43032,0.000196707362903226,45.4305870008631,0.000463708226044814
17.18586,45.4301,-2.32926370955511e-05,45.4305088807794,0.000385588142315436
17.19719,45.43068,0.000556707362903808,45.4304578680724,0.000334575435327731
17.20852,45.43038,0.000256707362900954,45.4304338937458,0.000310601108737406
17.21983,45.43018,5.67073629014203e-05,45.4304342259042,0.000310933267110678
17.23116,45.42921,-0.000913292637100938,45.4304538073358,0.000330514698748218
17.24249,45.43093,0.000806707362897896,45.4304859186801,0.000362626042989305
17.25384,45.43162,0.00149670736290375,45.4305230802612,0.000399787624119582
17.26516,45.43188,0.00175670736290101,45.4305580341623,0.000434741525157643
17.2765,45.42952,-0.000603292637102015,45.4305846082769,0.000461315639755758
17.28784,45.43058,0.000456707362900488,45.430598312309,0.000475019671856081
17.2992,45.43079,0.000666707362903196,45.4305966351454,0.000473342508311717
17.31054,45.42843,-0.00169329263709983,45.4305791176391,0.000455825002032883
17.32187,45.43184,0.00171670736290253,45.4305472978737,0.000424005236583984
17.33319,45.43136,0.00123670736289938,45.4305045681023,0.000381275465201367
17.34452,45.43162,0.00149670736290375,45.430455892942,0.000332600304936823
17.35584,45.43046,0.000336707362897926,45.4304072928068,0.00028400016970559
17.3672,45.42879,-0.00133329263709925,45.4303650553969,0.000241762759780714
17.37854,45.42979,-0.000333292637101579,45.4303347773956,0.000211484758469186
17.3899,45.43109,0.000966707362898944,45.4303204523276,0.000197159690493903
17.40124,45.42998,-0.000143292637098114,45.4303238242375,0.000200531600359391
17.41258,45.42921,-0.000913292637100938,45.4303441398175,0.000220847180358787
17.42388,45.43064,0.000516707362898217,45.430378332947,0.000255040309903916
17.43522,45.43102,0.000896707362898042,45.4304216016639,0.000298309026763821
17.44656,45.4295,-0.000623292637101258,45.4304682705864,0.000344977949273696
17.45792,45.4318,0.00167670736290404,45.430512768158,0.000389475520875937
17.46925,45.4312,0.00107670736289833,45.4305505131665,0.000427220529384058
17.48058,45.43155,0.00142670736290285,45.4305785168158,0.000455224178744187
17.49189,45.43,-0.000123292637098871,45.4305955735719,0.000472280934775542
17.5032,45.42962,-0.000503292637098696,45.4306020361078,0.000478743470671735
17.51451,45.43058,0.000456707362900488,45.4305993070274,0.000476014390258685
17.52583,45.42925,-0.000873292637095346,45.4305892577699,0.000465965132801395
17.53718,45.43192,0.0017967073628995,45.4305737580607,0.000450465423636144
17.54852,45.43143,0.00130670736290028,45.4305543947877,0.000431102150590611
17.55986,45.4301,-2.32926370955511e-05,45.4305323547137,0.000409062076598058
17.57122,45.42876,-0.00136329263710167,45.4305084110041,0.000385118366973253
17.58254,45.43083,0.000706707362901682,45.4304829902951,0.000359697657975602
17.59386,45.43158,0.00145670736289816,45.4304563285676,0.000333035930487708
17.6052,45.43203,0.00190670736289889,45.4304286891608,0.000305396523742107
17.61653,45.4295,-0.000623292637101258,45.4304005616351,0.000277268998042878
17.62784,45.42723,-0.00289329263709703,45.4303727821533,0.000249489516226959
17.63917,45.43166,0.00153670736290223,45.4303466115871,0.00022331894998302
17.6505,45.43054,0.000416707362902002,45.4303238542464,0.000200561609290063
17.66182,45.43168,0.00155670736290148,45.4303070157557,0.000183723118604662
17.67317,45.42955,-0.000573292637099598,45.4302993600658,0.000176067428749159
17.68449,45.43333,0.00320670736289941,45.4303046732502,0.000181380613128309
17.69582,45.43005,-7.32926370972109e-05,45.4303266238245,0.000203331187420937
17.70715,45.42908,-0.00104329263709957,45.4303677826818,0.000244490044741331
17.71848,45.42683,-0.0032932926370961,45.4304285691487,0.000305276511551348
17.7298,45.43044,0.000316707362898683,45.4305065331044,0.00038324046727009
17.74114,45.43021,8.67073629038373e-05,45.4305963463725,0.000473053735425728
17.75246,45.43253,0.00240670736290127,45.4306906243441,0.000567331706960675
17.7638,45.43032,0.000196707362903226,45.4307813606144,0.000658067977318428
17.77513,45.43307,0.00294670736290215,45.4308615239568,0.000738231319741756
17.78647,45.43201,0.00188670736289964,45.4309263304946,0.000803037857504472
17.79778,45.43184,0.00171670736290253,45.4309738362249,0.000850543587756891
17.8091,45.42955,-0.000573292637099598,45.4310047309335,0.000881438296393834
17.82041,45.42859,-0.00153329263709878,45.4310214862813,0.000898193644151867
17.83173,45.43127,0.00114670736289924,45.4310272185123,0.000903925875229459
17.84303,45.43135,0.00122670736290331,45.4310246635221,0.000901370884954089
17.85436,45.43165,0.00152670736289906,45.4310155174712,0.00089222483405792
17.86572,45.42971,-0.00041329263709855,45.4310001878692,0.000876895232065676
17.87706,45.43298,0.002856707362902,45.4309778639187,0.000854571281651241
17.88842,45.4304,0.000276707362900197,45.4309467846586,0.000823492021495823
17.89972,45.43056,0.000436707362901245,45.4309046137036,0.000781321066475336
17.91104,45.42915,-0.000973292637098666,45.4308488800008,0.000725587363731597
17.92236,45.43193,0.00180670736290267,45.4307774832545,0.000654190617420475
17.93368,45.43248,0.00235670736289961,45.4306892487158,0.000565956078655566
17.945,45.42892,-0.00120329263710062,45.4305844518441,0.000461159206957048
17.95634,45.43095,0.000826707362904244,45.4304651928527,0.000341900215556914
17.96769,45.42935,-0.000773292637099132,45.4303355341221,0.000212241484952649
17.97904,45.43308,0.00295670736289821,45.4302013730598,7.80804227183847e-05
17.99036,45.42806,-0.00206329263709648,45.430070047837,-5.32448000617313e-05
18.00167,45.43101,0.000886707362901973,45.4299496830545,-0.00017360958258387
18.01297,45.42934,-0.000783292637095201,45.4298483261513,-0.000274966485797742
18.02428,45.42944,-0.000683292637098987,45.4297729923143,-0.000350300322796019
18.0356,45.42924,-0.000883292637098521,45.4297287763158,-0.000394516321327957
18.04695,45.43081,0.000686707362902439,45.4297181834077,-0.000405109229366913
18.05828,45.42749,-0.00263329263709977,45.429740791631,-0.000382501006049267
18.06964,45.43101,0.000886707362901973,45.4297933043326,-0.000329988304526193
18.08096,45.42974,-0.000383292637096133,45.4298699937136,-0.000253298923459157
18.09229,45.42963,-0.000493292637095522,45.4299634741807,-0.000159818456414138
18.10363,45.4306,0.000476707362899731,45.4300656884786,-5.7604158516799e-05
18.11495,45.4291,-0.00102329263710033,45.4301689589479,4.56663108097315e-05
18.1263,45.43307,0.00294670736290215,45.430266950545,0.000143657907949901
18.13762,45.42881,-0.00131329263710001,45.4303554003731,0.000232107735993089
18.14894,45.43032,0.000196707362903226,45.4304324999425,0.000309207305388233
18.16025,45.43183,0.00170670736289935,45.4304988822025,0.000375589565372125
18.17159,45.42984,-0.000283292637099919,45.4305572407288,0.000433948091701504
18.18292,45.43093,0.000806707362897896,45.4306116614431,0.000488368805963005
18.19426,45.43018,5.67073629014203e-05,45.4306667829313,0.000543490294217357
18.20558,45.42981,-0.00031329263709523,45.4307269330993,0.000603640462203519
18.21693,45.43031,0.000186707362900052,45.4307953986702,0.0006721060331195
18.22825,45.43281,0.00268670736290488,45.4308739424576,0.000750649820493006
18.2396,45.42965,-0.000473292637096279,45.4309625994495,0.000839306812380845
18.25094,45.43147,0.00134670736289877,45.4310597060284,0.000936413391292253
18.26228,45.43135,0.00122670736290331,45.4311620925535,0.00103879991643068
18.27362,45.4316,0.00147670736290451,45.431265390257,0.00114209761989163
18.28494,45.42978,-0.000343292637097647,45.4313644302038,0.00124113756672124
18.29631,45.43198,0.00185670736290433,45.4314537256185,0.00133043298144219
18.30764,45.43208,0.00195670736290054,45.4315280217758,0.00140472913870359
18.31899,45.43198,0.00185670736290433,45.4315828622452,0.00145956960808185
18.33034,45.43197,0.00184670736290116,45.4316150803011,0.00149178766397973
18.34165,45.43009,-3.32926370987252e-05,45.431623127301,0.00149983466392703
18.35296,45.43238,0.0022567073629034,45.4316072016651,0.0014839090280394
18.36429,45.4308,0.000676707362899265,45.4315691897225,0.00144589708535127
18.37562,45.4341,0.00397670736290223,45.4315124268215,0.00138913418436506
18.38694,45.43234,0.00221670736290491,45.4314412563714,0.00131796373434595
18.39831,45.42774,-0.00238329263709858,45.4313603807595,0.00123708812238314
18.40962,45.43259,0.002466707362899,45.431274099087,0.00115080644992692
18.42095,45.42895,-0.0011732926370982,45.4311856417722,0.00106234913506146
18.43228,45.43216,0.00203670736290462,45.4310968210609,0.00097352842380861
18.4436,45.43225,0.00212670736290477,45.4310080902637,0.000884797626554748
18.45493,45.43009,-3.32926370987252e-05,45.4309189381241,0.000795645486957476
18.46626,45.43024,0.000116707362899149,45.4308284490528,0.000705156415736964
18.47758,45.43264,0.00251670736290066,45.4307358616473,0.000612569010179691
18.4889,45.43105,0.000926707362900459,45.4306410056151,0.000517712977953615
18.50022,45.42876,-0.00136329263710167,45.4305445482563,0.000421255619185273
18.51155,45.43047,0.0003467073629011,45.4304480444071,0.000324751770006031
18.52285,45.42997,-0.000153292637101288,45.4303538504339,0.000230557796789432
18.5342,45.4318,0.00167670736290404,45.4302649766089,0.000141683971754049
18.54549,45.42924,-0.000883292637098521,45.4301848947547,6.16021175956874e-05
18.55684,45.43139,0.0012667073629018,45.4301172554695,-6.03716756084351e-06
18.56817,45.43003,-9.32926370964537e-05,45.4300654683882,-5.78242489495745e-05
18.5795,45.42887,-0.00125329263709517,45.4300321580899,-9.11345471670065e-05
18.59083,45.43079,0.000666707362903196,45.4300185841158,-0.000104708521286918
18.60216,45.42963,-0.000493292637095522,45.4300241654562,-9.91271808501989e-05
18.6135,45.42934,-0.000783292637095201,45.4300462574224,-7.70352146970277e-05
18.62484,45.42802,-0.00210329263710207,45.4300802967343,-4.29959028387916e-05
18.63616,45.43198,0.00185670736290433,45.4301203656654,-2.92697174525328e-06
18.6475,45.42986,-0.000263292637100676,45.4301601180262,3.68253890835012e-05
18.65884,45.43155,0.00142670736290285,45.4301938743249,7.05816878235214e-05
18.67017,45.43107,0.000946707362899701,45.4302176031881,9.43105509809862e-05
18.68147,45.43012,-3.29263709630823e-06,45.4302295286055,0.000106235968412473
18.69281,45.42935,-0.000773292637099132,45.4302302312753,0.000106938638156909
18.70415,45.43067,0.000546707362900634,45.430222277882,9.89852448527514e-05
18.71546,45.42889,-0.00123329263709593,45.4302095343377,8.62417006166189e-05
18.72679,45.43147,0.00134670736289877,45.4301963534879,7.30608507965969e-05
18.73812,45.42924,-0.000883292637098521,45.4301867883706,6.34957335026876e-05
18.74946,45.43168,0.00155670736290148,45.4301839194864,6.06268492720513e-05
18.7608,45.42957,-0.000553292637100355,45.4301893453006,6.6052663533465e-05
18.77211,45.42847,-0.00165329263710134,45.4302028883014,7.95956643069978e-05
18.78346,45.43071,0.000586707362899119,45.4302225950892,9.930245210578e-05
18.79478,45.42834,-0.00178329263709998,45.4302451046463,0.000121812009235305
18.80611,45.43132,0.0011967073629009,45.4302663769674,0.00014308433028815
18.81742,45.43354,0.00341670736290212,45.4302826265575,0.00015933392035938
18.82872,45.42966,-0.00046329263710021,45.4302911727061,0.000167880069040696
18.84006,45.43177,0.00164670736290162,45.4302909059491,0.000167613312036597
18.85141,45.42873,-0.00139329263709698,45.4302822249227,0.000158932285569523
18.8627,45.42828,-0.0018432926370977,45.430266547131,0.000143254493903636
18.87404,45.4297,-0.000423292637101724,45.4302456899171,0.000122397280004733
18.88538,45.42989,-0.000233292637098259,45.4302214383931,9.81457559860161e-05
18.89672,45.43185,0.00172670736289859,45.4301954593827,7.21667456491208e-05
18.90805,45.43101,0.000886707362901973,45.4301694879728,4.61953357213727e-05
18.91938,45.43214,0.00201670736289827,45.4301455541286,2.22614914958789e-05
18.9307,45.42654,-0.00358329263709578,45.430126025856,2.73321893919447e-06
18.94202,45.43131,0.00118670736290483,45.430113398763,-9.89387411387996e-06
18.95334,45.43045,0.000326707362901857,45.4301099339773,-1.33586597694491e-05
18.96467,45.42871,-0.00141329263709622,45.4301173163072,-5.9763298934917e-06
18.97602,45.43021,8.67073629038373e-05,45.4301364633819,1.31707448161209e-05
18.98733,45.43021,8.67073629038373e-05,45.4301675369941,4.42443569962594e-05
18.99868,45.43132,0.0011967073629009,45.4302101332363,8.68405992481057e-05
19.01004,45.42972,-0.000403292637095376,45.4302635633536,0.000140270716482283
19.02136,45.43035,0.000226707362898537,45.4303271054252,0.000203812788063781
19.03267,45.43,-0.000123292637098871,45.4304001270654,0.000276834428324348
19.044,45.43312,0.00299670736290381,45.4304820240943,0.000358731457154
19.05534,45.42992,-0.000203292637095842,45.4305719584882,0.000448665851131636
19.06668,45.42908,-0.00104329263709957,45.4306684307619,0.000545138124823992
19.07801,45.43017,4.67073628982462e-05,45.4307688130389,0.000645520401830133
19.08933,45.43147,0.00134670736289877,45.4308690506898,0.000745758052714389
19.10065,45.42982,-0.000303292637099162,45.4309637277795,0.000840435142367546
19.11199,45.43073,0.000606707362898362,45.4310465784872,0.00092328585009326
19.1233,45.43034,0.000216707362902469,45.4311113840969,0.000988091459766757
19.13462,45.43378,0.00365670736290014,45.4311530691552,0.00102977651807169
19.14595,45.43338,0.00325670736290107,45.4311687088819,0.00104541624482378
19.15727,45.43009,-3.32926370987252e-05,45.4311581283746,0.00103483573750922
19.1686,45.4302,7.67073629006632e-05,45.4311238837508,0.00100059111372249
19.17993,45.43155,0.00142670736290285,45.4310706458173,0.000947353180249555
19.19128,45.42977,-0.000353292637100822,45.4310042189468,0.000880926309747558
19.20262,45.43095,0.000826707362904244,45.4309305023174,0.000807209680291139
19.21396,45.43009,-3.32926370987252e-05,45.4308546451652,0.000731352528131749
19.22531,45.43036,0.000236707362901711,45.4307805349582,0.000657242321115022
19.23664,45.43346,0.00333670736289804,45.4307106339084,0.000587341271299413
19.24796,45.42967,-0.000453292637097036,45.4306460736402,0.000522781003126958
19.25929,45.43088,0.000756707362903342,45.4305868760087,0.000463583371608471
19.27062,45.42894,-0.00118329263710137,45.4305322187796,0.000408926142523679
19.28196,45.43038,0.000256707362900954,45.4304807603616,0.000357467724478353
19.2933,45.43034,0.000216707362902469,45.430431080192,0.000307787554902505
19.30463,45.43145,0.00132670736289953,45.4303822333705,0.000258940733404039
19.31597,45.43134,0.00121670736290014,45.4303343091599,0.000211016522753002
19.32731,45.43022,9.6707362899906e-05,45.4302888168996,0.000165524262491202
19.33863,45.4292,-0.000923292637097006,45.4302487569842,0.000125464347149706
19.34996,45.4308,0.000676707362899265,45.4302183451966,9.50525594914782e-05
19.36128,45.43031,0.000186707362900052,45.4302024647505,7.91721134208522e-05
19.37259,45.43024,0.000116707362899149,45.4302059631584,8.2670521346924e-05
19.38392,45.4298,-0.000323292637098405,45.4302329053029,0.00010961266584779
19.39525,45.42887,-0.00125329263709517,45.4302858845233,0.000162591886180426
19.40659,45.43041,0.000286707362903371,45.4303654822315,0.000242189594366286
19.41792,45.43302,0.00289670736290049,45.4304699175339,0.000346624896841616
19.42926,45.43256,0.00243670736290369,45.4305948434507,0.000471550813626082
19.4406,45.42971,-0.00041329263709855,45.4307332108552,0.000609918218134378
19.45196,45.42676,-0.003363292637097,45.430875228228,0.000751935590928683
19.4633,45.42964,-0.000483292637099453,45.4310086480877,0.000885355450580005
19.47463,45.43086,0.000736707362904099,45.4311197053338,0.000996412696709646
19.48597,45.43169,0.00156670736290465,45.4311948556569,0.00107156301985086
19.4973,45.43438,0.00425670736289874,45.4312230822427,0.00109978960558801
19.50862,45.43171,0.00158670736290389,45.4311981975844,0.00107490494731445
19.51998,45.43333,0.00320670736289941,45.4311204643785,0.000997171741432875
19.53132,45.4306,0.000476707362899731,45.4309970306997,0.000873738062651426
19.54265,45.43141,0.00128670736290104,45.4308410190784,0.00071772644134341
19.55398,45.42887,-0.00125329263709517,45.4306694799409,0.000546187303769597
19.56534,45.42852,-0.00160329263709968,45.4305006968452,0.0003774042080495
19.57665,45.43023,0.00010670736290308,45.4303514422118,0.000228149574697488
19.588,45.43154,0.00141670736289967,45.4302347064326,0.000111413795493285
19.59934,45.4291,-0.00102329263710033,45.4301582128757,3.49202386311742e-05
19.61067,45.42969,-0.000433292637097793,45.4301238081811,5.15544029357701e-07
19.62202,45.42957,-0.000553292637100355,45.4301276789292,4.38629211427006e-06
19.63332,45.43186,0.00173670736290177,45.430161281236,3.79885989395835e-05
19.64465,45.42976,-0.00036329263709689,45.430212816355,8.95237179130653e-05
19.65598,45.4287,-0.00142329263709939,45.4302690361747,0.000145743537618013
19.66733,45.43161,0.00148670736290057,45.4303171499549,0.000193857317783064
19.67868,45.43114,0.0010167073629006,45.4303466148408,0.00022332220369869
19.68999,45.43015,2.67073628990033e-05,45.4303505902502,0.000227297613080147
19.70134,45.43191,0.00178670736290343,45.4303268384965,0.000203545859404696
19.71268,45.42965,-0.000473292637096279,45.4302779130106,0.000154620373514775
19.72404,45.43132,0.0011967073629009,45.4302105974488,8.73048117348318e-05
19.73536,45.42926,-0.000863292637099278,45.430134704351,1.14117139519169e-05
19.74669,45.42816,-0.00196329263710027,45.4300614708607,-6.18217764196501e-05
19.758,45.43051,0.000386707362899585,45.4300018653533,-0.00012142728377705
19.76932,45.43026,0.000136707362898392,45.4299651058324,-0.00015818680471484
19.78064,45.43026,0.000136707362898392,45.4299575881447,-0.000165704492438232
19.79197,45.42972,-0.000403292637095376,45.4299822953948,-0.000140997242322857
19.80331,45.42913,-0.000993292637097909,45.4300386885063,-8.46041307576495e-05
19.81465,45.42867,-0.00145329263710181,45.4301230678363,-2.2480081711721e-07
19.82599,45.43064,0.000516707362898217,45.4302293787394,0.00010608610230632
19.83733,45.43259,0.002466707362899,45.4303503495414,0.000227056904339172
19.84867,45.43119,0.00106670736290226,45.4304787208399,0.000355428202800737
19.86003,45.43023,0.00010670736290308,45.4306082524907,0.000484959853579471
19.87137,45.43199,0.0018667073629004,45.4307342644425,0.000610971805420471
19.88272,45.42915,-0.000973292637098666,45.4308536529298,0.000730360292724013
19.89405,45.42984,-0.000283292637099919,45.4309645135545,0.000841220917361128
19.90536,45.43203,0.00190670736289889,45.4310656041357,0.000942311498631293
19.91671,45.43039,0.000266707362904128,45.4311558637931,0.00103257115603265
19.92805,45.4328,0.00267670736290171,45.4312341037693,0.00111081113218705
19.93937,45.43055,0.000426707362898071,45.4312988792742,0.00117558663705869
19.9507,45.42923,-0.000893292637101695,45.4313485070824,0.0012252144452675
19.962,45.43358,0.0034567073629006,45.4313812029391,0.0012579103020073
19.97331,45.43172,0.00159670736289996,45.4313953124875,0.00127201985041808
19.98465,45.43071,0.000586707362899119,45.4313895713635,0.00126627872643758
19.99596,45.43318,0.00305670736290153,45.4313633049586,0.00124001232146825
20.00729,45.42853,-0.00159329263709651,45.4313165188681,0.0011932262309968
20.01861,45.43185,0.00172670736289859,45.4312499113015,0.00112661866437769
20.02995,45.431,0.000876707362898799,45.4311648856638,0.00104159302665319
20.04131,45.43201,0.00188670736289964,45.4310636130944,0.000940320457310572
20.05261,45.43044,0.000316707362898683,45.430949116391,0.000825823753882249
20.06391,45.4313,0.00117670736290165,45.4308252868938,0.000701994256704614
20.07526,45.43142,0.00129670736290421,45.430696747177,0.00057345453993066
20.08655,45.42979,-0.000333292637101579,45.4305685196547,0.00044522701760932
20.09786,45.43107,0.000946707362899701,45.4304455225658,0.000322229928742092
20.10918,45.42963,-0.000493292637095522,45.430331973427,0.000208680789938206
20.12051,45.43109,0.000966707362898944,45.4302308233214,0.000107530684319247
20.13184,45.42857,-0.00155329263709802,45.4301433637883,2.00711511815413e-05
20.14319,45.42791,-0.00221329263710146,45.4300691411263,-5.41515107843701e-05
20.15452,45.43081,0.000686707362902439,45.4300062667713,-0.000117025865823329
20.16584,45.43298,0.002856707362902,45.4299520959257,-0.000171196711358205
20.17718,45.42916,-0.000963292637095492,45.4299040796234,-0.000219213013655763
20.18852,45.4308,0.000676707362899265,45.4298604908601,-0.000262801777044402
20.19984,45.42908,-0.00104329263709957,45.4298207834702,-0.0003025091668784
20.21115,45.43029,0.000166707362900809,45.4297855221453,-0.000337770491774075
20.22247,45.42926,-0.000863292637099278,45.4297559935379,-0.000367299099199516
20.2338,45.42754,-0.00258329263709811,45.4297336956607,-0.000389596976430711
20.24512,45.43068,0.000556707362903808,45.4297199057732,-0.000403386863909935
20.25644,45.42982,-0.000303292637099162,45.4297154565921,-0.000407836045029471
20.26776,45.43176,0.00163670736289845,45.4297207262509,-0.000402566386166938
20.2791,45.42756,-0.00256329263709887,45.429735736355,-0.000387556282066309
20.29042,45.43106,0.000936707362903633,45.4297602312321,-0.000363061405025531
20.30173,45.42899,-0.00113329263709971,45.4297936762125,-0.000329616424582128
20.31306,45.43067,0.000546707362900634,45.4298351855358,-0.000288107101287152
20.32439,45.42905,-0.00107329263710199,45.4298834194548,-0.000239873182310571
20.3357,45.43184,0.00171670736290253,45.4299364919118,-0.000186800725280408
20.34702,45.42768,-0.00244329263709631,45.4299919393193,-0.000131353317781795
20.35835,45.42972,-0.000403292637095376,45.4300468253736,-7.64672634851587e-05
20.36965,45.42864,-0.00148329263709712,45.430098069893,-2.52227441288009e-05
20.381,45.43127,0.00114670736289924,45.4301430410823,1.97484452421364e-05
20.39233,45.43176,0.00163670736289845,45.4301803177734,5.70251363411855e-05
20.40364,45.43104,0.00091670736290439,45.4302103731132,8.70804761412518e-05
20.41497,45.43182,0.00169670736290328,45.4302358707432,0.000112578106112834
20.42628,45.42705,-0.00307329263709732,45.4302613660378,0.00013807340072233
20.4376,45.43314,0.00301670736290305,45.4302924196561,0.000169127018996635
20.4489,45.42889,-0.00123329263709593,45.4303343347402,0.0002110421031079
20.46023,45.42823,-0.00189329263709936,45.4303908335489,0.000267540911820106
20.47157,45.4324,0.00227670736290264,45.4304629943361,0.00033970169900454
20.48288,45.42809,-0.00203329263710117,45.4305487076072,0.00042541497008596
20.49421,45.42955,-0.000573292637099598,45.4306427951776,0.000519502540506607
20.5055,45.43276,0.00263670736290322,45.4307377780844,0.000614485447284856
20.51683,45.43163,0.00150670736289982,45.430825106704,0.000701814066920831
20.52815,45.43278,0.00265670736290247,45.4308965249556,0.000773232318506011
20.53949,45.4302,7.67073629006632e-05,45.4309452091549,0.000821916517770149
20.55082,45.4296,-0.000523292637097938,45.430966448474,0.000843155836914368
20.56213,45.43113,0.00100670736290454,45.4309578477697,0.000834555132598734
20.57346,45.43234,0.00221670736290491,45.4309191925988,0.000795899961684145
20.58482,45.42932,-0.000803292637101549,45.430852148093,0.000728855455858442
20.59614,45.42964,-0.000483292637099453,45.4307599193774,0.00063662674032967
20.60748,45.43132,0.0011967073629009,45.4306469561957,0.000523663558641997
20.61882,45.43167,0.0015467073628983,45.430518736334,0.000395443696860863
20.63014,45.43046,0.000336707362897926,45.4303815866881,0.000258294051002528
20.64146,45.42981,-0.00031329263709523,45.4302424413349,0.00011914869784994
20.65276,45.43119,0.00106670736290226,45.4301084549515,-1.48376856435933e-05
20.66411,45.42938,-0.000743292637096715,45.4299864736661,-0.000136818970948064
20.67544,45.42889,-0.00123329263709593,45.4298824514899,-0.000240841147224451
20.68678,45.42852,-0.00160329263709968,45.42980094977,-0.000322342867084289
20.69814,45.43082,0.000696707362898508,45.4297448490541,-0.000378443582986703
20.70947,45.43018,5.67073629014203e-05,45.4297153210039,-0.000407971633210417
20.72079,45.42992,-0.000203292637095842,45.429711982815,-0.000411309822082531
20.73212,45.43079,0.000666707362903196,45.4297330710504,-0.000390221586745001
20.74345,45.42995,-0.000173292637100531,45.4297754854322,-0.000347807204863199
20.75482,45.43048,0.000356707362904274,45.4298346535284,-0.000288639108718238
20.76615,45.42684,-0.00328329263710003,45.4299043049278,-0.00021898770926744
20.77748,45.4302,7.67073629006632e-05,45.4299763635183,-0.000146929118840109
20.78883,45.42971,-0.00041329263709855,45.4300412035355,-8.20891016069356e-05
20.80012,45.43027,0.000146707362901566,45.4300884261412,-3.48664959457565e-05
20.81144,45.42967,-0.000453292637097036,45.430108137347,-1.51552900996893e-05
20.8228,45.4308,0.000676707362899265,45.4300925418798,-3.07507572815487e-05
20.83412,45.4294,-0.000723292637097472,45.4300375709245,-8.57217125595342e-05
20.84547,45.43167,0.0015467073628983,45.4299442271132,-0.000179065523930286
20.8568,45.42955,-0.000573292637099598,45.4298193347868,-0.000303957850263316
20.86812,45.43208,0.00195670736290054,45.4296754279537,-0.000447864683433262
20.87944,45.43179,0.00166670736290087,45.429529611858,-0.000593680779128096
20.89078,45.4271,-0.00302329263709566,45.4294014199472,-0.000721872689936478
20.9021,45.42744,-0.00268329263710143,45.4293099541242,-0.000813338512919126
20.91338,45.42873,-0.00139329263709698,45.4292708633511,-0.000852429285977053
20.92474,45.42772,-0.00240329263709782,45.4292938377169,-0.000829454920153507
20.93608,45.42733,-0.00279329263710082,45.429381183171,-0.00074210946613462
20.94742,45.43131,0.00118670736290483,45.4295277500767,-0.000595542560378297
20.95874,45.42949,-0.000633292637097327,45.4297221401793,-0.000401152457800466
20.97008,45.4319,0.00177670736290025,45.4299488164943,-0.000174476142845985
20.98138,45.43132,0.0011967073629009,45.4301905717789,6.7279141813702e-05
20.9927,45.42863,-0.0014932926371003,45.4304308205559,0.000307527918812971
21.00405,45.43246,0.00233670736290037,45.4306553344813,0.000532041844200706
21.01534,45.431,0.000876707362898799,45.4308532412947,0.000729948657583875
21.02664,45.43232,0.00219670736289856,45.4310172677972,0.000893975160139599
21.03799,45.43014,1.67073629029346e-05,45.4311433238345,0.00102003119738863
21.0493,45.42963,-0.000493292637095522,45.4312296421209,0.00110634948379785
21.06065,45.43031,0.000186707362900052,45.4312758016112,0.00115250897405917
21.07196,45.43066,0.000536707362904565,45.4312819920823,0.00115869944521492
21.0833,45.43247,0.00234670736290354,45.4312487670069,0.0011254743697685
21.09463,45.43028,0.00015670736290474,45.4311773221224,0.00105402948528648
21.10596,45.43245,0.0023267073629043,45.4310701385927,0.000946845955629093
21.1173,45.43041,0.000286707362903371,45.4309317251585,0.000808432521352796
21.12863,45.43137,0.00124670736290255,45.4307691877836,0.000645895146531215
21.13995,45.43133,0.00120670736290407,45.4305924068584,0.000469114221292689
21.15129,45.43164,0.00151670736290299,45.4304136779881,0.000290385351009039
21.16263,45.42953,-0.000593292637098841,45.4302467690177,0.0001234763806306
21.17395,45.43127,0.00114670736289924,45.4301054737075,-1.78189296109285e-05
21.18529,45.42686,-0.00326329263710079,45.4300018910624,-0.000121401574688334
21.19661,45.42812,-0.00200329263709875,45.4299447762288,-0.000178516408268255
21.20793,45.43332,0.00319670736290334,45.4299383192396,-0.000184973397487192
21.21927,45.429,-0.00112329263709654,45.4299815777553,-0.000141714881842433
21.2306,45.42935,-0.000773292637099132,45.4300685923521,-5.47002850307785e-05
21.24192,45.43106,0.000936707362903633,45.4301890829737,6.57903365636531e-05
21.25325,45.42793,-0.00219329263709511,45.4303296083248,0.000206315687699913
21.26459,45.43185,0.00172670736289859,45.4304750830512,0.000351790414089722
21.27592,45.4312,0.00107670736289833,45.4306105090277,0.000487216390605098
21.28726,45.43117,0.00104670736290302,45.4307226979021,0.000599405265035401
21.29857,45.4317,0.00157670736290072,45.430801711835,0.000678419197915794
21.30989,45.43065,0.000526707362901391,45.4308417845004,0.000718491863300749
21.32123,45.43013,6.70736289976048e-06,45.4308415997783,0.000718307141173071
21.33255,45.43258,0.00245670736290293,45.4308039431122,0.000680650475132103
21.34386,45.42921,-0.000913292637100938,45.4307348446711,0.00061155203397065
21.3552,45.43018,5.67073629014203e-05,45.4306423912192,0.000519098582067785
21.36653,45.43101,0.000886707362901973,45.430535408046,0.000412115408864419
21.37785,45.43153,0.0014067073629036,45.4304222049673,0.000298912330172201
21.38918,45.42863,-0.0014932926371003,45.4303095439594,0.000186251322319011
21.40051,45.43018,5.67073629014203e-05,45.4302019533564,7.86607192764366e-05
21.41182,45.42915,-0.000973292637098666,45.4301015047851,-2.17878520031176e-05
21.42311,45.42863,-0.0014932926371003,45.4300081439124,-0.00011514872471662
21.43443,45.43038,0.000256707362900954,45.4299205719379,-0.000202720699185316
21.44576,45.43244,0.00231670736290113,45.4298375138601,-0.000285778776966897
21.4571,45.42838,-0.00174329263710149,45.429759044729,-0.000364247908126845
21.46842,45.43204,0.00191670736290206,45.429687565343,-0.000435727294073258
21.47971,45.43137,0.00124670736290255,45.4296280782157,-0.000495214421445977
21.49106,45.42939,-0.000733292637100647,45.4295875944202,-0.000535698216916569
21.5024,45.42732,-0.00280329263709689,45.4295737504308,-0.000549542206335054
21.51371,45.42896,-0.00116329263710213,45.4295929726569,-0.000530319980209289
21.52505,45.42833,-0.00179329263709604,45.4296486980867,-0.000474594550383829
21.5364,45.42987,-0.000253292637097502,45.4297401449905,-0.000383147646646944
21.54772,45.4286,-0.00152329263709561,45.4298619356337,-0.000261357003429736
21.55906,45.43262,0.00249670736290142,45.4300046127345,-0.000118679902551861
21.57038,45.42896,-0.00116329263710213,45.4301558732861,3.2580648973661e-05
21.5817,45.43069,0.000566707362899876,45.4303022257515,0.000178933114411782
21.59303,45.43058,0.000456707362900488,45.4304307666955,0.000307474058359334
21.60436,45.4304,0.000276707362900197,45.4305308275017,0.000407534864598972
21.61567,45.43147,0.00134670736289877,45.4305952997544,0.000472007117285427
21.627,45.43099,0.00086670736290273,45.4306214867626,0.000498194125478643
21.63831,45.43139,0.0012667073629018,45.430611371699,0.00048807906193909
21.64962,45.42893,-0.00119329263709744,45.4305712662406,0.00044797360354838
21.66095,45.43035,0.000226707362898537,45.4305109012768,0.000387608639729505
21.67226,45.43144,0.00131670736290346,45.4304420980237,0.000318805386619842
21.6836,45.43191,0.00178670736290343,45.4303771708511,0.000253878214042221
21.69493,45.43024,0.000116707362899149,45.4303271879312,0.000203895294103271
21.70626,45.42902,-0.0011032926370973,45.4303002369393,0.000176944302215043
21.71758,45.42834,-0.00178329263709998,45.4302999446025,0.000176651965432332
21.72889,45.42986,-0.000263292637100676,45.430324596915,0.000201304277936923
21.74022,45.42949,-0.000633292637097327,45.4303671778907,0.000243885253577813
21.75158,45.43008,-4.32926371018993e-05,45.4304164541781,0.000293161541012224
21.76289,45.43208,0.00195670736290054,45.4304589592077,0.0003356665706024
21.77421,45.43046,0.000336707362897926,45.4304814862884,0.000358193651275399
21.78552,45.43313,0.00300670736289987,45.4304735646301,0.00035027199296019
21.79685,45.42992,-0.000203292637095842,45.4304294013372,0.000306108700062064
21.80821,45.43089,0.00076670736289941,45.4303489193034,0.000225626666295573
21.81954,45.43069,0.000566707362899876,45.4302377528759,0.000114460238784676
21.83085,45.42936,-0.000763292637095958,45.4301062999306,-1.69927065173919e-05
21.84218,45.42866,-0.00146329263709788,45.429968105234,-0.000155187403112976
21.85352,45.42989,-0.000233292637098259,45.4298379367527,-0.00028535588440219
21.86485,45.42879,-0.00133329263709925,45.4297299055934,-0.000393387043647787
21.87619,45.43079,0.000666707362903196,45.4296558801334,-0.000467412503694404
21.88751,45.43069,0.000566707362899876,45.4296243022844,-0.000498990352743359
21.89884,45.42992,-0.000203292637095842,45.4296394059804,-0.000483886656694943
21.91017,45.42652,-0.00360329263710213,45.4297008241611,-0.000422468475978492
21.9215,45.43005,-7.32926370972109e-05,45.4298036355458,-0.000319657091270932
21.93282,45.42951,-0.000613292637098084,45.4299389453347,-0.000184347302443105
21.94414,45.43145,0.00132670736289953,45.4300950175955,-2.8275041579142e-05
21.95547,45.43168,0.00155670736290148,45.4302588073207,0.000135514683643785
21.96679,45.42929,-0.000833292637096861,45.4304176095067,0.000294316869628018
21.97814,45.42932,-0.000803292637101549,45.4305605463673,0.000437253730243827
21.98947,45.43256,0.00243670736290369,45.430679715191,0.000556422553866696
22.0008,45.43063,0.000506707362902148,45.4307709061014,0.000647613464283547
22.01214,45.43149,0.00136670736289801,45.430833818834,0.000710526196853098
22.02346,45.43252,0.0023967073628981,45.4308717169184,0.000748424281285706
22.0348,45.42921,-0.000913292637100938,45.4308905292067,0.000767236569652659
22.04614,45.42921,-0.000913292637100938,45.4308975411348,0.000774248497690809
22.05747,45.43249,0.00236670736290279,45.4308999419108,0.000776649273749238
22.0688,45.43039,0.000266707362904128,45.4309035298021,0.000780237165025963
22.08012,45.42916,-0.000963292637095492,45.4309118096923,0.000788517055230974
22.09144,45.43088,0.000756707362903342,45.4309256070908,0.000802314453695098
22.10276,45.43297,0.00284670736289883,45.4309432213438,0.000819928706697562
22.11407,45.42953,-0.000593292637098841,45.4309610415733,0.000837748936239242
22.12538,45.43079,0.000666707362903196,45.4309744617693,0.00085116913216873
22.1367,45.43134,0.00121670736290014,45.4309788960383,0.000855603401203835
22.14803,45.43362,0.00349670736289909,45.4309707037656,0.000847411128481383
22.15938,45.4296,-0.000523292637097938,45.4309478532375,0.000824560600398021
22.1707,45.42997,-0.000153292637101288,45.4309102007789,0.000786908141850546
22.18204,45.43236,0.00223670736290416,45.4308593672731,0.000736074635961071
22.19337,45.43039,0.000266707362904128,45.4307983044787,0.000675011841587221
22.2047,45.42989,-0.000233292637098259,45.4307306944903,0.000607401853182194
22.21603,45.43045,0.000326707362901857,45.4306603270631,0.000537034425996272
22.22736,45.43002,-0.000103292637099628,45.4305905858843,0.000467293247215229
22.23868,45.43147,0.00134670736289877,45.4305241358671,0.000400843230001189
22.24998,45.42957,-0.000553292637100355,45.4304628272224,0.000339534585313194
22.2613,45.43188,0.00175670736290101,45.4304077517279,0.000284459090840593
22.27263,45.43137,0.00124670736290255,45.4303593468704,0.000236054233264693
22.28396,45.42941,-0.000713292637101404,45.4303174650566,0.000194172419457176
22.2953,45.42825,-0.00187329263710012,45.4302814055513,0.000158112914231387
22.30663,45.42981,-0.00031329263709523,45.4302500046205,0.000126711983415138
22.31798,45.43158,0.00145670736289816,45.4302219071156,9.86144784572892e-05
22.32931,45.43126,0.00113670736290317,45.4301960484375,7.27558003849621e-05
22.34065,45.42785,-0.00227329263709919,45.4301722286913,4.8936054199881e-05
22.35196,45.43246,0.00233670736290037,45.4301515832156,2.82905785268503e-05
22.36327,45.4303,0.000176707362903983,45.4301367761235,1.34834864331577e-05
22.37461,45.43158,0.00145670736289816,45.4301318074839,8.5148467918698e-06
22.38594,45.42765,-0.00247329263709872,45.4301414041523,1.81115152431411e-05
22.39726,45.43092,0.000796707362901827,45.4301700763324,4.67836952928302e-05
22.4086,45.43077,0.000646707362903953,45.430221035294,9.77426568911326e-05
22.41994,45.42964,-0.000483292637099453,45.4302952146361,0.000171921998982927
22.43128,45.4291,-0.00102329263710033,45.430390613645,0.000267321007933251
22.44259,45.42937,-0.000753292637099889,45.430502135361,0.00037884272387162
22.45389,45.4302,7.67073629006632e-05,45.4306220263271,0.000498733689990251
22.46521,45.43181,0.00168670736290011,45.4307408947111,0.000617602074033555
22.47656,45.43354,0.00341670736290212,45.4308490948601,0.000725802222979728
22.48786,45.42982,-0.000303292637099162,45.4309381151015,0.000814822464383232
22.49917,45.43289,0.00276670736290185,45.4310015994543,0.000878306817199861
22.5105,45.4301,-2.32926370955511e-05,45.4310357896101,0.000912496973000451
22.52182,45.43015,2.67073628990033e-05,45.4310394014332,0.000916108796142152
22.53314,45.4313,0.00117670736290165,45.431013137148,0.000889844510887232
22.54448,45.42838,-0.00174329263710149,45.4309591170718,0.000835824434708034
22.5558,45.43031,0.000186707362900052,45.4308804802966,0.000757187659492308
22.56713,45.43383,0.0037067073629018,45.4307812659624,0.00065797332529125
22.57845,45.43126,0.00113670736290317,45.4306664924075,0.000543199770395034
22.58979,45.43091,0.000786707362898653,45.4305422019583,0.000418909321159257
22.60116,45.42951,-0.000613292637098084,45.430415244603,0.000291951965868111
22.61246,45.42969,-0.000433292637097793,45.4302927341669,0.000169441529849513
22.6238,45.43082,0.000696707362898508,45.4301812936381,5.80010010189213e-05
22.63511,45.42917,-0.000953292637099423,45.4300862871959,-3.70054411625921e-05
22.64642,45.43073,0.000606707362898362,45.4300112093045,-0.00011208333255836
22.65771,45.42923,-0.000893292637101695,45.429957335857,-0.000165956780120609
22.66902,45.42992,-0.000203292637095842,45.4299236899066,-0.000199602730549011
22.68037,45.42892,-0.00120329263710062,45.4299073380805,-0.000215954556637277
22.6917,45.43075,0.00062670736290471,45.4299039935236,-0.000219299113521677
22.70306,45.42929,-0.000833292637096861,45.4299088425772,-0.000214450059900711
22.71439,45.43068,0.000556707362903808,45.4299174429802,-0.000205849656877796
22.72572,45.43187,0.00174670736290494,45.4299264901389,-0.000196802498168859
22.73704,45.4296,-0.000523292637097938,45.4299342487093,-0.00018904392784944
22.74837,45.43002,-0.000103292637099628,45.4299405236447,-0.000182768992376708
22.75968,45.42895,-0.0011732926370982,45.4299461912993,-0.000177101337784737
22.77103,45.42955,-0.000573292637099598,45.4299524671556,-0.00017082548152679
22.78236,45.42858,-0.00154329263710196,45.4299601685472,-0.000163124089941679
22.79372,45.43075,0.00062670736290471,45.4299691972433,-0.000154095393793913
22.80505,45.4319,0.00177670736290025,45.4299783447437,-0.000144947893437679
22.81638,45.42876,-0.00136329263710167,45.4299853875266,-0.000137905110486494
22.82772,45.4296,-0.000523292637097938,45.4299873743993,-0.000135918237778408
22.83906,45.42923,-0.000893292637101695,45.4299810384084,-0.000142254228652756
22.85038,45.43044,0.000316707362898683,45.4299633209802,-0.000159971656893466
22.86171,45.43062,0.000496707362898974,45.4299319894201,-0.000191303216980967
22.87303,45.43037,0.000246707362904885,45.429886263383,-0.000237029254065794
22.88436,45.42759,-0.00253329263709645,45.429827316795,-0.000295975842049918
22.89569,45.43209,0.00196670736290372,45.4297585316677,-0.000364760969449176
22.90704,45.42943,-0.000693292637095055,45.4296854156866,-0.000437876950489545
22.91836,45.43163,0.00150670736289982,45.4296151166131,-0.000508176024013401
22.92968,45.42904,-0.00108329263709805,45.4295555014022,-0.000567791234890736
22.94102,45.4287,-0.00142329263709939,45.4295138716279,-0.000609421009230883
22.95235,45.42837,-0.00175329263709756,45.4294955460951,-0.000627746541964112
22.96367,45.42781,-0.00231329263709767,45.4295026645331,-0.000620628103951723
22.975,45.42972,-0.000403292637095376,45.4295335614003,-0.000589731236803774
22.98636,45.43063,0.000506707362902148,45.4295829086783,-0.000540383958759876
22.9977,45.42842,-0.0017032926370959,45.4296426014977,-0.000480691139430555
23.009,45.43127,0.00114670736289924,45.429703168804,-0.000420123833118083
23.02032,45.42872,-0.00140329263710015,45.4297553988118,-0.000367893825274015
23.03162,45.43172,0.00159670736289996,45.4297918641409,-0.000331428496209512
23.04292,45.42952,-0.000603292637102015,45.4298080726221,-0.000315220015027675
23.05426,45.43191,0.00178670736290343,45.4298030422379,-0.000320250399246826
23.06559,45.42924,-0.000883292637098521,45.4297792146262,-0.000344078010945452
23.07692,45.42627,-0.00385329263709622,45.4297417828891,-0.000381509747971141
23.08826,45.42984,-0.000283292637099919,45.4296976687762,-0.000425623860933681
23.0996,45.43191,0.00178670736290343,45.4296544441603,-0.00046884847682732
23.11092,45.42942,-0.00070329263709823,45.42961939746,-0.000503895177100537
23.12224,45.42845,-0.00167329263710059,45.4295987854226,-0.000524507214501566
23.13358,45.42932,-0.000803292637101549,45.429597232082,-0.000526060555101932
23.1449,45.43221,0.00208670736289918,45.4296172624418,-0.000506030195256028
23.15623,45.42797,-0.00215329263709663,45.4296589967708,-0.000464295866323764
23.16757,45.42953,-0.000593292637098841,45.4297200452168,-0.000403247420321054
23.1789,45.42863,-0.0014932926371003,45.4297956688365,-0.000327623800573831
23.19023,45.42878,-0.00134329263709532,45.4298792995801,-0.000243993057022958
23.20155,45.4301,-2.32926370955511e-05,45.4299634656053,-0.000159827031831712
23.21287,45.43194,0.00181670736289874,45.430041023946,-8.22686911115299e-05
23.22421,45.43158,0.00145670736289816,45.4301064270691,-1.68655680173219e-05
23.23555,45.43092,0.000796707362901827,45.4301566565975,3.33639604028419e-05
23.2469,45.43031,0.000186707362900052,45.4301915297781,6.82371409741621e-05
23.2582,45.42775,-0.0023732926370954,45.4302133063549,9.00137177804112e-05
23.26952,45.42981,-0.00031329263709523,45.4302257747869,0.000102482149756341
23.28085,45.43204,0.00191670736290206,45.4302331340161,0.000109841379027075
23.29217,45.42995,-0.000173292637100531,45.4302389565372,0.000115663900101736
23.3035,45.42909,-0.00103329263709639,45.4302454013765,0.000122108739369131
23.31483,45.43011,-1.32926370994824e-05,45.430252766203,0.000129473565908503
23.32616,45.42963,-0.000493292637095522,45.4302594520458,0.000136159408669658
23.3375,45.42904,-0.00108329263709805,45.4302623864436,0.000139093806532619
23.34884,45.43165,0.00152670736289906,45.4302578563225,0.000134563685389795
23.36016,45.43182,0.00169670736290328,45.4302425643533,0.000119271716185648
23.37146,45.43114,0.0010167073629006,45.4302146120373,9.13194002041057e-05
23.3828,45.42976,-0.00036329263709689,45.430174107035,5.08143979370598e-05
23.39413,45.42947,-0.00065329263709657,45.4301232230514,-6.95856991189977e-08
23.40548,45.42971,-0.00041329263709855,45.4300657418119,-5.75508252168528e-05
23.4168,45.43177,0.00164670736290162,45.4300062591226,-0.000117033514453395
23.42814,45.42789,-0.0022332926371007,45.4299492835011,-0.000174009136031036
23.43948,45.42917,-0.000953292637099423,45.4298984375266,-0.000224855110456002
23.4508,45.43063,0.000506707362902148,45.4298559413335,-0.000267351303593987
23.46216,45.42801,-0.00211329263709814,45.4298225045458,-0.000300788091335166
23.47349,45.43031,0.000186707362900052,45.4297976498503,-0.000325642786755864
23.48482,45.43073,0.000606707362898362,45.4297803568535,-0.00034293578362755
23.49614,45.43046,0.000336707362897926,45.4297697950008,-0.000353497636306244
23.50747,45.43232,0.00219670736289856,45.4297658537649,-0.000357438872157962
23.51879,45.4294,-0.000723292637097472,45.4297692229286,-0.000354069708491207
23.53014,45.42797,-0.00215329263709663,45.4297809459595,-0.000342346677624146
23.54146,45.42832,-0.00180329263709922,45.4298016092895,-0.000321683347552283
23.55278,45.42987,-0.000253292637097502,45.4298305090694,-0.000292783567697315
23.5641,45.43098,0.000856707362899556,45.4298651404248,-0.000258152212258056
23.57542,45.42863,-0.0014932926371003,45.4299011967995,-0.000222095837639508
23.58674,45.4295,-0.000623292637101258,45.4299330790101,-0.000190213626952608
23.59806,45.42997,-0.000153292637101288,45.4299547953747,-0.000168497262378951
23.6094,45.43162,0.00149670736290375,45.4299610711245,-0.000162221512591818
23.62074,45.43018,5.67073629014203e-05,45.4299484311427,-0.000174861494361625
23.63206,45.43064,0.000516707362898217,45.4299159964275,-0.000207296209645096
23.6434,45.43052,0.00039670736290276,45.4298657960532,-0.000257496583879083
23.65473,45.428,-0.00212329263710131,45.4298025415703,-0.000320751066778647
23.66605,45.42859,-0.00153329263709878,45.4297329730747,-0.000390319562365753
23.67738,45.43142,0.00129670736290421,45.4296649832336,-0.000458309403509172
23.68869,45.42976,-0.00036329263709689,45.4296067116958,-0.000516580941295862
23.7,45.42904,-0.00108329263709805,45.4295657147319,-0.000557577905184329
23.71134,45.4285,-0.00162329263709893,45.4295482499738,-0.000575042663339584
23.72266,45.43059,0.000466707362903662,45.4295587170457,-0.000564575591406741
23.73396,45.42829,-0.00183329263710164,45.4295993073628,-0.000523985274333247
23.74529,45.43145,0.00132670736289953,45.4296698850931,-0.000453407543972326
23.7566,45.42923,-0.000893292637101695,45.4297680655749,-0.000355227062199394
23.76794,45.42931,-0.000813292637097618,45.429889428314,-0.00023386432312221
23.77926,45.4309,0.000776707362902584,45.4300278165427,-9.54760944412102e-05
23.79058,45.42903,-0.00109329263710123,45.4301757089916,5.24163545206964e-05
23.80191,45.4304,0.000276707362900197,45.4303246664544,0.000201373817274562
23.81322,45.43173,0.00160670736290314,45.4304658429431,0.000342550305981462
23.82453,45.43114,0.0010167073629006,45.4305905239291,0.000467231292038665
23.83584,45.42831,-0.00181329263709529,45.430690644874,0.00056735223689202
23.84716,45.43172,0.00159670736289996,45.4307592744382,0.000635981801114746
23.85848,45.43069,0.000566707362899876,45.4307910891941,0.000667796557042768
23.86983,45.4309,0.000776707362902584,45.4307828622451,0.000659569608034079
23.88116,45.43005,-7.32926370972109e-05,45.4307339335832,0.000610640946138776
23.89248,45.43208,0.00195670736290054,45.4306465786098,0.000523285972679738
23.90379,45.43002,-0.000103292637099628,45.430526173816,0.000402881178908237
23.91509,45.43016,3.67073629021775e-05,45.4303810679449,0.000257775307821561
23.92644,45.43038,0.000256707362900954,45.4302220950609,9.88024237979127e-05
23.93779,45.43222,0.00209670736290235,45.4300617036041,-6.15890329604405e-05
23.94913,45.42965,-0.000473292637096279,45.4299127144871,-0.000210578150018482
23.96047,45.43013,6.70736289976048e-06,45.4297867853728,-0.000336507264263838
23.97183,45.4274,-0.00272329263709992,45.4296927779933,-0.000430514643776927
23.98318,45.42933,-0.000793292637098375,45.4296353649418,-0.000487927695321337
23.99452,45.427,-0.00312329263709898,45.429614272193,-0.000509020444049148
24.00586,45.4288,-0.00132329263709607,45.4296244572826,-0.000498835354471141
24.01718,45.4314,0.00127670736289787,45.4296572750181,-0.00046601761896416
24.02851,45.43174,0.00161670736289921,45.4297023608435,-0.000420931793645921
24.03985,45.4325,0.00237670736289886,45.4297496988208,-0.000373593816293218
24.05121,45.42935,-0.000773292637099132,45.4297912815236,-0.000332011113512233
24.06254,45.42777,-0.00235329263709616,45.4298219701346,-0.000301322502509803
24.07384,45.43116,0.00103670736289985,45.4298395164457,-0.000283776191385844
24.08517,45.42927,-0.000853292637096104,45.4298440087618,-0.000279283875274361
24.09651,45.42685,-0.00327329263709686,45.4298371218255,-0.000286170811566183
24.10785,45.43008,-4.32926371018993e-05,45.4298215080743,-0.000301784562765831
24.11918,45.42981,-0.00031329263709523,45.4298005311087,-0.000322761528400674
24.13051,45.43173,0.00160670736290314,45.4297783422752,-0.000344950361854157
24.14181,45.42949,-0.000633292637097327,45.4297600919137,-0.000363200723405946
24.15316,45.43301,0.00288670736290442,45.4297519567148,-0.000371335922317238
24.1645,45.42758,-0.00254329263709963,45.4297607236386,-0.000362568998495801
24.17582,45.42989,-0.000233292637098259,45.4297928666335,-0.000330426003573058
24.18713,45.43042,0.00029670736289944,45.4298532852285,-0.000270007408605952
24.19844,45.4263,-0.00382329263710091,45.4299440378006,-0.000179254836467482
24.20977,45.43091,0.000786707362898653,45.4300634361401,-5.98564970194206e-05
24.2211,45.42953,-0.000593292637098841,45.4302057709448,8.24783076566517e-05
24.23242,45.43236,0.00223670736290416,45.430361747279,0.000238454641886667
24.24374,45.43072,0.000596707362902293,45.4305195006614,0.000396208024274971
24.25506,45.42874,-0.00138329263710091,45.4306659411017,0.000542648464583176
24.26639,45.43229,0.00216670736290325,45.4307881793233,0.000664886686241837
24.27773,45.43117,0.00104670736290302,45.430874862572,0.000751569934938192
24.28906,45.43128,0.00115670736290241,45.4309172989885,0.00079400635139569
24.30041,45.4301,-2.32926370955511e-05,45.4309102739181,0.00078698128099836
24.31172,45.43079,0.000666707362903196,45.4308525035425,0.000729210905440166
24.32305,45.43182,0.00169670736290328,45.4307467288983,0.000623436261238664
24.33436,45.43026,0.000136707362898392,45.4305994860934,0.00047619345630126
24.3457,45.42959,-0.000533292637101113,45.4304205939567,0.000297301319636518
24.35703,45.43017,4.67073628982462e-05,45.4302224093078,9.91166706678914e-05
24.36834,45.43102,0.000896707362898042,45.4300189114854,-0.000104381151698634
24.37964,45.4304,0.000276707362900197,45.4298246658024,-0.000298626834653793
24.39096,45.42851,-0.00161329263709575,45.4296536938306,-0.000469598806510183
24.40228,45.43023,0.00010670736290308,45.4295182921945,-0.000605000442572447
24.41359,45.42986,-0.000263292637100676,45.429427894772,-0.000695397865069027
24.42494,45.42716,-0.00296329263709794,45.4293881225019,-0.000735170135205804
24.43628,45.42944,-0.000683292637098987,45.4294001793686,-0.000723113268521167
24.44762,45.42971,-0.00041329263709855,45.4294607226858,-0.000662569951290989
24.45894,45.42993,-0.000193292637099773,45.4295622507469,-0.000561041890192382
24.47029,45.43049,0.000366707362900343,45.4296939331387,-0.000429359498395602
24.48161,45.42879,-0.00133329263709925,45.429842725987,-0.000280566650139408
24.49294,45.43049,0.000366707362900343,45.4299946104758,-0.000128682161315004
24.50428,45.43093,0.000806707362897896,45.4301358404174,1.25477803279186e-05
24.51562,45.42804,-0.00208329263709572,45.4302541289721,0.00013083633503137
24.52694,45.4314,0.00127670736289787,45.4303397227492,0.000216430112079871
24.53824,45.43085,0.000726707362900925,45.4303863034427,0.000263010805630321
24.54958,45.43033,0.000206707362899294,45.4303916242117,0.000268331574627516
24.56091,45.43178,0.0016567073629048,45.4303577540607,0.000234461423571442
24.57224,45.43007,-5.32926370979681e-05,45.4302908152845,0.000167522647362293
24.58356,45.42918,-0.000943292637096249,45.4302001760492,7.68834121239369e-05
24.59489,45.43269,0.00256670736290232,45.4300971723053,-2.61203317892851e-05
24.60623,45.42851,-0.00161329263709575,45.4299935358955,-0.000129756741572259
24.61756,45.42876,-0.00136329263710167,45.4298997820966,-0.000223510540509762
24.62888,45.42749,-0.00263329263709977,45.4298238626772,-0.000299429959930434
24.6402,45.42915,-0.000973292637098666,45.4297703853159,-0.000352907321175587
24.65154,45.43254,0.00241670736290445,45.4297405699278,-0.000382722709333879
24.66284,45.43053,0.000406707362898828,45.4297328675003,-0.00039042513676349
24.67414,45.42868,-0.00144329263709864,45.4297439478065,-0.000379344830619562
24.68544,45.42943,-0.000693292637095055,45.4297697129615,-0.000353579675600139
24.69676,45.43114,0.0010167073629006,45.4298061019919,-0.000317190645177848
24.70812,45.43079,0.000666707362903196,45.4298495807889,-0.000273711848193421
24.71945,45.42842,-0.0017032926370959,45.4298972837311,-0.000226008905966555
24.7308,45.43108,0.000956707362902876,45.429946829237,-0.000176463400130937
24.74214,45.42985,-0.000273292637096745,45.4299959125485,-0.000127380088548946
24.75346,45.4283,-0.00182329263709846,45.4300418550952,-8.14375419186148e-05
24.7648,45.42863,-0.0014932926371003,45.43008131916,-4.19734770977967e-05
24.77614,45.43123,0.00110670736290075,45.4301103591212,-1.29335159217653e-05
24.78747,45.43088,0.000756707362903342,45.4301248624804,1.56984334248373e-06
24.79881,45.43021,8.67073629038373e-05,45.4301212661774,-2.02645967833082e-06
24.81013,45.43146,0.0013367073629027,45.4300973134536,-2.5979183497663e-05
24.82145,45.42876,-0.00136329263710167,45.4300526194624,-7.06731747477788e-05
24.83278,45.42978,-0.000343292637097647,45.4299889161923,-0.000134376444834071
24.84411,45.43034,0.000216707362902469,45.4299099627442,-0.000213329892921056
24.85542,45.43159,0.00146670736290133,45.4298211683478,-0.000302124289284801
24.86675,45.42855,-0.00157329263709727,45.429728985132,-0.000394307505113465
24.8781,45.42829,-0.00183329263710164,45.4296401445787,-0.00048314805836494
24.88945,45.42904,-0.00108329263709805,45.4295608641065,-0.000562428530572806
24.90081,45.43132,0.0011967073629009,45.4294961797084,-0.000627112928674489
24.91212,45.42941,-0.000713292637101404,45.4294495057361,-0.000673786900995142
24.92341,45.42885,-0.00127329263710152,45.4294224278391,-0.000700864798003381
24.93474,45.42873,-0.00139329263709698,45.4294146970032,-0.000708595633940159
24.94606,45.4296,-0.000523292637097938,45.4294244249481,-0.000698867689009759
24.95742,45.42908,-0.00104329263709957,45.4294485059257,-0.00067478671141244
24.96877,45.42978,-0.000343292637097647,45.4294832540029,-0.000640038634207432
24.9801,45.43036,0.000236707362901711,45.4295251744533,-0.000598118183811942
24.99142,45.4277,-0.00242329263709706,45.4295717351765,-0.00055155746059403
25.00276,45.43107,0.000946707362899701,45.4296219895048,-0.000501303132267592
25.01408,45.43157,0.00144670736290209,45.4296769092309,-0.000446383406171218
25.0254,45.42916,-0.000963292637095492,45.4297393039502,-0.000383988686935181
25.03672,45.42978,-0.000343292637097647,45.4298132583629,-0.000310034274185899
25.04804,45.42923,-0.000893292637101695,45.4299031405784,-0.000220152058654656
25.05937,45.43033,0.000206707362899294,45.4300123766297,-0.000110916007419581
25.07069,45.43047,0.0003467073629011,45.4301422675293,1.89748921823887e-05
25.082,45.42795,-0.00217329263709587,45.4302911245708,0.000167831933717316
25.09333,45.42859,-0.00153329263709878,45.4304539522902,0.000330659653066384
25.10464,45.43165,0.00152670736289906,45.4306228205952,0.000499527958132314
25.11595,45.43243,0.00230670736289795,45.4307879005643,0.000664607927153294
25.12728,45.43113,0.00100670736290454,45.4309389144823,0.000815621845215703
25.13864,45.43266,0.0025367073628999,45.4310665929783,0.000943300341222528
25.14997,45.43192,0.0017967073628995,45.4311637493523,0.00104045671520456
25.16129,45.42992,-0.000203292637095842,45.4312257586433,0.00110246600618138
25.17262,45.43074,0.000616707362901536,45.431250466012,0.00112717337486052
25.18395,45.42947,-0.00065329263709657,45.4312377402493,0.00111444761219607
25.19529,45.43259,0.002466707362899,45.4311889556459,0.00106566300883867
25.20661,45.43088,0.000756707362903342,45.4311066105361,0.000983317899007791
25.21796,45.4312,0.00107670736289833,45.4309941416691,0.000870849031981233
25.2293,45.43085,0.000726707362900925,45.4308558757664,0.000732583129256217
25.24063,45.43039,0.000266707362904128,45.4306970243541,0.000573731717035815
25.25196,45.43091,0.000786707362898653,45.4305236465939,0.000400353956806069
25.26329,45.43046,0.000336707362897926,45.4303425273859,0.000219234748758933
25.27463,45.43105,0.000926707362900459,45.4301609286121,3.76359750021036e-05
25.28596,45.42905,-0.00107329263710199,45.4299861874221,-0.000137105214991691
25.2973,45.43047,0.0003467073629011,45.4298251746232,-0.000298118013910289
25.30862,45.42912,-0.00100329263710108,45.4296836805831,-0.000439612053994028
25.31995,45.43032,0.000196707362903226,45.429565838837,-0.000557453800065819
25.33127,45.42717,-0.00295329263710187,45.4294737133546,-0.000649579282449424
25.34258,45.42983,-0.000293292637095988,45.429407164985,-0.000716127652125419
25.35392,45.43003,-9.32926370964537e-05,45.4293640681564,-0.0007592244807113
25.36527,45.42931,-0.000813292637097618,45.429340862126,-0.00078243051107794
25.37657,45.42979,-0.000333292637101579,45.4293333245793,-0.000789968057803701
25.3879,45.42717,-0.00295329263710187,45.4293374068958,-0.000785885741276531
25.39923,45.43219,0.00206670736289993,45.4293499789664,-0.000773313670724703
25.41054,45.42903,-0.00109329263710123,45.4293693495962,-0.000753943040870431
25.42185,45.4309,0.000776707362902584,45.4293954360912,-0.000727856545895721
25.43318,45.42787,-0.00225329263709995,45.4294294990958,-0.000693793541310479
25.4445,45.42899,-0.00113329263709971,45.4294734692123,-0.000649823424817151
25.45584,45.43058,0.000456707362900488,45.4295290190434,-0.000594273593703002
25.46718,45.43028,0.00015670736290474,45.4295965969576,-0.000526695679508293
25.4785,45.42722,-0.00290329263710021,45.4296746295697,-0.000448663067391356
25.48984,45.42921,-0.000913292637100938,45.4297590767875,-0.000364215849559077
25.50117,45.42967,-0.000453292637097036,45.4298435008103,-0.000279791826751082
25.5125,45.43008,-4.32926371018993e-05,45.4299197316989,-0.000203560938186589
25.52383,45.42971,-0.00041329263709855,45.4299790541728,-0.000144238464320221
25.53516,45.43143,0.00130670736290028,45.4300136706522,-0.00010962198494959
25.54648,45.43209,0.00196670736290372,45.430018096649,-0.000105195988054246
25.5578,45.42896,-0.00116329263710213,45.4299901526233,-0.000133140013797636
25.56909,45.42994,-0.000183292637096599,45.4299313342577,-0.000191958379385473
25.58042,45.43006,-6.32926371011422e-05,45.429846533886,-0.000276758751061327
25.59176,45.42817,-0.00195329263709709,45.4297432618146,-0.000380030822463469
25.60306,45.42925,-0.000873292637095346,45.4296305985517,-0.000492694085365204
25.6144,45.43246,0.00233670736290037,45.4295180868141,-0.000605205822989847
25.62571,45.42785,-0.00227329263709919,45.4294146930452,-0.00070859959187278
25.63701,45.42911,-0.00101329263709715,45.429327907056,-0.000795385581082601
25.64834,45.42873,-0.00139329263709698,45.4292630581867,-0.000860234450425704
25.65967,45.42785,-0.00227329263709919,45.4292229734262,-0.00090031921089834
25.671,45.42811,-0.00201329263710193,45.4292080952324,-0.000915197404736935
25.68232,45.43122,0.00109670736290468,45.429217066993,-0.000906225644120596
25.69365,45.43113,0.00100670736290454,45.429247618841,-0.000875673796065258
25.70496,45.42866,-0.00146329263709788,45.4292974411969,-0.000825851440181054
25.71631,45.43091,0.000786707362898653,45.4293647217182,-0.000758570918852031
25.7276,45.42867,-0.00145329263710181,45.4294481692076,-0.000675123429526814
25.73894,45.42831,-0.00181329263709529,45.4295465691465,-0.00057672349057554
25.75028,45.42975,-0.000373292637100064,45.4296580926845,-0.00046519995261837
25.76162,45.42917,-0.000953292637099423,45.4297796488848,-0.000343643752317455
25.77297,45.42958,-0.000543292637097181,45.4299065255388,-0.000216767098303801
25.78431,45.42984,-0.000283292637099919,45.4300324489963,-9.08436407938282e-05
25.79565,45.43032,0.000196707362903226,45.4301500646635,2.67720263817984e-05
25.807,45.43076,0.000636707362900779,45.4302517317256,0.000128439088534413
25.81833,45.43134,0.00121670736290014,45.4303304532841,0.000207160646989849
25.82962,45.42919,-0.00093329263710018,45.4303807426097,0.000257449972565645
25.84095,45.43188,0.00175670736290101,45.4303992655296,0.000275972892503118
25.8523,45.42986,-0.000263292637100676,45.4303851767698,0.000261884132719596
25.86364,45.42953,-0.000593292637098841,45.4303401467468,0.000216854109663181
25.87497,45.43055,0.000426707362898071,45.4302681307514,0.000144838114274035
25.88633,45.43205,0.00192670736289813,45.4301749560387,5.1663401565779e-05
25.89766,45.42839,-0.00173329263709832,45.430067799322,-5.54933150557646e-05
25.90897,45.42817,-0.00195329263709709,45.4299546270651,-0.00016866557204141
25.92028,45.42982,-0.000303292637099162,45.4298436863449,-0.000279606292164662
25.9316,45.43141,0.00128670736290104,45.4297431112509,-0.000380181386160389
25.94292,45.43134,0.00121670736290014,45.4296606033232,-0.000462689313859367
25.95424,45.4305,0.000376707362903517,45.4296030291924,-0.000520263444670395
25.96558,45.4276,-0.00252329263710038,45.4295757920321,-0.000547500605037257
25.97691,45.43003,-9.32926370964537e-05,45.4295820061896,-0.000541286447527511
25.98822,45.42706,-0.00306329263710126,45.4296217128103,-0.000501579826793144
25.99955,45.42876,-0.00136329263710167,45.4296914641376,-0.000431828499448727
26.01089,45.43113,0.00100670736290454,45.4297845159699,-0.000338776667226119
26.02222,45.43019,6.67073629045944e-05,45.4298916512763,-0.000231641360762436
26.03353,45.43057,0.000446707362904419,45.4300024253984,-0.000120867238713964
26.04487,45.43187,0.00174670736290494,45.4301064906408,-1.68019963474617e-05
26.0562,45.43031,0.000186707362900052,45.4301946785794,7.13859422717759e-05
26.06754,45.42991,-0.000213292637099016,45.4302596628894,0.000136370252309318
26.07888,45.4278,-0.00232329263710085,45.4302962236171,0.000172930980033257
26.0902,45.4302,7.67073629006632e-05,45.4303012982113,0.000178005574211501
26.10152,45.4296,-0.000523292637097938,45.4302740435257,0.000150750888591832
26.11284,45.43219,0.00206670736289993,45.4302160126304,9.27199932599158e-05
26.12415,45.43079,0.000666707362903196,45.430131348076,8.05543888224379e-06
26.13548,45.43208,0.00195670736290054,45.4300267517402,-9.65408969451072e-05
26.1468,45.42888,-0.0012432926370991,45.42991101215,-0.000212280487144934
26.15811,45.42905,-0.00107329263710199,45.4297940484271,-0.000329244210034987
26.16944,45.42901,-0.00111329263710047,45.4296856644654,-0.000437628171651655
26.18076,45.42681,-0.00331329263709534,45.4295943643497,-0.000528928287445834
26.1921,45.43093,0.000806707362897896,45.4295265744487,-0.000596718188413922
26.20343,45.42913,-0.000993292637097909,45.4294864532261,-0.000636839410999422
26.21476,45.43021,8.67073629038373e-05,45.4294762292738,-0.000647063363289224
26.22613,45.43154,0.00141670736289967,45.4294968072652,-0.000626485371861384
26.23746,45.42941,-0.000713292637101404,45.4295483083255,-0.000574984311599239
26.24876,45.4295,-0.000623292637101258,45.429630284292,-0.000493008345113229
26.26011,45.42983,-0.000293292637095988,45.4297415177611,-0.000381774876005025
26.27142,45.42838,-0.00174329263710149,45.4298795065423,-0.000243786094840642
26.28277,45.43132,0.0011967073629009,45.430039849822,-8.34428151130422e-05
26.29408,45.42847,-0.00165329263710134,45.4302157723233,9.24796861687639e-05
26.30541,45.43179,0.00166670736290087,45.4303979694895,0.000274676852405436
26.31672,45.42912,-0.00100329263710108,45.4305748797562,0.000451587119090766
26.32804,45.43022,9.6707362899906e-05,45.4307334198346,0.000610127197511114
26.33936,45.43145,0.00132670736289953,45.4308601551259,0.00073686248878591
26.35069,45.43024,0.000116707362899149,45.430942802627,0.000819509989915121
26.36199,45.43138,0.00125670736289862,45.4309718744024,0.000848581765330802
26.37332,45.43291,0.0027867073629011,45.4309421902053,0.000818897568190553
26.38464,45.4314,0.00127670736289787,45.4308539544645,0.00073066182742816
26.39598,45.43102,0.000896707362898042,45.4307131387057,0.000589846068648476
26.40731,45.42984,-0.000283292637099919,45.4305310501034,0.000407757466341767
26.41864,45.42891,-0.00121329263709669,45.4303231612206,0.000199868583519082
26.42998,45.43187,0.00174670736290494,45.4301074328174,-1.58598197136172e-05
26.44131,45.42955,-0.000573292637099598,45.4299024111433,-0.000220881493824764
26.45266,45.42871,-0.00141329263709622,45.4297253445603,-0.000397948076790802
26.46396,45.42908,-0.00104329263709957,45.4295905177821,-0.000532774854982034
26.47532,45.42962,-0.000503292637098696,45.429507975448,-0.00061531718908655
26.48666,45.42962,-0.000503292637098696,45.4294827619573,-0.000640530679775636
26.498,45.43003,-9.32926370964537e-05,45.4295147197875,-0.000608572849571934
26.50933,45.42863,-0.0014932926371003,45.4295988046799,-0.000524487957218438
26.52064,45.42819,-0.00193329263709785,45.4297258350838,-0.000397457553279502
26.532,45.43265,0.00252670736290384,45.4298835771634,-0.000239715473676606
26.54335,45.43015,2.67073628990033e-05,45.4300580302419,-6.52623951779025e-05
26.55467,45.43015,2.67073628990033e-05,45.4302347308458,0.00011143820874841
26.56601,45.42985,-0.000273292637096745,45.4303999046261,0.000276611988952121
26.57732,45.42959,-0.000533292637101113,45.4305413855155,0.000418092878443882
26.58868,45.43231,0.0021867073629025,45.4306493146608,0.000526022023737023
26.60003,45.43058,0.000456707362900488,45.4307166526369,0.000593359999831537
26.61131,45.43008,-4.32926371018993e-05,45.430739507116,0.000616214478928277
26.62265,45.43043,0.000306707362902614,45.430717264294,0.000593971656927731
26.634,45.43094,0.00081670736290107,45.4306525330443,0.000529240407198282
26.64531,45.43108,0.000956707362902876,45.4305509219053,0.000427629268233383
26.65663,45.42989,-0.000233292637098259,45.4304206472939,0.000297354656764784
26.66797,45.43182,0.00169670736290328,45.4302719490695,0.000148656432426616
26.67932,45.42793,-0.00219329263709511,45.4301163017472,-6.99088989057396e-06
26.69065,45.43126,0.00113670736290317,45.4299654503214,-0.000157842315713305
26.70198,45.43178,0.0016567073629048,45.4298303384107,-0.000292954226410937
26.7133,45.42795,-0.00217329263709587,45.4297200217625,-0.000403270874559369
26.72463,45.42802,-0.00210329263710207,45.429640698092,-0.000482594545105665
26.73596,45.42939,-0.000733292637100647,45.4295950436953,-0.000528248941838797
26.74729,45.42861,-0.00151329263709954,45.4295820609714,-0.000541231665690566
26.75864,45.43038,0.000256707362900954,45.4295975336906,-0.000525758946492262
26.76995,45.431,0.000876707362898799,45.4296349886234,-0.000488304013732241
26.78128,45.43129,0.00116670736289848,45.4296868892365,-0.000436403400608178
26.79263,45.42868,-0.00144329263709864,45.4297457396898,-0.000377552947302197
26.80394,45.42934,-0.000783292637095201,45.4298048784028,-0.00031841423432686
26.81529,45.42957,-0.000553292637100355,45.4298589210747,-0.000264371562389428
26.82663,45.42935,-0.000773292637099132,45.4299039522404,-0.000219340396669217
26.83796,45.43069,0.000566707362899876,45.4299375873232,-0.00018570531385662
26.8493,45.43074,0.000616707362901536,45.4299589608221,-0.000164331815011683
26.86063,45.42943,-0.000693292637095055,45.4299686237761,-0.000154668861032231
26.87196,45.42918,-0.000943292637096249,45.4299683161282,-0.000154976508889104
26.88332,45.43031,0.000186707362900052,45.4299606140998,-0.000162678537334775
26.89465,45.43042,0.00029670736289944,45.4299484850708,-0.000174807566293171
26.90597,45.43159,0.00146670736290133,45.4299347752807,-0.000188517356392841
26.91728,45.43003,-9.32926370964537e-05,45.4299216426296,-0.000201650007506517
26.9286,45.42649,-0.00363329263709744,45.4299099933576,-0.000213299279530478
26.93995,45.42982,-0.000303292637099162,45.429899085768,-0.000224206869061433
26.95128,45.4305,0.000376707362903517,45.4298865249785,-0.000236767658638611
26.96258,45.42929,-0.000833292637096861,45.4298687916781,-0.000254500959014318
26.97392,45.4289,-0.00122329263709986,45.4298422553435,-0.000281037293601114
26.98528,45.43144,0.00131670736290346,45.4298044381906,-0.000318854446520286
26.9966,45.43265,0.00252670736290384,45.4297551892521,-0.00036810338495535
27.00794,45.4287,-0.00142329263709939,45.4296974055753,-0.000425887061767311
27.01928,45.43034,0.000216707362902469,45.4296370253375,-0.000486267299564785
27.03061,45.42866,-0.00146329263709788,45.4295822250478,-0.000541067589327623
27.04194,45.42992,-0.000203292637095842,45.4295419948089,-0.000581297828224737
27.05328,45.4282,-0.00192329263710178,45.4295244247494,-0.000598867887734372
27.06461,45.42937,-0.000753292637099889,45.4295350737925,-0.000588218844589349
27.07593,45.42983,-0.000293292637095988,45.4295757422829,-0.00054755035422085
27.08727,45.42883,-0.00129329263710076,45.4296438733854,-0.000479419251679796
27.09859,45.42757,-0.00255329263709569,45.4297326947115,-0.00039059792558744
27.10991,45.43028,0.00015670736290474,45.4298320941316,-0.000291198505479058
27.12123,45.43362,0.00349670736289909,45.4299300864372,-0.000193206199918528
27.13253,45.42821,-0.00191329263709861,45.4300145758182,-0.000108716818896329
27.14387,45.4313,0.00117670736290165,45.4300750344104,-4.82582266797902e-05
27.15517,45.43022,9.6707362899906e-05,45.4301037778171,-1.95148199690715e-05
27.1665,45.4297,-0.000423292637101724,45.4300966832624,-2.66093746853836e-05
27.17783,45.43036,0.000236707362901711,45.4300533535358,-6.99391013210672e-05
27.18918,45.42955,-0.000573292637099598,45.4299768250713,-0.000146467565800644
27.20049,45.42904,-0.00108329263709805,45.4298729604723,-0.000250332164780713
27.21182,45.43119,0.00106670736290226,45.4297496683031,-0.000373624334031608
27.22313,45.4296,-0.000523292637097938,45.4296160653331,-0.000507227304023544
27.23445,45.42791,-0.00221329263710146,45.4294816639011,-0.000641628735981022
27.24577,45.42836,-0.00176329263710073,45.4293556560621,-0.000767636574949749
27.25711,45.43123,0.00110670736290075,45.4292463589425,-0.000876933694594403
27.2684,45.42922,-0.000903292637097763,45.4291608343767,-0.000962458260403723
27.27972,45.43003,-9.32926370964537e-05,45.4291046120733,-0.00101868056382356
27.29104,45.42907,-0.00105329263709564,45.4290814155998,-0.00104187703729133
27.30237,45.42765,-0.00247329263709872,45.4290928650975,-0.00103042753963918
27.31369,45.42641,-0.00371329263710152,45.4291382533593,-0.000985039277801119
27.32504,45.4314,0.00127670736289787,45.429214550442,-0.000908742195138086
27.33638,45.43069,0.000566707362899876,45.4293167144136,-0.000806578223537489
27.34772,45.42979,-0.000333292637101579,45.4294382176008,-0.000685075036251809
27.35905,45.42941,-0.000713292637101404,45.4295715868574,-0.000551705779646982
27.3704,45.42943,-0.000693292637095055,45.4297088065823,-0.000414486054783083
27.38172,45.42892,-0.00120329263710062,45.4298415894789,-0.000281703158160186
27.39306,45.42986,-0.000263292637100676,45.4299616462041,-0.000161646433029713
27.4044,45.42974,-0.000383292637096133,45.4300611059241,-6.21867130388196e-05
27.41574,45.42841,-0.00171329263709907,45.4301331693436,9.87670651030493e-06
27.42709,45.43203,0.00190670736289889,45.4301729584352,4.96657980657151e-05
27.43841,45.43116,0.00103670736289985,45.4301783979347,5.51052975844475e-05
27.44974,45.4324,0.00227670736290264,45.4301508642045,2.75715674251333e-05
27.46107,45.42818,-0.00194329263710102,45.4300953353717,-2.79572653580714e-05
27.47242,45.42918,-0.000943292637096249,45.4300199131419,-0.000103379495215909
27.48374,45.43135,0.00122670736290331,45.429934793592,-0.000188499045068389
27.49506,45.43028,0.00015670736290474,45.4298509081046,-0.00027238453244995
27.50637,45.42873,-0.00139329263709698,45.4297784857082,-0.00034480692892406
27.51767,45.42567,-0.00445329263710192,45.4297257721515,-0.0003975204856175
27.529,45.43142,0.00129670736290421,45.4296981205708,-0.000425172066291928
27.54035,45.43267,0.00254670736290308,45.4296975778352,-0.000425714801911871
27.55165,45.4303,0.000176707362903983,45.4297229011523,-0.00040039148483094
27.56298,45.4294,-0.000723292637097472,45.4297697902356,-0.00035350240147402
27.57433,45.42739,-0.00273329263709599,45.4298311708686,-0.00029212176851647
27.58567,45.42991,-0.000213292637099016,45.4298975688942,-0.000225723742855793
27.597,45.4298,-0.000323292637098405,45.4299577588089,-0.000165533828153574
27.60835,45.42952,-0.000603292637102015,45.4299998287047,-0.00012346393240312
27.61971,45.43095,0.000826707362904244,45.4300126317469,-0.000110660890158203
27.63104,45.42999,-0.000133292637102045,45.4299874263042,-0.000135866332949802
27.64241,45.42868,-0.00144329263709864,45.429919415973,-0.000203876664141351
27.65375,45.43389,0.00376670736289952,45.4298088840384,-0.000314408598743977
27.6651,45.42935,-0.000773292637099132,45.4296616495256,-0.000461643111457162
27.67643,45.42949,-0.000633292637097327,45.429488660064,-0.000634632573111995
27.68776,45.42893,-0.00119329263709744,45.4293047067348,-0.000818585902277783
27.69908,45.429,-0.00112329263709654,45.4291264683433,-0.000996824293803811
27.71042,45.42714,-0.00298329263709718,45.4289702675841,-0.00115302505300507
27.72174,45.42867,-0.00145329263710181,45.4288499737939,-0.0012733188432173
27.73307,45.42754,-0.00258329263709811,45.4287754163261,-0.00134787631094829
27.74441,45.4305,0.000376707362903517,45.4287515149123,-0.0013717777247481
27.75575,45.42929,-0.000833292637096861,45.4287781403225,-0.00134515231457279
27.7671,45.42751,-0.00261329263710053,45.4288505662028,-0.00127272643428528
27.77845,45.42888,-0.0012432926370991,45.4289603206408,-0.00116297199625995
27.78978,45.43106,0.000936707362903633,45.4290962743404,-0.0010270182967326
27.80112,45.42887,-0.00125329263709517,45.4292458394327,-0.000877453204380471
27.81245,45.42821,-0.00191329263709861,45.4293961748831,-0.000727117754048875
27.82376,45.42831,-0.00181329263709529,45.4295353329369,-0.0005879597001911
27.8351,45.43072,0.000596707362902293,45.4296533229958,-0.000469969641264718
27.84642,45.43046,0.000336707362897926,45.4297430470797,-0.000380245557445414
27.85774,45.43171,0.00158670736290389,45.42980097097,-0.000322321667117625
27.86906,45.43075,0.00062670736290471,45.4298273391426,-0.000295953494520397
27.88041,45.4267,-0.00342329263710184,45.4298258179232,-0.00029747471394891
27.89176,45.42929,-0.000833292637096861,45.4298026408483,-0.000320651788850482
27.90308,45.42972,-0.000403292637095376,45.4297654975053,-0.000357795131758392
27.91442,45.43235,0.00222670736290098,45.4297224199898,-0.000400872647288657
27.92575,45.42868,-0.00144329263709864,45.4296807930712,-0.000442499565924707
27.93709,45.4296,-0.000523292637097938,45.4296464978515,-0.000476794785552716
27.94845,45.42796,-0.0021632926370998,45.4296232063285,-0.000500086308589298
27.95979,45.43053,0.000406707362898828,45.4296119245033,-0.000511368133786367
27.97112,45.42967,-0.000453292637097036,45.4296109110641,-0.000512381572971874
27.98245,45.42781,-0.00231329263709767,45.4296160379961,-0.000507254641023624
27.99378,45.43065,0.000526707362901391,45.4296215647564,-0.00050172788067165
28.0051,45.43072,0.000596707362902293,45.4296212171202,-0.000502075516916599
28.01642,45.42947,-0.00065329263709657,45.4296094003399,-0.000513892297174288
28.02772,45.42818,-0.00194329263710102,45.4295823489562,-0.00054094368088034
28.03904,45.43016,3.67073629021775e-05,45.4295390432313,-0.000584249405850282
28.05036,45.43142,0.00129670736290421,45.4294817716701,-0.000641520966958835
28.06166,45.42912,-0.00100329263710108,45.4294162412807,-0.000707051356399262
28.073,45.42915,-0.000973292637098666,45.4293511566074,-0.000772136029730238
28.08432,45.42876,-0.00136329263710167,45.429297264135,-0.000826028502116203
28.09564,45.43001,-0.000113292637095697,45.4292659741518,-0.000857318485300234
28.10697,45.43002,-0.000103292637099628,45.4292677535054,-0.000855539131734376
28.11831,45.42652,-0.00360329263710213,45.4293105058497,-0.000812786787389577
28.12964,45.43128,0.00115670736290241,45.4293981573466,-0.000725135290520637
28.14098,45.42843,-0.00169329263709983,45.4295296590742,-0.000593633562877162
28.1523,45.42941,-0.000713292637101404,45.4296985787258,-0.000424713911292113
28.16364,45.42927,-0.000853292637096104,45.4298933827127,-0.000229909924350518
28.17499,45.42908,-0.00104329263709957,45.4300984289928,-2.48636442800079e-05
28.18633,45.43132,0.0011967073629009,45.4302955992161,0.000172306579000821
28.19767,45.43065,0.000526707362901391,45.4304663829407,0.000343090303642507
28.209,45.43165,0.00152670736289906,45.4305941125399,0.000470819902770414
28.22034,45.43089,0.00076670736289941,45.4306659926103,0.000542699973207622
28.23167,45.43162,0.00149670736290375,45.4306746075806,0.000551314943552704
28.243,45.42916,-0.000963292637095492,45.4306187094968,0.000495416859707155
28.2543,45.43086,0.000736707362904099,45.4305032324075,0.000379939770367333
28.26567,45.43189,0.00176670736290419,45.4303385933378,0.000215300700745884
28.27702,45.42966,-0.00046329263710021,45.4301393957436,1.61031064832255e-05
28.28835,45.43143,0.00130670736290028,45.429922680734,-0.000200611903099918
28.2997,45.42616,-0.00396329263709561,45.4297059311583,-0.000417361478792652
28.31105,45.42955,-0.000573292637099598,45.429505124119,-0.000618168518131264
28.32238,45.42841,-0.00171329263709907,45.429333168183,-0.000790124454074033
28.33367,45.43085,0.000726707362900925,45.429198974388,-0.000924318249144068
28.34499,45.4276,-0.00252329263710038,45.4291072171637,-0.00101607547340835
28.35631,45.43,-0.000123292637098871,45.4290586527012,-0.00106463993585387
28.36761,45.43172,0.00159670736289996,45.4290507643723,-0.00107252826477958
28.37896,45.42744,-0.00268329263710143,45.4290785047382,-0.00104478789888893
28.39031,45.42655,-0.00357329263709971,45.429134980043,-0.000988312594066841
28.40163,45.43272,0.00259670736290474,45.4292120401299,-0.000911252507206134
28.41297,45.4285,-0.00162329263709893,45.4293008164664,-0.000822476170698793
28.42426,45.42815,-0.00197329263709634,45.4293922471831,-0.000731045454005131
28.43561,45.42955,-0.000573292637099598,45.4294775975796,-0.000645695057525172
28.44696,45.43019,6.67073629045944e-05,45.4295489832457,-0.000574309391352624
28.45831,45.42908,-0.00104329263709957,45.4295998970718,-0.000523395565263272
28.46964,45.43025,0.000126707362902323,45.4296257004025,-0.000497592234610032
28.48096,45.43056,0.000436707362901245,45.4296240011431,-0.000499291493997501
28.49229,45.42701,-0.00311329263709581,45.4295948465727,-0.000528446064445719
28.50364,45.43207,0.00194670736290448,45.4295406956703,-0.000582596966759182
28.51496,45.42972,-0.000403292637095376,45.4294661712698,-0.00065712136732053
28.52631,45.42841,-0.00171329263709907,45.4293776123608,-0.000745680276296708
28.53765,45.42828,-0.0018432926370977,45.4292824747416,-0.000840817895508615
28.54898,45.42879,-0.00133329263709925,45.4291886739048,-0.000934618732256865
28.56033,45.43115,0.00102670736290378,45.4291039769144,-0.0010193157227098
28.57164,45.42905,-0.00107329263710199,45.4290354915543,-0.00108780108279766
28.583,45.42804,-0.00208329263709572,45.4289892292835,-0.00113406335357221
28.59432,45.42796,-0.0021632926370998,45.428969718311,-0.00115357432606011
28.60566,45.43029,0.000166707362900809,45.4289797009744,-0.00114359166269367
28.617,45.42895,-0.0011732926370982,45.4290199763722,-0.00110331626493066
28.62834,45.42802,-0.00210329263710207,45.4290894119173,-0.00103388071977418
28.63966,45.42921,-0.000913292637100938,45.4291850986321,-0.000938194005019772
28.651,45.43086,0.000736707362904099,45.4293026016127,-0.000820691024365671
28.66233,45.42978,-0.000343292637097647,45.4294362420147,-0.000687050622427098
28.67366,45.42909,-0.00103329263709639,45.4295793426842,-0.000543949952866185
28.685,45.429,-0.00112329263709654,45.4297244151187,-0.000398877518366965
28.69635,45.42979,-0.000333292637101579,45.4298633540902,-0.000259938546924505
28.70766,45.43047,0.0003467073629011,45.4299877671517,-0.000135525485391822
28.719,45.42655,-0.00357329263709971,45.4300895502799,-3.37423572430095e-05
28.73036,45.43227,0.00214670736290401,45.4301617411093,3.84484721550119e-05
28.7417,45.43007,-5.32926370979681e-05,45.430199560166,7.62675289122503e-05
28.75304,45.433,0.00287670736290124,45.4302014062609,7.81136237888828e-05
28.76438,45.43105,0.000926707362900459,45.4301694720443,4.61794072516822e-05
28.77572,45.42982,-0.000303292637099162,45.4301096889181,-1.36037190033466e-05
28.78704,45.42781,-0.00231329263709767,45.4300309192671,-9.23733700075248e-05
28.79839,45.42978,-0.000343292637097647,45.4299435803906,-0.000179712246486097
28.80974,45.43008,-4.32926371018993e-05,45.4298580473134,-0.000265245323653991
28.82108,45.43113,0.00100670736290454,45.4297831626283,-0.000340130008790991
28.83239,45.42928,-0.000843292637100035,45.4297250528789,-0.000398239758227674
28.84371,45.42804,-0.00208329263709572,45.4296863532899,-0.0004369393471924
28.85506,45.42879,-0.00133329263709925,45.4296659335206,-0.000457359116521568
28.86637,45.42983,-0.000293292637095988,45.4296592239256,-0.000464068711537948
28.8777,45.42948,-0.000643292637100501,45.4296591666542,-0.000464125982892089
28.88903,45.43048,0.000356707362904274,45.4296576562234,-0.000465636413703023
28.90037,45.43061,0.000486707362902905,45.4296471776154,-0.000476115021672642
28.9117,45.4302,7.67073629006632e-05,45.4296222796675,-0.000501012969636231
28.92303,45.43107,0.000946707362899701,45.429580563163,-0.000542729474079274
28.93434,45.42878,-0.00134329263709532,45.4295229999362,-0.000600292700849776
28.94568,45.4275,-0.0026232926370966,45.4294535911639,-0.000669701473148385
28.95702,45.43012,-3.29263709630823e-06,45.429378552564,-0.000744740073097009
28.96834,45.42793,-0.00219329263709511,45.429305299936,-0.00081799270108211
28.97968,45.43026,0.000136707362898392,45.4292414618789,-0.000881830758245791
28.991,45.4295,-0.000623292637101258,45.4291940154512,-0.00092927718592912
29.00232,45.42966,-0.00046329263710021,45.4291685184968,-0.000954774140279317
29.01366,45.43324,0.00311670736289926,45.4291683681984,-0.000954924438733136
29.02497,45.42375,-0.00637329263710029,45.4291940775519,-0.000929215085198345
29.0363,45.4284,-0.00172329263709514,45.4292427160379,-0.000880576599239635
29.04762,45.42762,-0.00250329263710114,45.4293078108342,-0.000815481802878433
29.05895,45.42949,-0.000633292637097327,45.4293799895994,-0.000743303037713732
29.07029,45.43166,0.00153670736290223,45.4294483968676,-0.000674895769503202
29.08163,45.4312,0.00107670736289833,45.4295025679879,-0.000620724649178767
29.09297,45.43071,0.000586707362899119,45.4295342233196,-0.000589069317456796
29.1043,45.42992,-0.000203292637095842,45.4295384796664,-0.000584812970691162
29.11564,45.42829,-0.00183329263710164,45.4295142294406,-0.000609063196503128
29.12695,45.42774,-0.00238329263709858,45.4294637628762,-0.000659529760900968
29.1383,45.42943,-0.000693292637095055,45.4293919407245,-0.000731351912556864
29.14963,45.4297,-0.000423292637101724,45.4293052706278,-0.000818022009292445
29.16101,45.42929,-0.000833292637096861,45.429211122181,-0.000912170456103907
29.17234,45.42799,-0.00213329263709738,45.4291171461131,-0.00100614652396828
29.18368,45.43073,0.000606707362898362,45.4290308458476,-0.00109244678948534
29.19503,45.42962,-0.000503292637098696,45.4289592049861,-0.00116408765097481
29.20634,45.42866,-0.00146329263709788,45.4289082777363,-0.00121501490077082
29.21766,45.42853,-0.00159329263709651,45.4288827002238,-0.0012405924133365
29.229,45.42824,-0.00188329263709619,45.4288851768566,-0.00123811578049002
29.24033,45.42804,-0.00208329263709572,45.4289160847392,-0.0012072078978577
29.25165,45.4297,-0.000423292637101724,45.4289733546531,-0.00114993798396008
29.263,45.42862,-0.00150329263709637,45.4290527181899,-0.00107057444717027
29.27434,45.42924,-0.000883292637098521,45.429148304362,-0.000974988275077507
29.28569,45.42984,-0.000283292637099919,45.4292534827058,-0.000869809931297378
29.29704,45.42809,-0.00203329263710117,45.4293618087157,-0.000761483921385189
29.3084,45.43102,0.000896707362898042,45.4294679200971,-0.000655372540046375
29.31973,45.43015,2.67073628990033e-05,45.4295682379266,-0.000555054710457328
29.33105,45.42773,-0.00239329263710175,45.4296613421217,-0.000461950515375753
29.34236,45.43202,0.00189670736290282,45.4297479275235,-0.000375365113581876
29.35366,45.43107,0.000946707362899701,45.4298303039577,-0.000292988679398713
29.36501,45.42896,-0.00116329263710213,45.4299114707465,-0.000211821890602883
29.37634,45.43006,-6.32926371011422e-05,45.4299938900148,-0.000129402622337869
29.38767,45.42914,-0.00098329263710184,45.4300782153986,-4.50772385140047e-05
29.39901,45.42731,-0.00281329263710006,45.430162347122,3.90544848879054e-05
29.41034,45.42881,-0.00131329263710001,45.430241189614,0.000117896976873222
29.42166,45.43099,0.00086670736290273,45.4303073334642,0.000184040827146694
29.433,45.43143,0.00130670736290028,45.4303525879738,0.000229295336655933
29.44434,45.43433,0.00420670736290418,45.4303699561249,0.00024666348779424
29.45566,45.4306,0.000476707362899731,45.4303554396539,0.000232147016797641
29.467,45.42971,-0.00041329263709855,45.430309119888,0.00018582725086862
29.47833,45.42992,-0.000203292637095842,45.430235259529,0.000111966891909594
29.48968,45.42875,-0.00137329263709773,45.4301415380695,1.82454323779418e-05
29.50103,45.42981,-0.00031329263709523,45.4300377738925,-8.55187445723703e-05
29.51236,45.42981,-0.00031329263709523,45.4299345226838,-0.000188769953329416
29.52371,45.43079,0.000666707362903196,45.4298418317961,-0.000281460841040443
29.53504,45.42838,-0.00174329263710149,45.4297682812095,-0.000355011427600534
29.54636,45.42989,-0.000233292637098259,45.4297203336696,-0.000402958967480398
29.5577,45.43045,0.000326707362901857,45.4297019648345,-0.00042132780260051
29.56904,45.43047,0.0003467073629011,45.4297145172158,-0.000408775421264999
29.58036,45.42902,-0.0011032926370973,45.4297567052291,-0.00036658740799035
29.5917,45.43009,-3.32926370987252e-05,45.4298247171582,-0.000298575478915745
29.60305,45.4296,-0.000523292637097938,45.4299124189522,-0.000210873684930433
29.61438,45.42912,-0.00100329263710108,45.4300117219188,-0.000111570718250285
29.62572,45.43044,0.000316707362898683,45.4301131883817,-1.01042554221078e-05
29.63706,45.42933,-0.000793292637098375,45.4302069098022,8.36171651014673e-05
29.64842,45.42918,-0.000943292637096249,45.4302836154295,0.000160322792353706
29.65975,45.43345,0.00332670736290197,45.4303358713567,0.000212578719593623
29.67106,45.43108,0.000956707362902876,45.4303591325581,0.00023583992099802
29.68239,45.43073,0.000606707362898362,45.4303523680171,0.000229075379956811
29.69372,45.4297,-0.000423292637101724,45.4303180583134,0.000194765676264045
29.70505,45.4291,-0.00102329263710033,45.4302615603096,0.000138267672499857
29.71638,45.43085,0.000726707362900925,45.4301900335396,6.67409024949194e-05
29.72771,45.42962,-0.000503292637098696,45.4301112127031,-1.20799339877326e-05
29.73906,45.42908,-0.00104329263709957,45.4300322782628,-9.10143743037296e-05
29.7504,45.43093,0.000806707362897896,45.4299589895709,-0.000164303066232494
29.76174,45.42879,-0.00133329263709925,45.4298951573697,-0.000228135267355009
29.7731,45.43042,0.00029670736289944,45.429842456984,-0.00028083565309803
29.78442,45.43065,0.000526707362901391,45.4298005213894,-0.00032277124768726
29.79576,45.42996,-0.000163292637097356,45.4297672163908,-0.000356076246332031
29.80711,45.42933,-0.000793292637098375,45.4297390048996,-0.000384287737531301
29.81845,45.4297,-0.000423292637101724,45.4297113591405,-0.000411933496642885
29.8298,45.42815,-0.00197329263709634,45.4296792512853,-0.000444041351803959
29.84112,45.42954,-0.000583292637095667,45.4296377900674,-0.000485502569655249
29.85247,45.43053,0.000406707362898828,45.4295830338621,-0.00054025877499236
29.86379,45.42881,-0.00131329263710001,45.429512909427,-0.000610383210127001
29.87515,45.43028,0.00015670736290474,45.4294280553894,-0.000695237247720136
29.88648,45.43113,0.00100670736290454,45.4293323504789,-0.000790942158177891
29.8978,45.4295,-0.000623292637101258,45.429232904731,-0.000890387906099232
29.90916,45.42954,-0.000583292637095667,45.4291393898821,-0.000983902755014529
29.92052,45.42728,-0.00284329263709537,45.4290627539896,-0.00106053864747268
29.93187,45.42841,-0.00171329263709907,45.4290135545089,-0.00110973812822067
29.94323,45.42876,-0.00136329263710167,45.4290002602104,-0.00112303242667089
29.95457,45.42987,-0.000253292637097502,45.4290278521949,-0.00109544044224081
29.9659,45.42989,-0.000233292637098259,45.4290969308205,-0.00102636181662554
29.97725,45.42748,-0.00264329263709584,45.4292034124215,-0.000919880215578147
29.98857,45.42699,-0.00313329263709505,45.4293388516604,-0.0007844409767388
29.99994,45.43008,-4.32926371018993e-05,45.4294914173451,-0.000631875291948295
30.0113,45.4302,7.67073629006632e-05,45.4296474753758,-0.000475817261287812
30.02262,45.43121,0.00108670736290151,45.4297935523318,-0.000329740305327858
30.03395,45.43163,0.00150670736289982,45.429918266094,-0.000205026543142883
30.04526,45.43113,0.00100670736290454,45.4300137594931,-0.000109533143995435
30.0566,45.42876,-0.00136329263710167,45.4300763129596,-4.69796774859359e-05
30.06795,45.43062,0.000496707362898974,45.4301060786122,-1.72140249437061e-05
30.07928,45.42928,-0.000843292637100035,45.4301061477054,-1.71449317390576e-05
30.09062,45.42844,-0.00168329263709666,45.4300813289288,-4.19637082786297e-05
30.10194,45.4279,-0.00222329263709753,45.4300370375805,-8.62550566202406e-05
30.11328,45.43199,0.0018667073629004,45.4299785874979,-0.00014470513916909
30.1246,45.43074,0.000616707362901536,45.4299109693121,-0.000212323324991
30.13593,45.43084,0.000716707362904856,45.4298389663724,-0.000284326264657877
30.14724,45.42911,-0.00101329263709715,45.4297673296788,-0.000355962958336678
30.15858,45.43018,5.67073629014203e-05,45.429700775617,-0.000422517020070531
30.1699,45.4291,-0.00102329263710033,45.429643721327,-0.000479571310062371
30.18123,45.42992,-0.000203292637095842,45.4295998113296,-0.000523481307489133
30.19256,45.42961,-0.00051329263710187,45.4295713563531,-0.000551936283975877
30.20388,45.42976,-0.00036329263709689,45.4295588189263,-0.000564473710811011
30.21519,45.42838,-0.00174329263710149,45.4295604788244,-0.000562813812720611
30.22653,45.42751,-0.00261329263710053,45.4295724086248,-0.000550884012312049
30.23786,45.43048,0.000356707362904274,45.4295888580589,-0.000534434578196844
30.24918,45.43096,0.000836707362900313,45.4296030428075,-0.000520249829607298
30.26052,45.43035,0.000226707362898537,45.4296081720624,-0.000515120574675768
30.27184,45.43016,3.67073629021775e-05,45.4295984288327,-0.000524863804417097
30.28317,45.42998,-0.000143292637098114,45.4295696357594,-0.000553656877681463
30.29448,45.42927,-0.000853292637096104,45.4295194906529,-0.000603801984234377
30.30581,45.42753,-0.00259329263710129,45.4294474468782,-0.000675845758872819
30.31714,45.42781,-0.00231329263709767,45.4293544485349,-0.00076884410224259
30.32848,45.43111,0.000986707362898187,45.4292427463103,-0.000880546326823109
30.33982,45.42989,-0.000233292637098259,45.4291159033157,-0.00100738932141554
30.35115,45.42799,-0.00213329263709738,45.4289789243571,-0.00114436827996702
30.36246,45.42966,-0.00046329263710021,45.4288383330824,-0.00128495955474173
30.37378,45.43001,-0.000113292637095697,45.4287020351255,-0.00142125751164008
30.38512,45.42765,-0.00247329263709872,45.4285788898415,-0.00154440279563335
30.39646,45.42725,-0.00287329263709779,45.4284780075893,-0.00164528504784534
30.40778,45.42928,-0.000843292637100035,45.4284078722479,-0.00171542038915362
30.41911,45.42903,-0.00109329263710123,45.4283754315773,-0.00174786105983643
30.43041,45.4273,-0.00282329263709613,45.4283852803841,-0.0017380122529746
30.44174,45.42936,-0.000763292637095958,45.4284390216068,-0.00168427103029179
30.45307,45.42797,-0.00215329263709663,45.4285348801575,-0.00158841247957818
30.4644,45.42675,-0.00337329263710018,45.4286676583108,-0.00145563432634342
30.47575,45.4285,-0.00162329263709893,45.4288291153324,-0.00129417730465625
30.48711,45.43091,0.000786707362898653,45.4290087901678,-0.00111450246931094
30.49842,45.42958,-0.000543292637097181,45.4291951618937,-0.00092813074335044
30.50976,45.42942,-0.00070329263709823,45.4293769218957,-0.000746370741353805
30.5211,45.42863,-0.0014932926371003,45.4295441062087,-0.000579186428440908
30.53242,45.43095,0.000826707362904244,45.4296889176291,-0.00043437500802739
30.54371,45.43065,0.000526707362901391,45.4298061724463,-0.000317120190834708
30.55499,45.42812,-0.00200329263709875,45.4298933749632,-0.000229917673948877
30.56633,45.4304,0.000276707362900197,45.429950471844,-0.000172820793062356
30.57761,45.42994,-0.000183292637096599,45.4299793870135,-0.00014390562364852
30.58894,45.42876,-0.00136329263710167,45.4299834559802,-0.000139836656943333
30.60026,45.4328,0.00267670736290171,45.4299668436943,-0.000156448942797658
30.61159,45.42842,-0.0017032926370959,45.4299339748676,-0.00018931776946065
30.62292,45.43056,0.000436707362901245,45.4298889839315,-0.000234308705579273
30.63424,45.4294,-0.000723292637097472,45.4298352275262,-0.000288065110923575
30.64557,45.42858,-0.00154329263710196,45.4297749680089,-0.000348324628207319
30.6569,45.4286,-0.00152329263709561,45.4297093729362,-0.000413919700901866
30.66823,45.4284,-0.00172329263709514,45.4296389357439,-0.000484356893205284
30.67958,45.43058,0.000456707362900488,45.4295642905625,-0.000559002074632076
30.69094,45.43321,0.00308670736290395,45.4294871930406,-0.000636099596530022
30.70226,45.43085,0.000726707362900925,45.4294112608346,-0.000712031802497305
30.71358,45.43084,0.000716707362904856,45.4293420553744,-0.000781237262647076
30.72492,45.42549,-0.00463329263709511,45.4292863249859,-0.000836967651216162
30.73626,45.42702,-0.00310329263709974,45.429250626837,-0.000872665800108308
30.74757,45.42871,-0.00141329263709622,45.4292398583949,-0.000883434242230963
30.75888,45.43062,0.000496707362898974,45.4292562494878,-0.000867043149264974
30.77021,45.429,-0.00112329263709654,45.4292991031559,-0.000824189481233461
30.78152,45.42893,-0.00119329263709744,45.4293652382733,-0.000758054363747098
30.79286,45.43134,0.00121670736290014,45.4294498803849,-0.000673412252207628
30.80422,45.42827,-0.00185329263710088,45.429547702667,-0.000575589970128949
30.81556,45.43038,0.000256707362900954,45.4296537605819,-0.00046953205515632
30.8269,45.43003,-9.32926370964537e-05,45.4297641302499,-0.000359162387172524
30.83823,45.43232,0.00219670736289856,45.4298761299259,-0.000247162711206127
30.84956,45.42913,-0.000993292637097909,45.4299880806775,-0.000135211959629281
30.86089,45.42759,-0.00253329263709645,45.4300986745435,-2.46180936321182e-05
30.87221,45.43051,0.000386707362899585,45.4302061622901,8.28696529846756e-05
30.88352,45.42985,-0.000273292637096745,45.430307662348,0.000184369710895576
30.89487,45.43039,0.000266707362904128,45.4303988411388,0.000275548501750366
30.90619,45.43166,0.00153670736290223,45.4304740538402,0.000350761203084357
30.91752,45.42945,-0.000673292637095813,45.4305268802397,0.000403587602613122
30.92883,45.43027,0.000146707362901566,45.4305509181462,0.000427625509143412
30.94014,45.43196,0.00183670736289798,45.4305406932786,0.000417400641476283
30.95146,45.43019,6.67073629045944e-05,45.4304925582624,0.000369265625301943
30.96281,45.42928,-0.000843292637100035,45.4304054620111,0.000282169373956523
30.97414,45.43137,0.00124670736290255,45.4302814880837,0.00015819544662422
30.98547,45.42927,-0.000853292637096104,45.4301260850982,2.7924611423513e-06
30.99681,45.43178,0.0016567073629048,45.4299479182406,-0.000175374396513475
31.00814,45.4324,0.00227670736290264,45.4297582654069,-0.000365027230193211
31.0195,45.42754,-0.00258329263709811,45.4295699234123,-0.000553369224846229
31.0308,45.42726,-0.00286329263710172,45.4293957285525,-0.000727564084628674
31.04214,45.42763,-0.00249329263709797,45.4292469863462,-0.000876306290909218
31.05347,45.43021,8.67073629038373e-05,45.429132199304,-0.000991093333054793
31.06479,45.43015,2.67073628990033e-05,45.4290563678445,-0.00106692479263197
31.07611,45.4296,-0.000523292637097938,45.4290208913162,-0.00110240132086335
31.08744,45.42703,-0.00309329263709657,45.4290239064562,-0.00109938618088007
31.09876,45.43031,0.000186707362900052,45.4290608723959,-0.00106242024124749
31.11007,45.42924,-0.000883292637098521,45.4291252762355,-0.000998016401648662
31.12138,45.42928,-0.000843292637100035,45.4292093783472,-0.000913914289947023
31.13271,45.42999,-0.000133292637102045,45.4293049219339,-0.000818370703201531
31.14404,45.42915,-0.000973292637098666,45.4294037483038,-0.000719544333250539
31.15534,45.42799,-0.00213329263709738,45.4294983113483,-0.000624981288796665
31.16668,45.42954,-0.000583292637095667,45.429582139638,-0.000541152999100675
31.17801,45.4298,-0.000323292637098405,45.4296503016666,-0.000472990970511594
31.18933,45.4315,0.00137670736290119,45.4296998663185,-0.000423426318604193
31.20066,45.4284,-0.00172329263709514,45.4297302574607,-0.000393035176406605
31.21201,45.43147,0.00134670736289877,45.4297433587127,-0.000379933924445142
31.22331,45.42955,-0.000573292637099598,45.4297432701696,-0.000380022467462506
31.23464,45.42882,-0.00130329263709683,45.4297357199823,-0.000387572654840298
31.24597,45.42806,-0.00206329263709648,45.4297272348681,-0.000396057769035133
31.25728,45.43115,0.00102670736290378,45.4297242279351,-0.000399064701958581
31.26864,45.4307,0.000576707362903051,45.4297321346674,-0.000391157969667798
31.27995,45.43064,0.000516707362898217,45.4297546399956,-0.000368652641529137
31.2913,45.4291,-0.00102329263710033,45.4297929872339,-0.000330305403177379
31.30262,45.42928,-0.000843292637100035,45.4298454186878,-0.000277873949270739
31.31396,45.4265,-0.00362329263710137,45.4299069244582,-0.000216368178866002
31.32529,45.43093,0.000806707362897896,45.4299695427192,-0.000153749917896208
31.33661,45.43031,0.000186707362900052,45.4300233657857,-9.99268513956156e-05
31.3479,45.42981,-0.00031329263709523,45.430058180238,-6.5112399142348e-05
31.35923,45.43127,0.00114670736289924,45.4300654277646,-5.78648725474953e-05
31.37054,45.43163,0.00150670736289982,45.4300400378104,-8.32548267458495e-05
31.38188,45.43045,0.000326707362901857,45.4299816899728,-0.000141602664280801
31.39324,45.43124,0.00111670736290392,45.4298951899135,-0.000228102723606133
31.40456,45.42883,-0.00129329263710076,45.4297898558859,-0.000333436751195173
31.41588,45.42755,-0.00257329263710204,45.4296780640758,-0.000445228561270149
31.42718,45.43053,0.000406707362898828,45.4295733050142,-0.000549987622871189
31.43852,45.429,-0.00112329263709654,45.4294881779477,-0.000635114689354092
31.44986,45.42855,-0.00157329263709727,45.4294326820912,-0.000690610545875038
31.46119,45.42974,-0.000383292637096133,45.4294130250018,-0.000710267635299057
31.47253,45.4306,0.000476707362899731,45.4294310410628,-0.000692251574316815
31.48386,45.42664,-0.00348329263709957,45.4294842250849,-0.00063906755221776
31.49522,45.43046,0.000336707362897926,45.4295663299888,-0.000556962648309122
31.50652,45.42863,-0.0014932926371003,45.429668430684,-0.00045486195306024
31.51787,45.4326,0.00247670736290218,45.4297802825433,-0.000343010093788625
31.5292,45.43014,1.67073629029346e-05,45.4298917061589,-0.000231586478238001
31.54051,45.4305,0.000376707362903517,45.4299936873697,-0.000129605267378183
31.55185,45.431,0.000876707362898799,45.4300789661744,-4.43264626884593e-05
31.56317,45.4277,-0.00242329263709706,45.4301420806568,1.87880197237541e-05
31.57448,45.42995,-0.000173292637100531,45.4301790346665,5.57420294318282e-05
31.58583,45.42973,-0.000393292637099307,45.4301868695477,6.35769105855353e-05
31.59715,45.4309,0.000776707362902584,45.4301633930439,4.01004067968265e-05
31.60844,45.43124,0.00111670736290392,45.4301071881242,-1.61045129371016e-05
31.61978,45.42731,-0.00281329263710006,45.4300178915405,-0.000105401096555663
31.63108,45.42894,-0.00118329263710137,45.4298966716983,-0.000226620938789624
31.64239,45.4318,0.00167670736290404,45.4297468167519,-0.00037647588518524
31.6537,45.4315,0.00137670736290119,45.4295742818175,-0.000549010819616392
31.66502,45.42885,-0.00127329263710152,45.4293879449181,-0.000735347718951652
31.67632,45.43098,0.000856707362899556,45.4291993047544,-0.000923987882660406
31.68765,45.42928,-0.000843292637100035,45.4290214973976,-0.00110179523950509
31.69899,45.42612,-0.0040032926371012,45.4288677517537,-0.00125554088340655
31.7103,45.42818,-0.00194329263710102,45.4287496246998,-0.00137366793728957
31.72162,45.42763,-0.00249329263709797,45.4286754618305,-0.00144783080661867
31.73295,45.42905,-0.00107329263710199,45.4286494666575,-0.001473825979564
31.7443,45.42875,-0.00137329263709773,45.428671554785,-0.00145173785213642
31.75566,45.42802,-0.00210329263710207,45.4287379282471,-0.00138536438997301
31.76698,45.42966,-0.00046329263710021,45.4288421315395,-0.00128116109763927
31.77831,45.43114,0.0010167073629006,45.42897626848,-0.00114702415711299
31.78962,45.42949,-0.000633292637097327,45.4291320499526,-0.000991242684519516
31.80095,45.42907,-0.00105329263709564,45.4293014142923,-0.000821878344748785
31.81226,45.43054,0.000416707362902002,45.4294766284308,-0.000646664206272802
31.8236,45.42777,-0.00235329263709616,45.4296499953153,-0.000473297321839477
31.83491,45.42741,-0.00271329263709674,45.4298134715576,-0.000309821079537955
31.84626,45.42886,-0.00126329263709835,45.429958561555,-0.000164731082083855
31.8576,45.43128,0.00115670736290241,45.4300767551115,-4.65375256296155e-05
31.86894,45.4312,0.00107670736289833,45.4301605255221,3.72328850305606e-05
31.88026,45.43185,0.00172670736289859,45.4302046167552,8.13241180798136e-05
31.89161,45.43011,-1.32926370994824e-05,45.4302071880339,8.38953968499384e-05
31.90294,45.43051,0.000386707362899585,45.4301704337408,4.71411036700624e-05
31.91426,45.43023,0.00010670736290308,45.4301004944136,-2.27982234786006e-05
31.92556,45.42739,-0.00273329263709599,45.4300066919929,-0.000116600644201477
31.93691,45.43281,0.00268670736290488,45.4299002622949,-0.000223030342195466
31.94822,45.43174,0.00161670736289921,45.4297927939911,-0.000330498646027605
31.95954,45.42761,-0.00251329263709721,45.4296945702143,-0.000428722422754198
31.97087,45.42685,-0.00327329263709686,45.4296130445153,-0.000510248121758935
31.98221,45.42831,-0.00181329263709529,45.429551782309,-0.000571510328068534
31.99354,45.42921,-0.000913292637100938,45.4295102241818,-0.000613068455254147
32.00488,45.4294,-0.000723292637097472,45.4294844431121,-0.00063884952498675
32.0162,45.43296,0.00283670736290276,45.4294687278355,-0.000654564801590223
32.02751,45.42956,-0.000563292637096424,45.4294575257688,-0.000665766868321697
32.03884,45.42902,-0.0011032926370973,45.4294471811209,-0.000676111516160317
32.05017,45.4292,-0.000923292637097006,45.4294370277008,-0.000686264936245852
32.06151,45.43213,0.0020067073629022,45.429429629499,-0.00069366313806609
32.07285,45.42915,-0.000973292637098666,45.4294301675294,-0.00069312510773202
32.08419,45.42837,-0.00175329263709756,45.4294451156707,-0.000678176966370231
32.09552,45.42824,-0.00188329263709619,45.4294804838449,-0.000642808792188514
32.10686,45.42915,-0.000973292637098666,45.4295400295987,-0.000583263038350378
32.11816,45.42922,-0.000903292637097763,45.4296238645747,-0.000499428062429987
32.12951,45.42921,-0.000913292637100938,45.4297277707988,-0.000395521838282081
32.14082,45.43034,0.000216707362902469,45.4298433550756,-0.000279937561448699
32.15215,45.42918,-0.000943292637096249,45.4299589940756,-0.000164298561459118
32.16345,45.43098,0.000856707362899556,45.4300613976334,-6.18950037199856e-05
32.17476,45.42876,-0.00136329263710167,45.430137542369,1.42497319044699e-05
32.1861,45.43208,0.00195670736290054,45.4301766872881,5.33946510301071e-05
32.19741,45.43031,0.000186707362900052,45.4301721648231,4.88721859718643e-05
32.20869,45.43219,0.00206670736289993,45.4301226510342,-6.41602936780312e-07
32.22002,45.42788,-0.00224329263709677,45.4300326860724,-9.06065647082052e-05
32.23135,45.43058,0.000456707362900488,45.4299123531245,-0.000210939512603963
32.24266,45.43005,-7.32926370972109e-05,45.4297761833378,-0.000347109299293415
32.25397,45.42933,-0.000793292637098375,45.4296414590375,-0.000481833599588337
32.26529,45.43039,0.000266707362904128,45.4295261162815,-0.000597176355625148
32.27665,45.43017,4.67073628982462e-05,45.4294464492488,-0.000676843388312898
32.28798,45.42923,-0.000893292637101695,45.4294148466915,-0.000708445945573102
32.29934,45.42685,-0.00327329263709686,45.4294378582298,-0.000685434407257101
32.31067,45.42749,-0.00263329263709977,45.4295149611458,-0.000608331491254823
32.32196,45.42882,-0.00130329263709683,45.4296383910266,-0.000484901610462651
32.33327,45.43059,0.000466707362903662,45.4297942266588,-0.00032906597824837
32.34457,45.43015,2.67073628990033e-05,45.4299645969528,-0.000158695684279419
32.35589,45.43293,0.00280670736290034,45.430130544034,7.2513968934215e-06
32.36723,45.43098,0.000856707362899556,45.4302748891983,0.000151596561173606
32.37856,45.43242,0.00229670736290188,45.4303844799134,0.00026118727630572
32.38987,45.42776,-0.00236329263709933,45.4304514217341,0.000328129097007092
32.40121,45.43164,0.00151670736290299,45.4304732235588,0.000349930921686635
32.41253,45.42976,-0.00036329263709689,45.4304520741129,0.000328781475820495
32.42386,45.42867,-0.00145329263710181,45.4303936180341,0.000270325396998323
32.43518,45.43036,0.000236707362901711,45.4303056000878,0.000182307450751027
32.4465,45.43077,0.000646707362903953,45.4301966478335,7.33551963911672e-05
32.45783,45.43039,0.000266707362904128,45.4300753188728,-4.7973764336514e-05
32.46915,45.43018,5.67073629014203e-05,45.4299494025035,-0.000173890133579965
32.48049,45.43032,0.000196707362903226,45.4298253974474,-0.00029789518969041
32.49181,45.43001,-0.000113292637095697,45.4297081080186,-0.000415184618522209
32.50315,45.42725,-0.00287329263709779,45.4296003756237,-0.000522917013345668
32.51447,45.42863,-0.0014932926371003,45.4295030337193,-0.000620258917824081
32.52579,45.43075,0.00062670736290471,45.4294151814012,-0.000708111235862748
32.53713,45.43058,0.000456707362900488,45.4293347768194,-0.00078851581774062
32.54844,45.42944,-0.000683292637098987,45.4292594058731,-0.000863886764009047
32.55977,45.42778,-0.00234329263710009,45.4291870044572,-0.000936288179876363
32.5711,45.43108,0.000956707362902876,45.4291163641867,-0.00100692845041702
32.58243,45.42912,-0.00100329263710108,45.4290473671083,-0.00107592552882191
32.59373,45.42535,-0.00477329263709692,45.4289809864704,-0.00114230616669746
32.60506,45.4321,0.00197670736289979,45.4289191371134,-0.00120415552367407
32.61637,45.42749,-0.00263329263709977,45.4288644606739,-0.00125883196321264
32.62766,45.43029,0.000166707362900809,45.4288200809833,-0.00130321165376484
32.63897,45.42912,-0.00100329263710108,45.4287893053603,-0.00133398727675413
32.65031,45.42603,-0.00409329263710134,45.4287752472194,-0.00134804541767734
32.66165,45.43087,0.000746707362900167,45.4287804051399,-0.00134288749716137
32.67299,45.42777,-0.00235329263709616,45.4288062810392,-0.00131701159792113
32.68435,45.42979,-0.000333292637101579,45.4288531049889,-0.00127018764823446
32.69567,45.42949,-0.000633292637097327,45.4289196857354,-0.00120360690169564
32.70699,45.42733,-0.00279329263710082,45.4290033876532,-0.00111990498385959
32.71832,45.4284,-0.00172329263709514,45.4291002634338,-0.00102302920329405
32.72966,45.42874,-0.00138329263710091,45.4292053975033,-0.000917895133811386
32.74101,45.43104,0.00091670736290439,45.4293134735528,-0.000809819084307664
32.75231,45.42962,-0.000503292637098696,45.4294194662526,-0.000703826384521208
32.76363,45.43082,0.000696707362898508,45.4295192529897,-0.000604039647410862
32.77496,45.42929,-0.000833292637096861,45.4296099406337,-0.000513352003416576
32.7863,45.42864,-0.00148329263709712,45.4296898189474,-0.000433473689673237
32.79763,45.43066,0.000536707362904565,45.4297580131351,-0.000365279502022847
32.80896,45.42795,-0.00217329263709587,45.4298140222535,-0.000309270383647667
32.8203,45.42905,-0.00107329263710199,45.4298573522988,-0.000265940338262396
32.83163,45.43088,0.000756707362903342,45.4298873883451,-0.000235904292022819
32.84297,45.43131,0.00118670736290483,45.4299035277604,-0.000219764876722171
32.8543,45.42845,-0.00167329263710059,45.4299054669493,-0.000217825687849029
32.86562,45.43137,0.00124670736290255,45.4298934687941,-0.000229823843045934
32.87695,45.43035,0.000226707362898537,45.4298684692548,-0.000254823382326872
32.8883,45.4292,-0.000923292637097006,45.4298319697805,-0.000291322856578734
32.89962,45.42951,-0.000613292637098084,45.4297857577308,-0.000337534906256316
32.91097,45.42861,-0.00151329263709954,45.4297315784366,-0.000391714200458432
32.9223,45.42921,-0.000913292637100938,45.4296709212572,-0.00045237137993452
32.93365,45.42995,-0.000173292637100531,45.429605042149,-0.00051825048809524
32.94498,45.43021,8.67073629038373e-05,45.4295352322435,-0.000588060393604844
32.95632,45.43162,0.00149670736290375,45.4294632159962,-0.000660076640865644
32.96766,45.42654,-0.00358329263709578,45.4293915024694,-0.000731790167705219
32.979,45.43024,0.000116707362899149,45.4293235575523,-0.000799735084797274
32.99035,45.43013,6.70736289976048e-06,45.4292637674243,-0.000859525212783391
33.00166,45.42673,-0.00339329263709942,45.4292172337324,-0.000906058904670315
33.013,45.43061,0.000486707362902905,45.4291894403697,-0.000933852267416634
33.02435,45.43106,0.000936707362903633,45.4291857908706,-0.000937501766545567
33.03567,45.42919,-0.00093329263710018,45.4292109776404,-0.000912314996675416
33.047,45.42818,-0.00194329263710102,45.4292681553932,-0.000855137243903898
33.05835,45.43014,1.67073629029346e-05,45.4293579846847,-0.000765307952420576
33.06966,45.42712,-0.00300329263709642,45.4294777442527,-0.000645548384382391
33.08101,45.42953,-0.000593292637098841,45.4296207834627,-0.000502509174398997
33.09232,45.43118,0.00105670736289909,45.4297765450216,-0.000346747615502002
33.10365,45.4278,-0.00232329263710085,45.4299312611708,-0.000192031466297211
33.11496,45.42997,-0.000153292637101288,45.4300692808765,-5.40117606463081e-05
33.12631,45.43005,-7.32926370972109e-05,45.4301748680389,5.15754018205355e-05
33.13762,45.43269,0.00256670736290232,45.4302342139083,0.000110921271172889
33.14896,45.43171,0.00158670736290389,45.4302373201514,0.00011402751427317
33.16027,45.42953,-0.000593292637098841,45.4301793901827,5.60975456229265e-05
33.1716,45.42896,-0.00116329263710213,45.4300614865028,-6.18061342525786e-05
33.18293,45.42969,-0.000433292637097793,45.4298904328889,-0.000232859748222212
33.19428,45.4304,0.000276707362900197,45.4296781223046,-0.000445170332487883
33.20562,45.42876,-0.00136329263710167,45.4294404379447,-0.000682854692410519
33.21692,45.42902,-0.0011032926370973,45.4291959407529,-0.000927351884159447
33.22826,45.4298,-0.000323292637098405,45.4289644122547,-0.00115888038238484
33.23961,45.42899,-0.00113329263709971,45.4287653071568,-0.0013579854802774
33.25095,45.42742,-0.00270329263710067,45.4286161612553,-0.0015071313818069
33.26227,45.43082,0.000696707362898508,45.4285310143181,-0.00159227831895941
33.27362,45.42712,-0.00300329263709642,45.4285189417616,-0.00160435087549705
33.28493,45.4284,-0.00172329263709514,45.4285828312446,-0.00154046139250137
33.29626,45.42891,-0.00121329263709669,45.4287185818409,-0.00140471079623471
33.30758,45.42677,-0.00335329263710094,45.4289149275248,-0.00120836511229674
33.3189,45.42904,-0.00108329263709805,45.4291540617714,-0.000969230865653062
33.33023,45.43005,-7.32926370972109e-05,45.4294131458206,-0.000710146816500363
33.34155,45.42746,-0.00266329263709508,45.4296666304854,-0.000456662151649389
33.35287,45.43088,0.000756707362903342,45.4298891475118,-0.000234145125296614
33.3642,45.43274,0.00261670736290398,45.4300585718514,-6.47207856745951e-05
33.37553,45.43076,0.000636707362900779,45.4301587528826,3.54602455234403e-05
33.38687,45.43058,0.000456707362900488,45.43018140912,5.81164829385045e-05
33.39823,45.43174,0.00161670736289921,45.4301268260029,3.53336578406034e-06
33.40956,45.42923,-0.000893292637101695,45.4300032630225,-0.000120029614607253
33.42089,45.42791,-0.00221329263710146,45.4298252639629,-0.000298028674189981
33.43221,45.43114,0.0010167073629006,45.4296112802018,-0.000512012435334424
33.44351,45.42665,-0.00347329263709639,45.4293811124557,-0.000742180181384212
33.45484,45.42889,-0.00123329263709593,45.429153641614,-0.000969651023077408
33.46616,45.42791,-0.00221329263710146,45.4289451851496,-0.00117810748752561
33.47746,45.43047,0.0003467073629011,45.428768623278,-0.00135466935908639
33.4888,45.42851,-0.00161329263709575,45.4286332264052,-0.00149006623188368
33.50015,45.42978,-0.000343292637097647,45.4285449457965,-0.00157834684058982
33.51148,45.42808,-0.00204329263709724,45.4285068723033,-0.00161642033375722
33.52281,45.42834,-0.00178329263709998,45.4285196310059,-0.00160366163116928
33.53413,45.42978,-0.000343292637097647,45.4285815999531,-0.00154169268403656
33.54548,45.42822,-0.00190329263709543,45.4286889494841,-0.00143434315303723
33.5568,45.42776,-0.00236329263709933,45.4288355721238,-0.00128772051333566
33.56815,45.42969,-0.000433292637097793,45.4290130222128,-0.00111027042431025
33.57949,45.42845,-0.00167329263710059,45.4292106062555,-0.000912686381596819
33.59085,45.42928,-0.000843292637100035,45.4294157425875,-0.00070755004963483
33.60217,45.43002,-0.000103292637099628,45.4296146498682,-0.000508642768897178
33.61349,45.42831,-0.00181329263709529,45.4297933568366,-0.000329935800510591
33.62483,45.42984,-0.000283292637099919,45.4299389641587,-0.000184328478395287
33.63617,45.43012,-3.29263709630823e-06,45.4300410215166,-8.227112048096e-05
33.64748,45.43399,0.00386670736290284,45.4300927981645,-3.04944726080614e-05
33.65883,45.42926,-0.000863292637099278,45.4300921557787,-3.1136858426355e-05
33.67015,45.43074,0.000616707362901536,45.4300417621188,-8.15305183128704e-05
33.68147,45.42815,-0.00197329263709634,45.4299485596715,-0.000174732965609423
33.69281,45.42915,-0.000973292637098666,45.429822645505,-0.000300647132086648
33.70414,45.42987,-0.000253292637097502,45.4296758757997,-0.000447416837354057
33.71547,45.42903,-0.00109329263710123,45.4295205013308,-0.000602791306282422
33.72678,45.43143,0.00130670736290028,45.4293680164166,-0.000755276220539367
33.73811,45.42692,-0.00320329263709596,45.4292282726843,-0.000895019952776275
33.74943,45.43051,0.000386707362899585,45.4291088471079,-0.00101444552921818
33.76077,45.42815,-0.00197329263709634,45.4290146594643,-0.00110863317282124
33.77212,45.42951,-0.000613292637098084,45.4289478548947,-0.00117543774235674
33.78346,45.42744,-0.00268329263710143,45.428907965415,-0.00121532722207092
33.79479,45.42968,-0.000443292637100967,45.4288923414115,-0.00123095122556404
33.80614,45.42927,-0.000853292637096104,45.428896807299,-0.00122648533811351
33.81746,45.42737,-0.00275329263709523,45.428916446251,-0.00120684638614527
33.8288,45.43214,0.00201670736289827,45.428946373758,-0.00117691887912802
33.84015,45.42949,-0.000633292637097327,45.4289823453124,-0.00114094732467862
33.85147,45.42631,-0.00381329263709773,45.4290210839922,-0.00110220864489467
33.86279,45.42979,-0.000333292637101579,45.4290603184997,-0.00106297413739088
33.87412,45.4277,-0.00242329263709706,45.4290986418721,-0.00102465076499153
33.88547,45.43101,0.000886707362901973,45.4291353384998,-0.000987954137253047
33.89682,45.42926,-0.000863292637099278,45.4291702535178,-0.000953039119340792
33.90815,45.42902,-0.0011032926370973,45.4292036823894,-0.000919610247665759
33.91948,45.42772,-0.00240329263709782,45.4292362352842,-0.000887057352896375
33.93081,45.43065,0.000526707362901391,45.4292686760903,-0.000854616546800937
33.94216,45.42984,-0.000283292637099919,45.4293017732498,-0.00082151938727865
33.9535,45.42775,-0.0023732926370954,45.429336189395,-0.000787103242065242
33.96485,45.43036,0.000236707362901711,45.4293724152992,-0.00075087733787141
33.97617,45.42892,-0.00120329263710062,45.4294107562529,-0.00071253638415867
33.9875,45.42812,-0.00200329263709875,45.4294513841971,-0.000671908440049232
33.99883,45.43073,0.000606707362898362,45.4294944444179,-0.000628848219242334
34.01016,45.43162,0.00149670736290375,45.4295401531311,-0.000583139505966988
34.02149,45.42911,-0.00101329263709715,45.4295887767204,-0.000534515916693531
34.03282,45.42854,-0.00158329263710044,45.4296404023729,-0.000482890264225913
34.04417,45.43011,-1.32926370994824e-05,45.4296945185463,-0.000428774090841278
34.05549,45.42759,-0.00253329263709645,45.4297495531258,-0.000373739511299858
34.0668,45.43273,0.00260670736290081,45.4298025632363,-0.000320729400850405
34.07812,45.42744,-0.00268329263710143,45.4298492123291,-0.000274080308014193
34.08944,45.42931,-0.000813292637097618,45.4298840749519,-0.000239217685192972
34.10078,45.43149,0.00136670736289801,45.4299012361969,-0.00022205644018176
34.11209,45.42999,-0.000133292637102045,45.4298950960076,-0.000228196629530671
34.12344,45.43036,0.000236707362901711,45.4298612344339,-0.000262058203183574
34.13478,45.42893,-0.00119329263709744,45.4297971772233,-0.000326115413768147
34.1461,45.42814,-0.00198329263709951,45.429702948964,-0.00042034367309764
34.1574,45.43302,0.00289670736290049,45.4295813643158,-0.000541928321324227
34.16871,45.42913,-0.000993292637097909,45.429438021658,-0.000685270979148475
34.18005,45.42908,-0.00104329263709957,45.4292809504575,-0.000842342179558994
34.19139,45.42767,-0.00245329263709948,45.4291199066482,-0.0010033859888832
34.20272,45.42895,-0.0011732926370982,45.4289654182443,-0.00115787439279006
34.21404,45.42879,-0.00133329263709925,45.4288277587973,-0.00129553383983732
34.22535,45.43056,0.000436707362901245,45.4287159950818,-0.00140729755530797
34.23668,45.42785,-0.00227329263709919,45.4286371640254,-0.00148612861166441
34.24804,45.42864,-0.00148329263709712,45.4285955860485,-0.00152770658864813
34.25936,45.42758,-0.00254329263709963,45.4285923598397,-0.00153093279739461
34.2707,45.42816,-0.00196329263710027,45.4286251529973,-0.00149813963979114
34.28204,45.42757,-0.00255329263709569,45.4286884192185,-0.00143487341863157
34.29334,45.42999,-0.000133292637102045,45.428774099185,-0.00134919345208193
34.30469,45.429,-0.00112329263709654,45.4288727272661,-0.00125056537102906
34.31602,45.42993,-0.000193292637099773,45.4289747356696,-0.00114855696745216
34.32731,45.42873,-0.00139329263709698,45.4290716883221,-0.00105160431502111
34.33862,45.42979,-0.000333292637101579,45.429157213111,-0.000966079526118241
34.34995,45.42942,-0.00070329263709823,45.4292274999,-0.000895792737125406
34.36127,45.42885,-0.00127329263710152,45.4292813394686,-0.000841953168477418
34.37259,45.4292,-0.000923292637097006,45.4293197651089,-0.000803527528221387
34.38392,45.42877,-0.00135329263709849,45.4293454148388,-0.000777877798330835
34.39528,45.43076,0.000636707362900779,45.4293617501658,-0.000761542471317343
34.4066,45.4291,-0.00102329263710033,45.4293722504796,-0.000751042157513248
34.41793,45.42908,-0.00104329263709957,45.4293796824525,-0.000743610184580838
34.42928,45.42804,-0.00208329263709572,45.4293855548346,-0.000737737802526949
34.44062,45.42896,-0.00116329263710213,45.4293898955615,-0.000733397075550052
34.45193,45.42953,-0.000593292637098841,45.4293914705449,-0.000731822092200362
34.46327,45.42971,-0.00041329263709855,45.4293884673457,-0.000734825291440164
34.47459,45.42818,-0.00194329263710102,45.4293795279736,-0.000743764663493175
34.48592,45.43065,0.000526707362901391,45.4293648987109,-0.00075839392620586
34.49724,45.4302,7.67073629006632e-05,45.4293474000177,-0.000775892619357343
34.50856,45.43098,0.000856707362899556,45.4293329025272,-0.000790390109893931
34.51987,45.42953,-0.000593292637098841,45.4293300415436,-0.000793251093517591
34.5312,45.43199,0.0018667073629004,45.4293490455448,-0.000774247092335128
34.54251,45.4268,-0.00332329263709852,45.4293997921386,-0.000723500498516789
34.55383,45.42727,-0.00285329263709855,45.4294894809445,-0.000633811692632647
34.56516,45.42835,-0.0017732926370968,45.4296205268504,-0.000502765786665817
34.57652,45.42717,-0.00295329263710187,45.429789309721,-0.000333982916110817
34.58786,45.43108,0.000956707362902876,45.4299862038269,-0.000137088810158434
34.59922,45.4308,0.000676707362899265,45.4301969169703,7.36243332271889e-05
34.61058,45.43315,0.00302670736289912,45.4304047603263,0.000281467689196978
34.6219,45.43148,0.00135670736290194,45.4305932137945,0.000469921157419785
34.63323,45.43143,0.00130670736290028,45.4307481432907,0.000624850653616832
34.64456,45.43033,0.000206707362899294,45.4308592469316,0.000735954294471866
34.65589,45.43008,-4.32926371018993e-05,45.4309206336514,0.000797341014340814
34.66721,45.42897,-0.00115329263709896,45.4309307155946,0.000807422957487189
34.67854,45.43072,0.000596707362902293,45.4308917174226,0.000768424785454851
34.68987,45.43293,0.00280670736290034,45.4308090479284,0.000685755291259048
34.70123,45.43305,0.0029267073629029,45.4306906096757,0.000567317038575628
34.71252,45.42868,-0.00144329263709864,45.4305459842778,0.000422691640697262
34.72386,45.42902,-0.0011032926370973,45.4303854524458,0.000262159808723762
34.73519,45.42908,-0.00104329263709957,45.4302189662998,9.5673662721676e-05
34.74652,45.43061,0.000486707362902905,45.430055313418,-6.79792191021059e-05
34.75787,45.43097,0.000846707362903487,45.429901662466,-0.000221630171057446
34.76921,45.42982,-0.000303292637099162,45.4297635083465,-0.000359784290600023
34.78053,45.42879,-0.00133329263709925,45.429644895775,-0.000478396862096017
34.79189,45.42853,-0.00159329263709651,45.4295487758573,-0.000574516779814238
34.80324,45.43089,0.00076670736289941,45.4294773871211,-0.000645905515974526
34.81457,45.43172,0.00159670736289996,45.4294325590587,-0.000690733578442042
34.82591,45.42878,-0.00134329263709532,45.429415810699,-0.000707481938054162
34.83726,45.42746,-0.00266329263709508,45.4294281469714,-0.000695145665711378
34.84858,45.43121,0.00108670736290151,45.4294695824126,-0.000653710224484589
34.8599,45.4289,-0.00122329263709986,45.4295385603901,-0.00058473224700695
34.87124,45.42928,-0.000843292637100035,45.429631487726,-0.000491804911109059
34.88258,45.42744,-0.00268329263710143,45.4297425776787,-0.000380714958431633
34.89391,45.42968,-0.000443292637100967,45.4298641386946,-0.000259153942450044
34.90523,45.43151,0.00138670736290436,45.4299873485407,-0.000135944096410208
34.91655,45.43027,0.000146707362901566,45.4301033893042,-1.99033329159487e-05
34.92789,45.4314,0.00127670736289787,45.4302046522484,8.13596113080907e-05
34.93921,45.43165,0.00152670736289906,45.4302856621322,0.000162369495058886
34.95053,45.43022,9.6707362899906e-05,45.4303434604005,0.000220167763392885
34.96185,45.4296,-0.000523292637097938,45.4303773799395,0.000254087302392415
34.97316,45.42885,-0.00127329263710152,45.4303883600285,0.000265067391363231
34.9845,45.43024,0.000116707362899149,45.4303781013292,0.000254808692069682
34.99583,45.42931,-0.000813292637097618,45.4303483775571,0.000225084920039108
35.00717,45.43171,0.00158670736290389,45.4303006995936,0.000177406956546209
35.0185,45.43111,0.000986707362898187,45.4302363445418,0.000113051904682614
35.0298,45.42976,-0.00036329263709689,45.4301566205343,3.33278971587463e-05
35.04111,45.42955,-0.000573292637099598,45.4300632050718,-6.00875652853742e-05
35.05245,45.42951,-0.000613292637098084,45.4299584569333,-0.000164835703761716
35.06379,45.42999,-0.000133292637102045,45.4298456765843,-0.000277616052784378
35.07513,45.42945,-0.000673292637095813,45.4297293028926,-0.000393989744449773
35.08646,45.43199,0.0018667073629004,45.4296149853392,-0.000508307297913616
35.09781,45.43009,-3.32926370987252e-05,45.4295094237928,-0.000613868844263898
35.10916,45.42747,-0.00265329263709901,45.4294198918912,-0.000703400745935554
35.12048,45.42859,-0.00153329263709878,45.4293534744377,-0.00076981819940568
35.13183,45.42929,-0.000833292637096861,45.4293161832851,-0.000807109352021651
35.14313,45.43056,0.000436707362901245,45.4293121567134,-0.000811135923741553
35.15446,45.42896,-0.00116329263710213,45.4293430668132,-0.000780225823876943
35.16581,45.42963,-0.000493292637095522,45.4294077530541,-0.000715539582977738
35.17715,45.42927,-0.000853292637096104,45.4295020657354,-0.000621226901663125
35.18845,45.42947,-0.00065329263709657,45.4296189383632,-0.00050435427393722
35.19979,45.42823,-0.00189329263709936,45.4297487491018,-0.000374543535340218
35.21113,45.42918,-0.000943292637096249,45.4298800293207,-0.000243263316369994
35.22244,45.4322,0.00207670736290311,45.4300005127815,-0.000122779855631529
35.23375,45.42961,-0.00051329263710187,45.4300984022372,-2.48903999372141e-05
35.24511,45.43179,0.00166670736290087,45.4301636210134,4.03283762702223e-05
35.25644,45.43063,0.000506707362902148,45.4301887986078,6.55059707248056e-05
35.26777,45.42741,-0.00271329263709674,45.430169837725,4.6545087936248e-05
35.27911,45.42974,-0.000383292637096133,45.4301060614656,-1.72311714873477e-05
35.29045,45.43311,0.00298670736290063,45.4300000364568,-0.000123256180299217
35.30179,45.43041,0.000286707362903371,45.4298571521647,-0.00026614047235206
35.31311,45.42835,-0.0017732926370968,45.4296849763753,-0.000438316261755691
35.32445,45.42843,-0.00169329263709983,45.429492431593,-0.000630861044058063
35.33576,45.42807,-0.00205329263710041,45.42928895649,-0.000834336147118823
35.34706,45.42829,-0.00183329263710164,45.4290838887742,-0.0010394038628948
35.3584,45.42998,-0.000143292637098114,45.4288862181964,-0.00123707444071872
35.36975,45.43005,-7.32926370972109e-05,45.4287046507163,-0.00141864192076963
35.38107,45.43072,0.000596707362902293,45.4285477324549,-0.00157556018221133
35.3924,45.42688,-0.00324329263710155,45.4284237284113,-0.0016995642257908
35.40374,45.42918,-0.000943292637096249,45.4283400745335,-0.00178321810363964
35.41507,45.4282,-0.00192329263710178,45.4283024490338,-0.00182084360333517
35.4264,45.4258,-0.00432329263709619,45.4283137106896,-0.00180958194749321
35.43775,45.42845,-0.00167329263710059,45.4283730432029,-0.00175024943415715
35.4491,45.42746,-0.00266329263709508,45.4284756101799,-0.00164768245719436
35.46043,45.42882,-0.00130329263709683,45.4286128815506,-0.00151041108646755
35.47176,45.43042,0.00029670736289944,45.4287735849346,-0.0013497077024836
35.4831,45.43018,5.67073629014203e-05,45.4289450494436,-0.00117824319347575
35.49442,45.42646,-0.00366329263709986,45.4291146302676,-0.00100866236945359
35.50573,45.43002,-0.000103292637099628,45.4292709526417,-0.000852339995443586
35.51705,45.43284,0.00271670736290019,45.4294048242179,-0.000718468419191891
35.52837,45.42727,-0.00285329263709855,45.4295097459102,-0.000613546726851578
35.5397,45.42941,-0.000713292637101404,45.4295820061965,-0.000541286440577182
35.55101,45.42918,-0.000943292637096249,45.4296204310642,-0.000502861572923985
35.56234,45.42977,-0.000353292637100822,45.4296259560103,-0.00049733662682206
35.57364,45.42865,-0.00147329263710105,45.4296012027211,-0.000522089916039781
35.58496,45.42963,-0.000493292637095522,45.4295501706153,-0.000573122021825294
35.59628,45.42981,-0.00031329263709523,45.4294780520234,-0.000645240613735939
35.60762,45.43075,0.00062670736290471,45.4293910911222,-0.000732201514917528
35.61896,45.42971,-0.00041329263709855,45.4292963525925,-0.000826940044608951
35.63029,45.42905,-0.00107329263710199,45.4292012796153,-0.000922013021842905
35.64165,45.42867,-0.00145329263710181,45.4291130170531,-0.00101027558404003
35.65299,45.42881,-0.00131329263710001,45.4290376111536,-0.00108568148352281
35.66434,45.42775,-0.0023732926370954,45.4289792958596,-0.00114399677746293
35.67564,45.42876,-0.00136329263710167,45.4289400891393,-0.00118320349784765
35.68698,45.42739,-0.00273329263709599,45.4289198495079,-0.00120344312917514
35.69833,45.43042,0.00029670736289944,45.4289168060122,-0.00120648662494182
35.70966,45.43064,0.000516707362898217,45.4289284092697,-0.00119488336740703
35.72095,45.42918,-0.000943292637096249,45.4289522183694,-0.00117107426772445
35.73228,45.429,-0.00112329263709654,45.4289865166046,-0.00113677603245719
35.74358,45.42965,-0.000473292637096279,45.4290304667117,-0.00109282592539295
35.75491,45.4287,-0.00142329263709939,45.4290838093627,-0.00103948327436899
35.76627,45.42663,-0.00349329263709564,45.4291462774039,-0.000977015233237163
35.7776,45.42943,-0.000693292637095055,45.4292169817773,-0.000906310859766315
35.78896,45.43092,0.000796707362901827,45.4292939999468,-0.000829292690319511
35.80029,45.42937,-0.000753292637099889,45.4293742768764,-0.000749015760726159
35.81161,45.42775,-0.0023732926370954,45.4294538124748,-0.000669480162336234
35.82295,45.43028,0.00015670736290474,45.429528050546,-0.000595242091090997
35.83427,45.42921,-0.000913292637100938,45.4295923958282,-0.000530896808882777
35.8456,45.43069,0.000566707362899876,45.4296427855212,-0.000480507115936956
35.85696,45.43026,0.000136707362898392,45.4296762039772,-0.000447088659912476
35.8683,45.42988,-0.000243292637101433,45.4296910107003,-0.00043228193679293
35.87964,45.43008,-4.32926371018993e-05,45.4296870023412,-0.000436290295852967
35.89097,45.42715,-0.00297329263710111,45.4296652366864,-0.0004580559506586
35.90229,45.42944,-0.000683292637098987,45.4296277500793,-0.000495542557810667
35.91365,45.43108,0.000956707362902876,45.4295773265808,-0.000545966056342196
35.92498,45.42854,-0.00158329263710044,45.4295173975828,-0.000605895054316222
35.93633,45.43128,0.00115670736290241,45.4294520218469,-0.000671270790170441
35.94767,45.42893,-0.00119329263709744,45.4293858192905,-0.000737473346638625
35.95902,45.42926,-0.000863292637099278,45.429323754108,-0.000799538529139001
35.97038,45.42915,-0.000973292637098666,45.4292707501772,-0.000852542459873423
35.98172,45.4297,-0.000423292637101724,45.4292312131733,-0.000892079463754403
35.99307,45.4257,-0.00442329263709951,45.4292085866531,-0.000914705984003534
36.00439,45.43195,0.00182670736290191,45.4292050648991,-0.000918227738030225
36.01572,45.42886,-0.00126329263709835,45.4292215178852,-0.000901774751890607
36.02705,45.43065,0.000526707362901391,45.429257575594,-0.000865717043115555
36.03839,45.42967,-0.000453292637097036,45.4293117437349,-0.000811548902232708
36.04971,45.4275,-0.0026232926370966,45.4293814530371,-0.000741839600002676
36.06102,45.42828,-0.0018432926370977,45.4294630599809,-0.000660232656156555
36.07235,45.43101,0.000886707362901973,45.42955191092,-0.000571381717067099
36.08365,45.43098,0.000856707362899556,45.4296425660927,-0.000480726544439707
36.09497,45.4285,-0.00162329263709893,45.4297291827591,-0.000394109877974132
36.10632,45.4292,-0.000923292637097006,45.4298059923701,-0.000317300267036759
36.11766,45.4288,-0.00132329263709607,45.4298678307314,-0.000255461905666237
36.12898,45.43107,0.000946707362899701,45.4299107176857,-0.000212574951395818
36.14032,45.43001,-0.000113292637095697,45.4299324432147,-0.000190849422448722
36.15166,45.43126,0.00113670736290317,45.4299330196502,-0.000190272986884921
36.16299,45.43166,0.00153670736290223,45.4299148032532,-0.000208489383865864
36.17433,45.42841,-0.00171329263709907,45.4298821430763,-0.00024114956081271
36.18565,45.42848,-0.00164329263709817,45.4298405732807,-0.000282719356357891
36.19701,45.42981,-0.00031329263709523,45.4297957471917,-0.000327545445400944
36.20832,45.43036,0.000236707362901711,45.429752406756,-0.00037088588113252
36.21967,45.42867,-0.00145329263710181,45.4297136390314,-0.00040965360566006
36.23097,45.42911,-0.00101329263709715,45.4296805516356,-0.000442741001446601
36.24229,45.43061,0.000486707362902905,45.4296523895731,-0.00047090306401139
36.25364,45.42819,-0.00193329263709785,45.4296270358701,-0.000496256766981554
36.26498,45.43195,0.00182670736290191,45.4296017669166,-0.000521525720460042
36.27629,45.42875,-0.00137329263709773,45.4295740772339,-0.000549215403182059
36.28765,45.43097,0.000846707362903487,45.4295423783572,-0.000580914279895045
36.29895,45.42882,-0.00130329263709683,45.4295064296468,-0.000616862990296708
36.3103,45.42805,-0.00207329263709966,45.4294674596858,-0.000655832951255027
36.32163,45.43028,0.00015670736290474,45.4294280365453,-0.00069525609184013
36.33297,45.42999,-0.000133292637102045,45.429391787148,-0.000731505489077126
36.34431,45.42954,-0.000583292637095667,45.4293630392382,-0.000760253398850259
36.35565,45.42791,-0.00221329263710146,45.4293464183726,-0.00077687426448248
36.36697,45.42995,-0.000173292637100531,45.4293464314789,-0.000776861158246264
36.37831,45.42796,-0.0021632926370998,45.4293670892856,-0.000756203351464611
36.38964,45.43059,0.000466707362903662,45.4294116025022,-0.000711690134939518
36.40098,45.43179,0.00166670736290087,45.4294821182936,-0.000641174343459793
36.41232,45.42856,-0.0015632926371012,45.42957940228,-0.000543890357117055
36.42363,45.42953,-0.000593292637098841,45.4297023925239,-0.000420900113239432
36.43496,45.4291,-0.00102329263710033,45.4298476701599,-0.00027562247716427
36.44628,45.42954,-0.000583292637095667,45.4300090262956,-0.000114266341524765
36.45763,45.42986,-0.000263292637100676,45.4301773547482,5.40621110592008e-05
36.46894,45.42976,-0.00036329263709689,45.4303410403116,0.000217747674455585
36.48026,45.43114,0.0010167073629006,45.430486891657,0.000363599019889074
36.4916,45.42842,-0.0017032926370959,45.430601540445,0.000478247807891784
36.50293,45.43182,0.00169670736290328,45.430673116042,0.000549823404862628
36.51425,45.43472,0.00459670736290008,45.4306929076619,0.000569615024779355
36.52556,45.42997,-0.000153292637101288,45.4306566613941,0.000533368757022041
36.53691,45.42944,-0.000683292637098987,45.4305651978839,0.000441905246766555
36.54823,45.43163,0.00150670736289982,45.4304242226524,0.000300930015338277
36.55956,45.42841,-0.00171329263709907,45.4302434503928,0.000120157755715557
36.5709,45.43053,0.000406707362898828,45.4300353282331,-8.79644040066138e-05
36.5822,45.42829,-0.00183329263710164,45.4298136661445,-0.000309626492594816
36.59353,45.43019,6.67073629045944e-05,45.4295924115673,-0.00053088106976054
36.60483,45.4293,-0.000823292637100792,45.429384691299,-0.000738601338118262
36.61615,45.43027,0.000146707362901566,45.4292021207604,-0.000921171876693623
36.62748,45.4302,7.67073629006632e-05,45.4290542920059,-0.001069000631195
36.63882,45.42805,-0.00207329263709966,45.4289483412331,-0.00117495140404741
36.65014,45.42681,-0.00331329263709534,45.4288885728364,-0.00123471980066114
36.66146,45.43046,0.000336707362897926,45.4288762255472,-0.00124706708988761
36.67281,45.42701,-0.00311329263709581,45.4289095134867,-0.00121377915037745
36.68414,45.42938,-0.000743292637096715,45.4289840138597,-0.00113927877742374
36.69545,45.42929,-0.000833292637096861,45.429093345455,-0.00102994718206122
36.7068,45.43182,0.00169670736290328,45.4292299598497,-0.000893332787421166
36.71813,45.43074,0.000616707362901536,45.4293858028177,-0.000737489819411376
36.72944,45.42754,-0.00258329263709811,45.4295526478521,-0.000570644784954544
36.74078,45.42916,-0.000963292637095492,45.4297220786517,-0.000401213985378467
36.75211,45.42771,-0.00241329263710099,45.4298853194448,-0.00023797319229905
36.76343,45.42976,-0.00036329263709689,45.4300332221448,-9.00704923388922e-05
36.77478,45.43289,0.00276670736290185,45.430156629034,3.3336396879933e-05
36.78606,45.42994,-0.000183292637096599,45.4302471092671,0.000123816630052457
36.79742,45.42859,-0.00153329263709878,45.4302978816161,0.00017458897902537
36.80876,45.43263,0.00250670736290459,45.4303046939108,0.00018140127370449
36.8201,45.42929,-0.000833292637096861,45.4302664967239,0.000143204086823045
36.83145,45.43085,0.000726707362900925,45.4301858236678,6.25310307187301e-05
36.84278,45.42816,-0.00196329263710027,45.4300688363722,-5.44562649262309e-05
36.85411,45.43178,0.0016567073629048,45.4299250257692,-0.000198266867941568
36.86546,45.43032,0.000196707362903226,45.4297665760603,-0.000356716576798904
36.87679,45.42927,-0.000853292637096104,45.4296073890617,-0.000515903575366488
36.88815,45.43018,5.67073629014203e-05,45.4294617781545,-0.000661514482556654
36.89948,45.42893,-0.00119329263709744,45.4293429100417,-0.000780382595438992
36.91084,45.42919,-0.00093329263710018,45.4292611726189,-0.00086212001820441
36.92216,45.428,-0.00212329263710131,45.4292227257027,-0.000900566934396127
36.93346,45.42759,-0.00253329263709645,45.4292285168605,-0.000894775776549922
36.94481,45.43,-0.000123292637098871,45.4292739980685,-0.000849294568617972
36.95612,45.42973,-0.000393292637099307,45.4293496492771,-0.000773643359989056
36.96747,45.42959,-0.000533292637101113,45.4294422352819,-0.000681057355232411
36.97883,45.42949,-0.000633292637097327,45.4295365740182,-0.000586718618856733
36.99018,45.42869,-0.00143329263709546,45.4296175373979,-0.000505755239198185
37.00151,45.43062,0.000496707362898974,45.429672019004,-0.000451273633061102
37.01285,45.43121,0.00108670736290151,45.4296906228699,-0.000432669767157238
37.02415,45.43049,0.000366707362900343,45.4296688356867,-0.000454456950428522
37.03548,45.42761,-0.00251329263709721,45.4296074892466,-0.000515803390480568
37.04682,45.43213,0.0020067073629022,45.4295124398059,-0.000610852831210686
37.05816,45.42749,-0.00263329263709977,45.4293935470325,-0.000729745604571992
37.0695,45.42978,-0.000343292637097647,45.4292631539591,-0.000860138678020041
37.08083,45.42943,-0.000693292637095055,45.4291343275198,-0.000988965117335677
37.09216,45.42715,-0.00297329263710111,45.4290191366052,-0.00110415603193993
37.10348,45.42892,-0.00120329263710062,45.4289272311496,-0.00119606148753653
37.1148,45.42928,-0.000843292637100035,45.4288649334857,-0.00125835915142163
37.12613,45.42784,-0.00228329263709526,45.428834957572,-0.00128833506510729
37.13747,45.42737,-0.00275329263709523,45.428836750463,-0.00128654217411451
37.14881,45.43148,0.00135670736290194,45.4288673315968,-0.00125596104027207
37.16014,45.42896,-0.00116329263710213,45.428922399559,-0.00120089307814322
37.17146,45.43042,0.00029670736289944,45.4289974008884,-0.00112589174871261
37.1828,45.42899,-0.00113329263709971,45.4290882663968,-0.00103502624025017
37.19416,45.42956,-0.000563292637096424,45.4291916494793,-0.00093164315776675
37.20548,45.42677,-0.00335329263710094,45.429304695578,-0.00081859705907618
37.21681,45.43101,0.000886707362901973,45.4294245344028,-0.000698758234310712
37.22813,45.42933,-0.000793292637098375,45.4295477472179,-0.000575545419170309
37.23946,45.42879,-0.00133329263709925,45.4296700208004,-0.000453271836743947
37.25082,45.42857,-0.00155329263709802,45.4297861189083,-0.000337173728768027
37.26215,45.42955,-0.000573292637099598,45.4298902287721,-0.000233063865002238
37.27347,45.43188,0.00175670736290101,45.4299766538407,-0.000146638796370457
37.2848,45.4309,0.000776707362902584,45.430040702539,-8.25900981429986e-05
37.29612,45.42972,-0.000403292637095376,45.4300795245971,-4.37680400069982e-05
37.30745,45.42987,-0.000253292637097502,45.4300926583887,-3.06342483551983e-05
37.31876,45.42999,-0.000133292637102045,45.4300821722171,-4.11204199751846e-05
37.3301,45.42996,-0.000163292637097356,45.4300524133418,-7.08792952941512e-05
37.34142,45.43172,0.00159670736289996,45.4300094423509,-0.000113850286236636
37.35276,45.42837,-0.00175329263709756,45.4299602387816,-0.000163053855476409
37.3641,45.42989,-0.000233292637098259,45.4299117745964,-0.000211518040746283
37.37543,45.42982,-0.000303292637099162,45.4298700862643,-0.000253206372783547
37.38678,45.42984,-0.000283292637099919,45.4298394978766,-0.000283794760508869
37.39814,45.42934,-0.000783292637095201,45.4298221234216,-0.000301169215463794
37.40947,45.42928,-0.000843292637100035,45.4298177207908,-0.000305571846306848
37.42078,45.42985,-0.000273292637096745,45.4298239115564,-0.000299381080666752
37.43211,45.4311,0.000976707362902118,45.429836720322,-0.000286572315095736
37.44343,45.42916,-0.000963292637095492,45.429851325139,-0.000271967498087903
37.45477,45.43053,0.000406707362898828,45.4298628742367,-0.000260418400386423
37.46608,45.42964,-0.000483292637099453,45.4298672403806,-0.000256052256474088
37.47743,45.42848,-0.00164329263709817,45.4298616364961,-0.000261656140975215
37.48877,45.43108,0.000956707362902876,45.4298450594531,-0.000278233184038594
37.50012,45.43058,0.000456707362900488,45.4298185313808,-0.00030476125628739
37.51145,45.43013,6.70736289976048e-06,45.429785081441,-0.000338211196072586
37.52275,45.42974,-0.000383292637096133,45.4297494090127,-0.000373883624401535
37.53408,45.42948,-0.000643292637100501,45.4297172342774,-0.000406058359729941
37.54542,45.42851,-0.00161329263709575,45.4296944502356,-0.000428842401526744
37.55675,45.42819,-0.00193329263709785,45.429686269025,-0.000437023612067409
37.56807,45.43202,0.00189670736290282,45.4296965470601,-0.000426745577005833
37.5794,45.42953,-0.000593292637098841,45.4297273749029,-0.000395917734185801
37.59076,45.43016,3.67073629021775e-05,45.4297788940859,-0.000344398551204095
37.60208,45.42975,-0.000373292637100064,45.4298492484167,-0.000274044220413379
37.61339,45.4287,-0.00142329263709939,45.4299346226306,-0.000188670006527281
37.62475,45.42976,-0.00036329263709689,45.4300294013681,-9.38912690011455e-05
37.63606,45.43051,0.000386707362899585,45.4301265095397,3.21690263524697e-06
37.64742,45.43127,0.00114670736289924,45.4302179440695,9.4651432402479e-05
37.65875,45.43155,0.00142670736290285,45.430295424553,0.000172131915937969
37.67007,45.4276,-0.00252329263710038,45.4303510578122,0.000227765175110525
37.6814,45.4306,0.000476707362899731,45.4303779650608,0.000254672423731042
37.69272,45.43039,0.000266707362904128,45.4303708999792,0.000247607342107965
37.70406,45.42973,-0.000393292637099307,45.4303268923479,0.000203599710835552
37.71539,45.43092,0.000796707362901827,45.4302458629143,0.000122570277231472
37.72672,45.4332,0.00307670736290078,45.4301310436395,7.75100241562294e-06
37.73805,45.42947,-0.00065329263709657,45.4299889906948,-0.000134301942335961
37.74937,45.4285,-0.00162329263709893,45.4298290465618,-0.000294246075268923
37.7607,45.4305,0.000376707362903517,45.4296622838701,-0.000461008766952026
37.77205,45.42799,-0.00213329263709738,45.4295001555489,-0.000623137088211908
37.78337,45.42815,-0.00197329263709634,45.4293531694548,-0.000770123182288039
37.7947,45.42995,-0.000173292637100531,45.4292298665725,-0.000893426064553677
37.80604,45.42978,-0.000343292637097647,45.4291362537289,-0.000987038908198603
37.81739,45.42815,-0.00197329263709634,45.4290756882503,-0.00104760438685144
37.82874,45.42938,-0.000743292637096715,45.4290490966989,-0.00107419593815049
37.84009,45.42968,-0.000443292637100967,45.4290553654673,-0.0010679271697507
37.85143,45.42967,-0.000453292637097036,45.429091744799,-0.00103154783811609
37.86278,45.43158,0.00145670736289816,45.4291541333972,-0.000969159239891527
37.87412,45.42771,-0.00241329263710099,45.4292371797743,-0.000886112862789392
37.88544,45.425,-0.00512329263710143,45.429334274529,-0.000789018108063243
37.8968,45.42982,-0.000303292637099162,45.4294376576061,-0.000685635031022465
37.90813,45.43085,0.000726707362900925,45.4295388852944,-0.000584407342723154
37.91949,45.43132,0.0011967073629009,45.4296297161164,-0.000493576520701507
37.93083,45.42978,-0.000343292637097647,45.4297032073441,-0.000420085292951121
37.94217,45.42896,-0.00116329263710213,45.42975468439,-0.000368608247122859
37.9535,45.43099,0.00086670736290273,45.4297823260785,-0.000340966558597901
37.96486,45.42918,-0.000943292637096249,45.4297872812389,-0.000336011398192574
37.9762,45.43032,0.000196707362903226,45.4297733640725,-0.00034992856458987
37.98753,45.42862,-0.00150329263709637,45.4297464423175,-0.000376850319648703
37.99887,45.42873,-0.00139329263709698,45.4297136632684,-0.000409629368671248
38.01022,45.43056,0.000436707362901245,45.4296826596988,-0.000440632938272437
38.02153,45.43087,0.000746707362900167,45.4296608222773,-0.000462470359767389
38.03288,45.42856,-0.0015632926371012,45.4296546392465,-0.000468653390591866
38.04422,45.43105,0.000926707362900459,45.4296690551788,-0.000454237458307978
38.05556,45.42929,-0.000833292637096861,45.4297068293904,-0.000416463246731879
38.06686,45.4294,-0.000723292637097472,45.4297679528705,-0.000355339766568837
38.07821,45.42867,-0.00145329263710181,45.4298492573192,-0.000274035317928106
38.08953,45.42998,-0.000143292637098114,45.4299443851878,-0.000178907449277428
38.10084,45.42804,-0.00208329263709572,45.4300442597157,-7.90329213462266e-05
38.11218,45.43182,0.00169670736290328,45.4301380872447,1.47946075680332e-05
38.12349,45.4313,0.00117670736290165,45.4302147657925,9.14731553670187e-05
38.13482,45.42991,-0.000213292637099016,45.4302644285348,0.000141135897725385
38.14615,45.43165,0.00152670736289906,45.4302797943245,0.00015650168743645
38.15747,45.42902,-0.0011032926370973,45.430257060132,0.000133767494916017
38.16879,45.43191,0.00178670736290343,45.4301962056012,7.29129641365858e-05
38.18013,45.42981,-0.00031329263709523,45.4301007142364,-2.25784007207051e-05
38.1915,45.43039,0.000266707362904128,45.4299768195147,-0.000146473122405354
38.20284,45.42709,-0.00303329263709884,45.4298324707637,-0.000290821873424869
38.21417,45.42981,-0.00031329263709523,45.4296762802565,-0.00044701238062149
38.22552,45.42855,-0.00157329263709727,45.429516710836,-0.000606581801059887
38.23683,45.43151,0.00138670736290436,45.4293616501577,-0.000761642479359483
38.24815,45.42886,-0.00126329263709835,45.4292183343555,-0.000904958281592397
38.25946,45.42955,-0.000573292637099598,45.4290934418551,-0.00102985078195962
38.27082,45.42816,-0.00196329263710027,45.4289931551965,-0.00113013744062271
38.28218,45.43063,0.000506707362902148,45.428923061299,-0.00120023133811658
38.29349,45.42771,-0.00241329263710099,45.4288878495891,-0.00123544304804387
38.30483,45.42985,-0.000273292637096745,45.4288908300028,-0.00123246263425802
38.31617,45.42825,-0.00187329263710012,45.4289333400352,-0.00118995260192347
38.3275,45.42845,-0.00167329263710059,45.4290141535772,-0.00110913905988572
38.33885,45.42952,-0.000603292637102015,45.4291290301066,-0.000994262530524952
38.3502,45.4297,-0.000423292637101724,45.4292705343139,-0.000852758323219932
38.36155,45.42775,-0.0023732926370954,45.4294282199047,-0.00069507273235604
38.37288,45.43054,0.000416707362902002,45.4295892305805,-0.000534062056577378
38.3842,45.42788,-0.00224329263709677,45.4297393338806,-0.000383958756454841
38.39553,45.42908,-0.00104329263709957,45.429864347281,-0.000258945356127307
38.40683,45.43359,0.00346670736290378,45.4299518182694,-0.000171474367732513
38.41815,45.42931,-0.000813292637097618,45.4299926990281,-0.000130593609045447
38.42946,45.43033,0.000206707362899294,45.4299826826643,-0.000140609972760592
38.44077,45.43037,0.000246707362904885,45.4299229144465,-0.000200378190600597
38.45211,45.4297,-0.000423292637101724,45.4298199444464,-0.000303348190713536
38.46343,45.43026,0.000136707362898392,45.429684954174,-0.000438338463124939
38.47477,45.42904,-0.00108329263709805,45.4295324055141,-0.000590887122957142
38.48611,45.42812,-0.00200329263709875,45.4293783305622,-0.000744962074942663
38.49743,45.42929,-0.000833292637096861,45.4292385170543,-0.000884775582819457
38.50878,45.43203,0.00190670736289889,45.4291268316603,-0.000996460976818575
38.52011,45.42598,-0.0041432926370959,45.429053867983,-0.00106942465406655
38.53146,45.4281,-0.002023292637098,45.4290260607263,-0.00109723191084584
38.54276,45.42677,-0.00335329263710094,45.4290453972513,-0.00107789538577743
38.55409,45.43192,0.0017967073628995,45.4291098073874,-0.00101348524971106
38.56544,45.4289,-0.00122329263709986,45.4292141423763,-0.000909150260820194
38.57677,45.43209,0.00196670736290372,45.4293514291501,-0.000771863486951063
38.58812,45.431,0.000876707362898799,45.429513974407,-0.000609318230054264
38.59946,45.42803,-0.0020932926370989,45.4296939926572,-0.000429299979920087
38.6108,45.42805,-0.00207329263709966,45.4298836965255,-0.000239596111568591
38.62213,45.42967,-0.000453292637097036,45.4300750672757,-4.82253614029723e-05
38.63346,45.43058,0.000456707362900488,45.4302596564962,0.000136363859101086
38.64477,45.4296,-0.000523292637097938,45.4304286947368,0.000305402099702204
38.65612,45.43098,0.000856707362899556,45.4305735875168,0.000450294879717364
38.66747,45.43196,0.00183670736289798,45.4306866996849,0.00056340704783628
38.6788,45.43041,0.000286707362903371,45.4307622319926,0.000638939355522335
38.69013,45.43071,0.000586707362899119,45.4307969803319,0.000673687694812145
38.70147,45.43095,0.000826707362904244,45.4307908194217,0.000667526784557963
38.71281,45.43054,0.000416707362902002,45.4307468291628,0.000623536525741748
38.72412,45.43066,0.000536707362904565,45.4306710362813,0.000547743644164386
38.73544,45.43328,0.00315670736290485,45.430571763606,0.000448470968883267
38.74678,45.4304,0.000276707362900197,45.4304585976523,0.000335305015201679
38.7581,45.42754,-0.00258329263709811,45.4303410535583,0.000217760921182105
38.76943,45.43113,0.00100670736290454,45.4302271474542,0.000103854817085661
38.78074,45.42812,-0.00200329263709875,45.4301222045471,-1.08809000919447e-06
38.79205,45.42912,-0.00100329263710108,45.4300282281893,-9.50644478261189e-05
38.80338,45.43083,0.000706707362901682,45.4299440064895,-0.000179286147613246
38.8147,45.43076,0.000636707362900779,45.4298659103295,-0.000257382307568299
38.82603,45.43138,0.00125670736289862,45.4297891360037,-0.000334156633367193
38.83737,45.42789,-0.0022332926371007,45.4297090499993,-0.000414242637806327
38.8487,45.43064,0.000516707362898217,45.4296223379243,-0.000500954712761788
38.86005,45.42971,-0.00041329263709855,45.4295277890497,-0.000595503587373629
38.87136,45.42967,-0.000453292637097036,45.4294266633223,-0.000696629314778949
38.88268,45.42949,-0.000633292637097327,45.4293226503621,-0.000800642275047893
38.89401,45.42801,-0.00211329263709814,45.4292214727998,-0.000901819837250266
38.90536,45.42963,-0.000493292637095522,45.4291302318486,-0.000993060788458318
38.91671,45.42936,-0.000763292637095958,45.4290566176808,-0.00106667495632905
38.92802,45.42801,-0.00211329263709814,45.4290080900301,-0.00111520260701934
38.93936,45.43001,-0.000113292637095697,45.4289910942991,-0.0011321983379503
38.95067,45.4286,-0.00152329263709561,45.4290103463871,-0.00111294624995189
38.96198,45.4298,-0.000323292637098405,45.4290682051748,-0.00105508746231523
38.97331,45.43,-0.000123292637098871,45.4291641558234,-0.000959136813690391
38.98464,45.42738,-0.00274329263709916,45.4292944588196,-0.000828833817523798
38.99596,45.42813,-0.00199329263709558,45.4294520756521,-0.000671216984990438
39.00731,45.42905,-0.00107329263710199,45.4296270161371,-0.00049627650003418
39.01864,45.43063,0.000506707362902148,45.4298071944701,-0.000316098166969761
39.02995,45.43164,0.00151670736290299,45.4299797156901,-0.00014357694702574
39.0413,45.43044,0.000316707362898683,45.4301323316762,9.0390390970057e-06
39.0526,45.43011,-1.32926370994824e-05,45.4302547337698,0.000131441132738687
39.06392,45.43047,0.0003467073629011,45.4303394305858,0.000216137948669572
39.07524,45.43172,0.00159670736289996,45.4303821230907,0.000258830453642797
39.08656,45.42797,-0.00215329263709663,45.4303816374661,0.000258344828991509
39.09792,45.4304,0.000276707362900197,45.4303395695629,0.000216276925778329
39.10926,45.43065,0.000526707362901391,45.4302598298512,0.000136537214100805
39.1206,45.42953,-0.000593292637098841,45.4301482450822,2.4952445133636e-05
39.13195,45.42992,-0.000203292637095842,45.4300122832217,-0.000111009415389436
39.14326,45.43048,0.000356707362904274,45.4298608717325,-0.000262420904605833
39.15458,45.43008,-4.32926371018993e-05,45.4297042158633,-0.000419076773840812
39.16591,45.42918,-0.000943292637096249,45.4295534985158,-0.000569794121267109
39.17725,45.43131,0.00118670736290483,45.4294203564248,-0.000702936212327559
39.18858,45.42857,-0.00155329263709802,45.4293160810787,-0.000807211558379284
39.19991,45.42807,-0.00205329263710041,45.4292505790364,-0.000872713600661287
39.21125,45.43062,0.000496707362898974,45.429231222454,-0.000892070183050346
39.22258,45.42838,-0.00174329263710149,45.4292617887295,-0.000861503907641352
39.23392,45.42825,-0.00187329263710012,45.4293417006508,-0.000781591986319305
39.24526,45.4299,-0.000223292637095085,45.4294657462819,-0.000657546355188611
39.2566,45.42667,-0.00345329263709715,45.429624398124,-0.000498894513083564
39.26793,45.43268,0.00255670736289915,45.4298047515606,-0.000318541076527365
39.27925,45.43013,6.70736289976048e-06,45.4299919575361,-0.000131335101045608
39.29059,45.43182,0.00169670736290328,45.4301708844952,4.75918580985695e-05
39.30194,45.42842,-0.0017032926370959,45.4303276979718,0.000204405334677875
39.31326,45.43134,0.00121670736290014,45.4304511315805,0.000327838943438917
39.32459,45.42914,-0.00098329263710184,45.4305333710941,0.000410078456998952
39.33592,45.43204,0.00191670736290206,45.430570570658,0.000447278020949279
39.34723,45.42963,-0.000493292637095522,45.4305630249196,0.000439732282503192
39.35856,45.43232,0.00219670736289856,45.4305149802991,0.000391687661967459
39.36987,45.43123,0.00110670736290075,45.4304340506126,0.000310757975532966
39.38121,45.42821,-0.00191329263709861,45.4303302446051,0.000206951967952369
39.39255,45.43054,0.000416707362902002,45.4302147114641,9.14188270060884e-05
39.40389,45.43056,0.000436707362901245,45.4300984125863,-2.48800508016375e-05
39.41525,45.42704,-0.0030832926371005,45.4299909630962,-0.00013232954093575
39.42659,45.43108,0.000956707362902876,45.4298998311875,-0.000223461449562389
39.43792,45.43129,0.00116670736289848,45.4298299671434,-0.000293325493716657
39.44926,45.42962,-0.000503292637098696,45.4297838008979,-0.000339491739155313
39.46057,45.42984,-0.000283292637099919,45.4297614571031,-0.000361835533977472
39.4719,45.42905,-0.00107329263710199,45.4297610452713,-0.000362247365831855
39.48325,45.431,0.000876707362898799,45.4297789683084,-0.000344324328727427
39.49459,45.42769,-0.00243329263710024,45.4298102720166,-0.000313020620496436
39.50595,45.43078,0.000656707362900022,45.429849082293,-0.000274210344147967
39.51731,45.43043,0.000306707362902614,45.4298891547214,-0.000234137915718
39.52864,45.42833,-0.00179329263709604,45.4299245153014,-0.000198777335735259
39.53999,45.43165,0.00152670736289906,45.429950123641,-0.000173168996053107
39.55133,45.42917,-0.000953292637099423,45.4299624608544,-0.000160831782733202
39.56268,45.43231,0.0021867073629025,45.4299599378199,-0.000163354817152978
39.57401,45.42803,-0.0020932926370989,45.4299430401575,-0.000180252479573971
39.58532,45.42901,-0.00111329263710047,45.4299141869713,-0.000209105665762875
39.59667,45.43018,5.67073629014203e-05,45.4298773586974,-0.0002459339397188
39.60801,45.43075,0.00062670736290471,45.4298375783154,-0.000285714321654595
39.61933,45.43188,0.00175670736290101,45.4298002805716,-0.000323012065469432
39.63067,45.43023,0.00010670736290308,45.4297705494276,-0.000352743209490709
39.642,45.42482,-0.00530329263710172,45.4297522511453,-0.000371041491799472
39.6533,45.4295,-0.000623292637101258,45.4297472352546,-0.000376057382505067
39.66462,45.43128,0.00115670736290241,45.4297548668017,-0.000368425835423859
39.67596,45.43075,0.00062670736290471,45.4297720499811,-0.000351242656043795
39.68731,45.43135,0.00122670736290331,45.4297936671459,-0.000329625491248005
39.69865,45.42822,-0.00190329263709543,45.4298132043734,-0.000310088263740896
39.70999,45.4289,-0.00122329263709986,45.4298233843395,-0.000299908297621557
39.72134,45.43122,0.00109670736290468,45.4298167856111,-0.000306507026001272
39.73266,45.42806,-0.00206329263709648,45.4297865303962,-0.000336762240939104
39.74401,45.42875,-0.00137329263709773,45.4297271093755,-0.000396183261566721
39.75533,45.4308,0.000676707362899265,45.4296353274814,-0.000487965155692639
39.76668,45.43092,0.000796707362901827,45.4295112471102,-0.000612045526888727
39.778,45.42929,-0.000833292637096861,45.4293589063818,-0.000764386255330005
39.78934,45.42957,-0.000553292637100355,45.4291865568797,-0.000936735757394795
39.80065,45.42899,-0.00113329263709971,45.4290062406817,-0.00111705195543473
39.812,45.43042,0.00029670736289944,45.4288326715809,-0.001290621056234
39.82332,45.42801,-0.00211329263709814,45.4286815280583,-0.00144176457879181
39.83466,45.42722,-0.00290329263710021,45.4285673834614,-0.00155590917571001
39.84599,45.42874,-0.00138329263710091,45.4285015978972,-0.00162169473991927
39.85735,45.42727,-0.00285329263709855,45.4284905480202,-0.00163274461687826
39.86869,45.42767,-0.00245329263709948,45.4285345325619,-0.00158876007523657
39.88004,45.42891,-0.00121329263709669,45.4286275657727,-0.00149572686438666
39.89137,45.42838,-0.00174329263710149,45.4287581004761,-0.00136519216095193
39.9027,45.4296,-0.000523292637097938,45.4289105509945,-0.00121274164263694
39.91406,45.42945,-0.000673292637095813,45.4290673519497,-0.0010559406873754
39.9254,45.42872,-0.00140329263710015,45.4292112214826,-0.000912071154496777
39.93673,45.42996,-0.000163292637097356,45.4293272992325,-0.000795993404568742
39.94805,45.43121,0.00108670736290151,45.429404874791,-0.000718417846130253
39.95935,45.42985,-0.000273292637096745,45.4294384894744,-0.000684803162750364
39.97069,45.42635,-0.00377329263709925,45.4294282926641,-0.000694999972998792
39.98202,45.43207,0.00194670736290448,45.4293796690864,-0.000743623550654136
39.99334,45.42878,-0.00134329263709532,45.4293022735535,-0.000821019083605693
40.00469,45.42944,-0.000683292637098987,45.429208656874,-0.00091463576310379
40.016,45.42825,-0.00187329263710012,45.4291126663144,-0.0010106263227363
40.02734,45.42756,-0.00256329263709887,45.4290278164789,-0.00109547615821989
40.03864,45.43011,-1.32926370994824e-05,45.4289658387588,-0.00115745387828265
40.04998,45.42945,-0.000673292637095813,45.4289355718256,-0.00118772081148243
40.06131,45.42783,-0.00229329263709843,45.4289422561737,-0.00118103646337876
40.07264,45.43011,-1.32926370994824e-05,45.4289872131294,-0.00113607950767958
40.08396,45.42851,-0.00161329263709575,45.4290678680925,-0.00105542454464071
40.09529,45.42899,-0.00113329263709971,45.4291780962037,-0.000945196433384611
40.10661,45.42788,-0.00224329263709677,45.4293088847452,-0.000814407891912078
40.11792,45.43089,0.00076670736289941,45.4294492977026,-0.00067399493445613
40.12923,45.42986,-0.000263292637100676,45.4295876832076,-0.000535609429538027
40.14056,45.42879,-0.00133329263709925,45.4297129990699,-0.000410293567234006
40.15187,45.43073,0.000606707362898362,45.4298160916454,-0.000307200991672122
40.16319,45.4282,-0.00192329263710178,45.4298907712284,-0.000232521408693064
40.17452,45.43277,0.00264670736289929,45.4299345500409,-0.000188742596177093
40.18584,45.42956,-0.000563292637096424,45.4299489149113,-0.000174377725815591
40.19717,45.43102,0.000896707362898042,45.4299390206344,-0.000184272002725904
40.20848,45.42993,-0.000193292637099773,45.4299127636064,-0.000210529030694235
40.21983,45.42897,-0.00115329263709896,45.4298793377798,-0.000243954857331994
40.23119,45.43015,2.67073628990033e-05,45.4298475335027,-0.000275759134399456
40.24249,45.42616,-0.00396329263709561,45.4298241438372,-0.0002991487999332
40.2538,45.4305,0.000376707362903517,45.4298128437863,-0.000310448850752188
40.26511,45.43176,0.00163670736289845,45.4298137863203,-0.000309506316810957
40.27645,45.42874,-0.00138329263710091,45.4298239481636,-0.000299344473509795
40.28778,45.42913,-0.000993292637097909,45.4298380608362,-0.000285231800858288
40.29911,45.43079,0.000666707362903196,45.4298498726152,-0.000273420021895991
40.31043,45.43076,0.000636707362900779,45.4298534887619,-0.000269803875234187
40.32174,45.42897,-0.00115329263709896,45.4298445553227,-0.000278737314417256
40.33308,45.43178,0.0016567073629048,45.4298210726904,-0.000302219946712886
40.34438,45.42965,-0.000473292637096279,45.4297836841564,-0.000339608480665296
40.35572,45.42955,-0.000573292637099598,45.4297353878842,-0.000387904752884353
40.36705,45.42966,-0.00046329263710021,45.4296807451932,-0.000442547443909718
40.37838,45.42834,-0.00178329263709998,45.4296247744429,-0.000498518194175291
40.38972,45.43095,0.000826707362904244,45.4295717901426,-0.000551502494480568
40.40107,45.42843,-0.00169329263709983,45.4295244481088,-0.000598844528278902
40.41239,45.42719,-0.00293329263709552,45.4294832079761,-0.000640084660985619
40.42371,45.43056,0.000436707362901245,45.4294463519359,-0.00067694070124174
40.43505,45.42853,-0.00159329263709651,45.4294105943175,-0.000712698319605165
40.44635,45.43097,0.000846707362903487,45.4293721649154,-0.000751127721726506
40.45768,45.42926,-0.000863292637099278,45.4293280921464,-0.00079520049069615
40.469,45.4306,0.000476707362899731,45.429277329755,-0.000845962882109041
40.48034,45.43037,0.000246707362904885,45.4292214019453,-0.000901890691817723
40.49167,45.4287,-0.00142329263709939,45.4291643691848,-0.000958923452329358
40.50299,45.42908,-0.00104329263709957,45.4291121022928,-0.00101119034428676
40.51433,45.42754,-0.00258329263709811,45.4290710465185,-0.00105224611863837
40.52563,45.42951,-0.000613292637098084,45.4290467951469,-0.00107649749021082
40.53696,45.42773,-0.00239329263710175,45.4290428224515,-0.0010804701856434
40.5483,45.42899,-0.00113329263709971,45.4290596502832,-0.00106364235390854
40.55965,45.42985,-0.000273292637096745,45.4290945888037,-0.00102870383336143
40.57098,45.42796,-0.0021632926370998,45.4291420522705,-0.000981240366636209
40.58228,45.43037,0.000246707362904885,45.429194340563,-0.00092895207406462
40.59361,45.4301,-2.32926370955511e-05,45.4292427133223,-0.000880579314817114
40.60491,45.42831,-0.00181329263709529,45.4292785693339,-0.000844723303222068
40.61624,45.42942,-0.00070329263709823,45.4292945764323,-0.000828716204764874
40.62758,45.42812,-0.00200329263709875,45.4292856586878,-0.00083763394931738
40.63889,45.43102,0.000896707362898042,45.4292497919545,-0.000873500682604119
40.65019,45.42774,-0.00238329263709858,45.4291885495718,-0.000934743065339982
40.66154,45.43098,0.000856707362899556,45.4291072976421,-0.00101599499501034
40.67285,45.42962,-0.000503292637098696,45.4290149179433,-0.00110837469382906
40.68418,45.4293,-0.000823292637100792,45.4289229713711,-0.00120032126600641
40.6955,45.42838,-0.00174329263710149,45.4288443128835,-0.00127897975364418
40.70684,45.42869,-0.00143329263709546,45.4287913124321,-0.00133198020503425
40.71816,45.4273,-0.00282329263709613,45.4287739738893,-0.00134931874780888
40.72951,45.42961,-0.00051329263710187,45.4287983130996,-0.00132497953745378
40.74083,45.42687,-0.00325329263709762,45.4288653305867,-0.00125796205039729
40.7522,45.42818,-0.00194329263710102,45.4289708131978,-0.00115247943928161
40.76355,45.42842,-0.0017032926370959,45.4291060503068,-0.00101724233027034
40.77486,45.43057,0.000446707362904419,45.4292593639455,-0.000863928691573209
40.78621,45.43043,0.000306707362902614,45.4294181453778,-0.000705147259320681
40.79752,45.43188,0.00175670736290101,45.4295709289054,-0.000552363731718778
40.80886,45.42942,-0.00070329263709823,45.4297090082186,-0.00041428441854966
40.82018,45.42998,-0.000143292637098114,45.4298272487535,-0.000296043883641451
40.83151,45.43065,0.000526707362901391,45.4299240123691,-0.000199280267973025
40.84286,45.42801,-0.00211329263709814,45.4300003743493,-0.000122918287767765
40.8542,45.42831,-0.00181329263709529,45.4300589863387,-6.43062983634978e-05
40.86553,45.43112,0.000996707362901361,45.4301029832239,-2.03094132222092e-05
40.87686,45.42934,-0.000783292637095201,45.4301352417518,1.19491147320266e-05
40.88819,45.43002,-0.000103292637099628,45.4301581119852,3.48193480772284e-05
40.89952,45.43112,0.000996707362901361,45.430173547518,5.02548809164683e-05
40.91086,45.43126,0.00113670736290317,45.4301834329577,6.01403206516605e-05
40.92221,45.42976,-0.00036329263709689,45.4301898677993,6.65751621856433e-05
40.93353,45.43151,0.00138670736290436,45.4301952089007,7.19162636257624e-05
40.94485,45.42953,-0.000593292637098841,45.4302017841617,7.84915245521646e-05
40.9562,45.43056,0.000436707362901245,45.4302113290308,8.80363937089637e-05
40.96753,45.42863,-0.0014932926371003,45.430224318903,0.000101026265890273
40.97885,45.42944,-0.000683292637098987,45.4302394407411,0.000116148104044626
40.99017,45.42922,-0.000903292637097763,45.4302534380346,0.000130145397459714
41.0015,45.43217,0.00204670736290069,45.43026145714,0.000138164502932543
41.01283,45.43004,-8.3292637100385e-05,45.4302578483156,0.000134555678511272
41.02412,45.43095,0.000826707362904244,45.4302372158543,0.000113923217161273
41.03544,45.42982,-0.000303292637099162,45.4301954530666,7.21604295384343e-05
41.04678,45.43066,0.000536707362904565,45.4301305485121,7.25587503451143e-06
41.05808,45.42994,-0.000183292637096599,45.4300430465743,-8.0246062762929e-05
41.06943,45.43008,-4.32926371018993e-05,45.4299361278706,-0.000187164766517033
41.08075,45.4296,-0.000523292637097938,45.4298153291962,-0.00030796344090221
41.09206,45.43121,0.00108670736290151,45.4296879602011,-0.000435332435976605
41.10339,45.42701,-0.00311329263709581,45.4295623058416,-0.00056098679552774
41.11471,45.43008,-4.32926371018993e-05,45.4294467339035,-0.00067655873362242
41.12605,45.429,-0.00112329263709654,45.4293488405331,-0.000774452103992796
41.13737,45.43011,-1.32926370994824e-05,45.4292747350013,-0.000848557635820152
41.14869,45.43066,0.000536707362904565,45.4292284941358,-0.000894798501250732
41.16002,45.42781,-0.00231329263709767,45.4292117690125,-0.00091152362455839
41.17138,45.428,-0.00212329263710131,45.4292235549424,-0.000899737694660428
41.18271,45.4286,-0.00152329263709561,45.4292602105698,-0.000863082067267287
41.19403,45.42985,-0.000273292637096745,45.4293158362445,-0.000807456392554777
41.20536,45.43049,0.000366707362900343,45.4293830359678,-0.000740256669272196
41.21669,45.4291,-0.00102329263710033,45.4294539433842,-0.000669349252914794
41.228,45.42989,-0.000233292637098259,45.4295213010606,-0.000601991576457495
41.23935,45.42942,-0.00070329263709823,45.4295793946203,-0.000543898016766848
41.25067,45.42965,-0.000473292637096279,45.4296247166949,-0.000498575942153478
41.26199,45.42977,-0.000353292637100822,45.4296563037849,-0.000466988852208539
41.27332,45.43034,0.000216707362902469,45.4296757263224,-0.000447566314685218
41.28465,45.42849,-0.0016332926371021,45.429686731614,-0.000436561023087536
41.29601,45.43267,0.00254670736290308,45.4296945610484,-0.00042873158865718
41.30733,45.42796,-0.0021632926370998,45.4297049994011,-0.000418293236031143
41.31867,45.42954,-0.000583292637095667,45.4297232741398,-0.000400018497334746
41.32998,45.42772,-0.00240329263709782,45.4297530003557,-0.000370292281439377
41.34132,45.43065,0.000526707362901391,45.4297954135567,-0.000327879080420376
41.35261,45.43017,4.67073628982462e-05,45.4298490847433,-0.000274207893762651
41.36394,45.42898,-0.00114329263709578,45.42991017583,-0.000213116807113625
41.37529,45.43041,0.000286707362903371,45.4299731521216,-0.000150140515492793
41.38661,45.42971,-0.00041329263709855,45.4300317863189,-9.15063182046653e-05
41.39795,45.43112,0.000996707362901361,45.4300802543261,-4.30383110436249e-05
41.40928,45.43208,0.00195670736290054,45.4301141078786,-9.18475854228279e-06
41.42061,45.42821,-0.00191329263709861,45.4301309278326,7.63519547869351e-06
41.43195,45.43015,2.67073628990033e-05,45.4301305465999,7.25396279791543e-06
41.44326,45.4312,0.00107670736289833,45.4301148568854,-8.43575165395582e-06
41.4546,45.42802,-0.00210329263710207,45.4300873213934,-3.59712437162461e-05
41.46592,45.43098,0.000856707362899556,45.4300523184003,-7.09742367811237e-05
41.47725,45.43144,0.00131670736290346,45.4300144236416,-0.000108868995483957
41.4886,45.42928,-0.000843292637100035,45.4299776861551,-0.000145606481967871
41.49995,45.42931,-0.000813292637097618,45.4299449435063,-0.000178349130774295
41.5113,45.43002,-0.000103292637099628,45.4299172580989,-0.000206034538233543
41.52261,45.42915,-0.000973292637098666,45.4298936064493,-0.000229686187769282
41.53394,45.42863,-0.0014932926371003,45.4298709551084,-0.000252337528715262
41.54527,45.43063,0.000506707362902148,45.429844788468,-0.000278504169144215
41.5566,45.42947,-0.00065329263709657,45.4298100375168,-0.000313255120326054
41.56795,45.43189,0.00176670736290419,45.429762231122,-0.000361061515101813
41.57929,45.43014,1.67073629029346e-05,45.4296986042996,-0.000424688337526398
41.5906,45.42733,-0.00279329263710082,45.4296189051851,-0.000504387452018333
41.60192,45.43044,0.000316707362898683,45.4295257450915,-0.000597547545578399
41.61323,45.43135,0.00122670736290331,45.4294244577735,-0.000698834863616718
41.62452,45.42939,-0.000733292637100647,45.4293224980861,-0.000800794550957212
41.63585,45.42889,-0.00123329263709593,45.4292284403113,-0.000894852325833799
41.6472,45.42694,-0.00318329263709671,45.4291507127626,-0.000972579874537325
41.65851,45.42811,-0.00201329263710193,45.4290963183615,-0.00102697427556497
41.66985,45.43086,0.000736707362904099,45.4290698274019,-0.00105346523524334
41.68119,45.429,-0.00112329263709654,45.4290728211744,-0.00105047146272092
41.69251,45.42896,-0.00116329263710213,45.4291037883311,-0.00101950430598669
41.70387,45.42979,-0.000333292637101579,45.4291583639127,-0.00096492872436304
41.71519,45.42931,-0.000813292637097618,45.4292298037778,-0.000893488859306698
41.72651,45.4273,-0.00282329263709613,45.4293096504867,-0.000813642150352236
41.73782,45.42936,-0.000763292637095958,45.4293885986286,-0.000734694008498268
41.74913,45.42962,-0.000503292637098696,45.4294575627701,-0.000665729867000381
41.76047,45.43118,0.00105670736289909,45.4295088720827,-0.000614420554423716
41.7718,45.42903,-0.00109329263710123,45.429537401828,-0.000585890809146332
41.78312,45.43023,0.00010670736290308,45.4295413917528,-0.000581900884249973
41.79445,45.43045,0.000326707362901857,45.4295227459197,-0.000600546717365536
41.80578,45.42889,-0.00123329263709593,45.4294867257159,-0.000636566921165995
41.81711,45.43047,0.0003467073629011,45.4294410805556,-0.000682212081530598
41.82845,45.42709,-0.00303329263709884,45.4293947802297,-0.000728512407450668
41.83977,45.43026,0.000136707362898392,45.4293566012437,-0.000766691393357506
41.85112,45.42681,-0.00331329263709534,45.4293338467007,-0.000789445936365188
41.86246,45.43238,0.0022567073629034,45.4293314230222,-0.000791869614865643
41.87378,45.4284,-0.00172329263709514,45.429351377401,-0.000771915236120834
41.88511,45.42822,-0.00190329263709543,45.4293928841259,-0.000730408511191803
41.89643,45.42999,-0.000133292637102045,45.429452615603,-0.000670677034048883
41.90775,45.42966,-0.00046329263710021,45.4295254319958,-0.000597860641299263
41.91909,45.429,-0.00112329263709654,45.4296053104935,-0.000517982143552121
41.93044,45.43007,-5.32926370979681e-05,45.4296863914889,-0.000436901148168464
41.94178,45.42938,-0.000743292637096715,45.4297639755849,-0.000359317052244593
41.95309,45.43319,0.00306670736290471,45.4298352825988,-0.000288010038333633
41.96442,45.42902,-0.0011032926370973,45.4298997909261,-0.000223501711005816
41.97574,45.43042,0.00029670736289944,45.4299590476241,-0.000164245013042215
41.98708,45.42732,-0.00280329263709689,45.4300159968223,-0.00010729581483155
41.99841,45.42945,-0.000673292637095813,45.4300740502881,-4.9242349034952e-05
42.00974,45.43136,0.00123670736289938,45.4301361947097,1.29020726440233e-05
42.02106,45.43098,0.000856707362899556,45.4302043386024,8.10459653421213e-05
42.03239,45.43047,0.0003467073629011,45.4302789314774,0.000155638840255904
42.04372,45.42956,-0.000563292637096424,45.4303587844059,0.0002354917688321
42.05504,45.42958,-0.000543292637097181,45.4304410425622,0.000317749925080266
42.06635,45.43111,0.000986707362898187,45.4305213329631,0.000398040326014382
42.07766,45.43081,0.000686707362902439,45.4305941319681,0.000470839331021388
42.08899,45.42922,-0.000903292637097763,45.4306533469382,0.000530054301103072
42.10032,45.43183,0.00170670736289935,45.4306930368187,0.000569744181574012
42.1116,45.43174,0.00161670736289921,45.4307081471052,0.0005848544681158
42.12294,45.43132,0.0011967073629009,45.4306951107799,0.000571818142815692
42.13427,45.43034,0.000216707362902469,45.4306521863087,0.00052889367155949
42.1456,45.42942,-0.00070329263709823,45.4305794923762,0.000456199739123428
42.15691,45.42972,-0.000403292637095376,45.4304788242911,0.000355531654032468
42.16825,45.43057,0.000446707362904419,45.4303534096563,0.000230117019154405
42.17957,45.43046,0.000336707362897926,45.4302077230955,8.44304584094429e-05
42.1909,45.43065,0.000526707362901391,45.4300473641408,-7.59284963323081e-05
42.20225,45.43075,0.00062670736290471,45.4298788973183,-0.000244395318837442
42.21357,45.42898,-0.00114329263709578,45.4297095267014,-0.000413765935711075
42.22488,45.43098,0.000856707362899556,45.4295465349363,-0.000576757700777867
42.23621,45.42822,-0.00190329263709543,45.4293965195302,-0.00072677310688008
42.24753,45.42928,-0.000843292637100035,45.4292645607221,-0.000858731915013567
42.25884,45.42621,-0.00391329263710105,45.4291535224707,-0.000969770166369648
42.27017,45.43072,0.000596707362902293,45.4290636898571,-0.00105960278001775
42.28149,45.43017,4.67073628982462e-05,45.4289928562677,-0.00113043636937514
42.29283,45.42861,-0.00151329263709954,45.4289368213995,-0.00118647123763907
42.30415,45.42899,-0.00113329263709971,45.42889014695,-0.0012331456871017
42.31548,45.42794,-0.00218329263709904,45.4288470170997,-0.00127627553736638
42.32682,45.42822,-0.00190329263709543,45.4288021257776,-0.0013211668594591
42.33813,45.42892,-0.00120329263710062,45.4287515582845,-0.00137173435261477
42.34948,45.4307,0.000576707362903051,45.428693600016,-0.00142969262106239
42.36081,45.42812,-0.00200329263709875,45.4286293301625,-0.00149396247462633
42.37215,45.42838,-0.00174329263710149,45.4285628266679,-0.0015604659692367
42.38348,45.42844,-0.00168329263709666,45.4285008644482,-0.0016224281889023
42.39479,45.43092,0.000796707362901827,45.4284520927145,-0.00167119992261467
42.40613,45.42778,-0.00234329263710009,45.4284257682174,-0.00169752441970423
42.41747,45.42649,-0.00363329263709744,45.4284302025544,-0.00169309008265297
42.42883,45.42815,-0.00197329263709634,45.4284711822125,-0.00165211042456312
42.44015,45.42847,-0.00165329263710134,45.4285506956534,-0.0015725969836864
42.45148,45.42841,-0.00171329263709907,45.428666269725,-0.00145702291207454
42.46281,45.42672,-0.00340329263709549,45.428811077486,-0.00131221515105997
42.47415,45.43073,0.000606707362898362,45.4289748083567,-0.00114848428036683
42.4855,45.42859,-0.00153329263709878,45.4291451380087,-0.000978154628354146
42.49682,45.43095,0.000826707362904244,45.4293095056854,-0.000813786951746397
42.50813,45.43028,0.00015670736290474,45.4294568290554,-0.000666463581701183
42.51944,45.42962,-0.000503292637098696,45.4295788076277,-0.000544485009378968
42.53079,45.43034,0.000216707362902469,45.4296705914098,-0.00045270122725329
42.54213,45.42929,-0.000833292637096861,45.4297307756784,-0.000392516958679473
42.55347,45.42847,-0.00165329263710134,45.4297608603994,-0.000362432237651706
42.56479,45.42888,-0.0012432926370991,45.4297644291757,-0.000358863461435251
42.57614,45.43047,0.0003467073629011,45.4297463218895,-0.000376970747634525
42.58747,45.4287,-0.00142329263709939,45.4297119916366,-0.000411301000511533
42.5988,45.43114,0.0010167073629006,45.4296670929495,-0.000456199687607358
42.61015,45.42965,-0.000473292637096279,45.4296172199437,-0.000506072693355929
42.62149,45.43086,0.000736707362904099,45.4295676563134,-0.000555636323684855
42.63282,45.42859,-0.00153329263709878,45.4295230286472,-0.000600263989939203
42.64416,45.42999,-0.000133292637102045,45.429486852494,-0.000636440143053745
42.65546,45.42785,-0.00227329263709919,45.4294610811603,-0.000662211476793758
42.66681,45.42785,-0.00227329263709919,45.4294458477888,-0.000677444848302074
42.67812,45.43061,0.000486707362902905,45.4294395805532,-0.000683712083891318
42.68942,45.42857,-0.00155329263709802,45.4294395551654,-0.000683737471722006
42.70076,45.43102,0.000896707362898042,45.4294427710063,-0.000680521630849724
42.71211,45.43072,0.000596707362902293,45.4294468849471,-0.000676407689950483
42.72346,45.42892,-0.00120329263710062,45.4294508883434,-0.000672404293713747
42.73479,45.43054,0.000416707362902002,45.4294552876553,-0.000668004981808858
42.74613,45.42971,-0.00041329263709855,45.4294617085555,-0.000661584081585552
42.75747,45.4284,-0.00172329263709514,45.4294720213698,-0.000651271267323835
42.76882,45.43011,-1.32926370994824e-05,45.4294872306267,-0.000636062010365384
42.78016,45.42753,-0.00259329263710129,45.4295064596971,-0.000616832940005905
42.79149,45.42816,-0.00196329263710027,45.4295263782115,-0.000596914425559043
42.80281,45.4285,-0.00162329263709893,45.4295413474262,-0.000581945210934063
42.81414,45.42975,-0.000373292637100064,45.4295443851139,-0.000578907523213521
42.82544,45.43044,0.000316707362898683,45.4295287956324,-0.000594497004680264
42.83676,45.43235,0.00222670736290098,45.4294900482223,-0.000633244414843507
42.84809,45.431,0.000876707362898799,45.4294273338675,-0.000695958769588999
42.85943,45.42919,-0.00093329263710018,45.4293442816408,-0.000779010996289774
42.87075,45.43003,-9.32926370964537e-05,45.4292485751415,-0.000874717495629163
42.88206,45.42704,-0.0030832926371005,45.4291505769393,-0.000972715697783527
42.89338,45.42753,-0.00259329263710129,45.4290613880339,-0.00106190460317853
42.90472,45.42818,-0.00194329263710102,45.4289909188634,-0.00113237377374136
42.91608,45.42734,-0.00278329263709765,45.428946487818,-0.00117680481906711
42.92743,45.42968,-0.000443292637100967,45.42893222933,-0.00119106330711178
42.93876,45.43187,0.00174670736290494,45.42894928166,-0.00117401097714306
42.95009,45.42913,-0.000993292637097909,45.4289964603508,-0.00112683228626196
42.96143,45.42838,-0.00174329263710149,45.4290710216042,-0.00105227103285726
42.97276,45.42964,-0.000483292637099453,45.4291692157847,-0.000954076852429289
42.98411,45.42886,-0.00126329263709835,45.4292865337641,-0.000836758873024625
42.99544,45.42845,-0.00167329263710059,45.4294177135132,-0.000705579123919813
43.00677,45.43185,0.00172670736289859,45.4295566337798,-0.000566658857259728
43.0181,45.42875,-0.00137329263709773,45.4296962091244,-0.000427083512749199
43.02943,45.42801,-0.00211329263709814,45.4298283806164,-0.000294912020662509
43.04073,45.43047,0.0003467073629011,45.4299443009641,-0.000178991673043564
43.05204,45.42954,-0.000583292637095667,45.4300348098682,-8.84827688786281e-05
43.06336,45.43084,0.000716707362904856,45.4300912316597,-3.20609773928511e-05
43.0747,45.42962,-0.000503292637098696,45.4301064142467,-1.68783904434174e-05
43.08604,45.4308,0.000676707362899265,45.4300758362888,-4.74563483315144e-05
43.09738,45.43061,0.000486707362902905,45.4299985802847,-0.000124712352432331
43.10873,45.42813,-0.00199329263709558,45.4298779912984,-0.000245301338715679
43.12005,45.43188,0.00175670736290101,45.4297218873636,-0.000401405273495107
43.13137,45.42873,-0.00139329263709698,45.4295422344341,-0.000581058203046212
43.14268,45.43243,0.00230670736289795,45.4293542363865,-0.000769056250640426
43.15399,45.42699,-0.00313329263709505,45.4291748448791,-0.000948447757950299
43.16532,45.42892,-0.00120329263710062,45.4290208019906,-0.00110249064648523
43.17664,45.43027,0.000146707362901566,45.4289064735375,-0.00121681909957235
43.18799,45.42603,-0.00409329263710134,45.4288418403334,-0.00128145230374474
43.19931,45.42811,-0.00201329263710193,45.4288310380957,-0.00129225454140904
43.21066,45.42665,-0.00347329263709639,45.4288717731617,-0.00125151947535478
43.22198,45.43037,0.000246707362904885,45.4289557860069,-0.00116750663015372
43.23332,45.43174,0.00161670736289921,45.4290702865679,-0.00105300606914627
43.24464,45.42876,-0.00136329263710167,45.4292000260348,-0.000923266602268342
43.25595,45.42798,-0.00214329263710056,45.4293295440296,-0.000793748607528796
43.26728,45.43003,-9.32926370964537e-05,45.4294451960884,-0.000678096548677712
43.27859,45.43168,0.00155670736290148,45.4295367194338,-0.000586573203260336
43.28989,45.42924,-0.000883292637098521,45.4295982017506,-0.000525090886488518
43.30122,45.4297,-0.000423292637101724,45.4296283776255,-0.000494915011616703
43.31252,45.42794,-0.00218329263709904,45.4296302701174,-0.000493022519648216
43.32385,45.43063,0.000506707362902148,45.4296103193983,-0.000512973238766133
43.3352,45.42956,-0.000563292637096424,45.4295772115366,-0.000546081100456685
43.34655,45.42903,-0.00109329263710123,45.4295406002712,-0.000582692365906414
43.35788,45.42989,-0.000233292637098259,45.4295098557831,-0.000613436854035766
43.36925,45.42986,-0.000263292637100676,45.4294929373833,-0.000630355253808591
43.38059,45.42777,-0.00235329263709616,45.4294954783172,-0.000627814319939632
43.39193,45.42998,-0.000143292637098114,45.4295201671781,-0.000603125458965565
43.40325,45.43004,-8.3292637100385e-05,45.4295664889413,-0.000556803695800783
43.41458,45.42997,-0.000153292637101288,45.4296308381548,-0.00049245448231078
43.42591,45.42819,-0.00193329263709785,45.4297069582205,-0.000416334416587713
43.43724,45.43089,0.00076670736289941,45.4297866314916,-0.000336661145459442
43.44859,45.43015,2.67073628990033e-05,45.429860544404,-0.000262748233102409
43.45993,45.42976,-0.00036329263709689,45.4299192494449,-0.00020404319219119
43.47127,45.42984,-0.000283292637099919,45.4299541419525,-0.000169150684599223
43.48259,45.43014,1.67073629029346e-05,45.4299583884223,-0.000164904214753077
43.49391,45.42729,-0.00283329263709931,45.4299277752863,-0.000195517350771642
43.50523,45.43221,0.00208670736289918,45.4298614516209,-0.000261841016180083
43.51656,45.43058,0.000456707362900488,45.4297624892987,-0.000360803338355532
43.52787,45.42941,-0.000713292637101404,45.4296381069893,-0.000485185647843651
43.53918,45.43007,-5.32926370979681e-05,45.4294993764703,-0.000623916166770034
43.55049,45.42939,-0.000733292637100647,45.4293603005969,-0.000762992040169336
43.56181,45.43024,0.000116707362899149,45.4292362845104,-0.000887008126711172
43.57314,45.42875,-0.00137329263709773,45.4291421477786,-0.000981144858540336
43.58447,45.42827,-0.00185329263710088,45.4290899259986,-0.00103336663848546
43.59583,45.43031,0.000186707362900052,45.4290867941475,-0.00103649848957904
43.60716,45.42616,-0.00396329263709561,45.4291334974292,-0.000989795207926891
43.61847,45.42629,-0.00383329263709697,45.4292236704779,-0.000899622159189793
43.62981,45.43089,0.00076670736289941,45.4293443303017,-0.000778962335393863
43.64113,45.42795,-0.00217329263709587,45.4294776080449,-0.000645684592207205
43.65248,45.43337,0.00324670736289789,45.4296034622516,-0.000519830385484796
43.66381,45.43018,5.67073629014203e-05,45.4297028202319,-0.000420472405150543
43.67517,45.42966,-0.00046329263710021,45.4297604771533,-0.000362815483808248
43.68652,45.43028,0.00015670736290474,45.4297671908747,-0.000356101762407899
43.69785,45.43108,0.000956707362902876,45.4297206563622,-0.000402636274885823
43.70917,45.43053,0.000406707362898828,45.4296252972129,-0.000497995424225802
43.72047,45.4278,-0.00232329263710085,45.429491016523,-0.000632276114075839
43.73178,45.42854,-0.00158329263710044,45.4293312239851,-0.000792068652032415
43.7431,45.42809,-0.00203329263710117,45.4291605925925,-0.000962700044629423
43.75443,45.4278,-0.00232329263710085,45.4289930277847,-0.00113026485237933
43.76574,45.43014,1.67073629029346e-05,45.4288402133209,-0.0012830793161564
43.77707,45.42798,-0.00214329263710056,45.428710882228,-0.0014124104090865
43.78842,45.42931,-0.000813292637097618,45.4286107490496,-0.00151254358746974
43.79977,45.42871,-0.00141329263709622,45.4285429079465,-0.00158038469063764
43.81111,45.42799,-0.00213329263709738,45.4285084635504,-0.00161482908670472
43.82244,45.42916,-0.000963292637095492,45.4285071825244,-0.00161611011272955
43.83377,45.43037,0.000246707362904885,45.4285379928927,-0.00158529974437452
43.84511,45.42829,-0.00183329263710164,45.4285992055335,-0.00152408710355976
43.85644,45.42776,-0.00236329263709933,45.4286884117271,-0.00143488090996833
43.8678,45.42826,-0.00186329263709695,45.4288021335773,-0.00132115905980394
43.87914,45.42843,-0.00169329263709983,45.4289354182705,-0.00118787436664071
43.89048,45.42913,-0.000993292637097909,45.4290815935267,-0.00104169911037342
43.9018,45.42974,-0.000383292637096133,45.4292323249742,-0.000890967662934736
43.91309,45.42997,-0.000153292637101288,45.4293780004728,-0.000745292164311069
43.92442,45.42858,-0.00154329263710196,45.4295083879046,-0.000614904732476748
43.93576,45.42912,-0.00100329263710108,45.4296135011701,-0.000509791466971071
43.94712,45.42893,-0.00119329263709744,45.4296846324569,-0.000438660180210444
43.95847,45.42887,-0.00125329263709517,45.4297155022158,-0.000407790421270812
43.9698,45.43206,0.0019367073629013,45.4297034005712,-0.000419892065875311
43.98116,45.4319,0.00177670736290025,45.4296500726016,-0.000473220035496451
43.99247,45.4297,-0.000423292637101724,45.4295620293144,-0.000561263322729284
44.00384,45.42859,-0.00153329263709878,45.429450046259,-0.000673246378117547
44.01519,45.42867,-0.00145329263710181,45.4293278461586,-0.000795446478477645
44.02649,45.4296,-0.000523292637097938,45.4292102227892,-0.000913069847855774
44.03782,45.42828,-0.0018432926370977,45.4291110056044,-0.00101228703270665
44.04914,45.42727,-0.00285329263709855,45.4290412582301,-0.00108203440698298
44.06046,45.43033,0.000206707362899294,45.429008011594,-0.00111528104309689
44.07179,45.4272,-0.00292329263709945,45.4290137035227,-0.00110958911437214
44.08313,45.42943,-0.000693292637095055,45.4290563456162,-0.00106694702089758
44.09444,45.431,0.000876707362898799,45.4291302873871,-0.000993005250002063
44.10578,45.42912,-0.00100329263710108,45.4292273339991,-0.000895958638004917
44.11712,45.43052,0.00039670736290276,45.4293379353834,-0.000785357253674422
44.12843,45.42828,-0.0018432926370977,45.4294522265233,-0.000671066113830365
44.13976,45.42915,-0.000973292637098666,45.4295608380052,-0.000562454631901381
44.15108,45.42761,-0.00251329263709721,45.4296555301862,-0.000467762450941742
44.1624,45.43196,0.00183670736289798,45.4297297470401,-0.000393545597028825
44.17373,45.43005,-7.32926370972109e-05,45.429779113747,-0.000344178890148495
44.18505,45.43046,0.000336707362897926,45.4298017820124,-0.000321510624670766
44.19637,45.43091,0.000786707362898653,45.4297984714241,-0.000324821213039813
44.20768,45.42784,-0.00228329263709526,45.4297721235637,-0.000351169073449497
44.219,45.42994,-0.000183292637096599,45.4297272333834,-0.000396059253700308
44.23033,45.42796,-0.0021632926370998,45.4296690484387,-0.000454244198406695
44.24167,45.43067,0.000546707362900634,45.4296028519963,-0.000520440640849275
44.25303,45.43117,0.00104670736290302,45.4295334628166,-0.000589829820467091
44.26434,45.42763,-0.00249329263709797,45.4294649625343,-0.000658330102762537
44.27567,45.42922,-0.000903292637097763,45.4294005941148,-0.000722698522281891
44.28703,45.42978,-0.000343292637097647,45.4293427856787,-0.000780506958437908
44.29838,45.43006,-6.32926371011422e-05,45.4292932788421,-0.000830013795040509
44.30972,45.42824,-0.00188329263709619,45.4292533263323,-0.000869966304752822
44.32106,45.43024,0.000116707362899149,45.4292238974611,-0.000899395176011964
44.33241,45.42823,-0.00189329263709936,45.4292058355038,-0.0009174571333174
44.34374,45.42862,-0.00150329263709637,45.4291999366484,-0.000923355988701156
44.35507,45.43275,0.00262670736290005,45.4292069305283,-0.000916362108811586
44.36642,45.42727,-0.00285329263709855,45.4292273365124,-0.000895956124689533
44.37775,45.42757,-0.00255329263709569,45.4292611876466,-0.00086210499052656
44.38908,45.43064,0.000516707362898217,45.4293076769078,-0.000815615729299951
44.40042,45.42982,-0.000303292637099162,45.4293648346571,-0.000758457980008231
44.41174,45.43015,2.67073628990033e-05,45.4294293300997,-0.00069396253738646
44.42305,45.4275,-0.0026232926370966,45.4294964421337,-0.000626850503359234
44.43437,45.42836,-0.00176329263710073,45.4295602449803,-0.000563047656843823
44.4457,45.43097,0.000846707362903487,45.4296140794277,-0.000509213209421621
44.45702,45.42876,-0.00136329263710167,45.4296513392119,-0.000471953425163964
44.46836,45.43068,0.000556707362903808,45.4296664781714,-0.000456814465719269
44.47969,45.43021,8.67073629038373e-05,45.4296560221431,-0.000467270493978328
44.491,45.42997,-0.000153292637101288,45.4296193271216,-0.000503965515480464
44.50232,45.43164,0.00151670736290299,45.4295588710458,-0.000564421591341131
44.51364,45.42739,-0.00273329263709599,45.4294799792342,-0.000643313402887316
44.52497,45.42982,-0.000303292637099162,45.4293900389304,-0.000733253706696081
44.53632,45.42751,-0.00261329263710053,45.429297409482,-0.000825883155135404
44.54764,45.42936,-0.000763292637095958,45.4292103101791,-0.000912982458003909
44.55898,45.4302,7.67073629006632e-05,45.4291359259154,-0.000987366721710415
44.5703,45.42811,-0.00201329263710193,45.429079846267,-0.00104344637007495
44.58163,45.42837,-0.00175329263709756,45.4290458299534,-0.00107746268370057
44.59296,45.43143,0.00130670736290028,45.4290358178263,-0.00108747481077287
44.60429,45.42812,-0.00200329263709875,45.429050094696,-0.00107319794112264
44.6156,45.429,-0.00112329263709654,45.429087504338,-0.0010357882990484
44.62693,45.42859,-0.00153329263709878,45.4291456596809,-0.000977632956152216
44.63824,45.4303,0.000176707362903983,45.4292211486367,-0.000902144000374546
44.64957,45.4276,-0.00252329263710038,45.4293097687093,-0.000813523927768284
44.66092,45.43105,0.000926707362900459,45.4294068120136,-0.000716480623535901
44.67225,45.42853,-0.00159329263709651,45.4295073931324,-0.000615899504731681
44.68359,45.42928,-0.000843292637100035,45.4296067892514,-0.000516503385653693
44.69493,45.43151,0.00138670736290436,45.4297007481911,-0.000422544446007151
44.70628,45.42811,-0.00201329263710193,45.4297857132325,-0.00033757940461369
44.71764,45.43081,0.000686707362902439,45.4298589176978,-0.00026437493924866
44.72896,45.43113,0.00100670736290454,45.4299183230862,-0.000204969550903793
44.74029,45.42971,-0.00041329263709855,45.429962412535,-0.000160880102050383
44.75161,45.42752,-0.00260329263709735,45.4299899076952,-0.000133384941879189
44.76294,45.43061,0.000486707362902905,45.4299995444358,-0.000123748201270286
44.77426,45.42924,-0.000883292637098521,45.4299900714495,-0.000133221187642336
44.78559,45.42896,-0.00116329263710213,45.4299605667835,-0.000162725853556842
44.79691,45.43348,0.00335670736290439,45.4299110156348,-0.000212277002304451
44.80825,45.42914,-0.00098329263710184,45.4298429457047,-0.000280346932406552
44.81958,45.43002,-0.000103292637099628,45.4297598618973,-0.000363430739795379
44.83092,45.42928,-0.000843292637100035,45.4296672954665,-0.000455997170620467
44.84226,45.42867,-0.00145329263710181,45.4295724351827,-0.000550857454351228
44.8536,45.43011,-1.32926370994824e-05,45.429483433436,-0.00063985920111933
44.86494,45.43091,0.000786707362898653,45.4294085126041,-0.000714780032948352
44.87629,45.42873,-0.00139329263709698,45.4293549682198,-0.000768324417301329
44.88765,45.42828,-0.0018432926370977,45.4293281560981,-0.000795136539035067
44.89898,45.42865,-0.00147329263710105,45.4293305959319,-0.000792696705211804
44.91035,45.43023,0.00010670736290308,45.42936137116,-0.000761921477075871
44.92168,45.4274,-0.00272329263709992,45.4294159802045,-0.000707312432631266
44.93299,45.43127,0.00114670736289924,45.4294866951591,-0.000636597477975686
44.94432,45.43008,-4.32926371018993e-05,45.4295633698011,-0.000559922836028591
44.95562,45.42918,-0.000943292637096249,45.4296345626997,-0.000488729937431928
44.96697,45.42946,-0.000663292637099744,45.4296888301558,-0.000434462481260489
44.9783,45.42743,-0.0026932926370975,45.4297160895676,-0.000407203069450818
44.98962,45.43023,0.00010670736290308,45.4297089935099,-0.000414299127244361
45.00097,45.43083,0.000706707362901682,45.4296642113031,-0.00045908133395447
45.0123,45.4325,0.00237670736289886,45.429583387787,-0.000539904850144789
45.02362,45.43071,0.000586707362899119,45.4294734468055,-0.00064984583158919
45.03495,45.42766,-0.00246329263709555,45.4293459661786,-0.000777326458540444
45.04626,45.42937,-0.000753292637099889,45.429215601996,-0.00090769064113939
45.05759,45.42824,-0.00188329263709619,45.4290978556107,-0.00102543702637078
45.06892,45.42698,-0.00314329263709823,45.4290066799127,-0.00111661272443597
45.08027,45.4297,-0.000423292637101724,45.4289524345079,-0.00117085812923836
45.09159,45.42817,-0.00195329263709709,45.4289405634763,-0.00118272916083286
45.10289,45.42863,-0.0014932926371003,45.4289711667889,-0.00115212584822531
45.11419,45.42871,-0.00141329263709622,45.4290394385474,-0.00108385408968125
45.12554,45.43111,0.000986707362898187,45.4291367928834,-0.000986499753720598
45.13686,45.42805,-0.00207329263709966,45.4292524005176,-0.000870892119463761
45.14822,45.43126,0.00113670736290317,45.4293748216074,-0.000748471029712159
45.15952,45.42897,-0.00115329263709896,45.4294934551386,-0.000629837498458995
45.17087,45.43007,-5.32926370979681e-05,45.429599619848,-0.000523672789068904
45.18222,45.42894,-0.00118329263710137,45.4296871995023,-0.00043609313479176
45.19357,45.43023,0.00010670736290308,45.4297528897528,-0.000370402884311249
45.20493,45.42758,-0.00254329263709963,45.4297961470542,-0.000327145582919406
45.21625,45.43137,0.00124670736290255,45.4298189446192,-0.00030434801794766
45.22758,45.43153,0.0014067073629036,45.4298253878213,-0.000297904815781556
45.23889,45.42884,-0.00128329263709759,45.4298211695752,-0.000302123061859648
45.25024,45.43017,4.67073628982462e-05,45.4298128254029,-0.000310467234209575
45.26157,45.42855,-0.00157329263709727,45.4298068157379,-0.000316476899180666
45.27291,45.42996,-0.000163292637097356,45.4298085642234,-0.000314728413662796
45.28425,45.43058,0.000456707362900488,45.4298216243026,-0.000301668334546248
45.29557,45.42937,-0.000753292637099889,45.4298471107051,-0.000276181931982962
45.30689,45.42959,-0.000533292637101113,45.4298834725394,-0.000239820097669836
45.31825,45.42955,-0.000573292637099598,45.4299266523266,-0.000196640310464678
45.32957,45.42833,-0.00179329263709604,45.4299706628915,-0.000152629745618421
45.34091,45.42937,-0.000753292637099889,45.4300085733335,-0.000114719303577661
45.35225,45.43335,0.00322670736289865,45.4300337913108,-8.95013262508525e-05
45.36358,45.43124,0.00111670736290392,45.4300413842486,-8.19083884932559e-05
45.37493,45.4286,-0.00152329263709561,45.4300290922669,-9.4200370196835e-05
45.38626,45.43124,0.00111670736290392,45.4299977504208,-0.000125542216329429
45.39758,45.42968,-0.000443292637100967,45.4299510393774,-0.000172253259706306
45.4089,45.42836,-0.00176329263710073,45.4298946910791,-0.000228601557948528
45.42022,45.43139,0.0012667073629018,45.4298353903973,-0.00028790223978993
45.43156,45.42788,-0.00224329263709677,45.4297796343486,-0.000343658288495036
45.44289,45.42967,-0.000453292637097036,45.4297327729799,-0.000390519657173719
45.45422,45.42949,-0.000633292637097327,45.4296983849053,-0.000424907731782396
45.46556,45.4309,0.000776707362902584,45.42967804757,-0.000445245067101383
45.47691,45.42818,-0.00194329263710102,45.4296714627251,-0.00045182991199296
45.48826,45.43094,0.00081670736290107,45.42967682317,-0.000446469467048905
45.4996,45.43063,0.000506707362902148,45.4296912819683,-0.000432010668802494
45.51096,45.42885,-0.00127329263710152,45.4297114039308,-0.000411888706334498
45.52228,45.42962,-0.000503292637098696,45.4297335293596,-0.000389763277537559
45.53359,45.42931,-0.000813292637097618,45.4297540507077,-0.000369241929380805
45.54493,45.43001,-0.000113292637095697,45.4297696570828,-0.000353635554277384
45.55627,45.4287,-0.00142329263709939,45.4297776004082,-0.000345692228907774
45.56759,45.43088,0.000756707362903342,45.4297759856139,-0.000347307023172197
45.57891,45.43078,0.000656707362900022,45.4297640218589,-0.000359270778196938
45.59027,45.43033,0.000206707362899294,45.4297421302609,-0.000381162376191581
45.6016,45.42828,-0.0018432926370977,45.4297118226444,-0.00041146999272174
45.61292,45.43011,-1.32926370994824e-05,45.4296753560417,-0.000447936595424055
45.62426,45.42814,-0.00198329263709951,45.4296352762403,-0.000488016396846426
45.63556,45.42989,-0.000233292637098259,45.4295940084878,-0.000529284149272401
45.6469,45.42992,-0.000203292637095842,45.4295536031697,-0.00056968946737529
45.65825,45.43075,0.00062670736290471,45.4295156397859,-0.000607652851172543
45.66958,45.42944,-0.000683292637098987,45.4294812070423,-0.000642085594811778
45.68092,45.42859,-0.00153329263709878,45.4294508682975,-0.00067242433956402
45.69226,45.4287,-0.00142329263709939,45.4294245903834,-0.00069870225371825
45.70358,45.4307,0.000576707362903051,45.4294016935642,-0.00072159907294539
45.71492,45.42878,-0.00134329263709532,45.4293809008509,-0.000742391786186156
45.72626,45.42822,-0.00190329263709543,45.4293605265833,-0.000762766053777645
45.73757,45.43013,6.70736289976048e-06,45.4293387978427,-0.000784494794392444
45.74889,45.42965,-0.000473292637096279,45.429314267395,-0.000809025242114968
45.76023,45.42914,-0.00098329263710184,45.4292862376844,-0.000837054952723772
45.77154,45.43117,0.00104670736290302,45.429255083247,-0.000868209390106423
45.78286,45.42766,-0.00246329263709555,45.4292223729564,-0.000900919680732809
45.7942,45.42821,-0.00191329263709861,45.4291907639914,-0.000932528645651263
45.80552,45.43017,4.67073628982462e-05,45.4291637245021,-0.000959568134966364
45.81685,45.42934,-0.000783292637095201,45.4291451789163,-0.000978113720794427
45.82821,45.42805,-0.00207329263709966,45.4291391380241,-0.000984154613031556
45.83954,45.43023,0.00010670736290308,45.4291493220709,-0.000973970566229024
45.85088,45.42965,-0.000473292637096279,45.42917875931,-0.000944533327068601
45.86223,45.42897,-0.00115329263709896,45.429229347639,-0.000893944998088549
45.87358,45.42853,-0.00159329263709651,45.4293013935776,-0.00082189905952367
45.88493,45.43016,3.67073629021775e-05,45.4293931876704,-0.00073010496667421
45.89626,45.42935,-0.000773292637099132,45.4295007142287,-0.000622578408436583
45.90759,45.42906,-0.00106329263709881,45.4296176004314,-0.000505692205741834
45.91894,45.42786,-0.00226329263709601,45.429735392949,-0.000387899688073221
45.93029,45.43071,0.000586707362899119,45.4298442172409,-0.000279075396155517
45.94161,45.43168,0.00155670736290148,45.4299338024884,-0.000189490148729866
45.95295,45.42814,-0.00198329263709951,45.4299947443379,-0.000128548299194257
45.96428,45.43126,0.00113670736290317,45.4300197926122,-0.000103500024904289
45.97561,45.43024,0.000116707362899149,45.4300049462598,-0.00011834637725137
45.98694,45.43037,0.000246707362904885,45.4299501890538,-0.000173103583298327
45.99829,45.42791,-0.00221329263710146,45.4298597588091,-0.000263533828034057
46.00965,45.43299,0.00286670736289807,45.4297418970929,-0.000381395544156149
46.02099,45.42896,-0.00116329263710213,45.4296080735893,-0.000515219047806511
46.03232,45.42967,-0.000453292637097036,45.4294717241624,-0.000651568474691881
46.04367,45.4297,-0.000423292637101724,45.4293466154852,-0.000776677151906249
46.05502,45.42666,-0.00346329263710032,45.4292450614848,-0.0008782311522527
46.06636,45.42884,-0.00128329263709759,45.4291763105663,-0.000946982070801259
46.0777,45.42967,-0.000453292637097036,45.429145421037,-0.000977871600122589
46.08905,45.42936,-0.000763292637095958,45.4291528237525,-0.000970468884635985
46.10036,45.42866,-0.00146329263709788,45.4291945950388,-0.000928697598315068
46.11168,45.42925,-0.000873292637095346,45.4292633242281,-0.000859968409037432
46.12302,45.429,-0.00112329263709654,45.4293493995521,-0.000773893084998054
46.13433,45.42919,-0.00093329263710018,45.4294425150727,-0.000680777564432164
46.14566,45.43141,0.00128670736290104,45.4295331716517,-0.000590120985425782
46.15697,45.43167,0.0015467073628983,45.4296139112397,-0.00050938139741309
46.16832,45.42763,-0.00249329263709797,45.4296800399998,-0.0004432526373105
46.17967,45.43052,0.00039670736290276,45.4297297112628,-0.000393581374316158
46.19099,45.42952,-0.000603292637102015,45.4297634262974,-0.000359866339718986
46.20235,45.4287,-0.00142329263709939,45.4297831680741,-0.000340124562968138
46.21368,45.43012,-3.29263709630823e-06,45.4297914390065,-0.000331853630617062
46.22499,45.4286,-0.00152329263709561,45.4297904411361,-0.000332851500978649
46.23634,45.43105,0.000926707362900459,45.4297815587971,-0.000341733840039201
46.24768,45.42937,-0.000753292637099889,45.4297652086173,-0.000358084019778551
46.25901,45.42867,-0.00145329263710181,45.4297410388891,-0.000382253748040848
46.27036,45.43006,-6.32926371011422e-05,45.4297084113892,-0.000414881247897702
46.28171,45.42828,-0.0018432926370977,45.429667067744,-0.000456224893097541
46.29305,45.43309,0.00296670736290139,45.4296178318275,-0.000505460809571739
46.30438,45.42966,-0.00046329263710021,45.4295631316777,-0.000560160959363583
46.31571,45.43,-0.000123292637098871,45.4295071061535,-0.000616186483577284
46.32704,45.42794,-0.00218329263709904,45.429455160505,-0.000668132132063424
46.33841,45.43105,0.000926707362900459,45.4294130268026,-0.000710265834502161
46.34972,45.42876,-0.00136329263710167,45.4293855624504,-0.000737730186675757
46.36106,45.42751,-0.00261329263710053,45.4293756082488,-0.000747684388315502
46.37237,45.42816,-0.00196329263710027,45.4293832369474,-0.000740055689683155
46.38366,45.42761,-0.00251329263709721,45.4294056672755,-0.000717625361577076
46.39499,45.4304,0.000276707362900197,45.4294379621301,-0.000685330506979323
46.40628,45.43218,0.00205670736290386,45.4294743668233,-0.000648925813791453
46.41761,45.43156,0.00143670736289891,45.4295098737511,-0.000613418886013331
46.42892,45.42783,-0.00229329263709843,45.4295414842541,-0.000581808382964256
46.44024,45.43033,0.000206707362899294,45.4295687622427,-0.00055453039438083
46.45153,45.43007,-5.32926370979681e-05,45.4295935533713,-0.000529739265750189
46.46286,45.43056,0.000436707362901245,45.4296190028252,-0.000504289811930829
46.47419,45.42841,-0.00171329263709907,45.4296481570177,-0.000475135619398943
46.48552,45.42751,-0.00261329263710053,45.4296825204206,-0.000440772216458019
46.49684,45.42809,-0.00203329263710117,45.4297209893552,-0.000402303281940785
46.50821,45.42922,-0.000903292637097763,45.429759539062,-0.000363753575065597
46.51953,45.43057,0.000446707362904419,45.4297918353077,-0.000331457329358581
46.53088,45.43047,0.0003467073629011,45.42981062393,-0.00031266870713571
46.54223,45.43343,0.00330670736290273,45.4298094645848,-0.000313828052258368
46.55358,45.42992,-0.000203292637095842,45.4297842568707,-0.000339035766419118
46.56488,45.42876,-0.00136329263710167,45.4297341148168,-0.000389177820316923
46.57622,45.42889,-0.00123329263709593,45.4296614277913,-0.00046186484580433
46.58754,45.42907,-0.00105329263709564,45.4295712525658,-0.000552040071268466
46.59886,45.43091,0.000786707362898653,45.4294703540688,-0.000652938568327081
46.61021,45.42538,-0.0047432926371016,45.4293662092225,-0.000757083414621343
46.62154,45.43332,0.00319670736290334,45.4292661888415,-0.000857103795618054
46.63285,45.42552,-0.0046032926370998,45.4291770196116,-0.000946273025510698
46.64419,45.43036,0.000236707362901711,45.4291045248592,-0.00101876777785669
46.6555,45.43081,0.000686707362902439,45.4290535516694,-0.00106974096771681
46.66684,45.4299,-0.000223292637095085,45.4290279276398,-0.0010953649973457
46.67817,45.42851,-0.00161329263709575,45.429030286579,-0.00109300605811418
46.68948,45.4285,-0.00162329263709893,45.4290616947291,-0.00106159790802039
46.70084,45.42817,-0.00195329263709709,45.4291211714211,-0.00100212121595501
46.71219,45.42838,-0.00174329263710149,45.4292053252572,-0.000917967379917212
46.72353,45.42977,-0.000353292637100822,45.4293083310253,-0.000814961611777026
46.73485,45.42999,-0.000133292637102045,45.4294223620461,-0.000700930591003593
46.7462,45.42833,-0.00179329263709604,45.429538445988,-0.00058484664908834
46.75755,45.42861,-0.00151329263709954,45.4296476036857,-0.000475688951431462
46.76889,45.43228,0.00215670736290008,45.4297420720191,-0.000381220618042757
46.78022,45.43107,0.000946707362899701,45.429816367135,-0.000306925502075761
46.79155,45.4299,-0.000223292637095085,45.4298679175385,-0.000255375098599685
46.80289,45.43045,0.000326707362901857,45.4298970584882,-0.000226234148933355
46.81422,45.42884,-0.00128329263709759,45.4299063601387,-0.000216932498424189
46.82554,45.43031,0.000186707362900052,45.4298994820117,-0.000223810625404945
46.83687,45.42739,-0.00273329263709599,45.4298798953081,-0.00024339732904469
46.84823,45.42974,-0.000383292637096133,45.4298498437443,-0.00027344889276725
46.85957,45.42942,-0.00070329263709823,45.4298098278882,-0.000313464748868593
46.8709,45.43033,0.000206707362899294,45.4297587236773,-0.00036456895980813
46.88224,45.43124,0.00111670736290392,45.4296944401605,-0.000428852476619129
46.89357,45.42966,-0.00046329263710021,45.4296148713351,-0.000508421301949409
46.90492,45.42819,-0.00193329263709785,45.4295188677591,-0.000604424877964742
46.91624,45.42894,-0.00118329263710137,45.4294070328391,-0.000716259798008295
46.92756,45.43052,0.00039670736290276,45.4292822459176,-0.000841046719524504
46.9389,45.43148,0.00135670736290194,45.4291498441065,-0.000973448530586385
46.95023,45.42841,-0.00171329263709907,45.4290173767327,-0.0011059159043681
46.96155,45.42686,-0.00326329263710079,45.428893884349,-0.0012294082881312
46.97289,45.42895,-0.0011732926370982,45.4287887885715,-0.00133450406557117
46.98425,45.43117,0.00104670736290302,45.4287106122067,-0.00141268043038601
46.99559,45.42603,-0.00409329263710134,45.4286657767657,-0.00145751587134952
47.00694,45.42776,-0.00236329263709933,45.428657674279,-0.00146561835812716
47.01825,45.42882,-0.00130329263709683,45.4286861633474,-0.00143712928972554
47.02958,45.42921,-0.000913292637100938,45.428747585127,-0.00137570751008137
47.04091,45.42926,-0.000863292637099278,45.4288352836669,-0.00128800897022264
47.05222,45.42829,-0.00183329263710164,45.4289404844687,-0.00118280816839356
47.06356,45.43169,0.00156670736290465,45.4290533197735,-0.0010699728635946
47.07489,45.42821,-0.00191329263709861,45.4291638129823,-0.000959479654759857
47.08622,45.42738,-0.00274329263709916,45.429262719485,-0.000860573152097687
47.09755,45.42927,-0.000853292637096104,45.4293422276699,-0.000781064967174678
47.10888,45.42941,-0.000713292637101404,45.4293965865407,-0.000726706096417352
47.12021,45.43089,0.00076670736289941,45.4294226832465,-0.000700609390590874
47.13155,45.43027,0.000146707362901566,45.4294204763178,-0.000702816319338196
47.14286,45.42934,-0.000783292637095201,45.4293931156895,-0.000730176947639172
47.15417,45.42907,-0.00105329263709564,45.4293466292949,-0.000776663342193006
47.16551,45.42846,-0.00166329263709741,45.4292891967953,-0.000834095841840863
47.17686,45.42807,-0.00205329263710041,45.4292301636508,-0.000893128986275949
47.1882,45.4307,0.000576707362903051,45.429178990937,-0.000944301700088799
47.19955,45.42987,-0.000253292637097502,45.4291442784185,-0.000979014218627216
47.2109,45.42815,-0.00197329263709634,45.4291329059958,-0.000990386641280064
47.22224,45.42867,-0.00145329263710181,45.4291492972013,-0.000973995435790068
47.23354,45.43034,0.000216707362902469,45.4291948374027,-0.000928455234380122
47.24488,45.42966,-0.00046329263710021,45.4292675206588,-0.000855771978314351
47.2562,45.42636,-0.00376329263709607,45.4293619097737,-0.000761382863379105
47.26756,45.43038,0.000256707362900954,45.4294694883433,-0.000653804293843177
47.27887,45.42934,-0.000783292637095201,45.4295794595812,-0.000543833055933143
47.29019,45.42944,-0.000683292637098987,45.4296799659249,-0.000443326712204822
47.30152,45.43197,0.00184670736290116,45.4297595759345,-0.000363716702598512
47.31284,45.42861,-0.00151329263709954,45.4298087881869,-0.000314504450210488
47.32418,45.43039,0.000266707362904128,45.4298212951718,-0.000301997465293133
47.33554,45.42881,-0.00131329263710001,45.4297948219163,-0.000328470720817317
47.34687,45.43156,0.00143670736289891,45.4297314434976,-0.000391849139526089
47.35822,45.42984,-0.000283292637099919,45.4296373417651,-0.000485950872016326
47.36956,45.42996,-0.000163292637097356,45.4295219950358,-0.000601297601247461
47.3809,45.42963,-0.000493292637095522,45.4293968587433,-0.000726433893784714
47.39222,45.42711,-0.0030132926370996,45.4292737097631,-0.000849582873986664
47.40355,45.42925,-0.000873292637095346,45.4291629435139,-0.000960349123176822
47.4149,45.42917,-0.000953292637099423,45.4290721558508,-0.00105113678633041
47.42622,45.4275,-0.0026232926370966,45.4290052767988,-0.00111801583827922
47.43756,45.42987,-0.000253292637097502,45.428962384868,-0.00116090776909619
47.44886,45.42867,-0.00145329263710181,45.4289401832775,-0.00118310935955664
47.46017,45.42923,-0.000893292637101695,45.4289330018306,-0.0011902908065451
47.47149,45.42934,-0.000783292637095201,45.4289341131281,-0.00118917950898305
47.48285,45.4272,-0.00292329263709945,45.4289371246411,-0.00118616799597259
47.49417,45.43221,0.00208670736289918,45.4289372169341,-0.0011860757030184
47.50549,45.42857,-0.00155329263709802,45.4289320191988,-0.00119127343830222
47.51683,45.4292,-0.000923292637097006,45.4289219515841,-0.00120134105302982
47.52816,45.42865,-0.00147329263710105,45.4289099550886,-0.00121333754852439
47.5395,45.42825,-0.00187329263710012,45.4289006723207,-0.00122262031636196
47.55084,45.4301,-2.32926370955511e-05,45.428899270783,-0.00122402185405103
47.56218,45.42863,-0.0014932926371003,45.4289101593902,-0.00121313324687875
47.57351,45.42652,-0.00360329263710213,45.428935853542,-0.0011874390950745
47.58485,45.42847,-0.00165329263710134,45.4289762305058,-0.00114706213132439
47.5962,45.42922,-0.000903292637097763,45.4290283675564,-0.00109492508066784
47.60756,45.43051,0.000386707362899585,45.4290870250283,-0.00103626760884314
47.61889,45.42759,-0.00253329263709645,45.429145650357,-0.00097764228014064
47.63024,45.43068,0.000556707362903808,45.4291976367284,-0.000925655908692569
47.64157,45.43018,5.67073629014203e-05,45.4292375319354,-0.000885760701655117
47.65291,45.42922,-0.000903292637097763,45.4292619351754,-0.000861357461665135
47.66425,45.42986,-0.000263292637100676,45.4292699064743,-0.000853386162846364
47.67558,45.4292,-0.000923292637097006,45.4292628381102,-0.00086045452687833
47.6869,45.42733,-0.00279329263710082,45.429243878514,-0.000879414123126625
47.69824,45.42984,-0.000283292637099919,45.4292171053354,-0.000906187301648874
47.70958,45.43009,-3.32926370987252e-05,45.4291866711404,-0.000936621496665966
47.72092,45.42751,-0.00261329263710053,45.4291560929693,-0.000967199667844979
47.73223,45.42963,-0.000493292637095522,45.429127777155,-0.000995515482138488
47.74357,45.42876,-0.00136329263710167,45.4291028132827,-0.00102047935435653
47.75492,45.4292,-0.000923292637097006,45.4290810315807,-0.00104226105641101
47.76625,45.4305,0.000376707362903517,45.4290612723821,-0.00106202025497686
47.77759,45.4277,-0.00242329263709706,45.4290417786445,-0.00108151399260397
47.78894,45.4301,-2.32926370955511e-05,45.4290206259927,-0.00110266664443778
47.80028,45.42702,-0.00310329263709974,45.4289961492296,-0.00112714340751546
47.81161,45.42886,-0.00126329263709835,45.4289673673382,-0.00115592529885537
47.82294,45.42983,-0.000293292637095988,45.428934401201,-0.00118889143612683
47.83426,45.43012,-3.29263709630823e-06,45.4288988081552,-0.00122448448187965
47.84559,45.43018,5.67073629014203e-05,45.4288636767659,-0.00125961587116235
47.85692,45.42792,-0.00220329263709829,45.4288333215905,-0.00128997104655558
47.86826,45.42905,-0.00107329263710199,45.4288125347665,-0.00131075787063226
47.87962,45.4281,-0.002023292637098,45.4288055345181,-0.00131775811899688
47.89097,45.42758,-0.00254329263709963,45.42881489467,-0.00130839796707006
47.90231,45.42756,-0.00256329263709887,45.428840775872,-0.00128251676514028
47.91364,45.42958,-0.000543292637097181,45.4288807018349,-0.00124259080221458
47.92495,45.42985,-0.000273292637096745,45.4289299612396,-0.00119333139748782
47.93629,45.4288,-0.00132329263709607,45.4289825293993,-0.00114076323784222
47.94764,45.42786,-0.00226329263709601,45.4290322774185,-0.00109101521860704
47.95898,45.43031,0.000186707362900052,45.4290742097575,-0.00104908287962316
47.97033,45.42945,-0.000673292637095813,45.4291054977404,-0.00101779489670357
47.98166,45.43045,0.000326707362901857,45.4291260983329,-0.000997194304184694
47.993,45.43053,0.000406707362898828,45.4291387788832,-0.000984513753850946
48.00434,45.42973,-0.000393292637099307,45.4291484692081,-0.000974823429026606
48.01567,45.42523,-0.00489329263709948,45.4291610528308,-0.000962239806335145
48.02699,45.42983,-0.000293292637095988,45.4291819287864,-0.000941363850650318
48.03831,45.42549,-0.00463329263709511,45.4292148001608,-0.000908492476324311
48.04965,45.43079,0.000666707362903196,45.4292610681773,-0.000862224459750875
48.06099,45.43274,0.00261670736290398,45.4293199420883,-0.000803350548815529
48.07233,45.42805,-0.00207329263709966,45.4293890619322,-0.000734230704908349
48.08365,45.43068,0.000556707362903808,45.4294652596281,-0.000658033008990391
48.09499,45.42835,-0.0017732926370968,45.4295451367685,-0.000578155868591366
48.10631,45.43107,0.000946707362899701,45.4296253269396,-0.000497965697537726
48.11762,45.43034,0.000216707362902469,45.4297024837671,-0.000420808869967946
48.12895,45.42635,-0.00377329263709925,45.4297731339801,-0.000350158656964868
48.1403,45.4298,-0.000323292637098405,45.4298335863924,-0.000289706244720622
48.15162,45.42949,-0.000633292637097327,45.429880087829,-0.000243204808083156
48.16295,45.43108,0.000956707362902876,45.4299093138564,-0.000213978780665243
48.17428,45.43064,0.000516707362898217,45.4299190909136,-0.000204201723541801
48.18563,45.43103,0.000906707362901216,45.4299090842433,-0.00021420839382082
48.19699,45.42963,-0.000493292637095522,45.4298811596894,-0.000242132947690832
48.20834,45.43003,-9.32926370964537e-05,45.429839239589,-0.000284053048132276
48.21966,45.43126,0.00113670736290317,45.4297886484845,-0.000334644152567781
48.231,45.42663,-0.00349329263709564,45.4297351070087,-0.000388185628400332
48.24235,45.42905,-0.00107329263710199,45.4296836427078,-0.000439649929270721
48.25368,45.43014,1.67073629029346e-05,45.4296377178016,-0.000485574835451071
48.26498,45.4297,-0.000423292637101724,45.4295987958771,-0.000524496760026348
48.2763,45.43002,-0.000103292637099628,45.4295664044065,-0.000556888230586209
48.28764,45.42867,-0.00145329263710181,45.4295385943183,-0.000584698318799631
48.29899,45.43079,0.000666707362903196,45.4295126292364,-0.000610663400673906
48.31031,45.42889,-0.00123329263709593,45.4294857422719,-0.000637550365225498
48.32166,45.4295,-0.000623292637101258,45.4294558264246,-0.000667466212499847
48.33301,45.43066,0.000536707362904565,45.4294219545299,-0.000701338107183547
48.34433,45.42824,-0.00188329263709619,45.4293846591173,-0.000738633519754487
48.35566,45.43066,0.000536707362904565,45.4293459447798,-0.000777347857280153
48.36699,45.42775,-0.0023732926370954,45.4293090552225,-0.000814237414582442
48.37834,45.42939,-0.000733292637100647,45.4292780633385,-0.000845229298592889
48.38969,45.4296,-0.000523292637097938,45.4292573725201,-0.00086592011701093
48.40103,45.42975,-0.000373292637100064,45.429251197002,-0.000872095635087058
48.41235,45.42902,-0.0011032926370973,45.4292630473471,-0.000860245289968985
48.42367,45.42957,-0.000553292637100355,45.4292952262397,-0.000828066397367423
48.43499,45.4297,-0.000423292637101724,45.4293483612789,-0.000774931358195426
48.4463,45.42785,-0.00227329263709919,45.4294210468374,-0.000702245799690015
48.45763,45.42953,-0.000593292637098841,45.4295097027051,-0.000613589932045285
48.46896,45.42795,-0.00217329263709587,45.4296087535633,-0.000514539073765021
48.48031,45.43266,0.0025367073628999,45.4297111673657,-0.000412125271414561
48.49165,45.42949,-0.000633292637097327,45.4298092744596,-0.000314018177512452
48.50299,45.42807,-0.00205329263710041,45.4298956912519,-0.00022760138516595
48.51434,45.43098,0.000856707362899556,45.4299641576745,-0.000159134962565778
48.52569,45.43167,0.0015467073628983,45.4300101444642,-0.000113148172939653
48.53703,45.43097,0.000846707362903487,45.4300311250147,-9.21676223789545e-05
48.54836,45.42894,-0.00118329263710137,45.4300264431909,-9.68494461924481e-05
48.55971,45.42952,-0.000603292637102015,45.4299968092397,-0.000126483397362572
48.57104,45.42855,-0.00157329263709727,45.4299436085902,-0.00017968404690177
48.58237,45.43081,0.000686707362902439,45.4298683045401,-0.000254988097035164
48.5937,45.42833,-0.00179329263709604,45.4297721825938,-0.000351110043278941
48.60501,45.42823,-0.00189329263709936,45.4296565546055,-0.000466738031646611
48.61636,45.43018,5.67073629014203e-05,45.4295233831801,-0.000599909456989252
48.62769,45.4325,0.00237670736289886,45.4293761272804,-0.00074716535664963
48.63902,45.43018,5.67073629014203e-05,45.4292204700524,-0.000902822584733849
48.65037,45.42841,-0.00171329263709907,45.4290645519478,-0.00105874068931759
48.66172,45.42896,-0.00116329263710213,45.4289184729782,-0.00120481965891177
48.67305,45.42996,-0.000163292637097356,45.4287930929192,-0.00133019971792217
48.68439,45.42649,-0.00363329263709744,45.428698398574,-0.00142489406305926
48.69572,45.42794,-0.00218329263709904,45.4286418341482,-0.00148145848888409
48.70706,45.42741,-0.00271329263709674,45.4286270077134,-0.00149628492366064
48.71838,45.42896,-0.00116329263710213,45.4286531031603,-0.00147018947677756
48.72974,45.42706,-0.00306329263710126,45.4287151462939,-0.00140814634319011
48.74109,45.43101,0.000886707362901973,45.4288050424537,-0.00131825018343454
48.75243,45.4296,-0.000523292637097938,45.4289130972561,-0.00121019538097471
48.76374,45.43097,0.000846707362903487,45.4290296155305,-0.00109367710664318
48.77508,45.42728,-0.00284329263709537,45.4291461908256,-0.000977101811452325
48.78642,45.42988,-0.000243292637101433,45.429256449431,-0.000866843206146477
48.79778,45.42976,-0.00036329263709689,45.429356219152,-0.000767073485064772
48.80913,45.42889,-0.00123329263709593,45.4294432451109,-0.00068004752615419
48.8205,45.42937,-0.000753292637099889,45.4295166349985,-0.000606657638557459
48.83183,45.42911,-0.00101329263709715,45.4295762235001,-0.00054706913697589
48.84315,45.42964,-0.000483292637099453,45.4296220328383,-0.000501259798821074
48.8545,45.42982,-0.000303292637099162,45.4296539706507,-0.000469321986423991
48.86585,45.42731,-0.00281329263710006,45.4296718478392,-0.000451444797947447
48.87718,45.43084,0.000716707362904856,45.4296757282782,-0.00044756435894117
48.88852,45.4292,-0.000923292637097006,45.4296665335443,-0.000456759092775826
48.89986,45.43224,0.00211670736290159,45.4296467130047,-0.000476579632368089
48.91118,45.42955,-0.000573292637099598,45.4296206947078,-0.000502597929320744
48.92252,45.42975,-0.000373292637100064,45.4295948321234,-0.000528460513691298
48.93386,45.43069,0.000566707362899876,45.429576686001,-0.000546606636090975
48.94521,45.43101,0.000886707362901973,45.4295736778716,-0.000549614765543612
48.95653,45.42728,-0.00284329263709537,45.4295913524884,-0.00053194014872605
48.96787,45.42677,-0.00335329263710094,45.4296316598183,-0.000491632818778622
48.97921,45.42986,-0.000263292637100676,45.4296917744936,-0.000431518143459421
48.99055,45.42727,-0.00285329263709855,45.4297639252117,-0.000359367425430507
49.00187,45.43103,0.000906707362901216,45.4298364618454,-0.000286830791673848
49.01322,45.42976,-0.00036329263709689,45.4298960247842,-0.000227267852928371
49.02456,45.43185,0.00172670736289859,45.4299303456904,-0.000192946946686908
49.03589,45.43272,0.00259670736290474,45.429931010335,-0.000192282302095447
49.04722,45.42871,-0.00141329263709622,45.4298955039289,-0.000227788708192912
49.05854,45.43288,0.00275670736289868,45.42982804033,-0.000295252307090657
49.06988,45.42912,-0.00100329263710108,45.4297389912119,-0.000384301425207563
49.08119,45.42648,-0.00364329263710061,45.4296430785883,-0.000480214048803969
49.09251,45.4297,-0.000423292637101724,45.429556774046,-0.000566518591096186
49.10385,45.43195,0.00182670736290191,45.4294954805636,-0.000627812073537397
49.11518,45.42518,-0.00494329263710114,45.4294710298804,-0.000652262756649323
49.1265,45.42966,-0.00046329263710021,45.4294898807364,-0.000633411900685397
49.13781,45.42995,-0.000173292637100531,45.4295522475299,-0.000571045107194648
49.14915,45.43007,-5.32926370979681e-05,45.4296522327151,-0.000471059921956897
49.16048,45.42859,-0.00153329263709878,45.4297788587118,-0.000344433925291227
49.17183,45.43169,0.00156670736290465,45.4299177466708,-0.000205545966303402
49.18315,45.42921,-0.000913292637100938,45.4300531241721,-7.01684649797928e-05
49.19448,45.43238,0.0022567073629034,45.4301698471306,4.65544934641071e-05
49.20582,45.42834,-0.00178329263709998,45.4302551647851,0.000131872148009169
49.21717,45.43056,0.000436707362901245,45.4303000357024,0.000176743065337138
49.2285,45.43248,0.00235670736289961,45.4302998959637,0.000176603326618385
49.23983,45.42935,-0.000773292637099132,45.4302548514869,0.000131558849810869
49.25115,45.43,-0.000123292637098871,45.4301693182505,4.60256134511655e-05
49.26249,45.42954,-0.000583292637095667,45.4300512029435,-7.2089693590337e-05
49.27383,45.42949,-0.000633292637097327,45.4299107937746,-0.000212498862499401
49.28519,45.43044,0.000316707362898683,45.4297595601423,-0.000363732494772303
49.29654,45.42905,-0.00107329263710199,45.4296090194919,-0.000514273145159401
49.30788,45.42873,-0.00139329263709698,45.4294697610588,-0.000653531578291256
49.31921,45.43089,0.00076670736289941,45.4293506616134,-0.000772631023743217
49.33053,45.42922,-0.000903292637097763,45.4292582929828,-0.000864999654282068
49.34187,45.42912,-0.00100329263710108,45.4291965038369,-0.000926788800156664
49.3532,45.42816,-0.00196329263710027,45.429166175319,-0.000957117318093177
49.36454,45.42825,-0.00187329263710012,45.4291651966183,-0.000958096018772376
49.37588,45.43102,0.000896707362898042,45.4291887296702,-0.000934562966876278
49.3872,45.42856,-0.0015632926371012,45.4292297895775,-0.000893503059644946
49.39855,45.42906,-0.00106329263709881,45.4292800908919,-0.00084320174517487
49.40988,45.42802,-0.00210329263710207,45.4293310654108,-0.000792227226304788
49.42123,45.4302,7.67073629006632e-05,45.4293749514213,-0.000748341215820876
49.43254,45.43075,0.00062670736290471,45.4294058333143,-0.00071745932276399
49.44388,45.43027,0.000146707362901566,45.4294204571388,-0.000702835498323538
49.45523,45.42899,-0.00113329263709971,45.4294186269428,-0.000704665694325225
49.46657,45.42905,-0.00107329263710199,45.4294030633749,-0.000720229262162444
49.47789,45.43015,2.67073628990033e-05,45.4293787536001,-0.000744539037015174
49.48922,45.42902,-0.0011032926370973,45.429351952083,-0.000771340554049657
49.50052,45.42719,-0.00293329263709552,45.4293290548332,-0.000794237803929803
49.51186,45.43006,-6.32926371011422e-05,45.4293155742775,-0.000807718359589132
49.52318,45.42959,-0.000533292637101113,45.4293153960165,-0.000807896620625677
49.53453,45.42955,-0.000573292637099598,45.4293304011416,-0.000792891495470818
49.54588,45.42827,-0.00185329263710088,45.4293604282776,-0.000762864359519733
49.55722,45.43055,0.000426707362898071,45.4294034868208,-0.000719805816273735
49.56854,45.43089,0.00076670736289941,45.4294561235379,-0.000667169099229045
49.57985,45.42712,-0.00300329263709642,45.429513860317,-0.000609432320058273
49.59119,45.43044,0.000316707362898683,45.4295716576274,-0.000551635009695447
49.60254,45.42739,-0.00273329263709599,45.4296244089361,-0.000498883700997768
49.61388,45.43324,0.00311670736289926,45.4296674845188,-0.000455808118340091
49.62523,45.42829,-0.00183329263710164,45.4296972878247,-0.000426004812366333
49.63655,45.42924,-0.000883292637098521,45.42971171976,-0.000411572877118622
49.64787,45.43052,0.00039670736290276,45.4297104413196,-0.000412851317472012
49.65922,45.43056,0.000436707362901245,45.4296948763663,-0.00042841627080592
49.67054,45.42925,-0.000873292637095346,45.4296679470824,-0.000455345554672908
49.6819,45.42886,-0.00126329263709835,45.4296335747733,-0.000489717863759545
49.69324,45.43074,0.000616707362901536,45.4295960322787,-0.000527260358358688
49.70457,45.42699,-0.00313329263709505,45.4295592852269,-0.000564007410244949
49.71592,45.43027,0.000146707362901566,45.4295264654773,-0.000596827159828344
49.72724,45.43017,4.67073628982462e-05,45.4294995668552,-0.0006237257819165
49.73856,45.43007,-5.32926370979681e-05,45.4294793608756,-0.000643931761505375
49.7499,45.42908,-0.00104329263709957,45.4294654477733,-0.00065784486379847
49.76125,45.43103,0.000906707362901216,45.4294563429924,-0.000666949644686517
49.77258,45.42688,-0.00324329263710155,45.4294495620921,-0.000673730545045386
49.78392,45.42908,-0.00104329263709957,45.4294417567281,-0.000681535908973775
49.79526,45.43043,0.000306707362902614,45.4294290009773,-0.00069429165978012
49.80662,45.4297,-0.000423292637101724,45.4294072894536,-0.000716003183521027
49.81796,45.42774,-0.00238329263709858,45.4293732115047,-0.000750081132366026
49.8293,45.42999,-0.000133292637102045,45.4293246827138,-0.000798609923299848
49.84061,45.43076,0.000636707362900779,45.4292615793694,-0.000861713267730861
49.85196,45.42944,-0.000683292637098987,45.4291861071524,-0.000937185484717559
49.86327,45.42991,-0.000213292637099016,45.4291027426105,-0.00102055002659867
49.8746,45.42941,-0.000713292637101404,45.4290176614141,-0.00110563122297712
49.88596,45.42761,-0.00251329263709721,45.4289377190461,-0.00118557359101027
49.89731,45.4278,-0.00232329263710085,45.4288692161922,-0.00125407644492651
49.90863,45.42804,-0.00208329263709572,45.4288167817379,-0.00130651089920075
49.91998,45.42847,-0.00165329263710134,45.4287826861294,-0.00134060650765638
49.93132,45.4287,-0.00142329263709939,45.428766756457,-0.00135653618008528
49.94267,45.43042,0.00029670736289944,45.4287668644764,-0.00135642816073775
49.954,45.42847,-0.00165329263710134,45.4287797900821,-0.00134350255504153
49.96537,45.42831,-0.00181329263709529,45.4288021904456,-0.00132110219154111
49.97669,45.43026,0.000136707362898392,45.4288314352524,-0.00129185738473456
49.98803,45.4284,-0.00172329263709514,45.4288661515114,-0.00125714112568199
49.99936,45.4283,-0.00182329263709846,45.4289064023327,-0.0012168903044108
50.01072,45.43089,0.00076670736289941,45.4289534872694,-0.00116980536771689
50.02206,45.42849,-0.0016332926371021,45.4290094053099,-0.00111388732716992
50.03341,45.42897,-0.00115329263709896,45.4290760750444,-0.00104721759266286
50.04471,45.42743,-0.0026932926370975,45.4291544706687,-0.000968821968382135
50.05604,45.42973,-0.000393292637099307,45.4292438917913,-0.000879400845795479
50.06736,45.4282,-0.00192329263710178,45.4293415864645,-0.00078170617259919
50.07867,45.42947,-0.00065329263709657,45.4294428595516,-0.000680433085496024
50.09001,45.43033,0.000206707362899294,45.4295416560288,-0.000581636608320585
50.10132,45.43008,-4.32926371018993e-05,45.4296314727747,-0.000491819862437099
50.11265,45.42927,-0.000853292637096104,45.4297063695575,-0.000416923079636343
50.12399,45.43111,0.000986707362898187,45.4297618414292,-0.000361451207875004
50.13531,45.42907,-0.00105329263709564,45.4297953693796,-0.000327923257501358
50.14662,45.43077,0.000646707362903953,45.4298065495288,-0.000316743108300126
50.15794,45.43106,0.000936707362903633,45.4297967886745,-0.000326503962647973
50.16929,45.42812,-0.00200329263709875,45.4297686456645,-0.000354646972574614
50.18062,45.42808,-0.00204329263709724,45.4297249981951,-0.000398294442043519
50.19196,45.42979,-0.000333292637101579,45.4296682947016,-0.000454997935528669
50.20332,45.4301,-2.32926370955511e-05,45.4296001460883,-0.000523146548782365
50.21465,45.42793,-0.00219329263709511,45.4295213931956,-0.000601899441448257
50.22596,45.43015,2.67073628990033e-05,45.429432614597,-0.000690678040145105
50.23728,45.4305,0.000376707362903517,45.4293348986561,-0.000788393980956687
50.24859,45.42963,-0.000493292637095522,45.4292306210488,-0.000892671588322795
50.25994,45.43111,0.000986707362898187,45.4291239505075,-0.000999342129594606
50.27126,45.42761,-0.00251329263709721,45.4290208771442,-0.00110241549294177
50.2826,45.42716,-0.00296329263709794,45.4289287179272,-0.00119457470989953
50.29391,45.43048,0.000356707362904274,45.428855229501,-0.00126806313614784
50.30527,45.42793,-0.00219329263709511,45.4288075481156,-0.0013157445215406
50.31659,45.42941,-0.000713292637101404,45.4287911476398,-0.00133214499731014
50.32791,45.42972,-0.000403292637095376,45.4288089292917,-0.00131436334535904
50.33923,45.42727,-0.00285329263709855,45.4288605187535,-0.00126277388361696
50.35057,45.42819,-0.00193329263709785,45.4289418654292,-0.00118142720788152
50.36191,45.43031,0.000186707362900052,45.4290452669291,-0.00107802570795942
50.37325,45.42764,-0.0024832926371019,45.4291599238513,-0.000963368785849026
50.38458,45.42845,-0.00167329263710059,45.429273055351,-0.000850237286058525
50.39588,45.42864,-0.00148329263709712,45.429371506085,-0.000751786552095913
50.4072,45.4313,0.00117670736290165,45.429443662945,-0.00067962969205723
50.4185,45.43014,1.67073629029346e-05,45.4294813690472,-0.000641923589888413
50.42982,45.4312,0.00107670736289833,45.4294814162258,-0.000641876411306281
50.44115,45.4304,0.000276707362900197,45.429446204528,-0.00067708810907888
50.45248,45.4303,0.000176707362903983,45.4293833200378,-0.00073997259925998
50.4638,45.42832,-0.00180329263709922,45.4293040571639,-0.000819235473225294
50.47512,45.42658,-0.0035432926370973,45.4292212085614,-0.000902084075691478
50.48644,45.42989,-0.000233292637098259,45.4291466638914,-0.000976628745725202
50.49778,45.42643,-0.00369329263709517,45.4290894101817,-0.00103388245537355
50.50912,45.42879,-0.00133329263709925,45.4290543894974,-0.00106890313967112
50.52042,45.42991,-0.000213292637099016,45.4290424076498,-0.00108088498730232
50.53176,45.42877,-0.00135329263709849,45.4290509974814,-0.00107229515574676
50.54311,45.43067,0.000546707362900634,45.4290759028903,-0.00104738974675702
50.55445,45.42989,-0.000233292637098259,45.4291127242974,-0.00101056833965318
50.56581,45.42878,-0.00134329263709532,45.4291582766749,-0.00096501596222491
50.57716,45.43047,0.0003467073629011,45.429211332072,-0.000911960565085625
50.58848,45.43129,0.00116670736289848,45.4292725943378,-0.000850698299275989
50.59981,45.42782,-0.00230329263710161,45.4293439413089,-0.000779351328237581
50.61113,45.42722,-0.00290329263710021,45.4294271591797,-0.000696133457418228
50.62244,45.42889,-0.00123329263709593,45.4295225616283,-0.000600731008786478
50.63376,45.42874,-0.00138329263710091,45.4296279474565,-0.000495345180648282
50.64509,45.43037,0.000246707362904885,45.4297382316124,-0.000385061024700917
50.65639,45.43085,0.000726707362900925,45.4298458347288,-0.000277457908264894
50.66773,45.43019,6.67073629045944e-05,45.4299416786089,-0.000181614028171256
50.67906,45.4296,-0.000523292637097938,45.4300165205897,-0.000106772047374394
50.6904,45.42736,-0.0027632926370984,45.4300623758838,-6.0916753250989e-05
50.70176,45.4325,0.00237670736289886,45.4300738390162,-4.94536209221744e-05
50.71309,45.43252,0.0023967073628981,45.4300491225488,-7.41700883162286e-05
50.72441,45.43044,0.000316707362898683,45.4299905807117,-0.000132711925363657
50.73573,45.42989,-0.000233292637098259,45.4299044984414,-0.000218794195657952
50.74707,45.42895,-0.0011732926370982,45.4298001014605,-0.000323191176571589
50.75842,45.42823,-0.00189329263709936,45.4296880132483,-0.000435279388801995
50.76974,45.42909,-0.00103329263709639,45.4295785808631,-0.000544711773954588
50.78106,45.42794,-0.00218329263709904,45.4294805092927,-0.000642783344397523
50.79241,45.43072,0.000596707362902293,45.4294000994911,-0.000723193146036513
50.80374,45.42896,-0.00116329263710213,45.4293411613536,-0.000782131283490745
50.81507,45.42931,-0.000813292637097618,45.4293054628317,-0.000817829805358737
50.82641,45.43037,0.000246707362904885,45.4292934465515,-0.000829846085578414
50.83776,45.43114,0.0010167073629006,45.4293049115035,-0.000818381133585995
50.84908,45.42884,-0.00128329263709759,45.4293394048339,-0.000783887803221574
50.8604,45.429,-0.00112329263709654,45.4293961897441,-0.000727102893036053
50.87177,45.42897,-0.00115329263709896,45.4294738298214,-0.000649462815704675
50.88309,45.42907,-0.00105329263709564,45.4295695874338,-0.000553705203322259
50.89442,45.42999,-0.000133292637102045,45.4296788969714,-0.000444395665739216
50.90576,45.42783,-0.00229329263709843,45.4297951327552,-0.000328159881935557
50.91707,45.43196,0.00183670736289798,45.4299097943204,-0.000213498316688342
50.92839,45.4297,-0.000423292637101724,45.4300131244404,-0.000110168196677557
50.93972,45.42878,-0.00134329263709532,45.4300950871088,-2.82055282649254e-05
50.95104,45.42974,-0.000383292637096133,45.4301465850982,2.32924611320642e-05
50.96234,45.43094,0.00081670736290107,45.4301607757237,3.74830866059368e-05
50.97366,45.43108,0.000956707362902876,45.4301343018067,1.10091696209316e-05
50.985,45.43069,0.000566707362899876,45.4300681886905,-5.51039465862031e-05
50.9963,45.43099,0.00086670736290273,45.4299681358857,-0.000155156751392436
51.00766,45.43096,0.000836707362900313,45.429844013194,-0.000279279443088358
51.01899,45.42951,-0.000613292637098084,45.4297085462541,-0.000414746382996277
51.03032,45.42673,-0.00339329263709942,45.4295753931865,-0.000547899450608246
51.04163,45.42979,-0.000333292637101579,45.4294570037776,-0.000666288859457629
51.05296,45.42835,-0.0017732926370968,45.4293627315022,-0.000760561134890968
51.06429,45.42945,-0.000673292637095813,45.4292975866703,-0.00082570596680742
51.07563,45.42888,-0.0012432926370991,45.4292618226935,-0.000861469943552735
51.08697,45.42994,-0.000183292637096599,45.429251343138,-0.000871949499087368
51.09831,45.4285,-0.00162329263709893,45.4292587749979,-0.000864517639231086
51.10963,45.42819,-0.00193329263709785,45.4292749780796,-0.000848314557520586
51.12095,45.43153,0.0014067073629036,45.4292907210974,-0.000832571539664713
51.13226,45.43137,0.00124670736290255,45.4292982226856,-0.000825069951465112
51.14358,45.43025,0.000126707362902323,45.4292922494381,-0.000831043199042069
51.15492,45.42767,-0.00245329263709948,45.429270558877,-0.000852733760062603
51.16624,45.42686,-0.00326329263710079,45.4292337026765,-0.000889589960573172
51.17758,45.42908,-0.00104329263709957,45.4291844513615,-0.000938841275572637
51.1889,45.42866,-0.00146329263709788,45.4291271881967,-0.000996104440408443
51.20024,45.43083,0.000706707362901682,45.4290674869476,-0.001055805689479
51.21156,45.42873,-0.00139329263709698,45.4290118522908,-0.00111144034629692
51.22289,45.42937,-0.000753292637099889,45.4289674329024,-0.00115585973473399
51.2342,45.43125,0.00112670736289999,45.4289414947634,-0.00118179787365954
51.24554,45.42815,-0.00197329263709634,45.4289405374106,-0.00118275522644923
51.25684,45.42894,-0.00118329263710137,45.4289690931256,-0.00115419951153066
51.26818,45.42803,-0.0020932926370989,45.4290284285741,-0.00109486406295728
51.27954,45.42678,-0.00334329263709776,45.4291155157697,-0.00100777686736839
51.29088,45.42797,-0.00215329263709663,45.4292226778034,-0.000900614833667322
51.30221,45.42978,-0.000343292637097647,45.4293381946621,-0.000785097975012786
51.31353,45.42986,-0.000263292637100676,45.429447895064,-0.000675397573079708
51.32485,45.43042,0.00029670736289944,45.4295374557823,-0.000585836854824196
51.33615,45.43074,0.000616707362901536,45.4295949074989,-0.00052838513817929
51.34749,45.43042,0.00029670736289944,45.4296127860961,-0.000510506540964875
51.35881,45.43066,0.000536707362904565,45.4295894645545,-0.000533828082606282
51.37014,45.42995,-0.000173292637100531,45.4295293985205,-0.000593894116643975
51.38148,45.42864,-0.00148329263709712,45.4294422609441,-0.000681031692958605
51.39283,45.42913,-0.000993292637097909,45.4293411758964,-0.000782116740660907
51.40415,45.4292,-0.000923292637097006,45.4292404359563,-0.00088285668077491
51.41546,45.4281,-0.002023292637098,45.4291531640733,-0.000970128563837632
51.42679,45.42709,-0.00303329263709884,45.4290893606354,-0.00103393200173272
51.43813,45.42893,-0.00119329263709744,45.4290546817557,-0.00106861088144149
51.44947,45.43007,-5.32926370979681e-05,45.429050133017,-0.00107315962008726
51.46081,45.42864,-0.00148329263709712,45.4290726485391,-0.00105064409796879
51.47213,45.42957,-0.000553292637100355,45.4291163236044,-0.0010069690326638
51.48344,45.42955,-0.000573292637099598,45.4291739576188,-0.000949335018334719
51.49477,45.4311,0.000976707362902118,45.429238556846,-0.000884735791056759
51.50611,45.42786,-0.00226329263709601,45.4293045073626,-0.000818785274511885
51.51741,45.43119,0.00106670736290226,45.429368234463,-0.000755058174073146
51.52874,45.42713,-0.00299329263710035,45.4294283003285,-0.00069499230858817
51.54007,45.43049,0.000366707362900343,45.4294850170864,-0.000638275550698589
51.55137,45.43015,2.67073628990033e-05,45.4295397216135,-0.000583571023611865
51.56269,45.43097,0.000846707362903487,45.4295938670994,-0.000529425537672546
51.57405,45.42696,-0.00316329263709747,45.4296480838085,-0.000475208828580693
51.5854,45.42876,-0.00136329263710167,45.4297013978824,-0.000421894754690997
51.59676,45.42905,-0.00107329263710199,45.4297508423299,-0.000372450307220842
51.60809,45.42963,-0.000493292637095522,45.4297916498795,-0.000331642757551842
51.61942,45.4334,0.00327670736290031,45.4298180438685,-0.000305248768623189
51.63074,45.42673,-0.00339329263709942,45.4298244348817,-0.000298857755420209
51.64206,45.43087,0.000746707362900167,45.4298067236016,-0.000316569035529154
51.6534,45.42972,-0.000403292637095376,45.4297634381149,-0.00035985452221275
51.66471,45.42993,-0.000193292637099773,45.4296965086742,-0.000426783962912593
51.67604,45.4307,0.000576707362903051,45.4296115203766,-0.000511772260505579
51.68737,45.4324,0.00227670736290264,45.429517300811,-0.000605991826127416
51.6987,45.42887,-0.00125329263709517,45.4294247703115,-0.000698522325611119
51.71003,45.42745,-0.00267329263709826,45.4293451554334,-0.000778137203671485
51.72137,45.42782,-0.00230329263710161,45.4292879103506,-0.000835382286465821
51.73271,45.42633,-0.00379329263709849,45.4292588784777,-0.000864414159405984
51.74402,45.42987,-0.000253292637097502,45.4292592100164,-0.000864082620726613
51.7554,45.43168,0.00155670736290148,45.429285297981,-0.00083799465605845
51.76673,45.42982,-0.000303292637099162,45.4293296363286,-0.000793656308537016
51.77806,45.42816,-0.00196329263710027,45.4293822431272,-0.000741049509855741
51.7894,45.43094,0.00081670736290107,45.4294322494913,-0.00069104314580002
51.80075,45.42865,-0.00147329263710105,45.429469376282,-0.0006539163551305
51.81208,45.42811,-0.00201329263710193,45.4294851591729,-0.000638133464190439
51.82339,45.43236,0.00223670736290416,45.4294738531288,-0.000649439508282767
51.83469,45.42873,-0.00139329263709698,45.4294329567621,-0.000690335875042904
51.84601,45.43075,0.00062670736290471,45.4293632956499,-0.000759996987192028
51.85732,45.4274,-0.00272329263709992,45.4292686496658,-0.000854642971258417
51.86863,45.42895,-0.0011732926370982,45.4291550159246,-0.000968276712510604
51.87997,45.42921,-0.000913292637100938,45.4290297005694,-0.00109359206772792
51.89131,45.42881,-0.00131329263710001,45.428900451985,-0.00122284065207741
51.90265,45.42772,-0.00240329263709782,45.4287747830039,-0.0013485096332347
51.91399,45.42971,-0.00041329263709855,45.4286595390121,-0.00146375362499143
51.92532,45.42798,-0.00214329263710056,45.42856069482,-0.00156259781709937
51.93667,45.42927,-0.000853292637096104,45.4284833094055,-0.00163998323164984
51.94802,45.42809,-0.00203329263710117,45.4284315360339,-0.00169175660316963
51.95935,45.42907,-0.00105329263709564,45.4284085859223,-0.00171470671476108
51.97071,45.42874,-0.00138329263710091,45.4284165745246,-0.00170671811250532
51.98203,45.42813,-0.00199329263709558,45.4284562289272,-0.00166706370994642
51.99332,45.4284,-0.00172329263709514,45.4285264946713,-0.00159679796576094
52.00466,45.42945,-0.000673292637095813,45.4286241399302,-0.00149915270691501
52.01595,45.42717,-0.00295329263710187,45.4287434977623,-0.00137979487475516
52.02728,45.42717,-0.00295329263710187,45.4288765020646,-0.00124679057254498
52.03862,45.42896,-0.00116329263710213,45.4290131458502,-0.0011101467868631
52.04996,45.43116,0.00103670736289985,45.4291423924415,-0.000980900195645671
52.06128,45.42993,-0.000193292637099773,45.4292534058271,-0.000869886809989818
52.0726,45.42927,-0.000853292637096104,45.4293368273515,-0.000786465285556626
52.08393,45.42984,-0.000283292637099919,45.4293858204056,-0.000737472231469188
52.09528,45.42802,-0.00210329263710207,45.4293967329935,-0.000726559643611006
52.10662,45.42901,-0.00111329263710047,45.4293693828217,-0.000753909815385135
52.11794,45.43054,0.000416707362902002,45.4293070493541,-0.000816243282951688
52.12929,45.42815,-0.00197329263709634,45.4292162405306,-0.000907052106445437
52.14061,45.43066,0.000536707362904565,45.4291062383358,-0.00101705430129031
52.15193,45.42985,-0.000273292637096745,45.4289883869524,-0.00113490568468736
52.16324,45.42664,-0.00348329263709957,45.4288751087715,-0.00124818386564896
52.17456,45.43064,0.000516707362898217,45.4287787090371,-0.00134458359997044
52.18588,45.4279,-0.00222329263709753,45.4287101165573,-0.00141317607976153
52.1972,45.4259,-0.00422329263709997,45.4286777568557,-0.00144553578135169
52.20855,45.43034,0.000216707362902469,45.4286867420668,-0.00143655057029739
52.21989,45.43008,-4.32926371018993e-05,45.4287384873973,-0.00138480523976808
52.23121,45.42664,-0.00348329263709957,45.4288307463558,-0.0012925462813366
52.24255,45.43143,0.00130670736290028,45.4289579587373,-0.00116533389980199
52.25388,45.42841,-0.00171329263709907,45.4291117867282,-0.00101150590887892
52.26522,45.42764,-0.0024832926371019,45.4292817620207,-0.000841530616406248
52.27657,45.43088,0.000756707362903342,45.4294560239297,-0.000667268707371153
52.28793,45.42918,-0.000943292637096249,45.4296221548616,-0.00050113777548456
52.29925,45.43085,0.000726707362900925,45.4297681039559,-0.000355188681222363
52.31059,45.42739,-0.00273329263709599,45.4298831594045,-0.000240133232624424
52.32191,45.4296,-0.000523292637097938,45.4299589199834,-0.00016437265368248
52.33324,45.43159,0.00146670736290133,45.4299902044818,-0.000133088155325502
52.34456,45.43241,0.00228670736289871,45.4299757747818,-0.000147517855339005
52.3559,45.42904,-0.00108329263709805,45.4299186680442,-0.000204624592877315
52.36724,45.42903,-0.00109329263710123,45.4298259480946,-0.000297344542511446
52.37858,45.43124,0.00111670736290392,45.4297078364221,-0.000415456214953577
52.38993,45.42825,-0.00187329263710012,45.4295763700602,-0.000546922576886964
52.40128,45.42857,-0.00155329263709802,45.4294438443865,-0.00067944825062097
52.41261,45.42886,-0.00126329263709835,45.4293213173882,-0.000801975248886859
52.42395,45.43034,0.000216707362902469,45.4292174057323,-0.000905886904767302
52.43528,45.42937,-0.000753292637099889,45.4291375081171,-0.000985784519963336
52.44665,45.42856,-0.0015632926371012,45.4290834896254,-0.00103980301169015
52.45797,45.42744,-0.00268329263710143,45.4290538133138,-0.00106947932326347
52.4693,45.42921,-0.000913292637100938,45.4290441105542,-0.00107918208293827
52.48063,45.42899,-0.00113329263709971,45.4290481648447,-0.00107512779235271
52.49195,45.43054,0.000416707362902002,45.4290591945321,-0.00106409810497336
52.5033,45.42906,-0.00106329263709881,45.4290712017962,-0.00105209084085505
52.51464,45.42995,-0.000173292637100531,45.4290800988703,-0.00104319376679838
52.52599,45.42871,-0.00141329263709622,45.4290843720781,-0.00103892055895988
52.53732,45.43023,0.00010670736290308,45.4290851686407,-0.00103812399635251
52.54865,45.42901,-0.00111329263710047,45.4290858309696,-0.00103746166751746
52.55997,45.42794,-0.00218329263709904,45.4290910245434,-0.00103226809371859
52.57129,45.42833,-0.00179329263709604,45.4291056996939,-0.00101759294318847
52.58262,45.42706,-0.00306329263710126,45.4291341716432,-0.000989120993904482
52.59395,45.42986,-0.000263292637100676,45.4291795518246,-0.000943740812485274
52.60531,45.43171,0.00158670736290389,45.4292436007921,-0.000879691845014012
52.61665,45.42877,-0.00135329263709849,45.4293268647845,-0.00079642785257535
52.62797,45.43181,0.00168670736290011,45.4294288317359,-0.000694460901158742
52.63932,45.4274,-0.00272329263709992,45.4295478862481,-0.000575406388984933
52.65066,45.43009,-3.32926370987252e-05,45.4296810228003,-0.000442269836776586
52.66196,45.4287,-0.00142329263709939,45.4298234695324,-0.00029982310474421
52.67331,45.42957,-0.000553292637100355,45.4299684732457,-0.000154819391355499
52.68461,45.42981,-0.00031329263709523,45.430107469719,-1.58229181317474e-05
52.69593,45.43044,0.000316707362898683,45.4302307503278,0.000107457690715918
52.70725,45.42952,-0.000603292637102015,45.4303285966056,0.000205303968473218
52.71858,45.42992,-0.000203292637095842,45.4303927317526,0.000269439115536952
52.72993,45.43155,0.00142670736290285,45.4304178427185,0.000294550081380066
52.74126,45.43253,0.00240670736290127,45.4304028507767,0.000279558139622193
52.75259,45.43223,0.00210670736289842,45.4303515719112,0.000228279274093649
52.7639,45.42928,-0.000843292637100035,45.4302724759497,0.000149183312595724
52.77523,45.42938,-0.000743292637096715,45.4301774665186,5.41738814491881e-05
52.78653,45.4308,0.000676707362899265,45.430079893798,-4.33988390702139e-05
52.79787,45.42739,-0.00273329263709599,45.4299922344861,-0.000131058150971189
52.80922,45.43071,0.000586707362899119,45.4299239384023,-0.0001993542348316
52.82056,45.4294,-0.000723292637097472,45.4298798673194,-0.000243425317673639
52.83193,45.42838,-0.00174329263710149,45.4298596048566,-0.00026368778045037
52.84326,45.43002,-0.000103292637099628,45.4298577504473,-0.000265542189811547
52.85456,45.42786,-0.00226329263709601,45.4298651493964,-0.000258143240684456
52.86588,45.43181,0.00168670736290011,45.4298708467858,-0.00025244585129864
52.87722,45.43212,0.00199670736289903,45.4298643800342,-0.000258912602940266
52.88853,45.43113,0.00100670736290454,45.4298378935212,-0.000285399115911524
52.89989,45.43035,0.000226707362898537,45.4297875662376,-0.000335726399507582
52.91124,45.42958,-0.000543292637097181,45.4297140434585,-0.000409249178574372
52.92258,45.42795,-0.00217329263709587,45.4296218872877,-0.000501405349357269
52.93393,45.4289,-0.00122329263709986,45.4295183556276,-0.000604937009533054
52.94528,45.42736,-0.0027632926370984,45.4294119583865,-0.000711334250571204
52.95663,45.43282,0.00269670736290095,45.4293111897982,-0.000812102838939117
52.96796,45.42636,-0.00376329263709607,45.4292236570188,-0.000899635618252714
52.97931,45.42935,-0.000773292637099132,45.4291556342195,-0.000967658417624283
52.99064,45.42943,-0.000693292637095055,45.4291119536864,-0.00101133895065617
53.00195,45.43146,0.0013367073629027,45.4290960905119,-0.00102720212518684
53.0133,45.42793,-0.00219329263709511,45.4291102640127,-0.00101302862439801
53.02462,45.43037,0.000246707362904885,45.4291553902235,-0.000967902413625982
53.03595,45.42822,-0.00190329263709543,45.4292308151729,-0.000892477464168805
53.04725,45.4281,-0.002023292637098,45.4293338988336,-0.000789393803466667
53.05857,45.431,0.000876707362898799,45.4294596168841,-0.000663675753023356
53.0699,45.4297,-0.000423292637101724,45.4296003574202,-0.000522935216848124
53.08123,45.42854,-0.00158329263710044,45.4297460427049,-0.000377249932158179
53.09255,45.42802,-0.00210329263710207,45.4298846638424,-0.000238628794711062
53.10388,45.42927,-0.000853292637096104,45.4300032890037,-0.000120003633355144
53.11522,45.43217,0.00204670736290069,45.4300895272345,-3.37654026456517e-05
53.12653,45.43067,0.000546707362900634,45.4301332607106,9.96807347025591e-06
53.13786,45.43111,0.000986707362898187,45.4301282810879,4.98845082383532e-06
53.14918,45.43131,0.00118670736290483,45.4300734145677,-4.98780694491547e-05
53.16049,45.42837,-0.00175329263709756,45.4299728393609,-0.000150453276169896
53.17182,45.4312,0.00107670736289833,45.4298355135472,-0.000287779089855266
53.18315,45.43077,0.000646707362903953,45.4296738348006,-0.000449457836484725
53.19448,45.42828,-0.0018432926370977,45.4295017942436,-0.000621498393493611
53.20578,45.42693,-0.00319329263709989,45.4293329807562,-0.000790311880855481
53.21709,45.42696,-0.00316329263709747,45.4291788517936,-0.000944440843461625
53.22842,45.43167,0.0015467073628983,45.4290476520332,-0.00107564060385743
53.23973,45.4278,-0.00232329263710085,45.4289441700761,-0.00117912256101183
53.25105,45.42908,-0.00104329263709957,45.4288702424519,-0.00125305018520211
53.26238,45.43029,0.000166707362900809,45.4288256993836,-0.00129759325348429
53.2737,45.42956,-0.000563292637096424,45.4288093783983,-0.00131391423883839
53.28502,45.42958,-0.000543292637097181,45.4288198797578,-0.00130341287930217
53.29634,45.42913,-0.000993292637097909,45.4288558617947,-0.00126743084237601
53.30767,45.42772,-0.00240329263709782,45.428915855367,-0.0012074372701283
53.31901,45.42751,-0.00261329263710053,45.4289977663116,-0.00112552632552339
53.33034,45.42964,-0.000483292637099453,45.4290983523454,-0.00102494029167328
53.34167,45.42822,-0.00190329263709543,45.4292129492594,-0.000910343377714977
53.35298,45.42882,-0.00130329263709683,45.4293355938988,-0.00078769873832671
53.36432,45.4306,0.000476707362899731,45.4294595193094,-0.000663773327705586
53.37561,45.43153,0.0014067073629036,45.4295778496015,-0.000545443035628494
53.38693,45.42984,-0.000283292637099919,45.429684243959,-0.00043904867814202
53.39827,45.42911,-0.00101329263709715,45.429773271529,-0.000350021108118671
53.40956,45.42866,-0.00146329263709788,45.4298404448923,-0.000282847744765723
53.42088,45.43071,0.000586707362899119,45.4298820153876,-0.000241277249539364
53.43222,45.42905,-0.00107329263710199,45.4298947241037,-0.00022856853338649
53.44352,45.43087,0.000746707362900167,45.4298756770173,-0.000247615619755447
53.45486,45.42819,-0.00193329263709785,45.4298224364574,-0.000300856179705255
53.46621,45.42965,-0.000473292637096279,45.4297333595759,-0.000389933061229625
53.47757,45.42981,-0.00031329263709523,45.4296081690706,-0.000515123566506
53.48891,45.42988,-0.000243292637101433,45.429448679677,-0.000674612960112484
53.50024,45.42874,-0.00138329263710091,45.4292595240764,-0.000863768560738394
53.51156,45.43055,0.000426707362898071,45.4290486620172,-0.00107463061993255
53.52287,45.42926,-0.000863292637099278,45.4288274486784,-0.00129584395866144
53.53418,45.42974,-0.000383292637096133,45.4286100872129,-0.00151320542418982
53.54552,45.42832,-0.00180329263709922,45.4284123959081,-0.00171089672895017
53.55685,45.42921,-0.000913292637100938,45.4282499800592,-0.00187331257785487
53.56819,45.4257,-0.00442329263709951,45.4281360842752,-0.00198720836185078
53.57953,45.42559,-0.0045332926370989,45.4280795558492,-0.00204373678792108
53.59085,45.42891,-0.00121329263709669,45.4280834011852,-0.00203989145191474
53.60221,45.42671,-0.00341329263709866,45.4281443051449,-0.00197898749222918
53.61353,45.42983,-0.000293292637095988,45.4282532244999,-0.00187006813721838
53.62487,45.42863,-0.0014932926371003,45.4283968768873,-0.00172641574976707
53.6362,45.42798,-0.00214329263710056,45.4285597526301,-0.00156354000700908
53.64754,45.43095,0.000826707362904244,45.4287262220619,-0.00139707057522812
53.6589,45.42853,-0.00159329263709651,45.4288823604259,-0.0012409322112317
53.67023,45.43014,1.67073629029346e-05,45.4290172183677,-0.00110607426937609
53.68156,45.42936,-0.000763292637095958,45.4291234083499,-0.000999884287212705
53.69289,45.42676,-0.003363292637097,45.4291970439581,-0.000926248679022866
53.70424,45.4292,-0.000923292637097006,45.4292372192488,-0.000886073388335005
53.7156,45.43076,0.000636707362900779,45.4292452842733,-0.000878008363837247
53.72695,45.42878,-0.00134329263709532,45.4292241301083,-0.000899162528841362
53.7383,45.42899,-0.00113329263709971,45.4291775981897,-0.000945694447365792
53.74964,45.42729,-0.00283329263709931,45.4291100687405,-0.00101322389657569
53.76098,45.43001,-0.000113292637095697,45.429026277628,-0.00109701500912969
53.77232,45.42895,-0.0011732926370982,45.428931388911,-0.00119190372606907
53.78365,45.4276,-0.00252329263710038,45.4288312694752,-0.00129202316187852
53.79502,45.43085,0.000726707362900925,45.4287328131005,-0.00139047953658481
53.80633,45.42936,-0.000763292637095958,45.4286440997922,-0.00147919284489856
53.81766,45.42998,-0.000143292637098114,45.4285741772431,-0.00154911539401895
53.829,45.42821,-0.00191329263709861,45.4285323358751,-0.00159095676201075
53.84034,45.42614,-0.00398329263710195,45.428526924586,-0.001596368051149
53.85168,45.42769,-0.00243329263710024,45.42856395713,-0.00155933550713799
53.86304,45.42971,-0.00041329263709855,45.4286458655086,-0.00147742712854363
53.87436,45.42912,-0.00100329263710108,45.4287706938856,-0.0013525987515341
53.88572,45.42873,-0.00139329263709698,45.4289318572526,-0.00119143538445486
53.89705,45.42754,-0.00258329263709811,45.4291184512895,-0.00100484134763677
53.90835,45.43101,0.000886707362901973,45.429316056595,-0.000807236042059508
53.91968,45.42836,-0.00176329263710073,45.4295079772419,-0.000615315395209638
53.93103,45.42935,-0.000773292637099132,45.429676826619,-0.000446466018146073
53.94238,45.43018,5.67073629014203e-05,45.4298063254219,-0.000316967215215659
53.95372,45.42996,-0.000163292637097356,45.4298831306427,-0.000240161994404185
53.96508,45.43168,0.00155670736290148,45.4298984745187,-0.000224818118438984
53.97644,45.42919,-0.00093329263710018,45.4298493749842,-0.000273917652875621
53.98779,45.43021,8.67073629038373e-05,45.4297392197907,-0.000384072846356402
53.99914,45.4288,-0.00132329263709607,45.4295776294225,-0.000545663214647022
54.01047,45.43095,0.000826707362904244,45.4293796215422,-0.000743671094948167
54.02179,45.42773,-0.00239329263710175,45.4291641809502,-0.000959111686864328
54.03311,45.43011,-1.32926370994824e-05,45.4289523795967,-0.00117091304041779
54.04442,45.42832,-0.00180329263709922,45.4287652179202,-0.00135807471688805
54.05577,45.42946,-0.000663292637099744,45.4286213866715,-0.0015019059655795
54.06711,45.42796,-0.0021632926370998,45.4285351783778,-0.00158811425929259
54.07845,45.42658,-0.0035432926370973,45.4285148115252,-0.0016084811119113
54.08978,45.42618,-0.00394329263709636,45.4285614505758,-0.00156184206133638
54.1011,45.43036,0.000236707362901711,45.4286691529219,-0.00145413971521933
54.11242,45.42986,-0.000263292637100676,45.4288258002871,-0.00129749235003093
54.12377,45.4295,-0.000623292637101258,45.4290148267991,-0.00110846583796543
54.13511,45.42845,-0.00167329263710059,45.4292173826695,-0.000905909967587421
54.14644,45.42931,-0.000813292637097618,45.4294145639934,-0.000708728643667632
54.15777,45.43069,0.000566707362899876,45.4295894381349,-0.000533854502181402
54.16912,45.42984,-0.000283292637099919,45.4297286831981,-0.000394609438956392
54.18044,45.43035,0.000226707362898537,45.4298237038473,-0.000299588789815835
54.19175,45.42933,-0.000793292637098375,45.4298711314057,-0.000252161231373967
54.20309,45.43004,-8.3292637100385e-05,45.4298726944325,-0.000250598204557107
54.21441,45.43002,-0.000103292637099628,45.4298345300119,-0.00028876262519548
54.22572,45.4307,0.000576707362903051,45.4297660597814,-0.000357232855674392
54.23705,45.42907,-0.00105329263709564,45.4296785819415,-0.00044471069559316
54.24837,45.42758,-0.00254329263709963,45.4295837609521,-0.000539531684946801
54.2597,45.43017,4.67073628982462e-05,45.4294922310666,-0.000631061570504531
54.27103,45.42851,-0.00161329263709575,45.4294125199639,-0.000710772673238995
54.28236,45.43259,0.002466707362899,45.4293504094046,-0.000772883232481007
54.29367,45.42696,-0.00316329263709747,45.4293087289726,-0.000814563664482732
54.30502,45.4279,-0.00222329263709753,45.4292875196124,-0.00083577302470111
54.31636,45.42912,-0.00100329263710108,45.429284524634,-0.000838768003075561
54.32765,45.4304,0.000276707362900197,45.4292959745978,-0.000827318039331566
54.33899,45.43114,0.0010167073629006,45.4293175486595,-0.000805743977571087
54.35032,45.42992,-0.000203292637095842,45.4293452770047,-0.000778015632376396
54.36165,45.42818,-0.00194329263710102,45.4293761339717,-0.000747158665391707
54.37296,45.42977,-0.000353292637100822,45.4294082058286,-0.00071508680851166
54.38429,45.42814,-0.00198329263709951,45.429440505247,-0.000682787390069888
54.39565,45.43012,-3.29263709630823e-06,45.4294726183619,-0.000650674275198437
54.40696,45.42848,-0.00164329263709817,45.4295043660892,-0.000618926547904044
54.41827,45.4305,0.000376707362903517,45.4295355826767,-0.000587709960430407
54.42959,45.42962,-0.000503292637098696,45.4295660240469,-0.000557268590206647
54.44095,45.42929,-0.000833292637096861,45.4295953564559,-0.000527936181195906
54.45229,45.43153,0.0014067073629036,45.4296231593495,-0.00050013328758709
54.46363,45.42767,-0.00245329263709948,45.4296489047671,-0.000474387869996733
54.47496,45.4288,-0.00132329263709607,45.4296719332524,-0.000451359384730092
54.48631,45.42933,-0.000793292637098375,45.4296914956981,-0.000431796938995225
54.49766,45.43056,0.000436707362901245,45.4297069166452,-0.00041637599193107
54.50901,45.43252,0.0023967073628981,45.4297178378822,-0.000405454754865447
54.52034,45.42923,-0.000893292637101695,45.4297243967732,-0.000398895863871691
54.53168,45.42767,-0.00245329263709948,45.4297271999068,-0.000396092730312186
54.54298,45.42917,-0.000953292637099423,45.4297270920515,-0.000396200585553816
54.5543,45.43113,0.00100670736290454,45.4297248699947,-0.000398422642447109
54.56565,45.42847,-0.00165329263710134,45.4297211145376,-0.000402178099471166
54.57696,45.43019,6.67073629045944e-05,45.4297162173182,-0.000407075318866324
54.58826,45.42867,-0.00145329263710181,45.4297105713313,-0.000412721305787122
54.59958,45.43005,-7.32926370972109e-05,45.4297048322497,-0.000418460387383416
54.61091,45.43198,0.00185670736290433,45.4297001149033,-0.000423177733790259
54.62225,45.43092,0.000796707362901827,45.4296979528762,-0.000425339760895456
54.63359,45.42962,-0.000503292637098696,45.4296998735183,-0.000423419118779193
54.64492,45.42832,-0.00180329263709922,45.4297065835859,-0.000416709051158012
54.65628,45.42842,-0.0017032926370959,45.4297169866182,-0.00040630601889116
54.66759,45.42833,-0.00179329263709604,45.42972742845,-0.000395864187143432
54.67892,45.43012,-3.29263709630823e-06,45.4297315712565,-0.000391721380588557
54.69025,45.42789,-0.0022332926371007,45.4297211220491,-0.000402170588027617
54.7016,45.4301,-2.32926370955511e-05,45.4296873782769,-0.00043591436016612
54.71295,45.43096,0.000836707362900313,45.4296232972289,-0.00049999540822471
54.72429,45.4321,0.00197670736289979,45.4295256027533,-0.000597689883821942
54.73564,45.43045,0.000326707362901857,45.4293963604808,-0.000726932156337221
54.74696,45.42891,-0.00121329263709669,45.4292435401544,-0.000879752482720782
54.7583,45.42894,-0.00118329263710137,45.4290803444579,-0.00104294817920644
54.76962,45.42897,-0.00115329263709896,45.4289234135248,-0.00119987911226457
54.78099,45.42835,-0.0017732926370968,45.4287902708982,-0.00133302173886244
54.79231,45.42843,-0.00169329263709983,45.4286964956135,-0.00142679702362411
54.80363,45.42823,-0.00189329263709936,45.4286531167558,-0.00147017588127598
54.81499,45.4268,-0.00332329263709852,45.4286646826807,-0.00145860995635331
54.82632,45.42693,-0.00319329263709989,45.4287283724396,-0.00139492019754985
54.83764,45.42868,-0.00144329263709864,45.4288343702082,-0.00128892242889495
54.84901,45.4304,0.000276707362900197,45.4289674920544,-0.00115580058273238
54.86033,45.4286,-0.00152329263709561,45.4291097702869,-0.00101352235016898
54.87165,45.43128,0.00115670736290241,45.4292434646902,-0.000879827946946565
54.88297,45.43145,0.00132670736289953,45.4293538789422,-0.000769413694868255
54.8943,45.42865,-0.00147329263710105,45.4294314376656,-0.000691854971467944
54.90565,45.42911,-0.00101329263709715,45.4294726878632,-0.000650604773935931
54.91695,45.43052,0.00039670736290276,45.4294801566807,-0.000643135956377244
54.92828,45.42949,-0.000633292637097327,45.4294612300204,-0.00066206261667253
54.93959,45.42757,-0.00255329263709569,45.4294263526754,-0.000696939961743523
54.95094,45.43062,0.000496707362898974,45.4293869062656,-0.000736386371540015
54.96231,45.42809,-0.00203329263710117,45.4293531296259,-0.000770163011225887
54.97364,45.42869,-0.00143329263709546,45.4293324087716,-0.000790883865465038
54.98499,45.42941,-0.000713292637101404,45.4293281821761,-0.000795110460981723
54.99631,45.42833,-0.00179329263709604,45.4293395997485,-0.000783692888584913
55.00764,45.43023,0.00010670736290308,45.4293619522979,-0.000761340339170983
55.01897,45.42823,-0.00189329263709936,45.4293877634511,-0.000735529185952204
55.0303,45.43105,0.000926707362900459,45.4294083291902,-0.000714963446881599
55.04162,45.42958,-0.000543292637097181,45.4294154206346,-0.00070787200248895
55.05297,45.42985,-0.000273292637096745,45.4294028470742,-0.000720445562873031
55.06432,45.42924,-0.000883292637098521,45.4293676193288,-0.000755673308273243
55.07564,45.42853,-0.00159329263709651,45.4293105481123,-0.00081274452475774
55.08693,45.43172,0.00159670736289996,45.4292362158342,-0.000887076802874384
55.09826,45.42887,-0.00125329263709517,45.4291523355288,-0.000970957108291255
55.10958,45.42851,-0.00161329263709575,45.4290685716528,-0.00105472098432126
55.12091,45.42856,-0.0015632926371012,45.4289949851337,-0.00112830750343812
55.13222,45.42843,-0.00169329263709983,45.4289403690289,-0.00118292360823207
55.14354,45.42767,-0.00245329263709948,45.428910793883,-0.00121249875407959
55.15488,45.42924,-0.000883292637098521,45.4289086380575,-0.00121465457962701
55.16622,45.42915,-0.000973292637098666,45.428932256667,-0.00119103597008168
55.17756,45.42908,-0.00104329263709957,45.4289762960668,-0.00114699657032728
55.1889,45.42867,-0.00145329263710181,45.4290325433053,-0.00109074933174951
55.20024,45.42925,-0.000873292637095346,45.4290911426887,-0.00103214994839089
55.21156,45.42824,-0.00188329263709619,45.4291420012577,-0.000981291379433516
55.22288,45.43124,0.00111670736290392,45.4291762020098,-0.000947090627318541
55.2342,45.4297,-0.000423292637101724,45.4291872312029,-0.000936061434202591
55.24553,45.42826,-0.00186329263709695,45.4291718329368,-0.00095145970026846
55.25689,45.42964,-0.000483292637099453,45.4291303697389,-0.000992922898169992
55.26823,45.42898,-0.00114329263709578,45.4290666805105,-0.00105661212656037
55.27958,45.42823,-0.00189329263709936,45.4289875245855,-0.00113576805158158
55.29093,45.4299,-0.000223292637095085,45.4289017408329,-0.00122155180424394
55.30228,45.42987,-0.000253292637097502,45.42881924805,-0.00130404458711938
55.31361,45.42607,-0.00405329263709575,45.4287500067151,-0.00137328592202181
55.32492,45.42804,-0.00208329263709572,45.4287030762237,-0.00142021641339765
55.33625,45.42906,-0.00106329263709881,45.4286859094786,-0.00143738315847293
55.34758,45.42961,-0.00051329263710187,45.4287039645809,-0.00141932805614972
55.35889,45.4295,-0.000623292637101258,45.4287605757045,-0.00136271693256559
55.37024,45.42925,-0.000873292637095346,45.4288569077386,-0.00126638489851278
55.38157,45.4303,0.000176707362903983,45.4289918185303,-0.00113147410683532
55.39289,45.42774,-0.00238329263709858,45.4291615696781,-0.000961722958953457
55.40423,45.42851,-0.00161329263709575,45.4293594927487,-0.000763799888400547
55.41555,45.42669,-0.00343329263709791,45.4295758497238,-0.000547442913275165
55.42688,45.43146,0.0013367073629027,45.4297981452196,-0.00032514741750347
55.43823,45.43155,0.00142670736290285,45.4300120143587,-0.000111278278364829
55.44957,45.42883,-0.00129329263710076,45.4302025880454,7.92954082559225e-05
55.46091,45.43089,0.00076670736289941,45.4303560698934,0.00023277725633038
55.47227,45.43124,0.00111670736290392,45.4304612301484,0.000337937511334179
55.48359,45.4308,0.000676707362899265,45.4305105836452,0.000387291008133772
55.49494,45.43158,0.00145670736289816,45.4305010930803,0.000377800443209059
55.50628,45.42995,-0.000173292637100531,45.4304343197994,0.000311027162270284
55.51763,45.42918,-0.000943292637096249,45.4303160553702,0.000192762733079424
55.52896,45.42935,-0.000773292637099132,45.4301555837453,3.2291108216737e-05
55.5403,45.42968,-0.000443292637100967,45.429964779461,-0.000158513176105437
55.55164,45.43166,0.00153670736290223,45.4297571978218,-0.000366094815347715
55.56297,45.42864,-0.00148329263709712,45.4295471901604,-0.000576102476658165
55.57433,45.43015,2.67073628990033e-05,45.4293489744979,-0.000774318139176002
55.58565,45.43072,0.000596707362902293,45.4291755803719,-0.000947712265173195
55.59699,45.42828,-0.0018432926370977,45.4290376614988,-0.00108563113827202
55.60835,45.42847,-0.00165329263710134,45.4289422894536,-0.00118100318354098
55.61967,45.42722,-0.00290329263710021,45.4288919678903,-0.00123132474680984
55.63101,45.42628,-0.00384329263710015,45.42888418449,-0.00123910814713124
55.64235,45.42908,-0.00104329263709957,45.4289117702569,-0.00121152238019082
55.65366,45.43113,0.00100670736290454,45.4289641278147,-0.0011591648223869
55.66502,45.43071,0.000586707362899119,45.4290290904595,-0.00109420217759146
55.67636,45.42833,-0.00179329263709604,45.4290949425942,-0.00102835004285154
55.68771,45.43099,0.00086670736290273,45.4291521087859,-0.00097118385122184
55.69907,45.42837,-0.00175329263709756,45.4291941949647,-0.000929097672373579
55.7104,45.42921,-0.000913292637100938,45.4292183098586,-0.000904982778528589
55.72173,45.42904,-0.00108329263709805,45.4292247915305,-0.000898501106614865
55.73307,45.42681,-0.00331329263709534,45.429216573589,-0.0009067190481397
55.7444,45.43021,8.67073629038373e-05,45.4291984426711,-0.00092484996595542
55.75573,45.42873,-0.00139329263709698,45.4291763623086,-0.000946930328526521
55.76706,45.43145,0.00132670736289953,45.4291568955359,-0.00096639710117683
55.77838,45.43031,0.000186707362900052,45.4291466269476,-0.000976665689532722
55.7897,45.42786,-0.00226329263709601,45.4291514599236,-0.000971832713485146
55.80104,45.42712,-0.00300329263709642,45.4291757799567,-0.00094751268039726
55.81237,45.43024,0.000116707362899149,45.4292216481204,-0.000901644516666763
55.8237,45.42855,-0.00157329263709727,45.4292882770055,-0.000835015631628241
55.83504,45.42886,-0.00126329263709835,45.4293719793869,-0.000751313250249182
55.84636,45.42943,-0.000693292637095055,45.4294666335563,-0.000656659080778481
55.85767,45.42979,-0.000333292637101579,45.4295645732069,-0.000558719430193658
55.86902,45.43103,0.000906707362901216,45.429657713428,-0.000465579209079023
55.88033,45.43052,0.00039670736290276,45.4297386691539,-0.00038462348321167
55.89165,45.43,-0.000123292637098871,45.4298016352087,-0.000321657428406864
55.90298,45.42785,-0.00227329263709919,45.4298428988142,-0.000280393822881478
55.9143,45.42823,-0.00189329263709936,45.4298610028827,-0.000262289754377306
55.9256,45.43288,0.00275670736289868,45.4298566686404,-0.000266623996652533
55.93693,45.43076,0.000636707362900779,45.4298325485114,-0.000290744125720692
55.94828,45.42947,-0.00065329263709657,45.4297927761946,-0.000330516442535587
55.95964,45.42957,-0.000553292637100355,45.4297422588693,-0.000381033767771358
55.97097,45.42834,-0.00178329263709998,45.4296857737631,-0.000437518874032605
55.98232,45.42865,-0.00147329263710105,45.4296270827344,-0.000496209902718946
55.99366,45.43076,0.000636707362900779,45.4295683278402,-0.00055496479685246
56.00498,45.42767,-0.00245329263709948,45.4295098868722,-0.000613405764851333
56.01629,45.43071,0.000586707362899119,45.429450717435,-0.000672575202138319
56.02759,45.42979,-0.000333292637101579,45.429389081656,-0.000734210981110369
56.03894,45.42775,-0.0023732926370954,45.4293234594312,-0.000799833205861867
56.05028,45.43084,0.000716707362904856,45.4292534256599,-0.000869866977216549
56.0616,45.43098,0.000856707362899556,45.4291802693425,-0.000943023294641894
56.07293,45.43034,0.000216707362902469,45.4291071626223,-0.00101613001475953
56.08426,45.42706,-0.00306329263710126,45.4290387767976,-0.00108451583952501
56.0956,45.42762,-0.00250329263710114,45.4289804182372,-0.0011428743998977
56.10694,45.42909,-0.00103329263709639,45.4289369523543,-0.00118634028279128
56.11826,45.42809,-0.00203329263710117,45.4289118613968,-0.00121143124033613
56.12961,45.42958,-0.000543292637097181,45.428906687832,-0.00121660480505824
56.14094,45.42896,-0.00116329263710213,45.4289209347762,-0.00120235786088111
56.15227,45.42893,-0.00119329263709744,45.4289523457769,-0.0011709468601879
56.16362,45.43037,0.000246707362904885,45.4289974186942,-0.00112587394288257
56.17494,45.42801,-0.00211329263709814,45.4290520128416,-0.00107127979551539
56.18628,45.42754,-0.00258329263709811,45.4291119573851,-0.00101133525196115
56.19762,45.42974,-0.000383292637096133,45.4291736224046,-0.000949670232467911
56.20894,45.43085,0.000726707362900925,45.4292344186951,-0.000888873942019709
56.22026,45.43012,-3.29263709630823e-06,45.4292931330631,-0.000830159573949448
56.23158,45.42888,-0.0012432926370991,45.4293499543685,-0.000773338268645415
56.24289,45.42945,-0.000673292637095813,45.4294060930191,-0.000717199617979904
56.25421,45.43018,5.67073629014203e-05,45.4294630369484,-0.000660255688691827
56.26554,45.42789,-0.0022332926371007,45.4295216291333,-0.000601663503776146
56.27687,45.42824,-0.00188329263709619,45.429581228144,-0.000542064493056089
56.28823,45.43024,0.000116707362899149,45.4296392107305,-0.000484081906640044
56.29956,45.42857,-0.00155329263709802,45.4296909904988,-0.000432302138299813
56.31089,45.43147,0.00134670736289877,45.4297305719057,-0.000392720731360979
56.32223,45.42968,-0.000443292637100967,45.429751495295,-0.000371797342119927
56.33358,45.42955,-0.000573292637099598,45.4297479324841,-0.000375360153022308
56.34489,45.43099,0.00086670736290273,45.4297156928272,-0.000407599809923481
56.35625,45.42864,-0.00148329263709712,45.4296529688069,-0.000470323830243793
56.36758,45.42973,-0.000393292637099307,45.4295607391289,-0.000562553508221223
56.37891,45.4297,-0.000423292637101724,45.4294428208116,-0.000680471825519658
56.39027,45.42915,-0.000973292637098666,45.429305604308,-0.00081768832910801
56.40158,45.43028,0.00015670736290474,45.429157519546,-0.000965773091064351
56.41289,45.42724,-0.00288329263710096,45.4290082877904,-0.00111500484673822
56.42422,45.42976,-0.00036329263709689,45.4288680345858,-0.00125525805126055
56.43552,45.42902,-0.0011032926370973,45.4287463633442,-0.00137692929288839
56.44684,45.42762,-0.00250329263710114,45.4286514940782,-0.00147179855887482
56.45818,45.42892,-0.00120329263710062,45.4285895571457,-0.00153373549139136
56.46952,45.42758,-0.00254329263709963,45.428564112093,-0.00155918054411221
56.48088,45.42908,-0.00104329263709957,45.4285759315912,-0.00154736104589767
56.49221,45.43001,-0.000113292637095697,45.4286230372437,-0.00150025539342503
56.50355,45.4285,-0.00162329263709893,45.4287009173812,-0.0014223752558715
56.51489,45.42869,-0.00143329263709546,45.4288028450819,-0.00132044755517717
56.52624,45.42799,-0.00213329263709738,45.4289202712634,-0.00120302137368275
56.53757,45.42863,-0.0014932926371003,45.4290433521928,-0.00107994044426888
56.5489,45.42863,-0.0014932926371003,45.4291617079871,-0.000961584649990522
56.56023,45.42883,-0.00129329263710076,45.4292654586781,-0.000857833959007199
56.57153,45.43026,0.000136707362898392,45.4293464681791,-0.000776824458043633
56.58285,45.42998,-0.000143292637098114,45.4293995966417,-0.000723695995373503
56.5942,45.43067,0.000546707362900634,45.4294236735467,-0.000699619090432734
56.60552,45.42892,-0.00120329263710062,45.4294219011206,-0.000701391516503319
56.61686,45.43194,0.00181670736289874,45.429401492312,-0.00072180032509334
56.62821,45.42783,-0.00229329263709843,45.4293725113134,-0.000750781323737166
56.63955,45.42931,-0.000813292637097618,45.4293460730009,-0.000777219636181063
56.65088,45.42837,-0.00175329263709756,45.4293322280696,-0.000791064567538161
56.66222,45.42865,-0.00147329263710105,45.4293379639427,-0.00078532869440373
56.67353,45.42844,-0.00168329263709666,45.4293657463718,-0.000757546265253323
56.68488,45.42869,-0.00143329263709546,45.4294129150024,-0.000710377634729191
56.69622,45.42888,-0.0012432926370991,45.4294720669187,-0.00065122571838565
56.70758,45.43038,0.000256707362900954,45.4295323552562,-0.000590937380916684
56.71889,45.43126,0.00113670736290317,45.4295814319415,-0.000541860695602445
56.73022,45.42905,-0.00107329263710199,45.4296076255535,-0.000515667083554555
56.74156,45.43017,4.67073628982462e-05,45.4296019192805,-0.000521373356623868
56.75288,45.43116,0.00103670736289985,45.4295593842209,-0.000563908416207807
56.7642,45.4287,-0.00142329263709939,45.4294798749273,-0.000643417709823267
56.77552,45.4296,-0.000523292637097938,45.4293679517435,-0.000755340893588969
56.78685,45.4271,-0.00302329263709566,45.4292321361277,-0.000891156509434533
56.79819,45.43122,0.00109670736290468,45.4290837042407,-0.00103958839644438
56.80952,45.42902,-0.0011032926370973,45.4289352445049,-0.00118804813217963
56.82087,45.4273,-0.00282329263709613,45.4287991620662,-0.00132413057090976
56.8322,45.42892,-0.00120329263710062,45.4286862753148,-0.0014370173222504
56.84354,45.42891,-0.00121329263709669,45.4286046462755,-0.00151864636158048
56.85488,45.42767,-0.00245329263709948,45.4285587769066,-0.00156451573052866
56.86625,45.42895,-0.0011732926370982,45.4285492570242,-0.00157403561292543
56.8776,45.42815,-0.00197329263709634,45.4285728890042,-0.00155040363288673
56.88896,45.42805,-0.00207329263709966,45.4286232626845,-0.00150002995263677
56.9003,45.42807,-0.00205329263710041,45.4286917044817,-0.00143158815538498
56.91162,45.43166,0.00153670736290223,45.4287684648892,-0.00135482774791222
56.92296,45.42809,-0.00203329263710117,45.4288439466016,-0.00127934603553821
56.9343,45.42887,-0.00125329263709517,45.4289097543452,-0.00121353829193122
56.94564,45.42767,-0.00245329263709948,45.4289594067354,-0.0011638859017152
56.95698,45.43124,0.00111670736290392,45.428988656957,-0.00113463568012107
56.9683,45.4301,-2.32926370955511e-05,45.4289954430539,-0.00112784958314993
56.97963,45.42753,-0.00259329263710129,45.4289795199898,-0.00114377264729906
56.99097,45.42732,-0.00280329263709689,45.428941883391,-0.0011814092461189
57.00231,45.42815,-0.00197329263709634,45.4288841920815,-0.0012391005555547
57.01365,45.42846,-0.00166329263709741,45.4288084331307,-0.00131485950635244
57.02501,45.43024,0.000116707362899149,45.4287169640144,-0.00140632862272397
57.03634,45.42801,-0.00211329263709814,45.4286128622827,-0.00151043035442805
57.04763,45.43069,0.000566707362899876,45.4285003474142,-0.00162294522288141
57.05896,45.42847,-0.00165329263710134,45.4283850007448,-0.00173829189230987
57.07026,45.4284,-0.00172329263709514,45.4282735975489,-0.00184969508822623
57.0816,45.42588,-0.00424329263709922,45.4281735292439,-0.00194976339321197
57.09292,45.42866,-0.00146329263709788,45.4280919571427,-0.00203133549441508
57.10426,45.42864,-0.00148329263709712,45.4280349175724,-0.00208837506468119
57.11559,45.42773,-0.00239329263710175,45.4280065583437,-0.00211673429340613
57.12693,45.42751,-0.00261329263710053,45.4280085899733,-0.00211470266381905
57.13824,45.42825,-0.00187329263710012,45.4280399694181,-0.00208332321898439
57.1496,45.42921,-0.000913292637100938,45.4280968169711,-0.00202647566600012
57.16093,45.42722,-0.00290329263710021,45.4281725649108,-0.0019507277263075
57.17229,45.42841,-0.00171329263709907,45.4282583411726,-0.00186495146451865
57.18364,45.42725,-0.00287329263709779,45.4283436134806,-0.00177967915650842
57.19496,45.42795,-0.00217329263709587,45.4284171366978,-0.00170615593926672
57.20628,45.42697,-0.0031532926371014,45.4284682131785,-0.00165507945857708
57.21763,45.43014,1.67073629029346e-05,45.4284881717642,-0.00163512087292289
57.22892,45.43124,0.00111670736290392,45.4284718201183,-0.00165147251883199
57.24024,45.4291,-0.00102329263710033,45.4284185034271,-0.00170478920995843
57.25158,45.42856,-0.0015632926371012,45.4283324181612,-0.00179087447591588
57.26289,45.42531,-0.0048132926370954,45.4282220301973,-0.00190126243981246
57.2742,45.43101,0.000886707362901973,45.4280987355213,-0.00202455711581579
57.28552,45.4257,-0.00442329263709951,45.4279751085653,-0.00214818407176451
57.29686,45.42645,-0.00367329263709593,45.4278631294231,-0.0022601632139971
57.30821,45.42839,-0.00173329263709832,45.4277727158962,-0.00235057674089637
57.31953,45.42827,-0.00185329263710088,45.4277107699795,-0.00241252265759471
57.33088,45.42733,-0.00279329263710082,45.4276808026551,-0.0024424899819922
57.34222,45.42777,-0.00235329263709616,45.4276830689549,-0.00244022368220068
57.35357,45.4284,-0.00172329263709514,45.4277150834721,-0.00240820916504832
57.36492,45.42669,-0.00343329263709791,45.4277723931239,-0.00235089951318858
57.37622,45.42667,-0.00345329263709715,45.4278495110053,-0.00227378163176063
57.38755,45.42938,-0.000743292637096715,45.4279409213907,-0.00218237124643298
57.39888,45.42933,-0.000793292637098375,45.4280420300435,-0.00208126259359177
57.41021,45.42744,-0.00268329263710143,45.428149875486,-0.00197341715106043
57.42152,45.4294,-0.000723292637097472,45.4282634042241,-0.00185988841304655
57.43285,45.43005,-7.32926370972109e-05,45.4283831928685,-0.00174009976859441
57.44416,45.42706,-0.00306329263710126,45.4285106466117,-0.00161264602542459
57.4555,45.42635,-0.00377329263709925,45.4286468663918,-0.0014764262452981
57.46684,45.42803,-0.0020932926370989,45.4287915083545,-0.00133178428259564
57.47818,45.43063,0.000506707362902148,45.4289419835908,-0.00118130904631186
57.4895,45.42941,-0.000713292637101404,45.4290932180299,-0.00103007460721795
57.50086,45.42825,-0.00187329263710012,45.4292379942374,-0.00088529839968941
57.5122,45.42838,-0.00174329263710149,45.4293677724129,-0.000755520224224664
57.52354,45.4289,-0.00122329263709986,45.429473869104,-0.000649423533134775
57.53489,45.43045,0.000326707362901857,45.4295488599701,-0.000574432667014718
57.54622,45.4309,0.000776707362902584,45.4295879902925,-0.000535302344594356
57.55754,45.4325,0.00237670736289886,45.4295902713338,-0.0005330213033223
57.56887,45.42796,-0.0021632926370998,45.4295589296372,-0.000564362999912361
57.58022,45.42849,-0.0016332926371021,45.429501026315,-0.000622266322146305
57.59155,45.43103,0.000906707362901216,45.4294263143648,-0.00069697827228392
57.6029,45.42857,-0.00155329263709802,45.4293456113763,-0.000777681260829473
57.61424,45.42775,-0.0023732926370954,45.4292690471255,-0.00085424551160674
57.62557,45.42809,-0.00203329263710117,45.4292045317284,-0.000918760908712108
57.63691,45.42922,-0.000903292637097763,45.4291567249709,-0.000966567666198989
57.64827,45.43061,0.000486707362902905,45.4291266592634,-0.000996633373668309
57.6596,45.42886,-0.00126329263709835,45.4291119894072,-0.00101130322989686
57.67097,45.42955,-0.000573292637099598,45.4291077004698,-0.00101559216728741
57.68232,45.42815,-0.00197329263709634,45.4291070759981,-0.00101621663900682
57.69366,45.42869,-0.00143329263709546,45.4291027873655,-0.00102050527155927
57.70499,45.42937,-0.000753292637099889,45.4290880217233,-0.00103527091380406
57.71632,45.43001,-0.000113292637095697,45.4290575614526,-0.0010657311845395
57.72764,45.42989,-0.000233292637098259,45.4290086797196,-0.0011146129175068
57.73894,45.42873,-0.00139329263709698,45.4289416933471,-0.00118159929003534
57.75027,45.4275,-0.0026232926370966,45.428860066894,-0.00126322574308073
57.76163,45.42963,-0.000493292637095522,45.428770068239,-0.00135322439814282
57.77295,45.42973,-0.000393292637099307,45.4286800599664,-0.00144323267070251
57.78428,45.42814,-0.00198329263709951,45.4285995315701,-0.00152376106697084
57.79563,45.42732,-0.00280329263709689,45.428537975491,-0.00158531714606212
57.80698,45.42796,-0.0021632926370998,45.4285037338415,-0.00161955879560223
57.81832,45.43122,0.00109670736290468,45.4285029659969,-0.00162032664022435
57.82965,45.4261,-0.00402329263710044,45.428538860366,-0.00158443227113678
57.84096,45.42896,-0.00116329263710213,45.4286111592883,-0.00151213334879098
57.85228,45.42834,-0.00178329263709998,45.4287160401498,-0.00140725248734078
57.86363,45.42858,-0.00154329263710196,45.4288463880601,-0.00127690457695258
57.87497,45.42814,-0.00198329263709951,45.4289924538254,-0.00113083881168868
57.8863,45.43188,0.00175670736290101,45.4291428095815,-0.000980483055618367
57.89764,45.43013,6.70736289976048e-06,45.4292854378266,-0.000837854810485023
57.90899,45.42774,-0.00238329263709858,45.4294087756275,-0.000714517009563385
57.92032,45.42744,-0.00268329263710143,45.4295026198827,-0.000620672754432669
57.93164,45.43068,0.000556707362903808,45.4295589298641,-0.000564362772986549
57.94297,45.42926,-0.000863292637099278,45.429572610905,-0.000550681732082516
57.95432,45.43095,0.000826707362904244,45.429542269761,-0.000581022876087631
57.96565,45.42856,-0.0015632926371012,45.4294707910675,-0.000652501569637648
57.97701,45.43065,0.000526707362901391,45.429365520365,-0.000757772272138462
57.98837,45.43018,5.67073629014203e-05,45.4292378777253,-0.000885414911771344
57.99969,45.43033,0.000206707362899294,45.4291023224248,-0.00102097021227446
58.01103,45.4277,-0.00242329263709706,45.4289747207098,-0.0011485719272496
58.02237,45.42644,-0.0036832926370991,45.4288703346696,-0.00125295796745437
58.0337,45.42804,-0.00208329263709572,45.4288017994641,-0.00132149317299615
58.04505,45.43071,0.000586707362899119,45.4287774837566,-0.00134580888045249
58.05639,45.42875,-0.00137329263709773,45.4288004892963,-0.00132280334084085
58.06774,45.42919,-0.00093329263710018,45.428868340729,-0.0012549519081306
58.07904,45.42662,-0.00350329263709881,45.428973299105,-0.00114999353208735
58.09036,45.43102,0.000896707362898042,45.4291032378796,-0.00102005475752742
58.1017,45.42729,-0.00283329263709931,45.429243051043,-0.00088024159413973
58.11301,45.4281,-0.002023292637098,45.4293765304232,-0.000746762213869645
58.12433,45.43098,0.000856707362899556,45.429488551124,-0.000634741513063615
58.13569,45.43054,0.000416707362902002,45.4295672733404,-0.000556019296652571
58.14702,45.43268,0.00255670736289915,45.4296059464828,-0.000517346154340153
58.15832,45.4303,0.000176707362903983,45.4296038713833,-0.000519421253827586
58.16967,45.42924,-0.000883292637098521,45.4295662264935,-0.00055706614363994
58.18102,45.4269,-0.0032232926370952,45.4295027802296,-0.000620512407536934
58.19236,45.42917,-0.000953292637099423,45.4294258491731,-0.000697443463964159
58.2037,45.4278,-0.00232329263710085,45.4293480415822,-0.000775251054949737
58.21506,45.43246,0.00233670736290037,45.4292802701851,-0.000843022452040793
58.22637,45.42799,-0.00213329263709738,45.4292303112429,-0.000892981394203917
58.23772,45.42859,-0.00153329263709878,45.4292019979949,-0.000921294642189027
58.24904,45.42614,-0.00398329263710195,45.4291950685539,-0.000928224083156252
58.26038,45.43007,-5.32926370979681e-05,45.4292056854783,-0.00091760715883347
58.27171,45.4315,0.00137670736290119,45.4292275704094,-0.000895722227676756
58.28305,45.42896,-0.00116329263710213,45.4292535164565,-0.000869776180643836
58.2944,45.43133,0.00120670736290407,45.4292768796628,-0.000846412974252047
58.30573,45.42925,-0.000873292637095346,45.4292926519438,-0.000830640693248644
58.31707,45.42876,-0.00136329263710167,45.429297888797,-0.000825403840122634
58.32841,45.42894,-0.00118329263710137,45.4292915006801,-0.00083179195697029
58.33973,45.42811,-0.00201329263710193,45.429273606912,-0.000849685725060452
58.35109,45.43121,0.00108670736290151,45.4292447336945,-0.000878558942573796
58.36241,45.42789,-0.0022332926371007,45.4292051154052,-0.000918177231889095
58.37374,45.4265,-0.00362329263710137,45.4291542891614,-0.000969003475663592
58.38509,45.43,-0.000123292637098871,45.4290911051741,-0.00103218746298261
58.39644,45.43016,3.67073629021775e-05,45.4290141862834,-0.00110910635366808
58.40776,45.42816,-0.00196329263710027,45.4289227246246,-0.0012005680124885
58.41909,45.43188,0.00175670736290101,45.4288173563762,-0.0013059362608993
58.43044,45.42745,-0.00267329263709826,45.428700810369,-0.00142248226805845
58.44177,45.42859,-0.00153329263709878,45.4285781154013,-0.00154517723582999
58.45312,45.42735,-0.00277329263710158,45.4284563145501,-0.0016669780869986
58.46445,45.42962,-0.000503292637098696,45.4283437784218,-0.0017795142152894
58.47578,45.42822,-0.00190329263709543,45.4282492668573,-0.00187402577983561
58.48709,45.42741,-0.00271329263709674,45.4281808714713,-0.0019424211657584
58.4984,45.42881,-0.00131329263710001,45.4281449462944,-0.00197834634268869
58.50975,45.42881,-0.00131329263710001,45.4281451376554,-0.00197815498164817
58.52111,45.42616,-0.00396329263709561,45.4281816420208,-0.00194165061629249
58.53242,45.4283,-0.00182329263709846,45.4282508325908,-0.00187246004633156
58.54373,45.42702,-0.00310329263709974,45.4283453859915,-0.00177790664562592
58.55507,45.42973,-0.000393292637099307,45.4284549769251,-0.00166831571197408
58.56638,45.42863,-0.0014932926371003,45.4285674815746,-0.00155581106251747
58.57772,45.42901,-0.00111329263710047,45.4286704943589,-0.00145279827817808
58.58909,45.42876,-0.00136329263710167,45.4287528916571,-0.00137040097996259
58.60043,45.42979,-0.000333292637101579,45.4288061924961,-0.00131710014098728
58.61175,45.4278,-0.00232329263710085,45.4288255353418,-0.00129775729527299
58.62307,45.42978,-0.000343292637097647,45.4288101702655,-0.00131312237161133
58.63441,45.42878,-0.00134329263709532,45.4287634362074,-0.00135985642965359
58.64575,45.42849,-0.0016332926371021,45.4286922480753,-0.00143104456178909
58.65707,45.43071,0.000586707362899119,45.4286061639384,-0.00151712869871227
58.66842,45.42419,-0.00593329263709563,45.4285161531765,-0.00160713946060041
58.67976,45.43018,5.67073629014203e-05,45.4284332405235,-0.00169005211358065
58.6911,45.42946,-0.000663292637099744,45.4283672211693,-0.00175607146784125
58.70243,45.42833,-0.00179329263709604,45.4283255966391,-0.00179769599799932
58.71377,45.42722,-0.00290329263710021,45.428312812989,-0.00181047964808877
58.72508,45.42566,-0.00446329263709799,45.4283298688497,-0.00179342378736505
58.73644,45.42977,-0.000353292637100822,45.4283743822163,-0.00174891042082883
58.74778,45.42998,-0.000143292637098114,45.42844115519,-0.00168213744708429
58.75912,45.42867,-0.00145329263710181,45.4285231290555,-0.00160016358158099
58.77044,45.42725,-0.00287329263709779,45.4286124944927,-0.00151079814440249
58.78177,45.43018,5.67073629014203e-05,45.4287017212605,-0.00142157137657241
58.79312,45.42871,-0.00141329263709622,45.4287843639661,-0.00133892867102595
58.80447,45.42838,-0.00174329263710149,45.428855585027,-0.00126770761008249
58.8158,45.42941,-0.000713292637101404,45.4289123817725,-0.00121091086458701
58.82713,45.42924,-0.000883292637098521,45.4289535394593,-0.00116975317783212
58.83848,45.42723,-0.00289329263709703,45.428979364839,-0.0011439277981435
58.84981,45.43058,0.000456707362900488,45.4289912731752,-0.00113201946187621
58.86115,45.42993,-0.000193292637099773,45.4289912986389,-0.00113199399817743
58.8725,45.42814,-0.00198329263709951,45.4289815855983,-0.00114170703877492
58.88384,45.42741,-0.00271329263709674,45.428963929944,-0.00115936269312697
58.89519,45.42918,-0.000943292637096249,45.4289394851587,-0.00118380747844038
58.90653,45.42658,-0.0035432926370973,45.4289087669563,-0.00121452568078208
58.91786,45.43158,0.00145670736289816,45.4288720116578,-0.00125128097932226
58.92919,45.43082,0.000696707362898508,45.4288297826628,-0.00129350997431502
58.94052,45.42677,-0.00335329263710094,45.4287835820348,-0.0013397106022945
58.95182,45.42899,-0.00113329263709971,45.4287362161822,-0.00138707645494247
58.96318,45.43003,-9.32926370964537e-05,45.4286917863139,-0.00143150632320639
58.97453,45.42808,-0.00204329263709724,45.4286553174711,-0.00146797516604195
58.98586,45.42777,-0.00235329263709616,45.4286321211947,-0.00149117144241762
58.99722,45.42752,-0.00260329263709735,45.4286270207457,-0.00149627189136971
59.00858,45.43023,0.00010670736290308,45.4286435749255,-0.00147971771155981
59.01989,45.4302,7.67073629006632e-05,45.428683395547,-0.00143989709010266
59.03122,45.42781,-0.00231329263709767,45.4287455862601,-0.00137770637696905
59.04253,45.42867,-0.00145329263710181,45.4288263224844,-0.00129697015271638
59.05386,45.42672,-0.00340329263709549,45.4289186765118,-0.00120461612530925
59.06519,45.42886,-0.00126329263709835,45.4290128817287,-0.00111041090842055
59.07651,45.42841,-0.00171329263709907,45.4290972100829,-0.00102608255418888
59.08783,45.42979,-0.000333292637101579,45.4291594817944,-0.000963810842713983
59.09915,45.42861,-0.00151329263709954,45.4291890088045,-0.000934283832601052
59.11047,45.43248,0.00235670736289961,45.4291785911835,-0.000944701453613347
59.12181,45.42918,-0.000943292637096249,45.4291261036862,-0.000997188950935963
59.13315,45.42992,-0.000203292637095842,45.4290352589129,-0.00108803372417241
59.14449,45.42941,-0.000713292637101404,45.4289153155278,-0.00120797710934853
59.15584,45.42776,-0.00236329263709933,45.4287797645321,-0.00134352810499922
59.16718,45.42667,-0.00345329263709715,45.4286442787071,-0.00147901392994922
59.17852,45.42797,-0.00215329263709663,45.4285243595796,-0.00159893305752806
59.18984,45.43205,0.00192670736289813,45.4284331144143,-0.00169017822277807
59.2012,45.42689,-0.00323329263709837,45.4283794710163,-0.00174382162077783
59.21255,45.42591,-0.0042132926370968,45.4283670082995,-0.00175628433756151
59.22388,45.42648,-0.00364329263710061,45.4283935435364,-0.00172974910074372
59.2352,45.42988,-0.000243292637101433,45.4284516096476,-0.00167168298954768
59.24652,45.42851,-0.00161329263709575,45.4285298311651,-0.00159346147197869
59.25783,45.42956,-0.000563292637096424,45.4286149588345,-0.00150833380260564
59.26916,45.4296,-0.000523292637097938,45.4286941069782,-0.00142918565893088
59.28049,45.43126,0.00113670736290317,45.4287566838648,-0.00136660877230335
59.29182,45.42948,-0.000643292637100501,45.4287956180642,-0.00132767457290716
59.30317,45.42541,-0.00471329263709919,45.4288077140873,-0.00131557854982329
59.31451,45.42916,-0.000963292637095492,45.4287932531509,-0.0013300394861822
59.32584,45.42797,-0.00215329263709663,45.4287551730174,-0.00136811961970442
59.3372,45.42869,-0.00143329263709546,45.4286981988902,-0.00142509374690716
59.34854,45.42964,-0.000483292637099453,45.4286281639488,-0.00149512868827057
59.35985,45.42758,-0.00254329263709963,45.4285515810361,-0.00157171160101092
59.37119,45.42854,-0.00158329263710044,45.4284754158717,-0.00164787676538582
59.38252,45.42722,-0.00290329263710021,45.428406977117,-0.00171631552010394
59.39382,45.43046,0.000336707362897926,45.4283538253888,-0.00176946724833203
59.40513,45.42963,-0.000493292637095522,45.4283235715909,-0.00179972104619671
59.41645,45.42761,-0.00251329263709721,45.4283234128315,-0.00179987980562359
59.4278,45.43002,-0.000103292637099628,45.4283593110574,-0.00176398157968368
59.43916,45.42614,-0.00398329263710195,45.4284348731602,-0.00168841947690099
59.4505,45.42804,-0.00208329263709572,45.4285501703522,-0.00157312228494532
59.46184,45.42818,-0.00194329263710102,45.4287008408044,-0.00142245183267762
59.47318,45.42864,-0.00148329263709712,45.428877799086,-0.00124549355112848
59.48451,45.42749,-0.00263329263709977,45.4290677425842,-0.00105555005287377
59.49586,45.43073,0.000606707362898362,45.4292544597803,-0.00086883285675249
59.50721,45.42977,-0.000353292637100822,45.4294207676656,-0.000702524971458358
59.51854,45.42863,-0.0014932926371003,45.4295507719333,-0.000572520703829065
59.52985,45.43023,0.00010670736290308,45.4296320788384,-0.00049121379868924
59.54118,45.43195,0.00182670736290191,45.4296575924967,-0.000465700140395057
59.55254,45.42989,-0.000233292637098259,45.429626579891,-0.000496712746090046
59.56385,45.4294,-0.000723292637097472,45.4295447770229,-0.000578515614229147
59.57518,45.43075,0.00062670736290471,45.4294234698761,-0.000699822760971212
59.58651,45.42757,-0.00255329263709569,45.4292776943108,-0.000845598326280464
59.59784,45.42896,-0.00116329263710213,45.4291238872178,-0.000999405419308372
59.6092,45.42764,-0.0024832926371019,45.4289774270024,-0.00114586563465194
59.62054,45.42931,-0.000813292637097618,45.4288505021267,-0.00127279051039456
59.63188,45.4283,-0.00182329263709846,45.4287506496662,-0.00137264297089068
59.64322,45.4271,-0.00302329263709566,45.4286801545346,-0.00144313810248952
59.65457,45.42883,-0.00129329263710076,45.4286363471772,-0.00148694545988824
59.66592,45.42928,-0.000843292637100035,45.4286126984511,-0.00151059418597435
59.67728,45.43016,3.67073629021775e-05,45.4286004762228,-0.00152281641434591
59.68862,45.42634,-0.00378329263709531,45.4285906251042,-0.00153266753285754
59.69994,45.43133,0.00120670736290407,45.4285755094607,-0.00154778317635115
59.71129,45.4285,-0.00162329263709893,45.4285502217003,-0.00157307093679775
59.72262,45.42859,-0.00153329263709878,45.4285132560815,-0.00161003655563182
59.73394,45.42937,-0.000753292637099889,45.4284664609345,-0.00165683170258418
59.74527,45.42789,-0.0022332926371007,45.4284143159066,-0.00170897673054669
59.75662,45.42817,-0.00195329263709709,45.4283627189973,-0.00176057363975212
59.76797,45.42735,-0.00277329263710158,45.4283175740648,-0.00180571857225873
59.7793,45.42692,-0.00320329263709596,45.4282835155739,-0.00183977706319357
59.79065,45.42692,-0.00320329263709596,45.4282630725817,-0.00186022005541626
59.80198,45.42948,-0.000643292637100501,45.4282564436853,-0.00186684895183538
59.81334,45.43011,-1.32926370994824e-05,45.4282618483903,-0.00186144424674773
59.82465,45.42818,-0.00194329263710102,45.4282762180854,-0.00184707455174819
59.836,45.42933,-0.000793292637098375,45.4282959032345,-0.0018273894026289
59.84732,45.42707,-0.00305329263709808,45.4283171524729,-0.00180614016418375
59.85863,45.42912,-0.00100329263710108,45.4283362976719,-0.00178699496515517
59.86995,45.4269,-0.0032232926370952,45.4283497398275,-0.00177355280955369
59.88127,45.42803,-0.0020932926370989,45.4283539044582,-0.0017693881788877
59.89262,45.42799,-0.00213329263709738,45.428345317961,-0.00177797467605681
59.90397,45.42964,-0.000483292637099453,45.4283208722943,-0.00180242034284129
59.9153,45.42812,-0.00200329263709875,45.4282782335429,-0.0018450590942127
59.92663,45.42906,-0.00106329263709881,45.4282162685652,-0.00190702407191141
59.93796,45.42823,-0.00189329263709936,45.4281353614012,-0.00198793123588287
59.94931,45.4262,-0.00392329263709712,45.4280375637151,-0.00208572892201987
59.96064,45.42785,-0.00227329263709919,45.427926615514,-0.00219667712307949
59.97198,45.42849,-0.0016332926371021,45.4278079139055,-0.00231537873158681
59.98334,45.42774,-0.00238329263709858,45.4276884639292,-0.00243482870794997
59.99464,45.42916,-0.000963292637095492,45.42757675471,-0.00254653792708368
60.00598,45.42626,-0.00386329263709939,45.4274824516429,-0.0026408409941997
60.01729,45.42875,-0.00137329263709773,45.4274158307962,-0.00270746184089943
60.02863,45.42546,-0.00466329263709753,45.4273869784148,-0.00273631422229486
60.03995,45.42804,-0.00208329263709572,45.427404870979,-0.00271842165805534
60.05128,45.42625,-0.00387329263709546,45.4274764891122,-0.00264680352491604
60.0626,45.42976,-0.00036329263709689,45.4276060885746,-0.00251720406247798
60.07394,45.42699,-0.00313329263709505,45.4277946814109,-0.002328611226246
60.08529,45.42781,-0.00231329263709767,45.428039726254,-0.00208356638313793
60.09661,45.42751,-0.00261329263710053,45.4283350274868,-0.0017882651503447
60.10793,45.42915,-0.000973292637098666,45.4286708738364,-0.00145241880071066
60.11927,45.42738,-0.00274329263709916,45.4290344462306,-0.00108884640646691
60.13063,45.43109,0.000966707362898944,45.4294104651816,-0.000712827455490296
60.14196,45.43065,0.000526707362901391,45.4297819577388,-0.000341334898319149
60.1533,45.43163,0.00150670736289982,45.4301309576909,7.6650538067142e-06
60.16459,45.43046,0.000336707362897926,45.4304389698459,0.000315677208753426
60.17592,45.43013,6.70736289976048e-06,45.4306871625814,0.000563869944326857
60.18723,45.42805,-0.00207329263709966,45.4308564597273,0.00073316709022255
60.19854,45.43,-0.000123292637098871,45.4309278672293,0.000804574592247462
60.20983,45.43088,0.000756707362903342,45.4308833747562,0.000760082119091758
60.22117,45.43127,0.00114670736289924,45.4307075862961,0.000584293659014284
60.23248,45.43037,0.000246707362904885,45.4303899469178,0.000266654280684424
60.24379,45.42931,-0.000813292637097618,45.429927190396,-0.000196102241109351
60.25512,45.43012,-3.29263709630823e-06,45.4293255135898,-0.000797779047321027
60.26645,45.43159,0.00146670736290133,45.4286019627888,-0.00152132984829745
60.27775,45.42896,-0.00116329263710213,45.4277845529003,-0.00233873973678309
60.2891,45.42913,-0.000993292637097909,45.4269107611691,-0.0032125314680346
60.30043,45.42608,-0.00404329263709968,45.4260243034604,-0.00409898917665292
