time_s,capacitance_raw_pF,capacitance_zero_mean_pF,capacitance_filtered_pF,capacitance_filtered_zero_mean_pF
0.00172,45.42693,-0.00152116202945507,45.4269924373915,-0.0014587246379947
0.01298,45.43002,0.00156883797054519,45.4268264909198,-0.00162467110968634
0.02428,45.42589,-0.00256116202945122,45.4266733320037,-0.00177783002574038
0.03559,45.4277,-0.000751162029452246,45.4265431671058,-0.0019079949236768
0.04688,45.42463,-0.00382116202945326,45.4264434927182,-0.00200766931127974
0.05819,45.42661,-0.00184116202945717,45.4263785367709,-0.0020726252585705
0.06947,45.42514,-0.00331116202945481,45.4263489129771,-0.00210224905232982
0.08075,45.42788,-0.000571162029451955,45.426351638046,-0.00209952398345775
0.09206,45.42547,-0.00298116202945664,45.4263805869756,-0.00207057505387666
0.10334,45.42568,-0.00277116202945393,45.4264273641392,-0.0020237978903007
0.11463,45.4252,-0.00325116202945708,45.4264825008788,-0.00196866115070092
0.12592,45.42909,0.000638837970548423,45.4265368385849,-0.001914323444519
0.1372,45.42838,-7.11620294566728e-05,45.4265828822669,-0.00186827976259214
0.1485,45.42587,-0.00258116202945047,45.4266158475315,-0.0018353144979717
0.15981,45.42533,-0.00312116202945134,45.4266341676367,-0.00181699439278287
0.17114,45.42726,-0.0011911620294569,45.426639391838,-0.00181177019148742
0.18244,45.42817,-0.000281162029452275,45.4266355752197,-0.00181558680977868
0.19374,45.42473,-0.00372116202945705,45.4266283299317,-0.00182283209773939
0.20504,45.42702,-0.00143116202945492,45.4266237070199,-0.00182745500957471
0.21634,45.42646,-0.00199116202945504,45.4266270804847,-0.00182408154478003
0.22763,45.42584,-0.00261116202945288,45.4266422097279,-0.0018089523015676
0.23895,45.42734,-0.00111116202945283,45.4266706247754,-0.00178053725403645
0.25027,45.42576,-0.00269116202945696,45.426711413619,-0.00173974841042817
0.2616,45.42651,-0.00194116202945338,45.4267614210991,-0.00168974093032599
0.27293,45.42752,-0.000931162029452537,45.4268158046115,-0.00163535741799182
0.28422,45.42657,-0.00188116202945565,45.4268688300506,-0.00158233197885158
0.29552,45.42811,-0.000341162029457109,45.4269147387215,-0.0015364233079786
0.30684,45.42781,-0.000641162029452857,45.4269484970689,-0.00150266496059716
0.31815,45.42603,-0.00242116202945653,45.4269662803239,-0.00148488170555002
0.32944,45.42752,-0.000931162029452537,45.426965638321,-0.001485523708454
0.34074,45.42605,-0.00240116202945728,45.4269454114674,-0.00150575056201851
0.35204,45.42585,-0.00260116202945682,45.4269055515596,-0.00154561046988423
0.36332,45.42614,-0.00231116202945714,45.4268470145297,-0.00160414749979554
0.37462,45.42814,-0.000311162029454692,45.4267718218234,-0.00167934020602025
0.3859,45.42658,-0.00187116202945248,45.4266832579857,-0.00176790404380598
0.39721,45.42817,-0.000281162029452275,45.4265860452794,-0.00186511675005859
0.40853,45.4271,-0.00135116202945085,45.4264862888649,-0.00196487316457534
0.41984,45.42628,-0.00217116202945533,45.4263910555211,-0.00206010650834802
0.43116,45.42454,-0.00391116202945341,45.4263076061308,-0.00214355589861727
0.44248,45.42464,-0.00381116202945719,45.4262424689458,-0.00220869308366348
0.45379,45.4269,-0.00155116202945038,45.4262006186478,-0.00225054338163917
0.46512,45.42823,-0.000221162029454547,45.4261849552889,-0.00226620674057901
0.47644,45.4249,-0.00355116202945283,45.4261961070165,-0.00225505501295833
0.48774,45.42632,-0.00213116202945685,45.4262324472029,-0.00221871482654732
0.49907,45.42884,0.000388837970547229,45.4262902066594,-0.00216095537004244
0.5104,45.42562,-0.00283116202945166,45.42636364131,-0.00208752071945254
0.52171,45.42251,-0.00594116202945116,45.4264453200271,-0.00200584200230615
0.53302,45.42566,-0.00279116202945318,45.4265266898425,-0.00192447218697529
0.54432,45.4271,-0.00135116202945085,45.4265990822016,-0.00185207982788764
0.55562,45.42931,0.000858837970547199,45.4266551561324,-0.0017960058970157
0.56693,45.42724,-0.00121116202945615,45.4266904903284,-0.00176067170108328
0.57825,45.42581,-0.0026411620294553,45.4267048438292,-0.00174631820022983
0.58955,45.42963,0.0011788379705493,45.426702640894,-0.00174852113543805
0.60087,45.42754,-0.000911162029453294,45.4266924409994,-0.00175872103006107
0.61216,45.42571,-0.00274116202945152,45.4266854047032,-0.0017657573262199
0.62345,45.42527,-0.00318116202945617,45.4266930116363,-0.0017581503931245
0.63474,45.42643,-0.00202116202945035,45.4267245064983,-0.00172665553117114
0.64604,45.42465,-0.00380116202945402,45.4267846654221,-0.0016664966073773
0.65734,45.42564,-0.00281116202945242,45.4268724184129,-0.00157874361656509
0.66864,45.42791,-0.000541162029456643,45.4269806518792,-0.00147051015022647
0.67997,45.42739,-0.00106116202945117,45.4270972257173,-0.00135393631217507
0.69131,45.42619,-0.00226116202945548,45.4272069606372,-0.00124420139224498
0.70261,45.42994,0.00148883797054822,45.4272941633,-0.0011569987294487
0.71391,45.42743,-0.00102116202945268,45.4273451929025,-0.00110596912697087
0.72524,45.42796,-0.000491162029454983,45.4273506156737,-0.00110054635570553
0.73656,45.42733,-0.001121162029456,45.4273066194146,-0.00114454261483634
0.74787,45.42678,-0.00167116202945294,45.4272155401756,-0.00123562185385652
0.75919,45.42707,-0.00138116202945326,45.4270855287037,-0.00136563332572939
0.77051,45.42784,-0.000611162029450441,45.4269294977613,-0.0015216642681234
0.78182,45.42604,-0.00241116202945335,45.4267635352781,-0.00168762675135831
0.7931,45.42588,-0.0025711620294544,45.4266049785109,-0.0018461835185884
0.8044,45.42812,-0.000331162029453935,45.4264703517457,-0.00198081028371513
0.81574,45.42648,-0.0019711620294558,45.4263733744092,-0.00207778762028066
0.82704,45.42384,-0.00461116202945533,45.4263232468998,-0.00212791512964965
0.83835,45.42594,-0.00251116202945667,45.4263234310789,-0.00212773095052464
0.84966,45.42669,-0.00176116202945309,45.4263711375113,-0.00208002451813913
0.86098,45.42588,-0.0025711620294544,45.4264576513776,-0.00199351065187021
0.8723,45.42781,-0.000641162029452857,45.426569471051,-0.00188169097846503
0.88361,45.4253,-0.00315116202945376,45.4266900796615,-0.0017610823679516
0.8949,45.42711,-0.00134116202945478,45.4268020882122,-0.00164907381725408
0.90619,45.42829,-0.000161162029456818,45.4268894683604,-0.00156169366905655
0.91751,45.42731,-0.00114116202945524,45.4269395932146,-0.00151156881485514
0.92883,45.42598,-0.00247116202945108,45.4269448227045,-0.00150633932495505
0.94014,45.42698,-0.00147116202945341,45.4269034306832,-0.00154773134621919
0.95145,45.43037,0.0019188379705497,45.4268197625294,-0.00163139950005157
0.96277,45.42503,-0.00342116202945419,45.4267035974295,-0.00174756460000395
0.9741,45.42672,-0.00173116202945067,45.4265687815185,-0.00188238051093122
0.98542,45.4247,-0.00375116202945236,45.4264313346502,-0.00201982737929847
0.99674,45.4258,-0.00265116202945137,45.4263073719805,-0.00214379004890964
1.00806,45.42579,-0.00266116202945454,45.4262112165854,-0.00223994544406935
1.01936,45.42637,-0.00208116202945519,45.4261539714986,-0.00229719053081659
1.03066,45.4277,-0.000751162029452246,45.4261426354271,-0.00230852660231657
1.04197,45.4266,-0.00185116202945323,45.4261796899775,-0.0022714720519521
1.05326,45.42581,-0.0026411620294553,45.4262630333831,-0.00218812864640238
1.06456,45.42409,-0.00436116202945414,45.4263861978411,-0.00206496418838355
1.07587,45.42751,-0.000941162029455711,45.4265388938499,-0.00191226817958572
1.08717,45.42516,-0.00329116202945556,45.4267079636882,-0.00174319834124246
1.09845,45.4279,-0.000551162029452712,45.4268787428723,-0.00157241915714706
1.10976,45.42931,0.000858837970547199,45.4270366748108,-0.00141448721866714
1.12106,45.42582,-0.00263116202945213,45.4271689037418,-0.001282258287686
1.13235,45.42788,-0.000571162029451955,45.4272655591939,-0.00118560283555079
1.14367,45.42776,-0.000691162029454517,45.427320541717,-0.00113062031246167
1.15499,45.42815,-0.000301162029451518,45.4273317560098,-0.00111940601964873
1.16629,45.42526,-0.00319116202945224,45.4273008485657,-0.00115031346374393
1.17757,45.42658,-0.00187116202945248,45.4272325817912,-0.00121858023826145
1.18888,45.42897,0.00051883797054586,45.427134011513,-0.00131715051646736
1.20018,45.42646,-0.00199116202945504,45.4270136042674,-0.00143755776207864
1.21147,45.42742,-0.00103116202945586,45.4268803538444,-0.00157080818501877
1.22279,45.42675,-0.00170116202945536,45.4267429113136,-0.00170825071586348
1.2341,45.42707,-0.00138116202945326,45.426608771734,-0.0018423902954659
1.2454,45.42376,-0.0046911620294523,45.4264836283315,-0.00196753369795448
1.25672,45.42542,-0.0030311620294512,45.4263710503922,-0.00208011163727014
1.26802,45.42822,-0.000231162029450616,45.4262726117059,-0.0021785503235211
1.27934,45.4257,-0.00275116202945469,45.4261884661385,-0.00226269589090607
1.29066,45.42709,-0.00136116202945402,45.4261181887998,-0.00233297322967654
1.30196,45.42694,-0.0015111620294519,45.4260615899836,-0.00238957204585145
1.31325,45.42612,-0.00233116202945638,45.4260192282108,-0.00243193381863749
1.32456,45.42625,-0.00220116202945064,45.4259924659437,-0.00245869608579515
1.33587,45.42512,-0.00333116202945405,45.4259830628552,-0.00246809917424299
1.34717,45.4268,-0.0016511620294537,45.4259924370043,-0.00245872502516708
1.35846,45.42624,-0.00221116202945382,45.4260208102159,-0.00243035181354062
1.36976,45.42442,-0.00403116202945597,45.4260664867768,-0.00238467525268166
1.38106,45.42436,-0.0040911620294537,45.4261255159266,-0.00232564610285878
1.39238,45.42469,-0.00376116202945553,45.426191953165,-0.00225920886450144
1.4037,45.42851,5.88379705490638e-05,45.4262588117364,-0.00219235029310117
1.41501,45.42647,-0.00198116202945187,45.4263195657696,-0.00213159625985335
1.4263,45.4276,-0.000851162029455566,45.4263698225033,-0.00208133952618819
1.43759,45.42676,-0.00169116202945219,45.4264086636906,-0.00204249833888096
1.44889,45.42866,0.000208837970546938,45.4264392209188,-0.00201194111068059
1.46022,45.42747,-0.000981162029454197,45.4264682427414,-0.00198291928802816
1.47152,45.42538,-0.00307116202945679,45.426504666347,-0.00194649568247645
1.48281,45.42348,-0.00497116202945591,45.4265574854277,-0.00189367660171257
1.4941,45.42595,-0.0025011620294535,45.4266334386004,-0.00181772342905795
1.50541,45.42809,-0.000361162029456352,45.4267351096338,-0.00171605239565395
1.51671,45.42521,-0.0032411620294539,45.4268598787536,-0.00159128327586473
1.52802,45.42803,-0.000421162029454081,45.4269998960897,-0.00145126593979397
1.53929,45.42438,-0.00407116202945446,45.4271430222786,-0.00130813975085315
1.55061,45.42915,0.000698837970546151,45.4272745482241,-0.00117661380530974
1.56188,45.42937,0.000918837970544928,45.4273794104785,-0.00107175155091775
1.57319,45.42589,-0.00256116202945122,45.4274445324195,-0.00100662960995035
1.58452,45.42689,-0.00156116202945356,45.4274608950838,-0.000990266945677927
1.5958,45.42987,0.00141883797054732,45.4274250065847,-0.00102615544474586
1.60711,45.42936,0.000908837970548859,45.4273395400077,-0.00111162202177226
1.61841,45.42691,-0.00154116202945431,45.427213004408,-0.00123815762149105
1.62971,45.42587,-0.00258116202945047,45.4270584569183,-0.00139270511115614
1.64103,45.42529,-0.00316116202945693,45.4268914908215,-0.00155967120790892
1.65235,45.42618,-0.00227116202945155,45.4267279408112,-0.00172322121823624
1.66365,45.42768,-0.000771162029451489,45.426581790051,-0.00186937197846927
1.67495,45.42519,-0.00326116202945315,45.4264636298268,-0.00198753220262216
1.68623,45.42572,-0.00273116202945545,45.4263798260798,-0.00207133594969374
1.69754,45.42679,-0.00166116202945688,45.426332392917,-0.00211876911244379
1.70887,45.42706,-0.00139116202945644,45.4263194703433,-0.00213169168612293
1.72019,45.42698,-0.00147116202945341,45.4263362217398,-0.00211494028962403
1.7315,45.42553,-0.00292116202945181,45.4263759205031,-0.00207524152638458
1.7428,45.42734,-0.00111116202945283,45.4264310185938,-0.00202014343565141
1.75411,45.42547,-0.00298116202945664,45.4264940648227,-0.00195709720679453
1.76542,45.42802,-0.000431162029457255,45.4265584109926,-0.00189275103682859
1.77669,45.42669,-0.00176116202945309,45.4266186818977,-0.00183248013171475
1.78802,45.42584,-0.00261116202945288,45.4266710114574,-0.00178015057207617
1.79933,45.42574,-0.0027111620294562,45.4267130885224,-0.00173807350701868
1.81065,45.42628,-0.00217116202945533,45.4267440961824,-0.00170706584708627
1.82196,45.42773,-0.000721162029456934,45.4267646153207,-0.00168654670877433
1.83325,45.42881,0.000358837970544812,45.4267764773969,-0.00167468463253788
1.84455,45.42643,-0.00202116202945035,45.4267824582523,-0.00166870377712803
1.85585,45.42736,-0.00109116202945359,45.4267857053269,-0.00166545670250354
1.86717,45.42564,-0.00281116202945242,45.4267889169385,-0.00166224509095743
1.8785,45.42514,-0.00331116202945481,45.4267934679343,-0.00165769409519134
1.88981,45.4255,-0.00295116202945422,45.4267987823413,-0.00165237968817864
1.90112,45.42836,-9.11620294559157e-05,45.4268022154948,-0.00164894653461971
1.9124,45.42747,-0.000981162029454197,45.4267995363761,-0.00165162565339291
1.92373,45.42606,-0.00239116202945411,45.4267858934828,-0.00166526854667175
1.93503,45.42528,-0.003171162029453,45.4267570240419,-0.00169413798758981
1.94635,45.42921,0.00075883797054388,45.426710454649,-0.00174070738043075
1.95763,45.42722,-0.00123116202945539,45.4266464655189,-0.00180469651051569
1.96895,45.42605,-0.00240116202945728,45.4265686011049,-0.00188256092456504
1.98026,45.42704,-0.00141116202945568,45.4264835518578,-0.00196761017165419
1.99157,45.42809,-0.000361162029456352,45.4264003443181,-0.00205081771132383
2.00288,45.42669,-0.00176116202945309,45.4263289236291,-0.00212223840040257
2.01419,45.42336,-0.00509116202945137,45.4262783568867,-0.00217280514275093
2.0255,45.42416,-0.00429116202945323,45.4262550213852,-0.00219614064427929
2.03682,45.42794,-0.000511162029454226,45.4262612135146,-0.00218994851490669
2.04813,45.42712,-0.0013311620294516,45.4262945308603,-0.00215663116916092
2.05943,45.42344,-0.0050111620294544,45.4263481614936,-0.00210300053583455
2.07075,45.42544,-0.00301116202945195,45.4264120029335,-0.0020391590959813
2.08206,45.4287,0.000248837970545424,45.4264744042845,-0.00197675774490563
2.0934,45.42819,-0.000261162029453033,45.4265242149724,-0.00192694705707174
2.10473,45.42887,0.000418837970549646,45.4265527067994,-0.00189845523004421
2.11605,45.42402,-0.00443116202945504,45.4265549259968,-0.00189623603266932
2.12736,45.42638,-0.00207116202945201,45.4265302138065,-0.00192094822296838
2.13865,45.42901,0.000558837970544346,45.4264819099546,-0.00196925207485312
2.14996,45.42424,-0.00421116202945626,45.4264164495497,-0.00203471247971515
2.16128,45.42564,-0.00281116202945242,45.4263421297568,-0.00210903227269758
2.17259,45.42464,-0.00381116202945719,45.4262678240785,-0.0021833379509206
2.1839,45.42808,-0.000371162029452421,45.4262018838279,-0.00224927820154149
2.19522,45.42606,-0.00239116202945411,45.4261513535959,-0.00229980843356709
2.20656,45.42715,-0.00130116202945629,45.4261214716326,-0.00232969039687513
2.21786,45.42675,-0.00170116202945536,45.4261153354811,-0.00233582654833918
2.2292,45.42437,-0.00408116202945052,45.4261336491086,-0.00231751292084391
2.24053,45.42599,-0.00246116202945501,45.4261745844671,-0.00227657756238279
2.25182,45.42533,-0.00312116202945134,45.4262338885205,-0.0022172735089329
2.26315,45.42547,-0.00298116202945664,45.4263053677216,-0.00214579430785133
2.27446,45.42712,-0.0013311620294516,45.4263817728191,-0.00206938921035827
2.28576,45.42897,0.00051883797054586,45.4264559410024,-0.00199522102708553
2.2971,45.4266,-0.00185116202945323,45.4265219178122,-0.00192924421728946
2.3084,45.42644,-0.00201116202945428,45.426575764247,-0.00187539778248925
2.31972,45.42566,-0.00279116202945318,45.4266158830137,-0.00183527901571195
2.33103,45.42566,-0.00279116202945318,45.4266428934386,-0.00180826859080476
2.34234,45.42791,-0.000541162029456643,45.4266592142552,-0.001791947774278
2.35368,45.42693,-0.00152116202945507,45.4266685129947,-0.00178264903471397
2.365,45.42633,-0.00212116202945367,45.4266751042677,-0.00177605776171701
2.37629,45.4268,-0.0016511620294537,45.4266833263226,-0.00176783570688754
2.38762,45.42474,-0.00371116202945387,45.4266969348008,-0.00175422722861391
2.39894,45.42911,0.000658837970547665,45.426718578602,-0.0017325834274219
2.41026,45.42602,-0.00243116202945259,45.4267494083389,-0.00170175369055348
2.42156,45.42722,-0.00123116202945539,45.4267888209116,-0.00166234111784438
2.43288,45.42634,-0.0021111620294505,45.4268343214599,-0.00161684056951567
2.44422,45.42806,-0.000391162029451664,45.4268815135726,-0.001569648456881
2.45552,45.42465,-0.00380116202945402,45.4269242791666,-0.00152688286288805
2.46682,45.4263,-0.00215116202945609,45.4269552392823,-0.00149592274711282
2.4781,45.42711,-0.00134116202945478,45.4269665689706,-0.00148459305889302
2.48941,45.42831,-0.00014116202945047,45.4269511520429,-0.00150000998653033
2.50074,45.4262,-0.0022511620294523,45.4269039224652,-0.00154723956430649
2.51205,45.42708,-0.0013711620294572,45.4268231262459,-0.00162803578357176
2.52336,45.42829,-0.000161162029456818,45.4267112142458,-0.00173994778362905
2.53468,45.42712,-0.0013311620294516,45.4265751297401,-0.0018760322893522
2.546,45.42704,-0.00141116202945568,45.4264258497803,-0.00202531224914473
2.55732,45.42546,-0.00299116202945271,45.4262771762377,-0.00217398579175476
2.56866,45.42636,-0.00209116202945125,45.4261439451071,-0.00230721692230457
2.57998,45.42408,-0.00437116202945731,45.4260399768965,-0.00241118513298957
2.59131,45.42518,-0.00327116202945632,45.4259761598243,-0.00247500220518148
2.60263,45.42632,-0.00213116202945685,45.4259590099294,-0.0024921521000883
2.61394,45.42838,-7.11620294566728e-05,45.4259899050457,-0.0024612569837468
2.62528,45.42339,-0.00506116202945606,45.4260650136535,-0.00238614837593309
2.63659,45.42746,-0.000991162029450265,45.4261758318487,-0.00227533018072761
2.64791,45.42431,-0.00414116202945536,45.4263102350259,-0.00214092700359851
2.6592,45.42625,-0.00220116202945064,45.4264539724754,-0.00199718955401362
2.6705,45.42791,-0.000541162029456643,45.4265924936081,-0.00185866842136279
2.68181,45.42754,-0.000911162029453294,45.4267128879434,-0.00173827408601892
2.69312,45.42698,-0.00147116202945341,45.4268056209913,-0.00164554103818475
2.70443,45.42791,-0.000541162029456643,45.4268657372312,-0.00158542479820733
2.71576,45.42759,-0.000861162029451634,45.4268933029246,-0.00155785910482753
2.7271,45.42562,-0.00283116202945166,45.4268930308611,-0.00155813116835724
2.73844,45.42646,-0.00199116202945504,45.4268732035731,-0.00157795845633214
2.74976,45.42781,-0.000641162029452857,45.4268441401921,-0.00160702183739523
2.76109,45.42447,-0.00398116202945431,45.4268164987879,-0.0016346632415829
2.77239,45.42758,-0.000871162029454808,45.426799670175,-0.00165149185447739
2.78373,45.42841,-4.11620294542558e-05,45.4268004359478,-0.00165072608160809
2.79502,45.42712,-0.0013311620294516,45.4268219748153,-0.00162918721418423
2.80632,45.42587,-0.00258116202945047,45.4268632562989,-0.00158790573058075
2.81764,45.42432,-0.00413116202945218,45.4269188977041,-0.00153226432538724
2.82894,45.42719,-0.0012611620294507,45.4269796329018,-0.00147152912763993
2.84024,45.42648,-0.0019711620294558,45.4270335280664,-0.00141763396300755
2.85154,45.42696,-0.00149116202945265,45.4270679172636,-0.00138324476586766
2.86285,45.42728,-0.00117116202945056,45.4270717897847,-0.00137937224474675
2.87417,45.4306,0.00214883797054455,45.4270381601209,-0.0014130019085325
2.88548,45.42771,-0.000741162029456177,45.4269658655992,-0.00148529643022623
2.89682,45.42776,-0.000691162029454517,45.4268603066181,-0.00159085541140371
2.90813,45.42583,-0.00262116202945606,45.4267328840938,-0.00171827793564813
2.91942,45.42612,-0.00233116202945638,45.4265992316344,-0.00185193039504692
2.93074,45.42567,-0.00278116202945711,45.4264766428801,-0.00197451914939664
2.94208,45.42462,-0.00383116202945644,45.426381241017,-0.00206992101243348
2.95338,45.42973,0.00127883797054551,45.4263254118394,-0.00212575019004685
2.96471,45.42268,-0.00577116202945405,45.4263158899163,-0.00213527211311795
2.97604,45.42567,-0.00278116202945711,45.4263527408927,-0.00209842113675658
2.98738,45.42623,-0.00222116202945699,45.4264293678758,-0.00202179415364426
2.99868,45.42711,-0.00134116202945478,45.426533547808,-0.00191761422148477
3.01001,45.42735,-0.00110116202945676,45.4266493299154,-0.00180183211400548
3.02132,45.42719,-0.0012611620294507,45.4267594530336,-0.00169170899582841
3.03265,45.42689,-0.00156116202945356,45.4268478584656,-0.00160330356382963
3.04397,45.4265,-0.00195116202945655,45.4269019140617,-0.00154924796775154
3.05529,45.42825,-0.000201162029455304,45.4269140638987,-0.00153709813070803
3.06661,45.42799,-0.000461162029452566,45.4268827123362,-0.00156844969322988
3.07794,45.42655,-0.00190116202945489,45.4268122329612,-0.00163892906822121
3.08928,45.42791,-0.000541162029456643,45.4267120996493,-0.00173906238012203
3.1006,45.42432,-0.00413116202945218,45.4265952885324,-0.0018558734970729
3.11189,45.42629,-0.00216116202945216,45.4264762556096,-0.00197490641980763
3.12324,45.42572,-0.00273116202945545,45.4263688814429,-0.00208228058652976
3.13453,45.42558,-0.00287116202945725,45.4262847436163,-0.0021664184131835
3.14587,45.42725,-0.00120116202945297,45.4262319433383,-0.00221921869120238
3.15719,45.42639,-0.00206116202945594,45.4262145419905,-0.0022366200389683
3.16853,45.42506,-0.00339116202945178,45.4262325308626,-0.00221863116686855
3.17982,45.4286,0.000148837970549209,45.4262821992032,-0.00216896282630453
3.19115,45.42496,-0.0034911620294551,45.4263567701051,-0.00209439192439465
3.20247,45.42757,-0.000881162029450877,45.4264472103104,-0.00200395171909575
3.21381,45.4248,-0.00365116202945615,45.4265431725046,-0.00190798952486286
3.22509,45.42556,-0.0028911620294565,45.4266340803252,-0.00181708170423858
3.23643,45.42793,-0.000521162029450295,45.4267103754133,-0.0017407866162004
3.24777,45.42534,-0.00311116202945527,45.4267648764806,-0.00168628554887406
3.25908,45.42873,0.000278837970547841,45.4267940728649,-0.0016570891645654
3.27041,45.42861,0.000158837970545278,45.4267990605046,-0.00165210152482489
3.2817,45.42736,-0.00109116202945359,45.4267857992003,-0.00166536282917939
3.293,45.4277,-0.000751162029452246,45.4267644689931,-0.00168669303637063
3.30431,45.42493,-0.00352116202945041,45.426747925614,-0.00170323641548612
3.31564,45.42458,-0.00387116202945492,45.4267495240989,-0.0017016379305797
3.32694,45.42778,-0.000671162029455274,45.4267807668001,-0.00167039522938221
3.33822,45.42698,-0.00147116202945341,45.4268492407736,-0.00160192125587251
3.34957,45.4267,-0.00175116202945702,45.4269571614838,-0.00149400054566097
3.36086,45.42739,-0.00106116202945117,45.4271006608998,-0.00135050112969525
3.37218,45.42609,-0.00236116202945169,45.4272698559965,-0.00118130603293149
3.38348,45.4264,-0.00205116202945277,45.427449705147,-0.00100145688244543
3.3948,45.42715,-0.00130116202945629,45.42762162967,-0.000829532359489717
3.40614,45.42922,0.000768837970547054,45.4277657874524,-0.00068537457705148
3.41743,45.42672,-0.00173116202945067,45.4278637397708,-0.000587422258678491
3.42874,45.42913,0.000678837970546908,45.4279011132715,-0.000550048757935631
3.44006,45.43106,0.00260883797054845,45.4278697929438,-0.000581369085677911
3.45138,45.42902,0.00056883797054752,45.427769219148,-0.000681942881466323
3.46271,45.42509,-0.00336116202945647,45.427606519813,-0.000844642216415404
3.47405,45.42665,-0.00180116202945158,45.4273954836062,-0.00105567842327893
3.48539,45.42688,-0.00157116202945673,45.4271546698569,-0.00129649217256937
3.49672,45.42827,-0.000181162029456061,45.4269050937932,-0.00154606823621744
3.50805,45.42598,-0.00247116202945108,45.4266678738086,-0.00178328822084591
3.51938,45.42553,-0.00292116202945181,45.4264621015236,-0.00198906050589141
3.53069,45.42516,-0.00329116202945556,45.426303119064,-0.0021480429654634
3.54202,45.42643,-0.00202116202945035,45.4262013516719,-0.0022498103575521
3.55332,45.42756,-0.000891162029454051,45.4261617682989,-0.00228939373055526
3.56462,45.42564,-0.00281116202945242,45.4261839163003,-0.00226724572919451
3.57594,45.42722,-0.00123116202945539,45.426262375232,-0.00218878679749471
3.58724,45.42687,-0.0015811620294528,45.4263874670476,-0.00206369498186446
3.59857,45.42529,-0.00316116202945693,45.4265461361397,-0.00190502588972026
3.60992,45.42465,-0.00380116202945402,45.4267230130155,-0.00172814901396616
3.62125,45.42677,-0.00168116202945612,45.4269017318819,-0.00154943014751317
3.63255,45.42779,-0.0006611620294521,45.4270665229623,-0.00138463906719212
3.64387,45.42878,0.0003288379705495,45.4272039365756,-0.0012472254538603
3.65522,45.42893,0.000478837970547374,45.4273043722256,-0.00114678980386113
3.66652,45.429,0.000548837970548277,45.4273630241609,-0.00108813786854766
3.67786,45.42576,-0.00269116202945696,45.4273799873692,-0.00107117466025195
3.68921,45.42506,-0.00339116202945178,45.4273595429404,-0.00109161908910058
3.70053,45.42718,-0.00127116202945388,45.4273089123778,-0.00114224965162308
3.71187,45.42826,-0.00019116202945213,45.4272368803459,-0.00121428168352778
3.7232,45.42737,-0.00108116202945041,45.4271525901538,-0.00129857187567734
3.73453,45.42727,-0.00118116202945373,45.427064632285,-0.00138652974444294
3.74586,45.42583,-0.00262116202945606,45.4269804316971,-0.00147073033237032
3.75719,45.42453,-0.00392116202945658,45.4269059341735,-0.00154522785600088
3.76851,45.42898,0.000528837970549034,45.4268456043982,-0.00160555763128902
3.77985,45.42719,-0.0012611620294507,45.426802680895,-0.00164848113446198
3.79116,45.42988,0.00142883797054338,45.4267794993047,-0.00167166272471251
3.80249,45.42598,-0.00247116202945108,45.4267776211211,-0.00167354090833988
3.81382,45.42452,-0.00393116202945265,45.4267975990837,-0.00165356294578523
3.82513,45.42816,-0.00029116202945545,45.4268384356356,-0.00161272639384416
3.83642,45.42628,-0.00217116202945533,45.4268969879396,-0.00155417408981466
3.84772,45.42561,-0.00284116202945484,45.4269676239062,-0.00148353812321476
3.85904,45.42592,-0.00253116202945591,45.4270423599341,-0.00140880209532884
3.87037,45.42766,-0.000791162029450732,45.4271115870408,-0.00133957498864675
3.88172,45.42805,-0.000401162029454838,45.4271653403773,-0.00128582165220582
3.89304,45.42667,-0.00178116202945233,45.4271948999544,-0.00125626207503171
3.90436,45.42825,-0.000201162029455304,45.4271943885121,-0.00125677351736558
3.9157,45.42847,1.88379705434727e-05,45.4271620089053,-0.00128915312418617
3.92701,45.42645,-0.00200116202945111,45.4271006288167,-0.0013505332127316
3.93829,45.42853,7.88379705483067e-05,45.4270175409972,-0.00143362103224316
3.94959,45.42743,-0.00102116202945268,45.4269233808416,-0.00152778118790167
3.96091,45.42683,-0.00162116202945128,45.4268303513974,-0.00162081063200808
3.97225,45.42392,-0.00453116202945125,45.4267500702784,-0.00170109175107895
3.98359,45.42645,-0.00200116202945111,45.4266914838624,-0.00175967816708274
3.9949,45.4257,-0.00275116202945469,45.4266593284698,-0.001791833559621
4.00622,45.42588,-0.0025711620294544,45.4266535010712,-0.00179766095826373
4.01753,45.42599,-0.00246116202945501,45.4266694612695,-0.0017817007599887
4.02886,45.42812,-0.000331162029453935,45.4266995131847,-0.00175164884471638
4.04017,45.42915,0.000698837970546151,45.4267345879557,-0.00171657407375212
4.05149,45.42763,-0.000821162029453149,45.4267660211567,-0.0016851408727323
4.06281,45.42722,-0.00123116202945539,45.4267868545206,-0.0016643075088299
4.07412,45.4258,-0.00265116202945137,45.4267924036659,-0.0016587583635892
4.08542,45.42621,-0.00224116202945623,45.4267801342905,-0.00167102773897287
4.09674,45.42473,-0.00372116202945705,45.4267491295012,-0.00170203252823496
4.10806,45.42768,-0.000771162029451489,45.4266995079938,-0.00175165403566881
4.11939,45.42688,-0.00157116202945673,45.4266320644213,-0.0018190976081492
4.1307,45.42639,-0.00206116202945594,45.426548230339,-0.00190293169050378
4.14202,45.42522,-0.00323116202945073,45.4264503035736,-0.0020008584558477
4.15331,45.42673,-0.0017211620294546,45.4263418194511,-0.00210934257831886
4.16464,45.42902,0.00056883797054752,45.4262279074649,-0.00222325456451431
4.17595,45.42463,-0.00382116202945326,45.4261154510659,-0.00233571096355087
4.18729,45.4265,-0.00195116202945655,45.4260128751632,-0.00243828686621742
4.19863,45.42837,-8.11620294527415e-05,45.4259294713053,-0.00252169072412036
4.20995,45.42345,-0.00500116202945122,45.4258743121737,-0.00257684985575914
4.22128,45.42472,-0.00373116202945312,45.4258549476525,-0.00259621437697294
4.23258,45.42567,-0.00278116202945711,45.4258761738788,-0.00257498815068389
4.24389,45.426,-0.00245116202945184,45.4259391777683,-0.00251198426111398
4.25522,45.42632,-0.00213116202945685,45.4260412531601,-0.00240990886932459
4.26652,45.42504,-0.00341116202945102,45.426176116826,-0.00227504520349917
4.27783,45.42731,-0.00114116202945524,45.4263347180632,-0.00211644396621788
4.28916,45.42673,-0.0017211620294546,45.4265063652386,-0.00194479679086011
4.30047,45.42781,-0.000641162029452857,45.4266799622358,-0.00177119979364728
4.31176,45.42578,-0.00267116202945061,45.426845151984,-0.00160601004545749
4.32308,45.42778,-0.000671162029455274,45.4269932181172,-0.0014579439122885
4.33439,45.42702,-0.00143116202945492,45.4271176839277,-0.00133347810178142
4.34571,45.42679,-0.00166116202945688,45.4272146259099,-0.00123653611952709
4.35703,45.42616,-0.00229116202945079,45.4272827613309,-0.00116840069852056
4.36834,45.42719,-0.0012611620294507,45.4273233729424,-0.00112778908705157
4.37965,45.42958,0.00112883797054764,45.427340092984,-0.00111106904547605
4.391,45.42843,-2.1162029455013e-05,45.4273384939404,-0.00111266808902275
4.40234,45.42664,-0.00181116202945475,45.4273253934257,-0.00112576860376413
4.41366,45.42561,-0.00284116202945484,45.4273078514915,-0.00114331053792441
4.42499,45.42747,-0.000981162029454197,45.4272919952798,-0.00115916674962573
4.4363,45.42896,0.000508837970542686,45.4272819219658,-0.00116924006362365
4.44764,45.42468,-0.0037711620294516,45.4272789248081,-0.00117223722134141
4.45896,45.42789,-0.000561162029455886,45.4272812080968,-0.00116995393265217
4.4703,45.42648,-0.0019711620294558,45.4272841849365,-0.00116697709295582
4.48161,45.42535,-0.0031011620294521,45.4272813845627,-0.0011697774667442
4.49294,45.42966,0.00120883797054461,45.4272658877096,-0.00118527431989728
4.50425,45.42696,-0.00149116202945265,45.4272320590231,-0.0012191030063311
4.51556,45.42957,0.00111883797054446,45.4271772115201,-0.00127395050934431
4.52686,45.42573,-0.00272116202945227,45.4271027963653,-0.00134836566415559
4.53816,45.42815,-0.000301162029451518,45.4270148001155,-0.00143636191396581
4.54948,45.42849,3.88379705427155e-05,45.426923208371,-0.00152795365845592
4.56082,45.42712,-0.0013311620294516,45.4268405819071,-0.00161058012236345
4.57212,45.42582,-0.00263116202945213,45.4267799625535,-0.00167119947592463
4.58346,45.42418,-0.00427116202945399,45.4267524960743,-0.00169866595519498
4.59477,45.42574,-0.0027111620294562,45.4267652917245,-0.00168587030499866
4.6061,45.42612,-0.00233116202945638,45.4268200335656,-0.00163112846388163
4.61743,45.42682,-0.00163116202945446,45.4269126630832,-0.00153849894622664
4.62876,45.42826,-0.00019116202945213,45.4270341360903,-0.0014170259391444
4.64007,45.42991,0.0014588379705458,45.4271719630344,-0.00127919899508172
4.6514,45.42517,-0.00328116202945239,45.427312091749,-0.00113907028042475
4.66268,45.42783,-0.000621162029453615,45.4274407274464,-0.00101043458305325
4.674,45.42732,-0.00113116202945207,45.4275458452747,-0.000905316754774616
4.6853,45.42841,-4.11620294542558e-05,45.4276183053007,-0.000832856728742755
4.6966,45.4285,4.88379705458897e-05,45.4276525443488,-0.000798617680680176
4.70794,45.42626,-0.00219116202945457,45.4276468285337,-0.000804333495714966
4.71925,45.4285,4.88379705458897e-05,45.4276030799233,-0.000848082106141454
4.73058,45.4265,-0.00195116202945655,45.4275263499924,-0.000924812037032324
4.7419,45.42723,-0.00122116202945222,45.427424053465,-0.00102710856448261
4.75322,45.43009,0.00163883797054609,45.4273050694005,-0.001146092628913
4.76452,45.42442,-0.00403116202945597,45.4271787852284,-0.0012723768010234
4.77582,45.42741,-0.00104116202945193,45.4270541512342,-0.00139701079522031
4.78714,45.42798,-0.000471162029455741,45.4269388419406,-0.00151232008888993
4.79847,45.42477,-0.00368116202945146,45.4268386458763,-0.00161251615318703
4.80979,45.42639,-0.00206116202945594,45.4267571857851,-0.00169397624438687
4.82115,45.4281,-0.000351162029453178,45.4266960106865,-0.00175515134299719
4.83248,45.42559,-0.00286116202945408,45.4266550153846,-0.00179614664488987
4.8438,45.42794,-0.000511162029454226,45.4266330506556,-0.00181811137390186
4.85512,45.42786,-0.000591162029451198,45.4266285305604,-0.00182263146904673
4.86644,45.42546,-0.00299116202945271,45.4266398587876,-0.00181130324187727
4.87776,45.42686,-0.00159116202945597,45.426665579992,-0.00178558203749354
4.88908,45.42661,-0.00184116202945717,45.4267042755601,-0.00174688646933587
4.90039,45.42577,-0.00268116202945379,45.4267543087845,-0.00169685324493687
4.9117,45.42773,-0.000721162029456934,45.4268135432131,-0.00163761881636857
4.923,45.4273,-0.00115116202945131,45.4268791210335,-0.00157204099594721
4.93433,45.42568,-0.00277116202945393,45.426947339093,-0.00150382293643129
4.94566,45.42748,-0.000971162029451023,45.42701363439,-0.00143752763946595
4.95696,45.42822,-0.000231162029450616,45.4270726905758,-0.00137847145362727
4.96827,45.42622,-0.00223116202945306,45.4271186803262,-0.00133248170328114
4.97956,45.4267,-0.00175116202945702,45.4271456618958,-0.00130550013361729
4.99091,45.42598,-0.00247116202945108,45.4271481636889,-0.00130299834056677
5.00222,45.42668,-0.00177116202945626,45.4271219935618,-0.00132916846761236
5.01356,45.42783,-0.000621162029453615,45.4270652484787,-0.00138591355070971
5.02485,45.4276,-0.000851162029455566,45.4269793708384,-0.00147179119106356
5.03616,45.42685,-0.00160116202945204,45.4268699655895,-0.00158119643995265
5.04746,45.43023,0.0017788379705479,45.4267470359769,-0.00170412605252607
5.05876,45.42673,-0.0017211620294546,45.4266243546905,-0.00182680733893259
5.07009,45.42709,-0.00136116202945402,45.4265178646355,-0.00193329739392889
5.08141,45.42462,-0.00383116202945644,45.426443278411,-0.00200788361845931
5.09271,45.42398,-0.00447116202945352,45.4264133421867,-0.00203781984275793
5.10404,45.42537,-0.00308116202945286,45.4264354138469,-0.00201574818257191
5.11535,45.42488,-0.00357116202945207,45.4265099653353,-0.00194119669415404
5.12667,45.42897,0.00051883797054586,45.4266303543911,-0.0018208076383382
5.138,45.42715,-0.00130116202945629,45.4267838401278,-0.0016673219016838
5.14932,45.42646,-0.00199116202945504,45.426953509467,-0.00149765256245887
5.16062,45.42821,-0.00024116202945379,45.4271206526831,-0.00133050934639815
5.17192,45.42668,-0.00177116202945626,45.4272671659712,-0.00118399605830123
5.18324,45.42849,3.88379705427155e-05,45.4273776678118,-0.00107349421765757
5.1946,45.42754,-0.000911162029453294,45.4274411155433,-0.00101004648617303
5.20591,45.42735,-0.00110116202945676,45.4274517906458,-0.000999371383618794
5.21722,45.42828,-0.000171162029452887,45.4274096050389,-0.00104155699052597
5.22854,45.42566,-0.00279116202945318,45.427319768244,-0.00113139378545511
5.23987,45.42849,3.88379705427155e-05,45.4271919294367,-0.00125923259277104
5.25119,45.42583,-0.00262116202945606,45.4270389493908,-0.00141221263868324
5.2625,45.42778,-0.000671162029455274,45.4268754583457,-0.00157570368372434
5.27381,45.4271,-0.00135116202945085,45.4267163318007,-0.00173483022871181
5.28512,45.42708,-0.0013711620294572,45.4265751973606,-0.00187596466881275
5.29642,45.42401,-0.00444116202945111,45.426463098291,-0.00198806373842318
5.30775,45.42632,-0.00213116202945685,45.4263874783237,-0.00206368370572164
5.31908,45.42683,-0.00162116202945128,45.426351665301,-0.00209949672846049
5.3304,45.42529,-0.00316116202945693,45.4263549625083,-0.00209619952120114
5.3417,45.42685,-0.00160116202945204,45.4263933194248,-0.00205784260467476
5.35299,45.42807,-0.000381162029455595,45.4264604201924,-0.00199074183707022
5.36432,45.42535,-0.0031011620294521,45.4265489516848,-0.00190221034462687
5.37562,45.42712,-0.0013311620294516,45.4266518051144,-0.00179935691505581
5.38693,45.42745,-0.00100116202945344,45.4267630130324,-0.00168814899708032
5.39826,45.42619,-0.00226116202945548,45.426878292576,-0.00157286945346115
5.40958,45.43011,0.00165883797054533,45.4269951250113,-0.00145603701819567
5.42088,45.42566,-0.00279116202945318,45.4271123629393,-0.00133879909015553
5.43218,45.42554,-0.00291116202945574,45.4272294545414,-0.00122170748809988
5.44349,45.42725,-0.00120116202945297,45.4273455008899,-0.00110566113954495
5.4548,45.42672,-0.00173116202945067,45.4274584403123,-0.000992721717148729
5.46613,45.42907,0.00061883797054918,45.4275646075194,-0.000886554510046093
5.47744,45.42693,-0.00152116202945507,45.4276587706607,-0.000792391368756932
5.48874,45.42681,-0.00164116202945053,45.4277346139246,-0.000716548104890911
5.50004,45.42699,-0.00146116202945024,45.4277855706813,-0.000665591348193513
5.51134,45.43044,0.0019888379705435,45.4278058858128,-0.000645276216648822
5.52266,45.42664,-0.00181116202945475,45.4277917376839,-0.00065942434559157
5.534,45.42784,-0.000611162029450441,45.427742196183,-0.000708965846451081
5.5453,45.42944,0.000988837970545831,45.4276597946392,-0.000791367390264482
5.55663,45.42818,-0.000271162029456207,45.4275505621662,-0.000900599863234069
5.56797,45.42701,-0.00144116202945099,45.4274234686634,-0.00102769336605932
5.5793,45.42512,-0.00333116202945405,45.4272893669198,-0.00116179510968822
5.59062,45.42716,-0.00129116202945312,45.4271596526343,-0.00129150939512847
5.60196,45.4279,-0.000551162029452712,45.4270449254883,-0.00140623654116974
5.61326,45.42769,-0.00076116202945542,45.4269538707188,-0.00149729131061642
5.62459,45.42623,-0.00222116202945699,45.4268924558716,-0.00155870615780779
5.63587,45.42638,-0.00207116202945201,45.4268634678125,-0.00158769421693734
5.64721,45.4248,-0.00365116202945615,45.4268664295379,-0.0015847324915245
5.65854,45.4276,-0.000851162029455566,45.4268979529707,-0.0015532090587498
5.66985,45.42867,0.000218837970543007,45.4269525171088,-0.00149864492062958
5.68118,45.42706,-0.00139116202945644,45.427023523065,-0.001427638964418
5.69249,45.42741,-0.00104116202945193,45.4271043728506,-0.001346789178889
5.70383,45.4271,-0.00135116202945085,45.4271893350612,-0.00126182696822748
5.71511,45.42651,-0.00194116202945338,45.4272740770806,-0.00117708494886334
5.7264,45.42764,-0.00081116202945708,45.4273558641346,-0.0010952978948917
5.73774,45.42831,-0.00014116202945047,45.4274334823286,-0.00101767970082497
5.74906,45.42635,-0.00210116202945443,45.4275069398924,-0.0009442221370517
5.76038,45.42836,-9.11620294559157e-05,45.4275769833884,-0.000874178641004948
5.77168,45.42889,0.000438837970548889,45.4276444670469,-0.000806694982543873
5.78302,45.42715,-0.00130116202945629,45.4277096375018,-0.000741524527623742
5.79432,45.42599,-0.00246116202945501,45.42777144258,-0.000679719449467731
5.80562,45.42795,-0.000501162029451052,45.4278270341889,-0.000624127840580154
5.81694,45.42715,-0.00130116202945629,45.4278716627252,-0.000579499304253524
5.82825,45.42867,0.000218837970543007,45.4278990977428,-0.000552064286635203
5.83957,45.42557,-0.00288116202945332,45.4279025720404,-0.000548589989090668
5.85085,45.42943,0.000978837970549762,45.4278761016645,-0.000575060364955532
5.86218,45.42943,0.000978837970549762,45.4278159194367,-0.000635242592736833
5.87351,45.4291,0.000648837970544491,45.4277216821981,-0.000729479831348369
5.88483,45.42715,-0.00130116202945629,45.4275971138056,-0.000854048223895426
5.89616,45.42718,-0.00127116202945388,45.4274498765592,-0.00100128547023258
5.90748,45.42775,-0.000701162029450586,45.4272906863143,-0.00116047571518825
5.91881,45.42722,-0.00123116202945539,45.4271318877929,-0.00131927423654842
5.93013,45.42373,-0.00472116202945472,45.4269858122285,-0.00146534980097393
5.94143,45.42714,-0.00131116202945236,45.4268632521291,-0.00158790990034094
5.95277,45.42709,-0.00136116202945402,45.426772315034,-0.00167884699545064
5.9641,45.42855,9.88379705475495e-05,45.4267177558735,-0.00173340615596412
5.97542,45.42892,0.0004688379705442,45.426700699662,-0.00175046236743604
5.98676,45.42439,-0.00406116202945128,45.4267185867352,-0.00173257529426381
5.99807,45.42487,-0.00358116202945524,45.4267652735164,-0.0016858885130249
6.0094,45.42664,-0.00181116202945475,45.4268314098092,-0.00161975222023206
6.02073,45.42612,-0.00233116202945638,45.4269053013068,-0.00154586072265247
6.03204,45.42692,-0.00153116202945114,45.4269743537617,-0.00147680826776397
6.04336,45.42892,0.0004688379705442,45.427026957234,-0.00142420479544389
6.05466,45.42736,-0.00109116202945359,45.4270544549299,-0.0013967070995878
6.06597,45.42903,0.000578837970543589,45.4270527526133,-0.00139840941615771
6.07729,45.42613,-0.00232116202945321,45.4270231890758,-0.00142797295360578
6.08863,45.42707,-0.00138116202945326,45.4269724738733,-0.00147868815618627
6.09993,45.42744,-0.00101116202945661,45.4269117247542,-0.00153943727528894
6.11128,45.42616,-0.00229116202945079,45.426854816429,-0.00159634560045635
6.12261,45.42577,-0.00268116202945379,45.4268163460193,-0.00163481601019885
6.13392,45.42718,-0.00127116202945388,45.42680954095,-0.00164162107944102
6.14525,45.42658,-0.00187116202945248,45.4268444000329,-0.00160676199653726
6.15656,45.42773,-0.000721162029456934,45.4269262806531,-0.0015248813763235
6.16787,45.4264,-0.00205116202945277,45.4270550591046,-0.00139610292483186
6.17922,45.42533,-0.00312116202945134,45.4272249393586,-0.001226222670855
6.19054,45.42679,-0.00166116202945688,45.4274249622979,-0.00102619973153381
6.20186,45.42847,1.88379705434727e-05,45.4276402113092,-0.000810950720213916
6.2132,45.4295,0.00104883797054356,45.4278535764931,-0.000597585536380369
6.22453,45.42847,1.88379705434727e-05,45.4280477783324,-0.000403383697030833
6.23584,45.42764,-0.00081116202945708,45.4282072778418,-0.000243884187672208
6.24713,45.42952,0.0010688379705428,45.4283197722339,-0.000131389795590811
6.25842,45.42838,-7.11620294566728e-05,45.4283771345772,-7.40274522644538e-05
6.26973,45.42724,-0.00121116202945615,45.4283758079575,-7.53540719435609e-05
6.28106,45.42656,-0.00189116202945172,45.4283167660095,-0.000134396019906373
6.29238,45.4294,0.000948837970547345,45.4282051884738,-0.000245973555660814
6.30371,45.43051,0.0020588379705444,45.4280499519717,-0.00040121005778466
6.31504,45.42767,-0.000781162029454663,45.4278629317655,-0.000588230263960516
6.32634,45.42548,-0.00297116202945347,45.4276580605235,-0.000793101505977547
6.33766,45.42741,-0.00104116202945193,45.4274501663535,-0.00100099567590663
6.34898,45.42731,-0.00114116202945524,45.4272537315824,-0.00119743044706723
6.36033,45.42823,-0.000221162029454547,45.427081736796,-0.00136942523343614
6.37165,45.42776,-0.000691162029454517,45.4269446699949,-0.00150649203453286
6.38299,45.42587,-0.00258116202945047,45.4268497056892,-0.00160145634020397
6.39432,45.42598,-0.00247116202945108,45.4268000807806,-0.00165108124889683
6.40566,45.4265,-0.00195116202945655,45.4267947775354,-0.00165638449400813
6.41698,45.42554,-0.00291116202945574,45.4268286666723,-0.00162249535716578
6.42832,45.42689,-0.00156116202945356,45.426893203474,-0.00155795855548444
6.43964,45.42809,-0.000361162029456352,45.4269776255142,-0.00147353651529238
6.45096,45.42917,0.000718837970545394,45.4270704388622,-0.00138072316729592
6.46227,45.42665,-0.00180116202945158,45.4271608816112,-0.0012902804182498
6.47359,45.42577,-0.00268116202945379,45.4272400835358,-0.00121107849364529
6.48492,45.42677,-0.00168116202945612,45.4273017824919,-0.00114937953752389
6.49626,45.43056,0.00210883797054606,45.4273425981805,-0.00110856384899834
6.50758,45.42875,0.000298837970547083,45.4273619094367,-0.001089252592768
6.5189,45.42339,-0.00506116202945606,45.4273613851636,-0.0010897768659055
6.5302,45.42557,-0.00288116202945332,45.4273442952435,-0.00110686678592809
6.54152,45.42786,-0.000591162029451198,45.4273148430194,-0.00113631901000923
6.55283,45.42899,0.000538837970545103,45.4272777435924,-0.00117341843705576
6.56415,45.42853,7.88379705483067e-05,45.4272380694438,-0.00121309258570414
6.57542,45.4261,-0.00235116202945562,45.4272011713955,-0.00124999063394339
6.58674,45.42815,-0.000301162029451518,45.4271724458313,-0.00127871619820057
6.59804,45.42593,-0.00252116202945274,45.4271568488847,-0.00129431314479981
6.60937,45.42884,0.000388837970547229,45.427158212811,-0.00129294921850349
6.62067,45.42678,-0.00167116202945294,45.4271785065959,-0.0012726554335267
6.63199,45.42522,-0.00323116202945073,45.427217216151,-0.00123394587843236
6.64328,45.42773,-0.000721162029456934,45.4272710387101,-0.00118012331935141
6.65458,45.42571,-0.00274116202945152,45.4273340780271,-0.0011170840023483
6.6659,45.42642,-0.00203116202945353,45.427398645538,-0.00105251649143841
6.6772,45.42875,0.000298837970547083,45.4274566080784,-0.000994553951051306
6.68852,45.42967,0.00121883797054778,45.427501020582,-0.00095014144745323
6.69984,45.42953,0.00107883797054598,45.4275276236735,-0.000923538355942104
6.71116,45.42732,-0.00113116202945207,45.4275357707112,-0.000915391318256373
6.72247,45.42523,-0.00322116202945466,45.4275285301315,-0.000922631897996818
6.73381,45.42676,-0.00169116202945219,45.4275120062251,-0.000939155804390092
6.74515,45.42918,0.000728837970548568,45.4274941489951,-0.000957013034340741
6.75648,45.4275,-0.00095116202945178,45.4274833575634,-0.000967804466082952
6.76781,45.4276,-0.000851162029455566,45.4274870797527,-0.000964082276771956
6.77914,45.4271,-0.00135116202945085,45.4275105295493,-0.000940632480157897
6.79044,45.42696,-0.00149116202945265,45.4275556573304,-0.000895504699039183
6.80175,45.42554,-0.00291116202945574,45.4276205558453,-0.000830606184194222
6.81306,45.42768,-0.000771162029451489,45.4276994755066,-0.00075168652280685
6.82438,45.42924,0.000788837970546297,45.4277835134855,-0.000667648543929312
6.8357,45.42799,-0.000461162029452566,45.427861860305,-0.000589301724425423
6.84704,45.42861,0.000158837970545278,45.42792332526,-0.000527836769477314
6.85836,45.42938,0.000928837970548102,45.4279578119538,-0.00049335007570181
6.8697,45.42719,-0.0012611620294507,45.4279574968254,-0.000493665204084627
6.881,45.42562,-0.00283116202945166,45.4279176197923,-0.000533542237133723
6.89231,45.42725,-0.00120116202945297,45.4278369418542,-0.000614220175249148
6.90363,45.43046,0.00200883797054274,45.4277179726767,-0.000733189352792896
6.91494,45.42786,-0.000591162029451198,45.4275669887167,-0.000884173312744287
6.92627,45.42676,-0.00169116202945219,45.4273937388906,-0.00105742313890568
6.93758,45.42799,-0.000461162029452566,45.4272107109925,-0.00124045103693017
6.94894,45.42768,-0.000771162029451489,45.4270319368032,-0.00141922522622245
6.96027,45.42573,-0.00272116202945227,45.4268714550316,-0.00157970699785591
6.9716,45.427,-0.00145116202945417,45.4267416550608,-0.00170950696869395
6.98295,45.42456,-0.00389116202945416,45.4266517824605,-0.00179937956892115
6.9943,45.426,-0.00245116202945184,45.4266068897684,-0.0018442722610196
7.00564,45.42711,-0.00134116202945478,45.4266074338276,-0.00184372820188366
7.01693,45.42797,-0.000481162029451809,45.4266495556238,-0.00180160640565267
7.02824,45.42628,-0.00217116202945533,45.4267258947339,-0.00172526729560072
7.03956,45.42656,-0.00189116202945172,45.42682668136,-0.00162448066948348
7.05089,45.42918,0.000728837970548568,45.4269408545317,-0.00151030749773292
7.06222,45.4275,-0.00095116202945178,45.4270570350804,-0.00139412694902675
7.07353,45.42405,-0.00440116202945262,45.4271642894389,-0.00128687259058783
7.08488,45.42626,-0.00219116202945457,45.4272527393688,-0.00119842266064285
7.09618,45.429,0.000548837970548277,45.4273141513324,-0.00113701069703529
7.1075,45.42815,-0.000301162029451518,45.4273425940557,-0.00110856797371544
7.11883,45.42754,-0.000911162029453294,45.4273351051078,-0.00111605692160953
7.13017,45.42601,-0.00244116202945577,45.4272922016011,-0.00115896042834742
7.14149,45.42733,-0.001121162029456,45.4272180940131,-0.00123306801634041
7.15281,45.42873,0.000278837970547841,45.4271205462214,-0.00133061580806534
7.16413,45.42634,-0.0021111620294505,45.4270103678438,-0.00144079418569096
7.17544,45.42695,-0.00150116202945583,45.4269005280888,-0.00155063394061901
7.18677,45.42725,-0.00120116202945297,45.4268049045528,-0.00164625747663694
7.1981,45.4295,0.00104883797054356,45.4267367413748,-0.00171442065465376
7.20944,45.4233,-0.0051511620294562,45.4267069681097,-0.00174419391974907
7.22078,45.4245,-0.00395116202945189,45.4267226220928,-0.00172853993663906
7.2321,45.42732,-0.00113116202945207,45.4267856940483,-0.0016654679811484
7.2434,45.42795,-0.000501162029451052,45.4268926819482,-0.00155848008127283
7.25473,45.42721,-0.00124116202945146,45.4270349491696,-0.00141621285987027
7.26604,45.42708,-0.0013711620294572,45.4271997588019,-0.00125140322753297
7.27737,45.42626,-0.00219116202945457,45.427371748706,-0.00107941332344782
7.28868,45.42916,0.000708837970549325,45.4275346298868,-0.00091653214263309
7.29999,45.42629,-0.00216116202945216,45.4276729335025,-0.000778228526992991
7.31131,45.42941,0.000958837970543414,45.4277736393952,-0.000677522634258257
7.32261,45.42859,0.000138837970546035,45.4278275141182,-0.000623647911245304
7.33394,45.42631,-0.00214116202945291,45.4278300122677,-0.000621149761777741
7.34528,45.42751,-0.000941162029455711,45.4277816638126,-0.000669498216868284
7.35661,45.42911,0.000658837970547665,45.427687950096,-0.000763211933447722
7.36793,45.42837,-8.11620294527415e-05,45.4275587124292,-0.00089244960021495
7.37927,45.42733,-0.001121162029456,45.4274071412503,-0.00104402077918822
7.3906,45.42503,-0.00342116202945419,45.4272484249794,-0.00120273705008989
7.4019,45.42668,-0.00177116202945626,45.4270982194696,-0.00135294255980475
7.41321,45.42902,0.00056883797054752,45.4269711534012,-0.00148000862821268
7.42451,45.42575,-0.00270116202945303,45.4268795361754,-0.00157162585407996
7.43582,45.42847,1.88379705434727e-05,45.4268323261119,-0.00161883591759989
7.44713,45.42459,-0.00386116202945175,45.4268343578079,-0.00161680422158255
7.45845,45.42813,-0.000321162029450761,45.426885853781,-0.00156530824850304
7.46977,45.42636,-0.00209116202945125,45.4269822941001,-0.00146886792932966
7.48106,45.42617,-0.00228116202945472,45.42711472474,-0.00133643728942001
7.49238,45.42719,-0.0012611620294507,45.4272705454595,-0.00118061656996777
7.50369,45.42884,0.000388837970547229,45.4274347519628,-0.00101641006666587
7.51499,45.42469,-0.00376116202945553,45.427591528663,-0.000859633366450386
7.52632,45.43053,0.00207883797054365,45.4277260138128,-0.000725148216671191
7.53763,45.42762,-0.000831162029456323,45.4278260055304,-0.000625156499093659
7.54897,45.42857,0.000118837970546792,45.4278833539448,-0.000567808084609778
7.56028,45.42754,-0.000911162029453294,45.4278948082951,-0.00055635373435671
7.5716,45.43038,0.00192883797054577,45.427862174302,-0.000588987727459175
7.58292,45.42632,-0.00213116202945685,45.4277917683187,-0.000659393710750253
7.59425,45.42522,-0.00323116202945073,45.4276932968042,-0.000757865225298667
7.60556,45.4287,0.000248837970545424,45.4275784085673,-0.000872753462194571
7.61689,45.42767,-0.000781162029454663,45.4274592047874,-0.000991957242013565
7.62823,45.42905,0.000598837970542831,45.4273469146867,-0.00110424734275317
7.63956,45.42407,-0.00438116202945338,45.4272508263241,-0.00120033570535931
7.65088,45.42785,-0.000601162029454372,45.427177510809,-0.00127365122043062
7.6622,45.42801,-0.000441162029453324,45.4271303909694,-0.00132077106000623
7.67353,45.42709,-0.00136116202945402,45.4271096933334,-0.00134146869602558
7.68485,45.4258,-0.00265116202945137,45.4271127630347,-0.00133839899479411
7.69618,45.42746,-0.000991162029450265,45.4271346751962,-0.00131648683321235
7.7075,45.42728,-0.00117116202945056,45.4271690641366,-0.00128209789287949
7.71882,45.42831,-0.00014116202945047,45.4272090704252,-0.00124209160421294
7.73014,45.42712,-0.0013311620294516,45.4272482661856,-0.0012028958438771
7.74146,45.42696,-0.00149116202945265,45.4272814103909,-0.00116975163857502
7.75278,45.42694,-0.0015111620294519,45.4273049352945,-0.00114622673494361
7.76413,45.4289,0.000448837970544957,45.4273171356479,-0.00113402638155543
7.77546,45.42749,-0.000961162029454954,45.4273180780435,-0.00113308398590647
7.78678,45.42595,-0.0025011620294535,45.4273092764942,-0.00114188553521458
7.79808,45.42712,-0.0013311620294516,45.4272932287847,-0.00115793324477012
7.80943,45.42588,-0.0025711620294544,45.4272729631751,-0.00117819885430323
7.82076,45.42803,-0.000421162029454081,45.4272517411155,-0.00119942091395343
7.83207,45.42781,-0.000641162029452857,45.4272329670084,-0.00121819502109125
7.8434,45.42801,-0.000441162029453324,45.4272202224289,-0.00123093960059483
7.85469,45.42754,-0.000911162029453294,45.4272172590006,-0.00123390302888116
7.866,45.42707,-0.00138116202945326,45.4272278036022,-0.00122335842726652
7.87734,45.42725,-0.00120116202945297,45.4272551328346,-0.00119602919481108
7.88866,45.42688,-0.00157116202945673,45.4273014956092,-0.00114966642026597
7.90002,45.42617,-0.00228116202945472,45.4273675440942,-0.00108361793527632
7.91134,45.42719,-0.0012611620294507,45.4274519470706,-0.000999214958898785
7.92266,45.42886,0.000408837970546472,45.4275513036533,-0.0008998583762016
7.93394,45.42693,-0.00152116202945507,45.427660370685,-0.000790791344436197
7.94526,45.4285,4.88379705458897e-05,45.427772516667,-0.000678645362413225
7.95656,45.42909,0.000638837970548423,45.4278802739596,-0.000570888069835364
7.96788,45.42577,-0.00268116202945379,45.4279758905436,-0.000475271485815013
7.97921,45.42741,-0.00104116202945193,45.4280518496421,-0.000399312387337395
7.99052,45.42942,0.000968837970546588,45.4281013754031,-0.000349786626396579
8.00182,45.42861,0.000158837970545278,45.4281189260953,-0.000332235934106419
8.0131,45.42932,0.000868837970543268,45.4281006053603,-0.000350556669168322
8.02441,45.42738,-0.00107116202945434,45.4280443861023,-0.000406775927196211
8.03571,45.42735,-0.00110116202945676,45.4279501081518,-0.000501053877671524
8.04702,45.42727,-0.00118116202945373,45.4278193403009,-0.000631821728538728
8.05832,45.42533,-0.00312116202945134,45.4276552868534,-0.00079587517609793
8.06964,45.42855,9.88379705475495e-05,45.4274628957457,-0.000988266283703154
8.08097,45.42873,0.000278837970547841,45.4272491877487,-0.00120197428073927
8.09226,45.42699,-0.00146116202945024,45.4270236417349,-0.00142752029453293
8.1036,45.42743,-0.00102116202945268,45.4267983485629,-0.0016528134665726
8.11494,45.42801,-0.000441162029453324,45.426587660912,-0.00186350111744482
8.12624,45.4254,-0.00305116202945044,45.4264071985711,-0.00204396345837338
8.13754,45.42755,-0.000901162029457225,45.4262722443217,-0.00217891770771684
8.14884,45.42577,-0.00268116202945379,45.4261957314842,-0.00225543054524503
8.16016,45.42461,-0.00384116202945251,45.4261861571417,-0.00226500488780127
8.17146,45.42591,-0.00254116202945198,45.426245836957,-0.00220532507247063
8.18279,45.4243,-0.00415116202945143,45.4263699231451,-0.00208123888438607
8.19412,45.42589,-0.00256116202945122,45.4265465092788,-0.00190465275065533
8.20544,45.42646,-0.00199116202945504,45.4267579403045,-0.0016932217249454
8.21676,45.42845,-1.16202945577015e-06,45.4269831725137,-0.00146798951576612
8.22807,45.42758,-0.000871162029454808,45.4272007619741,-0.00125040005535308
8.23938,45.4295,0.00104883797054356,45.4273918903053,-0.00105927172412443
8.25071,45.42786,-0.000591162029451198,45.427542825837,-0.000908336192461498
8.26204,45.42859,0.000138837970546035,45.4276463655381,-0.000804796491330022
8.27335,45.42799,-0.000461162029452566,45.4277020527388,-0.000749109290680648
8.28469,45.42754,-0.000911162029453294,45.4277152430788,-0.000735918950615555
8.29601,45.42611,-0.00234116202945245,45.4276953324602,-0.000755829569270465
8.30733,45.42609,-0.00236116202945169,45.4276536189277,-0.000797543101770012
8.31865,45.42623,-0.00222116202945699,45.427601304422,-0.000849857607408345
8.32998,45.42993,0.00147883797054504,45.4275480259419,-0.000903136087522413
8.34132,45.42752,-0.000931162029452537,45.4275010736134,-0.000950088416063952
8.35262,45.4274,-0.0010511620294551,45.4274652231408,-0.000985938888636681
8.36394,45.42537,-0.00308116202945286,45.4274430030139,-0.00100815901557761
8.37526,45.42781,-0.000641162029452857,45.4274352347404,-0.00101592728901931
8.38658,45.42904,0.000588837970546763,45.4274417119083,-0.00100945012110766
8.39793,45.42957,0.00111883797054446,45.4274618399955,-0.000989322033914951
8.40926,45.42725,-0.00120116202945297,45.4274950060395,-0.000956155989923847
8.42056,45.42715,-0.00130116202945629,45.4275405097792,-0.000910652250213261
8.43186,45.42589,-0.00256116202945122,45.4275970858876,-0.000854076141822178
8.44318,45.4277,-0.000751162029452246,45.4276622580261,-0.000788904003389416
8.45448,45.42725,-0.00120116202945297,45.4277318495439,-0.000719312485562259
8.4658,45.42736,-0.00109116202945359,45.427799901456,-0.000651260573491458
8.47714,45.42767,-0.000781162029454663,45.4278590895984,-0.000592072431063232
8.48848,45.42866,0.000208837970546938,45.427901575283,-0.000549586746495291
8.49982,45.42811,-0.000341162029457109,45.427920107111,-0.00053105491847428
8.51112,45.42807,-0.000381162029455595,45.4279091275653,-0.00054203446411019
8.52244,45.42922,0.000768837970547054,45.4278656354378,-0.000585526591616148
8.53374,45.429,0.000548837970548277,45.4277896138321,-0.000661548197326644
8.54503,45.42665,-0.00180116202945158,45.4276839453138,-0.000767216715661166
8.55634,45.4259,-0.00255116202945516,45.4275538902816,-0.000897271747850955
8.56766,45.42594,-0.00251116202945667,45.4274063571154,-0.00104480491404964
8.579,45.42838,-7.11620294566728e-05,45.4272492502361,-0.0012019117933298
8.59031,45.42626,-0.00219116202945457,45.427091082867,-0.00136007916250518
8.60164,45.42836,-9.11620294559157e-05,45.4269408391308,-0.00151032289869327
8.61294,45.42885,0.000398837970543298,45.426807895079,-0.00164326695043332
8.62427,45.42542,-0.0030311620294512,45.4267017555556,-0.00174940647389645
8.63558,45.42685,-0.00160116202945204,45.4266314475656,-0.00181971446389948
8.64692,45.42625,-0.00220116202945064,45.426604576228,-0.00184658580143587
8.65827,45.42728,-0.00117116202945056,45.4266262015914,-0.0018249604380592
8.6696,45.4251,-0.00335116202945329,45.4266977656002,-0.0017533964292208
8.68094,45.42635,-0.00210116202945443,45.4268162945811,-0.00163486744835838
8.69227,45.42818,-0.000271162029456207,45.4269740572872,-0.00147710474221815
8.70361,45.42691,-0.00154116202945431,45.427158782582,-0.00129237944744029
8.71493,45.4274,-0.0010511620294551,45.4273544542868,-0.00109670774267749
8.72627,45.42477,-0.00368116202945146,45.4275426478235,-0.000908514205987365
8.7376,45.42837,-8.11620294527415e-05,45.4277043560442,-0.000746805985303009
8.74892,45.42657,-0.00188116202945565,45.4278222011457,-0.000628960883789827
8.76024,45.43095,0.00249883797054906,45.4278827916145,-0.000568370414922307
8.77157,45.42989,0.00143883797054656,45.4278788072008,-0.000572354828675596
8.78288,45.42827,-0.000181162029456061,45.4278103117717,-0.000640850257744032
8.79421,45.42759,-0.000861162029451634,45.4276849076062,-0.000766254423211092
8.80555,45.42841,-4.11620294542558e-05,45.4275166369728,-0.000934525056682395
8.81688,45.42569,-0.00276116202945076,45.4273238750546,-0.00112728697482644
8.82822,45.42441,-0.00404116202945204,45.4271267051251,-0.00132445690438967
8.83955,45.42586,-0.00259116202945364,45.4269443547173,-0.00150680731219619
8.85089,45.42921,0.00075883797054388,45.4267931788537,-0.00165798317580468
8.86221,45.42596,-0.00249116202945032,45.4266854296121,-0.00176573241735346
8.87353,45.42679,-0.00166116202945688,45.426628771154,-0.00182239087545833
8.88483,45.42802,-0.000431162029457255,45.4266263360311,-0.00182482599830194
8.89614,45.42565,-0.00280116202945635,45.4266771122552,-0.00177404977424577
8.90744,45.42642,-0.00203116202945353,45.4267765276633,-0.00167463436611928
8.91877,45.42551,-0.00294116202945105,45.4269171769808,-0.00153398504866371
8.93011,45.42881,0.000358837970544812,45.4270896671008,-0.00136149492861766
8.9414,45.42759,-0.000861162029451634,45.4272835144356,-0.00116764759386052
8.95272,45.42884,0.000388837970547229,45.4274879517917,-0.000963210237754101
8.96406,45.42921,0.00075883797054388,45.4276924817733,-0.000758680256138226
8.9754,45.42505,-0.00340116202945495,45.4278871113985,-0.000564050630903304
8.98669,45.42528,-0.003171162029453,45.4280623858846,-0.000388776144863763
8.99799,45.42879,0.000338837970545569,45.4282094844568,-0.000241677572693136
9.00934,45.43014,0.00168883797054775,45.4283206109627,-0.000130551066796641
9.02064,45.4282,-0.000251162029456964,45.4283896964287,-6.14656007561132e-05
9.03196,45.4297,0.00124883797054309,45.4284131931028,-3.79689266443391e-05
9.0433,45.42863,0.000178837970544521,45.4283906584156,-6.0503613840166e-05
9.0546,45.42783,-0.000621162029453615,45.4283249232976,-0.000126238731891355
9.06591,45.42881,0.000358837970544812,45.4282218093191,-0.000229352710310072
9.07722,45.42531,-0.00314116202945058,45.4280895056695,-0.000361656359904353
9.08855,45.42986,0.00140883797054414,45.4279377904982,-0.000513371531245967
9.09987,45.42677,-0.00168116202945612,45.4277772642387,-0.000673897790737382
9.1112,45.42758,-0.000871162029454808,45.4276186752352,-0.00083248679428026
9.12251,45.42976,0.00130883797054793,45.4274723184165,-0.000978843612937096
9.13384,45.42723,-0.00122116202945222,45.4273474355425,-0.00110372648698601
9.14516,45.42464,-0.00381116202945719,45.4272515694978,-0.00119959253164496
9.15645,45.42767,-0.000781162029454663,45.4271899100071,-0.00126125202231379
9.16776,45.42916,0.000708837970549325,45.427164743211,-0.00128641881846205
9.17908,45.4267,-0.00175116202945702,45.4271751124511,-0.00127604957835061
9.1904,45.42603,-0.00242116202945653,45.4272167440436,-0.00123441798581805
9.2017,45.42664,-0.00181116202945475,45.4272822815487,-0.00116888048074555
9.21301,45.42639,-0.00206116202945594,45.4273619036404,-0.00108925838909387
9.22432,45.4278,-0.000651162029456032,45.4274443777205,-0.00100678430892867
9.23565,45.42872,0.000268837970544666,45.4275184789952,-0.000932683034254177
9.24696,45.42779,-0.0006611620294521,45.4275745481112,-0.000876613918260169
9.25827,45.42796,-0.000491162029454983,45.4276058690571,-0.000845292972388957
9.26961,45.42861,0.000158837970545278,45.4276095705822,-0.000841591447261762
9.28092,45.42805,-0.000401162029454838,45.4275868649934,-0.000864297036062627
9.29223,45.42661,-0.00184116202945717,45.4275425856059,-0.000908576423504457
9.30352,45.42839,-6.11620294534987e-05,45.4274841318553,-0.00096703017417709
9.31483,45.42728,-0.00117116202945056,45.4274200546791,-0.00103110735032054
9.32614,45.42526,-0.00319116202945224,45.4273585928106,-0.00109256921882072
9.33745,45.42459,-0.00386116202945175,45.4273064914621,-0.00114467056737993
9.34876,45.42841,-4.11620294542558e-05,45.4272683749553,-0.00118278707416128
9.36006,45.42982,0.00136883797054566,45.4272467669322,-0.00120439509722494
9.37134,45.42784,-0.000611162029450441,45.4272425938667,-0.0012085681627626
9.38267,45.42783,-0.000621162029453615,45.427255827935,-0.00119533409446924
9.394,45.42469,-0.00376116202945553,45.427285959977,-0.00116520205249263
9.4053,45.42819,-0.000261162029453033,45.4273321912877,-0.00111897074173814
9.41663,45.42855,9.88379705475495e-05,45.4273934100052,-0.00105775202430184
9.42793,45.42746,-0.000991162029450265,45.4274680616966,-0.000983100332844223
9.43927,45.42653,-0.00192116202945414,45.4275539889265,-0.000897173102978795
9.45059,45.42569,-0.00276116202945076,45.4276483063626,-0.000802855666885493
9.46191,45.42978,0.00132883797054717,45.4277473985215,-0.000703763507979731
9.47324,45.42828,-0.000171162029452887,45.4278470971691,-0.000604064860351376
9.48457,45.42757,-0.000881162029450877,45.4279430020896,-0.000508159939846385
9.49589,45.42889,0.000438837970548889,45.4280308423976,-0.000420319631809564
9.50721,45.42707,-0.00138116202945326,45.4281068026063,-0.000344359423186547
9.51852,45.4273,-0.00115116202945131,45.4281678199642,-0.000283342065225365
9.52984,45.4278,-0.000651162029456032,45.4282119144599,-0.0002392475695598
9.54116,45.42889,0.000438837970548889,45.4282385917093,-0.000212570320203992
9.55248,45.42902,0.00056883797054752,45.4282492673745,-0.000201894655002444
9.56377,45.42822,-0.000231162029450616,45.4282475565653,-0.000203605464131136
9.5751,45.4298,0.00134883797054641,45.4282392272256,-0.000211934803877477
9.58645,45.42927,0.000818837970548714,45.4282316676942,-0.000219494335244399
9.59778,45.42625,-0.00220116202945064,45.4282328494772,-0.000218312552215929
9.60911,45.42871,0.000258837970548598,45.4282499376374,-0.000201224392015534
9.62042,45.42725,-0.00120116202945297,45.4282878539287,-0.00016330810080163
9.63173,45.42769,-0.00076116202945542,45.4283481624715,-0.000102999558005815
9.64305,45.42522,-0.00323116202945073,45.4284285949781,-2.25670513093096e-05
9.65436,45.43063,0.00217883797054697,45.4285233819494,7.22199199173149e-05
9.66568,45.43065,0.00219883797054621,45.4286243367009,0.000173174671446235
9.677,45.42828,-0.000171162029452887,45.4287224077803,0.000271245750800265
9.68834,45.42911,0.000658837970547665,45.4288092867115,0.000358124682020938
9.69967,45.42905,0.000598837970542831,45.4288787074705,0.000427545441054801
9.71098,45.42915,0.000698837970546151,45.4289272372245,0.000476075195065435
9.7223,45.42879,0.000338837970545569,45.4289545095139,0.000503347484419445
9.73362,45.42905,0.000598837970542831,45.4289629400816,0.000511778052118319
9.74492,45.43025,0.00179883797054714,45.4289570144442,0.000505852414733341
9.75626,45.42745,-0.00100116202945344,45.4289422737426,0.000491111713126705
9.76757,45.42856,0.000108837970543618,45.4289241654041,0.000473003374682644
9.77888,45.42941,0.000958837970543414,45.4289069613151,0.000455799285678469
9.79019,45.42805,-0.000401162029454838,45.4288929485567,0.000441786527282148
9.80154,45.42747,-0.000981162029454197,45.4288820482567,0.000430886227253151
9.81283,45.42925,0.000798837970549471,45.4288719318934,0.000420769863927954
9.82417,45.43008,0.00162883797054292,45.4288585958661,0.000407433836597381
9.8355,45.43011,0.00165883797054533,45.4288372355628,0.000386073533349858
9.8468,45.42823,-0.000221162029454547,45.4288031819248,0.000352019895392162
9.85811,45.42781,-0.000641162029452857,45.4287526919499,0.000301529920411551
9.86943,45.42962,0.00116883797054612,45.4286835045874,0.000232342557972056
9.88075,45.42747,-0.000981162029454197,45.4285951872424,0.000144025212943278
9.89207,45.42894,0.000488837970543443,45.4284893329991,3.8170969618012e-05
9.90339,45.42952,0.0010688379705428,45.4283696395226,-8.15225068860184e-05
9.91471,45.4255,-0.00295116202945422,45.4282418613488,-0.00020930068064113
9.92606,45.43015,0.00169883797054382,45.4281136070246,-0.000337555004811834
9.93738,45.42804,-0.000411162029450907,45.4279939422899,-0.000457219739595113
9.9487,45.42858,0.000128837970542861,45.4278927444247,-0.000558417604789213
9.96002,45.42964,0.00118883797054536,45.4278197525456,-0.000631409483866375
9.97136,45.42584,-0.00261116202945288,45.4277833223402,-0.000667839689272965
9.98268,45.4278,-0.000651162029456032,45.427789029684,-0.000662132345469487
9.99399,45.42622,-0.00223116202945306,45.4278384132355,-0.00061274879395141
10.00532,45.42702,-0.00143116202945492,45.4279282100681,-0.000522951961375946
10.01664,45.42791,-0.000541162029456643,45.4280503676512,-0.00040079437821661
10.02794,45.42768,-0.000771162029451489,45.4281929300269,-0.000258232002544174
10.03928,45.42939,0.000938837970544171,45.4283416662428,-0.000109495786666244
10.05061,45.43043,0.00197883797054743,45.4284821123845,3.0950355016126e-05
10.06194,45.42776,-0.000691162029454517,45.4286015971968,0.000150435167316706
10.07327,45.42953,0.00107883797054598,45.4286908489243,0.000239686894829164
10.0846,45.42926,0.00080883797054554,45.4287449175343,0.000293755504823223
10.09593,45.42961,0.00115883797054295,45.4287633218218,0.000312159792364558
10.10725,45.42701,-0.00144116202945099,45.4287494862108,0.000298324181303992
10.11856,45.42852,6.88379705451325e-05,45.4287096553172,0.00025849328775289
10.12989,45.4282,-0.000251162029456964,45.4286515541802,0.000200392150774314
10.14122,45.42915,0.000698837970546151,45.4285830632221,0.000131901192635856
10.15253,45.42924,0.000788837970546297,45.4285110980374,5.99360079631092e-05
10.16385,45.42688,-0.00157116202945673,45.4284407885928,-1.0373436678536e-05
10.17519,45.4285,4.88379705458897e-05,45.4283750043647,-7.61576647797075e-05
10.18651,45.42744,-0.00101116202945661,45.4283142645591,-0.00013689747032492
10.19782,45.42941,0.000958837970543414,45.4282570474892,-0.000194114540270459
10.20911,45.42876,0.000308837970543152,45.4282004429851,-0.000250719044369592
10.22045,45.42704,-0.00141116202945568,45.4281410177831,-0.000310144246319042
10.23177,45.4282,-0.000251162029456964,45.4280757419729,-0.000375420056531189
10.24314,45.42696,-0.00149116202945265,45.4280028508265,-0.000448311202995498
10.25446,45.43068,0.00222883797054862,45.427922532695,-0.00052862933446589
10.26581,45.42821,-0.00024116202945379,45.4278373115981,-0.000613850431396088
10.27715,45.42707,-0.00138116202945326,45.4277519845455,-0.00069917748391421
10.28848,45.42744,-0.00101116202945661,45.4276730480687,-0.000778113960798628
10.29983,45.42808,-0.000371162029452421,45.4276076911567,-0.000843470872742342
10.31116,45.42775,-0.000701162029450586,45.4275625528326,-0.000888609196887615
10.32248,45.42603,-0.00242116202945653,45.4275424889362,-0.000908673093267465
10.33379,45.42691,-0.00154116202945431,45.4275495881992,-0.00090157383025049
10.34511,45.42699,-0.00146116202945024,45.427582643823,-0.000868518206458513
10.35643,45.42968,0.00122883797054385,45.4276372020147,-0.000813960014726533
10.36777,45.42705,-0.00140116202945251,45.4277061758728,-0.000744986156620014
10.37908,45.42453,-0.00392116202945658,45.4277808977659,-0.000670264263585328
10.39043,45.43115,0.0026988379705486,45.4278524347302,-0.000598727299223948
10.40174,45.42786,-0.000591162029451198,45.427912967899,-0.00053819413049902
10.41304,45.42957,0.00111883797054446,45.4279569895363,-0.00049417249315935
10.42437,45.42649,-0.00196116202945262,45.4279820516386,-0.000469110390860326
10.4357,45.43045,0.00199883797054667,45.427988886502,-0.000462275527482982
10.44701,45.42689,-0.00156116202945356,45.4279808882804,-0.000470273749035877
10.45836,45.42609,-0.00236116202945169,45.4279631093409,-0.000488052688558859
10.46968,45.42864,0.000188837970547695,45.4279410353809,-0.000510126648561419
10.48103,45.42858,0.000128837970542861,45.4279194355761,-0.00053172645334775
10.49236,45.42548,-0.00297116202945347,45.4279015293138,-0.000549632715634844
10.5037,45.42865,0.000198837970543764,45.4278886074076,-0.000562554621857934
10.51503,45.42816,-0.00029116202945545,45.4278801440429,-0.000571017986568934
10.52635,45.42709,-0.00136116202945402,45.4278743412801,-0.000576820749374186
10.53769,45.42878,0.0003288379705495,45.4278689559883,-0.000582206041126125
10.54902,45.42911,0.000658837970547665,45.4278621956911,-0.000588966338345821
10.56032,45.42719,-0.0012611620294507,45.4278534602856,-0.000597701743842096
10.57164,45.42734,-0.00111116202945283,45.4278437542906,-0.000607407738802784
10.58298,45.42987,0.00141883797054732,45.4278356826696,-0.000615479359843482
10.59433,45.42566,-0.00279116202945318,45.4278330334049,-0.000618128624596645
10.60566,45.43082,0.00236883797054332,45.4278400127877,-0.000611149241713051
10.61698,45.42699,-0.00146116202945024,45.4278602487812,-0.000590913248209397
10.62831,45.42556,-0.0028911620294565,45.4278957424247,-0.00055541960472028
10.63963,45.42757,-0.000881162029450877,45.4279460207765,-0.000505141252929972
10.65098,45.42773,-0.000721162029456934,45.4280077687314,-0.000443393298031907
10.66232,45.42639,-0.00206116202945594,45.4280751246152,-0.000376037414269719
10.67366,45.43046,0.00200883797054274,45.428140622664,-0.000310539365439986
10.68498,45.42944,0.000988837970545831,45.4281965432978,-0.000254618731658878
10.69631,45.42869,0.000238837970549355,45.4282362908324,-0.000214871197103426
10.70765,45.42918,0.000728837970548568,45.428255424476,-0.000195737553490986
10.719,45.42672,-0.00173116202945067,45.4282521252395,-0.000199036789925946
10.73033,45.429,0.000548837970548277,45.4282271081851,-0.000224053844337273
10.74165,45.42635,-0.00210116202945443,45.4281831711348,-0.000267990894618114
10.75298,45.42798,-0.000471162029455741,45.4281246398328,-0.000326522196672543
10.76434,45.42686,-0.00159116202945597,45.4280569247296,-0.0003942372999041
10.77568,45.43005,0.00159883797054761,45.4279862783659,-0.000464883663538985
10.78702,45.42816,-0.00029116202945545,45.4279196834847,-0.000531478544756691
10.79832,45.43004,0.00158883797054443,45.4278646840642,-0.000586477965223964
10.80966,45.4254,-0.00305116202945044,45.4278289700515,-0.000622191977941094
10.82099,45.42798,-0.000471162029455741,45.4278196521424,-0.000631509887017108
10.83231,45.42815,-0.000301162029451518,45.4278423287414,-0.000608833288082791
10.84362,45.42953,0.00107883797054598,45.4279001418625,-0.000551020166909107
10.85496,45.42504,-0.00341116202945102,45.4279930203922,-0.000458141637280057
10.86629,45.42579,-0.00266116202945454,45.428117283938,-0.000333878091493637
10.87764,45.43151,0.00305883797054918,45.4282657513007,-0.000185410728722071
10.88895,45.42847,1.88379705434727e-05,45.4284284033762,-2.27586532152519e-05
10.90028,45.4265,-0.00195116202945655,45.4285934867709,0.000142324741465375
10.91161,45.43071,0.00225883797054394,45.4287488217175,0.000297659688001407
10.92293,45.43012,0.00166883797054851,45.4288830648019,0.000431902772487911
10.93422,45.42923,0.000778837970543123,45.4289867265997,0.000535564570290665
10.94552,45.42733,-0.001121162029456,45.4290528207384,0.000601658708926528
10.95683,45.42936,0.000908837970548859,45.4290771386215,0.000625976592091994
10.96816,45.42879,0.000338837970545569,45.4290582632226,0.000607101193168106
10.97949,45.42848,2.88379705466468e-05,45.4289974718291,0.000546309799693484
10.99081,45.42968,0.00122883797054385,45.4288986186916,0.000447456662195857
11.00211,45.42962,0.00116883797054612,45.4287680004033,0.000316838373886178
11.01342,45.42599,-0.00246116202945501,45.4286141510559,0.000162989026475831
11.02475,45.42923,0.000778837970543123,45.4284475038475,-3.65818196217568e-06
11.0361,45.43124,0.00278883797054874,45.4282798582323,-0.000171303797183085
11.04746,45.4286,0.000148837970549209,45.4281235765355,-0.000327585493917509
11.05876,45.42699,-0.00146116202945024,45.4279904460184,-0.000460716011073442
11.0701,45.42659,-0.00186116202945641,45.4278902598705,-0.000560902158921662
11.08142,45.42648,-0.0019711620294558,45.4278293591697,-0.000621802859793852
11.09275,45.4285,4.88379705458897e-05,45.4278094856228,-0.000641676406688964
11.1041,45.42939,0.000938837970544171,45.4278272287797,-0.000623933249762811
11.11538,45.42538,-0.00307116202945679,45.4278741810453,-0.000576980984108719
11.12671,45.42721,-0.00124116202945146,45.4279377749004,-0.000513387129045548
11.13804,45.42964,0.00118883797054536,45.428002713543,-0.000448448486446924
11.14937,45.4267,-0.00175116202945702,45.4280528519976,-0.000398310031859791
11.16071,45.43117,0.00271883797054784,45.4280732953557,-0.000377866673716191
11.17204,45.42707,-0.00138116202945326,45.4280524094879,-0.000398752541554239
11.18338,45.4268,-0.0016511620294537,45.4279834605132,-0.00046770151625453
11.19472,45.42833,-0.000121162029451227,45.4278657035571,-0.00058545847232266
11.20605,45.42828,-0.000171162029452887,45.4277048450774,-0.0007463169520574
11.21738,45.42792,-0.000531162029453469,45.4275128368697,-0.000938325159747007
11.22872,45.42831,-0.00014116202945047,45.4273069445567,-0.00114421747279114
11.24003,45.42873,0.000278837970547841,45.4271080502345,-0.00134311179492425
11.25136,45.42759,-0.000861162029451634,45.4269382507315,-0.00151291129790556
11.26269,45.42268,-0.00577116202945405,45.4268179947582,-0.00163316727129222
11.27403,45.42719,-0.0012611620294507,45.4267632083068,-0.00168795372265796
11.28533,45.42447,-0.00398116202945431,45.4267829759118,-0.00166818611763966
11.29666,45.4265,-0.00195116202945655,45.4268782683525,-0.00157289367693087
11.308,45.42857,0.000118837970546792,45.4270419425392,-0.0014092194902325
11.31935,45.42801,-0.000441162029453324,45.4272599141068,-0.00119124792269702
11.33068,45.42669,-0.00176116202945309,45.4275131618713,-0.000938000158195115
11.342,45.42749,-0.000961162029454954,45.4277801391337,-0.000671022895713352
11.35336,45.42983,0.00137883797054883,45.4280392092458,-0.000411952783657454
11.3647,45.42966,0.00120883797054461,45.4282708005524,-0.000180361477010745
11.37602,45.42722,-0.00123116202945539,45.4284590477141,7.88568466112135e-06
11.38734,45.42923,0.000778837970543123,45.428592791994,0.000141629964509191
11.39867,45.4275,-0.00095116202945178,45.4286659671974,0.000214805167963248
11.41,45.42811,-0.000341162029457109,45.4286775317869,0.000226369757432753
11.42131,45.42796,-0.000491162029454983,45.4286311470191,0.000179984989690632
11.43262,45.42979,0.00133883797054324,45.4285347383277,8.35762982191053e-05
11.44396,45.42968,0.00122883797054385,45.4283999599432,-5.12020862287336e-05
11.45532,45.42657,-0.00188116202945565,45.4282414845891,-0.000209677440384791
11.46665,45.42938,0.000928837970548102,45.4280760253123,-0.00037513671714065
11.478,45.42722,-0.00123116202945539,45.4279210626083,-0.000530099421155334
11.48934,45.42845,-1.16202945577015e-06,45.4277933303821,-0.000657831647351066
11.50066,45.42956,0.00110883797054839,45.4277071629341,-0.000743999095400201
11.512,45.42626,-0.00219116202945457,45.4276728439761,-0.000778318053396449
11.52334,45.4257,-0.00275116202945469,45.4276951688174,-0.000755993212105663
11.53467,45.42613,-0.00232116202945321,45.4277725160307,-0.000678645998791795
11.54601,45.42904,0.000588837970546763,45.4278967343581,-0.000554427671354655
11.55734,45.42735,-0.00110116202945676,45.4280540077866,-0.000397154242847927
11.56866,45.42908,0.000628837970545248,45.4282266128567,-0.000224549172762653
11.57998,45.43028,0.00182883797054956,45.4283952655477,-5.58964817715756e-05
11.59129,45.42592,-0.00253116202945591,45.4285416670413,9.05050118725727e-05
11.60262,45.4294,0.000948837970547345,45.4286508924214,0.000199730391960569
11.61396,45.42937,0.000918837970544928,45.4287133496268,0.000262187597304295
11.62528,45.43042,0.00196883797054426,45.4287260892568,0.000274927227332177
11.6366,45.42987,0.00141883797054732,45.4286932639093,0.000242101879818724
11.64794,45.42648,-0.0019711620294558,45.4286255970868,0.000174435057333425
11.6593,45.4302,0.00174883797054548,45.4285388781355,8.77161060773058e-05
11.67062,45.42756,-0.000891162029454051,45.4284516919487,5.29919252273155e-07
11.68197,45.42856,0.000108837970543618,45.4283827219047,-6.84401247908547e-05
11.69332,45.4284,-5.11620294503246e-05,45.4283480068791,-0.000103155150373959
11.70465,45.42742,-0.00103116202945586,45.4283585307465,-9.26312829653215e-05
11.71598,45.42552,-0.00293116202945498,45.4284185037318,-3.26582976359351e-05
11.72732,45.42862,0.000168837970548452,45.4285246363861,7.34743566694363e-05
11.73862,45.43032,0.00186883797054804,45.4286665627937,0.00021540076425736
11.74994,45.42805,-0.000401162029454838,45.4288283389498,0.000377176920390951
11.76125,45.42942,0.000968837970546588,45.4289907147139,0.000539552684409886
11.77257,45.43006,0.00160883797054368,45.4291337613989,0.000682599369404344
11.7839,45.42865,0.000198837970543764,45.4292394455191,0.00078828348968356
11.79524,45.43131,0.00285883797054964,45.4292938092723,0.000842647242840704
11.80658,45.42939,0.000938837970544171,45.4292885084335,0.000837346404056724
11.81792,45.4276,-0.000851162029455566,45.4292215712577,0.000770409228246903
11.82927,45.4296,0.00114883797054688,45.4290973749491,0.000646212919670659
11.84061,45.43001,0.00155883797054912,45.4289259481446,0.000474786115176217
11.85194,45.42798,-0.000471162029455741,45.4287217544766,0.000270592447170542
11.86326,45.4291,0.000648837970544491,45.4285021100922,5.09480627333849e-05
11.87459,45.42742,-0.00103116202945586,45.4282853952518,-0.000165766777684412
11.88592,45.42766,-0.000791162029450732,45.428089252245,-0.000361909784440657
11.89727,45.428,-0.000451162029456498,45.4279289792572,-0.000522182772280093
11.9086,45.42679,-0.00166116202945688,45.4278162992755,-0.000634862753997242
11.91994,45.42848,2.88379705466468e-05,45.427758608356,-0.00069255367349679
11.93128,45.42704,-0.00141116202945568,45.4277587129713,-0.000692449058119832
11.9426,45.42886,0.000408837970546472,45.4278149771376,-0.000636184891866039
11.95394,45.42908,0.000628837970545248,45.4279217381948,-0.000529423834679222
11.96527,45.42793,-0.000521162029450295,45.4280698379008,-0.0003813241287056
11.97662,45.42834,-0.000111162029455159,45.428247171843,-0.000203990186443863
11.98794,45.42654,-0.00191116202945096,45.4284392749689,-1.18870605255186e-05
11.99929,45.4276,-0.000851162029455566,45.4286300736497,0.000178911620277338
12.01064,45.42881,0.000358837970544812,45.4288029599986,0.000351797969157747
12.02196,45.4302,0.00174883797054548,45.4289422398952,0.000491077865766421
12.03326,45.42918,0.000728837970548568,45.4290348213691,0.000583659339599866
12.0446,45.42849,3.88379705427155e-05,45.4290718569746,0.000620694945146941
12.05594,45.43194,0.00348883797054356,45.4290500132077,0.000598851178203409
12.06726,45.42805,-0.000401162029454838,45.4289721041525,0.000520942123055362
12.07861,45.42908,0.000628837970545248,45.4288469491171,0.000395787087630875
12.08994,45.42783,-0.000621162029453615,45.4286884659754,0.000237303945992607
12.10129,45.42913,0.000678837970546908,45.4285141571215,6.29950920364059e-05
12.11263,45.42811,-0.000341162029457109,45.4283432294573,-0.000107932572163565
12.12392,45.4254,-0.00305116202945044,45.4281945959706,-0.000256566058870678
12.13524,45.4319,0.00344883797054507,45.428084961627,-0.000366200402441914
12.14658,45.42805,-0.000401162029454838,45.4280271265045,-0.000424035524968262
12.15792,45.42827,-0.000181162029456061,45.4280285797175,-0.000422582311987829
12.16926,45.42551,-0.00294116202945105,45.4280904747304,-0.000360687299092466
12.1806,45.42652,-0.00193116202945731,45.4282071794537,-0.00024398257573689
12.19191,45.42725,-0.00120116202945297,45.4283666628948,-8.44991346483581e-05
12.20322,45.42945,0.000998837970549005,45.4285518734291,0.000100711399685047
12.21455,45.4305,0.00204883797054833,45.4287429837087,0.000291821679266756
12.22588,45.43114,0.00268883797054542,45.4289200780968,0.000468916067373948
12.2372,45.42865,0.000198837970543764,45.4290657203181,0.000614558288628948
12.24854,45.42763,-0.000821162029453149,45.4291669358648,0.000715773835339097
12.25984,45.43095,0.00249883797054906,45.4292163936165,0.0007652315870691
12.27116,45.42783,-0.000621162029453615,45.4292128061758,0.000761644146358582
12.28249,45.42957,0.00111883797054446,45.4291606805285,0.000709518499044231
12.29382,45.42939,0.000938837970544171,45.4290695596282,0.000618397598715336
12.30518,45.42841,-4.11620294542558e-05,45.4289528727156,0.000501710686172558
12.31653,45.43018,0.00172883797054624,45.4288264958014,0.000375333771945958
12.32783,45.42812,-0.000331162029453935,45.4287071237724,0.000255961742939038
12.33915,45.42789,-0.000561162029455886,45.4286105786468,0.000159416617377463
12.35048,45.42921,0.00075883797054388,45.4285502183115,9.90562820823733e-05
12.36183,45.42765,-0.000801162029453906,45.4285356391661,8.44771366835682e-05
12.37312,45.42694,-0.0015111620294519,45.4285718571944,0.000120695164992548
12.38445,45.42815,-0.000301162029451518,45.4286590962502,0.000207934220741047
12.39577,45.43095,0.00249883797054906,45.4287932054701,0.000342043440623967
12.40711,45.42861,0.000158837970545278,45.4289665772576,0.000515415228149217
12.41845,45.4297,0.00124883797054309,45.4291693034281,0.00071814139866912
12.42981,45.43114,0.00268883797054542,45.4293902737154,0.000939111685942935
12.44114,45.42772,-0.000731162029453003,45.4296180055935,0.00116684356400806
12.45245,45.42972,0.00126883797054944,45.4298411379589,0.00138997592940809
12.46377,45.4314,0.00294883797054268,45.4300486495309,0.00159748750139843
12.47509,45.43019,0.00173883797054941,45.4302299286352,0.00177876660575133
12.48642,45.42765,-0.000801162029453906,45.4303748290346,0.00192366700511504
12.49774,45.43278,0.00432883797054728,45.430473838993,0.0020226769635103
12.50907,45.42809,-0.000361162029456352,45.4305184761704,0.00206731414094337
12.52039,45.43052,0.00206883797054758,45.4305019646458,0.00205080261638881
12.53172,45.4324,0.00394883797054746,45.4304201465547,0.00196898452522517
12.54304,45.42997,0.00151883797054353,45.4302724695525,0.00182130752302227
12.55435,45.42999,0.00153883797054277,45.4300628232004,0.00161166117097282
12.56569,45.42966,0.00120883797054461,45.4298000079776,0.00134884594813628
12.57704,45.4297,0.00124883797054309,45.4294976945206,0.00104653249119761
12.58838,45.43144,0.00298883797054827,45.4291738062716,0.000722644242130468
12.5997,45.42738,-0.00107116202945434,45.4288493086848,0.00039814665536832
12.61106,45.42911,0.000658837970547665,45.4285464507197,9.52886902422748e-05
12.62239,45.42809,-0.000361162029456352,45.4282866072667,-0.000164554762711933
12.63372,45.42719,-0.0012611620294507,45.4280879765611,-0.00036318546837637
12.64505,45.42876,0.000308837970543152,45.4279634394491,-0.00048772258032434
12.65638,45.42731,-0.00114116202945524,45.4279188782895,-0.000532283739909291
12.66772,45.42743,-0.00102116202945268,45.4279522112005,-0.000498950828923635
12.67905,45.42755,-0.000901162029457225,45.4280533483816,-0.000397813647833703
12.69039,45.424,-0.00445116202945428,45.4282052181224,-0.000245943907010166
12.70174,45.42887,0.000418837970549646,45.4283858998,-6.52622294743707e-05
12.71308,45.43134,0.00288883797054496,45.4285716874505,0.000120525421019278
12.72444,45.43087,0.00241883797054498,45.4287406075511,0.000289445521604499
12.73577,45.43044,0.0019888379705435,45.4288756757194,0.000424513689938041
12.7471,45.42807,-0.000381162029455595,45.4289671833741,0.000516021344625804
12.75844,45.42933,0.000878837970546442,45.4290135846037,0.000562422574227231
12.76977,45.42931,0.000858837970547199,45.4290209357205,0.000569773691004418
12.78108,45.42944,0.000988837970545831,45.4290011328951,0.000549970865640413
12.79244,45.42829,-0.000161162029456818,45.4289693419737,0.000518179944253236
12.80378,45.42751,-0.000941162029455711,45.4289410771754,0.000489915145912826
12.81508,45.42859,0.000138837970546035,45.4289294086482,0.000478246618778982
12.82641,45.42953,0.00107883797054598,45.4289427458919,0.000491583862438209
12.83774,45.42726,-0.0011911620294569,45.4289835345569,0.000532372527425296
12.84906,45.42843,-2.1162029455013e-05,45.429048050415,0.000596888385506053
12.8604,45.42811,-0.000341162029457109,45.4291273203752,0.000676158345774242
12.87172,45.42828,-0.000171162029452887,45.4292090405837,0.00075787855424466
12.88304,45.43292,0.00446883797054909,45.4292801684655,0.000829006436029278
12.89435,45.42954,0.00108883797054915,45.4293296670665,0.000878505037014114
12.90567,45.43208,0.00362883797054536,45.4293507754818,0.000899613452347409
12.91701,45.42956,0.00110883797054839,45.4293422660185,0.000891103989071747
12.92835,45.42782,-0.000631162029456789,45.4293084293441,0.000857267314662709
12.93971,45.42921,0.00075883797054388,45.4292578913404,0.00080672931093013
12.95103,45.42944,0.000988837970545831,45.4292016576059,0.000750495576418883
12.96235,45.42697,-0.00148116202945658,45.429150909973,0.000699747943589061
12.97366,45.42717,-0.00128116202945705,45.4291150512903,0.000663889260845589
12.98498,45.43008,0.00162883797054292,45.4291003622706,0.000649200241130582
12.99632,45.43128,0.00282883797054723,45.4291094262282,0.000658264198771975
13.00763,45.42902,0.00056883797054752,45.4291412401666,0.000690078137156766
13.01894,45.42956,0.00110883797054839,45.4291917789596,0.000740616930131085
13.03026,45.42701,-0.00144116202945099,45.4292548005234,0.000803638493913568
13.04155,45.42766,-0.000791162029450732,45.4293228103145,0.00087164828507695
13.05288,45.43085,0.00239883797054574,45.4293881787521,0.000937016722673928
13.06417,45.43204,0.00358883797054688,45.4294443259062,0.000993163876785994
13.0755,45.4304,0.00194883797054501,45.4294867211441,0.00103555911459614
13.08681,45.43011,0.00165883797054533,45.4295133707408,0.00106220871136699
13.09815,45.42843,-2.1162029455013e-05,45.4295246021173,0.00107344008785822
13.10947,45.42827,-0.000181162029456061,45.4295222352749,0.00107107324540853
13.12076,45.42892,0.0004688379705442,45.4295084805693,0.00105731853981155
13.13208,45.4278,-0.000651162029456032,45.4294849818144,0.00103381978490082
13.14339,45.43059,0.00213883797054848,45.4294523203048,0.00100115827533622
13.15474,45.42975,0.00129883797054475,45.4294100838037,0.000958921774205814
13.16608,45.4303,0.0018488379705488,45.4293573907132,0.000906228683785323
13.17738,45.4292,0.000748837970547811,45.4292936353207,0.00084247329124676
13.18872,45.42842,-3.11620294510817e-05,45.4292192217297,0.000768059700199756
13.20003,45.42921,0.00075883797054388,45.4291361397943,0.000684977764859819
13.21134,45.42902,0.00056883797054752,45.4290483193792,0.000597157349780326
13.22265,45.43063,0.00217883797054697,45.4289617232878,0.000510561258331415
13.23398,45.42838,-7.11620294566728e-05,45.4288841230346,0.00043296100515559
13.2453,45.42888,0.000428837970545715,45.4288245091123,0.000373347082853449
13.2566,45.42826,-0.00019116202945213,45.4287921522652,0.000340990235775187
13.26796,45.42933,0.000878837970546442,45.4287954203621,0.000344258332600414
13.27932,45.42904,0.000588837970546763,45.4288405100511,0.000389348021635914
13.29064,45.42832,-0.000131162029454401,45.42893026155,0.000479099520574265
13.30196,45.42892,0.0004688379705442,45.4290632200521,0.000612058022629075
13.3133,45.42874,0.000288837970543909,45.4292331064133,0.000781944383817246
13.32461,45.42794,-0.000511162029454226,45.4294288437004,0.000977681670946553
13.33594,45.43011,0.00165883797054533,45.4296352269552,0.00118406492576883
13.34727,45.43015,0.00169883797054382,45.4298342138816,0.0013830518521136
13.3586,45.43175,0.0032988379705472,45.4300066790359,0.00155551700645594
13.36993,45.4291,0.000648837970544491,45.4301343730811,0.00168321105159799
13.38126,45.43118,0.00272883797054391,45.4302018215352,0.00175065950576486
13.3926,45.42791,-0.000541162029456643,45.4301979819587,0.00174681992925824
13.40392,45.43018,0.00172883797054624,45.4301175791516,0.00166641712218738
13.41522,45.43068,0.00222883797054862,45.4299620689523,0.00151090692283963
13.42654,45.43109,0.00263883797054376,45.4297401188449,0.00128895681545235
13.43785,45.43081,0.00235883797054726,45.4294674011593,0.00101623912988705
13.44917,45.43034,0.00188883797054729,45.4291654804165,0.000714318387020084
13.4605,45.42888,0.000428837970545715,45.4288597068687,0.000408544839234416
13.47182,45.42786,-0.000591162029451198,45.4285762766455,0.000125114616080972
13.48314,45.42569,-0.00276116202945076,45.428338888332,-0.000112273697423597
13.49445,45.42779,-0.0006611620294521,45.4281656017122,-0.000285560317208937
13.50581,45.42796,-0.000491162029454983,45.4280665032182,-0.000384658811260546
13.51712,45.42572,-0.00273116202945545,45.4280426006516,-0.000408561377858445
13.52842,45.43034,0.00188883797054729,45.4280860907745,-0.00036507125497393
13.53972,45.42697,-0.00148116202945658,45.4281818721112,-0.000269289918277104
13.55108,45.42981,0.00135883797054959,45.4283099741939,-0.000141187835577624
13.56238,45.42784,-0.000611162029450441,45.4284484678656,-2.69416386136018e-06
13.57372,45.43018,0.00172883797054624,45.4285764102344,0.000125248204921898
13.58504,45.42707,-0.00138116202945326,45.4286764362972,0.000225274267727749
13.59638,45.43143,0.0029788379705451,45.4287366993611,0.000285537331631697
13.60773,45.42899,0.000538837970545103,45.4287519607867,0.000300798757280588
13.61905,45.42939,0.000938837970544171,45.4287237399967,0.000272577967231717
13.63039,45.42588,-0.0025711620294544,45.4286595794043,0.00020841737484995
13.64175,45.4279,-0.000551162029452712,45.4285716423995,0.00012048037001306
13.65309,45.4297,0.00124883797054309,45.4284749612222,2.37991927658548e-05
13.6644,45.42995,0.00149883797054429,45.4283856088557,-6.55531737974889e-05
13.67573,45.42723,-0.00122116202945222,45.4283189347834,-0.000132227246023354
13.68708,45.42799,-0.000461162029452566,45.4282879211472,-0.000163240882257948
13.69844,45.42853,7.88379705483067e-05,45.4283017496369,-0.000149412392582912
13.70977,45.42641,-0.0020411620294567,45.4283647442742,-8.64177552040482e-05
13.72109,45.42966,0.00120883797054461,45.4284758692582,2.47072287524515e-05
13.73244,45.42727,-0.00118116202945373,45.4286288922858,0.000177730256365377
13.74378,45.42932,0.000868837970543268,45.4288132096517,0.000362047622255072
13.75514,45.42734,-0.00111116202945283,45.4290152100918,0.000564048062348162
13.76648,45.43266,0.00420883797054472,45.4292199496535,0.000768787624058833
13.77783,45.43142,0.00296883797054903,45.4294128320532,0.000961670023757637
13.78916,45.42751,-0.000941162029455711,45.4295809819895,0.00112981996008678
13.80048,45.42878,0.0003288379705495,45.4297141215365,0.00126295950700209
13.81181,45.42966,0.00120883797054461,45.4298049770382,0.00135381500878535
13.82314,45.42984,0.0013888379705449,45.4298494035233,0.00139824149383552
13.83445,45.42963,0.0011788379705493,45.4298464072947,0.00139524526521404
13.84578,45.43064,0.00218883797054303,45.4297981283574,0.00134696632792353
13.85709,45.42965,0.00119883797054854,45.4297097338142,0.00125857178471545
13.86844,45.43064,0.00218883797054303,45.4295891323038,0.00113797027435098
13.87977,45.42765,-0.000801162029453906,45.429446444546,0.000995282516533491
13.89112,45.43053,0.00207883797054365,45.4292932279587,0.000842065929238822
13.90243,45.42955,0.00109883797054522,45.4291415141716,0.000690352142183517
13.91378,45.42968,0.00122883797054385,45.4290027511586,0.000551589129158147
13.92513,45.42605,-0.00240116202945728,45.4288867649672,0.000435602937738297
13.93646,45.42786,-0.000591162029451198,45.4288008932447,0.000349731215229393
13.94781,45.43038,0.00192883797054577,45.4287494520739,0.000298290044397408
13.95912,45.43056,0.00210883797054606,45.4287336113426,0.000282449313105221
13.97045,45.42683,-0.00162116202945128,45.4287516054295,0.000300443400005135
13.9818,45.4295,0.00104883797054356,45.4287991254686,0.000347963439109781
13.99313,45.42856,0.000108837970543618,45.4288697850601,0.000418623030598003
14.00443,45.43005,0.00159883797054761,45.4289556405266,0.000504478497180912
14.01575,45.42766,-0.000791162029450732,45.4290477917437,0.000596629714267039
14.02706,45.42776,-0.000691162029454517,45.429137095608,0.000685933578537093
14.03839,45.42953,0.00107883797054598,45.4292150151407,0.000763853111221332
14.04972,45.4308,0.00234883797054408,45.4292745758322,0.000823413802738877
14.06105,45.43063,0.00217883797054697,45.4293112960429,0.000860134013436317
14.07235,45.42869,0.000238837970549355,45.4293238761055,0.00087271407608279
14.08368,45.42824,-0.000211162029451373,45.4293144644405,0.000863302411045812
14.095,45.42929,0.000838837970547957,45.429288454176,0.000837292146582329
14.10633,45.4296,0.00114883797054688,45.4292538831318,0.000802721102295508
14.11765,45.43134,0.00288883797054496,45.42922052985,0.000769367820523951
14.12895,45.42799,-0.000461162029452566,45.4291987591911,0.000747597161611948
14.14028,45.42869,0.000238837970549355,45.4291981740924,0.000747012062953165
14.15162,45.42864,0.000188837970547695,45.4292262075363,0.000775045506894613
14.16292,45.42951,0.00105883797054673,45.4292868678636,0.000835705834110385
14.17425,45.43103,0.00257883797054603,45.4293798519602,0.000928689930797646
14.18556,45.42707,-0.00138116202945326,45.4295001784319,0.00104901640245852
14.19688,45.42771,-0.000741162029456177,45.4296384395017,0.00118727747225494
14.20821,45.43031,0.00185883797054487,45.4297817380175,0.0013305759880557
14.21955,45.43076,0.0023088379705456,45.4299152897104,0.00146412768089468
14.23088,45.4304,0.00194883797054501,45.4300244925265,0.00157333049709009
14.24219,45.43187,0.00341883797054976,45.4300970833093,0.00164592127981585
14.25352,45.43066,0.00220883797054938,45.4301249439169,0.00167378188747965
14.26486,45.42871,0.000258837970548598,45.430105218019,0.00165405598951787
14.27621,45.43218,0.00372883797054868,45.4300405924235,0.00158943039404285
14.28752,45.42872,0.000268837970544666,45.4299387917175,0.00148762968800019
14.29885,45.42866,0.000208837970546938,45.4298114724279,0.00136031039839876
14.3102,45.42875,0.000298837970547083,45.4296727701264,0.00122160809691948
14.32154,45.43073,0.00227883797054318,45.4295377468541,0.00108658482465289
14.33284,45.42999,0.00153883797054277,45.4294208999617,0.00096973793227625
14.34418,45.43121,0.00275883797054632,45.4293347713352,0.000883609305750624
14.35552,45.42699,-0.00146116202945024,45.4292886389067,0.000837476877235553
14.36688,45.42835,-0.000101162029451984,45.4292873347923,0.000836172762835748
14.3782,45.43166,0.00320883797054705,45.4293303503584,0.000879188328996204
14.38954,45.42724,-0.00121116202945615,45.4294114427436,0.000960280714180097
14.40088,45.42829,-0.000161162029456818,45.4295189165929,0.00106775456343644
14.41219,45.42945,0.000998837970549005,45.4296366709915,0.00118550896203096
14.42353,45.43069,0.00223883797054469,45.4297459977337,0.00129483570428687
14.43486,45.42855,9.88379705475495e-05,45.4298279723313,0.00137681030185086
14.44619,45.43006,0.00160883797054368,45.4298661189031,0.00141495687367686
14.45753,45.43229,0.00383883797054807,45.4298489162148,0.0013977541853789
14.46882,45.43316,0.00470883797054711,45.4297716715382,0.00132050950876241
14.48014,45.4268,-0.0016511620294537,45.4296373434149,0.00118618138543774
14.49147,45.43159,0.00313883797054615,45.4294560880721,0.00100492604267807
14.50281,45.42817,-0.000281162029452275,45.4292436106558,0.00079244862635341
14.51412,45.42809,-0.000361162029456352,45.4290186888729,0.000567526843484448
14.52544,45.42756,-0.000891162029454051,45.4288003906304,0.000349228600968458
14.53678,45.42798,-0.000471162029455741,45.4286055164663,0.000154354436857254
14.54813,45.42882,0.000368837970547986,45.4284466913597,-4.47066978448683e-06
14.55947,45.42633,-0.00212116202945367,45.4283313434615,-0.000119818568002162
14.57081,45.43021,0.00175883797054865,45.4282615954601,-0.000189566569394283
14.58214,45.42873,0.000278837970547841,45.4282349137459,-0.000216248283523575
14.59348,45.42785,-0.000601162029454372,45.4282452442846,-0.000205917744828729
14.60483,45.42797,-0.000481162029451809,45.4282843333601,-0.000166828669394887
14.61618,45.4301,0.00164883797054927,45.4283429800292,-0.000108182000287428
14.62752,45.42884,0.000388837970547229,45.4284120478272,-3.91142022183306e-05
14.63886,45.42798,-0.000471162029455741,45.4284831437976,3.19817681819864e-05
14.65018,45.42756,-0.000891162029454051,45.4285489700925,9.78080630698485e-05
14.6615,45.42835,-0.000101162029451984,45.4286034651061,0.000152303076640132
14.67285,45.42747,-0.000981162029454197,45.4286419144586,0.000190752429144927
14.68418,45.42874,0.000288837970543909,45.4286611718833,0.000210009853812351
14.69553,45.43048,0.00202883797054909,45.4286600026897,0.000208840660241369
14.70685,45.42868,0.000228837970546181,45.4286394190825,0.000188257053087575
14.71819,45.43004,0.00158883797054443,45.4286027994876,0.000151637458156651
14.7295,45.42767,-0.000781162029454663,45.4285556257315,0.000104463702002459
14.74084,45.42743,-0.00102116202945268,45.4285048147526,5.36527231443142e-05
14.75217,45.42963,0.0011788379705493,45.4284577810774,6.61904793466951e-06
14.7635,45.4266,-0.00185116202945323,45.4284214552351,-2.97067943529162e-05
14.77484,45.42745,-0.00100116202945344,45.4284014738338,-4.96881956292646e-05
14.78616,45.43013,0.00167883797054458,45.4284016762697,-4.94857597514747e-05
14.79749,45.4287,0.000248837970545424,45.4284239269538,-2.72350756058516e-05
14.80884,45.42823,-0.000221162029454547,45.4284681717865,1.70097570855729e-05
14.82018,45.42842,-3.11620294510817e-05,45.4285325907402,8.1428710718476e-05
14.83152,45.43104,0.00258883797054921,45.4286137471172,0.000162585087704785
14.84286,45.42635,-0.00210116202945443,45.4287067180285,0.000255555999057126
14.8542,45.42693,-0.00152116202945507,45.4288052768267,0.000354114797289197
14.86553,45.42908,0.000628837970545248,45.4289022578893,0.000451095859840632
14.87684,45.42943,0.000978837970549762,45.4289902102354,0.00053904820597898
14.88818,45.43054,0.00208883797054682,45.4290623051766,0.000611143147176172
14.89952,45.4299,0.00144883797054973,45.429113286139,0.000662124109584323
14.91086,45.42928,0.000828837970544782,45.4291401755639,0.000689013534403707
14.92219,45.42816,-0.00029116202945545,45.4291425378639,0.00069137583448471
14.9335,45.43145,0.00299883797054434,45.4291222706953,0.000671108665884301
14.94485,45.42628,-0.00217116202945533,45.4290830565999,0.000631894570429502
14.95618,45.42752,-0.000931162029452537,45.4290297003709,0.000578538341489979
14.96751,45.42954,0.00108883797054915,45.4289675925121,0.000516430482690318
14.97888,45.42804,-0.000411162029450907,45.4289024559607,0.000451293931237178
14.99019,45.43135,0.00289883797054813,45.4288403531181,0.000389191088616199
15.00152,45.42969,0.00123883797054702,45.4287877370217,0.000336574992259611
15.01285,45.43017,0.00171883797054306,45.4287512486181,0.000300086588625897
15.02418,45.4281,-0.000351162029453178,45.4287370561562,0.000285894126738973
15.03551,45.4272,-0.00125116202945463,45.4287497651848,0.000298603155387462
15.04684,45.42747,-0.000981162029454197,45.4287911802455,0.00034001821601361
15.05816,45.42851,5.88379705490638e-05,45.4288593350142,0.000408172984746431
15.06949,45.42889,0.000438837970548889,45.4289481558141,0.000496993784647031
15.08083,45.43008,0.00162883797054292,45.4290479284586,0.000596766429115446
15.09215,45.42656,-0.00189116202945172,45.4291465188036,0.000695356774189379
15.10348,45.4308,0.00234883797054408,45.4292311450708,0.000779983041387801
15.11481,45.42859,0.000138837970546035,45.4292904162371,0.000839254207663359
15.12616,45.43147,0.00301883797054359,45.4293162880189,0.000865125989405071
15.1375,45.43221,0.00375883797054399,45.4293055434564,0.000854381426980552
15.14882,45.42776,-0.000691162029454517,45.4292604444186,0.00080928238912562
15.16014,45.42838,-7.11620294566728e-05,45.4291883797633,0.000737217733831109
15.17146,45.42879,0.000338837970545569,45.4291006094877,0.000649447458215164
15.18277,45.42941,0.000958837970543414,45.4290104294282,0.000559267398759268
15.19408,45.42891,0.000458837970548132,45.428931150218,0.000479988188561261
15.20541,45.42775,-0.000701162029450586,45.4288742291332,0.000423067103790579
15.21674,45.42699,-0.00146116202945024,45.428847813789,0.000396651759552597
15.22806,45.42995,0.00149883797054429,45.4288558825768,0.000404720547346684
15.23939,45.42966,0.00120883797054461,45.4288980558023,0.000446893772889918
15.25071,45.42895,0.000498837970546617,45.428969998816,0.000518836786573296
15.26205,45.4288,0.000348837970548743,45.4290642194958,0.000613057466308585
15.27338,45.42973,0.00127883797054551,45.4291710425595,0.000719880530076745
15.28472,45.43037,0.0019188379705497,45.4292795986538,0.000828436624341792
15.29606,45.4295,0.00104883797054356,45.4293787380702,0.000927576040775695
15.30741,45.4261,-0.00235116202945562,45.4294578535265,0.00100669149705237
15.31872,45.43055,0.00209883797054289,45.4295076727161,0.00105651068662611
15.33002,45.42779,-0.0006611620294521,45.4295211034811,0.00106994145165102
15.34134,45.43224,0.00378883797054641,45.429494119244,0.00104295721451277
15.35263,45.43135,0.00289883797054813,45.4294264972912,0.00097533526177752
15.36395,45.43023,0.0017788379705479,45.429322106167,0.000870944137545656
15.37528,45.42857,0.000118837970546792,45.4291885036424,0.000737341612952575
15.38658,45.42741,-0.00104116202945193,45.4290358525032,0.000584690473760276
15.39793,45.42776,-0.000691162029454517,45.4288754510609,0.000424289031489818
15.4093,45.42661,-0.00184116202945717,45.4287183332661,0.000267171236631234
15.42062,45.42873,0.000278837970547841,45.4285743304539,0.000123168424480008
15.43195,45.43084,0.00238883797054967,45.428451742645,5.80615556124299e-07
15.44328,45.42933,0.000878837970546442,45.4283574704653,-9.36915641811794e-05
15.45461,45.42722,-0.00123116202945539,45.428297264433,-0.000153897596443932
15.46595,45.43142,0.00296883797054903,45.4282757521637,-0.000175409865770411
15.47725,45.42699,-0.00146116202945024,45.4282960733088,-0.000155088720636599
15.48861,45.42616,-0.00229116202945079,45.4283591747894,-9.19872400611739e-05
15.49991,45.42909,0.000638837970548423,45.4284630025529,1.18405234219338e-05
15.51124,45.42791,-0.000541162029456643,45.4286019092258,0.00015074719638609
15.52256,45.42867,0.000218837970543007,45.4287665459981,0.000315383968622485
15.53389,45.42798,-0.000471162029455741,45.4289443616678,0.000493199638334082
15.54522,45.43051,0.0020588379705444,45.4291206788692,0.000669516839738335
15.55653,45.42779,-0.0006611620294521,45.4292802024528,0.000829040423296202
15.56785,45.42953,0.00107883797054598,45.4294087341663,0.000957572136832061
15.57919,45.43384,0.00538883797054268,45.4294948150998,0.00104365307039033
15.59053,45.42841,-4.11620294542558e-05,45.4295310055452,0.00107984351569855
15.60186,45.4278,-0.000651162029456032,45.4295145807347,0.00106341870526509
15.6132,45.42936,0.000908837970548859,45.4294475899777,0.000996427948252573
15.62454,45.42892,0.0004688379705442,45.4293364102402,0.000885248210709804
15.63586,45.42975,0.00129883797054475,45.4291909871132,0.000739825083710244
15.64718,45.43143,0.0029788379705451,45.429023877936,0.000572715906537816
15.65853,45.42757,-0.000881162029450877,45.4288491150226,0.000397952993134749
15.66988,45.42761,-0.000841162029452391,45.4286809076928,0.000229745663357675
15.68121,45.42894,0.000488837970543443,45.4285322996589,8.11376294337995e-05
15.69254,45.42661,-0.00184116202945717,45.4284139920135,-3.71700159808198e-05
15.70387,45.42851,5.88379705490638e-05,45.4283335361783,-0.000117625851142421
15.71519,45.42908,0.000628837970545248,45.4282949908737,-0.000156171155721267
15.72652,45.43034,0.00188883797054729,45.4282989890088,-0.000152173020631916
15.73787,45.42758,-0.000871162029454808,45.4283430575644,-0.000108104465081749
15.74922,45.42719,-0.0012611620294507,45.4284220408506,-2.91211788529358e-05
15.76055,45.42887,0.000418837970549646,45.428528587028,7.74249985286729e-05
15.77187,45.4275,-0.00095116202945178,45.4286537696634,0.000202607633991618
15.78321,45.42884,0.000388837970547229,45.4287879312803,0.000336769250843896
15.79455,45.42825,-0.000201162029455304,45.4289217494948,0.000470587465366876
15.80591,45.43085,0.00239883797054574,45.4290473991337,0.000596237104220264
15.81723,45.42978,0.00132883797054717,45.429159572982,0.000708410952530784
15.82854,45.43187,0.00341883797054976,45.429256078231,0.000804916201556275
15.83989,45.42748,-0.000971162029451023,45.4293377941396,0.000886632110147831
15.85121,45.42873,0.000278837970547841,45.4294079665841,0.000956804554612704
15.86253,45.42845,-1.16202945577015e-06,45.4294710483101,0.0010198862806579
15.87388,45.43008,0.00162883797054292,45.4295314386057,0.00108027657620675
15.88521,45.42805,-0.000401162029454838,45.4295924583008,0.00114129627138053
15.89654,45.42997,0.00151883797054353,45.4296557585999,0.0012045965704356
15.9079,45.43064,0.00218883797054303,45.4297211990082,0.00127003697876313
15.91921,45.43029,0.00183883797054563,45.4297870984035,0.00133593637400304
15.93052,45.42756,-0.000891162029454051,45.429850688708,0.00139952667858312
15.94184,45.4333,0.00484883797054891,45.4299085926564,0.00145743062696125
15.95318,45.43007,0.00161883797054685,45.4299571837075,0.00150602167806008
15.96454,45.43009,0.00163883797054609,45.4299927424188,0.00154158038932506
15.97589,45.4278,-0.000651162029456032,45.4300114180135,0.00156025598401149
15.98722,45.42957,0.00111883797054446,45.4300091373221,0.00155797529267261
15.99855,45.4302,0.00174883797054548,45.4299816896883,0.00153052765880052
16.00989,45.42895,0.000498837970546617,45.4299251670034,0.00147400497389907
16.02124,45.42955,0.00109883797054522,45.429836775937,0.00138561390755905
16.03256,45.43141,0.00295883797054586,45.4297158605385,0.00126469850908793
16.04386,45.43125,0.00279883797054481,45.429564844361,0.00111368233150431
16.05521,45.42977,0.001318837970544,45.4293897566696,0.000938594640153606
16.06654,45.42838,-7.11620294566728e-05,45.4292000839885,0.000748921959037326
16.07788,45.42839,-6.11620294534987e-05,45.4290078793219,0.000556717292447711
16.0892,45.43027,0.00181883797054638,45.4288262718504,0.000375109820900045
16.10055,45.42996,0.00150883797054746,45.4286676456703,0.00021648364088941
16.11186,45.42506,-0.00339116202945178,45.4285417967146,9.06346851143771e-05
16.1232,45.42725,-0.00120116202945297,45.4284544039713,3.2419418444451e-06
16.13454,45.42849,3.88379705427155e-05,45.4284061659755,-4.49960539743187e-05
16.14588,45.42726,-0.0011911620294569,45.4283928644142,-5.82976152468008e-05
16.15722,45.42892,0.0004688379705442,45.4284063861853,-4.47758441235725e-05
16.16856,45.43061,0.00215883797054772,45.4284364580904,-1.4703939098942e-05
16.1799,45.42851,5.88379705490638e-05,45.4284726522726,2.1490243178374e-05
16.19121,45.43062,0.00216883797054379,45.4285061735467,5.50115172617014e-05
16.20254,45.42729,-0.00116116202945449,45.4285310495439,7.9887514438984e-05
16.21387,45.42847,1.88379705434727e-05,45.4285445636958,9.34016663165359e-05
16.22519,45.42862,0.000168837970548452,45.4285470043157,9.58422862935759e-05
16.23651,45.42722,-0.00123116202945539,45.4285409581798,8.97961503005252e-05
16.24785,45.4291,0.000648837970544491,45.4285304189995,7.92569700104239e-05
16.2592,45.42729,-0.00116116202945449,45.4285199344636,6.87724341243283e-05
16.27052,45.4293,0.000848837970544025,45.4285139235299,6.27615004435488e-05
16.28188,45.42961,0.00115883797054295,45.4285161932531,6.50312236215367e-05
16.2932,45.42809,-0.000361162029456352,45.4285296050359,7.84430064639973e-05
16.30452,45.42757,-0.000881162029450877,45.4285558176919,0.000104655662415261
16.31584,45.43059,0.00213883797054848,45.4285950726835,0.000143910654052935
16.32718,45.42778,-0.000671162029455274,45.4286460441679,0.00019488213846536
16.33852,45.42719,-0.0012611620294507,45.428705815305,0.000254653275580992
16.34984,45.42778,-0.000671162029455274,45.4287700602683,0.000318898238809272
16.36117,45.4304,0.00194883797054501,45.4288334942701,0.00038233224068084
16.37249,45.42944,0.000988837970545831,45.4288905679358,0.000439405906394022
16.38381,45.42962,0.00116883797054612,45.4289362578949,0.000485095865426814
16.39513,45.42882,0.000368837970547986,45.4289667451516,0.000515583122099495
16.40646,45.4292,0.000748837970547811,45.4289798339387,0.000528671909248343
16.41776,45.42688,-0.00157116202945673,45.4289750945132,0.000523932483776504
16.42912,45.43002,0.00156883797054519,45.4289538177966,0.000502655767153431
16.44044,45.42841,-4.11620294542558e-05,45.4289188879883,0.000467725958803383
16.45176,45.42913,0.000678837970546908,45.4288746146382,0.00042345260872069
16.4631,45.43103,0.00257883797054603,45.4288264750236,0.000375312994196175
16.47442,45.42833,-0.000121162029451227,45.4287806725394,0.000329510509918327
16.48576,45.42796,-0.000491162029454983,45.4287434591622,0.000292297132751605
16.49707,45.42784,-0.000611162029450441,45.428720286566,0.000269124536581676
16.50844,45.42836,-9.11620294559157e-05,45.4287149668005,0.00026380477101996
16.51976,45.42894,0.000488837970543443,45.4287290506745,0.000277888645052923
16.5311,45.4291,0.000648837970544491,45.4287615508314,0.000310388801969545
16.54241,45.42968,0.00122883797054385,45.4288090152755,0.000357853246031085
16.55374,45.42828,-0.000171162029452887,45.4288658806083,0.000414718578818658
16.56506,45.42725,-0.00120116202945297,45.4289250347812,0.000473872751767355
16.57638,45.42941,0.000958837970543414,45.4289785598725,0.000527397843085032
16.5877,45.42997,0.00151883797054353,45.4290186328499,0.000567470820443891
16.59906,45.4287,0.000248837970545424,45.4290385010477,0.000587339018211696
16.61042,45.42966,0.00120883797054461,45.4290333679523,0.00058220592285425
16.62175,45.42996,0.00150883797054746,45.4290009997628,0.000549837733370772
16.6331,45.42888,0.000428837970545715,45.4289419138644,0.000490751834989783
16.64442,45.42891,0.000458837970548132,45.4288591080764,0.000407946046980781
16.65577,45.42876,0.000308837970543152,45.4287574053704,0.000306243340902856
16.66712,45.42686,-0.00159116202945597,45.4286425950331,0.000191433003685727
16.67844,45.42884,0.000388837970547229,45.4285206105794,6.9448549981435e-05
16.68978,45.42632,-0.00213116202945685,45.4283969653567,-5.41966727057854e-05
16.70112,45.42938,0.000928837970548102,45.42827656071,-0.000174601319441012
16.71245,45.43002,0.00156883797054519,45.4281638146369,-0.00028734739254538
16.72377,45.43073,0.00227883797054318,45.4280629000236,-0.000388262005818604
16.7351,45.42603,-0.00242116202945653,45.4279778331271,-0.00047332890231176
16.74642,45.42578,-0.00267116202945061,45.4279122806652,-0.000538881364227229
16.75774,45.42698,-0.00147116202945341,45.4278691853361,-0.000581976693330682
16.76908,45.42897,0.00051883797054586,45.4278504525622,-0.000600709467226615
16.78042,45.42859,0.000138837970546035,45.4278568723425,-0.000594289686932289
16.79178,45.42804,-0.000411162029450907,45.4278882526941,-0.000562909335387148
16.80311,45.42807,-0.000381162029455595,45.4279436004172,-0.000507561612269743
16.81445,45.42799,-0.000461162029452566,45.4280211873721,-0.000429974657308274
16.82578,45.42963,0.0011788379705493,45.42811843186,-0.00033273016947983
16.83713,45.42756,-0.000891162029454051,45.4282316248668,-0.000219537162621289
16.84848,45.42601,-0.00244116202945577,45.4283556172843,-9.55447451317307e-05
16.85978,45.42923,0.000778837970543123,45.4284836543008,3.24922713137434e-05
16.8711,45.42802,-0.000431162029457255,45.4286075559193,0.000156393889828153
16.88243,45.42728,-0.00117116202945056,45.4287183563452,0.000267194315787721
16.89377,45.43111,0.002658837970543,45.42880735777,0.000356195740562606
16.9051,45.42892,0.0004688379705442,45.4288674000465,0.000416238017043089
16.91643,45.4295,0.00104883797054356,45.4288940557882,0.000442893758748782
16.92777,45.42827,-0.000181162029456061,45.4288864631907,0.000435301161231635
16.93912,45.42984,0.0013888379705449,45.4288476006884,0.000396438658994711
16.95044,45.43066,0.00220883797054938,45.4287839334625,0.00033277143309333
16.96178,45.42764,-0.00081116202945708,45.4287044768248,0.000253314795374185
16.97311,45.4264,-0.00205116202945277,45.4286194383286,0.00016827629912514
16.98445,45.42912,0.000668837970543734,45.428538723976,8.75619465423841e-05
16.99579,45.4276,-0.000851162029455566,45.4284706558776,1.9493848128135e-05
17.00713,45.42749,-0.000961162029454954,45.4284211808834,-2.99811460223565e-05
17.01847,45.42821,-0.00024116202945379,45.4283936803101,-5.74817193400768e-05
17.02981,45.43049,0.00203883797054516,45.4283893028354,-6.18591940200415e-05
17.04112,45.42879,0.000338837970545569,45.4284075921945,-4.3569834945601e-05
17.05246,45.42928,0.000828837970544782,45.4284471111121,-4.05091733907526e-06
17.06377,45.42876,0.000308837970543152,45.4285058158498,5.46538203027183e-05
17.07511,45.42791,-0.000541162029456643,45.4285811005669,0.000129938537417751
17.08643,45.42631,-0.00214116202945291,45.4286696246348,0.000218462605351804
17.09778,45.42776,-0.000691162029454517,45.4287671584442,0.000315996414763549
17.10911,45.4313,0.00284883797054647,45.4288686640548,0.000417502025314205
17.12041,45.43032,0.00186883797054804,45.4289686694525,0.000517507423081567
17.13173,45.42709,-0.00136116202945402,45.4290618109919,0.000610648962473472
17.14308,45.4299,0.00144883797054973,45.4291433532964,0.000692191266984206
17.15443,45.4298,0.00134883797054641,45.4292095722913,0.000758410261820152
17.16576,45.42754,-0.000911162029453294,45.4292579930864,0.000806831056975497
17.17709,45.43016,0.00170883797054699,45.4292875197326,0.000836357703134687
17.18844,45.42993,0.00147883797054504,45.4292984844436,0.00084732241418122
17.1998,45.42931,0.000858837970547199,45.4292926165103,0.000841454480817312
17.21114,45.42934,0.000888837970549616,45.4292729161323,0.000821754102854568
17.22246,45.42683,-0.00162116202945128,45.4292434397162,0.000792277686735785
17.23379,45.4298,0.00134883797054641,45.4292090410752,0.000757879045751871
17.24512,45.43089,0.00243883797054423,45.429175102538,0.000723940508518127
17.25646,45.43131,0.00285883797054964,45.4291472087566,0.000696046727138881
17.26778,45.42701,-0.00144116202945099,45.4291306475366,0.000679485507105714
17.27913,45.42938,0.000928837970548102,45.4291296754236,0.000678513394118257
17.29048,45.42859,0.000138837970546035,45.4291466493921,0.000695487362670341
17.30183,45.42862,0.000168837970548452,45.4291812662223,0.000730104192886643
17.31316,45.42794,-0.000511162029454226,45.4292301683061,0.000779006276678624
17.3245,45.43098,0.00252883797054437,45.4292870848933,0.00083592286389162
17.33583,45.42785,-0.000601162029454372,45.4293435453937,0.000892383364240293
17.34716,45.42888,0.000428837970545715,45.4293900747125,0.000938912683025381
17.35851,45.43098,0.00252883797054437,45.4294176852791,0.000966523249651814
17.36986,45.43029,0.00183883797054563,45.4294194166319,0.00096825460241871
17.3812,45.42808,-0.000371162029452421,45.4293916404561,0.000940478426645806
17.39252,45.43137,0.00291883797054737,45.4293348715289,0.000883709499442286
17.40385,45.43059,0.00213883797054848,45.4292539136519,0.00080275162247474
17.41515,45.42789,-0.000561162029455886,45.4291572977001,0.000706135670621841
17.42646,45.42741,-0.00104116202945193,45.4290561165275,0.000604954498087037
17.43779,45.42944,0.000988837970545831,45.4289625061447,0.000511344115228542
17.44911,45.42764,-0.00081116202945708,45.4288880935971,0.000436931567691745
17.46043,45.42905,0.000598837970542831,45.4288426715763,0.000391509546828378
17.47175,45.43062,0.00216883797054379,45.4288332079276,0.000382045898122605
17.48308,45.42871,0.000258837970548598,45.4288631541566,0.000411992127164925
17.49442,45.43001,0.00155883797054912,45.4289319578262,0.0004807957967779
17.50576,45.42855,9.88379705475495e-05,45.4290347357532,0.000583573723726299
17.51707,45.42648,-0.0019711620294558,45.4291621952777,0.000711033248229752
17.52839,45.4277,-0.000751162029452246,45.4293010107401,0.000849848710687712
17.53972,45.43046,0.00200883797054274,45.429434865913,0.000983703883515015
17.55103,45.43108,0.00262883797054769,45.4295462102427,0.00109504821326856
17.56237,45.42905,0.000598837970542831,45.4296185209812,0.00116735895178561
17.5737,45.42915,0.000698837970546151,45.4296386747332,0.00118751270377093
17.58502,45.43068,0.00222883797054862,45.4295990005478,0.00114783851837169
17.59634,45.43224,0.00378883797054641,45.4294986566757,0.00104749464625664
17.60767,45.43006,0.00160883797054368,45.4293440661055,0.000892904076052972
17.619,45.42841,-4.11620294542558e-05,45.4291482838353,0.000697121805833848
17.63034,45.42509,-0.00336116202945647,45.4289293984132,0.00047823638378118
17.64166,45.43026,0.00180883797054321,45.4287083179338,0.000257155904359142
17.65298,45.42907,0.00061883797054918,45.4285063931939,5.52311644782534e-05
17.66431,45.4285,4.88379705458897e-05,45.4283432281806,-0.000107933848858926
17.67564,45.4268,-0.0016511620294537,45.428234847739,-0.000216314290488746
17.68698,45.42875,0.000298837970547083,45.4281922897401,-0.000258872289304942
17.69832,45.42842,-3.11620294510817e-05,45.4282206747316,-0.000230487297833031
17.70964,45.42749,-0.000961162029454954,45.4283187957082,-0.000132366321275379
17.72098,45.43007,0.00161883797054685,45.4284792317036,2.80696741091293e-05
17.73232,45.4281,-0.000351162029453178,45.428688955185,0.00023779315557789
17.74364,45.42793,-0.000521162029450295,45.4289304024041,0.000479240374697736
17.75495,45.42791,-0.000541162029456643,45.4291829986032,0.000731836573727458
17.76628,45.42766,-0.000791162029450732,45.4294251306419,0.000973968612457004
17.77761,45.43082,0.00236883797054332,45.4296364743502,0.00118531232071761
17.78894,45.43342,0.00496883797054437,45.4298003948508,0.00134923282132539
17.80027,45.43147,0.00301883797054359,45.4299059354589,0.00145477342948218
17.8116,45.43206,0.00360883797054612,45.4299488628432,0.00149770081374607
17.82291,45.42732,-0.00113116202945207,45.4299314558882,0.00148029385878344
17.83425,45.42896,0.000508837970542686,45.429861146452,0.00140998442258159
17.84559,45.42682,-0.00163116202945446,45.42974852008,0.00129735805050924
17.85692,45.42851,5.88379705490638e-05,45.4296053473874,0.00115418535797166
17.86828,45.4316,0.00314883797054932,45.4294431746762,0.000992012646783572
17.87959,45.42886,0.000408837970546472,45.4292726605491,0.000821498519661984
17.89094,45.43022,0.00176883797054472,45.4291035019971,0.000652339967675453
17.90227,45.42991,0.0014588379705458,45.428944612006,0.000493449976580131
17.91357,45.4277,-0.000751162029452246,45.4288042245253,0.000353062495863827
17.92493,45.43078,0.00232883797054484,45.4286897338268,0.000238571797326976
17.93627,45.42774,-0.00071116202945376,45.4286072317065,0.000156069677029667
17.94761,45.42714,-0.00131116202945236,45.4285608408159,0.000109678786452606
17.95896,45.42842,-3.11620294510817e-05,45.4285520390158,0.000100876986328766
17.97028,45.42828,-0.000171162029452887,45.4285792028814,0.000128040851979955
17.98161,45.42856,0.000108837970543618,45.4286375420898,0.000186380060348688
17.99296,45.42973,0.00127883797054551,45.4287194728644,0.000268310834939293
18.00429,45.42796,-0.000491162029454983,45.4288153590174,0.000364196987916131
18.01562,45.42866,0.000208837970546938,45.4289144876346,0.000463325605179986
18.02697,45.43079,0.00233883797054801,45.4290061401738,0.000554978144345842
18.0383,45.42899,0.000538837970545103,45.4290806358477,0.000629473818276234
18.04967,45.42802,-0.000431162029457255,45.4291302525259,0.000679090496475783
18.06099,45.42713,-0.00132116202945554,45.4291499831158,0.000698821086348459
18.07232,45.43016,0.00170883797054699,45.4291381329184,0.000686970888917213
18.08363,45.43164,0.00318883797054781,45.4290967334027,0.000645571373214549
18.09492,45.42951,0.00105883797054673,45.4290316388943,0.000580476864839376
18.10626,45.42882,0.000368837970547986,45.4289521069621,0.000500944932691515
18.11759,45.42795,-0.000501162029451052,45.4288697533928,0.000418591363376599
18.12894,45.42986,0.00140883797054414,45.4287969770362,0.000345815006784651
18.14025,45.42731,-0.00114116202945524,45.4287451264232,0.000293964393764233
18.15158,45.42828,-0.000171162029452887,45.4287227471686,0.000271585139107858
18.16292,45.42789,-0.000561162029455886,45.4287342249989,0.00028306296947976
18.17424,45.42856,0.000108837970543618,45.4287790579763,0.000327895946870828
18.1856,45.43014,0.00168883797054775,45.4288518641955,0.000400702166046821
18.19693,45.42793,-0.000521162029450295,45.4289430852624,0.000491923232941108
18.20827,45.4295,0.00104883797054356,45.4290402359097,0.000589073880275491
18.21961,45.42862,0.000168837970548452,45.4291295079291,0.000678345899636314
18.23093,45.42868,0.000228837970546181,45.4291975375125,0.000746375483040416
18.24225,45.43054,0.00208883797054682,45.4292331413011,0.000781979271626151
18.25357,45.43046,0.00200883797054274,45.4292288018743,0.000777639844815921
18.26491,45.42948,0.00102883797054432,45.4291816719706,0.000730509941161283
18.27627,45.42817,-0.000281162029452275,45.4290939219815,0.000642759952019399
18.28757,45.42955,0.00109883797054522,45.4289723882774,0.000521226247954437
18.29891,45.42864,0.000188837970547695,45.428827629545,0.000376467515549505
18.31021,45.42801,-0.000441162029453324,45.4286725904099,0.000221428380489175
18.32155,45.42833,-0.000121162029451227,45.4285210913953,6.99293658920445e-05
18.33288,45.42894,0.000488837970543443,45.4283863403395,-6.48216899156662e-05
18.34421,45.42752,-0.000931162029452537,45.4282796145624,-0.000171547467041776
18.35552,45.42997,0.00151883797054353,45.42820921121,-0.000241950819476711
18.36687,45.42673,-0.0017211620294546,45.4281797306972,-0.000271431332212328
18.37822,45.42613,-0.00232116202945321,45.4281917600141,-0.000259402015384361
18.38954,45.42798,-0.000471162029455741,45.428242031698,-0.000209130331495939
18.40087,45.43108,0.00262883797054769,45.4283240858117,-0.000127076217788384
18.4122,45.42878,0.0003288379705495,45.4284293304261,-2.18316033838882e-05
18.42355,45.42817,-0.000281162029452275,45.4285482681012,9.71060717279926e-05
18.43486,45.42794,-0.000511162029454226,45.4286716551192,0.000220493089741528
18.44617,45.42731,-0.00114116202945524,45.4287914833815,0.00034032135202956
18.45749,45.42978,0.00132883797054717,45.428901785513,0.000450623483504385
18.46886,45.43085,0.00239883797054574,45.4289992555953,0.000548093565881414
18.48022,45.42912,0.000668837970543734,45.4290835855421,0.000632423512671491
18.49156,45.42876,0.000308837970543152,45.4291573636373,0.000706201607818164
18.5029,45.4304,0.00194883797054501,45.4292254453268,0.000774283297329907
18.51422,45.4291,0.000648837970544491,45.4292938500576,0.000842688028097872
18.52556,45.42701,-0.00144116202945099,45.4293683748554,0.000917212825997364
18.53687,45.4305,0.00204883797054833,45.4294531965552,0.00100203452577811
18.54818,45.42899,0.000538837970545103,45.4295497429175,0.00109858088808716
18.55953,45.42991,0.0014588379705458,45.4296560429954,0.00120488096599371
18.57086,45.429,0.000548837970548277,45.4297666553534,0.00131549332394878
18.5822,45.42864,0.000188837970547695,45.4298731775963,0.00142201556686109
18.59353,45.43058,0.00212883797054531,45.4299652711155,0.00151410908600616
18.60483,45.43193,0.00347883797054749,45.430032053903,0.00158089187359098
18.61614,45.43003,0.00157883797054836,45.4300636202664,0.0016124582369893
18.62747,45.43011,0.00165883797054533,45.43005240439,0.00160124236052733
18.6388,45.42936,0.000908837970548859,45.4299941695108,0.00154300748136716
18.65015,45.4304,0.00194883797054501,45.4298885382148,0.00143737618531067
18.66148,45.43066,0.00220883797054938,45.4297390900318,0.00128792800232836
18.6728,45.4267,-0.00175116202945702,45.4295530988633,0.00110193683386152
18.68412,45.43126,0.00280883797054798,45.4293409906767,0.000889828647238752
18.69544,45.42987,0.00141883797054732,45.4291155923912,0.000664430361788539
18.7068,45.42757,-0.000881162029450877,45.4288912148801,0.000440052850693485
18.71812,45.4295,0.00104883797054356,45.4286825910893,0.000231429059833031
18.72945,45.42868,0.000228837970546181,45.4285037075543,5.25455248719321e-05
18.74081,45.42839,-6.11620294534987e-05,45.4283666098954,-8.45521340775117e-05
18.75214,45.42745,-0.00100116202945344,45.4282802975613,-0.000170864468174858
18.76348,45.42848,2.88379705466468e-05,45.4282498460735,-0.000201315955925347
18.77484,45.42676,-0.00169116202945219,45.4282759031977,-0.00017525883178682
18.78615,45.42879,0.000338837970545569,45.4283546757038,-9.64863256242388e-05
18.79747,45.4285,4.88379705458897e-05,45.4284784436992,2.72816697406568e-05
18.80884,45.42858,0.000128837970542861,45.4286365298321,0.000185367802651704
18.82018,45.42936,0.000908837970548859,45.4288165509046,0.000365388875131686
18.83154,45.43119,0.00273883797054708,45.4290057263506,0.000554564321175829
18.84287,45.42644,-0.00201116202945428,45.4291920303396,0.000740868310093354
18.8542,45.43034,0.00188883797054729,45.4293650488844,0.000913886854990952
18.86556,45.43093,0.00247883797054271,45.4295165040689,0.00106534203941557
18.8769,45.42819,-0.000261162029453033,45.4296404791733,0.0011893171438401
18.88824,45.43026,0.00180883797054321,45.429733408686,0.00128224665658356
18.89956,45.42804,-0.000411162029450907,45.4297939197412,0.0013427577117177
18.9109,45.42979,0.00133883797054324,45.4298226268203,0.00137146479084206
18.92221,45.43057,0.00211883797054924,45.4298219442469,0.00137078221748804
18.93354,45.4324,0.00394883797054746,45.4297958820635,0.00134472003406394
18.94487,45.42871,0.000258837970548598,45.4297497002489,0.00129853821944332
18.95618,45.43022,0.00176883797054472,45.4296893083663,0.00123814633681765
18.9675,45.42851,5.88379705490638e-05,45.4296204336647,0.00116927163523117
18.97883,45.4284,-5.11620294503246e-05,45.4295477520124,0.00109658998294777
18.9902,45.42882,0.000368837970547986,45.4294742645554,0.00102310252591531
19.00157,45.42844,-1.11620294518389e-05,45.4294011561743,0.000949994144887577
19.0129,45.43005,0.00159883797054761,45.4293282128019,0.000877050772421436
19.02423,45.43103,0.00257883797054603,45.4292546671242,0.000803505094757682
19.03554,45.43019,0.00173883797054941,45.4291801708436,0.000729008814163743
19.04688,45.42906,0.000608837970546006,45.4291055409966,0.000654378967133953
19.0582,45.4289,0.000448837970544957,45.429033032242,0.000581870212554531
19.06952,45.42853,7.88379705483067e-05,45.4289660899577,0.000514927928212031
19.08084,45.42925,0.000798837970549471,45.4289087280742,0.000457566044729155
19.09218,45.42647,-0.00198116202945187,45.4288647726247,0.0004136105952018
19.1035,45.43038,0.00192883797054577,45.4288372107349,0.000386048705478022
19.11482,45.42723,-0.00122116202945222,45.4288278118007,0.000376649771231482
19.12614,45.42962,0.00116883797054612,45.4288370708666,0.000385908837166994
19.13746,45.42986,0.00140883797054414,45.4288644004717,0.000413238442235664
19.14879,45.42935,0.000898837970545685,45.4289084102929,0.00045724826346984
19.16014,45.42934,0.000888837970549616,45.4289670979388,0.000515935909360683
19.17148,45.42905,0.000598837970542831,45.4290378408956,0.000586678866154293
19.18279,45.42801,-0.000441162029453324,45.4291172033578,0.000666041328328063
19.19413,45.42858,0.000128837970542861,45.429200691223,0.000749529193515423
19.20547,45.42985,0.00139883797054807,45.4292826418512,0.000831479821738448
19.21682,45.42779,-0.0006611620294521,45.4293563984065,0.000905236377048215
19.22817,45.43023,0.0017788379705479,45.4294148172955,0.000963655266003147
19.23949,45.43092,0.00246883797054664,45.4294510412936,0.000999879264187982
19.25081,45.42825,-0.000201162029455304,45.4294593833639,0.00100822133445449
19.26214,45.43076,0.0023088379705456,45.4294361380385,0.000984976009062462
19.27349,45.42822,-0.000231162029450616,45.4293801777703,0.000929015740841874
19.2848,45.42916,0.000708837970549325,45.4292932666851,0.000842104655605357
19.29612,45.43022,0.00176883797054472,45.4291800790603,0.000728917030841658
19.30744,45.42907,0.00061883797054918,45.4290479215488,0.000596759519388834
19.31876,45.4293,0.000848837970544025,45.4289061514303,0.000454989400852621
19.33008,45.42899,0.000538837970545103,45.4287653015753,0.000314139545885611
19.34142,45.42712,-0.0013311620294516,45.4286359828322,0.000184820802709397
19.35274,45.42947,0.00101883797054825,45.4285277060533,7.65440238005248e-05
19.36406,45.42835,-0.000101162029451984,45.428447802443,-3.35958644703158e-06
19.37542,45.42773,-0.000721162029456934,45.42840060625,-5.05557794936242e-05
19.38677,45.42697,-0.00148116202945658,45.4283870221372,-6.41398922323948e-05
19.39813,45.42944,0.000988837970545831,45.42840455132,-4.6610709490766e-05
19.40946,45.42886,0.000408837970546472,45.4284477816639,-3.38036550412924e-06
19.42079,45.42664,-0.00181116202945475,45.4285092517414,5.80897119736977e-05
19.43212,45.43217,0.00371883797054551,45.4285805163239,0.000129354294459282
19.44342,45.42711,-0.00134116202945478,45.4286532105774,0.000202048547991363
19.45476,45.42953,0.00107883797054598,45.4287199387104,0.000268776680970187
19.4661,45.42792,-0.000531162029453469,45.4287748924373,0.000323730407797088
19.47743,45.42836,-9.11620294559157e-05,45.428814207591,0.000363045561536726
19.48876,45.42918,0.000728837970548568,45.4288361363856,0.000384974356169234
19.5001,45.42782,-0.000631162029456789,45.4288411099642,0.000389947934709492
19.5114,45.42916,0.000708837970549325,45.4288317061553,0.000380544125854796
19.5227,45.43122,0.0027688379705495,45.4288124606033,0.000361298573827878
19.53402,45.42896,0.000508837970542686,45.4287894058219,0.000338243792492834
19.54536,45.42907,0.00061883797054918,45.4287692407981,0.000318078768617814
19.5567,45.428,-0.000451162029456498,45.4287581567071,0.000306994677631538
19.56802,45.42642,-0.00203116202945353,45.4287605308048,0.000309368775341579
19.57936,45.42878,0.0003288379705495,45.4287778375659,0.000326675536443845
19.59066,45.4289,0.000448837970544957,45.4288081170887,0.000356955059211225
19.60202,45.42817,-0.000281162029452275,45.4288461842821,0.000395022252600083
19.61332,45.42957,0.00111883797054446,45.4288845474204,0.000433385390980992
19.62464,45.42892,0.0004688379705442,45.4289148316493,0.000463669619882829
19.63599,45.42911,0.000658837970547665,45.4289294118523,0.000478249822861008
19.64731,45.43052,0.00206883797054758,45.4289229373308,0.000471775301386111
19.65866,45.42902,0.00056883797054752,45.4288934621057,0.000442300076260645
19.66999,45.42914,0.000688837970542977,45.4288429786911,0.000391816661654656
19.68132,45.42751,-0.000941162029455711,45.4287772856739,0.000326123644412016
19.69267,45.42858,0.000128837970542861,45.4287052640823,0.000254102052886952
19.70403,45.42957,0.00111883797054446,45.4286377308476,0.000186568818110107
19.71533,45.42921,0.00075883797054388,45.428586046045,0.000134884015532466
19.72665,45.4277,-0.000751162029452246,45.4285606151465,0.000109453117079053
19.73797,45.42899,0.000538837970545103,45.4285694213791,0.000118259349645838
19.74931,45.42767,-0.000781162029454663,45.4286167655033,0.000165603473861272
19.76066,45.42643,-0.00202116202945035,45.4287024300735,0.00025126804408682
19.772,45.43103,0.00257883797054603,45.4288214628896,0.000370300860154402
19.78333,45.42746,-0.000991162029450265,45.4289646708651,0.000513508835605654
19.79466,45.42854,8.88379705443754e-05,45.4291197632907,0.000668601261260506
19.80601,45.43097,0.0025188379705483,45.4292729432384,0.000821781208895416
19.81731,45.43064,0.00218883797054303,45.4294106556021,0.00095949357266455
19.82863,45.42969,0.00123883797054702,45.4295211702751,0.00107000824567818
19.84,45.42881,0.000358837970544812,45.4295957314387,0.00114456940925432
19.85133,45.42973,0.00127883797054551,45.4296291430913,0.00117798106188209
19.86267,45.43042,0.00196883797054426,45.4296198188443,0.00116865681486266
19.87399,45.42897,0.00051883797054586,45.4295694189794,0.00111825694990415
19.88536,45.42917,0.000718837970545394,45.4294822249594,0.00103106292991217
19.89671,45.42921,0.00075883797054388,45.4293644067257,0.000913244696278541
19.90806,45.42973,0.00127883797054551,45.4292233372407,0.000772175211276248
19.91939,45.4271,-0.00135116202945085,45.4290670866368,0.000615924607331376
19.93073,45.42696,-0.00149116202945265,45.4289041788695,0.000453016840044113
19.94205,45.43156,0.00310883797054373,45.428743608276,0.000292446246542837
19.95341,45.43049,0.00203883797054516,45.4285949752685,0.000143813239045157
19.96474,45.42981,0.00135883797054959,45.4284684576501,1.7295620630477e-05
19.97607,45.42821,-0.00024116202945379,45.4283743206005,-7.68414289718925e-05
19.9874,45.42648,-0.0019711620294558,45.428321863028,-0.000129299001483538
19.99873,45.42723,-0.00122116202945222,45.428317999788,-0.000133162241402479
20.01006,45.42756,-0.000891162029454051,45.42836588867,-8.5273359416679e-05
20.02139,45.42944,0.000988837970545831,45.4284640090715,1.28470420699973e-05
20.03273,45.42808,-0.000371162029452421,45.4286059252549,0.000154763225427303
20.04407,45.42854,8.88379705443754e-05,45.4287807550008,0.000329592971345414
20.05542,45.42977,0.001318837970544,45.4289742219182,0.000523059888790345
20.06678,45.42831,-0.00014116202945047,45.4291701117427,0.000718949713224805
20.07809,45.4313,0.00284883797054647,45.429351940458,0.00090077842851491
20.0894,45.42699,-0.00146116202945024,45.4295046497903,0.0010534877608494
20.10073,45.43035,0.00189883797054335,45.4296161691772,0.00116500714773749
20.11203,45.43029,0.00183883797054563,45.4296787047345,0.00122754270507667
20.12334,45.43043,0.00197883797054743,45.429689608496,0.00123844646658356
20.13466,45.43164,0.00318883797054781,45.4296516606306,0.0012004986011472
20.14597,45.4291,0.000648837970544491,45.4295726295678,0.00112146753832291
20.1573,45.42757,-0.000881162029450877,45.4294641060915,0.00101294406202237
20.16863,45.43026,0.00180883797054321,45.4293397962986,0.000888634269177718
20.17993,45.42882,0.000368837970547986,45.429213599229,0.000762437199529764
20.19127,45.4287,0.000248837970545424,45.4290978177301,0.000646655700612617
20.20257,45.42717,-0.00128116202945705,45.4290017838902,0.000550621860700743
20.21386,45.42776,-0.000691162029454517,45.4289310847606,0.00047992273115805
20.22519,45.43086,0.00240883797054892,45.4288874515591,0.000436289529604621
20.23652,45.43141,0.00295883797054586,45.428869203717,0.000418041687537499
20.24785,45.42921,0.00075883797054388,45.4288719794243,0.000420817394866767
20.2592,45.42744,-0.00101116202945661,45.4288894678157,0.000438305786266493
20.27052,45.42633,-0.00212116202945367,45.4289140280217,0.000462865992255746
20.28185,45.43024,0.00178883797054397,45.4289372988766,0.000486136847130864
20.29316,45.42866,0.000208837970546938,45.4289509760425,0.000499814013030688
20.3045,45.42901,0.000558837970544346,45.428947815748,0.000496653718576863
20.31582,45.42889,0.000438837970548889,45.4289227435017,0.000471581472244844
20.32717,45.43095,0.00249883797054906,45.4288738348055,0.00042267277605338
20.33849,45.42845,-1.16202945577015e-06,45.428802921519,0.00035175948949786
20.34982,45.42889,0.000438837970548889,45.4287156389592,0.00026447692974782
20.36115,45.4286,0.000148837970549209,45.4286208478753,0.000169685845833019
20.37249,45.42934,0.000888837970549616,45.4285295078693,7.83458398347234e-05
20.38381,45.42714,-0.00131116202945236,45.4284531941235,2.03209403529271e-06
20.39516,45.42808,-0.000371162029452421,45.4284025162194,-4.86458100237183e-05
20.4065,45.4276,-0.000851162029455566,45.428385720028,-6.54420014245434e-05
20.41784,45.4278,-0.000651162029456032,45.4284077210362,-4.34409932704525e-05
20.42917,45.42855,9.88379705475495e-05,45.4284697178396,1.85558101382845e-05
20.44052,45.42959,0.0011388379705437,45.4285693890376,0.000118227008148967
20.45185,45.42863,0.000178837970544521,45.4287015375276,0.000250375498190645
20.46319,45.42965,0.00119883797054854,45.4288589673229,0.000407805293438072
20.47452,45.4283,-0.000151162029453644,45.429033385074,0.000582223044584381
20.48583,45.42903,0.000578837970543589,45.4292161890532,0.000765027023774463
20.49717,45.43065,0.00219883797054621,45.4293990875574,0.000947925527906435
20.50849,45.42852,6.88379705451325e-05,45.4295745354238,0.00112337339431883
20.51982,45.42997,0.00151883797054353,45.4297359944463,0.00128483241689344
20.53115,45.43054,0.00208883797054682,45.42987803614,0.00142687411053419
20.54246,45.42903,0.000578837970543589,45.4299963213961,0.00154515936659767
20.55379,45.4306,0.00214883797054455,45.4300875029304,0.00163634090095517
20.56514,45.42953,0.00107883797054598,45.430149100396,0.00169793836655573
20.57649,45.43063,0.00217883797054697,45.4301793930672,0.00172823103771554
20.58782,45.43008,0.00162883797054292,45.430177357104,0.00172619507449618
20.59916,45.43042,0.00196883797054426,45.4301426509089,0.00169148887944163
20.61052,45.43002,0.00156883797054519,45.4300756394934,0.00162447746389862
20.62183,45.42898,0.000528837970549034,45.4299774542777,0.00152629224824166
20.63318,45.43078,0.00232883797054484,45.4298500969595,0.00139893493008342
20.6445,45.42886,0.000408837970546472,45.4296965935605,0.00124543153104053
20.65584,45.42941,0.000958837970543414,45.4295211776642,0.00107001563478255
20.66716,45.43008,0.00162883797054292,45.4293294413239,0.000878279294447034
20.67846,45.43057,0.00211883797054924,45.429128356264,0.000677194234578902
20.68979,45.42979,0.00133883797054324,45.4289260598965,0.00047489786704823
20.70112,45.4265,-0.00195116202945655,45.4287313559534,0.000280193923976437
20.71246,45.42693,-0.00152116202945507,45.4285530053213,0.000101843291857554
20.72378,45.43008,0.00162883797054292,45.4283990017475,-5.21602820044372e-05
20.73512,45.42667,-0.00178116202945233,45.4282760292151,-0.000175132814361554
20.74643,45.43054,0.00208883797054682,45.4281891708038,-0.000261991225701322
20.75776,45.42805,-0.000401162029454838,45.4281417917759,-0.00030937025357082
20.76908,45.42795,-0.000501162029451052,45.4281354622329,-0.000315699796546372
20.78042,45.42709,-0.00136116202945402,45.4281698348689,-0.000281327160504383
20.79176,45.42947,0.00101883797054825,45.4282424905843,-0.000208671445110714
20.80311,45.42861,0.000158837970545278,45.4283488321569,-0.000102329872537087
20.81442,45.42773,-0.000721162029456934,45.4284821190673,3.09570378442279e-05
20.82577,45.42656,-0.00189116202945172,45.428633732869,0.000182570839561147
20.83712,45.42915,0.000698837970546151,45.4287937616294,0.000342599599970641
20.84845,45.42809,-0.000361162029456352,45.4289519448634,0.000500782833942487
20.85978,45.43077,0.00231883797054877,45.4290988846537,0.000647722624200214
20.87108,45.43143,0.0029788379705451,45.4292272534894,0.000776091459961925
20.88239,45.43158,0.00312883797054297,45.4293326301326,0.000881468103168883
20.89375,45.42693,-0.00152116202945507,45.4294136677476,0.000962505718180544
20.90508,45.4282,-0.000251162029456964,45.4294715467211,0.00102038469169332
20.91642,45.42964,0.00118883797054536,45.4295089612312,0.00105779920175829
20.92776,45.42804,-0.000411162029450907,45.4295290483916,0.00107788636210494
20.93909,45.42966,0.00120883797054461,45.4295346105585,0.00108344852902232
20.95044,45.43097,0.0025188379705483,45.4295277865616,0.00107662453216346
20.96176,45.43029,0.00183883797054563,45.4295101315131,0.00105896948364498
20.9731,45.42564,-0.00281116202945242,45.4294829549121,0.00103179288267356
20.98442,45.4331,0.00464883797054938,45.4294477578996,0.000996595870153993
20.99576,45.42968,0.00122883797054385,45.4294066451697,0.000955483140201755
21.00709,45.42702,-0.00143116202945492,45.4293626023714,0.00091144034196323
21.0184,45.43142,0.00296883797054903,45.4293195409038,0.000868378874360936
21.0297,45.42931,0.000858837970547199,45.4292820563853,0.000830894355848919
21.04105,45.43052,0.00206883797054758,45.4292549050018,0.000803742972319241
21.05237,45.42847,1.88379705434727e-05,45.4292422582423,0.000791096212895837
21.06371,45.42683,-0.00162116202945128,45.4292468812073,0.000795719177878298
21.07503,45.42789,-0.000561162029455886,45.4292694764757,0.000818314446198585
21.08637,45.42995,0.00149883797054429,45.4293084455501,0.000857283520667885
21.09769,45.43101,0.00255883797054679,45.4293601717853,0.000909009755818854
21.109,45.43155,0.00309883797054766,45.4294196891048,0.000968527075350715
21.12032,45.42866,0.000208837970546938,45.4294814418726,0.0010302798431787
21.13165,45.42818,-0.000271162029456207,45.4295398842174,0.00108872218792247
21.14298,45.42823,-0.000221162029454547,45.4295898607924,0.00113869876291989
21.15434,45.43166,0.00320883797054705,45.4296268787287,0.00117571669920429
21.16566,45.4292,0.000748837970547811,45.4296473951489,0.00119623311948659
21.17698,45.42886,0.000408837970546472,45.4296491445623,0.00119798253289043
21.18832,45.4309,0.0024488379705474,45.4296314434829,0.00118028145345805
21.19967,45.42979,0.00133883797054324,45.4295953951947,0.00114423316526643
21.21097,45.42831,-0.00014116202945047,45.4295439443373,0.0010927823078368
21.2223,45.42894,0.000488837970543443,45.4294817643748,0.00103060234535407
21.23362,45.43068,0.00222883797054862,45.4294149832183,0.000963821188816339
21.24496,45.4305,0.00204883797054833,45.4293507391397,0.000899577110252569
21.25629,45.42937,0.000918837970544928,45.4292965236447,0.000845361615288935
21.26762,45.42867,0.000218837970543007,45.4292592798079,0.000808117778477647
21.27896,45.42882,0.000368837970547986,45.4292443207528,0.000793158723354824
21.2903,45.42931,0.000858837970547199,45.4292542542907,0.000803092261217184
21.30163,45.4286,0.000148837970549209,45.429288159162,0.000836997132586102
21.31294,45.42941,0.000958837970543414,45.4293412331038,0.000890071074375094
21.32426,45.42735,-0.00110116202945676,45.4294050586253,0.000953896595810752
21.3356,45.42924,0.000788837970546297,45.4294685360465,0.00101737401709078
21.34692,45.43137,0.00291883797054737,45.4295194070682,0.00106824503875798
21.35825,45.43013,0.00167883797054458,45.4295461362647,0.00109497423523008
21.36959,45.42981,0.00135883797054959,45.4295397915538,0.00108862952430391
21.38093,45.42957,0.00111883797054446,45.4294955511191,0.00104438908968473
21.39225,45.43089,0.00243883797054423,45.4294135753808,0.000962413351324107
21.40358,45.42735,-0.00110116202945676,45.4292991456838,0.00084798365438359
21.41492,45.42958,0.00112883797054764,45.4291621137047,0.000710951675288053
21.42625,45.42942,0.000968837970546588,45.4290157966587,0.000564634629282564
21.43754,45.4291,0.000648837970544491,45.4288754836533,0.000424321623801127
21.44884,45.4295,0.00104883797054356,45.428756705741,0.000305543711588578
21.46022,45.42736,-0.00109116202945359,45.4286734176905,0.000222255661055978
21.47156,45.42876,0.000308837970543152,45.4286362745661,0.000185112536626105
21.48289,45.42806,-0.000391162029451664,45.4286512313419,0.000200069312453947
21.49424,45.42754,-0.000911162029453294,45.4287186952184,0.000267533188920086
21.50559,45.4288,0.000348837970548743,45.428833395145,0.000382233115514524
21.51692,45.42964,0.00118883797054536,45.4289850151361,0.000533853106651658
21.52824,45.42907,0.00061883797054918,45.4291594989526,0.000708336923128846
21.53958,45.42886,0.000408837970546472,45.4293408168541,0.000889654824605653
21.55092,45.43071,0.00225883797054394,45.4295129262816,0.0010617642521074
21.56223,45.43001,0.00155883797054912,45.4296616559393,0.00121049390986722
21.57355,45.42865,0.000198837970543764,45.4297762731127,0.00132511108329247
21.58488,45.43201,0.00355883797054446,45.4298505468397,0.00139938481028075
21.59618,45.42963,0.0011788379705493,45.4298831903054,0.00143202827599135
21.60751,45.43044,0.0019888379705435,45.429877646734,0.00142648470451342
21.61882,45.42803,-0.000421162029454081,45.4298412781463,0.0013901161168864
21.63016,45.42963,0.0011788379705493,45.4297841192145,0.00133295718503101
21.6415,45.43123,0.00277883797054557,45.4297174205865,0.00126625855702795
21.65282,45.42921,0.00075883797054388,45.42965218732,0.00120102529052721
21.66414,45.42952,0.0010688379705428,45.4295978565485,0.00114669451901723
21.6755,45.42766,-0.000791162029450732,45.42956122942,0.00111006739057168
21.68683,45.43044,0.0019888379705435,45.4295457827825,0.0010946207530445
21.69815,45.42925,0.000798837970549471,45.4295514693949,0.0011003073654048
21.70948,45.42937,0.000918837970544928,45.4295750333077,0.00112387127823385
21.72079,45.43015,0.00169883797054382,45.4296107603778,0.00115959834829865
21.7321,45.42988,0.00142883797054338,45.4296515113804,0.00120034935093514
21.74344,45.42829,-0.000161162029456818,45.4296898618622,0.00123869983275515
21.75477,45.43187,0.00341883797054976,45.4297191795206,0.00126801749114952
21.76611,45.4308,0.00234883797054408,45.4297344862769,0.00128332424746878
21.77745,45.42782,-0.000631162029456789,45.4297329822093,0.00128182017982953
21.78878,45.4303,0.0018488379705488,45.4297141781245,0.00126301609503077
21.8001,45.42939,0.000938837970544171,45.4296796856538,0.00122852362430448
21.81143,45.42939,0.000938837970544171,45.4296327848986,0.001181622869181
21.82276,45.42988,0.00142883797054338,45.4295778875352,0.00112672550572305
21.83411,45.42921,0.00075883797054388,45.4295199679253,0.00106880589586636
21.84543,45.43126,0.00280883797054798,45.4294639951348,0.00101283310531629
21.85675,45.42634,-0.0021111620294505,45.4294143861328,0.000963224103374507
21.86808,45.43073,0.00227883797054318,45.4293745134953,0.000923351465853373
21.8794,45.43031,0.00185883797054487,45.429346315169,0.000895153139541331
21.8907,45.42909,0.000638837970548423,45.4293300405379,0.000878878508469838
21.90203,45.42933,0.000878837970546442,45.4293241449394,0.000872982909985654
21.91337,45.42842,-3.11620294510817e-05,45.4293253636439,0.000874201614496677
21.92467,45.42762,-0.000831162029456323,45.4293290501299,0.00087788810045491
21.93596,45.42784,-0.000611162029450441,45.4293298767821,0.000878714752690296
21.94729,45.43231,0.00385883797054731,45.4293229021551,0.000871740125593197
21.95861,45.43034,0.00188883797054729,45.429304819145,0.000853657115579684
21.96997,45.43014,0.00168883797054775,45.429275021135,0.000823859105584772
21.98131,45.42998,0.0015288379705467,45.4292360994865,0.000784937457067198
21.99266,45.42949,0.00103883797054749,45.4291935600072,0.000742397977713481
22.004,45.42612,-0.00233116202945638,45.4291548222338,0.000703660204337216
22.01532,45.42883,0.000378837970544055,45.4291277997865,0.000676637757051065
22.02664,45.43018,0.00172883797054624,45.429119450138,0.000668288108535011
22.03799,45.42976,0.00130883797054793,45.4291346040274,0.000683441997949619
22.04934,45.42697,-0.00148116202945658,45.4291752190154,0.000724056985900045
22.06069,45.43082,0.00236883797054332,45.4292400758287,0.000788913799238007
22.07203,45.4292,0.000748837970547811,45.4293248939454,0.0008737319159391
22.08337,45.42835,-0.000101162029451984,45.4294228313869,0.000971669357475305
22.0947,45.4282,-0.000251162029456964,45.4295253117748,0.00107414974530006
22.10602,45.43274,0.0042888379705488,45.4296230869482,0.00117192491879307
22.11734,45.42887,0.000418837970549646,45.4297073897022,0.00125622767271843
22.12867,45.43048,0.00202883797054909,45.4297709788146,0.00131981678511481
22.14001,45.4304,0.00194883797054501,45.4298088910838,0.00135772905438067
22.15132,45.4283,-0.000151162029453644,45.4298188144625,0.00136765243307652
22.16261,45.4303,0.0018488379705488,45.4298011220901,0.0013499600606566
22.17395,45.42824,-0.000211162029451373,45.4297586852529,0.00130752322346985
22.18531,45.43026,0.00180883797054321,45.429696581738,0.00124541970855438
22.19662,45.43076,0.0023088379705456,45.4296217438467,0.00117058181728429
22.20797,45.42999,0.00153883797054277,45.4295424933911,0.00109133136167365
22.21932,45.42969,0.00123883797054702,45.429467858137,0.00101669610757001
22.23067,45.42928,0.000828837970544782,45.4294066022122,0.000955440182751575
22.242,45.43047,0.00201883797054592,45.4293660153774,0.000914853347928001
22.25331,45.42762,-0.000831162029456323,45.429350632289,0.000899470259556935
22.26463,45.42904,0.000588837970546763,45.4293611461685,0.000909984139045636
22.27596,45.42781,-0.000641162029452857,45.4293938196363,0.000942657606813094
22.28728,45.42718,-0.00127116202945388,45.4294406519513,0.000989489921868298
22.29862,45.43267,0.0042188379705479,45.4294904108024,0.00103924877290539
22.30992,45.42931,0.000858837970547199,45.4295304000359,0.00107923800641511
22.32125,45.43063,0.00217883797054697,45.4295486080246,0.00109744599516195
22.33257,45.42944,0.000988837970545831,45.4295357846907,0.00108462266122558
22.34387,45.42944,0.000988837970545831,45.4294870658266,0.00103590379710428
22.35519,45.42987,0.00141883797054732,45.4294029214961,0.000951759466611129
22.36654,45.43018,0.00172883797054624,45.4292893484814,0.000838186451932596
22.37787,45.4268,-0.0016511620294537,45.4291573210612,0.000706159031733843
22.38923,45.43123,0.00277883797054557,45.4290215773959,0.000570415366474884
22.40056,45.42997,0.00151883797054353,45.4288988608978,0.000447698868372616
22.41188,45.42824,-0.000211162029451373,45.4288057637193,0.000354601689826479
22.42319,45.42832,-0.000131162029454401,45.4287563700904,0.000305208060905332
22.43452,45.42746,-0.000991162029450265,45.4287599964755,0.000308834446029743
22.44587,45.4264,-0.00205116202945277,45.4288194170434,0.000368255013952562
22.45717,45.43109,0.00263883797054376,45.4289299478397,0.000478785810217651
22.46848,45.42958,0.00112883797054764,45.4290796099712,0.000628447941708306
22.47982,45.42538,-0.00307116202945679,45.429250378011,0.000799215981545022
22.49117,45.43042,0.00196883797054426,45.4294203523612,0.000969190331716516
22.50248,45.42998,0.0015288379705467,45.4295665883645,0.00111542633506105
22.51381,45.43177,0.00331883797054644,45.4296681988717,0.00121703684220299
22.52513,45.43127,0.00281883797054405,45.4297092185916,0.00125805656215883
22.53645,45.43028,0.00182883797054956,45.4296806935617,0.00122953153226162
22.54776,45.42915,0.000698837970546151,45.4295816217823,0.00113045975284614
22.5591,45.42929,0.000838837970547957,45.4294186651976,0.000967503168130647
22.57041,45.42662,-0.00183116202945399,45.4292048386962,0.000753676666771074
22.58176,45.43069,0.00223883797054469,45.4289575415731,0.000506379543686203
22.59312,45.43031,0.00185883797054487,45.4286962970805,0.0002451350510168
22.60445,45.42799,-0.000461162029452566,45.4284404718993,-1.06901301968126e-05
22.61579,45.42519,-0.00326116202945315,45.4282071834818,-0.000243978547626584
22.62712,45.42648,-0.0019711620294558,45.4280096274902,-0.000441534539272927
22.63842,45.43046,0.00200883797054274,45.4278560759658,-0.000595086063636789
22.64975,45.42626,-0.00219116202945457,45.4277496807995,-0.000701481229948625
22.66112,45.42953,0.00107883797054598,45.4276889948336,-0.000762167195839625
22.67245,45.42735,-0.00110116202945676,45.4276689525353,-0.000782209494127749
22.68377,45.42869,0.000238837970549355,45.4276820266749,-0.000769135354588095
22.69509,45.42607,-0.00238116202945093,45.4277193593084,-0.000731802721005902
22.70642,45.42805,-0.000401162029454838,45.4277717755531,-0.000679386476323257
22.71776,45.42788,-0.000571162029451955,45.4278306663369,-0.000620495692566208
22.72906,45.42812,-0.000331162029453935,45.4278887383436,-0.000562423685888071
22.74039,45.42933,0.000878837970546442,45.4279405915658,-0.000510570463622419
22.75172,45.42712,-0.0013311620294516,45.4279830565124,-0.000468105517094286
22.76306,45.42725,-0.00120116202945297,45.428015250272,-0.000435911757417567
22.77441,45.42901,0.000558837970544346,45.4280383797266,-0.000412782302895175
22.78576,45.42702,-0.00143116202945492,45.4280553740603,-0.000395787969181252
22.79708,45.42809,-0.000361162029456352,45.4280704294055,-0.000380732623997307
22.80839,45.42936,0.000908837970548859,45.4280885109309,-0.000362651098555019
22.81972,45.42859,0.000138837970546035,45.4281148199343,-0.000336342095203308
22.83104,45.42666,-0.00179116202945551,45.4281542269206,-0.00029693510885033
22.84238,45.42688,-0.00157116202945673,45.4282107098219,-0.000240452207504102
22.85371,45.42873,0.000278837970547841,45.4282868832906,-0.000164278738881402
22.86506,45.43018,0.00172883797054624,45.4283836853915,-6.74766379122801e-05
22.87638,45.43029,0.00183883797054563,45.4285001902525,4.90282230911187e-05
22.88771,45.42708,-0.0013711620294572,45.4286334435016,0.000182281472180737
22.89908,45.42813,-0.000321162029450761,45.4287782801878,0.000327118158339674
22.9104,45.42807,-0.000381162029455595,45.4289272520056,0.000476089976134938
22.9217,45.42774,-0.00071116202945376,45.4290709142732,0.000619752243763809
22.93305,45.4277,-0.000751162029452246,45.4291986919324,0.000747529902929328
22.9444,45.42973,0.00127883797054551,45.4293003638157,0.000849201786281187
22.95572,45.43202,0.00356883797054763,45.4293679478893,0.000916785859851729
22.96705,45.43258,0.00412883797054775,45.4293975318748,0.000946369845371869
22.9784,45.42881,0.000358837970544812,45.4293904983326,0.000939336303105846
22.98973,45.42815,-0.000301162029451518,45.429353739201,0.000902577171572766
23.00108,45.42839,-6.11620294534987e-05,45.4292987919423,0.00084762991279599
23.01241,45.43011,0.00165883797054533,45.4292401553314,0.000788993301945904
23.02373,45.42938,0.000928837970548102,45.4291931832752,0.000742021245735274
23.03505,45.42796,-0.000491162029454983,45.4291719196816,0.000720757652190592
23.04638,45.42948,0.00102883797054432,45.429187155623,0.000735993593556266
23.05772,45.42845,-1.16202945577015e-06,45.4292449384257,0.000793776396207984
23.06906,45.42784,-0.000611162029450441,45.4293457169511,0.000894554921667837
23.08038,45.43087,0.00241883797054498,45.429484225132,0.00103306310257818
23.09172,45.4296,0.00114883797054688,45.429650083389,0.00119892135952459
23.10306,45.43182,0.0033688379705481,45.4298289718112,0.00137780978175091
23.11438,45.42769,-0.00076116202945542,45.4300041616871,0.00155299965767995
23.12572,45.42956,0.00110883797054839,45.4301582197936,0.00170705776414296
23.13706,45.43131,0.00285883797054964,45.430274775271,0.0018236132415484
23.14837,45.4304,0.00194883797054501,45.4303402657894,0.00188910375991499
23.15969,45.42994,0.00148883797054822,45.4303455284709,0.00189436644143025
23.17102,45.43162,0.00316883797054857,45.4302870385701,0.00183587654062834
23.18231,45.43054,0.00208883797054682,45.4301675913222,0.00171642929278123
23.19365,45.43089,0.00243883797054423,45.429996274279,0.00154511224951059
23.20499,45.42889,0.000438837970548889,45.4297876740717,0.00133651204222163
23.21632,45.429,0.000548837970548277,45.4295603909545,0.00110922892507344
23.22766,45.43028,0.00182883797054956,45.4293350574867,0.000883895457293638
23.239,45.4287,0.000248837970545424,45.4291321220637,0.000680960034272275
23.2503,45.42821,-0.00024116202945379,45.4289696566441,0.000518494614637533
23.26162,45.42931,0.000858837970547199,45.4288614206544,0.000410258624917762
23.27295,45.42899,0.000538837970545103,45.4288153861446,0.000364224115124019
23.2843,45.42748,-0.000971162029451023,45.4288328972176,0.000381735188158159
23.29562,45.42699,-0.00146116202945024,45.4289085939848,0.000457431955370976
23.30695,45.43015,0.00169883797054382,45.4290311671123,0.000580005082809289
23.31827,45.42889,0.000438837970548889,45.4291848914739,0.000733729444395635
23.32961,45.43201,0.00355883797054446,45.4293517179114,0.000900555881979399
23.34092,45.42816,-0.00029116202945545,45.4295135617933,0.00106239976386631
23.35224,45.42987,0.00141883797054732,45.429654407498,0.00120324546853353
23.36356,45.43014,0.00168883797054775,45.4297619473548,0.00131078532529953
23.37486,45.43018,0.00172883797054624,45.42982860267,0.0013774406405164
23.38618,45.43134,0.00288883797054496,45.4298518619688,0.00140069993933172
23.39748,45.42892,0.0004688379705442,45.4298339312901,0.00138276926067116
23.40881,45.42984,0.0013888379705449,45.4297807743315,0.00132961230207165
23.42014,45.43015,0.00169883797054382,45.4297007323508,0.00124957032138009
23.43146,45.42762,-0.000831162029456323,45.429603008955,0.00115184692556236
23.4428,45.42785,-0.000601162029454372,45.4294963386865,0.00104517665709094
23.45412,45.42944,0.000988837970545831,45.4293881082795,0.000936946250090368
23.46545,45.43163,0.00317883797054463,45.4292840537603,0.000832891730857028
23.47679,45.42966,0.00120883797054461,45.4291884490998,0.000737287070300425
23.48815,45.42864,0.000188837970547695,45.4291045462369,0.000653384207432579
23.49949,45.42857,0.000118837970546792,45.4290350262504,0.000583864220938494
23.51084,45.42705,-0.00140116202945251,45.4289823456782,0.000531183648773196
23.52216,45.43061,0.00215883797054772,45.4289489692123,0.000497807182843932
23.53348,45.43145,0.00299883797054434,45.4289374734174,0.000486311387985923
23.54478,45.42867,0.000218837970543007,45.4289504311385,0.000499269109065095
23.55613,45.42756,-0.000891162029454051,45.4289899769452,0.000538814915733818
23.56746,45.42896,0.000508837970542686,45.4290570779137,0.000605915884278718
23.57878,45.42876,0.000308837970543152,45.4291507024713,0.000699540441873016
23.5901,45.42934,0.000888837970549616,45.4292671521427,0.000815990113282958
23.6014,45.42901,0.000558837970544346,45.4293997659411,0.000948603911603752
23.61272,45.42934,0.000888837970549616,45.4295391018083,0.00108793977885308
23.62406,45.42809,-0.000361162029456352,45.429673609031,0.00122244700151667
23.63538,45.43152,0.00306883797054525,45.4297907293281,0.00133956729860376
23.64671,45.43019,0.00173883797054941,45.4298782791663,0.00142711713687834
23.65803,45.43019,0.00173883797054941,45.4299258842691,0.00147472223961733
23.66934,45.43092,0.00246883797054664,45.4299262109297,0.00147504890028216
23.68068,45.42896,0.000508837970542686,45.4298757997076,0.00142463767810534
23.69201,45.42841,-4.11620294542558e-05,45.4297754235286,0.00132426149914226
23.70334,45.4323,0.00384883797054414,45.4296299944072,0.00117883237770815
23.71463,45.42776,-0.000691162029454517,45.4294480818943,0.000996919864831436
23.72596,45.42984,0.0013888379705449,45.4292410938179,0.000789931788467492
23.73729,45.43049,0.00203883797054516,45.4290221610026,0.00057099897313923
23.74864,45.42753,-0.000921162029456468,45.4288047958343,0.00035363380489001
23.75997,45.42943,0.000978837970549762,45.4286014515856,0.000150289556130732
23.77127,45.42574,-0.0027111620294562,45.4284221760017,-2.89860277903161e-05
23.78261,45.42909,0.000638837970548423,45.4282735966886,-0.000177565340816643
23.79395,45.42807,-0.000381162029455595,45.4281584502409,-0.000292711788527862
23.80532,45.42676,-0.00169116202945219,45.4280757590471,-0.000375402982373686
23.81662,45.42805,-0.000401162029454838,45.4280216151004,-0.000429546929006269
23.82797,45.42948,0.00102883797054432,45.4279904001043,-0.000460761925117164
23.83932,45.42872,0.000268837970544666,45.4279761720439,-0.000474989985549461
23.85064,45.42859,0.000138837970546035,45.4279738991264,-0.000477262903094625
23.86196,45.42903,0.000578837970543589,45.427980265716,-0.000470896313480606
23.8733,45.42485,-0.00360116202945449,45.4279939209552,-0.000457241074237616
23.88462,45.42856,0.000108837970543618,45.4280152215287,-0.000435940500797909
23.89594,45.43027,0.00181883797054638,45.428045632614,-0.00040552941543838
23.90726,45.42764,-0.00081116202945708,45.4280869481034,-0.000364213926084904
23.91861,45.42712,-0.0013311620294516,45.4281404381331,-0.000310723896332052
23.92994,45.42807,-0.000381162029455595,45.4282060329374,-0.000245129092058323
23.94126,45.42744,-0.00101116202945661,45.4282817086582,-0.000169453371298427
23.9526,45.42804,-0.000411162029450907,45.4283632587394,-8.79032900827541e-05
23.96392,45.42896,0.000508837970542686,45.4284445619654,-6.60006402956445e-06
23.97527,45.42792,-0.000531162029453469,45.4285183338205,6.71717910214496e-05
23.98663,45.42847,1.88379705434727e-05,45.4285772327531,0.000126070723617381
23.99796,45.42901,0.000558837970544346,45.4286151156341,0.00016395360460353
24.0093,45.42968,0.00122883797054385,45.4286281928652,0.000177030835744452
24.02062,45.4301,0.00164883797054927,45.4286158182655,0.000164656236062977
24.03192,45.42913,0.000678837970546908,45.4285806860978,0.000129524068356665
24.04323,45.42755,-0.000901162029457225,45.4285283309455,7.71689160601445e-05
24.05455,45.42778,-0.000671162029455274,45.4284660217042,1.4859674699251e-05
24.06588,45.42802,-0.000431162029457255,45.4284013271304,-4.9834899093472e-05
24.07722,45.42817,-0.000281162029452275,45.4283407146103,-0.00011044741911541
24.08856,45.42782,-0.000631162029456789,45.4282885018562,-0.000162660173304915
24.09989,45.42712,-0.0013311620294516,45.4282463656136,-0.000204796415877108
24.11125,45.42693,-0.00152116202945507,45.428213480404,-0.000237681625497724
24.12259,45.42984,0.0013888379705449,45.4281872220475,-0.000263939981977206
24.13392,45.43058,0.00212883797054531,45.4281642141452,-0.000286947884207621
24.14527,45.42863,0.000178837970544521,45.4281413648734,-0.000309797156042494
24.15659,45.42803,-0.000421162029454081,45.4281165373166,-0.000334624712814264
24.16792,45.42874,0.000288837970543909,45.4280886689327,-0.000362493096707482
24.17926,45.42496,-0.0034911620294551,45.4280574223594,-0.000393739670049951
24.19061,45.42777,-0.000681162029451343,45.4280226609796,-0.000428501049812161
24.20192,45.42838,-7.11620294566728e-05,45.4279840963686,-0.000467065660821588
24.21325,45.42774,-0.00071116202945376,45.4279413427955,-0.000509819233916522
24.22458,45.42738,-0.00107116202945434,45.4278944149114,-0.000556747118004177
24.2359,45.42663,-0.00182116202945082,45.4278445273296,-0.000606634699851039
24.24722,45.43117,0.00271883797054784,45.4277949451532,-0.000656216876264016
24.25853,45.42854,8.88379705443754e-05,45.4277515707809,-0.000699591248576278
24.26986,45.42888,0.000428837970545715,45.4277229442489,-0.000728217780505746
24.2812,45.42701,-0.00144116202945099,45.4277194473287,-0.000731714700731585
24.29252,45.42794,-0.000511162029454226,45.4277517467237,-0.000699415305768974
24.30386,45.42603,-0.00242116202945653,45.4278287862311,-0.000622375798350563
24.31518,45.42622,-0.00223116202945306,45.4279558117909,-0.000495350238542964
24.32651,45.42706,-0.00139116202945644,45.4281329223443,-0.000318239685112694
24.33784,45.43005,0.00159883797054761,45.4283544852444,-9.66767850146112e-05
24.34916,45.42884,0.000388837970547229,45.4286094934397,0.000158331410202403
24.36051,45.42923,0.000778837970543123,45.428882687518,0.000431525488532571
24.37184,45.42982,0.00136883797054566,45.4291561374465,0.000704975417054502
24.38316,45.42847,1.88379705434727e-05,45.4294110038274,0.000959841797961226
24.3945,45.428,-0.000451162029456498,45.4296293017624,0.00117813973296436
24.40583,45.43128,0.00282883797054723,45.4297955711313,0.00134440910183639
24.41715,45.43134,0.00288883797054496,45.4298983569431,0.00144719491364576
24.42846,45.42992,0.00146883797054898,45.4299313446975,0.00148018266804015
24.4398,45.42902,0.00056883797054752,45.4298939709041,0.00144280887468164
24.45115,45.42995,0.00149883797054429,45.4297914007532,0.00134023872376824
24.46248,45.43061,0.00215883797054772,45.4296338840462,0.00118272201673958
24.47382,45.43074,0.00228883797054635,45.4294355795489,0.000984417519432572
24.48514,45.42725,-0.00120116202945297,45.4292129746231,0.000761812593688921
24.49646,45.42785,-0.000601162029454372,45.4289830809188,0.000531918889308876
24.50779,45.42951,0.00105883797054673,45.4287616568862,0.00031049485672944
24.51914,45.42915,0.000698837970546151,45.4285617170007,0.000110554971237944
24.53047,45.42731,-0.00114116202945524,45.4283925048411,-5.86571883658996e-05
24.5418,45.42724,-0.00121116202945615,45.4282590019077,-0.000192160121717404
24.55312,45.42966,0.00120883797054461,45.4281619798032,-0.000289182226207574
24.56444,45.42694,-0.0015111620294519,45.4280985580685,-0.000352603960928107
24.57577,45.42844,-1.11620294518389e-05,45.4280631675944,-0.00038799443502072
24.58708,45.42777,-0.000681162029451343,45.4280487576797,-0.000402404349721079
24.5984,45.42923,0.000778837970543123,45.4280480492627,-0.000403112766709722
24.60973,45.42863,0.000178837970544521,45.4280546253636,-0.0003965366658382
24.62106,45.42904,0.000588837970546763,45.4280636687024,-0.000387493327023691
24.63238,45.4275,-0.00095116202945178,45.4280722327883,-0.000378929241108419
24.64375,45.42626,-0.00219116202945457,45.4280790676402,-0.000372094389237249
24.65506,45.42927,0.000818837970548714,45.4280841591598,-0.000367002869675659
24.6664,45.42636,-0.00209116202945125,45.4280882031877,-0.000362958841763751
24.67774,45.42864,0.000188837970547695,45.4280921892068,-0.000358972822645647
24.68906,45.42898,0.000528837970549034,45.4280971558114,-0.000354006218066911
24.7004,45.42905,0.000598837970542831,45.4281040705548,-0.000347091474668642
24.71172,45.42754,-0.000911162029453294,45.4281137355988,-0.000337426430670988
24.72304,45.42752,-0.000931162029452537,45.4281266538742,-0.000324508155290941
24.73436,45.42742,-0.00103116202945586,45.4281428815124,-0.000308280517094023
24.74568,45.42898,0.000528837970549034,45.4281619627417,-0.00028919928776527
24.75703,45.42814,-0.000311162029454692,45.4281830351925,-0.000268126836911501
24.76835,45.42636,-0.00209116202945125,45.4282051275151,-0.000246034514336673
24.77968,45.42842,-3.11620294510817e-05,45.4282276031034,-0.000223558926100457
24.791,45.43034,0.00188883797054729,45.4282506442203,-0.000200517809151895
24.80234,45.42881,0.000358837970544812,45.4282756011666,-0.000175560862873337
24.81366,45.42992,0.00146883797054898,45.428304987423,-0.000146174606493714
24.825,45.42885,0.000398837970543298,45.4283419676164,-0.00010919441302747
24.83635,45.42593,-0.00252116202945274,45.4283893852525,-6.17767769447172e-05
24.84769,45.42573,-0.00272116202945227,45.4284486262085,-2.53582091094799e-06
24.85904,45.42784,-0.000611162029450441,45.4285187655751,6.76035456471315e-05
24.87037,45.42914,0.000688837970542977,45.4285963787388,0.000145216709297612
24.88171,45.43202,0.00356883797054763,45.4286761174129,0.000224955383460873
24.89303,45.4276,-0.000851162029455566,45.4287518252621,0.000300663232653625
24.90436,45.42772,-0.000731162029453003,45.4288178042838,0.000366642254309782
24.9157,45.43005,0.00159883797054761,45.4288699002695,0.000418738240083675
24.92703,45.42925,0.000798837970549471,45.4289062245342,0.00045506250474481
24.93835,45.42988,0.00142883797054338,45.4289274265995,0.000476264570061762
24.9497,45.42908,0.000628837970545248,45.4289364757256,0.00048531369611608
24.96103,45.42906,0.000608837970546006,45.4289379786233,0.000486816593876989
24.97236,45.42689,-0.00156116202945356,45.4289371810429,0.000486019013457109
24.98372,45.42812,-0.000331162029453935,45.4289389141314,0.000487752101946392
24.99506,45.42877,0.000318837970546326,45.4289467729121,0.000495610882603444
25.00641,45.43,0.00154883797054595,45.4289627147685,0.000511552739092996
25.01774,45.42904,0.000588837970546763,45.4289870828711,0.000535920841669604
25.02908,45.43056,0.00210883797054606,45.4290189002103,0.000567738180797862
25.0404,45.42831,-0.00014116202945047,45.4290562324718,0.000605070442332257
25.05171,45.42872,0.000268837970544666,45.4290964873484,0.000645325318954576
25.06304,45.42794,-0.000511162029454226,45.4291366378154,0.000685475785959041
25.07436,45.42969,0.00123883797054702,45.4291734404734,0.000722278443925981
25.08571,45.43044,0.0019888379705435,45.4292037139762,0.000752551946754686
25.09702,45.43,0.00154883797054595,45.4292246708784,0.000773508848986099
25.1083,45.42606,-0.00239116202945411,45.4292342449618,0.000783082932300557
25.11965,45.42991,0.0014588379705458,45.4292313784592,0.00078021642977388
25.13096,45.43043,0.00197883797054743,45.4292162767569,0.000765114727487598
25.14229,45.42937,0.000918837970544928,45.4291906153061,0.000739453276654488
25.15361,45.42861,0.000158837970545278,45.4291576085745,0.000706446545041428
25.16496,45.43062,0.00216883797054379,45.4291218201495,0.000670658120085311
25.17628,45.42877,0.000318837970546326,45.4290886456001,0.000637483570694382
25.1876,45.42906,0.000608837970546006,45.42906349136,0.000612329330547321
25.19894,45.42918,0.000728837970548568,45.4290507638833,0.000599601853837316
25.21028,45.42748,-0.000971162029451023,45.4290528612796,0.000601699250157758
25.22161,45.42957,0.00111883797054446,45.4290694037423,0.00061824171284967
25.23294,45.42793,-0.000521162029450295,45.4290969234072,0.000645761377756089
25.24426,45.42786,-0.000591162029451198,45.429129153951,0.00067799192158847
25.2556,45.4304,0.00194883797054501,45.4291579314059,0.000706769376419115
25.26693,45.43001,0.00155883797054912,45.4291745643795,0.000723402350015186
25.27825,45.42904,0.000588837970546763,45.429171393351,0.000720231321514373
25.28956,45.43036,0.00190883797054653,45.429143193495,0.000692031465589684
25.30088,45.42888,0.000428837970545715,45.4290881174173,0.000636955387867442
25.31222,45.43127,0.00281883797054405,45.4290079957964,0.000556833766907327
25.32356,45.42744,-0.00101116202945661,45.4289079673327,0.000456805303284144
25.33488,45.42691,-0.00154116202945431,45.4287955715161,0.000344409486681051
25.34621,45.42909,0.000638837970548423,45.428679578774,0.000228416744544356
25.35755,45.4274,-0.0010511620294551,45.4285688847861,0.000117722756605583
25.36889,45.42736,-0.00109116202945359,45.4284717115076,2.05494780988636e-05
25.38025,45.43159,0.00313883797054615,45.4283951747074,-5.59873220759746e-05
25.39159,45.42955,0.00109883797054522,45.4283450916418,-0.000106070387675618
25.40293,45.42714,-0.00131116202945236,45.4283258088285,-0.000125353200956138
25.41424,45.42813,-0.000321162029450761,45.4283398897346,-0.000111272294835684
25.42552,45.42723,-0.00122116202945222,45.4283876791572,-6.34828722376542e-05
25.43684,45.42918,0.000728837970548568,45.4284669170763,1.57550468500761e-05
25.4482,45.42733,-0.001121162029456,45.4285726012288,0.000121439199391279
25.45954,45.43083,0.0023788379705465,45.4286972148223,0.00024605279286404
25.47087,45.42707,-0.00138116202945326,45.4288313341994,0.000380172169915691
25.48221,45.42662,-0.00183116202945399,45.4289645705813,0.000513408551894886
25.49354,45.43109,0.00263883797054376,45.429086768278,0.000635606248533709
25.50487,45.43,0.00154883797054595,45.4291893190216,0.000738156992167583
25.51618,45.43161,0.00315883797054539,45.429266341973,0.000815179943593704
25.52749,45.4291,0.000648837970544491,45.4293154144544,0.000864252424944563
25.53883,45.42814,-0.000311162029454692,45.4293376300037,0.000886467974285967
25.55018,45.42828,-0.000171162029452887,45.4293369859808,0.000885823951367805
25.56152,45.43089,0.00243883797054423,45.4293193139549,0.000868151925409305
25.57285,45.42849,3.88379705427155e-05,45.4292910402375,0.000839878208044871
25.58418,45.42837,-8.11620294527415e-05,45.4292580153835,0.000806853354075286
25.5955,45.42876,0.000308837970543152,45.4292245752463,0.000773413216800495
25.60681,45.43124,0.00278883797054874,45.4291929374924,0.000741775462989798
25.61813,45.42847,1.88379705434727e-05,45.4291629776922,0.000711815662702201
25.62946,45.42743,-0.00102116202945268,45.429132375798,0.000681213768559054
25.64078,45.42898,0.000528837970549034,45.4290971110358,0.000645949006318107
25.6521,45.42929,0.000838837970547957,45.4290522836704,0.00060112164094077
25.66343,45.43066,0.00220883797054938,45.4289931875055,0.000542025475999458
25.67476,45.42834,-0.000111162029455159,45.4289164557121,0.000465293682677577
25.68609,45.42878,0.0003288379705495,45.4288210459369,0.00036988390748169
25.6974,45.4288,0.000348837970548743,45.4287088699589,0.000257707929478455
25.70872,45.42908,0.000628837970545248,45.4285849610454,0.000133799015905621
25.72006,45.42889,0.000438837970548889,45.4284571397169,5.97768746304912e-06
25.73138,45.43079,0.00233883797054801,45.4283351804768,-0.000115981552629817
25.74274,45.42644,-0.00201116202945428,45.428229546936,-0.000221615093423685
25.75409,45.42489,-0.003561162029456,45.4281498844736,-0.000301277555811336
25.76542,45.42885,0.000398837970543298,45.4281035929365,-0.000347569093000093
25.77675,45.42887,0.000418837970549646,45.428094830244,-0.000356331785410356
25.7881,45.42651,-0.00194116202945338,45.428124156736,-0.000327005293492804
25.79943,45.42902,0.00056883797054752,45.4281888062225,-0.000262355806933663
25.81078,45.42951,0.00105883797054673,45.428283400663,-0.000167761366452439
25.82208,45.42904,0.000588837970546763,45.4284008555396,-5.03064898474753e-05
25.83339,45.42812,-0.000331162029453935,45.428533232903,8.20708735492175e-05
25.84472,45.42873,0.000278837970547841,45.428672381851,0.000221219821552699
25.85606,45.42877,0.000318837970546326,45.4288103363923,0.000359174362857111
25.8674,45.42718,-0.00127116202945388,45.4289395512795,0.000488389249999942
25.87875,45.42947,0.00101883797054825,45.4290530944035,0.000601932374057231
25.8901,45.43083,0.0023788379705465,45.4291448737156,0.000693711686166908
25.90141,45.42884,0.000388837970547229,45.4292098905301,0.000758728500641692
25.91274,45.42946,0.00100883797054507,45.4292444467435,0.000793284714039911
25.92408,45.42848,2.88379705466468e-05,45.4292462494324,0.000795087402980237
25.93542,45.42837,-8.11620294527415e-05,45.4292144331347,0.000763271105224111
25.94676,45.42957,0.00111883797054446,45.4291495752531,0.000698413223627936
25.95812,45.42894,0.000488837970543443,45.4290537579182,0.0006025958887323
25.96943,45.4302,0.00174883797054548,45.4289306494476,0.000479487418137266
25.98074,45.42885,0.000398837970543298,45.4287855054675,0.000334343438061815
25.99204,45.42905,0.000598837970542831,45.4286249811632,0.000173819133708681
26.00339,45.42716,-0.00129116202945312,45.4284567129883,5.55095884190238e-06
26.01474,45.4288,0.000348837970548743,45.4282887294041,-0.000162432625315017
26.02608,45.42728,-0.00117116202945056,45.4281288221787,-0.000322339850755083
26.03743,45.4277,-0.000751162029452246,45.4279840131093,-0.000467148920156193
26.04877,45.42863,0.000178837970544521,45.4278601943094,-0.00059096772004727
26.0601,45.42759,-0.000861162029451634,45.4277619405967,-0.000689221432770884
26.07144,45.42792,-0.000531162029453469,45.4276924277235,-0.000758734305990979
26.08276,45.42916,0.000708837970549325,45.427653366711,-0.000797795318403473
26.0941,45.42601,-0.00244116202945577,45.4276448910356,-0.00080627099386482
26.10541,45.4279,-0.000551162029452712,45.4276653979887,-0.000785764040758429
26.11673,45.42706,-0.00139116202945644,45.427711416279,-0.000739745750457396
26.12806,45.42886,0.000408837970546472,45.4277776049857,-0.000673557043732455
26.13941,45.4265,-0.00195116202945655,45.4278569647523,-0.000594197277157517
26.15071,45.42887,0.000418837970549646,45.427941290168,-0.000509871861502204
26.16208,45.42664,-0.00181116202945475,45.42802185142,-0.000429310609479429
26.17341,45.42749,-0.000961162029454954,45.4280902633204,-0.000360898709049368
26.18475,45.42865,0.000198837970543764,45.4281394523091,-0.000311709720355728
26.19607,45.4328,0.00434883797054653,45.4281645540964,-0.000286607933053346
26.2074,45.42604,-0.00241116202945335,45.4281635098781,-0.000287652151371084
26.21871,45.42731,-0.00114116202945524,45.4281371700362,-0.000313991993213153
26.23003,45.42782,-0.000631162029456789,45.428088892585,-0.000362269444490992
26.24133,45.42773,-0.000721162029456934,45.4280238226448,-0.00042733938460778
26.25265,45.42783,-0.000621162029453615,45.4279481079751,-0.000503054054329422
26.264,45.42754,-0.000911162029453294,45.4278682309644,-0.000582931065085265
26.27534,45.42893,0.000478837970547374,45.4277905188481,-0.000660643181400155
26.28668,45.42664,-0.00181116202945475,45.4277208074489,-0.00073035458050412
26.29798,45.42846,8.83797054740398e-06,45.4276641950333,-0.000786966996203286
26.30932,45.42788,-0.000571162029451955,45.4276248221898,-0.00082633983966956
26.32065,45.42848,2.88379705466468e-05,45.4276056356985,-0.000845526330912777
26.33198,45.42694,-0.0015111620294519,45.4276081335449,-0.000843028484551143
26.34332,45.42441,-0.00404116202945204,45.4276321480123,-0.000819014017150886
26.35462,45.42984,0.0013888379705449,45.4276757759447,-0.000775386084747876
26.36597,45.42751,-0.000941162029455711,45.4277355430503,-0.000715618979144394
26.3773,45.42987,0.00141883797054732,45.4278067740995,-0.000644387929929616
26.38864,45.42753,-0.000921162029456468,45.4278840262291,-0.000567135800354489
26.39997,45.42613,-0.00232116202945321,45.4279614426454,-0.000489719384087265
26.4113,45.43041,0.00195883797054819,45.4280329980666,-0.000418163962896815
26.42263,45.42559,-0.00286116202945408,45.4280927292741,-0.000358432755322422
26.43397,45.42636,-0.00209116202945125,45.4281350887813,-0.00031607324820086
26.4453,45.42951,0.00105883797054673,45.4281555161136,-0.000295645915873297
26.45664,45.42923,0.000778837970543123,45.4281512031258,-0.000299958903647033
26.46795,45.43006,0.00160883797054368,45.4281218708351,-0.000329291194319538
26.47924,45.42691,-0.00154116202945431,45.4280702739339,-0.000380888095542864
26.49059,45.42831,-0.00014116202945047,45.428002201989,-0.000448960040412767
26.50194,45.42829,-0.000161162029456818,45.4279259248438,-0.000525237185629011
26.51324,45.42738,-0.00107116202945434,45.4278512087879,-0.000599953241536486
26.52457,45.42558,-0.00287116202945725,45.4277881265361,-0.00066303549334602
26.5359,45.42765,-0.000801162029453906,45.4277458952962,-0.000705266733232228
26.54725,45.42952,0.0010688379705428,45.4277319110428,-0.00071925098667297
26.55859,45.42906,0.000608837970546006,45.4277510133653,-0.000700148664159651
26.56994,45.42892,0.0004688379705442,45.4278048912343,-0.000646270795167801
26.5813,45.4265,-0.00195116202945655,45.4278915443817,-0.000559617647734755
26.59262,45.42572,-0.00273116202945545,45.4280048746281,-0.000446287401320478
26.60395,45.42728,-0.00117116202945056,45.4281346735815,-0.000316488447964235
26.61528,45.42658,-0.00187116202945248,45.4282673257605,-0.000183836268909709
26.6266,45.4285,4.88379705458897e-05,45.4283873825059,-6.37795235350385e-05
26.63792,45.43179,0.00333883797054568,45.4284798494155,2.86873860780583e-05
26.64925,45.42855,9.88379705475495e-05,45.4285327217196,8.15596901200435e-05
26.66058,45.42916,0.000708837970549325,45.4285391483509,8.7986321489081e-05
26.67193,45.43029,0.00183883797054563,45.4284986738506,4.75118211950375e-05
26.68324,45.43107,0.00261883797054452,45.4284172450317,-3.39169977902692e-05
26.69458,45.42561,-0.00284116202945484,45.4283059748811,-0.00014518714831398
26.7059,45.42472,-0.00373116202945312,45.428178969475,-0.000272192554403492
26.71722,45.42995,0.00149883797054429,45.4280507806934,-0.000400381336036692
26.72857,45.42574,-0.0027111620294562,45.4279341264405,-0.000517035588969136
26.73991,45.42693,-0.00152116202945507,45.4278383622618,-0.000612799767698627
26.75127,45.42838,-7.11620294566728e-05,45.4277688971805,-0.000682264848974511
26.76262,45.4287,0.000248837970545424,45.4277274663933,-0.000723695636154532
26.77397,45.42971,0.00125883797054627,45.4277129685627,-0.000738193466771247
26.7853,45.42819,-0.000261162029453033,45.4277224814745,-0.000728680554907112
26.79662,45.42509,-0.00336116202945647,45.4277521286386,-0.000699033390891996
26.80794,45.42859,0.000138837970546035,45.4277976509162,-0.000653511113229744
26.81927,45.42789,-0.000561162029455886,45.4278547125106,-0.000596449518843441
26.83062,45.42961,0.00115883797054295,45.4279190263775,-0.000532135651984038
26.84192,45.42657,-0.00188116202945565,45.4279863420488,-0.000464819980631492
26.85325,45.42855,9.88379705475495e-05,45.4280523113705,-0.000398850658950403
26.86456,45.42796,-0.000491162029454983,45.4281122880981,-0.000338873931310452
26.87588,45.42811,-0.000341162029457109,45.4281611776243,-0.000289984405193507
26.8872,45.42553,-0.00292116202945181,45.428193475847,-0.000257686182494285
26.89855,45.42999,0.00153883797054277,45.4282036082052,-0.000247553824232231
26.9099,45.4271,-0.00135116202945085,45.4281865997736,-0.00026456225585313
26.92124,45.42966,0.00120883797054461,45.4281389822472,-0.0003121797822212
26.93256,45.42796,-0.000491162029454983,45.4280597238418,-0.000391438187688698
26.94391,45.42924,0.000788837970546297,45.4279509198816,-0.000500242147875191
26.95525,45.42818,-0.000271162029456207,45.427818027762,-0.000633134267484332
26.96657,45.42715,-0.00130116202945629,45.4276695474113,-0.000781614618166623
26.9779,45.42603,-0.00242116202945653,45.4275161975036,-0.000934964525892116
26.98924,45.42889,0.000438837970548889,45.4273697644485,-0.00108139758098221
27.00056,45.42607,-0.00238116202945093,45.4272418517019,-0.00120931032751026
27.01188,45.42694,-0.0015111620294519,45.4271427245927,-0.00130843743672617
27.02319,45.42742,-0.00103116202945586,45.4270803782008,-0.00137078382864261
27.03451,45.42677,-0.00168116202945612,45.4270598944052,-0.00139126762424945
27.04583,45.42756,-0.000891162029454051,45.4270831038204,-0.00136805820904761
27.05716,45.42648,-0.0019711620294558,45.427148529319,-0.00130263271044432
27.06849,45.4267,-0.00175116202945702,45.4272515675689,-0.00119959446052699
27.07984,45.42855,9.88379705475495e-05,45.4273848539843,-0.00106630804518514
27.09118,45.42952,0.0010688379705428,45.4275387370761,-0.000912424953318253
27.10252,45.42765,-0.000801162029453906,45.4277017792485,-0.000749382780996836
27.11385,45.4247,-0.00375116202945236,45.4278612585883,-0.000589903441199068
27.12519,45.42664,-0.00181116202945475,45.428003775868,-0.000447386161448341
27.13653,45.42916,0.000708837970549325,45.4281161612107,-0.00033500081871506
27.14786,45.42766,-0.000791162029450732,45.4281867953936,-0.000264366635871952
27.15919,45.42963,0.0011788379705493,45.4282072307689,-0.000243931260587121
27.17051,45.42866,0.000208837970546938,45.4281737761243,-0.000277385905186813
27.18184,45.42951,0.00105883797054673,45.4280886280495,-0.000362533979988449
27.19316,45.42856,0.000108837970543618,45.4279602007576,-0.000490961271892174
27.20451,45.42778,-0.000671162029455274,45.4278024784161,-0.000648683613309437
27.21584,45.42768,-0.000771162029451489,45.4276334356311,-0.000817726398395387
27.22717,45.42572,-0.00273116202945545,45.4274727853858,-0.00097837664361063
27.2385,45.42735,-0.00110116202945676,45.4273394584868,-0.0011117035426576
27.24983,45.427,-0.00145116202945417,45.4272492519773,-0.00120191005213634
27.26116,45.42482,-0.0036311620294569,45.4272130055267,-0.00123815650273124
27.2725,45.42958,0.00112883797054764,45.4272355139154,-0.00121564811410002
27.28384,45.42793,-0.000521162029450295,45.427315211375,-0.00113595065444555
27.29518,45.42818,-0.000271162029456207,45.4274445229517,-0.00100663907779907
27.30651,45.42435,-0.00410116202945687,45.4276107298171,-0.000840432212388555
27.31784,45.42901,0.000558837970544346,45.4277972520095,-0.000653910019981413
27.32913,45.42669,-0.00176116202945309,45.4279853218146,-0.000465840214820152
27.34046,45.42872,0.000268837970544666,45.4281559922011,-0.000295169828375894
27.35178,45.42985,0.00139883797054807,45.4282922978529,-0.000158864176516123
27.3631,45.42747,-0.000981162029454197,45.4283812602679,-6.99017615998914e-05
27.37441,45.43098,0.00252883797054437,45.4284153877467,-3.57742827856742e-05
27.38575,45.42966,0.00120883797054461,45.4283933858105,-5.77762189717662e-05
27.3971,45.42528,-0.003171162029453,45.4283199455402,-0.000131216489215116
27.40843,45.42973,0.00127883797054551,45.428204681574,-0.000246480455461404
27.41977,45.42673,-0.0017211620294546,45.4280604799939,-0.000390682035551077
27.43112,45.42875,0.000298837970547083,45.4279016067083,-0.000549555321199916
27.44245,45.42532,-0.00313116202945452,45.4277419014448,-0.000709260584616475
27.45379,45.42971,0.00125883797054627,45.427593298744,-0.000857863285483049
27.46513,45.42659,-0.00186116202945641,45.4274648248698,-0.000986337159680197
27.47645,45.42588,-0.0025711620294544,45.4273621315578,-0.00108903047167794
27.48779,45.42912,0.000668837970543734,45.4272875550826,-0.00116360694684008
27.49913,45.42566,-0.00279116202945318,45.4272406340827,-0.00121052794680547
27.51046,45.42819,-0.000261162029453033,45.4272189665126,-0.00123219551687145
27.52181,45.42739,-0.00106116202945117,45.4272192360141,-0.00123192601538939
27.53312,45.42708,-0.0013711620294572,45.4272382107838,-0.00121295124561357
27.54444,45.42766,-0.000791162029450732,45.4272735222611,-0.00117763976837578
27.55577,45.42929,0.000838837970547957,45.427324061885,-0.00112710014443361
27.5671,45.42727,-0.00118116202945373,45.4273898920575,-0.00106126997195115
27.5784,45.42775,-0.000701162029450586,45.4274716670282,-0.000979495001264798
27.58973,45.4264,-0.00205116202945277,45.4275697095036,-0.000881452525829898
27.60106,45.42439,-0.00406116202945128,45.4276830483317,-0.000768113697733558
27.6124,45.4277,-0.000751162029452246,45.4278087969213,-0.000642365108147128
27.62375,45.42899,0.000538837970545103,45.4279421569553,-0.00050900507415879
27.63508,45.42866,0.000208837970546938,45.4280770776873,-0.000374084342191295
27.64643,45.43002,0.00156883797054519,45.4282073189347,-0.000243843094705136
27.65776,45.42831,-0.00014116202945047,45.4283275199291,-0.000123642100350176
27.66911,45.42886,0.000408837970546472,45.4284339305979,-1.7231431515267e-05
27.68044,45.42779,-0.0006611620294521,45.4285246510196,7.3488990118611e-05
27.69179,45.4283,-0.000151162029453644,45.4285994324315,0.000148270402022196
27.70313,45.42748,-0.000971162029451023,45.4286592297124,0.000208067682971421
27.71442,45.42994,0.00148883797054822,45.4287057254883,0.000254563458824445
27.72575,45.42725,-0.00120116202945297,45.4287409864237,0.000289824394283326
27.73708,45.428,-0.000451162029456498,45.4287673107087,0.000316148679249748
27.74844,45.43042,0.00196883797054426,45.4287872231456,0.000336061116113167
27.75975,45.43127,0.00281883797054405,45.4288034833708,0.000352321341369021
27.77109,45.42919,0.000738837970544637,45.4288189195442,0.000367757514784856
27.78243,45.42734,-0.00111116202945283,45.4288359541824,0.000384792152964126
27.79378,45.42731,-0.00114116202945524,45.4288558786971,0.000404716667643966
27.80512,45.4278,-0.000651162029456032,45.428878149479,0.000426987449506359
27.81644,45.42785,-0.000601162029454372,45.4289000500977,0.000448888068200774
27.82775,45.43118,0.00272883797054391,45.4289169266876,0.000465764658139705
27.8391,45.42847,1.88379705434727e-05,45.4289229489603,0.000471786930821511
27.85044,45.43088,0.00242883797054816,45.4289121349522,0.000460972922703291
27.86179,45.42995,0.00149883797054429,45.4288793141693,0.000428152139847355
27.87315,45.42563,-0.00282116202945559,45.4288208031524,0.000369641122907884
27.88447,45.42939,0.000938837970544171,45.4287347546158,0.000283592586355526
27.8958,45.42894,0.000488837970543443,45.4286212974195,0.000170135390086268
27.90716,45.42644,-0.00201116202945428,45.4284826171663,3.14551367970885e-05
27.91848,45.42979,0.00133883797054324,45.4283230407388,-0.000128121290671496
27.92982,45.43033,0.00187883797054411,45.428149064284,-0.000302097745480134
27.94116,45.42717,-0.00128116202945705,45.4279691803498,-0.000481981679618684
27.95252,45.42754,-0.000911162029453294,45.4277933657176,-0.000657796311850948
27.96387,45.42782,-0.000631162029456789,45.4276321979784,-0.000818964051085203
27.97521,45.42787,-0.000581162029455129,45.4274957123025,-0.000955449726955871
27.98654,45.42717,-0.00128116202945705,45.4273922030904,-0.00105895893900255
27.9979,45.42519,-0.00326116202945315,45.4273272029755,-0.00112395905400213
28.00924,45.42564,-0.00281116202945242,45.4273028623041,-0.00114829972538623
28.02055,45.42949,0.00103883797054749,45.427317888655,-0.00113327337443877
28.03187,45.42778,-0.000671162029455274,45.427368051861,-0.00108311016843432
28.04318,45.42888,0.000428837970545715,45.4274470650554,-0.0010040969740751
28.05452,45.42603,-0.00242116202945653,45.4275475470576,-0.000903614971871774
28.06585,45.42787,-0.000581162029455129,45.4276618250453,-0.000789336984175002
28.07719,45.4295,0.00104883797054356,45.4277824764343,-0.000668685595124868
28.08854,45.42688,-0.00157116202945673,45.4279026210139,-0.000548541015580187
28.09986,45.4265,-0.00195116202945655,45.4280160306185,-0.000435131410995899
28.1112,45.42911,0.000658837970547665,45.4281171582396,-0.000334003789893284
28.12252,45.42753,-0.000921162029456468,45.4282011981492,-0.000249963880224465
28.13384,45.42892,0.0004688379705442,45.428264242481,-0.000186919548467422
28.14517,45.42845,-1.16202945577015e-06,45.4283035197679,-0.000147642261535188
28.1565,45.4283,-0.000151162029453644,45.4283176481663,-0.000133513863123431
28.16783,45.42842,-3.11620294510817e-05,45.42830683664,-0.000144325389494275
28.17914,45.4276,-0.000851162029455566,45.428273001248,-0.00017816078149158
28.19047,45.42708,-0.0013711620294572,45.4282197968467,-0.000231365182751275
28.20182,45.43025,0.00179883797054714,45.4281525660761,-0.000298595953394101
28.21313,45.42801,-0.000441162029453324,45.4280781666456,-0.00037299538381569
28.22445,45.42836,-9.11620294559157e-05,45.4280045889187,-0.000446573110735835
28.23577,45.42881,0.000358837970544812,45.427940281228,-0.000510880801494864
28.24711,45.42669,-0.00176116202945309,45.4278931846547,-0.00055797737476786
28.25846,45.42785,-0.000601162029454372,45.4278695996679,-0.000581562361575141
28.26979,45.4274,-0.0010511620294551,45.4278730994911,-0.000578062538344586
28.28114,45.42733,-0.001121162029456,45.4279037294251,-0.000547432604324704
28.29248,45.42773,-0.000721162029456934,45.4279576840381,-0.000493477991400996
28.30379,45.42793,-0.000521162029450295,45.4280275597817,-0.000423602247743815
28.31515,45.42886,0.000408837970546472,45.4281031719734,-0.000347990056074202
28.32648,45.42593,-0.00252116202945274,45.4281728290529,-0.000278332976568556
28.33782,45.42994,0.00148883797054822,45.4282248877963,-0.000226274233182347
28.34914,45.42908,0.000628837970545248,45.42824936351,-0.000201798519411228
28.36046,45.42968,0.00122883797054385,45.4282393326141,-0.000211829415370333
28.37179,45.42613,-0.00232116202945321,45.4281918749115,-0.000259287117932834
28.38311,45.43024,0.00178883797054397,45.4281083983295,-0.000342763699960688
28.39443,45.42716,-0.00129116202945312,45.4279943385124,-0.000456823517016
28.40578,45.42764,-0.00081116202945708,45.42785835225,-0.000592809779454665
28.4171,45.42603,-0.00242116202945653,45.4277111934863,-0.000739968543124184
28.42844,45.42941,0.000958837970543414,45.4275644803886,-0.000886681640805529
28.43978,45.42667,-0.00178116202945233,45.4274295293983,-0.00102163263120063
28.45111,45.42712,-0.0013311620294516,45.427316359727,-0.00113480230248775
28.46245,45.42667,-0.00178116202945233,45.427232907837,-0.00121825419243198
28.47382,45.42753,-0.000921162029456468,45.4271844609701,-0.00126670105938974
28.48516,45.42818,-0.000271162029456207,45.427173294179,-0.00127786785048117
28.49649,45.42933,0.000878837970546442,45.4271984625121,-0.00125269951739249
28.5078,45.42452,-0.00393116202945265,45.4272557035837,-0.00119545844573153
28.51913,45.42583,-0.00262116202945606,45.4273374886141,-0.00111367341537343
28.53045,45.42831,-0.00014116202945047,45.4274333732342,-0.00101778879530126
28.54176,45.42657,-0.00188116202945565,45.4275308225871,-0.000920339442386405
28.55308,45.42776,-0.000691162029454517,45.4276165656311,-0.000834596398313764
28.56441,45.42606,-0.00239116202945411,45.4276783484339,-0.000772813595560549
28.57572,45.43075,0.00229883797054953,45.4277068014129,-0.000744360616585642
28.58704,45.43011,0.00165883797054533,45.4276970361362,-0.000754125893237988
28.59838,45.42683,-0.00162116202945128,45.4276495643384,-0.000801597691074075
28.60973,45.42861,0.000158837970545278,45.4275702477651,-0.00088091426434096
28.62108,45.42677,-0.00168116202945612,45.4274692498097,-0.000981912219771366
28.63242,45.42486,-0.00359116202945131,45.4273592550423,-0.00109190698714087
28.64374,45.42645,-0.00200116202945111,45.4272534068524,-0.00119775517704926
28.65508,45.42957,0.00111883797054446,45.4271634178278,-0.00128774420161499
28.66642,45.4257,-0.00275116202945469,45.4270981585453,-0.00135300348419163
28.67777,45.42736,-0.00109116202945359,45.4270628357872,-0.001388326242261
28.68912,45.42629,-0.00216116202945216,45.4270587495085,-0.00139241252099363
28.70046,45.4261,-0.00235116202945562,45.4270835870006,-0.00136757502885027
28.71176,45.42723,-0.00122116202945222,45.4271321919409,-0.00131897008854374
28.72308,45.42889,0.000438837970548889,45.4271976724225,-0.00125348960698024
28.73443,45.42903,0.000578837970543589,45.4272726080466,-0.00117855398290011
28.74577,45.42719,-0.0012611620294507,45.42735006619,-0.00110109583944075
28.75713,45.42569,-0.00276116202945076,45.4274242166622,-0.00102694536723461
28.76846,45.42799,-0.000461162029452566,45.4274905214721,-0.000960640557348522
28.7798,45.42834,-0.000111162029455159,45.4275456508398,-0.000905511189692391
28.79114,45.42524,-0.00321116202945149,45.427587337155,-0.000863824874424655
28.80244,45.42641,-0.0020411620294567,45.4276143377255,-0.000836824303922069
28.81377,45.42913,0.000678837970546908,45.4276265892073,-0.000824572822187393
28.82511,45.42947,0.00101883797054825,45.4276255097035,-0.000825652325935348
28.83644,45.42698,-0.00147116202945341,45.4276142608464,-0.000836901183021251
28.84777,45.43026,0.00180883797054321,45.4275977188063,-0.00085344322311718
28.8591,45.42566,-0.00279116202945318,45.427581995043,-0.000869166986489239
28.87044,45.42595,-0.0025011620294535,45.4275735488397,-0.000877613189723543
28.88176,45.42812,-0.000331162029453935,45.4275781219655,-0.000873040063949036
28.89309,45.42702,-0.00143116202945492,45.4275997959146,-0.000851366114882322
28.90444,45.4283,-0.000151162029453644,45.4276403991072,-0.000810762922235742
28.91579,45.42683,-0.00162116202945128,45.4276993473858,-0.000751814643686508
28.92712,45.42747,-0.000981162029454197,45.4277738834485,-0.00067727858094259
28.93844,45.42842,-3.11620294510817e-05,45.4278596176458,-0.000591544383613723
28.94978,45.42892,0.0004688379705442,45.4279512311672,-0.000499930862226475
28.96116,45.42907,0.00061883797054918,45.4280431697838,-0.000407992245660131
28.97253,45.42714,-0.00131116202945236,45.4281301674324,-0.000320994597027815
28.98387,45.4286,0.000148837970549209,45.4282075244459,-0.000243637583541517
28.99522,45.42698,-0.00147116202945341,45.4282711923724,-0.000179969657081781
29.00656,45.42796,-0.000491162029454983,45.4283178086911,-0.00013335333836371
29.01791,45.42791,-0.000541162029456643,45.4283448269492,-0.00010633508020952
29.02922,45.43011,0.00165883797054533,45.4283508056995,-0.000100356329926291
29.04053,45.42742,-0.00103116202945586,45.428335803457,-0.000115358572486444
29.05182,45.42763,-0.000821162029453149,45.428301743225,-0.000149418804451469
29.06315,45.43013,0.00167883797054458,45.4282525935901,-0.000198568439389862
29.07447,45.42973,0.00127883797054551,45.4281942411078,-0.000256920921688054
29.0858,45.4268,-0.0016511620294537,45.4281339769014,-0.000317185128035751
29.09712,45.42807,-0.000381162029455595,45.4280796130686,-0.000371548960818967
29.10846,45.42675,-0.00170116202945536,45.4280383859482,-0.00041277608126828
29.1198,45.42804,-0.000411162029450907,45.4280159161801,-0.000435245849332304
29.13114,45.42595,-0.0025011620294535,45.4280154959478,-0.000435666081609578
29.14247,45.43121,0.00275883797054632,45.4280378610776,-0.000413300951880789
29.1538,45.4264,-0.00205116202945277,45.4280814449055,-0.000369717123986937
29.16513,45.4276,-0.000851162029455566,45.4281429785403,-0.000308183489193474
29.17644,45.42945,0.000998837970549005,45.4282182437681,-0.000232918261359023
29.18778,45.4293,0.000848837970544025,45.4283027829028,-0.000148379126673518
29.19914,45.42926,0.00080883797054554,45.4283923851574,-5.87768720351789e-05
29.21048,45.42949,0.00103883797054749,45.4284832184255,3.20563960184851e-05
29.22183,45.42489,-0.003561162029456,45.4285716030895,0.000120441060038649
29.23314,45.43019,0.00173883797054941,45.4286536021805,0.0002024401510747
29.24448,45.42622,-0.00223116202945306,45.428724720698,0.000273558668498492
29.2558,45.42866,0.000208837970546938,45.4287799772959,0.000328815266407639
29.26713,45.42925,0.000798837970549471,45.4288144444812,0.000363282451702568
29.27848,45.43118,0.00272883797054391,45.4288241339931,0.000372971963673584
29.28981,45.42878,0.0003288379705495,45.4288069296196,0.000355767590159689
29.30114,45.43097,0.0025188379705483,45.4287632239605,0.000312061931015659
29.31248,45.42549,-0.00296116202945029,45.4286960338594,0.000244871829913334
29.32382,45.42812,-0.000331162029453935,45.4286105901319,0.000159428102485187
29.33513,45.43038,0.00192883797054577,45.428513584091,6.24220615971571e-05
29.34645,45.42767,-0.000781162029454663,45.4284123007215,-3.88613079445123e-05
29.35777,45.42845,-1.16202945577015e-06,45.4283137989558,-0.000137363073628328
29.36911,45.42754,-0.000911162029453294,45.4282242273856,-0.000226934643805338
29.38042,45.42579,-0.00266116202945454,45.4281483477955,-0.000302814233963647
29.39174,45.43142,0.00296883797054903,45.4280893260981,-0.000361835931356301
29.40309,45.42753,-0.000921162029456468,45.428048778878,-0.000402383151492488
29.41442,45.42831,-0.00014116202945047,45.4280269659024,-0.000424196127022225
29.42575,45.42805,-0.000401162029454838,45.4280229867678,-0.000428175261678973
29.43709,45.42722,-0.00123116202945539,45.4280349061942,-0.000416255835296073
29.4484,45.42802,-0.000431162029457255,45.4280598298823,-0.000391332147190674
29.45973,45.42839,-6.11620294534987e-05,45.428094000121,-0.000357161908459597
29.47108,45.42918,0.000728837970548568,45.4281329629852,-0.000318199044297136
29.4824,45.42778,-0.000671162029455274,45.4281718212828,-0.000279340746614016
29.49372,45.42506,-0.00339116202945178,45.4282055804995,-0.00024558153000577
29.50506,45.4296,0.00114883797054688,45.4282296169464,-0.000221545083038618
29.51641,45.42929,0.000838837970547957,45.4282402800691,-0.000210881960373936
29.52774,45.42911,0.000658837970547665,45.4282355420783,-0.000215619951131219
29.53909,45.42821,-0.00024116202945379,45.4282155013739,-0.000235660655505924
29.55042,45.42843,-2.1162029455013e-05,45.4281825472669,-0.000268614762582991
29.56175,45.42648,-0.0019711620294558,45.4281411131661,-0.000310048863303701
29.57305,45.42882,0.000368837970547986,45.428097084423,-0.000354077606408928
29.58437,45.42917,0.000718837970545394,45.4280569928159,-0.000394169213550803
29.59572,45.42699,-0.00146116202945024,45.4280271147043,-0.000424047325119214
29.60708,45.42921,0.00075883797054388,45.428012557026,-0.000438605003458264
29.61842,45.42821,-0.00024116202945379,45.428016424518,-0.000434737511459033
29.62974,45.42505,-0.00340116202945495,45.4280392139993,-0.000411948030128182
29.64107,45.42639,-0.00206116202945594,45.4280786295549,-0.000372532474577586
29.65241,45.42903,0.000578837970543589,45.4281299856813,-0.000321176348197845
29.66374,45.43007,0.00161883797054685,45.4281872072131,-0.000263954816336411
29.67506,45.42958,0.00112883797054764,45.4282441882535,-0.000206973775930049
29.6864,45.42791,-0.000541162029456643,45.4282960989475,-0.000155063081936263
29.69774,45.42809,-0.000361162029456352,45.4283402585107,-0.000110903518751924
29.70905,45.42987,0.00141883797054732,45.4283763843498,-7.47776797032668e-05
29.72039,45.42831,-0.00014116202945047,45.4284062362772,-4.49257522979871e-05
29.73171,45.42576,-0.00269116202945696,45.4284328176919,-1.83443375958209e-05
29.74299,45.42966,0.00120883797054461,45.4284593777772,8.21574776950799e-06
29.75434,45.4287,0.000248837970545424,45.4284884827512,3.73207217612768e-05
29.76568,45.4264,-0.00205116202945277,45.4285213712256,7.02091961760599e-05
29.77703,45.42886,0.000408837970546472,45.4285577029101,0.000106540880687939
29.78838,45.43095,0.00249883797054906,45.4285957009567,0.000144538927293795
29.79973,45.42849,3.88379705427155e-05,45.4286325965008,0.000181434471329853
29.81108,45.42613,-0.00232116202945321,45.4286652342692,0.000214072239771888
29.82244,45.42883,0.000378837970544055,45.4286907232485,0.000239561219059473
29.83378,45.42995,0.00149883797054429,45.4287070696728,0.000255907643314912
29.84513,45.42989,0.00143883797054656,45.42871371492,0.000262552890540766
29.85649,45.42895,0.000498837970546617,45.4287118274985,0.000260665469044718
29.86783,45.4293,0.000848837970544025,45.4287041851133,0.000253023083886622
29.87916,45.42796,-0.000491162029454983,45.4286945941464,0.000243432116912622
29.8905,45.42781,-0.000641162029452857,45.4286869677806,0.000235805751167423
29.90184,45.42845,-1.16202945577015e-06,45.4286843171159,0.000233155086398253
29.91319,45.42809,-0.000361162029456352,45.4286879423864,0.000236780356897706
29.92454,45.4291,0.000648837970544491,45.4286970447801,0.000245882750648596
29.93588,45.42804,-0.000411162029450907,45.4287088587373,0.000257696707890531
29.94723,45.42854,8.88379705443754e-05,45.4287192853681,0.000268123338672054
29.95856,45.42842,-3.11620294510817e-05,45.4287239169851,0.00027275495569102
29.96989,45.42879,0.000338837970545569,45.4287192721467,0.000268110117263395
29.98122,45.42947,0.00101883797054825,45.4287039937943,0.000252831764885604
29.99255,45.43122,0.0027688379705495,45.428679708154,0.00022854612449427
30.00387,45.42996,0.00150883797054746,45.4286512416574,0.000200079627950043
30.01519,45.42771,-0.000741162029456177,45.4286260044165,0.000174842387063154
30.02651,45.42786,-0.000591162029451198,45.4286125874478,0.00016142541839406
30.03783,45.42646,-0.00199116202945504,45.4286189052753,0.000167743245895035
30.04915,45.42734,-0.00111116202945283,45.4286503959479,0.0001992339184544
30.06046,45.42986,0.00140883797054414,45.4287087626422,0.000257600612788638
30.07179,45.42873,0.000278837970547841,45.4287915276745,0.000340365645025366
30.08312,45.42831,-0.00014116202945047,45.4288923978308,0.000441235801373508
30.09443,45.43018,0.00172883797054624,45.429002242177,0.000551080147583694
30.10575,45.42954,0.00108883797054915,45.4291104067058,0.000659244676362305
30.11707,45.42952,0.0010688379705428,45.4292061006589,0.000754938629416509
30.12837,45.42823,-0.000221162029454547,45.4292796494393,0.000828487409808785
30.13971,45.42992,0.00146883797054898,45.4293234978503,0.000872335820817416
30.15104,45.42931,0.000858837970547199,45.4293329277398,0.000881765710364003
30.16238,45.4297,0.00124883797054309,45.4293064896555,0.000855327626066141
30.17371,45.42871,0.000258837970548598,45.4292461484938,0.000794986464325873
30.18502,45.42936,0.000908837970548859,45.429157145347,0.000705983317586066
30.19636,45.42817,-0.000281162029452275,45.4290475921304,0.000596430100923867
30.2077,45.43063,0.00217883797054697,45.4289278212863,0.000476659256882888
30.21902,45.42904,0.000588837970546763,45.4288094999597,0.000358337930210567
30.23033,45.42805,-0.000401162029454838,45.4287045128965,0.00025335086702289
30.24165,45.42917,0.000718837970545394,45.4286236568173,0.000172494787800687
30.25299,45.42859,0.000138837970546035,45.4285752665545,0.000124104525048673
30.26434,45.42757,-0.000881162029450877,45.4285639652874,0.000112803257973671
30.2757,45.42896,0.000508837970542686,45.4285897655737,0.000138603544237745
30.28702,45.42639,-0.00206116202945594,45.4286477418328,0.000196579803348301
30.29836,45.42831,-0.00014116202945047,45.4287284435077,0.000277281478244034
30.30969,45.42905,0.000598837970542831,45.4288191040954,0.000367942065916576
30.32103,45.42934,0.000888837970549616,45.4289055242727,0.000454362243261264
30.33236,45.42994,0.00148883797054822,45.4289743133751,0.00052315134564365
30.34368,45.4304,0.00194883797054501,45.4290150429806,0.00056388095110098
30.35499,45.42946,0.00100883797054507,45.4290218601814,0.000570698151975346
30.36633,45.43008,0.00162883797054292,45.4289942301856,0.000543068156127175
30.37766,45.4291,0.000648837970544491,45.4289366877059,0.000485525676429549
30.38899,45.4266,-0.00185116202945323,45.4288577161572,0.000406554127731805
30.40033,45.42845,-1.16202945577015e-06,45.4287680774757,0.000316915446259659
30.41168,45.42848,2.88379705466468e-05,45.4286790147309,0.0002278527014893
30.423,45.42813,-0.000321162029450761,45.4286007049311,0.000149542901639279
30.43434,45.42854,8.88379705443754e-05,45.4285411851765,9.00231470542021e-05
30.44566,45.42791,-0.000541162029456643,45.4285058000545,5.46380250172289e-05
30.45701,45.431,0.00254883797054362,45.4284970853256,4.59232961519245e-05
30.46838,45.42947,0.00101883797054825,45.4285149298922,6.37678627443487e-05
30.47975,45.42623,-0.00222116202945699,45.4285568637518,0.000105701722366209
30.49108,45.4264,-0.00205116202945277,45.4286184174005,0.000167255371070667
30.50244,45.43024,0.00178883797054397,45.4286936186636,0.000242456634178789
30.51372,45.42901,0.000558837970544346,45.4287757039354,0.00032454190598728
30.52504,45.43049,0.00203883797054516,45.4288579876529,0.000406825623455341
30.53637,45.42859,0.000138837970546035,45.4289346874712,0.000483525441719083
30.54771,45.42905,0.000598837970542831,45.4290014862964,0.000550324266959302
30.55905,45.42829,-0.000161162029456818,45.4290557269433,0.000604564913839286
30.5704,45.42943,0.000978837970549762,45.4290962741933,0.000645112163848711
30.58171,45.43018,0.00172883797054624,45.4291231546232,0.000671992593700339
30.59302,45.4276,-0.000851162029455566,45.4291370917961,0.0006859297666403
30.60435,45.42953,0.00107883797054598,45.4291390424965,0.000687880467093822
30.61568,45.42802,-0.000431162029457255,45.4291298384563,0.000678676426871877
30.62701,45.42953,0.00107883797054598,45.4291100245217,0.00065886249221039
30.63834,45.42829,-0.000161162029456818,45.429079927491,0.000628765461509926
30.64968,45.43153,0.00307883797054842,45.4290399006116,0.000588738582189434
30.66099,45.42874,0.000288837970543909,45.4289906131386,0.000539451109097547
30.67232,45.42767,-0.000781162029454663,45.4289332424915,0.000482080462025256
30.68364,45.4291,0.000648837970544491,45.4288694937163,0.000418331686852627
30.69496,45.42968,0.00122883797054385,45.4288014659213,0.000350303891854626
30.70629,45.42764,-0.00081116202945708,45.4287314332316,0.000280271202183729
30.71763,45.42953,0.00107883797054598,45.4286615979492,0.000210435919707565
30.72896,45.42866,0.000208837970546938,45.4285938551492,0.000142693119726216
30.74028,45.42822,-0.000231162029450616,45.4285296111615,7.84491320893175e-05
30.75161,45.42657,-0.00188116202945565,45.4284697148228,1.85527933688134e-05
30.76293,45.42853,7.88379705483067e-05,45.4284145656467,-3.65963827503177e-05
30.77426,45.42944,0.000988837970545831,45.4283644207905,-8.67412389589087e-05
30.78562,45.42938,0.000928837970548102,45.4283198185965,-0.000131343432948123
30.79696,45.42985,0.00139883797054807,45.4282819313063,-0.000169230723156564
30.80829,45.42613,-0.00232116202945321,45.4282526538082,-0.000198508221276833
30.81962,45.42806,-0.000391162029451664,45.428234358313,-0.000216803716465727
30.83094,45.42759,-0.000861162029451634,45.4282294076025,-0.000221754426969375
30.84226,45.43105,0.00259883797054528,45.4282395986367,-0.00021156339271189
30.85358,45.4268,-0.0016511620294537,45.4282656765067,-0.000185485522753357
30.86494,45.42631,-0.00214116202945291,45.428307005625,-0.000144156404410465
30.87626,45.42791,-0.000541162029456643,45.4283614845706,-8.96774588116479e-05
30.88756,45.43001,0.00155883797054912,45.4284257916641,-2.53703653610577e-05
30.89887,45.42794,-0.000511162029454226,45.428495961788,4.4799758505846e-05
30.91019,45.42873,0.000278837970547841,45.4285681484736,0.000116986444163602
30.92152,45.43056,0.00210883797054606,45.4286393307401,0.000188168710675842
30.93284,45.42892,0.0004688379705442,45.4287077348617,0.000256572832201635
30.94418,45.42819,-0.000261162029453033,45.4287728329332,0.000321670903785752
30.9555,45.4292,0.000748837970547811,45.4288349205367,0.000383758507262428
30.96683,45.42894,0.000488837970543443,45.4288944278033,0.000443265773811189
30.97816,45.42612,-0.00233116202945638,45.4289512268796,0.000500064850149708
30.9895,45.42846,8.83797054740398e-06,45.4290042252506,0.000553063221181851
31.00086,45.42859,0.000138837970546035,45.4290514607846,0.000600298755108928
31.01221,45.42936,0.000908837970548859,45.4290907321524,0.000639570122922906
31.02353,45.43336,0.00490883797054664,45.4291205496611,0.000669387631626831
31.03486,45.42835,-0.000101162029451984,45.4291409962492,0.000689834219702709
31.04619,45.43168,0.00322883797054629,45.4291540759636,0.000702913934137755
31.05751,45.42643,-0.00202116202945035,45.429163333149,0.000712171119566909
31.06886,45.42826,-0.00019116202945213,45.4291728492794,0.00072168724992171
31.0802,45.42921,0.00075883797054388,45.4291859906367,0.000734828607218553
31.0915,45.42717,-0.00128116202945705,45.4292043594336,0.000753197404163512
31.10282,45.42986,0.00140883797054414,45.4292272870799,0.000776125050407567
31.11416,45.42962,0.00116883797054612,45.429251990746,0.000800828716545654
31.12548,45.42858,0.000128837970542861,45.4292742946445,0.000823132615081122
31.1368,45.4314,0.00294883797054268,45.4292896600064,0.000838497976938279
31.14812,45.42971,0.00125883797054627,45.4292942013979,0.0008430393684675
31.15945,45.4296,0.00114883797054688,45.4292853970057,0.000834234976248736
31.17079,45.43057,0.00211883797054924,45.4292623179034,0.0008111558739673
31.18211,45.42726,-0.0011911620294569,45.4292253796818,0.000774217652310435
31.19346,45.42645,-0.00200116202945111,45.4291758030556,0.000724641026119527
31.2048,45.43086,0.00240883797054892,45.4291150767421,0.000663914712683411
31.21613,45.42913,0.000678837970546908,45.429044677163,0.000593515133520244
31.22746,45.42764,-0.00081116202945708,45.4289661301771,0.000514968147674157
31.23877,45.43049,0.00203883797054516,45.4288813135223,0.000430151492887453
31.25011,45.43002,0.00156883797054519,45.4287927967129,0.00034163468341324
31.26143,45.42831,-0.00014116202945047,45.4287040076405,0.000252845611009053
31.27273,45.42821,-0.00024116202945379,45.4286190785993,0.000167916569878074
31.28403,45.42899,0.000538837970545103,45.4285423415301,9.11795006341808e-05
31.29535,45.4303,0.0018488379705488,45.4284775662977,2.6404268239838e-05
31.30668,45.42624,-0.00221116202945382,45.4284271209453,-2.40410841723472e-05
31.318,45.42577,-0.00268116202945379,45.428391288956,-5.98730734756934e-05
31.32933,45.42865,0.000198837970543764,45.4283680102803,-8.31517491460558e-05
31.34067,45.42714,-0.00131116202945236,45.4283532519878,-9.79100416803318e-05
31.35198,45.43119,0.00273883797054708,45.4283420084581,-0.000109153571367154
31.36328,45.42793,-0.000521162029450295,45.4283296597328,-0.00012150229665693
31.37463,45.43253,0.00407883797054609,45.4283132408244,-0.000137921205052958
31.38595,45.42496,-0.0034911620294551,45.4282921972364,-0.000158964793048951
31.39729,45.42907,0.00061883797054918,45.4282684057639,-0.000182756265531709
31.40863,45.42921,0.00075883797054388,45.4282455107475,-0.000205651281986847
31.41997,45.42721,-0.00124116202945146,45.4282278294002,-0.000223332629266924
31.43129,45.42665,-0.00180116202945158,45.4282191625091,-0.000231999520376109
31.44262,45.42686,-0.00159116202945597,45.4282218455237,-0.000229316505753159
31.45394,45.42881,0.000358837970544812,45.428236310588,-0.00021485144145294
31.46524,45.42799,-0.000461162029452566,45.4282612778351,-0.00018988419436903
31.47656,45.42913,0.000678837970546908,45.4282944769692,-0.000156685060231374
31.48789,45.429,0.000548837970548277,45.4283336124362,-0.000117549593231971
31.49922,45.43057,0.00211883797054924,45.4283772071374,-7.39548920093076e-05
31.51057,45.42894,0.000488837970543443,45.4284250088904,-2.61531391047059e-05
31.52189,45.42729,-0.00116116202945449,45.4284778066197,2.66445902544203e-05
31.53322,45.42794,-0.000511162029454226,45.4285367401717,8.55781422815314e-05
31.54455,45.42535,-0.0031011620294521,45.4286024069965,0.000151244967068847
31.55588,45.43073,0.00227883797054318,45.4286741530273,0.000222990997889959
31.56722,45.42831,-0.00014116202945047,45.4287498307378,0.00029866870839645
31.57857,45.42795,-0.000501162029451052,45.4288260831171,0.000374921087611517
31.58993,45.43145,0.00299883797054434,45.4288990044429,0.000447842413465061
31.60126,45.42793,-0.000521162029450295,45.4289649260429,0.000513764013422846
31.6126,45.4305,0.00204883797054833,45.4290210783829,0.000569916353420956
31.62391,45.42802,-0.000431162029457255,45.4290659571573,0.000614795127801639
31.63524,45.43053,0.00207883797054365,45.4290993382051,0.00064817617561902
31.64655,45.42713,-0.00132116202945554,45.4291220037774,0.000670841747978454
31.65787,45.42896,0.000508837970542686,45.4291353247839,0.000684162754426923
31.66924,45.42908,0.000628837970545248,45.4291408688879,0.000689706858430986
31.68058,45.42859,0.000138837970546035,45.4291401602194,0.000688998189990261
31.69192,45.43016,0.00170883797054699,45.4291346148738,0.00068345284439234
31.70326,45.42962,0.00116883797054612,45.4291255659352,0.000674403905771627
31.7146,45.42935,0.000898837970545685,45.4291142289023,0.00066306687280466
31.72594,45.43144,0.00298883797054827,45.4291014739064,0.000650311876911098
31.73729,45.42727,-0.00118116202945373,45.4290873665069,0.000636204477439221
31.74862,45.42757,-0.000881162029450877,45.4290705907418,0.000619428712370247
31.75994,45.42744,-0.00101116202945661,45.4290480159429,0.000596853913470378
31.77128,45.43003,0.00157883797054836,45.4290147156822,0.000563553652750611
31.78262,45.42735,-0.00110116202945676,45.4289646297126,0.000513467683161533
31.79395,45.43032,0.00186883797054804,45.4288918273738,0.00044066534430512
31.80526,45.42999,0.00153883797054277,45.4287921070861,0.000340945056659971
31.81658,45.42913,0.000678837970546908,45.4286645420923,0.000213380062850666
31.8279,45.42803,-0.000421162029454081,45.4285125845163,6.14224868173465e-05
31.83922,45.42876,0.000308837970543152,45.42834444971,-0.000106712319426645
31.85055,45.42988,0.00142883797054338,45.4281726592582,-0.000278502771281581
31.86187,45.42953,0.00107883797054598,45.4280127607735,-0.000438401255986847
31.8732,45.42532,-0.00313116202945452,45.4278813700533,-0.000569791976173132
31.88455,45.4259,-0.00255116202945516,45.4277938365777,-0.000657325451709159
31.89585,45.42789,-0.000561162029455886,45.4277619784419,-0.000689183587604019
31.90721,45.42758,-0.000871162029454808,45.4277923486003,-0.000658813429148708
31.91854,45.42773,-0.000721162029456934,45.4278853321089,-0.000565829920518696
31.92987,45.42899,0.000538837970545103,45.4280351345878,-0.000416027441633288
31.94122,45.4269,-0.00155116202945038,45.4282305414258,-0.000220620603629158
31.95253,45.42961,0.00115883797054295,45.4284562492767,5.08724726535457e-06
31.96384,45.42821,-0.00024116202945379,45.4286945583241,0.000243396294669606
31.97519,45.42898,0.000528837970549034,45.4289272195979,0.000476057568396128
31.98651,45.43023,0.0017788379705479,45.4291372392645,0.000686077235007772
31.99785,45.42965,0.00119883797054854,45.4293104582063,0.000859296176855789
32.0092,45.42818,-0.000271162029456207,45.4294367645796,0.000985602550152356
32.02052,45.42937,0.000918837970544928,45.4295108624447,0.00105970041523626
32.03185,45.43058,0.00212883797054531,45.4295325826022,0.0010814205727056
32.04316,45.42872,0.000268837970544666,45.4295067403842,0.00105557835473504
32.0545,45.4318,0.00334883797054886,45.4294425222237,0.000991360194201625
32.0658,45.42905,0.000598837970542831,45.4293523754233,0.000901213393855895
32.07714,45.42899,0.000538837970545103,45.4292504339817,0.000799271952241014
32.08849,45.42834,-0.000111162029455159,45.4291506345156,0.000699472486151144
32.09983,45.42915,0.000698837970546151,45.4290648048464,0.000613642816927715
32.11118,45.42733,-0.001121162029456,45.4290010722435,0.000549910214015515
32.12249,45.42727,-0.00118116202945373,45.4289629027339,0.000511740704451778
32.13382,45.42904,0.000588837970546763,45.4289489544592,0.000497792429757608
32.14513,45.43304,0.00458883797054455,45.4289537275717,0.000502565542253832
32.15643,45.42805,-0.000401162029454838,45.4289687764351,0.000517614405646929
32.16774,45.42899,0.000538837970545103,45.4289841356254,0.000532973595961483
32.17907,45.4277,-0.000751162029452246,45.4289896841185,0.0005385220890263
32.19039,45.42758,-0.000871162029454808,45.4289763555534,0.000525193523971984
32.20168,45.43024,0.00178883797054397,45.4289372188428,0.000486056813363881
32.21301,45.43161,0.00315883797054539,45.4288684142272,0.000417252197751835
32.22432,45.4266,-0.00185116202945323,45.4287698149722,0.000318652942748534
32.23565,45.42999,0.00153883797054277,45.4286452417727,0.000194079743221394
32.24698,45.42824,-0.000211162029451373,45.4285021438144,5.09817849104661e-05
32.25832,45.42676,-0.00169116202945219,45.4283508006174,-0.000100361412077579
32.26966,45.42926,0.00080883797054554,45.428203188598,-0.000247973431477131
32.28098,45.42957,0.00111883797054446,45.4280716663057,-0.000379495723741197
32.29234,45.42701,-0.00144116202945099,45.4279676004824,-0.000483561547092522
32.30366,45.42645,-0.00200116202945111,45.4279000430612,-0.000551118968228565
32.31498,45.42904,0.000588837970546763,45.4278746051684,-0.000576556861031991
32.32631,45.42738,-0.00107116202945434,45.4278927107386,-0.000558451290866554
32.33766,45.42593,-0.00252116202945274,45.427951389106,-0.000499772923497378
32.34898,45.42867,0.000218837970543007,45.4280436881805,-0.000407473848930836
32.3603,45.42906,0.000608837970546006,45.4281596881301,-0.000291473899398769
32.37164,45.42735,-0.00110116202945676,45.4282879784645,-0.000163183564911979
32.38296,45.42857,0.000118837970546792,45.428417354897,-3.38071324753659e-05
32.3943,45.4307,0.00224883797054787,45.4285384394224,8.72773929140181e-05
32.40563,45.42809,-0.000361162029456352,45.428644934777,0.000193772747594059
32.41697,45.43047,0.00201883797054592,45.428734281403,0.000283119373569785
32.42832,45.42828,-0.000171162029452887,45.4288076003519,0.000356438322491376
32.43966,45.42757,-0.000881162029450877,45.4288689736971,0.000417811667688184
32.45101,45.4283,-0.000151162029453644,45.4289242798076,0.000473117778120984
32.46232,45.42844,-1.11620294518389e-05,45.4289798882648,0.000528726235374659
32.47363,45.43021,0.00175883797054865,45.429041485016,0.000590322986514709
32.48495,45.42804,-0.000411162029450907,45.429113171287,0.000662009257565856
32.4963,45.43137,0.00291883797054737,45.4291968462937,0.000745684264248891
32.50761,45.42899,0.000538837970545103,45.4292918189807,0.000840656951212362
32.51894,45.429,0.000548837970548277,45.4293946171481,0.000943455118641269
32.53024,45.42796,-0.000491162029454983,45.4294990472036,0.00104788517411718
32.54156,45.42848,2.88379705466468e-05,45.429596643712,0.00114548168254153
32.55286,45.42817,-0.000281162029452275,45.4296776519667,0.00122648993725414
32.56421,45.43105,0.00259883797054528,45.4297325560801,0.00128139405066459
32.57553,45.43097,0.0025188379705483,45.4297539295252,0.00130276749578466
32.58688,45.4331,0.00464883797054938,45.4297381548287,0.00128699279924961
32.59821,45.42999,0.00153883797054277,45.4296864718915,0.00123530986208783
32.60953,45.4289,0.000448837970544957,45.4296049544364,0.00115379240697211
32.62086,45.42998,0.0015288379705467,45.4295033404422,0.00105217841270473
32.63218,45.42892,0.0004688379705442,45.4293930015809,0.000941839551480018
32.64349,45.42726,-0.0011911620294569,45.4292845784776,0.000833416448113736
32.65482,45.42647,-0.00198116202945187,45.4291858824321,0.000734720402620419
32.66617,45.43018,0.00172883797054624,45.4291005838926,0.000649421863174558
32.6775,45.42947,0.00101883797054825,45.429027988017,0.000576825987524364
32.68883,45.42765,-0.000801162029453906,45.4289638909939,0.000512728964411743
32.70019,45.43079,0.00233883797054801,45.4289022374634,0.000451075433991719
32.71148,45.42786,-0.000591162029451198,45.4288371520518,0.000385990022362431
32.72282,45.4297,0.00124883797054309,45.4287648863329,0.000313724303446869
32.73413,45.43179,0.00333883797054568,45.4286852534258,0.000234091396316778
32.74545,45.42948,0.00102883797054432,45.4286022035724,0.000151041542957319
32.75677,45.4271,-0.00135116202945085,45.4285233584621,7.21964326227924e-05
32.7681,45.42749,-0.000961162029454954,45.4284585846514,7.42262192541817e-06
32.77943,45.42756,-0.000891162029454051,45.4284179678699,-3.3194159527298e-05
32.79076,45.42912,0.000668837970543734,45.4284097062523,-4.14557771521313e-05
32.80212,45.42637,-0.00208116202945519,45.4284384058076,-1.27562218669042e-05
32.81345,45.42825,-0.000201162029455304,45.4285041056978,5.29436683613133e-05
32.82479,45.42902,0.00056883797054752,45.428602181418,0.000151019388570669
32.83613,45.42625,-0.00220116202945064,45.4287241007898,0.000272938760349493
32.84747,45.43134,0.00288883797054496,45.4288588344803,0.000407672450888435
32.8588,45.43276,0.00430883797054804,45.428994565148,0.000543403118558177
32.87015,45.42785,-0.000601162029454372,45.4291202535128,0.000669091483312644
32.88148,45.42895,0.000498837970546617,45.4292266867135,0.000775524684026181
32.8928,45.42886,0.000408837970546472,45.4293068703252,0.000855708295713436
32.9041,45.42947,0.00101883797054825,45.4293559037534,0.000904741723958194
32.91542,45.42724,-0.00121116202945615,45.4293706352331,0.000919473203663535
32.92677,45.43053,0.00207883797054365,45.4293493867527,0.000898224723247724
32.93813,45.42855,9.88379705475495e-05,45.429291935882,0.000840773852543848
32.94944,45.42773,-0.000721162029456934,45.4291998046693,0.00074864263985565
32.96077,45.43059,0.00213883797054848,45.4290767702635,0.00062560823406709
32.97208,45.43043,0.00197883797054743,45.4289293952894,0.000478233259942177
32.9834,45.42896,0.000508837970542686,45.4287672962761,0.000316134246629152
32.99474,45.43042,0.00196883797054426,45.4286028704201,0.000151708390698277
33.00605,45.42715,-0.00130116202945629,45.4284503246027,-8.374267063524e-07
33.01735,45.42864,0.000188837970547695,45.4283240647746,-0.000127097254864
33.02866,45.42731,-0.00114116202945524,45.4282367167959,-0.000214445233568262
33.03997,45.42684,-0.00161116202945522,45.4281971790203,-0.000253983009150781
33.05129,45.42764,-0.00081116202945708,45.4282091178357,-0.000242044193712312
33.06261,45.42914,0.000688837970542977,45.4282702183517,-0.000180943677729644
33.07393,45.42694,-0.0015111620294519,45.4283723322711,-7.88297583062589e-05
33.08527,45.42845,-1.16202945577015e-06,45.4285024834381,5.13214086668711e-05
33.09661,45.42997,0.00151883797054353,45.4286445479382,0.000193385908708725
33.10794,45.42931,0.000858837970547199,45.4287813306902,0.000330168660701708
33.11926,45.42812,-0.000331162029453935,45.4288967148284,0.000445552798977384
33.13058,45.42936,0.000908837970548859,45.4289775796315,0.000526417602025357
33.14193,45.43069,0.00223883797054469,45.4290152580588,0.00056409602937474
33.15326,45.42702,-0.00143116202945492,45.4290063902121,0.000555228182611213
33.16459,45.43042,0.00196883797054426,45.4289530995872,0.000501937557746905
33.17592,45.4313,0.00284883797054647,45.4288624857963,0.000411323766832772
33.18726,45.42693,-0.00152116202945507,45.4287455041179,0.000294342088445479
33.1986,45.42642,-0.00203116202945353,45.4286154046312,0.000164242601717373
33.20993,45.42797,-0.000481162029451809,45.4284860222685,3.48602390711539e-05
33.22127,45.42811,-0.000341162029457109,45.4283702566889,-8.09053405816001e-05
33.23255,45.42896,0.000508837970542686,45.4282789685258,-0.000172193503618938
33.24388,45.43169,0.00323883797054947,45.4282202943381,-0.000230867691348438
33.25522,45.42622,-0.00223116202945306,45.4281992087222,-0.000251953307250534
33.26654,45.42902,0.00056883797054752,45.4282171615938,-0.000234000435661781
33.27785,45.42665,-0.00180116202945158,45.4282717753042,-0.000179386725261182
33.28919,45.42787,-0.000581162029455129,45.4283567677208,-9.43943086685311e-05
33.30054,45.42719,-0.0012611620294507,45.4284623403977,1.11783682655964e-05
33.31186,45.42778,-0.000671162029455274,45.4285761967507,0.000125034721294253
33.32318,45.42848,2.88379705466468e-05,45.4286851743295,0.00023401230005954
33.33453,45.43167,0.00321883797054312,45.4287772483606,0.000326086331148604
33.34588,45.43095,0.00249883797054906,45.4288434638807,0.000392301851229879
33.35723,45.43044,0.0019888379705435,45.4288792826958,0.000428120666384842
33.36856,45.42784,-0.000611162029450441,45.4288849764149,0.000433814385405687
33.37991,45.42589,-0.00256116202945122,45.4288650347392,0.000413872709789163
33.39125,45.42979,0.00133883797054324,45.428826921325,0.000375759295525582
33.40258,45.42545,-0.00300116202945588,45.4287796939979,0.000328531968419378
33.4139,45.42831,-0.00014116202945047,45.4287329288193,0.000281766789867657
33.42521,45.43083,0.0023788379705465,45.4286961202479,0.000244958218429322
33.43653,45.43114,0.00268883797054542,45.4286784089661,0.000227246936609851
33.44786,45.43173,0.00327883797054795,45.4286882583218,0.000237096292348264
33.45919,45.42826,-0.00019116202945213,45.4287326985108,0.000281536481315652
33.47055,45.4262,-0.0022511620294523,45.4288160357606,0.000364873731131219
33.48188,45.42447,-0.00398116202945431,45.428938346776,0.000487184746581533
33.49321,45.43038,0.00192883797054577,45.4290943741751,0.000643212145596033
33.50454,45.42883,0.000378837970544055,45.4292733959629,0.00082223393341941
33.51588,45.42894,0.000488837970543443,45.4294602904363,0.00100912840680228
33.52721,45.43083,0.0023788379705465,45.4296375914982,0.001186429468715
33.53855,45.43049,0.00203883797054516,45.4297880407373,0.00133687870783608
33.54988,45.43378,0.00532883797054495,45.4298970420186,0.00144587998912922
33.5612,45.42929,0.000838837970547957,45.4299544826452,0.00150332061578768
33.57254,45.42937,0.000918837970544928,45.4299555932171,0.00150443118766308
33.58389,45.42915,0.000698837970546151,45.4299008388345,0.00144967680504764
33.59521,45.42851,5.88379705490638e-05,45.4297951400391,0.00134397800963347
33.60656,45.42741,-0.00104116202945193,45.4296468679299,0.00119570590040453
33.61787,45.42995,0.00149883797054429,45.4294669942065,0.00101583217706979
33.62918,45.43056,0.00210883797054606,45.4292685559284,0.000817393898937286
33.64052,45.4302,0.00174883797054548,45.4290663206902,0.000615158660745007
33.65184,45.43085,0.00239883797054574,45.4288763399286,0.000425177899110788
33.66318,45.42889,0.000438837970548889,45.4287150627282,0.000263900698729565
33.67453,45.42785,-0.000601162029454372,45.4285978613246,0.000146699295173453
33.68589,45.4289,0.000448837970544957,45.428537099849,8.59378194957843e-05
33.69721,45.42698,-0.00147116202945341,45.4285401295001,8.8967470666897e-05
33.70856,45.42586,-0.00259116202945364,45.4286077230592,0.0001565610297933
33.7199,45.42759,-0.000861162029451634,45.428733435998,0.000282273968521776
33.73122,45.42864,0.000188837970547695,45.4289041969228,0.000453034893305495
33.74255,45.43039,0.00193883797054895,45.4291021088265,0.000650946797069102
33.75386,45.43258,0.00412883797054775,45.4293070774705,0.000855915441022494
33.7652,45.43094,0.00248883797054589,45.4294996349507,0.00104847292123606
33.77654,45.42767,-0.000781162029454663,45.429663328381,0.00121216635151512
33.78786,45.4295,0.00104883797054356,45.4297862925805,0.00133513055106987
33.79919,45.43003,0.00157883797054836,45.4298619595172,0.00141079748778673
33.81053,45.42945,0.000998837970549005,45.4298890744297,0.00143791240022786
33.82185,45.4308,0.00234883797054408,45.4298712202181,0.00142005818862712
33.83319,45.42975,0.00129883797054475,45.4298159866172,0.00136482458775798
33.84454,45.42982,0.00136883797054566,45.4297338721055,0.00128271007603776
33.85588,45.42757,-0.000881162029450877,45.4296370119167,0.00118584988729226
33.86721,45.43128,0.00282883797054723,45.4295378526657,0.0010866906362666
33.87854,45.43022,0.00176883797054472,45.4294478917014,0.000996729671964435
33.88988,45.42843,-2.1162029455013e-05,45.4293765590326,0.000925397003170717
33.90123,45.42857,0.000118837970546792,45.4293302935035,0.000879131474065346
33.91256,45.43101,0.00255883797054679,45.4293118883051,0.000860726275653197
33.92385,45.4271,-0.00135116202945085,45.429320215344,0.000869053314598462
33.93517,45.42801,-0.000441162029453324,45.4293504327059,0.000899270676420188
33.94648,45.43101,0.00255883797054679,45.4293947258417,0.000943563812210715
33.95781,45.42999,0.00153883797054277,45.4294435337256,0.000992371696132563
33.96911,45.42923,0.000778837970543123,45.4294870861588,0.00103592412937657
33.98046,45.42817,-0.000281162029452275,45.4295169958871,0.00106583385766738
33.99182,45.43198,0.00352883797054915,45.4295276533013,0.00107649127186104
34.00315,45.4284,-5.11620294503246e-05,45.4295172169699,0.00106605494045492
34.0145,45.43116,0.00270883797054466,45.4294880270685,0.00103686503905761
34.02585,45.43116,0.00270883797054466,45.4294463118769,0.000995149847492902
34.03717,45.42803,-0.000421162029454081,45.4294011579067,0.000949995877232268
34.04851,45.42824,-0.000211162029451373,45.4293628779661,0.000911715936666586
34.05986,45.42907,0.00061883797054918,45.4293410872758,0.000889925246318381
34.07119,45.4286,0.000148837970549209,45.4293428957604,0.000891733730990043
34.08249,45.42934,0.000888837970549616,45.4293715850509,0.000920423021413046
34.09378,45.42904,0.000588837970546763,45.4294259943317,0.000974832302273648
34.10511,45.42885,0.000398837970543298,45.4295006735962,0.00104951156677309
34.11641,45.42965,0.00119883797054854,45.4295867252294,0.00113556319994827
34.12772,45.43103,0.00257883797054603,45.4296731455535,0.00122198352402329
34.13905,45.42971,0.00125883797054627,45.4297483938828,0.00129723185330352
34.15035,45.4313,0.00284883797054647,45.4298018820775,0.00135072004807079
34.16165,45.43034,0.00188883797054729,45.4298251253622,0.00137396333271489
34.17299,45.42763,-0.000821162029453149,45.4298124254906,0.00136126346110604
34.18429,45.42996,0.00150883797054746,45.4297611222979,0.00130996026841683
34.19563,45.42889,0.000438837970548889,45.4296715692362,0.0012204072067575
34.20695,45.42971,0.00125883797054627,45.4295469962086,0.00109583417913045
34.21828,45.43009,0.00163883797054609,45.4293933247328,0.0009421627033284
34.22961,45.4309,0.0024488379705474,45.42921887567,0.000767713640580046
34.24092,45.42783,-0.000621162029453615,45.4290338459927,0.000582683963264513
34.25227,45.43015,0.00169883797054382,45.4288494683482,0.000398306318701556
34.26361,45.42759,-0.000861162029451634,45.4286768824298,0.000225720400333057
34.27494,45.42872,0.000268837970544666,45.4285258739594,7.47119299127516e-05
34.28628,45.42766,-0.000791162029450732,45.4284037172013,-4.74448281734546e-05
34.29762,45.42776,-0.000691162029454517,45.4283143728154,-0.000136789214090313
34.30895,45.42648,-0.0019711620294558,45.4282582501378,-0.000192911891667865
34.32029,45.42853,7.88379705483067e-05,45.4282326444504,-0.000218517579015467
34.33163,45.42942,0.000968837970546588,45.4282328067176,-0.000218355311850989
34.34295,45.42908,0.000628837970545248,45.4282534242658,-0.000197737763694636
34.35427,45.42626,-0.00219116202945457,45.4282901578404,-0.000161004189100921
34.3656,45.43164,0.00318883797054781,45.4283408548738,-0.000110307155692501
34.37691,45.42923,0.000778837970543123,45.4284061261354,-4.50358940934042e-05
34.38824,45.43017,0.00171883797054306,45.4284890878328,3.79258033511765e-05
34.39957,45.42647,-0.00198116202945187,45.4285942434616,0.000143081432153897
34.41091,45.42725,-0.00120116202945297,45.4287257261837,0.00027456415420298
34.42223,45.42833,-0.000121162029451227,45.4288853588585,0.000434196829042506
34.43356,45.42837,-8.11620294527415e-05,45.4290710714133,0.000619909383869031
34.44492,45.42929,0.000838837970547957,45.4292760936854,0.000824931655907637
34.45625,45.42971,0.00125883797054627,45.4294891054932,0.00103794346371082
34.46756,45.42831,-0.00014116202945047,45.4296953008102,0.00124413878074319
34.4789,45.43039,0.00193883797054895,45.4298781690391,0.00142700700962247
34.4902,45.43193,0.00347883797054749,45.43002169975,0.00157053772050009
34.50153,45.43075,0.00229883797054953,45.4301126551673,0.00166149313780894
34.51287,45.42799,-0.000461162029452566,45.4301425488434,0.00169138681390363
34.52421,45.4316,0.00314883797054932,45.4301090487662,0.00165788673671255
34.53555,45.43055,0.00209883797054289,45.4300166471081,0.00156548507865933
34.54687,45.42931,0.000858837970547199,45.4298765263309,0.00142536430145635
34.55823,45.43268,0.00422883797054396,45.4297055930297,0.00125443100022313
34.56956,45.42821,-0.00024116202945379,45.429524710003,0.00107354797356516
34.58093,45.42861,0.000158837970545278,45.4293562752322,0.000905113202762784
34.59225,45.43039,0.00193883797054895,45.4292214502318,0.000770288202352977
34.60359,45.42612,-0.00233116202945638,45.4291374640694,0.000686302039954706
34.61493,45.42863,0.000178837970544521,45.4291154530337,0.000664291004282979
34.62627,45.42916,0.000708837970549325,45.4291592197551,0.000708057725604394
34.63762,45.42796,-0.000491162029454983,45.4292651230445,0.000813961015021149
34.64895,45.42998,0.0015288379705467,45.4294230781965,0.00097191616701976
34.66029,45.42963,0.0011788379705493,45.4296184178536,0.00116725582415018
34.67163,45.43197,0.00351883797054597,45.4298341900775,0.00138302804803837
34.68295,45.43204,0.00358883797054688,45.4300533855675,0.00160222353805254
34.6943,45.4315,0.003048837970546,45.4302606260789,0.00180946404945169
34.70563,45.42855,9.88379705475495e-05,45.4304430414049,0.00199187937545332
34.71696,45.42908,0.000628837970545248,45.4305903741757,0.00213921214625016
34.72832,45.42941,0.000958837970543414,45.4306946423213,0.00224348029189551
34.73965,45.43098,0.00252883797054437,45.4307497987529,0.00229863672341217
34.751,45.43021,0.00175883797054865,45.4307517076709,0.00230054564142211
34.76232,45.43253,0.00407883797054609,45.4306985081496,0.00224734612010903
34.77365,45.42995,0.00149883797054429,45.4305912122257,0.0021400501962045
34.78497,45.43131,0.00285883797054964,45.430434280255,0.00198311822558939
34.79631,45.43102,0.00256883797054286,45.430235935395,0.00178477336555702
34.80762,45.42902,0.00056883797054752,45.4300080737782,0.00155691174870923
34.81897,45.42818,-0.000271162029456207,45.4297657415394,0.00131457950997959
34.83035,45.43003,0.00157883797054836,45.4295262338334,0.0010750718039973
34.84166,45.43225,0.00379883797054958,45.4293078790016,0.000856716972189996
34.85296,45.42984,0.0013888379705449,45.4291285113427,0.000677349313221745
34.86428,45.42899,0.000538837970545103,45.4290036121081,0.000552450078661326
34.87562,45.42802,-0.000431162029457255,45.4289442184419,0.000493056412495538
34.88695,45.4269,-0.00155116202945038,45.4289549330183,0.000503770988835091
34.8983,45.42715,-0.00130116202945629,45.4290325534624,0.000581391432899295
34.90962,45.42777,-0.000681162029451343,45.4291658384083,0.000714676378839246
34.92097,45.42729,-0.00116116202945449,45.4293367051405,0.000885543111003514
34.93231,45.4339,0.00544883797054752,45.4295227769527,0.00107161492320768
34.94365,45.4312,0.00274883797054315,45.4297007917005,0.00124962967102817
34.95497,45.4315,0.003048837970546,45.4298501129073,0.00139895087784825
34.96629,45.4272,-0.00125116202945463,45.4299555913976,0.00150442936815423
34.9776,45.43191,0.00345883797054825,45.4300092945732,0.0015581325437506
34.98894,45.43029,0.00183883797054563,45.4300109606391,0.00155979860962238
35.00027,45.43225,0.00379883797054958,45.4299672626537,0.00151610062421764
35.01158,45.4279,-0.000551162029452712,45.4298900823166,0.0014389202871611
35.02291,45.4281,-0.000351162029453178,45.4297941065344,0.00134294450497901
35.03423,45.42987,0.00141883797054732,45.4296941937711,0.00124303174165547
35.04556,45.42909,0.000638837970548423,45.4296030122643,0.00115185023484522
35.05689,45.4281,-0.000351162029453178,45.429529357188,0.00107819515856381
35.06822,45.43068,0.00222883797054862,45.4294773601677,0.00102619813822831
35.07954,45.42929,0.000838837970547957,45.429446608361,0.000995446331504229
35.09085,45.42785,-0.000601162029454372,45.4294330409037,0.000981878874249911
35.1022,45.42987,0.00141883797054732,45.4294303933551,0.00097923132564048
35.11353,45.4319,0.00344883797054507,45.4294318976311,0.00098073560167205
35.12484,45.42909,0.000638837970548423,45.4294318961463,0.000980734116861733
35.13617,45.43022,0.00176883797054472,45.4294270222269,0.000975860197463152
35.1475,45.4299,0.00144883797054973,45.4294166880581,0.000965526028617255
35.15882,45.43103,0.00257883797054603,45.4294027984747,0.000951636445199105
35.17011,45.42703,-0.00142116202945175,45.4293888087541,0.000937646724614403
35.18142,45.42827,-0.000181162029456061,45.4293784199624,0.000927257932948747
35.19275,45.42762,-0.000831162029456323,45.4293743186127,0.000923156583233502
35.20407,45.43005,0.00159883797054761,45.4293773525068,0.000926190477307342
35.2154,45.4295,0.00104883797054356,45.4293863591239,0.000935197094401106
35.22672,45.43015,0.00169883797054382,45.4293986029722,0.000947440942744945
35.23806,45.43046,0.00200883797054274,45.4294105706455,0.000959408616067297
35.2494,45.42927,0.000818837970548714,45.4294188024261,0.000967640396636447
35.26073,45.43163,0.00317883797054463,45.4294205025697,0.000969340540295416
35.27204,45.42669,-0.00176116202945309,45.4294138152879,0.000962653258420614
35.28338,45.42827,-0.000181162029456061,45.4293978210654,0.000946659035898344
35.29471,45.42978,0.00132883797054717,45.4293724283037,0.000921266274269732
35.30605,45.4291,0.000648837970544491,45.4293383361009,0.000887174071432185
35.31738,45.43131,0.00285883797054964,45.4292971194953,0.000845957465839096
35.3287,45.42936,0.000908837970548859,45.4292513379386,0.000800175909121458
35.34004,45.42817,-0.000281162029452275,45.4292045123989,0.000753350369471318
35.35136,45.4289,0.000448837970544957,45.4291608846679,0.000709722638457383
35.36268,45.4306,0.00214883797054455,45.4291249861134,0.00067382408399158
35.37402,45.42836,-9.11620294559157e-05,45.4291011106357,0.000649948606290503
35.38532,45.42783,-0.000621162029453615,45.4290927953828,0.000641633353308641
35.39666,45.42867,0.000218837970543007,45.4291024062366,0.000651244207154113
35.40801,45.43105,0.00259883797054528,45.4291309077204,0.000679745690940351
35.4193,45.42884,0.000388837970547229,45.4291778393787,0.000726677349276076
35.43064,45.42814,-0.000311162029454692,45.4292414483548,0.000790286325320024
35.442,45.42967,0.00121883797054778,45.4293189052599,0.000867743230430587
35.45334,45.43143,0.0029788379705451,45.4294065582472,0.000955396217706403
35.46467,45.42705,-0.00140116202945251,45.429500205138,0.00104904310850927
35.47599,45.42999,0.00153883797054277,45.4295953745217,0.0011442124922908
35.48733,45.42982,0.00136883797054566,45.4296876246697,0.00123646264029075
35.49867,45.43111,0.002658837970543,45.4297728755821,0.0013217135526042
35.50999,45.42754,-0.000911162029453294,45.429847763926,0.00139660189656723
35.52134,45.43011,0.00165883797054533,45.4299099836289,0.00145882159949336
35.53267,45.43153,0.00307883797054842,45.4299585669228,0.00150740489336729
35.544,45.42937,0.000918837970544928,45.4299940417856,0.00154287975613932
35.55536,45.43255,0.00409883797054533,45.430018369384,0.00156720735458779
35.56669,45.42843,-2.1162029455013e-05,45.4300345791885,0.00158341715906671
35.578,45.42889,0.000438837970548889,45.4300461173554,0.00159495532597647
35.58936,45.43164,0.00318883797054781,45.4300560576359,0.00160489560643274
35.60071,45.42723,-0.00122116202945222,45.4300664042504,0.00161524222094065
35.61203,45.43122,0.0027688379705495,45.4300776973293,0.00162653529987334
35.62337,45.4296,0.00114883797054688,45.4300890379448,0.00163787591537717
35.63472,45.42994,0.00148883797054822,45.430098529116,0.00164736708655794
35.64607,45.4295,0.00104883797054356,45.4301040150685,0.00165285303900247
35.65739,45.43222,0.00376883797054717,45.4301039134466,0.0016527514171096
35.66873,45.43069,0.00223883797054469,45.430097884289,0.00164672225956942
35.68007,45.43188,0.00342883797054583,45.4300870843441,0.00163592231469413
35.69138,45.42986,0.00140883797054414,45.4300738546519,0.00162269262249003
35.70272,45.42697,-0.00148116202945658,45.4300608927665,0.00160973073703443
35.71403,45.42931,0.000858837970547199,45.4300501913712,0.00159902934169767
35.72536,45.43075,0.00229883797054953,45.4300421446934,0.00159098266395905
35.7367,45.42997,0.00151883797054353,45.4300351475472,0.00158398551777571
35.74805,45.42902,0.00056883797054752,45.4300257987509,0.00157463672148069
35.75938,45.43145,0.00299883797054434,45.4300096182133,0.0015584561838947
35.77074,45.42966,0.00120883797054461,45.4299820785201,0.00153091649064686
35.78208,45.42935,0.000898837970545685,45.4299397192535,0.00148855722405718
35.79341,45.43203,0.0035788379705437,45.4298811186657,0.00142995663621301
35.80473,45.42894,0.000488837970543443,45.4298075295157,0.00135636748621191
35.81605,45.43033,0.00187883797054411,45.4297230417173,0.00127187968788759
35.82737,45.42982,0.00136883797054566,45.4296342155267,0.00118305349720264
35.83871,45.43041,0.00195883797054819,45.4295492272488,0.00109806521939419
35.85006,45.4276,-0.000851162029455566,45.4294766638678,0.00102550183832197
35.86137,45.42902,0.00056883797054752,45.4294241776523,0.000973015622808234
35.87269,45.43099,0.00253883797054755,45.4293972483094,0.000946086279910468
35.88401,45.42776,-0.000691162029454517,45.4293982756581,0.000947113628657909
35.89533,45.42845,-1.16202945577015e-06,45.4294261533695,0.000974991340027909
35.90665,45.42956,0.00110883797054839,45.4294763958616,0.00102523383218111
35.91801,45.42971,0.00125883797054627,45.4295418084094,0.00109064637998915
35.92935,45.43079,0.00233883797054801,45.4296135801127,0.00116241808326696
35.94066,45.431,0.00254883797054362,45.4296825692699,0.00123140724043237
35.95202,45.42786,-0.000591162029451198,45.4297405163719,0.00128935434247495
35.96336,45.42935,0.000898837970545685,45.4297809910548,0.00132982902535504
35.9747,45.43135,0.00289883797054813,45.4297999931918,0.00134883116233746
35.98603,45.43102,0.00256883797054286,45.4297961926876,0.00134503065815014
35.99736,45.42892,0.0004688379705442,45.4297707977013,0.00131963567187254
36.0087,45.42941,0.000958837970543414,45.4297270683478,0.00127590631829914
36.02002,45.4286,0.000148837970549209,45.429669585561,0.00121842353153116
36.03133,45.42859,0.000138837970546035,45.4296034731078,0.00115231107836129
36.04264,45.43155,0.00309883797054766,45.4295337633451,0.00108260131564868
36.05398,45.42942,0.000968837970546588,45.42946499234,0.00101383031055434
36.06533,45.42841,-4.11620294542558e-05,45.4294009929789,0.000949830949400122
36.07666,45.42805,-0.000401162029454838,45.429344807707,0.0008936456774998
36.08799,45.43204,0.00358883797054688,45.4292986569653,0.000847494935800599
36.09932,45.42946,0.00100883797054507,45.4292639025516,0.000812740522167922
36.11066,45.42947,0.00101883797054825,45.4292409247894,0.000789762759912068
36.12198,45.42923,0.000778837970543123,45.4292288636878,0.00077770165838959
36.13332,45.428,-0.000451162029456498,45.4292252942463,0.000774132216841114
36.14464,45.42731,-0.00114116202945524,45.4292260421094,0.000774880079944737
36.15599,45.42965,0.00119883797054854,45.4292253932079,0.000774231178450391
36.16732,45.42773,-0.000721162029456934,45.4292168619013,0.000765699871821921
36.17865,45.43059,0.00213883797054848,45.4291944839081,0.000743321878655771
36.18998,45.43032,0.00186883797054804,45.4291543743408,0.000703212311351352
36.2013,45.43028,0.00182883797054956,45.4290961319035,0.000644969874040831
36.21262,45.43006,0.00160883797054368,45.4290236457004,0.000572483670904849
36.22393,45.42981,0.00135883797054959,45.4289449896854,0.000493827655898574
36.23528,45.42792,-0.000531162029453469,45.4288713318314,0.000420169801907632
36.2466,45.42786,-0.000591162029451198,45.4288150584477,0.000363896418288416
36.25792,45.42836,-9.11620294559157e-05,45.4287875276484,0.000336365618909331
36.26927,45.42796,-0.000491162029454983,45.4287969516485,0.000345789619083417
36.28057,45.42791,-0.000541162029456643,45.4288468510398,0.000395689010370929
36.29188,45.42809,-0.000361162029456352,45.4289353684156,0.000484206386129826
36.30323,45.42921,0.00075883797054388,45.4290555294927,0.000604367463204412
36.31456,45.43124,0.00278883797054874,45.4291963329001,0.000745170870685718
36.32591,45.42893,0.000478837970547374,45.4293443743683,0.000893212338846219
36.33727,45.43073,0.00227883797054318,45.4294856281526,0.00103446612310734
36.3486,45.42928,0.000828837970544782,45.4296070551978,0.00115589316838848
36.35997,45.42881,0.000358837970544812,45.4296978476409,0.00124668561146552
36.37128,45.42927,0.000818837970548714,45.4297502671987,0.00129910516922922
36.38262,45.43176,0.00330883797054327,45.42976011882,0.00130895679055357
36.39396,45.42929,0.000838837970547957,45.4297269054582,0.00127574342877561
36.40531,45.42841,-4.11620294542558e-05,45.429653685131,0.00120252310152046
36.41664,45.43075,0.00229883797054953,45.4295466602653,0.00109549823582469
36.42796,45.42862,0.000168837970548452,45.429414569223,0.000963407193560758
36.43931,45.42885,0.000398837970543298,45.4292679694136,0.000816807384189383
36.45062,45.42937,0.000918837970544928,45.4291184814445,0.000667319415079664
36.46195,45.429,0.000548837970548277,45.4289780239882,0.000526861958745295
36.47329,45.43085,0.00239883797054574,45.4288580265843,0.000406864554795982
36.48462,45.42745,-0.00100116202945344,45.4287685844395,0.000317422410002351
36.49596,45.4285,4.88379705458897e-05,45.4287175484115,0.000266386382041579
36.50728,45.42863,0.000178837970544521,45.4287096218002,0.00025845977078554
36.51862,45.43086,0.00240883797054892,45.4287456069308,0.000294444901351767
36.52994,45.42601,-0.00244116202945577,45.4288219676901,0.000370805660687426
36.54125,45.42697,-0.00148116202945658,45.4289308713527,0.000479709323282534
36.55257,45.43024,0.00178883797054397,45.4290608581759,0.000609696146447586
36.56389,45.42692,-0.00153116202945114,45.4291982036103,0.000747041580873715
36.57522,45.43052,0.00206883797054758,45.4293288434051,0.000877681375664924
36.58655,45.43362,0.0051688379705439,45.4294404903249,0.000989328295459652
36.59789,45.43091,0.00245883797054347,45.4295244083811,0.00107324635166438
36.60923,45.42958,0.00112883797054764,45.4295763390717,0.00112517704223462
36.62054,45.4272,-0.00125116202945463,45.4295963380069,0.00114517597746281
36.6319,45.42994,0.00148883797054822,45.4295876768128,0.00113651478338203
36.64327,45.42896,0.000508837970542686,45.4295552749814,0.00110411295196939
36.65463,45.42725,-0.00120116202945297,45.429504203902,0.00105304187255002
36.66595,45.42896,0.000508837970542686,45.429438685241,0.000987523211510036
36.67729,45.42877,0.000318837970546326,45.429361792101,0.000910630071586848
36.68862,45.43346,0.00500883797054286,45.4292758117438,0.000824649714335375
36.69994,45.42812,-0.000331162029453935,45.4291829969972,0.000731834967755143
36.71126,45.42778,-0.000671162029455274,45.4290863219318,0.000635159902325122
36.72259,45.43127,0.00281883797054405,45.4289899238198,0.000538761790321133
36.73394,45.43025,0.00179883797054714,45.4288990790944,0.000447917064958387
36.74528,45.42683,-0.00162116202945128,45.4288197108911,0.000368548861603306
36.75662,45.42812,-0.000331162029453935,45.4287575462189,0.000306384189410448
36.76796,45.42854,8.88379705443754e-05,45.4287171550337,0.000265993004255495
36.77929,45.42614,-0.00231116202945714,45.4287011561923,0.000249994162822932
36.79066,45.43099,0.00253883797054755,45.4287097983691,0.000258636339674265
36.80201,45.43182,0.0033688379705481,45.4287409469233,0.000289784893886921
36.81332,45.42768,-0.000771162029451489,45.428790346846,0.000339184816597746
36.82463,45.42578,-0.00267116202945061,45.4288520103651,0.000400848335629107
36.83599,45.42856,0.000108837970543618,45.428918709879,0.000467547849501323
36.84732,45.4291,0.000648837970544491,45.4289826867623,0.000531524732867644
36.85864,45.4308,0.00234883797054408,45.4290366411148,0.000585479085397144
36.86995,45.42887,0.000418837970549646,45.4290748722141,0.000623710184656274
36.88128,45.42921,0.00075883797054388,45.4290942784527,0.00064311642324847
36.8926,45.43161,0.00315883797054539,45.4290949176023,0.000643755572842885
36.90392,45.42809,-0.000361162029456352,45.4290799435011,0.000628781471646186
36.91525,45.42841,-4.11620294542558e-05,45.4290548997367,0.000603737707251443
36.92657,45.42936,0.000908837970548859,45.4290265206247,0.000575358595273976
36.9379,45.42849,3.88379705427155e-05,45.4290013209428,0.000550158913361618
36.94924,45.4278,-0.000651162029456032,45.4289843028495,0.000533140820035685
36.96058,45.42833,-0.000121162029451227,45.4289780698417,0.000526907812296561
36.97191,45.42867,0.000218837970543007,45.4289825416692,0.000531379639782135
36.98326,45.42884,0.000388837970547229,45.4289953241798,0.00054416215032673
36.99461,45.43027,0.00181883797054638,45.429012619994,0.000561457964534134
37.00595,45.42962,0.00116883797054612,45.4290304177656,0.000579255736112919
37.01726,45.42964,0.00118883797054536,45.4290456284516,0.000594466422186348
37.02858,45.42865,0.000198837970543764,45.4290568751125,0.000605713083008973
37.03993,45.43052,0.00206883797054758,45.4290647655591,0.000613603529668893
37.05124,45.42791,-0.000541162029456643,45.429071626817,0.000620464787580276
37.06255,45.4285,4.88379705458897e-05,45.429080807889,0.00062964585949793
37.07387,45.42884,0.000388837970547229,45.4290957397984,0.00064457776891684
37.08517,45.4313,0.00284883797054647,45.4291189643803,0.000667802350868307
37.09651,45.42805,-0.000401162029454838,45.4291513112791,0.00070014924969069
37.10781,45.42655,-0.00190116202945489,45.4291913671881,0.00074020515867783
37.11912,45.42947,0.00101883797054825,45.4292353799275,0.000784217898068389
37.13045,45.42794,-0.000511162029454226,45.4292777171177,0.000826555088205092
37.1418,45.43166,0.00320883797054705,45.4293118703057,0.00086070827628464
37.15314,45.43082,0.00236883797054332,45.4293317848127,0.000880622783262214
37.16446,45.42981,0.00135883797054959,45.4293331400437,0.000881978014275677
37.17577,45.42892,0.0004688379705442,45.4293142219876,0.00086305995815752
37.1871,45.42892,0.0004688379705442,45.429276212613,0.000825050583575484
37.19845,45.42776,-0.000691162029454517,45.4292229496871,0.000771787657670612
37.2098,45.42985,0.00139883797054807,45.4291603518384,0.000709189808920909
37.2211,45.42902,0.00056883797054752,45.4290957067066,0.000644544677175766
37.23241,45.42932,0.000868837970543268,45.4290369297871,0.000585767757669444
37.24372,45.42979,0.00133883797054324,45.4289918045632,0.000540642533742605
37.25504,45.43068,0.00222883797054862,45.428967176698,0.000516014668514369
37.26637,45.42547,-0.00298116202945664,45.428968116172,0.000516954142499703
37.27768,45.42812,-0.000331162029453935,45.4289971561785,0.00054599414902297
37.28902,45.43051,0.0020588379705444,45.4290537899918,0.00060262796239688
37.30034,45.43096,0.00250883797054513,45.4291343693554,0.000683207325916033
37.31169,45.42669,-0.00176116202945309,45.4292324156707,0.000781253641253896
37.32304,45.42882,0.000368837970547986,45.4293392556998,0.000888093670302565
37.33438,45.43119,0.00273883797054708,45.4294448913051,0.000993729275601767
37.3457,45.4299,0.00144883797054973,45.4295390301975,0.00108786816806825
37.35704,45.42745,-0.00100116202945344,45.4296121773022,0.00116101527271503
37.36838,45.43065,0.00219883797054621,45.4296566586231,0.00120549659367608
37.37973,45.43059,0.00213883797054848,45.4296674566075,0.0012162945780165
37.39106,45.43124,0.00278883797054874,45.4296427421992,0.00119158016978689
37.40236,45.42973,0.00127883797054551,45.4295839947048,0.00113283267532921
37.41369,45.42728,-0.00117116202945056,45.4294956743839,0.00104451235447032
37.42503,45.42677,-0.00168116202945612,45.4293845633529,0.000933401323433539
37.43634,45.43255,0.00409883797054533,45.429259003104,0.000807841074568179
37.44766,45.42822,-0.000231162029450616,45.4291282124741,0.000677050444621596
37.45898,45.42957,0.00111883797054446,45.4290017002661,0.000550538236660883
37.47031,45.43087,0.00241883797054498,45.4288886509373,0.000437488907852785
37.48163,45.42832,-0.000131162029454401,45.4287971673611,0.00034600533160064
37.49295,45.42675,-0.00170116202945536,45.4287333767895,0.000282214760030894
37.5043,45.4298,0.00134883797054641,45.4287005603996,0.000249398370117027
37.51564,45.42597,-0.00248116202945425,45.4286985682975,0.000247406268089076
37.52695,45.42837,-8.11620294527415e-05,45.4287237676368,0.000272605607395698
37.5383,45.42841,-4.11620294542558e-05,45.4287696351115,0.000318473082017223
37.54966,45.4323,0.00384883797054414,45.4288278934104,0.000376731380996472
37.56097,45.42951,0.00105883797054673,45.4288898848856,0.00043872285610516
37.57232,45.4285,4.88379705458897e-05,45.4289477863379,0.000496624308396627
37.58365,45.42899,0.000538837970545103,45.4289953714452,0.000544209415767042
37.595,45.42805,-0.000401162029454838,45.4290282612533,0.000577099223856511
37.60633,45.42905,0.000598837970542831,45.4290438104566,0.000592648427162725
37.61763,45.4291,0.000648837970544491,45.4290408536722,0.000589691642794783
37.62897,45.42825,-0.000201162029455304,45.4290194969212,0.000568334891730098
37.64028,45.4286,0.000148837970549209,45.4289810546924,0.000529892662961705
37.65163,45.42845,-1.16202945577015e-06,45.4289281461491,0.000476984119692798
37.66297,45.43041,0.00195883797054819,45.428864876985,0.000413714955575604
37.67431,45.43057,0.00211883797054924,45.4287969470807,0.000345785051244717
37.68565,45.42912,0.000668837970543734,45.4287314824923,0.000280320462833355
37.69699,45.4274,-0.0010511620294551,45.4286764583872,0.000225296357776364
37.70835,45.42651,-0.00194116202945338,45.4286397575581,0.000188595528667421
37.71968,45.43017,0.00171883797054306,45.4286280888161,0.000176926786657767
37.73101,45.42796,-0.000491162029454983,45.4286460400611,0.000194878031624773
37.74234,45.42848,2.88379705466468e-05,45.42869544454,0.000244282510567785
37.75367,45.42978,0.00132883797054717,45.4287750990424,0.000323937012949589
37.76503,45.42946,0.00100883797054507,45.4288807872774,0.000429625247966905
37.77635,45.42863,0.000178837970544521,45.4290055498411,0.00055438781166672
37.7877,45.42632,-0.00213116202945685,45.4291401838539,0.00068902182447566
37.79905,45.42955,0.00109883797054522,45.4292740089471,0.000822846917648555
37.81038,45.43034,0.00188883797054729,45.4293959253143,0.000944763284795887
37.82173,45.43191,0.00345883797054825,45.4294956707964,0.00104450876698893
37.83307,45.42805,-0.000401162029454838,45.4295650363435,0.00111387431405615
37.8444,45.43159,0.00313883797054615,45.4295987628694,0.00114760083991576
37.85574,45.42776,-0.000691162029454517,45.4295949598052,0.00114379777577734
37.86708,45.42851,5.88379705490638e-05,45.4295550630187,0.00110390098926657
37.87838,45.4303,0.0018488379705488,45.4294834676353,0.00103230560586657
37.88971,45.42992,0.00146883797054898,45.4293869767999,0.000935814770422287
37.90107,45.43,0.00154883797054595,45.4292741309571,0.00082296892766688
37.9124,45.42906,0.000608837970546006,45.4291544126428,0.000703250613296626
37.92374,45.42759,-0.000861162029451634,45.4290373323414,0.000586170311971169
37.93507,45.43021,0.00175883797054865,45.4289314763545,0.000480314325023386
37.94643,45.42659,-0.00186116202945641,45.4288436584289,0.000392496399418248
37.95776,45.43121,0.00275883797054632,45.4287783098878,0.000327147858318492
37.96911,45.42773,-0.000721162029456934,45.4287371835483,0.000286021518896663
37.98046,45.42869,0.000238837970549355,45.4287193874683,0.000268225438890405
37.99181,45.4268,-0.0016511620294537,45.4287217416629,0.000270579633456205
38.00316,45.42843,-2.1162029455013e-05,45.4287394457067,0.000288283677209466
38.01448,45.43147,0.00301883797054359,45.4287669970531,0.000315835023640266
38.02583,45.4288,0.000348837970548743,45.4287991883672,0.000348026337790967
38.03715,45.42942,0.000968837970546588,45.4288319154919,0.000380753462483012
38.04845,45.4292,0.000748837970547811,45.4288625503583,0.000411388328814304
38.0598,45.42953,0.00107883797054598,45.4288897829348,0.000438620905357684
38.07111,45.42742,-0.00103116202945586,45.4289130262956,0.000461864266125591
38.08242,45.42674,-0.00171116202945143,45.4289316270308,0.000480465001381647
38.09375,45.42919,0.000738837970544637,45.4289441831153,0.000493021085850027
38.10506,45.43063,0.00217883797054697,45.4289482073081,0.000497045278685302
38.11637,45.43011,0.00165883797054533,45.4289402035016,0.000489041472106099
38.12772,45.42724,-0.00121116202945615,45.4289160620467,0.000464900017283314
38.13904,45.42852,6.88379705451325e-05,45.42887164864,0.000420486610535261
38.15036,45.42765,-0.000801162029453906,45.4288035418253,0.000352379795831353
38.16171,45.42739,-0.00106116202945117,45.4287099285993,0.00025876656979985
38.17303,45.43111,0.002658837970543,45.4285915963927,0.000140434363202864
38.18435,45.42958,0.00112883797054764,45.4284527928008,1.63077130482151e-06
38.19569,45.43068,0.00222883797054862,45.4283015837988,-0.000149578230618012
38.20702,45.42897,0.00051883797054586,45.4281493558221,-0.000301806207353178
38.21833,45.42774,-0.00071116202945376,45.4280093280128,-0.000441834016605124
38.22968,45.42595,-0.0025011620294535,45.4278942976035,-0.000556864426001824
38.24103,45.42407,-0.00438116202945338,45.4278141784142,-0.000636983615262517
38.25235,45.42748,-0.000971162029451023,45.4277740472405,-0.000677114788927709
38.26368,45.42688,-0.00157116202945673,45.427773290466,-0.000677871563489245
38.27504,45.42871,0.000258837970548598,45.4278060791927,-0.000645082836758517
38.28638,45.43099,0.00253883797054755,45.427862962082,-0.000588199947418541
38.2977,45.42626,-0.00219116202945457,45.4279330501444,-0.000518111885058535
38.30904,45.42957,0.00111883797054446,45.4280061873904,-0.000444974639093583
38.32042,45.42945,0.000998837970549005,45.428074627578,-0.000376534451467093
38.33175,45.42707,-0.00138116202945326,45.4281339547516,-0.000317207277857903
38.34307,45.42814,-0.000311162029454692,45.4281831972051,-0.000267964824372369
38.35438,45.42859,0.000138837970546035,45.4282242564662,-0.000226905563210778
38.36573,45.42628,-0.00217116202945533,45.4282608858579,-0.000190276171556505
38.37707,45.43055,0.00209883797054289,45.4282974863967,-0.000153675632801779
38.38841,45.4272,-0.00125116202945463,45.4283379534259,-0.000113208603542176
38.39972,45.42815,-0.000301162029451518,45.4283847512296,-6.64107998767694e-05
38.41106,45.42673,-0.0017211620294546,45.4284383536035,-1.28084259837588e-05
38.4224,45.42896,0.000508837970542686,45.4284971577599,4.59957304967254e-05
38.43372,45.42789,-0.000561162029455886,45.4285579087591,0.00010674672959697
38.44505,45.42972,0.00126883797054944,45.428616540686,0.000165378656515045
38.45638,45.43073,0.00227883797054318,45.4286691978423,0.000218035812876916
38.46775,45.42854,8.88379705443754e-05,45.4287131259214,0.00026196389199439
38.47909,45.42801,-0.000441162029453324,45.4287471732072,0.000296011177702195
38.49041,45.43015,0.00169883797054382,45.4287718006643,0.000320638634878511
38.50172,45.42731,-0.00114116202945524,45.4287886845001,0.000337522470600719
38.51305,45.42797,-0.000481162029451809,45.4288001196481,0.000348957618673108
38.52438,45.4268,-0.0016511620294537,45.4288084673592,0.000357305329742572
38.53571,45.42988,0.00142883797054338,45.4288158318682,0.000364669838787354
38.54702,45.43143,0.0029788379705451,45.4288239999945,0.000372837965032931
38.55835,45.42999,0.00153883797054277,45.4288344922527,0.000383330223287527
38.5697,45.42771,-0.000741162029456177,45.4288484890965,0.000397327067012959
38.58105,45.42824,-0.000211162029451373,45.4288665020782,0.000415340048706671
38.59235,45.4282,-0.000251162029456964,45.4288878841304,0.000436722100970703
38.60365,45.42805,-0.000401162029454838,45.4289104398065,0.000459277777002567
38.61498,45.42882,0.000368837970547986,45.4289303997688,0.000479237739312171
38.62633,45.42892,0.0004688379705442,45.4289428957486,0.000491733719185593
38.63767,45.42888,0.000428837970545715,45.4289429025761,0.000491740546644147
38.64898,45.42821,-0.00024116202945379,45.4289264689093,0.000475306879842678
38.66032,45.43076,0.0023088379705456,45.4288919616037,0.00044079957428788
38.67165,45.43098,0.00252883797054437,45.428840999888,0.00038983785858087
38.68301,45.42847,1.88379705434727e-05,45.4287787693624,0.000327607332946109
38.69435,45.42771,-0.000741162029456177,45.4287135208666,0.000262358837131729
38.70567,45.43063,0.00217883797054697,45.428655271499,0.000204109469525205
38.71701,45.42669,-0.00176116202945309,45.4286139466917,0.000162784662253483
38.72832,45.4278,-0.000651162029456032,45.4285973420634,0.000146180033991137
38.73965,45.42879,0.000338837970545569,45.4286093244263,0.000158162396869548
38.75097,45.42724,-0.00121116202945615,45.4286486500517,0.000197488022254155
38.76227,45.42824,-0.000211162029451373,45.4287086644934,0.000257502463988044
38.77358,45.42889,0.000438837970548889,45.4287779843695,0.000326822340080664
38.78493,45.42838,-7.11620294566728e-05,45.4288420832588,0.000390921229391524
38.79627,45.42956,0.00110883797054839,45.4288855390951,0.000434377065656473
38.80759,45.42894,0.000488837970543443,45.428894573147,0.000443411117547155
38.81892,45.4306,0.00214883797054455,45.4288594426355,0.000408280606044667
38.83024,45.43058,0.00212883797054531,45.4287762539557,0.000325091926294892
38.84158,45.42799,-0.000461162029452566,45.4286478559233,0.000196693893831994
38.85293,45.42775,-0.000701162029450586,45.4284836592187,3.24971892322811e-05
38.86427,45.42827,-0.000181162029456061,45.428298465321,-0.000152696708456446
38.87563,45.42726,-0.0011911620294569,45.4281105761359,-0.000340585893503682
38.88695,45.42923,0.000778837970543123,45.4279395183584,-0.000511643671057085
38.89828,45.42896,0.000508837970542686,45.427803675348,-0.000647486681477214
38.90958,45.42516,-0.00329116202945556,45.4277180643582,-0.000733097671226325
38.9209,45.42657,-0.00188116202945565,45.4276924946812,-0.000758667348261824
38.93225,45.42728,-0.00117116202945056,45.4277303631734,-0.000720798856032773
38.94355,45.42982,0.00136883797054566,45.4278282911811,-0.00062287084839603
38.95488,45.42747,-0.000981162029454197,45.4279766479246,-0.000474514104821031
38.9662,45.4267,-0.00175116202945702,45.4281608356096,-0.000290326419904074
38.97752,45.42731,-0.00114116202945524,45.4283631338757,-8.80281537497556e-05
38.98886,45.43119,0.00273883797054708,45.428564888472,0.000113726442501544
39.00021,45.42834,-0.000111162029455159,45.4287487865435,0.00029762451407906
39.01156,45.42965,0.00119883797054854,45.4289008868604,0.000449724830933895
39.02288,45.43101,0.00255883797054679,45.429012061613,0.000560899583565621
39.03423,45.42884,0.000388837970547229,45.429078611216,0.000627449186571994
39.04553,45.42834,-0.000111162029455159,45.4291020019723,0.000650839942827386
39.05688,45.42781,-0.000641162029452857,45.4290878857512,0.000636723721757582
39.06821,45.42803,-0.000421162029454081,45.4290447190453,0.000593557015852042
39.07954,45.4301,0.00164883797054927,45.4289823317091,0.000531169679646497
39.09088,45.42992,0.00146883797054898,45.4289106913603,0.000459529330880635
39.10219,45.42722,-0.00123116202945539,45.4288389547465,0.000387792717025285
39.11352,45.42828,-0.000171162029452887,45.4287748026591,0.000323640629645927
39.12481,45.42915,0.000698837970546151,45.4287240406833,0.000272878653809131
39.13613,45.43085,0.00239883797054574,45.428690442475,0.000239280445498829
39.14745,45.42765,-0.000801162029453906,45.4286757745205,0.000224612491028463
39.15877,45.42731,-0.00114116202945524,45.4286799255897,0.000228763560263839
39.17013,45.4277,-0.000751162029452246,45.4287011147483,0.00024995271884658
39.18147,45.43248,0.00402883797054443,45.4287362056659,0.000285043636413993
39.19278,45.42698,-0.00147116202945341,45.4287811318157,0.000329969786238251
39.20411,45.42752,-0.000931162029452537,45.4288313747912,0.00038021276179075
39.21542,45.4306,0.00214883797054455,45.4288824298934,0.000431267863909821
39.22673,45.42766,-0.000791162029450732,45.4289302331263,0.000479071096857732
39.23806,45.42973,0.00127883797054551,45.4289715333938,0.000520371364341301
39.2494,45.43,0.00154883797054595,45.429004161324,0.000552999294550595
39.26072,45.42825,-0.000201162029455304,45.4290271270893,0.000575965059811786
39.27204,45.4292,0.000748837970547811,45.429040506088,0.000589344058588119
39.28335,45.42939,0.000938837970544171,45.4290451298623,0.000593967832802086
39.29469,45.42909,0.000638837970548423,45.4290421574831,0.000590995453607301
39.30605,45.42727,-0.00118116202945373,45.4290326370141,0.000581474984632428
39.31738,45.43091,0.00245883797054347,45.4290171762724,0.000566014242915313
39.32869,45.42616,-0.00229116202945079,45.4289958264039,0.000544664374440159
39.34001,45.43003,0.00157883797054836,45.4289682320091,0.000517069979599039
39.35133,45.42989,0.00143883797054656,45.4289340199064,0.000482857876970492
39.36265,45.42927,0.000818837970548714,45.4288933076625,0.000442145633083442
39.37397,45.42844,-1.11620294518389e-05,45.4288471556986,0.000395993669114038
39.38528,45.4295,0.00104883797054356,45.4287978043082,0.000346642278774412
39.39662,45.42821,-0.00024116202945379,45.4287486192504,0.000297457220945287
39.40795,45.42949,0.00103883797054749,45.4287037596344,0.000252597604949666
39.4193,45.42805,-0.000401162029454838,45.4286676420151,0.00021647998564935
39.43063,45.42719,-0.0012611620294507,45.4286443086595,0.00019314663006942
39.44197,45.4301,0.00164883797054927,45.4286368197304,0.000185657700966046
39.45332,45.42895,0.000498837970546617,45.4286467654126,0.000195603383102854
39.46464,45.4277,-0.000751162029452246,45.4286739413003,0.000222779270893314
39.47599,45.42908,0.000628837970545248,45.4287161920317,0.000265030002288437
39.48732,45.42954,0.00108883797054915,45.428769431255,0.000318269225583372
39.49866,45.42669,-0.00176116202945309,45.4288278656986,0.000376703669127624
39.51,45.43062,0.00216883797054379,45.4288844556107,0.000433293581289172
39.52132,45.42605,-0.00240116202945728,45.428931626262,0.000480464232546646
39.53263,45.43143,0.0029788379705451,45.4289622005134,0.000511038483982016
39.54398,45.42915,0.000698837970546151,45.4289704486242,0.000519286594712773
39.55535,45.42924,0.000788837970546297,45.4289530799445,0.000501917915020989
39.56669,45.42728,-0.00117116202945056,45.428909985837,0.000458823807584573
39.57801,45.42975,0.00129883797054475,45.4288445975143,0.000393435484873109
39.58935,45.43035,0.00189883797054335,45.4287637894192,0.000312627389726706
39.60067,45.42849,3.88379705427155e-05,45.4286772856182,0.000226123588778462
39.61201,45.43036,0.00190883797054653,45.4285965477603,0.000145385730830516
39.62333,45.42693,-0.00152116202945507,45.4285332109574,8.20489279733428e-05
39.63465,45.42693,-0.00152116202945507,45.428497290729,4.61286995807076e-05
39.64594,45.42798,-0.000471162029455741,45.428495525652,4.43636225533125e-05
39.65726,45.42824,-0.000211162029451373,45.4285302476501,7.90856206323119e-05
39.66857,45.42773,-0.000721162029456934,45.4285990507471,0.00014788871766786
39.6799,45.42901,0.000558837970544346,45.4286953168859,0.000244154856465032
39.69123,45.4299,0.00144883797054973,45.4288094472247,0.000358285195199888
39.70258,45.42897,0.00051883797054586,45.4289304991357,0.000479337106231317
39.7139,45.43008,0.00162883797054292,45.4290478675907,0.000596705561223563
39.72524,45.42983,0.00137883797054883,45.4291526832082,0.000701521178780376
39.7366,45.42898,0.000528837970549034,45.429238712181,0.00078755015154396
39.74794,45.42921,0.00075883797054388,45.4293026967261,0.000851534696653558
39.75927,45.42692,-0.00153116202945114,45.4293442217288,0.000893059699316773
39.77061,45.43135,0.00289883797054813,45.4293652818644,0.000914119834909616
39.78195,45.42886,0.000408837970546472,45.4293697151833,0.000918553153861911
39.7933,45.43016,0.00170883797054699,45.429362584565,0.000911422535536015
39.80462,45.42984,0.0013888379705449,45.4293495096132,0.00089834758377237
39.81596,45.42804,-0.000411162029450907,45.4293359467417,0.000884784712289943
39.82727,45.42871,0.000258837970548598,45.4293264743636,0.000875312334100619
39.83859,45.42994,0.00148883797054822,45.4293241951386,0.000873033109194236
39.84992,45.42987,0.00141883797054732,45.429330360443,0.000879198413582204
39.86128,45.42857,0.000118837970546792,45.4293442600309,0.000893098001432306
39.87262,45.42922,0.000768837970547054,45.4293633619286,0.000912199899179046
39.88396,45.43035,0.00189883797054335,45.429383671577,0.000932509547503965
39.89531,45.42768,-0.000771162029451489,45.429400283356,0.000949121326541659
39.90662,45.42923,0.000778837970543123,45.4294080889992,0.000956926969772604
39.91793,45.4306,0.00214883797054455,45.4294025764382,0.000951414408789013
39.92926,45.42941,0.000958837970543414,45.4293805990932,0.00092943706376697
39.94063,45.43052,0.00206883797054758,45.4293409397299,0.000889777700440273
39.95196,45.43073,0.00227883797054318,45.4292844876241,0.000833325594681016
39.96329,45.42823,-0.000221162029454547,45.4292139338069,0.000762771777453748
39.97462,45.42724,-0.00121116202945615,45.4291330514243,0.000681889394837422
39.98595,45.42887,0.000418837970549646,45.4290457955209,0.000594633491441905
39.99731,45.42933,0.000878837970546442,45.4289555314022,0.000504369372714957
40.00864,45.42818,-0.000271162029456207,45.4288646326758,0.000413470646306688
40.01995,45.42889,0.000438837970548889,45.4287745340235,0.000323371994091266
40.0313,45.42867,0.000218837970543007,45.4286861808392,0.000235018809757322
40.04263,45.4278,-0.000651162029456032,45.4286007311844,0.000149569154929446
40.05395,45.42976,0.00130883797054793,45.428520313838,6.91518085906994e-05
40.0653,45.43001,0.00155883797054912,45.428448607948,-2.55408145537386e-06
40.07661,45.42894,0.000488837970543443,45.4283910009102,-6.01611192765266e-05
40.08796,45.42888,0.000428837970545715,45.4283541460118,-9.70160176301087e-05
40.0993,45.42719,-0.0012611620294507,45.4283449031066,-0.000106258922884826
40.11064,45.42831,-0.00014116202945047,45.4283688564928,-8.23055366929624e-05
40.12194,45.42741,-0.00104116202945193,45.4284287683016,-2.23937278343186e-05
40.13326,45.4265,-0.00195116202945655,45.4285233738027,7.221177321364e-05
40.1446,45.43021,0.00175883797054865,45.428646849707,0.000195687677516478
40.15596,45.42741,-0.00104116202945193,45.4287891214068,0.000337959377333615
40.16728,45.42864,0.000188837970547695,45.4289369744806,0.000485812451185321
40.17864,45.4319,0.00344883797054507,45.4290757608074,0.000624598777935331
40.18997,45.42875,0.000298837970547083,45.4291913828601,0.000740220830618707
40.20131,45.42827,-0.000181162029456061,45.4292722222705,0.000821060241050731
40.21263,45.42883,0.000378837970544055,45.4293107509108,0.000859588881389264
40.22396,45.42967,0.00121883797054778,45.4293046686772,0.000853506647777111
40.23529,45.43042,0.00196883797054426,45.4292574603512,0.000806298321718384
40.24659,45.43182,0.0033688379705481,45.4291782372851,0.000727075255618377
40.25793,45.42842,-3.11620294510817e-05,45.4290807226934,0.000629560663926146
40.26927,45.42952,0.0010688379705428,45.4289813535262,0.000530191496757909
40.28061,45.42805,-0.000401162029454838,45.4288967051194,0.00044554308992682
40.29192,45.42746,-0.000991162029450265,45.4288406917485,0.000389529719048399
40.30327,45.42488,-0.00357116202945207,45.4288221366488,0.000370974619351978
40.31461,45.43056,0.00210883797054606,45.428843270482,0.000392108452593878
40.32593,45.42977,0.001318837970544,45.4288994998107,0.000448337781219239
40.33723,45.42712,-0.0013311620294516,45.4289804592442,0.000529297214764693
40.34858,45.42936,0.000908837970548859,45.4290720678772,0.000620905847712859
40.35992,45.4306,0.00214883797054455,45.4291591516467,0.000707989617280334
40.37123,45.43182,0.0033688379705481,45.429228141509,0.000776979479513027
40.38257,45.42737,-0.00108116202945041,45.4292693671613,0.00081820513185266
40.39389,45.42993,0.00147883797054504,45.4292785634081,0.000827401378616723
40.40523,45.42902,0.00056883797054752,45.4292573931169,0.000806231087470652
40.41656,45.43133,0.00287883797054889,45.4292129751034,0.000761813073911458
40.42789,45.42932,0.000868837970543268,45.4291565147654,0.000705352735917818
40.43924,45.42883,0.000378837970544055,45.429101212704,0.000650050674555717
40.45057,45.42881,0.000358837970544812,45.4290597466365,0.000608584607054355
40.46189,45.42567,-0.00278116202945711,45.4290417717408,0.000590609711361314
40.47322,45.42838,-7.11620294566728e-05,45.4290519687714,0.000600806741910644
40.48454,45.42874,0.000288837970543909,45.4290890970458,0.000637935016368039
40.49588,45.42916,0.000708837970549325,45.4291462663337,0.000695104304226479
40.50722,45.43082,0.00236883797054332,45.4292123130671,0.0007611510376127
40.51856,45.42986,0.00140883797054414,45.4292738917015,0.000822729672059042
40.52987,45.42991,0.0014588379705458,45.4293177740521,0.000866612022668644
40.5412,45.42958,0.00112883797054764,45.4293329007159,0.000881738686414163
40.55253,45.42956,0.00110883797054839,45.4293118891398,0.000860727110334796
40.56387,45.42735,-0.00110116202945676,45.4292518871569,0.000800725127445556
40.57522,45.43017,0.00171883797054306,45.4291547984936,0.000703636464145775
40.58654,45.43125,0.00279883797054481,45.4290269623494,0.000575800319982497
40.59785,45.42787,-0.000581162029455129,45.4288783612381,0.000427199208649477
40.60921,45.42762,-0.000831162029456323,45.4287214344925,0.000270272463050152
40.62053,45.42701,-0.00144116202945099,45.4285696405436,0.000118478514196898
40.63185,45.43085,0.00239883797054574,45.4284359812964,-1.51807330221253e-05
40.64318,45.42828,-0.000171162029452887,45.4283316814039,-0.000119480625543169
40.65449,45.42791,-0.000541162029456643,45.4282651214148,-0.000186040614649871
40.66584,45.42641,-0.0020411620294567,45.4282410676348,-0.000210094394680965
40.67717,45.4296,0.00114883797054688,45.4282602621564,-0.00019089987305771
40.6885,45.42655,-0.00190116202945489,45.4283194539032,-0.000131708126250321
40.69983,45.43034,0.00188883797054729,45.4284118956517,-3.92663777085149e-05
40.71116,45.42843,-2.1162029455013e-05,45.4285282323287,7.70702992590636e-05
40.72251,45.42788,-0.000571162029451955,45.428657636439,0.000206474409556094
40.73382,45.42821,-0.00024116202945379,45.4287890414663,0.000337879436803875
40.74517,45.42965,0.00119883797054854,45.4289123539136,0.000461191884099834
40.75651,45.42947,0.00101883797054825,45.4290195323568,0.000568370327314462
40.76788,45.42953,0.00107883797054598,45.4291053928332,0.000654230803784261
40.77922,45.42974,0.00128883797054868,45.429167983138,0.000716821108519147
40.79055,45.43085,0.00239883797054574,45.4292084145271,0.000757252497661831
40.80186,45.4272,-0.00125116202945463,45.4292301502351,0.000778988205602375
40.8132,45.42911,0.000658837970547665,45.4292378946686,0.000786732639146094
40.82452,45.42911,0.000658837970547665,45.4292363539207,0.000785191891225102
40.83584,45.42841,-4.11620294542558e-05,45.4292291865458,0.000778024516348999
40.84718,45.42813,-0.000321162029450761,45.4292184102152,0.000767248185767201
40.85851,45.42851,5.88379705490638e-05,45.4292044081303,0.000753246100886929
40.86983,45.42989,0.00143883797054656,45.4291865252715,0.000735363242068357
40.88118,45.42999,0.00153883797054277,45.4291640730137,0.000712910984256738
40.89252,45.43137,0.00291883797054737,45.429137408312,0.000686246282507081
40.90384,45.42896,0.000508837970542686,45.429108695138,0.000657533108513893
40.91516,45.42971,0.00125883797054627,45.4290820450557,0.000630883026291723
40.9265,45.42909,0.000638837970548423,45.4290629465873,0.000611784557874297
40.93784,45.4267,-0.00175116202945702,45.4290571370689,0.00060597503944935
40.94917,45.42992,0.00146883797054898,45.4290692466841,0.000618084654671202
40.96048,45.42867,0.000218837970543007,45.4291015962425,0.000650434212996659
40.97181,45.42751,-0.000941162029455711,45.4291534626643,0.000702300634851295
40.98315,45.42789,-0.000561162029455886,45.4292209904897,0.000769828460241564
40.9945,45.43169,0.00323883797054947,45.4292977685465,0.000846606517063114
41.00585,45.42979,0.00133883797054324,45.4293759183451,0.000924756315619344
41.01716,45.42923,0.000778837970543123,45.4294473887936,0.000996226764145655
41.0285,45.43107,0.00261883797054452,45.4295050998268,0.00105393779733471
41.03982,45.4315,0.003048837970546,45.4295436606918,0.00109249866236421
41.05116,45.42749,-0.000961162029454954,45.4295595610456,0.00110839901613857
41.06248,45.42844,-1.11620294518389e-05,45.4295509383881,0.0010997763586167
41.0738,45.42704,-0.00141116202945568,45.4295172083788,0.00106604634938703
41.08513,45.429,0.000548837970548277,45.429458906958,0.00100774492850934
41.09647,45.43106,0.00260883797054845,45.4293779546915,0.000926792662026866
41.1078,45.4312,0.00274883797054315,45.4292782657963,0.000827103766857393
41.11913,45.42867,0.000218837970543007,45.4291663612133,0.00071519918388406
41.13048,45.43087,0.00241883797054498,45.4290515676172,0.000600405587767681
41.14181,45.42944,0.000988837970545831,45.4289455162873,0.000494354257866511
41.15313,45.42702,-0.00143116202945492,45.4288608970419,0.000409735012486849
41.16442,45.43101,0.00255883797054679,45.4288096602079,0.00035849817843912
41.17574,45.42595,-0.0025011620294535,45.4288010318635,0.000349869834050021
41.1871,45.42661,-0.00184116202945717,45.4288397876841,0.00038862565460091
41.19842,45.42881,0.000358837970544812,45.428925201275,0.000474039245550662
41.20977,45.43083,0.0023788379705465,45.4290509268238,0.000599764794310648
41.22109,45.4285,4.88379705458897e-05,45.4292058165214,0.000754654491907949
41.23242,45.43024,0.00178883797054397,45.4293754213936,0.000924259364118791
41.24371,45.43008,0.00162883797054292,45.4295438039862,0.00109264195675593
41.25503,45.4313,0.00284883797054647,45.4296953194236,0.00124415739411593
41.26638,45.42688,-0.00157116202945673,45.4298161305471,0.00136496851766821
41.2777,45.43157,0.00311883797054691,45.4298953552222,0.00144419319273055
41.28901,45.42904,0.000588837970546763,45.4299258539971,0.00147469196766778
41.30033,45.4296,0.00114883797054688,45.4299047076907,0.00145354566127767
41.31166,45.42963,0.0011788379705493,45.4298334036816,0.00138224165212933
41.32301,45.43324,0.00478883797054408,45.4297176912009,0.00126652917140512
41.33434,45.42905,0.000598837970542831,45.4295670306818,0.00111586865236501
41.34568,45.42712,-0.0013311620294516,45.4293936004562,0.000942438426759386
41.357,45.43045,0.00199883797054667,45.4292109557857,0.000759793756285176
41.36833,45.4269,-0.00155116202945038,45.429032584683,0.000581422653546895
41.37968,45.42843,-2.1162029455013e-05,45.4288706509023,0.000419488872819681
41.391,45.43058,0.00212883797054531,45.4287351230648,0.000283961035342363
41.40234,45.42731,-0.00114116202945524,45.4286333295265,0.000182167497000481
41.41367,45.43036,0.00190883797054653,45.4285698405336,0.000118678504112938
41.42499,45.42851,5.88379705490638e-05,45.428546520323,9.53582935941238e-05
41.43629,45.42735,-0.00110116202945676,45.4285626213067,0.000111459277291208
41.44763,45.43067,0.00221883797054545,45.4286148736835,0.00016371165405094
41.45894,45.42651,-0.00194116202945338,45.4286976065141,0.0002464444846049
41.47028,45.4286,0.000148837970549209,45.4288029876791,0.000351825649688567
41.48162,45.42841,-4.11620294542558e-05,45.4289214768838,0.000470314854385396
41.49295,45.42999,0.00153883797054277,45.4290425383038,0.000591376274328093
41.50429,45.42964,0.00118883797054536,45.4291555628961,0.000704400866666099
41.51564,45.42894,0.000488837970543443,45.4292508545565,0.00079969252705541
41.52697,45.42995,0.00149883797054429,45.4293205031476,0.000869341118136858
41.53828,45.42874,0.000288837970543909,45.4293590105921,0.00090784856268201
41.54962,45.4297,0.00124883797054309,45.4293636068388,0.000912444809357759
41.5609,45.43125,0.00279883797054481,45.4293342474429,0.000883085413493953
41.57222,45.42768,-0.000771162029451489,45.4292733237106,0.000822161681150053
41.58355,45.42822,-0.000231162029450616,45.4291851676485,0.000734005619032387
41.59486,45.4283,-0.000151162029453644,45.4290754982657,0.000624336236243594
41.60621,45.42976,0.00130883797054793,45.4289509762524,0.0004998142229274
41.61756,45.42814,-0.000311162029454692,45.4288189583101,0.000367796280644066
41.62892,45.43032,0.00186883797054804,45.4286874047155,0.000236242686040154
41.64025,45.42855,9.88379705475495e-05,45.4285647863657,0.000113624336292812
41.65158,45.42916,0.000708837970549325,45.4284598196054,8.65757590232799e-06
41.66291,45.42795,-0.000501162029451052,45.4283809260977,-7.02359317188252e-05
41.67424,45.42681,-0.00164116202945053,45.4283354306702,-0.000115731359259278
41.68559,45.43068,0.00222883797054862,45.428328613475,-0.000122548554423365
41.69691,45.42797,-0.000481162029451809,45.4283627775741,-8.83844553804644e-05
41.70823,45.42678,-0.00167116202945294,45.42843648936,-1.46726694541409e-05
41.71957,45.42955,0.00109883797054522,45.4285441477386,9.29857091473128e-05
41.7309,45.426,-0.00245116202945184,45.428676048612,0.000224886582528613
41.74223,45.42928,0.000828837970544782,45.4288190818084,0.000367919778945182
41.75354,45.43001,0.00155883797054912,45.4289580895445,0.000506927515046436
41.76487,45.42754,-0.000911162029453294,45.4290777553558,0.000626593326310455
41.77622,45.43041,0.00195883797054819,45.4291647456298,0.000713583600383294
41.78754,45.43111,0.002658837970543,45.4292097432903,0.000758581260816209
41.79886,45.42831,-0.00014116202945047,45.4292090065614,0.00075784453189744
41.81018,45.43111,0.002658837970543,45.4291651530977,0.000713991068288177
41.82151,45.42705,-0.00140116202945251,45.4290870081499,0.000635846120437784
41.83284,45.43,0.00154883797054595,45.4289885279219,0.000537365892440101
41.84419,45.42928,0.000828837970544782,45.4288869489574,0.000435786927919965
41.85551,45.43102,0.00256883797054286,45.4288003878543,0.000349225824863354
41.86686,45.42741,-0.00104116202945193,45.4287451612693,0.000293999239814969
41.87821,45.42569,-0.00276116202945076,45.4287331798181,0.000282017788653758
41.88955,45.42657,-0.00188116202945565,45.4287698814202,0.000318719390729467
41.90088,45.42966,0.00120883797054461,45.4288531856139,0.000402023584467171
41.91222,45.43042,0.00196883797054426,45.4289737572636,0.000522595234168132
41.92353,45.42884,0.000388837970547229,45.4291165274896,0.000665365460115367
41.93486,45.42749,-0.000961162029454954,45.4292631325903,0.000811970560806131
41.94622,45.43068,0.00222883797054862,45.4293948220959,0.00094366006648428
41.95753,45.43035,0.00189883797054335,45.4294953927298,0.00104423070033814
41.96884,45.4306,0.00214883797054455,45.4295537139887,0.00110255195928112
41.98016,45.43196,0.0035088379705428,45.429565423996,0.00111426196659107
41.99151,45.42977,0.001318837970544,45.4295334749306,0.00108231290111753
42.00287,45.42782,-0.000631162029456789,45.4294674344685,0.00101627243908889
42.01421,45.42804,-0.000411162029450907,45.4293817442613,0.000930582231851169
42.02554,45.42932,0.000868837970543268,45.4292933721468,0.000842210117329157
42.03685,45.42912,0.000668837970543734,45.4292193587462,0.000768196716709662
42.04818,45.42862,0.000168837970548452,45.4291746478201,0.000723485790601622
42.0595,45.42978,0.00132883797054717,45.4291704095214,0.000719247491927348
42.07081,45.43011,0.00165883797054533,45.4292129227436,0.000761760714122377
42.08211,45.42788,-0.000571162029451955,45.4293030123935,0.000851850364004009
42.09343,45.42953,0.00107883797054598,45.4294360285854,0.000984866555905535
42.10477,45.42825,-0.000201162029455304,45.4296023739215,0.00115121189203401
42.11612,45.43047,0.00201883797054592,45.4297885778336,0.00133741580412598
42.12743,45.42914,0.000688837970542977,45.4299788459121,0.00152768388260022
42.13877,45.4332,0.00474883797054559,45.4301568981894,0.00170573615990047
42.1501,45.42873,0.000278837970547841,45.430307818267,0.00185665623758878
42.16141,45.43237,0.00391883797054504,45.4304196260478,0.00196846401836924
42.17274,45.42806,-0.000391162029451664,45.4304843748486,0.00203321281919072
42.18407,45.43139,0.00293883797054661,45.430498707525,0.00204754549554934
42.19542,45.4323,0.00384883797054414,45.4304639058309,0.0020127438014469
42.20671,45.42812,-0.000331162029453935,45.4303854989753,0.00193433694581549
42.21807,45.43049,0.00203883797054516,45.4302724998104,0.00182133778097287
42.22939,45.43223,0.00377883797054324,45.4301363533917,0.00168519136223668
42.2407,45.42891,0.000458837970548132,45.4299897039871,0.00153854195764171
42.25204,45.42855,9.88379705475495e-05,45.4298451004429,0.00139393841345048
42.26336,45.42928,0.000828837970544782,45.4297137824856,0.00126262045616071
42.27468,45.43163,0.00317883797054463,45.4296047044697,0.00115354244021518
42.28603,45.42773,-0.000721162029456934,45.4295239105652,0.00107274853571309
42.29736,45.42896,0.000508837970542686,45.4294742926723,0.00102313064285839
42.30869,45.42964,0.00118883797054536,45.4294556999968,0.00100453796735535
42.32003,45.43056,0.00210883797054606,45.4294653279964,0.0010141659669728
42.33134,45.43039,0.00193883797054895,45.4294982599071,0.00104709787763095
42.34266,45.42973,0.00127883797054551,45.429547994355,0.00109683232554532
42.35397,45.42918,0.000728837970548568,45.4296068330416,0.0011556710121052
42.36531,45.42803,-0.000421162029454081,45.4296661232559,0.00121496122648205
42.37662,45.43046,0.00200883797054274,45.4297164692776,0.00126530724812166
42.38794,45.43064,0.00218883797054303,45.4297480611569,0.00129689912744667
42.39929,45.42785,-0.000601162029454372,45.4297512130954,0.00130005106595444
42.41062,45.42992,0.00146883797054898,45.4297171230994,0.00126596106994487
42.42195,45.42945,0.000998837970549005,45.4296388096595,0.00118764763001834
42.43329,45.42981,0.00135883797054959,45.4295121297348,0.00106096770536976
42.44461,45.4314,0.00294883797054268,45.4293367107481,0.000885548718635045
42.45592,45.42887,0.000418837970549646,45.4291165756506,0.000665413621158012
42.46725,45.42879,0.000338837970545569,45.428860267733,0.000409105703551271
42.47858,45.42839,-6.11620294534987e-05,45.4285804018828,0.000129239853318107
42.48994,45.42717,-0.00128116202945705,45.4282927192595,-0.000158442769942462
42.50126,45.42839,-6.11620294534987e-05,45.4280148181842,-0.000436343845287412
42.51262,45.42778,-0.000671162029455274,45.4277647364029,-0.000686425626534607
42.52396,45.42937,0.000918837970544928,45.4275594965484,-0.00089166548104678
42.53531,45.42606,-0.00239116202945411,45.4274136646374,-0.0010374973920877
42.54664,45.42813,-0.000321162029450761,45.4273379700872,-0.00111319194226036
42.55797,45.42673,-0.0017211620294546,45.4273380995815,-0.00111306244792425
42.56931,45.42652,-0.00193116202945731,45.4274138533164,-0.00103730871309438
42.58065,45.42636,-0.00209116202945125,45.4275588827489,-0.000892279280524592
42.59196,45.42622,-0.00223116202945306,45.427761185811,-0.000689976218495942
42.60328,45.42997,0.00151883797054353,45.4280044088611,-0.000446753168368255
42.61459,45.42822,-0.000231162029450616,45.4282698095002,-0.000181352529226464
42.62591,45.42945,0.000998837970549005,45.4285385406494,8.73786199507979e-05
42.63724,45.42946,0.00100883797054507,45.4287938204188,0.000342658389352509
42.64856,45.43056,0.00210883797054606,45.4290225956442,0.000571433614762979
42.65989,45.42825,-0.000201162029455304,45.4292164537853,0.000765291755840565
42.6712,45.42822,-0.000231162029450616,45.4293717285494,0.0009205665199767
42.68253,45.43097,0.0025188379705483,45.4294889218755,0.00103775984603493
42.69387,45.42779,-0.0006611620294521,45.4295716697956,0.00112050776615495
42.70522,45.43076,0.0023088379705456,45.4296254886709,0.00117432664140971
42.71651,45.42962,0.00116883797054612,45.4296564907791,0.00120532874968854
42.72784,45.42955,0.00109883797054522,45.4296702107436,0.00121904871418443
42.73918,45.42968,0.00122883797054385,45.429670663841,0.00121950181152615
42.75051,45.42802,-0.000431162029457255,45.4296597615652,0.00120859953570429
42.76184,45.4298,0.00134883797054641,45.4296372124126,0.00118605038315193
42.77318,45.4279,-0.000551162029452712,45.4296009950294,0.00114983299995826
42.78452,45.42979,0.00133883797054324,45.4295483807932,0.00109721876375985
42.79585,45.43179,0.00333883797054568,45.4294773173732,0.00102615534377501
42.8072,45.43026,0.00180883797054321,45.429387820121,0.0009366580915839
42.81851,45.43069,0.00223883797054469,45.4292829422653,0.000831780235824768
42.82984,45.42931,0.000858837970547199,45.4291689808377,0.00071781880823108
42.84117,45.42746,-0.000991162029450265,45.4290548111149,0.00060364908549194
42.85249,45.42866,0.000208837970546938,45.4289505202458,0.000499358216309508
42.86383,45.42902,0.00056883797054752,45.4288657007493,0.000414538719865631
42.87516,45.42849,3.88379705427155e-05,45.4288078032587,0.0003566412292628
42.8865,45.42664,-0.00181116202945475,45.4287808693275,0.000329707298088387
42.89783,45.42995,0.00149883797054429,45.4287848448056,0.000333682776114099
42.90917,45.42984,0.0013888379705449,45.4288155482843,0.000364386254894952
42.9205,45.42724,-0.00121116202945615,45.4288652430335,0.000414081004095068
42.93185,45.43026,0.00180883797054321,45.4289236677134,0.000472505683921478
42.94317,45.42767,-0.000781162029454663,45.4289793537097,0.000528191680283059
42.9545,45.43,0.00154883797054595,45.4290210695802,0.000569907550698794
42.96584,45.42993,0.00147883797054504,45.4290392393194,0.000588077289916821
42.97718,45.42778,-0.000671162029455274,45.4290271793563,0.000576017326804022
42.98853,45.42844,-1.11620294518389e-05,45.4289820170294,0.000530854999971165
42.99987,45.43044,0.0019888379705435,45.4289051892347,0.000454027205217582
43.01125,45.42974,0.00128883797054868,45.4288024394155,0.000351277386063498
43.02257,45.42956,0.00110883797054839,45.4286832330961,0.000232071066627307
43.03389,45.42817,-0.000281162029452275,45.4285595587359,0.000108396706405482
43.04521,45.42685,-0.00160116202945204,45.4284442150489,-6.94698051452346e-06
43.05656,45.42892,0.0004688379705442,45.4283488539516,-0.000102308077891068
43.06791,45.42819,-0.000261162029453033,45.4282821461534,-0.000169015876063486
43.07924,45.42605,-0.00240116202945728,45.4282484184341,-0.000202743595373687
43.09056,45.42891,0.000458837970548132,45.4282470159282,-0.000204146101205392
43.10188,45.42782,-0.000631162029456789,45.4282725176867,-0.000178644342708937
43.11321,45.42771,-0.000741162029456177,45.4283157911919,-0.000135370837520279
43.12451,45.42839,-6.11620294534987e-05,45.4283657218478,-8.54401816734889e-05
43.1358,45.4287,0.000248837970545424,45.4284113240143,-3.98380151981386e-05
43.14713,45.42983,0.00137883797054883,45.4284438461093,-7.31592013151878e-06
43.15845,45.43048,0.00202883797054909,45.4284584337454,7.27171599301803e-06
43.16977,45.43,0.00154883797054595,45.428454948736,3.78670652566314e-06
43.18108,45.42748,-0.000971162029451023,45.4284377032032,-1.34588262750014e-05
43.19241,45.4275,-0.00095116202945178,45.4284141490751,-3.70129543759053e-05
43.20376,45.42866,0.000208837970546938,45.4283928695139,-5.82925155475437e-05
43.21511,45.42513,-0.00332116202945087,45.4283814184459,-6.97435835199917e-05
43.22644,45.42825,-0.000201162029455304,45.4283845736571,-6.65883723271706e-05
43.23777,45.428,-0.000451162029456498,45.4284034216774,-4.77403520853144e-05
43.24911,45.42895,0.000498837970546617,45.4284354368074,-1.57252220197026e-05
43.26045,45.42895,0.000498837970546617,45.4284754332614,2.42712319045143e-05
43.27179,45.42867,0.000218837970543007,45.4285170540334,6.5892003922704e-05
43.2831,45.4294,0.000948837970547345,45.4285543708741,0.000103208844652294
43.29442,45.42981,0.00135883797054959,45.4285831947085,0.000132032679014683
43.30575,45.43061,0.00215883797054772,45.4286017949773,0.000150632947828536
43.31708,45.42703,-0.00142116202945175,45.4286108847558,0.000159722726377888
43.32841,45.42687,-0.0015811620294528,45.4286129425244,0.000161780494945076
43.33974,45.42783,-0.000621162029453615,45.4286111554813,0.000159993451865916
43.35107,45.42844,-1.11620294518389e-05,45.4286083689043,0.000157206874852316
43.36239,45.43052,0.00206883797054758,45.4286063429512,0.000155180921778183
43.37374,45.42654,-0.00191116202945096,45.4286054222856,0.000154260256179724
43.38507,45.42914,0.000688837970542977,45.4286045583368,0.000153396307319197
43.3964,45.43131,0.00285883797054964,45.4286015597356,0.000150397706113236
43.40772,45.42644,-0.00201116202945428,45.4285934530136,0.000142290984156383
43.41903,45.42807,-0.000381162029455595,45.428576877257,0.000125715227578159
43.43037,45.42768,-0.000771162029451489,45.4285485018559,9.7339826432992e-05
43.44171,45.43057,0.00211883797054924,45.4285054972723,5.43352428199824e-05
43.45303,45.42764,-0.00081116202945708,45.4284460496506,-5.1123788208461e-06
43.46436,45.4294,0.000948837970547345,45.4283698287059,-8.13333235292014e-05
43.47572,45.4287,0.000248837970545424,45.4282782903064,-0.000172871723068935
43.48705,45.4258,-0.00265116202945137,45.4281747520121,-0.00027641001731173
43.49836,45.42785,-0.000601162029454372,45.4280642663459,-0.000386895683502361
43.50971,45.42988,0.00142883797054338,45.4279533545543,-0.00049780747519487
43.52106,45.42949,0.00103883797054749,45.4278496179803,-0.000601544049192724
43.53237,45.42582,-0.00263116202945213,45.4277611729104,-0.000689989119056681
43.54368,45.42827,-0.000181162029456061,45.4276958658524,-0.000755296177068084
43.55501,45.42727,-0.00118116202945373,45.4276603385155,-0.000790823513987677
43.5663,45.42729,-0.00116116202945449,45.4276591235643,-0.000792038465146587
43.57763,45.42648,-0.0019711620294558,45.4276939773039,-0.000757184725548996
43.58895,45.42817,-0.000281162029452275,45.4277636018801,-0.000687560149307912
43.6003,45.42854,8.88379705443754e-05,45.4278638162025,-0.000587345826953894
43.61163,45.42672,-0.00173116202945067,45.4279881274308,-0.000463034598632071
43.62297,45.42994,0.00148883797054822,45.4281285665761,-0.000322595453347089
43.6343,45.42819,-0.000261162029453033,45.4282766126919,-0.000174549337534574
43.64563,45.42739,-0.00106116202945117,45.4284240418967,-2.71201327353034e-05
43.65696,45.43125,0.00279883797054481,45.428563585493,0.000112423463527083
43.66828,45.42614,-0.00231116202945714,45.428689349276,0.000238187246568063
43.67962,45.42958,0.00112883797054764,45.4287970155886,0.000345853559187779
43.69096,45.42785,-0.000601162029454372,45.4288839026136,0.000432740584132294
43.7023,45.42852,6.88379705451325e-05,45.4289489678893,0.000497805859863247
43.71362,45.42981,0.00135883797054959,45.4289927952919,0.000541633262415401
43.72495,45.43214,0.00368883797054309,45.4290175155847,0.00056635355527612
43.7363,45.42648,-0.0019711620294558,45.4290265469062,0.00057538487670748
43.74764,45.43052,0.00206883797054758,45.4290240751026,0.000572913073134986
43.75899,45.42672,-0.00173116202945067,45.4290143266085,0.000563164579061048
43.77032,45.42899,0.000538837970545103,45.4290008243795,0.000549662349999387
43.78163,45.42854,8.88379705443754e-05,45.4289858546601,0.000534692630636884
43.79293,45.42929,0.000838837970547957,45.4289702886616,0.000519126632149673
43.80427,45.42956,0.00110883797054839,45.4289537582802,0.000502596250785052
43.81561,45.42966,0.00120883797054461,45.4289350589164,0.000483896886912539
43.82697,45.42966,0.00120883797054461,45.4289126029087,0.000461440879234491
43.83828,45.42686,-0.00159116202945597,45.4288847892367,0.000433627207209785
43.84963,45.42926,0.00080883797054554,45.4288502550986,0.000399093069105281
43.86098,45.42903,0.000578837970543589,45.428808061249,0.000356899219570393
43.87233,45.42733,-0.001121162029456,45.4287578744136,0.000306712384138786
43.88367,45.43116,0.00270883797054466,45.4287001506844,0.000248988654914032
43.89501,45.42815,-0.000301162029451518,45.4286362517677,0.000185089738250608
43.90636,45.42934,0.000888837970549616,45.4285683977779,0.00011723574840545
43.9177,45.42783,-0.000621162029453615,45.4284994020657,4.82400362685704e-05
43.92902,45.42725,-0.00120116202945297,45.4284322294956,-1.89325338052262e-05
43.94035,45.42852,6.88379705451325e-05,45.4283695084331,-8.16535963498882e-05
43.9517,45.42931,0.000858837970547199,45.4283131443148,-0.000138017714698882
43.96305,45.42797,-0.000481162029451809,45.4282641242383,-0.000187037791104498
43.97438,45.42694,-0.0015111620294519,45.4282225281885,-0.00022863384092365
43.98572,45.42837,-8.11620294527415e-05,45.4281877283058,-0.000263433723703602
43.99705,45.42862,0.000168837970548452,45.4281587467116,-0.000292415317841259
44.00839,45.42773,-0.000721162029456934,45.4281347050233,-0.000316457006153361
44.0197,45.42936,0.000908837970548859,45.4281152360234,-0.000335926006087005
44.03104,45.4299,0.00144883797054973,45.428100691879,-0.000350470150440337
44.04239,45.4276,-0.000851162029455566,45.4280920176276,-0.000359144401817881
44.0537,45.42726,-0.0011911620294569,45.4280902763087,-0.000360885720715457
44.06503,45.42614,-0.00231116202945714,45.4280959830182,-0.000355179011220687
44.07636,45.42811,-0.000341162029457109,45.4281085385837,-0.000342623445799011
44.08769,45.4273,-0.00115116202945131,45.4281260495257,-0.000325112503750444
44.09904,45.42848,2.88379705466468e-05,45.4281456659007,-0.00030549612876494
44.11036,45.42891,0.000458837970548132,45.4281643481553,-0.000286813874126008
44.1217,45.43087,0.00241883797054498,45.4281797954357,-0.000271366593772747
44.13301,45.42701,-0.00144116202945099,45.4281912023672,-0.000259959662255377
44.14433,45.42823,-0.000221162029454547,45.428199586247,-0.000251575782432329
44.15566,45.42764,-0.00081116202945708,45.4282076053219,-0.000243556707538284
44.16698,45.42736,-0.00109116202945359,45.4282189664961,-0.000232195533336163
44.1783,45.43101,0.00255883797054679,45.428237600159,-0.000213561870496688
44.18961,45.42711,-0.00134116202945478,45.428266760965,-0.000184401064431151
44.20091,45.42714,-0.00131116202945236,45.4283081808168,-0.000142981212668434
44.21223,45.42816,-0.00029116202945545,45.4283614172819,-8.97447475520516e-05
44.22355,45.42845,-1.16202945577015e-06,45.4284235736215,-2.75884079097447e-05
44.23488,45.42683,-0.00162116202945128,45.4284895372522,3.83752226999889e-05
44.24623,45.42793,-0.000521162029450295,45.4285527729986,0.000101610969099769
44.25756,45.43093,0.00247883797054271,45.4286065560135,0.000155393984077698
44.26886,45.43003,0.00157883797054836,45.4286453768932,0.000194214863737786
44.2802,45.42762,-0.000831162029456323,45.4286661522134,0.00021499018394852
44.29153,45.43027,0.00181883797054638,45.4286688995162,0.00021773748672192
44.30285,45.42976,0.00130883797054793,45.4286566929946,0.000205530965171656
44.31419,45.42711,-0.00134116202945478,45.4286349242248,0.000183762195380391
44.32553,45.42831,-0.00014116202945047,45.4286100794409,0.00015891741140681
44.33683,45.42646,-0.00199116202945504,45.4285883815956,0.000137219566187262
44.34817,45.42831,-0.00014116202945047,45.4285746891879,0.000123527158442289
44.3595,45.42877,0.000318837970546326,45.428571950214,0.000120788184591396
44.37086,45.4285,4.88379705458897e-05,45.4285813026586,0.000130140629094929
44.38219,45.42981,0.00135883797054959,45.4286026863329,0.000151524303414464
44.39351,45.42867,0.000218837970543007,45.4286356788683,0.000184516838826137
44.40482,45.42986,0.00140883797054414,45.4286802316572,0.000229069627749956
44.41615,45.42945,0.000998837970549005,45.4287370466128,0.000285884583334771
44.42747,45.42802,-0.000431162029457255,45.4288074673578,0.000356305328349803
44.43879,45.42873,0.000278837970547841,45.4288929213227,0.000441759293234231
44.4501,45.42811,-0.000341162029457109,45.428994095581,0.000542933551559717
44.4614,45.42817,-0.000281162029452275,45.4291101057843,0.000658943754837607
44.47272,45.43044,0.0019888379705435,45.4292378946777,0.000786732648274141
44.48405,45.43046,0.00200883797054274,45.4293719967419,0.000920834712449942
44.4954,45.42756,-0.000891162029454051,45.4295046976691,0.00105353563962363
44.50674,45.42858,0.000128837970542861,45.4296265688501,0.00117540682060111
44.51809,45.42972,0.00126883797054944,45.4297273600641,0.00127619803464575
44.5294,45.43102,0.00256883797054286,45.4297972038408,0.00134604181131955
44.54071,45.43045,0.00199883797054667,45.4298279771783,0.00137681514884506
44.55202,45.43073,0.00227883797054318,45.4298145530963,0.00136339106685679
44.56336,45.42814,-0.000311162029454692,45.4297556612768,0.00130449924735044
44.57468,45.43143,0.0029788379705451,45.4296541764702,0.00120301444076407
44.58601,45.43079,0.00233883797054801,45.4295167881352,0.00106562610578416
44.59733,45.42775,-0.000701162029450586,45.4293531142307,0.000901952201275347
44.60866,45.42897,0.00051883797054586,45.4291744178858,0.000723255856316862
44.61999,45.42711,-0.00134116202945478,45.4289921827198,0.000541020690389518
44.63135,45.42966,0.00120883797054461,45.4288168481352,0.000365686105726862
44.64268,45.42867,0.000218837970543007,45.4286569394997,0.000205777470228534
44.65402,45.42765,-0.000801162029453906,45.4285186764712,6.75144417005998e-05
44.66534,45.42966,0.00120883797054461,45.4284059956068,-4.51664226197484e-05
44.6767,45.42827,-0.000181162029456061,45.4283208387282,-0.000130323301259761
44.68802,45.42939,0.000938837970544171,45.4282635359113,-0.000187626118109725
44.69934,45.4282,-0.000251162029456964,45.4282331405201,-0.000218021509321526
44.71068,45.42606,-0.00239116202945411,45.4282276510933,-0.000223510936174361
44.72198,45.42827,-0.000181162029456061,45.4282441514736,-0.000207010555895764
44.73332,45.4298,0.00134883797054641,45.4282789480823,-0.000172213947139461
44.74465,45.42941,0.000958837970543414,45.4283277406007,-0.000123421428801701
44.75599,45.42838,-7.11620294566728e-05,45.4283857872372,-6.5374792276985e-05
44.7673,45.4259,-0.00255116202945516,45.4284480272325,-3.13479692060235e-06
44.77864,45.42696,-0.00149116202945265,45.4285092181514,5.80561219544725e-05
44.78997,45.43063,0.00217883797054697,45.4285642137732,0.00011305174377403
44.80132,45.42936,0.000908837970548859,45.4286084339186,0.000157271889148707
44.81266,45.4291,0.000648837970544491,45.4286384037144,0.00018724168496259
44.824,45.42929,0.000838837970547957,45.4286521301499,0.00020096812045296
44.83533,45.42874,0.000288837970543909,45.4286491360991,0.000197974069668152
44.84665,45.42775,-0.000701162029450586,45.4286301342619,0.000178972232426773
44.85798,45.4269,-0.00155116202945038,45.4285964843767,0.000145322347292552
44.86933,45.43002,0.00156883797054519,45.4285496591001,9.84970706174138e-05
44.88066,45.42866,0.000208837970546938,45.428490920085,3.97580555295296e-05
44.89198,45.42577,-0.00268116202945379,45.428421307881,-2.98541485001531e-05
44.90334,45.42918,0.000728837970548568,45.4283419471059,-0.000109214923539101
44.91466,45.42878,0.0003288379705495,45.4282545884587,-0.000196573570728312
44.92602,45.42891,0.000458837970548132,45.4281622211055,-0.000288940923992376
44.93734,45.42984,0.0013888379705449,45.4280695012932,-0.000381660736303335
44.94867,45.4294,0.000948837970547345,45.4279827331085,-0.000468428920951872
44.96,45.42667,-0.00178116202945233,45.4279092620565,-0.000541899972919305
44.97133,45.4258,-0.00265116202945137,45.4278563734174,-0.000594788612023294
44.98265,45.4267,-0.00175116202945702,45.4278300192909,-0.000621142738526347
44.994,45.42704,-0.00141116202945568,45.4278337941521,-0.000617367877376557
45.00534,45.42982,0.00136883797054566,45.4278684664212,-0.00058269560825554
45.01669,45.42712,-0.0013311620294516,45.4279321220991,-0.000519039930336638
45.02803,45.43003,0.00157883797054836,45.4280207462286,-0.000430415800817938
45.03937,45.42633,-0.00212116202945367,45.4281289757811,-0.00032218624833246
45.0507,45.42937,0.000918837970544928,45.4282508017649,-0.000200360264517707
45.06203,45.42926,0.00080883797054554,45.4283800981794,-7.10638500117773e-05
45.07336,45.427,-0.00145116202945417,45.4285109414134,5.97793839436008e-05
45.08472,45.42858,0.000128837970542861,45.4286377426832,0.000186580653702708
45.09607,45.4299,0.00144883797054973,45.4287552566153,0.000304094585893627
45.1074,45.42773,-0.000721162029456934,45.4288585410879,0.000407379058422494
45.11872,45.43,0.00154883797054595,45.428942925155,0.000491763125525271
45.13008,45.42838,-7.11620294566728e-05,45.4290040237743,0.000552861744878734
45.14142,45.42879,0.000338837970545569,45.4290378423393,0.000586680309869613
45.15276,45.4276,-0.000851162029455566,45.4290410256171,0.000589863587671872
45.16408,45.43076,0.0023088379705456,45.4290112938716,0.00056013184217716
45.1754,45.42745,-0.00100116202945344,45.4289480555594,0.000496893529898821
45.18671,45.42954,0.00108883797054915,45.4288531053193,0.000401943289858873
45.19802,45.42998,0.0015288379705467,45.4287312478489,0.00028008581940729
45.20937,45.42797,-0.000481162029451809,45.4285906614621,0.000139499432678322
45.22068,45.42786,-0.000591162029451198,45.4284428348436,-8.327185821771e-06
45.23201,45.43037,0.0019188379705497,45.4283019667666,-0.000149195262884097
45.24334,45.42859,0.000138837970546035,45.4281837868787,-0.000267375150795965
45.25467,45.43031,0.00185883797054487,45.4281038282073,-0.000347333822130132
45.26599,45.42577,-0.00268116202945379,45.4280752981254,-0.000375863904050916
45.27733,45.42365,-0.00480116202945169,45.4281068775741,-0.000344284455367637
45.28869,45.42995,0.00149883797054429,45.4282009419515,-0.000250220077956615
45.30003,45.42794,-0.000511162029454226,45.4283526855601,-9.84764693677607e-05
45.31136,45.42783,-0.000621162029453615,45.4285503957618,9.92337322966463e-05
45.32267,45.42968,0.00122883797054385,45.4287768025003,0.00032564047081055
45.33403,45.42885,0.000398837970543298,45.4290111988731,0.000560036843613446
45.34536,45.43028,0.00182883797054956,45.429231932806,0.000780770776517895
45.3567,45.43075,0.00229883797054953,45.4294188624943,0.000967700464849398
45.36802,45.43065,0.00219883797054621,45.4295554262716,0.00110426424217416
45.37934,45.42658,-0.00187116202945248,45.4296301082391,0.00117894620962418
45.39066,45.42959,0.0011388379705437,45.4296372609224,0.0011860988929054
45.402,45.42962,0.00116883797054612,45.42957738805,0.00112622602054604
45.41333,45.43113,0.00267883797054935,45.4294570015136,0.00100583948414148
45.42465,45.4302,0.00174883797054548,45.4292880636986,0.000836901669098207
45.43596,45.42884,0.000388837970547229,45.4290869436473,0.000635781617799488
45.4473,45.42784,-0.000611162029450441,45.4288728607038,0.00042169867437888
45.45862,45.42963,0.0011788379705493,45.4286659336379,0.000214771608468301
45.46997,45.42678,-0.00167116202945294,45.4284850831552,3.3921125710836e-05
45.48132,45.42911,0.000658837970547665,45.4283460764647,-0.000105085564710709
45.49263,45.4273,-0.00115116202945131,45.4282599633738,-0.000191198655680407
45.50396,45.42742,-0.00103116202945586,45.4282320756952,-0.000219086334211657
45.51528,45.43093,0.00247883797054271,45.4282616704939,-0.000189491535526437
45.52662,45.42711,-0.00134116202945478,45.4283422101274,-0.000108951902022813
45.53794,45.42719,-0.0012611620294507,45.4284622201251,1.10580956563943e-05
45.54929,45.4265,-0.00195116202945655,45.4286066667698,0.000155504740301685
45.5606,45.43092,0.00246883797054664,45.4287587957166,0.000307633687120838
45.5719,45.42959,0.0011388379705437,45.4289022867009,0.000451124671418076
45.58323,45.42992,0.00146883797054898,45.4290234239233,0.000572261893889611
45.59455,45.42866,0.000208837970546938,45.4291128878142,0.000661725784717509
45.60591,45.43169,0.00323883797054947,45.4291668319746,0.000715669945133455
45.61721,45.42732,-0.00113116202945207,45.429187078532,0.000735916502551734
45.62852,45.42845,-1.16202945577015e-06,45.4291804550353,0.000729293005806244
45.63984,45.42962,0.00116883797054612,45.4291574456921,0.000706283662628118
45.65118,45.42989,0.00143883797054656,45.4291303993137,0.000679237284276959
45.66252,45.43033,0.00187883797054411,45.4291115200283,0.000660357998847962
45.67386,45.42849,3.88379705427155e-05,45.4291108323407,0.000659670311228135
45.6852,45.42675,-0.00170116202945536,45.429134343055,0.000683181025523181
45.69653,45.42935,0.000898837970545685,45.4291827082197,0.000731546190280848
45.70787,45.42637,-0.00208116202945519,45.4292507461335,0.000799584104084924
45.71917,45.43099,0.00253883797054755,45.4293280265395,0.000876864510033206
45.73049,45.43018,0.00172883797054624,45.429400526987,0.000949364957562662
45.74185,45.42799,-0.000461162029452566,45.4294530857558,0.00100192372635347
45.75317,45.43044,0.0019888379705435,45.4294722068955,0.00102104486601237
45.7645,45.43039,0.00193883797054895,45.4294487196461,0.000997557616640589
45.77583,45.43114,0.00268883797054542,45.4293798168412,0.000928654811752158
45.78716,45.43075,0.00229883797054953,45.4292700637469,0.000818901717456748
45.79851,45.42953,0.00107883797054598,45.4291311137602,0.000679951730748078
45.80984,45.4272,-0.00125116202945463,45.4289801177232,0.000528955693798839
45.82119,45.4297,0.00124883797054309,45.4288371125217,0.000385950492215584
45.83253,45.42632,-0.00213116202945685,45.4287219067332,0.0002707447037613
45.84387,45.42916,0.000708837970549325,45.42865106257,0.000199900540535983
45.85521,45.42821,-0.00024116202945379,45.4286355064053,0.000184344375854859
45.86652,45.42559,-0.00286116202945408,45.4286791453695,0.000227983340080979
45.87786,45.42939,0.000938837970544171,45.4287786784643,0.000327516434848027
45.88919,45.42903,0.000578837970543589,45.428924578168,0.000473416138562981
45.90054,45.43065,0.00219883797054621,45.4291029808141,0.000651818784629665
45.91187,45.43183,0.00337883797054417,45.4292980135347,0.000846851505284424
45.92321,45.42976,0.00130883797054793,45.4294940080839,0.00104284605447559
45.93454,45.428,-0.000451162029456498,45.4296771726181,0.00122601058861744
45.94587,45.4301,0.00164883797054927,45.429836557994,0.0013853959645339
45.95723,45.42825,-0.000201162029455304,45.4299644148101,0.00151325278067921
45.96855,45.43242,0.0039688379705467,45.4300561549863,0.00160499295687734
45.97987,45.43009,0.00163883797054609,45.4301100949775,0.00165893294808582
45.99121,45.42768,-0.000771162029451489,45.4301270715199,0.00167590949039838
46.00256,45.43156,0.00310883797054373,45.4301099836891,0.00165882165963669
46.01389,45.42934,0.000888837970549616,45.4300633204444,0.00161215841493249
46.02522,45.43191,0.00345883797054825,45.4299927142989,0.00154155226941491
46.03655,45.42907,0.00061883797054918,45.4299045132867,0.00145335125727338
46.04787,45.4289,0.000448837970544957,45.429805348816,0.00135418678655475
46.0592,45.42962,0.00116883797054612,45.4297017218507,0.00125055982121616
46.07056,45.4292,0.000748837970547811,45.4295996754222,0.00114851339278489
46.08186,45.43076,0.0023088379705456,45.4295046027568,0.00105344072737713
46.09318,45.42974,0.00128883797054868,45.4294211677959,0.000970005766426035
46.1045,45.42933,0.000878837970546442,45.4293532602333,0.000902098203860649
46.11584,45.42814,-0.000311162029454692,45.4293039238679,0.000852761838404987
46.12719,45.42914,0.000688837970542977,45.4292752659844,0.00082410395495195
46.13852,45.42975,0.00129883797054475,45.4292684052057,0.000817243176197038
46.14986,45.4298,0.00134883797054641,45.429283497174,0.000832335144585834
46.16122,45.42882,0.000368837970547986,45.4293198175196,0.000868655490193112
46.17255,45.42948,0.00102883797054432,45.429375844358,0.000924682328598434
46.18388,45.43022,0.00176883797054472,45.4294492937541,0.00099813172463487
46.1952,45.42794,-0.000511162029454226,45.4295370939124,0.00108593188296726
46.20655,45.43213,0.00367883797054702,45.4296353083001,0.00118414627060019
46.2179,45.42755,-0.000901162029457225,45.4297390329083,0.00128787087881162
46.22922,45.43097,0.0025188379705483,45.4298423086751,0.00139114664567801
46.24055,45.43019,0.00173883797054941,45.4299381103418,0.00148694831237153
46.25186,45.42877,0.000318837970546326,45.4300184914926,0.00156732946310592
46.26321,45.42877,0.000318837970546326,45.4300749731249,0.00162381109544535
46.27451,45.43018,0.00172883797054624,45.4300992444532,0.00164808242377182
46.28582,45.43096,0.00250883797054513,45.4300841711355,0.00163300910601527
46.29713,45.43134,0.00288883797054496,45.4300249754581,0.00157381342860143
46.30844,45.42811,-0.000341162029457109,45.4299203328831,0.00146917085362611
46.31977,45.43316,0.00470883797054711,45.429773102547,0.00132194051750237
46.3311,45.42858,0.000128837970542861,45.4295904844666,0.00113932243710505
46.34241,45.42927,0.000818837970548714,45.4293835243453,0.000932362315889168
46.35374,45.42896,0.000508837970542686,45.4291660304739,0.00071486844442913
46.36504,45.42828,-0.000171162029452887,45.42895309601,0.000501933980506128
46.37634,45.42857,0.000118837970546792,45.4287594877991,0.000308325769680559
46.3877,45.42829,-0.000161162029456818,45.4285981463747,0.000146984345286192
46.39901,45.42896,0.000508837970542686,45.4284789664126,2.78043831916985e-05
46.41034,45.42818,-0.000271162029456207,45.4284079368924,-4.32251370506719e-05
46.42166,45.42823,-0.000221162029454547,45.4283866496296,-6.45123998766447e-05
46.43298,45.42994,0.00148883797054822,45.4284121498208,-3.90122086832052e-05
46.44432,45.42856,0.000108837970543618,45.4284771029823,2.59409528333385e-05
46.45563,45.42574,-0.0027111620294562,45.4285702877368,0.000119125707372932
46.467,45.42848,2.88379705466468e-05,45.4286774810245,0.000226318995006778
46.47833,45.42896,0.000508837970542686,45.4287828234932,0.000331661463783584
46.48969,45.42902,0.00056883797054752,45.4288706686355,0.000419506606024611
46.50101,45.42846,8.83797054740398e-06,45.4289277465832,0.000476584553769115
46.51233,45.42928,0.000828837970544782,45.428945312126,0.000494150096562353
46.52368,45.43109,0.00263883797054376,45.428920863666,0.00046970163655812
46.535,45.43129,0.0028388379705433,45.4288590146176,0.0004078525881051
46.54634,45.42947,0.00101883797054825,45.4287711818202,0.000320019790701928
46.55765,45.42748,-0.000971162029451023,45.4286739709477,0.000222808918254931
46.569,45.42663,-0.00182116202945082,45.4285864709973,0.000135308967890316
46.58032,45.4294,0.000948837970547345,45.4285269859238,7.58238943235942e-05
46.59166,45.42709,-0.00136116202945402,45.4285098760492,5.87140197948756e-05
46.603,45.42747,-0.000981162029454197,45.4285431202493,9.19582198102747e-05
46.61432,45.42632,-0.00213116202945685,45.4286270297652,0.000175867735775823
46.62565,45.42897,0.00051883797054586,45.4287543235024,0.000303161472902904
46.637,45.43105,0.00259883797054528,45.4289115171839,0.000460355154492913
46.64831,45.4285,4.88379705458897e-05,45.4290813007571,0.000630138727598788
46.65966,45.43159,0.00313883797054615,45.4292453738852,0.000794211855768406
46.67101,45.42874,0.000288837970543909,45.4293871731556,0.00093601112612861
46.68235,45.43092,0.00246883797054664,45.4294940523116,0.0010428902821075
46.69369,45.42828,-0.000171162029452887,45.4295586838087,0.00110752177926698
46.70501,45.42775,-0.000701162029450586,45.4295796499769,0.00112848794747647
46.71634,45.43212,0.00366883797054385,45.429561322496,0.00111016046655866
46.72768,45.42882,0.000368837970547986,45.4295131548112,0.00106199278176725
46.73902,45.43172,0.00326883797054478,45.4294484642358,0.000997302206303602
46.75033,45.42833,-0.000121162029451227,45.429382756827,0.000931594797566223
46.76167,45.42728,-0.00117116202945056,45.4293317203587,0.000880558329249103
46.77299,45.43025,0.00179883797054714,45.4293091389122,0.000857976882721293
46.78432,45.42871,0.000258837970548598,45.4293250554053,0.000873893375819561
46.79565,45.42977,0.001318837970544,45.4293844641668,0.000933302137389929
46.80698,45.42764,-0.00081116202945708,45.4294867003219,0.0010355382924823
46.81833,45.42989,0.00143883797054656,45.429625584053,0.00117442202352321
46.82966,45.43069,0.00223883797054469,45.4297902889645,0.00133912693506833
46.84099,45.42884,0.000388837970547229,45.4299668067754,0.00151564474592571
46.85233,45.43113,0.00267883797054935,45.4301397847287,0.00168862269928736
46.86368,45.43054,0.00208883797054682,45.4302944561234,0.00184329409397962
46.87501,45.4305,0.00204883797054833,45.4304183791307,0.00196721710120828
46.88635,45.43148,0.00302883797054676,45.4305027302711,0.00205156824166154
46.89767,45.43253,0.00407883797054609,45.430542961956,0.00209179992654481
46.90902,45.4306,0.00214883797054455,45.4305387391839,0.00208757715441454
46.92031,45.42746,-0.000991162029450265,45.4304932314624,0.0020420694329058
46.93164,45.42873,0.000278837970547841,45.4304120263647,0.00196086433529103
46.94294,45.43109,0.00263883797054376,45.4303020460774,0.00185088404796369
46.95428,45.43184,0.00338883797054734,45.4301707768879,0.00171961485848009
46.96557,45.42889,0.000438837970548889,45.4300258966149,0.00157473458548319
46.97692,45.4303,0.0018488379705488,45.4298751802614,0.00142401823195908
46.98823,45.42998,0.0015288379705467,45.4297265026222,0.00127534059271189
46.99958,45.42876,0.000308837970543152,45.4295877994843,0.00113663745481011
47.01093,45.43082,0.00236883797054332,45.4294668985432,0.0010157365137578
47.02227,45.43047,0.00201883797054592,45.4293711535439,0.00091999151446997
47.03359,45.42941,0.000958837970543414,45.4293068417798,0.00085567975036111
47.04491,45.42767,-0.000781162029454663,45.4292783579415,0.000827195912093565
47.05624,45.42912,0.000668837970543734,45.4292873568765,0.000836194847047078
47.0676,45.42793,-0.000521162029450295,45.4293320964134,0.000880934383965246
47.07895,45.43021,0.00175883797054865,45.429407226044,0.000956064014533044
47.09026,45.42804,-0.000411162029450907,45.4295041470199,0.00105298499048238
47.10159,45.43165,0.00319883797054388,45.4296119001522,0.00116073812272652
47.11292,45.42978,0.00132883797054717,45.429718394805,0.0012672327755813
47.12425,45.4296,0.00114883797054688,45.4298117219865,0.00136055995706377
47.13556,45.43059,0.00213883797054848,45.4298813110189,0.00143014898940793
47.14689,45.43167,0.00321883797054312,45.4299187733373,0.00146761130789174
47.15824,45.42749,-0.000961162029454954,45.4299183887848,0.00146722675534383
47.16958,45.42902,0.00056883797054752,45.429877302886,0.00142614085651356
47.1809,45.42842,-3.11620294510817e-05,45.4297955870433,0.0013444250138636
47.1922,45.43221,0.00375883797054399,45.4296763030864,0.00122514105699271
47.20354,45.42974,0.00128883797054868,45.4295255823798,0.00107442035035463
47.21489,45.42893,0.000478837970547374,45.4293525693636,0.000901407334143979
47.22623,45.43022,0.00176883797054472,45.4291690224014,0.000717860371906686
47.23754,45.43003,0.00157883797054836,45.4289884396224,0.000537277592981051
47.24887,45.42856,0.000108837970543618,45.4288247121547,0.000373550125271532
47.26023,45.42749,-0.000961162029454954,45.4286904454507,0.000239283421217633
47.27155,45.42759,-0.000861162029451634,45.4285952155521,0.000144053522679006
47.28288,45.42921,0.00075883797054388,45.4285441020624,9.29400329674527e-05
47.29424,45.42734,-0.00111116202945283,45.428536811998,8.56499685625694e-05
47.30559,45.42814,-0.000311162029454692,45.4285675888549,0.000116426825482772
47.31694,45.42869,0.000238837970549355,45.4286259530697,0.000174791040236413
47.3283,45.42815,-0.000301162029451518,45.4286981848286,0.000247022799187331
47.33964,45.42904,0.000588837970546763,45.4287693387945,0.000318176765021957
47.35097,45.42937,0.000918837970544928,45.428825474456,0.000374312426553576
47.3623,45.43227,0.00381883797054883,45.4288557156729,0.000404553643477091
47.37362,45.42902,0.00056883797054752,45.4288537554165,0.000402593387055314
47.38495,45.4278,-0.000651162029456032,45.4288185442552,0.000367382225770076
47.39626,45.42546,-0.00299116202945271,45.4287541448768,0.000302982847298679
47.40759,45.42931,0.000858837970547199,45.4286689846053,0.000217822575834577
47.41894,45.42964,0.00118883797054536,45.4285748218374,0.000123659807912067
47.43028,45.42909,0.000638837970548423,45.4284856117377,3.44497082109728e-05
47.4416,45.42969,0.00123883797054702,45.428416255683,-3.49063464933052e-05
47.45296,45.42759,-0.000861162029451634,45.4283811341183,-7.00279111671283e-05
47.46428,45.42995,0.00149883797054429,45.428392404657,-5.87573724348556e-05
47.47562,45.42645,-0.00200116202945111,45.4284582140069,7.05197747881274e-06
47.48695,45.42781,-0.000641162029452857,45.4285811225891,0.000129960559685638
47.4983,45.42686,-0.00159116202945597,45.428757111909,0.000305949879537413
47.50962,45.42886,0.000408837970546472,45.4289754975608,0.000524335531378283
47.52097,45.43042,0.00196883797054426,45.4292198946082,0.000768732578759108
47.53231,45.42814,-0.000311162029454692,45.4294701310393,0.00101896900988432
47.54363,45.43143,0.0029788379705451,45.4297047832818,0.00125362125233799
47.55495,45.43059,0.00213883797054848,45.4299038916298,0.00145272960037578
47.56628,45.43139,0.00293883797054661,45.4300514100287,0.00160024799926733
47.57764,45.42783,-0.000621162029453615,45.4301370313863,0.00168586935688355
47.58894,45.43224,0.00378883797054641,45.430157179264,0.00170601723453874
47.60023,45.43028,0.00182883797054956,45.4301151146819,0.00166395265248256
47.61156,45.42976,0.00130883797054793,45.4300202176455,0.00156905561609404
47.62288,45.43051,0.0020588379705444,45.4298865741719,0.00143541214244168
47.63422,45.42798,-0.000471162029455741,45.4297310724512,0.00127991042174941
47.64553,45.43076,0.0023088379705456,45.4295712830542,0.00112012102475723
47.65685,45.42796,-0.000491162029454983,45.4294234267507,0.000972264721196654
47.66819,45.42787,-0.000581162029455129,45.4293007007663,0.000849538736806495
47.67953,45.43093,0.00247883797054271,45.4292121513681,0.000760989338614644
47.6909,45.42946,0.00100883797054507,45.4291621631023,0.000711001072835786
47.70223,45.42817,-0.000281162029452275,45.4291505135972,0.000699351567720648
47.71355,45.4296,0.00114883797054688,45.4291728715247,0.000721709495272911
47.72488,45.42846,8.83797054740398e-06,45.4292216139923,0.000770451962803952
47.73621,45.43058,0.00212883797054531,45.4292868601501,0.000835698120667726
47.74755,45.43007,0.00161883797054685,45.4293576143885,0.000906452359089112
47.75888,45.42687,-0.0015811620294528,45.4294229041082,0.000971742078726382
47.77024,45.43196,0.0035088379705428,45.4294728208061,0.00102165877663644
47.78156,45.42847,1.88379705434727e-05,45.4294994165742,0.00104825454472355
47.7929,45.42802,-0.000431162029457255,45.4294974304186,0.00104626838914572
47.80424,45.43139,0.00293883797054661,45.4294648103667,0.00101364833728139
47.81557,45.431,0.00254883797054362,45.4294029739355,0.000951811906019623
47.82692,45.42749,-0.000961162029454954,45.4293167329351,0.000865570905609163
47.83826,45.4282,-0.000251162029456964,45.4292138368146,0.000762674785160656
47.84961,45.43042,0.00196883797054426,45.4291041676988,0.000653005669349335
47.86095,45.43073,0.00227883797054318,45.4289986795071,0.000547517477601132
47.87228,45.42835,-0.000101162029451984,45.4289081691405,0.000457007111088933
47.88362,45.42854,8.88379705443754e-05,45.4288419707594,0.000390808729982217
47.89495,45.42545,-0.00300116202945588,45.4288067457473,0.000355583717849266
47.90631,45.4294,0.000948837970547345,45.4288056368498,0.000354474820340345
47.91763,45.43014,0.00168883797054775,45.428838032998,0.00038687096854474
47.92897,45.42737,-0.00108116202945041,45.4289000194357,0.000448857406243612
47.94033,45.42929,0.000838837970547957,45.4289853745806,0.000534212551181956
47.95167,45.43088,0.00242883797054816,45.4290868399727,0.000635677943220938
47.96297,45.42977,0.001318837970544,45.4291973515539,0.000746189524428614
47.97432,45.43002,0.00156883797054519,45.4293109510483,0.000859789018807207
47.98561,45.42901,0.000558837970544346,45.4294232005412,0.000972038511754135
47.99694,45.42862,0.000168837970548452,45.4295310970025,0.00107993497308045
48.00828,45.42888,0.000428837970545715,45.4296326568498,0.00118149482030366
48.01962,45.4287,0.000248837970545424,45.4297264251604,0.00127526313094452
48.03096,45.43103,0.00257883797054603,45.4298111229141,0.00135996088469087
48.04227,45.43147,0.00301883797054359,45.4298855138783,0.00143435184884203
48.05362,45.42885,0.000398837970543298,45.4299484403641,0.00149727833460408
48.06495,45.42796,-0.000491162029454983,45.4299989329078,0.00154777087831964
48.0763,45.43127,0.00281883797054405,45.4300363449158,0.00158518288638981
48.08762,45.43062,0.00216883797054379,45.4300605020231,0.00160933999361848
48.09895,45.43031,0.00185883797054487,45.4300718143606,0.00162065233109768
48.11028,45.43248,0.00402883797054443,45.4300712318953,0.00162006986580853
48.12162,45.42925,0.000798837970549471,45.4300599359077,0.00160877387820081
48.13292,45.42837,-8.11620294527415e-05,45.4300387874416,0.00158762541216242
48.14425,45.42926,0.00080883797054554,45.4300077324622,0.0015565704327077
48.15557,45.42879,0.000338837970545569,45.4299654798456,0.00151431781614498
48.1669,45.42848,2.88379705466468e-05,45.4299097303579,0.00145856832841599
48.17823,45.43111,0.002658837970543,45.4298380405763,0.00138687854681682
48.18956,45.43169,0.00323883797054947,45.4297491397387,0.0012979777092607
48.20092,45.43124,0.00278883797054874,45.4296442958339,0.00119313380442987
48.21226,45.42892,0.0004688379705442,45.4295282579069,0.00107709587741395
48.22361,45.42852,6.88379705451325e-05,45.4294094286968,0.000958266667367931
48.23494,45.4317,0.00324883797054554,45.4292991677644,0.000848005734982918
48.24627,45.43008,0.00162883797054292,45.4292103493685,0.000759187339035888
48.2576,45.42532,-0.00313116202945452,45.4291554422597,0.000704280230292138
48.26892,45.42736,-0.00109116202945359,45.4291444788148,0.000693316785395757
48.28025,45.43072,0.00226883797054711,45.4291833296923,0.000732167662888503
48.2916,45.43128,0.00282883797054723,45.4292726089063,0.000821446876837851
48.30289,45.42927,0.000818837970548714,45.4294073136574,0.000956151627980464
48.31421,45.42767,-0.000781162029454663,45.4295771303619,0.00112596833240018
48.32553,45.42723,-0.00122116202945222,45.4297673387298,0.0013161767003487
48.33688,45.42976,0.00130883797054793,45.4299603172008,0.00150915517138081
48.34819,45.43297,0.00451883797054364,45.4301375994568,0.00168643742733987
48.35953,45.43142,0.00296883797054903,45.4302822143428,0.00183105231335532
48.37084,45.43151,0.00305883797054918,45.4303808307482,0.00192966871872721
48.38219,45.42979,0.00133883797054324,45.4304252183326,0.00197405630318662
48.39354,45.43185,0.00339883797054341,45.4304127457153,0.00196158368582982
48.40487,45.42992,0.00146883797054898,45.430345930298,0.00189476826852501
48.41623,45.42829,-0.000161162029456818,45.430231291967,0.00178012993756346
48.42753,45.42857,0.000118837970546792,45.4300778994682,0.00162673743879374
48.43888,45.43133,0.00287883797054889,45.4298960198936,0.00144485786411285
48.45017,45.42914,0.000688837970542977,45.4296961754605,0.00124501343102471
48.4615,45.42781,-0.000641162029452857,45.4294887212287,0.0010375591992135
48.47283,45.42895,0.000498837970546617,45.4292838772801,0.00083271525062656
48.48413,45.43187,0.00341883797054976,45.4290920191032,0.000640857073753921
48.49546,45.43194,0.00348883797054356,45.4289239258993,0.000472763869815237
48.50678,45.42764,-0.00081116202945708,45.428790642206,0.000339480176562148
48.5181,45.42801,-0.000441162029453324,45.4287027256344,0.000251563604948811
48.52945,45.42825,-0.000201162029455304,45.4286689345605,0.000217772531019864
48.54076,45.42686,-0.00159116202945597,45.4286946883341,0.00024352630466098
48.55209,45.42898,0.000528837970549034,45.428780738632,0.000329576602503557
48.56343,45.42921,0.00075883797054388,45.428922403421,0.000471241391514755
48.57476,45.42953,0.00107883797054598,45.4291095310362,0.00065836900673733
48.58611,45.42817,-0.000281162029452275,45.4293271908611,0.000876028831619348
48.59746,45.43026,0.00180883797054321,45.4295569907809,0.00110582875140439
48.60879,45.42724,-0.00121116202945615,45.4297788888189,0.00132772678944112
48.62013,45.43139,0.00293883797054661,45.4299733356908,0.00152217366130748
48.63145,45.43228,0.0038288379705449,45.4301235106292,0.00167234859975345
48.64277,45.43047,0.00201883797054592,45.4302173182326,0.00176615620313227
48.65409,45.42978,0.00132883797054717,45.4302487857767,0.00179762374729659
48.66544,45.43115,0.0026988379705486,45.4302186021868,0.00176744015730336
48.67673,45.43038,0.00192883797054577,45.4301337287763,0.00168256674682628
48.68802,45.42953,0.00107883797054598,45.4300061870142,0.00155502498478182
48.69936,45.43008,0.00162883797054292,45.4298512447219,0.00140008269243523
48.7107,45.42924,0.000788837970546297,45.4296852950135,0.00123413298402824
48.72204,45.42795,-0.000501162029451052,45.4295237607051,0.00107259867567822
48.73336,45.42885,0.000398837970543298,45.4293793462456,0.0009281842161028
48.74471,45.4308,0.00234883797054408,45.4292608841855,0.000809722156027264
48.75604,45.4277,-0.000751162029452246,45.4291728907088,0.000721728679353653
48.76734,45.4289,0.000448837970544957,45.4291158014052,0.000664639375710338
48.77868,45.43012,0.00166883797054851,45.4290867575977,0.000635595568202996
48.79002,45.42847,1.88379705434727e-05,45.4290807585569,0.000629596527408654
48.80136,45.4296,0.00114883797054688,45.4290919595348,0.000640797505319894
48.8127,45.43036,0.00190883797054653,45.4291148799567,0.000663717927274559
48.82402,45.42928,0.000828837970544782,45.4291453090161,0.000694146986639031
48.83536,45.42848,2.88379705466468e-05,45.4291807644211,0.000729602391669423
48.84668,45.42862,0.000168837970548452,45.429220463474,0.000769301444587226
48.85802,45.43197,0.00351883797054597,45.4292648668979,0.000813704868466671
48.86937,45.42891,0.000458837970548132,45.4293149157789,0.00086375374940366
48.88072,45.4275,-0.00095116202945178,45.4293711190456,0.000919957016122604
48.89207,45.42744,-0.00101116202945661,45.4294327104445,0.000981548415093811
48.90338,45.43024,0.00178883797054397,45.4294971467552,0.00104598472573423
48.91471,45.4291,0.000648837970544491,45.4295601595538,0.00110899752434026
48.92607,45.43072,0.00226883797054711,45.429616379105,0.0011652170755525
48.93741,45.42966,0.00120883797054461,45.4296603330479,0.00120917101843291
48.94874,45.43047,0.00201883797054592,45.4296875057195,0.00123634369008915
48.96009,45.43121,0.00275883797054632,45.4296951524928,0.00124399046332594
48.97144,45.42892,0.0004688379705442,45.4296826596316,0.00123149760218281
48.98276,45.43065,0.00219883797054621,45.4296513869892,0.00120022495975398
48.99409,45.42735,-0.00110116202945676,45.4296040973664,0.0011529353369833
49.00541,45.42912,0.000668837970543734,45.4295442133477,0.00109305131826041
49.01672,45.42845,-1.16202945577015e-06,45.4294751893809,0.00102402735139637
49.02805,45.43055,0.00209883797054289,45.4294002109373,0.000949048907827963
49.03941,45.42873,0.000278837970547841,45.429322263637,0.000871101607498759
49.05073,45.43063,0.00217883797054697,45.4292444386593,0.000793276629833084
49.06206,45.4305,0.00204883797054833,45.429170240832,0.000719078802539294
49.07338,45.42804,-0.000411162029450907,45.4291036760531,0.000652514023599003
49.08471,45.43007,0.00161883797054685,45.4290489998081,0.000597837778611424
49.09605,45.42761,-0.000841162029452391,45.4290101606964,0.000558998666960469
49.10736,45.42809,-0.000361162029456352,45.4289901034895,0.000538941460045639
49.11869,45.42986,0.00140883797054414,45.428990147593,0.000538985563513728
49.13005,45.4283,-0.000151162029453644,45.4290096154349,0.000558453405404519
49.14138,45.42905,0.000598837970542831,45.4290457863269,0.000594624297439609
49.15273,45.43041,0.00195883797054819,45.4290941529209,0.000642990891399093
49.16408,45.42841,-4.11620294542558e-05,45.4291489010013,0.000697738971897343
49.17537,45.42892,0.0004688379705442,45.4292035273734,0.000752365343951104
49.18671,45.42782,-0.000631162029456789,45.4292515386679,0.000800376638430613
49.19805,45.43024,0.00178883797054397,45.4292871944002,0.000836032370752023
49.20936,45.43214,0.00368883797054309,45.4293062266825,0.000855064653097455
49.22069,45.42797,-0.000481162029451809,45.4293064062944,0.000855244264960991
49.23203,45.42784,-0.000611162029450441,45.429287818592,0.00083665656259357
49.24333,45.42999,0.00153883797054277,45.4292528052525,0.000801643223080544
49.25465,45.43024,0.00178883797054397,45.429205637637,0.000754475607515677
49.26598,45.42864,0.000188837970547695,45.4291520175969,0.000700855567447316
49.27732,45.42757,-0.000881162029450877,45.4290984730241,0.000647310994654171
49.28865,45.43066,0.00220883797054938,45.4290517041539,0.00060054212448287
49.30001,45.42973,0.00127883797054551,45.4290179447418,0.000566782712391537
49.31134,45.4276,-0.000851162029455566,45.4290023951507,0.000551233121259245
49.32265,45.42712,-0.0013311620294516,45.4290087785126,0.000557616483188665
49.33396,45.42972,0.00126883797054944,45.4290390797211,0.000587917691641723
49.34531,45.43181,0.00335883797054493,45.4290934950029,0.000642332973445587
49.35662,45.42814,-0.000311162029454692,45.429170518996,0.000719356966569219
49.36796,45.43047,0.00201883797054592,45.4292670170059,0.000815854976466457
49.37929,45.4291,0.000648837970544491,45.4293781767375,0.000927014708029439
49.39064,45.42725,-0.00120116202945297,45.4294973832697,0.00104622124028781
49.40199,45.42989,0.00143883797054656,45.4296161973803,0.00116503535083842
49.41335,45.42939,0.000938837970544171,45.4297246496231,0.00127348759365601
49.42467,45.42847,1.88379705434727e-05,45.4298119740696,0.00136081204015089
49.43602,45.43182,0.0033688379705481,45.4298677439186,0.0014165818891196
49.44732,45.43001,0.00155883797054912,45.4298832106884,0.00143204865895618
49.45864,45.43185,0.00339883797054341,45.4298525506068,0.00140138857734755
49.46998,45.42958,0.00112883797054764,45.4297737277231,0.00132256569360531
49.48132,45.42839,-6.11620294534987e-05,45.4296488063334,0.00119764430392223
49.49264,45.42736,-0.00109116202945359,45.4294837343024,0.00103257227297745
49.50395,45.4321,0.00364883797054461,45.4292877615907,0.000836599561259778
49.51529,45.42737,-0.00108116202945041,45.429072665924,0.000621503894561177
49.52661,45.43116,0.00270883797054466,45.4288518571943,0.000400695164846429
49.53796,45.42846,8.83797054740398e-06,45.4286393441005,0.000188182071071322
49.5493,45.42805,-0.000401162029454838,45.4284485581256,-2.60390387319851e-06
49.56066,45.42641,-0.0020411620294567,45.4282911260903,-0.00016003593917233
49.57198,45.42793,-0.000521162029450295,45.4281757813902,-0.000275380639210913
49.58331,45.42893,0.000478837970547374,45.42810761856,-0.000343543469472895
49.59466,45.42903,0.000578837970543589,45.4280877984668,-0.000363363562677846
49.60601,45.42805,-0.000401162029454838,45.4281136738845,-0.000337488144974133
49.61735,45.42729,-0.00116116202945449,45.4281792374761,-0.000271924553350351
49.62866,45.42683,-0.00162116202945128,45.4282758272917,-0.000175334737764027
49.63998,45.42886,0.000408837970546472,45.4283930798057,-5.80822237886669e-05
49.65132,45.42891,0.000458837970548132,45.4285201000585,6.89380290101003e-05
49.66265,45.42976,0.00130883797054793,45.4286467124348,0.00019555040536995
49.674,45.42981,0.00135883797054959,45.428764548862,0.000313386832533421
49.68533,45.42867,0.000218837970543007,45.428867718526,0.000416556496593676
49.69666,45.43064,0.00218883797054303,45.4289529100528,0.000501748023303961
49.70801,45.42812,-0.000331162029453935,45.4290189589997,0.000567796970216007
49.71935,45.42508,-0.00337116202945253,45.4290661038797,0.000614941850262412
49.73069,45.4284,-5.11620294503246e-05,45.4290952812587,0.000644119229249785
49.74204,45.43031,0.00185883797054487,45.4291077877633,0.000656625733840727
49.75337,45.43088,0.00242883797054816,45.4291054222599,0.000654260230467452
49.76471,45.42995,0.00149883797054429,45.4290909224223,0.000639760392892348
49.77603,45.42897,0.00051883797054586,45.4290683345937,0.000617172564241121
49.78737,45.42868,0.000228837970546181,45.4290430110629,0.000591849033478941
49.79872,45.42881,0.000358837970544812,45.4290211278049,0.000569965775451718
49.81007,45.43049,0.00203883797054516,45.4290087995592,0.000557637529758317
49.8214,45.43025,0.00179883797054714,45.4290109641164,0.000559802086922345
49.83273,45.42446,-0.00399116202945038,45.4290302553802,0.000579093350766075
49.84405,45.42966,0.00120883797054461,45.4290661422621,0.000614980232681663
49.85539,45.42696,-0.00149116202945265,45.4291146387186,0.000663476689117517
49.86671,45.43034,0.00188883797054729,45.4291687865679,0.000717624538482035
49.87806,45.43137,0.00291883797054737,45.4292198643315,0.000768702302060751
49.88942,45.42944,0.000988837970545831,45.4292590139631,0.000807851933618634
49.90075,45.42829,-0.000161162029456818,45.4292788590981,0.000827697068661427
49.91208,45.43007,0.00161883797054685,45.4292747552898,0.000823593260371994
49.92341,45.43075,0.00229883797054953,45.4292454729807,0.000794310951244523
49.93475,45.42882,0.000368837970547986,45.4291932539886,0.00074209195916836
49.94609,45.42913,0.000678837970546908,45.4291232831215,0.000672121092078053
49.95743,45.42627,-0.0021811620294514,45.4290427204377,0.000591558408228214
49.96877,45.43041,0.00195883797054819,45.4289595320659,0.00050837003644577
49.98009,45.4291,0.000648837970544491,45.4288813654178,0.000430203388332226
49.99145,45.42899,0.000538837970545103,45.4288146207451,0.000363458715654949
50.00278,45.42994,0.00148883797054822,45.4287637598684,0.000312597838957939
50.01411,45.42607,-0.00238116202945093,45.4287308587891,0.000279696759616379
50.02541,45.42799,-0.000461162029452566,45.4287154539845,0.000264291955082494
50.03672,45.43023,0.0017788379705479,45.4287147651007,0.000263603071286883
50.04804,45.42851,5.88379705490638e-05,45.4287243216314,0.000273159601925119
50.05938,45.42849,3.88379705427155e-05,45.4287388979526,0.000287735923131272
50.07071,45.42884,0.000388837970547229,45.4287535643326,0.00030240230314247
50.08205,45.43015,0.00169883797054382,45.4287646435946,0.000313481565149476
50.0934,45.427,-0.00145116202945417,45.428770392942,0.000319230912580012
50.10476,45.4309,0.0024488379705474,45.4287712700523,0.000320108022853727
50.1161,45.43081,0.00235883797054726,45.4287696914058,0.000318529376324132
50.12744,45.42706,-0.00139116202945644,45.4287692672224,0.000318105192997633
50.13877,45.42849,3.88379705427155e-05,45.428773624769,0.000322462739575143
50.15011,45.42708,-0.0013711620294572,45.4287850978489,0.0003339358194568
50.1614,45.42752,-0.000931162029452537,45.4288036754008,0.000352513371362566
50.17271,45.42912,0.000668837970543734,45.4288265668818,0.000375404852377369
50.18401,45.42853,7.88379705483067e-05,45.4288485529832,0.000397390953783999
50.19532,45.42989,0.00143883797054656,45.4288630383566,0.000411876327115847
50.20665,45.42982,0.00136883797054566,45.4288635167508,0.000412354721306226
50.21796,45.42937,0.000918837970544928,45.4288450669381,0.000393904908606021
50.22931,45.42776,-0.000691162029454517,45.4288055325577,0.00035437052824979
50.24063,45.42947,0.00101883797054825,45.4287461605486,0.000294998519138138
50.25196,45.43047,0.00201883797054592,45.4286716090775,0.000220447048001052
50.26331,45.42757,-0.000881162029450877,45.4285893365714,0.000138174541933097
50.27464,45.42699,-0.00146116202945024,45.4285084624798,5.73004503350494e-05
50.28597,45.43067,0.00221883797054545,45.4284382755918,-1.28864376095416e-05
50.2973,45.42794,-0.000511162029454226,45.4283866316085,-6.45304209925261e-05
50.30864,45.42865,0.000198837970543764,45.4283584991546,-9.26628748828611e-05
50.31998,45.42458,-0.00387116202945492,45.4283549164344,-9.624559501904e-05
50.33129,45.42789,-0.000561162029455886,45.4283726319378,-7.85300916570071e-05
50.34262,45.42806,-0.000391162029451664,45.4284046491924,-4.65128370327989e-05
50.35394,45.4289,0.000448837970544957,45.4284416955724,-9.46645705551127e-06
50.36524,45.43073,0.00227883797054318,45.4284743339798,2.3171950388355e-05
50.37654,45.42915,0.000698837970546151,45.4284951884153,4.40263858225005e-05
50.38787,45.43098,0.00252883797054437,45.4285006904281,4.95283986453915e-05
50.39921,45.42775,-0.000701162029450586,45.4284918993015,4.07372720098487e-05
50.41054,45.42723,-0.00122116202945222,45.428474239432,2.30774025549697e-05
50.42189,45.42846,8.83797054740398e-06,45.4284563160151,5.15398565893531e-06
50.43322,45.42708,-0.0013711620294572,45.4284481881975,-2.97383197735425e-06
50.44455,45.42852,6.88379705451325e-05,45.4284595262957,8.36426624355832e-06
50.45587,45.42915,0.000698837970546151,45.428497982482,4.68204525246102e-05
50.46721,45.42867,0.000218837970543007,45.4285679516737,0.00011678964429755
50.47852,45.42973,0.00127883797054551,45.4286697784451,0.000218616415693319
50.48985,45.42639,-0.00206116202945594,45.4287994246449,0.000348262615412179
50.50119,45.42857,0.000118837970546792,45.428948640076,0.000497478046575711
50.51253,45.42883,0.000378837970544055,45.4291057038109,0.000654541781449599
50.52384,45.42883,0.000378837970544055,45.4292567479784,0.000805585948898206
50.53519,45.43122,0.0027688379705495,45.4293875315831,0.000936369553662078
50.5465,45.43007,0.00161883797054685,45.4294853758419,0.00103421381247531
50.55782,45.42891,0.000458837970548132,45.4295408980845,0.00108973605502934
50.56916,45.4323,0.00384883797054414,45.4295492279096,0.00109806588011249
50.58049,45.42612,-0.00233116202945638,45.4295105261659,0.00105936413645978
50.59181,45.43148,0.00302883797054676,45.4294297869126,0.000978624883128865
50.60315,45.42958,0.00112883797054764,45.4293160252164,0.000864863186972153
50.61449,45.42784,-0.000611162029450441,45.4291810151585,0.000729853129066798
50.62579,45.42881,0.000358837970544812,45.4290377608297,0.000586598800238139
50.63712,45.43014,0.00168883797054775,45.4288988862269,0.000447724197441635
50.64845,45.42986,0.00140883797054414,45.4287751182041,0.000323956174612474
50.65978,45.4264,-0.00205116202945277,45.4286740172844,0.000222855254977249
50.67113,45.42721,-0.00124116202945146,45.4285991217274,0.000147959697981735
50.68244,45.42831,-0.00014116202945047,45.4285496992455,9.85372160228036e-05
50.69375,45.42825,-0.000201162029455304,45.4285212571214,7.00950919445527e-05
50.7051,45.42824,-0.000211162029451373,45.428506792958,5.56309285083656e-05
50.71644,45.42991,0.0014588379705458,45.4284985422734,4.73802439907256e-05
50.72776,45.431,0.00254883797054362,45.4284898069098,3.86448803877842e-05
50.73909,45.42892,0.0004688379705442,45.4284764007605,2.52387310481584e-05
50.75041,45.42762,-0.000831162029456323,45.4284573567991,6.19476961410146e-06
50.76174,45.42927,0.000818837970548714,45.4284347805762,-1.63814532752254e-05
50.77306,45.42522,-0.00323116202945073,45.428413009051,-3.81529784188154e-05
50.78442,45.42889,0.000438837970548889,45.42839740916,-5.37528694682671e-05
50.79574,45.4292,0.000748837970547811,45.428393161102,-5.80009274524411e-05
50.80708,45.42869,0.000238837970549355,45.428404247721,-4.69143084103494e-05
50.81844,45.43016,0.00170883797054699,45.4284327180161,-1.84440133673517e-05
50.82977,45.42607,-0.00238116202945093,45.4284782242065,2.70621770805736e-05
50.8411,45.42713,-0.00132116202945554,45.4285378802136,8.67181841296386e-05
50.85243,45.42687,-0.0015811620294528,45.4286065667497,0.000155404720214459
50.86377,45.42973,0.00127883797054551,45.428677778762,0.000226616732518963
50.8751,45.43098,0.00252883797054437,45.4287449206127,0.000293758583225091
50.88646,45.43117,0.00271883797054784,45.4288027028871,0.000351540857679962
50.89775,45.42911,0.000658837970547665,45.4288481708669,0.00039700883747288
50.90908,45.42746,-0.000991162029450265,45.4288810169707,0.000429854941219926
50.92039,45.42785,-0.000601162029454372,45.4289031369226,0.000451974893151092
50.93173,45.42943,0.000978837970549762,45.4289176874801,0.000466525450664479
50.94305,45.42776,-0.000691162029454517,45.4289280285074,0.000476866477948744
50.95439,45.42781,-0.000641162029452857,45.4289368722459,0.000485710216424128
50.96575,45.43117,0.00271883797054784,45.4289458140363,0.000494652006816959
50.97709,45.42827,-0.000181162029456061,45.4289552671966,0.000504105167116558
50.98845,45.42869,0.000238837970549355,45.4289647148992,0.00051355286978691
50.99979,45.42888,0.000428837970545715,45.4289731516556,0.000521989626178459
51.01111,45.43045,0.00199883797054667,45.4289796062883,0.000528444258849569
51.02243,45.42648,-0.0019711620294558,45.4289836683736,0.000532506344128584
51.03373,45.4297,0.00124883797054309,45.4289859523319,0.000534790302409015
51.04505,45.42985,0.00139883797054807,45.4289884271929,0.000537265163471429
51.05638,45.4304,0.00194883797054501,45.4289945124996,0.000543350470121163
51.06772,45.42874,0.000288837970543909,45.4290088152573,0.000557653227855365
51.07904,45.42944,0.000988837970545831,45.4290364220516,0.000585260022178326
51.09037,45.42996,0.00150883797054746,45.4290817888357,0.00063062680629331
51.10172,45.42648,-0.0019711620294558,45.4291474338139,0.000696271784425366
51.11306,45.42821,-0.00024116202945379,45.4292327616374,0.000781599607909953
51.12435,45.42978,0.00132883797054717,45.4293333766237,0.000882214594294455
51.13567,45.42929,0.000838837970547957,45.4294411485334,0.000989986503971807
51.14702,45.42717,-0.00128116202945705,45.429545102292,0.00109394026256286
51.15836,45.43141,0.00295883797054586,45.4296329949819,0.00118183295247034
51.16969,45.43166,0.00320883797054705,45.4296932767967,0.00124211476727621
51.18103,45.42964,0.00118883797054536,45.4297170205888,0.00126585855935777
51.19236,45.43146,0.00300883797054752,45.4296993856378,0.0012482236083157
51.20368,45.42937,0.000918837970544928,45.4296403034523,0.00118914142279661
51.215,45.42843,-2.1162029455013e-05,45.4295443053282,0.00109314329875651
51.22631,45.42758,-0.000871162029454808,45.4294196476765,0.000968485647001058
51.23765,45.43138,0.00292883797054344,45.4292770301826,0.000825868153131054
51.24897,45.42973,0.00127883797054551,45.4291282002644,0.000677038234935841
51.26032,45.42618,-0.00227116202945155,45.4289846445626,0.000533482533103641
51.27164,45.42949,0.00103883797054749,45.4288564893822,0.000405327352734833
51.28299,45.42853,7.88379705483067e-05,45.4287517019787,0.000300539949271306
51.29431,45.42932,0.000868837970543268,45.4286756393738,0.000224477344370342
51.30561,45.42937,0.000918837970544928,45.4286308988857,0.000179736856264567
51.31693,45.43036,0.00190883797054653,45.4286173504813,0.000166188451857041
51.32827,45.42542,-0.0030311620294512,45.4286322484296,0.00018108640014423
51.3396,45.42824,-0.000211162029451373,45.4286704212653,0.00021925923584264
51.35094,45.43063,0.00217883797054697,45.4287246376816,0.000273475652183733
51.36226,45.42797,-0.000481162029451809,45.4287862490025,0.000335086973050724
51.37359,45.42755,-0.000901162029457225,45.4288461209738,0.00039495894438415
51.38495,45.42887,0.000418837970549646,45.4288957786159,0.000444616586447635
51.39629,45.4301,0.00164883797054927,45.4289286363431,0.000477474313596244
51.40763,45.42924,0.000788837970546297,45.4289411306782,0.000489968648700339
51.41894,45.42966,0.00120883797054461,45.4289335123188,0.000482350289330962
51.43027,45.4306,0.00214883797054455,45.4289100532567,0.000458891227263355
51.44159,45.42754,-0.000911162029453294,45.4288785220687,0.000427360039291033
51.45292,45.4299,0.00144883797054973,45.4288489481135,0.000397786084000441
51.46423,45.42776,-0.000691162029454517,45.4288318744114,0.000380712381982685
51.47556,45.42838,-7.11620294566728e-05,45.4288364328276,0.000385270798158722
51.48686,45.42727,-0.00118116202945373,45.4288686282585,0.000417466229048887
51.4982,45.42904,0.000588837970546763,45.4289301818833,0.000479019853880826
51.50953,45.42746,-0.000991162029450265,45.4290181625484,0.000567000518929927
51.52085,45.43166,0.00320883797054705,45.4291254513124,0.000674289282935155
51.53218,45.42829,-0.000161162029456818,45.4292418885036,0.000790726474103308
51.54349,45.43063,0.00217883797054697,45.4293558159079,0.00090465387846227
51.55482,45.42902,0.00056883797054752,45.4294556967186,0.00100453468915623
51.56617,45.42827,-0.000181162029456061,45.4295315590135,0.00108039698408566
51.57749,45.43107,0.00261883797054452,45.4295760978522,0.00112493582272106
51.58882,45.43153,0.00307883797054842,45.4295853244202,0.00113416239071891
51.60014,45.42972,0.00126883797054944,45.429558672372,0.00110751034257584
51.61146,45.42894,0.000488837970543443,45.4294985336899,0.00104737166048171
51.62278,45.42701,-0.00144116202945099,45.4294093470785,0.000958185049002101
51.63408,45.42867,0.000218837970543007,45.4292965326764,0.000845370646954299
51.6454,45.42977,0.001318837970544,45.429165620157,0.000714458127571322
51.65673,45.42849,3.88379705427155e-05,45.4290217939756,0.000570631946168726
51.66807,45.4307,0.00224883797054787,45.4288698622692,0.000418700239705192
51.6794,45.4286,0.000148837970549209,45.4287144837062,0.000263321676720583
51.69073,45.42806,-0.000391162029451664,45.4285604381259,0.000109276096455195
51.70206,45.42854,8.88379705443754e-05,45.4284127867809,-3.83752485221084e-05
51.71341,45.42813,-0.000321162029450761,45.4282768647483,-0.000174297281183519
51.72474,45.42922,0.000768837970547054,45.4281581129669,-0.000293049062577647
51.73608,45.42722,-0.00123116202945539,45.4280617757885,-0.000389386240982284
51.74741,45.42744,-0.00101116202945661,45.4279924965104,-0.000458665519060991
51.75876,45.42849,3.88379705427155e-05,45.427953860627,-0.000497301402416482
51.77012,45.42899,0.000538837970545103,45.4279479456031,-0.000503216426394771
51.78143,45.42757,-0.000881162029450877,45.4279749238623,-0.000476238167175828
51.79273,45.42761,-0.000841162029452391,45.428032763944,-0.000418398085483249
51.80406,45.42619,-0.00226116202945548,45.4281171110252,-0.000334051004230102
51.81537,45.42856,0.000108837970543618,45.4282214633318,-0.000229698697666059
51.82672,45.42871,0.000258837970548598,45.4283377228319,-0.000113439197504342
51.83805,45.42922,0.000768837970547054,45.4284570736221,5.9115926103096e-06
51.84937,45.42943,0.000978837970549762,45.428571004766,0.000119842736575739
51.86071,45.42907,0.00061883797054918,45.4286722408993,0.000221078869805755
51.87206,45.42728,-0.00117116202945056,45.4287554050058,0.000304242976355076
51.8834,45.42863,0.000178837970544521,45.4288173639566,0.000366201927128266
51.89475,45.4288,0.000348837970548743,45.4288573098213,0.00040614779183555
51.90609,45.4307,0.00224883797054787,45.428876645442,0.000425483412574069
51.91742,45.42864,0.000188837970547695,45.4288786899085,0.000427527879004943
51.92875,45.42896,0.000508837970542686,45.4288681856697,0.000417023640228429
51.94007,45.42752,-0.000931162029452537,45.428850636199,0.000399474169559653
51.95141,45.42697,-0.00148116202945658,45.4288315956963,0.00038043366683083
51.96273,45.4304,0.00194883797054501,45.4288160711007,0.000364909071269012
51.97406,45.43168,0.00322883797054629,45.4288081225762,0.000356960546799023
51.98537,45.42723,-0.00122116202945222,45.4288106185949,0.000359456565423918
51.99672,45.42742,-0.00103116202945586,45.4288250499316,0.000373887902115033
52.00806,45.42921,0.00075883797054388,45.4288513896757,0.000400227646296055
52.01937,45.42767,-0.000781162029454663,45.4288880968797,0.000436934850221991
52.0307,45.42926,0.00080883797054554,45.4289323617375,0.000481199708077137
52.04202,45.43097,0.0025188379705483,45.4289805750586,0.000529413029191242
52.05336,45.42949,0.00103883797054749,45.429028877743,0.000577715713517962
52.06469,45.42931,0.000858837970547199,45.4290736061632,0.000622444133744036
52.07601,45.42645,-0.00200116202945111,45.4291115320843,0.000660370054804395
52.08733,45.42962,0.00116883797054612,45.4291399454388,0.000688783409347049
52.09866,45.42904,0.000588837970546763,45.4291567224254,0.000705560395960754
52.10999,45.42867,0.000218837970543007,45.4291604802457,0.000709318216234561
52.1213,45.43274,0.0042888379705488,45.429150787598,0.000699625568548091
52.13263,45.42805,-0.000401162029454838,45.4291282950858,0.000677133056374603
52.14393,45.4271,-0.00135116202945085,45.4290946595083,0.000643497478872209
52.15527,45.43063,0.00217883797054697,45.4290522542874,0.000601092257983955
52.16658,45.4275,-0.00095116202945178,45.4290037860318,0.000552624002308531
52.17793,45.42822,-0.000231162029450616,45.4289519712548,0.000500809225320847
52.18925,45.43073,0.00227883797054318,45.4288993600553,0.000448198025872836
52.2006,45.42834,-0.000111162029455159,45.428848290779,0.000397128749554793
52.21193,45.42957,0.00111883797054446,45.428800882061,0.000349720031542988
52.22325,45.42885,0.000398837970543298,45.428758953549,0.000307791519544104
52.23458,45.42918,0.000728837970548568,45.4287238213224,0.000272659292970274
52.24595,45.42742,-0.00103116202945586,45.4286960060552,0.000244844025707254
52.25727,45.42764,-0.00081116202945708,45.4286749751458,0.000223813116370973
52.26859,45.42903,0.000578837970543589,45.428659074048,0.000207912018574032
52.27991,45.42923,0.000778837970543123,45.4286457575926,0.0001945955631494
52.29126,45.42696,-0.00149116202945265,45.4286321223422,0.000180960312765211
52.30257,45.43105,0.00259883797054528,45.4286156276567,0.000164465627284389
52.31388,45.42808,-0.000371162029452421,45.4285948283571,0.000143666327678856
52.32518,45.42769,-0.00076116202945542,45.4285699336159,0.000118771586465094
52.33651,45.43116,0.00270883797054466,45.4285430439462,9.18819167174099e-05
52.34783,45.42758,-0.000871162029454808,45.4285179856523,6.68236228674734e-05
52.35915,45.42868,0.000228837970546181,45.4284997445003,4.85824708614752e-05
52.37049,45.42836,-9.11620294559157e-05,45.4284935951983,4.24331688705765e-05
52.38182,45.42705,-0.00140116202945251,45.4285041189424,5.29569129853126e-05
52.39317,45.4269,-0.00155116202945038,45.4285343535043,8.31914748152019e-05
52.4045,45.42965,0.00119883797054854,45.4285852826447,0.000134120615250647
52.41586,45.43072,0.00226883797054711,45.4286557378605,0.000204575831053748
52.42715,45.42838,-7.11620294566728e-05,45.4287426159746,0.000291453945147083
52.43851,45.42823,-0.000221162029454547,45.428841222757,0.000390060727591354
52.44984,45.42921,0.00075883797054388,45.4289455990337,0.000494437004202182
52.46116,45.42936,0.000908837970548859,45.4290488080365,0.000597646007093605
52.47248,45.42828,-0.000171162029452887,45.4291432507479,0.000692088718448536
52.48378,45.42849,3.88379705427155e-05,45.4292210951366,0.000769933107122761
52.49513,45.42907,0.00061883797054918,45.4292748820725,0.000823720043051768
52.50643,45.43044,0.0019888379705435,45.4292983151756,0.000847153146173421
52.51775,45.42905,0.000598837970542831,45.429287155687,0.000835993657523805
52.52908,45.42966,0.00120883797054461,45.4292400664275,0.000788904398007247
52.54041,45.42899,0.000538837970545103,45.4291592311395,0.000708069110006148
52.55174,45.42781,-0.000641162029452857,45.4290506163403,0.000599454310833502
52.56308,45.43095,0.00249883797054906,45.4289237929671,0.000472630937630863
52.57441,45.42999,0.00153883797054277,45.4287912558109,0.000340093781422972
52.58575,45.43037,0.0019188379705497,45.4286671924471,0.000216030417625581
52.59708,45.42583,-0.00262116202945606,45.4285657329308,0.000114570901314016
52.60843,45.42854,8.88379705443754e-05,45.4284988909248,4.77288953699e-05
52.61975,45.42614,-0.00231116202945714,45.4284746024951,2.34404656605415e-05
52.63107,45.42893,0.000478837970547374,45.4284953374883,4.41754587948142e-05
52.64242,45.4277,-0.000751162029452246,45.4285576399921,0.000106477962667025
52.65375,45.42753,-0.000921162029456468,45.4286527159433,0.000201553913851727
52.6651,45.43037,0.0019188379705497,45.4287679339511,0.000316771921601941
52.67641,45.42902,0.00056883797054752,45.4288889017321,0.000437739702672534
52.68774,45.43159,0.00313883797054615,45.4290016514077,0.000550489378262785
52.69906,45.43044,0.0019888379705435,45.4290944475782,0.000643285548719253
52.71037,45.42926,0.00080883797054554,45.4291588603963,0.000707698366887427
52.72169,45.42633,-0.00212116202945367,45.4291900106218,0.000738848592376158
52.73302,45.42667,-0.00178116202945233,45.4291861964576,0.000735034428144089
52.74435,45.4324,0.00394883797054746,45.4291482908211,0.00069712879167151
52.75567,45.42767,-0.000781162029454663,45.4290792446034,0.000628082573957185
52.76699,45.42937,0.000918837970544928,45.4289838158368,0.000532653807305514
52.77831,45.42976,0.00130883797054793,45.4288684545702,0.000417292540718802
52.78966,45.42646,-0.00199116202945504,45.4287412135638,0.000290051534358953
52.801,45.43047,0.00201883797054592,45.4286115772853,0.000160415255850908
52.81231,45.4299,0.00144883797054973,45.4284901219676,3.89599381586129e-05
52.82364,45.42694,-0.0015111620294519,45.4283879218904,-6.32401390078914e-05
52.83496,45.43006,0.00160883797054368,45.4283156463523,-0.000135515677179658
52.84629,45.42799,-0.000461162029452566,45.428282380629,-0.000168781400450138
52.85763,45.4268,-0.0016511620294537,45.4282943251241,-0.000156836905333373
52.86895,45.42879,0.000338837970545569,45.4283536258219,-9.75362075555447e-05
52.88029,45.42517,-0.00328116202945239,45.4284576275901,6.46556062190913e-06
52.89162,45.43001,0.00155883797054912,45.4285987908764,0.000147628846955857
52.90295,45.42991,0.0014588379705458,45.4287653616742,0.000314199644737022
52.91428,45.4293,0.000848837970544025,45.4289426831096,0.000491521080174245
52.92559,45.42868,0.000228837970546181,45.4291148894671,0.000663727437665131
52.93692,45.42767,-0.000781162029454663,45.4292667055816,0.000815543552162759
52.94827,45.4302,0.00174883797054548,45.4293851457246,0.000933983695159099
52.95959,45.432,0.00354883797054839,45.4294609529663,0.00100979093684991
52.97093,45.4289,0.000448837970544957,45.4294896010848,0.00103843905538949
52.98226,45.42994,0.00148883797054822,45.4294716777257,0.00102051569620079
52.9936,45.42817,-0.000281162029452275,45.4294125635463,0.000961401516836841
53.00494,45.43032,0.00186883797054804,45.4293214828324,0.000870320802968703
53.01628,45.42881,0.000358837970544812,45.4292101211153,0.000758959085860123
53.0276,45.4288,0.000348837970548743,45.4290910389237,0.000639876894228681
53.0389,45.42933,0.000878837970546442,45.4289760961229,0.000524934093473212
53.05022,45.42794,-0.000511162029454226,45.4288750822138,0.000423920184388052
53.06152,45.42805,-0.000401162029454838,45.4287947278643,0.000343565834840446
53.07283,45.42857,0.000118837970546792,45.4287382326385,0.000287070609039001
53.08419,45.42771,-0.000741162029456177,45.4287053654899,0.000254203460400493
53.09554,45.43091,0.00245883797054347,45.4286930760666,0.000241914037161945
53.10686,45.42975,0.00129883797054475,45.4286964279605,0.000245265931065778
53.11821,45.42701,-0.00144116202945099,45.4287095948275,0.000258432798015597
53.12953,45.42951,0.00105883797054673,45.4287266973036,0.000275535274142083
53.14085,45.42874,0.000288837970543909,45.4287423742708,0.000291212241378634
53.15218,45.42982,0.00136883797054566,45.4287520869446,0.000300924915119324
53.16353,45.42866,0.000208837970546938,45.4287522049072,0.000301042877778291
53.17487,45.42614,-0.00231116202945714,45.428739958635,0.000288796605563507
53.18617,45.42798,-0.000471162029455741,45.4287133895777,0.00026222754824878
53.1975,45.43113,0.00267883797054935,45.4286714317436,0.000220269714108916
53.20883,45.42833,-0.000121162029451227,45.428614161321,0.000162999291531617
53.22016,45.42805,-0.000401162029454838,45.428543106773,9.1944743507043e-05
53.23148,45.43007,0.00161883797054685,45.4284614421565,1.02801270305323e-05
53.24281,45.42706,-0.00139116202945644,45.428373930687,-7.72313424227314e-05
53.25417,45.42839,-6.11620294534987e-05,45.4282865769401,-0.000164585089348953
53.26552,45.42966,0.00120883797054461,45.4282060178746,-0.000245144154862875
53.27685,45.42876,0.000308837970543152,45.428138723993,-0.000312438036490021
53.2882,45.42571,-0.00274116202945152,45.4280901187475,-0.000361043281939174
53.29955,45.42752,-0.000931162029452537,45.4280637831538,-0.000387378875694625
53.31088,45.42713,-0.00132116202945554,45.4280609630064,-0.000390199023045406
53.32222,45.42896,0.000508837970542686,45.42808055645,-0.000370605579402775
53.33356,45.42839,-6.11620294534987e-05,45.4281196053548,-0.000331556674630842
53.34491,45.42892,0.0004688379705442,45.4281741311355,-0.000277030893979687
53.35625,45.42758,-0.000871162029454808,45.4282400529577,-0.000211109071719236
53.3676,45.42928,0.000828837970544782,45.4283139344878,-0.000137227541672864
53.37892,45.42995,0.00149883797054429,45.4283933798056,-5.77822238101971e-05
53.39024,45.42786,-0.000591162029451198,45.428476993247,2.58312175619356e-05
53.40155,45.42749,-0.000961162029454954,45.4285639285271,0.000112766497674491
53.41291,45.42775,-0.000701162029450586,45.4286531785117,0.000202016482226052
53.42427,45.42889,0.000438837970548889,45.428742843703,0.000291681673506911
53.43561,45.4308,0.00234883797054408,45.4288296002114,0.00037843818190812
53.44692,45.42701,-0.00144116202945099,45.42890848753,0.000457325500536203
53.45827,45.42867,0.000218837970543007,45.4289730495305,0.000521887501095937
53.46959,45.4281,-0.000351162029453178,45.429015840311,0.000564678281510987
53.48092,45.42922,0.000768837970547054,45.4290292952758,0.000578133246356789
53.49224,45.42978,0.00132883797054717,45.4290068943575,0.000555732328061368
53.50357,45.43004,0.00158883797054443,45.4289444229197,0.000493260890246335
53.51489,45.42882,0.000368837970547986,45.4288410512215,0.000389889192078339
53.52624,45.42828,-0.000171162029452887,45.4286999683802,0.000248806350759203
53.53756,45.42991,0.0014588379705458,45.4285284093576,7.72473281052285e-05
53.54886,45.42882,0.000368837970547986,45.428337040936,-0.000114121093486423
53.56023,45.4281,-0.000351162029453178,45.4281387834694,-0.000312378560023532
53.57154,45.42548,-0.00297116202945347,45.4279472488518,-0.000503913177687895
53.58288,45.42883,0.000378837970544055,45.4277750731337,-0.000676088895776109
53.5942,45.42678,-0.00167116202945294,45.4276324624123,-0.000818699617147825
53.60554,45.42682,-0.00163116202945446,45.4275262086799,-0.000924953349561232
53.61688,45.42804,-0.000411162029450907,45.4274593001735,-0.000991861855928416
53.62823,45.42673,-0.0017211620294546,45.4274311151787,-0.00102004685076932
53.63957,45.42829,-0.000161162029456818,45.4274380813365,-0.00101308069298263
53.65092,45.42797,-0.000481162029451809,45.427474608849,-0.000976553180456366
53.66227,45.42812,-0.000331162029453935,45.4275340756713,-0.000917086358128516
53.6736,45.42704,-0.00141116202945568,45.4276096686391,-0.000841493390383097
53.68496,45.42867,0.000218837970543007,45.4276949619522,-0.000756200077297203
53.69629,45.4275,-0.00095116202945178,45.427784214235,-0.000666947794444329
53.70764,45.42651,-0.00194116202945338,45.4278724523449,-0.000578709684585107
53.71896,45.42799,-0.000461162029452566,45.4279554634672,-0.000495698562234567
53.7303,45.4279,-0.000551162029452712,45.4280298210416,-0.000421340987881462
53.74163,45.42858,0.000128837970542861,45.4280930131391,-0.000358148890386257
53.75297,45.429,0.000548837970548277,45.4281436488678,-0.000307513161687311
53.76431,45.42733,-0.001121162029456,45.4281816501728,-0.000269511856617874
53.77565,45.42879,0.000338837970545569,45.4282083346639,-0.000242827365606585
53.78699,45.42813,-0.000321162029450761,45.4282263447095,-0.000224817319990992
53.7983,45.42789,-0.000561162029455886,45.4282394327983,-0.000211729231109143
53.80963,45.42748,-0.000971162029451023,45.4282521430598,-0.000199018969631711
53.82096,45.42946,0.00100883797054507,45.4282694294976,-0.000181732531811027
53.83231,45.42772,-0.000731162029453003,45.428296226374,-0.000154935655467155
53.84364,45.42971,0.00125883797054627,45.428336950383,-0.000114211646467265
53.85495,45.4288,0.000348837970548743,45.428394902651,-5.62593784287566e-05
53.86629,45.42697,-0.00148116202945658,45.4284715802903,2.04182608909597e-05
53.87761,45.42946,0.00100883797054507,45.4285659937385,0.000114831709066203
53.88894,45.42853,7.88379705483067e-05,45.4286741719255,0.000223009896059104
53.90028,45.42451,-0.00394116202945582,45.4287890738863,0.00033791185689084
53.91162,45.4297,0.00124883797054309,45.4289010872959,0.000449925266486349
53.92297,45.43092,0.00246883797054664,45.4289991636311,0.000548001601679942
53.93432,45.42989,0.00143883797054656,45.4290724221017,0.000621260072273453
53.94565,45.43022,0.00176883797054472,45.4291118484573,0.000660686427865188
53.95697,45.42801,-0.000441162029453324,45.4291116667035,0.000660504674090733
53.96828,45.43051,0.0020588379705444,45.4290701026484,0.000618940618978043
53.97964,45.42807,-0.000381162029455595,45.4289894714529,0.000538309423419912
53.991,45.42943,0.000978837970549762,45.4288756869135,0.000424524884082036
54.00235,45.42719,-0.0012611620294507,45.4287373798189,0.000286217789413943
54.01368,45.42755,-0.000901162029457225,45.4285848447241,0.000133682694654814
54.02502,45.42992,0.00146883797054898,45.4284290082284,-2.21538010246819e-05
54.03631,45.42958,0.00112883797054764,45.4282805214532,-0.000170640576235011
54.04765,45.42789,-0.000561162029455886,45.428148971293,-0.000302190736479501
54.05897,45.42693,-0.00152116202945507,45.4280421690765,-0.000408992952911844
54.07032,45.42699,-0.00146116202945024,45.4279655434971,-0.000485618532368187
54.08166,45.42727,-0.00118116202945373,45.4279217518549,-0.000529410174557926
54.09299,45.43079,0.00233883797054801,45.4279106177758,-0.000540544253627752
54.10431,45.42759,-0.000861162029451634,45.4279293991773,-0.000521762852157435
54.11566,45.4254,-0.00305116202945044,45.4279732948071,-0.00047786722233765
54.12698,45.42874,0.000288837970543909,45.4280360973447,-0.000415064684762855
54.13831,45.428,-0.000451162029456498,45.4281109482295,-0.000340213799980683
54.14965,45.42962,0.00116883797054612,45.4281911345523,-0.000260027477141363
54.161,45.4296,0.00114883797054688,45.4282707854638,-0.000180376565613183
54.17233,45.42788,-0.000571162029451955,45.428345283925,-0.000105878104432339
54.18367,45.42783,-0.000621162029453615,45.4284112892883,-3.9872741126712e-05
54.19498,45.42827,-0.000181162029456061,45.4284664296476,1.52676181255728e-05
54.20631,45.42661,-0.00184116202945717,45.428508862299,5.77002695961957e-05
54.21762,45.42957,0.00111883797054446,45.428536932963,8.57709335037157e-05
54.22899,45.4283,-0.000151162029453644,45.4285490829256,9.79208961287611e-05
54.24031,45.43043,0.00197883797054743,45.428544016516,9.28544865698644e-05
54.25164,45.42703,-0.00142116202945175,45.4285210338113,6.98717818323952e-05
54.26298,45.42636,-0.00209116202945125,45.4284804117358,2.92497063763382e-05
54.2743,45.43119,0.00273883797054708,45.4284237548182,-2.74072112128574e-05
54.28564,45.42943,0.000978837970549762,45.4283542499577,-9.6912071714661e-05
54.29696,45.42796,-0.000491162029454983,45.428276724086,-0.000174437943455779
54.30827,45.42669,-0.00176116202945309,45.4281974046078,-0.000253757421652245
54.31961,45.42982,0.00136883797054566,45.4281233800299,-0.00032778199954466
54.33097,45.42546,-0.00299116202945271,45.4280618807324,-0.000389281297097164
54.34226,45.42889,0.000438837970548889,45.4280195439096,-0.000431618119900889
54.3536,45.42892,0.0004688379705442,45.4280017794942,-0.000449382535247399
54.36494,45.42858,0.000128837970542861,45.4280122699714,-0.000438892058086586
54.37626,45.42719,-0.0012611620294507,45.4280525792916,-0.000398582737898915
54.38759,45.42757,-0.000881162029450877,45.4281218572919,-0.000329304737525683
54.39892,45.42825,-0.000201162029455304,45.4282166868468,-0.000234475182634328
54.41027,45.42811,-0.000341162029457109,45.4283311568086,-0.000120005220829745
54.42159,45.42879,0.000338837970545569,45.4284572110082,6.0489787813442e-06
54.43291,45.42869,0.000238837970549355,45.4285852530312,0.000134091001769281
54.44424,45.42857,0.000118837970546792,45.4287049321009,0.000253770071436885
54.45559,45.42964,0.00118883797054536,45.4288060199733,0.00035485794380829
54.46693,45.42799,-0.000461162029452566,45.4288793045689,0.000428142539446906
54.47826,45.42736,-0.00109116202945359,45.4289174552317,0.000466293202218233
54.4896,45.42955,0.00109883797054522,45.4289158298242,0.000464667794769802
54.50092,45.4318,0.00334883797054886,45.4288731618566,0.000421999827095637
54.51225,45.42785,-0.000601162029454372,45.4287919944557,0.000340832426288805
54.52358,45.42933,0.000878837970546442,45.4286786996398,0.000227537610319951
54.5349,45.42662,-0.00183116202945399,45.428543008616,9.18465865884618e-05
54.54621,45.42927,0.000818837970548714,45.4283971338634,-5.40281660089047e-05
54.55756,45.42819,-0.000261162029453033,45.4282546644857,-0.000196497543798481
54.56889,45.428,-0.000451162029456498,45.4281294101994,-0.000321751830064039
54.58022,45.42732,-0.00113116202945207,45.428034308891,-0.000416853138433714
54.59155,45.42834,-0.000111162029455159,45.4279804627474,-0.000470699282002576
54.60288,45.42902,0.00056883797054752,45.427976336681,-0.000474825348439225
54.61421,45.42694,-0.0015111620294519,45.4280271246654,-0.000424037364040379
54.62555,45.42848,2.88379705466468e-05,45.4281342753603,-0.000316886669142345
54.63689,45.42957,0.00111883797054446,45.4282951836835,-0.000155978345966569
54.64823,45.42683,-0.00162116202945128,45.4285030872259,5.19251964868382e-05
54.65956,45.42781,-0.000641162029452857,45.4287472363256,0.000296074296153036
54.67088,45.43041,0.00195883797054819,45.4290134210239,0.000562258994495018
54.68222,45.42783,-0.000621162029453615,45.4292849125407,0.000833750511214978
54.69355,45.42859,0.000138837970546035,45.4295438005495,0.00109263852008136
54.70489,45.4318,0.00334883797054886,45.4297726088476,0.00132144681815459
54.71621,45.43098,0.00252883797054437,45.429955982188,0.00150482015850446
54.72752,45.42973,0.00127883797054551,45.4300821813832,0.00163101935370357
54.73884,45.43014,0.00168883797054775,45.4301441468841,0.00169298485464327
54.75016,45.42997,0.00151883797054353,45.4301400064139,0.00168884438445218
54.7615,45.43021,0.00175883797054865,45.4300730416348,0.00162187960537741
54.77282,45.4279,-0.000551162029452712,45.4299512103862,0.00150004835671191
54.78416,45.4328,0.00434883797054653,45.4297863263395,0.00133516431002132
54.79547,45.43014,0.00168883797054775,45.4295929575,0.00114179547052245
54.80679,45.42795,-0.000501162029451052,45.4293870727774,0.000935910747909925
54.81813,45.4284,-5.11620294503246e-05,45.4291844995374,0.000733337507922318
54.82946,45.42984,0.0013888379705449,45.4289993465725,0.00054818454300422
54.84081,45.42908,0.000628837970545248,45.4288426072798,0.000391445250379751
54.85216,45.42694,-0.0015111620294519,45.4287211335881,0.000269971558655393
54.86347,45.42892,0.0004688379705442,45.4286371073308,0.000185945301358339
54.87483,45.42897,0.00051883797054586,45.4285880789265,0.000136916897074171
54.88617,45.42707,-0.00138116202945326,45.428567578037,0.000116416007557588
54.89749,45.42914,0.000688837970542977,45.4285662127336,0.000115050704125426
54.90885,45.42997,0.00151883797054353,45.4285730839397,0.000121921910287978
54.92019,45.42971,0.00125883797054627,45.4285772761165,0.000126114087026841
54.93153,45.42738,-0.00107116202945434,45.428569173743,0.000118011713549198
54.94286,45.42787,-0.000581162029455129,45.4285414268261,9.02647965946015e-05
54.9542,45.42999,0.00153883797054277,45.4284895175294,3.83554999123886e-05
54.96554,45.42752,-0.000931162029452537,45.4284119761255,-3.918590398101e-05
54.97689,45.42797,-0.000481162029451809,45.4283103156593,-0.000140846370111274
54.98824,45.42883,0.000378837970544055,45.4281887402946,-0.000262421734834517
54.99959,45.42743,-0.00102116202945268,45.4280536709408,-0.000397491088641544
55.01094,45.42904,0.000588837970546763,45.4279131201912,-0.000538041838278224
55.02225,45.42709,-0.00136116202945402,45.4277759359515,-0.000675226077933637
55.03357,45.4286,0.000148837970549209,45.4276509378263,-0.000800224203100584
55.04488,45.42736,-0.00109116202945359,45.4275460014456,-0.000905160583891248
55.05621,45.42622,-0.00223116202945306,45.4274671938289,-0.000983968200547131
55.06753,45.42715,-0.00130116202945629,45.4274181068409,-0.00103305518850566
55.07886,45.42683,-0.00162116202945128,45.4273995436514,-0.00105161837809653
55.0902,45.42825,-0.000201162029455304,45.4274096564013,-0.00104150562815682
55.10152,45.42739,-0.00106116202945117,45.4274445239106,-0.00100663811880899
55.11285,45.42583,-0.00262116202945606,45.4274990515442,-0.000952110485238256
55.12416,45.42883,0.000378837970544055,45.4275680130006,-0.000883149028851268
55.13551,45.43013,0.00167883797054458,45.4276470231593,-0.000804138870129971
55.14684,45.42694,-0.0015111620294519,45.4277332145117,-0.00071794751778293
55.15816,45.42825,-0.000201162029455304,45.4278254259644,-0.000625736065033556
55.16952,45.42621,-0.00224116202945623,45.4279238421366,-0.000527319892854984
55.18085,45.43024,0.00178883797054397,45.4280291901613,-0.000421971868165464
55.19217,45.42801,-0.000441162029453324,45.4281417092682,-0.000309452761227093
55.20346,45.42596,-0.00249116202945032,45.4282601367224,-0.000191025307007602
55.21478,45.42845,-1.16202945577015e-06,45.4283809586348,-7.02033946703379e-05
55.22613,45.42755,-0.000901162029457225,45.428498168277,4.70062475113791e-05
55.23743,45.42778,-0.000671162029455274,45.4286037021175,0.000152540088060537
55.24877,45.42934,0.000888837970549616,45.4286885611812,0.000237399151792012
55.26009,45.42931,0.000858837970547199,45.4287444258081,0.00029326377865805
55.2714,45.43038,0.00192883797054577,45.4287654102483,0.000314248218824574
55.28271,45.42804,-0.000411162029450907,45.428749534675,0.000298372645567222
55.29404,45.43164,0.00318883797054781,45.4286995418632,0.00024837983370096
55.30535,45.42669,-0.00176116202945309,45.4286228366053,0.000171674575874646
55.31668,45.42951,0.00105883797054673,45.428530527041,7.93650114992689e-05
55.32801,45.42902,0.00056883797054752,45.4284357442607,-1.54177687206215e-05
55.33933,45.42628,-0.00217116202945533,45.4283515680756,-9.95939538734418e-05
55.35066,45.42702,-0.00143116202945492,45.4282889705079,-0.000162191521502592
55.36198,45.42855,9.88379705475495e-05,45.4282551923475,-0.000195969681965527
55.37334,45.42601,-0.00244116202945577,45.4282528727949,-0.000198289234568762
55.38469,45.43,0.00154883797054595,45.4282800588877,-0.000171103141746906
55.39602,45.42925,0.000798837970549471,45.4283309866844,-0.000120175345071724
55.40738,45.42957,0.00111883797054446,45.4283973380306,-5.38239988644557e-05
55.4187,45.42844,-1.11620294518389e-05,45.4284696103118,1.84482823115028e-05
55.43005,45.42747,-0.000981162029454197,45.428538317492,8.71554625474391e-05
55.44138,45.4289,0.000448837970544957,45.4285949111839,0.000143749154468384
55.45273,45.42728,-0.00117116202945056,45.428632456877,0.000181294847533626
55.46409,45.43012,0.00166883797054851,45.4286461445229,0.00019498249348679
55.47544,45.42907,0.00061883797054918,45.4286336654562,0.000182503426711155
55.48676,45.42694,-0.0015111620294519,45.4285954200861,0.000144258056614266
55.49812,45.42928,0.000828837970544782,45.4285344941598,8.33321303133426e-05
55.50945,45.42996,0.00150883797054746,45.4284563555839,5.19355446908924e-06
55.52081,45.42866,0.000208837970546938,45.4283682425057,-8.29195237032503e-05
55.53214,45.42887,0.000418837970549646,45.4282782419386,-0.00017292009089746
55.54348,45.42564,-0.00281116202945242,45.4281941422593,-0.000257019770109974
55.55481,45.42732,-0.00113116202945207,45.4281222714374,-0.000328890592084822
55.56611,45.42852,6.88379705451325e-05,45.4280666077565,-0.000384554272996082
55.57746,45.42731,-0.00114116202945524,45.4280283857798,-0.000422776249655743
55.58879,45.42953,0.00107883797054598,45.4280062436941,-0.000444918335302502
55.60014,45.42841,-4.11620294542558e-05,45.4279967818409,-0.000454380188525261
55.61146,45.42811,-0.000341162029457109,45.4279953213412,-0.000455840688305294
55.62281,45.42604,-0.00241116202945335,45.4279966831277,-0.000454478901794944
55.63415,45.42916,0.000708837970549325,45.4279958975778,-0.00045526445161859
55.64548,45.42765,-0.000801162029453906,45.4279888180335,-0.000462343996001185
55.65682,45.43025,0.00179883797054714,45.4279726017705,-0.000478560258926114
55.66816,45.42647,-0.00198116202945187,45.4279459835634,-0.000505178466079904
55.6795,45.42809,-0.000361162029456352,45.4279092813643,-0.000541880665128681
55.69085,45.42763,-0.000821162029453149,45.4278641562858,-0.00058700574363042
55.70215,45.42659,-0.00186116202945641,45.4278132332429,-0.000637928786545181
55.71347,45.42851,5.88379705490638e-05,45.4277597068196,-0.00069145520986134
55.72477,45.43021,0.00175883797054865,45.4277070058096,-0.000744156219818515
55.73611,45.42464,-0.00381116202945719,45.4276585239059,-0.000792638123584713
55.7474,45.42613,-0.00232116202945321,45.4276174056623,-0.000833756367113884
55.75874,45.43005,0.00159883797054761,45.4275864027664,-0.000864759263052876
55.77008,45.42859,0.000138837970546035,45.427567806156,-0.000883355873496137
55.78143,45.42809,-0.000361162029456352,45.4275633874638,-0.000887774565674822
55.79276,45.42569,-0.00276116202945076,45.4275742510731,-0.000876910956323993
55.80409,45.42581,-0.0026411620294553,45.427600586325,-0.000850575704464312
55.81541,45.43015,0.00169883797054382,45.427641431208,-0.000809730821432222
55.82673,45.42876,0.000308837970543152,45.4276945738189,-0.000756588210536036
55.83808,45.42501,-0.00344116202945344,45.4277566304088,-0.000694531620663686
55.84941,45.42788,-0.000571162029451955,45.4278232762827,-0.000627885746755914
55.86077,45.42782,-0.000631162029456789,45.427889617814,-0.000561544215432797
55.87211,45.42938,0.000928837970548102,45.4279506927671,-0.000500469262305141
55.88345,45.42767,-0.000781162029454663,45.4280020135328,-0.000449148496621914
55.89476,45.42933,0.000878837970546442,45.4280399944857,-0.000411167543741305
55.90608,45.42871,0.000258837970548598,45.4280621201715,-0.000389041857914043
55.91743,45.42648,-0.0019711620294558,45.4280668183786,-0.000384343650835624
55.92876,45.42734,-0.00111116202945283,45.4280531440959,-0.000398017933592452
55.94012,45.42697,-0.00148116202945658,45.4280204859157,-0.000430676113710956
55.95145,45.42798,-0.000471162029455741,45.4279685091122,-0.000482652917212961
55.96281,45.42878,0.0003288379705495,45.4278974309669,-0.000553731062587762
55.97416,45.42837,-8.11620294527415e-05,45.4278085468948,-0.000642615134692013
55.98549,45.42754,-0.000911162029453294,45.427704792507,-0.000746369522438524
55.99683,45.42917,0.000718837970545394,45.4275910997517,-0.000860062277759342
56.00817,45.42691,-0.00154116202945431,45.4274743760814,-0.000976785948098708
56.01948,45.42638,-0.00207116202945201,45.4273630554958,-0.00108810653364855
56.03083,45.42897,0.00051883797054586,45.4272662909786,-0.00118487105090375
56.04218,45.42583,-0.00262116202945606,45.4271929424712,-0.00125821955823764
56.05352,45.4265,-0.00195116202945655,45.4271505482506,-0.00130061377886421
56.06483,45.42704,-0.00141116202945568,45.4271444620606,-0.00130669996888593
56.07616,45.42638,-0.00207116202945201,45.4271772996668,-0.00127386236266199
56.08748,45.42907,0.00061883797054918,45.4272487569999,-0.00120240502958632
56.0988,45.42792,-0.000531162029453469,45.4273557572583,-0.00109540477117906
56.11016,45.42588,-0.0025711620294544,45.4274928185779,-0.000958343451594008
56.1215,45.42733,-0.001121162029456,45.4276525508466,-0.000798611182812871
56.13282,45.42854,8.88379705443754e-05,45.4278262537135,-0.000624908315991278
56.14416,45.42693,-0.00152116202945507,45.4280046130022,-0.000446549027294431
56.15553,45.43015,0.00169883797054382,45.4281784472746,-0.000272714754825552
56.16685,45.42776,-0.000691162029454517,45.4283393924511,-0.000111769578333655
56.17818,45.42939,0.000938837970544171,45.4284803952736,2.9233244147213e-05
56.18953,45.42802,-0.000431162029457255,45.4285959349029,0.000144772873409074
56.20087,45.428,-0.000451162029456498,45.4286819810941,0.000230819064620591
56.21219,45.42961,0.00115883797054295,45.4287357799987,0.000284617969274218
56.22351,45.42839,-6.11620294534987e-05,45.4287555957105,0.000304433681046822
56.23483,45.42814,-0.000311162029454692,45.4287405267514,0.000289364721904637
56.24617,45.42801,-0.000441162029453324,45.4286904904476,0.000239328418191632
56.25748,45.42844,-1.11620294518389e-05,45.4286064360124,0.000155273982915172
56.26883,45.42814,-0.000311162029454692,45.4284907881991,3.96261696691616e-05
56.28014,45.42897,0.00051883797054586,45.4283480258445,-0.000103136185000064
56.29149,45.4305,0.00204883797054833,45.4281851932729,-0.000265968756597817
56.3028,45.42731,-0.00114116202945524,45.428012084419,-0.000439077610480592
56.31414,45.4292,0.000748837970547811,45.4278408803844,-0.00061028164507298
56.3255,45.42688,-0.00157116202945673,45.4276851671451,-0.000765994884320988
56.33685,45.42685,-0.00160116202945204,45.4275584536785,-0.000892708350996204
56.34819,45.42733,-0.001121162029456,45.4274724671357,-0.000978694893730214
56.35954,45.42672,-0.00173116202945067,45.4274355657744,-0.00101559625509313
56.37086,45.42686,-0.00159116202945597,45.4274515766665,-0.000999585362915076
56.38218,45.42689,-0.00156116202945356,45.4275192629551,-0.000931899074338956
56.39352,45.4288,0.000348837970548743,45.4276324911604,-0.000818670869027571
56.40482,45.42785,-0.000601162029454372,45.4277810327988,-0.000670129230674519
56.41616,45.42785,-0.000601162029454372,45.4279518315164,-0.000499330513077685
56.42751,45.42871,0.000258837970548598,45.4281305318922,-0.000320630137290189
56.43885,45.42614,-0.00231116202945714,45.4283030962422,-0.00014806578725387
56.45018,45.42815,-0.000301162029451518,45.4284573796483,6.21761889419583e-06
56.46152,45.43176,0.00330883797054327,45.4285845294874,0.000133367457898081
56.47284,45.42838,-7.11620294566728e-05,45.4286800109338,0.000228848904312034
56.48417,45.43024,0.00178883797054397,45.4287440058815,0.000292843852011748
56.49551,45.4294,0.000948837970547345,45.428780992828,0.000329830798499063
56.50686,45.42749,-0.000961162029454954,45.4287985100736,0.000347348044112213
56.51821,45.42752,-0.000931162029452537,45.4288053466056,0.000354184576137306
56.52953,45.42704,-0.00141116202945568,45.428809578384,0.000358416354590761
56.54084,45.43011,0.00165883797054533,45.4288168914958,0.000365729466358403
56.55217,45.42837,-8.11620294527415e-05,45.4288294956642,0.000378333634701497
56.56351,45.43008,0.00162883797054292,45.4288457128876,0.00039455085816574
56.57483,45.42945,0.000998837970549005,45.4288601549983,0.00040899296881965
56.58615,45.42719,-0.0012611620294507,45.4288643573061,0.000413195276644752
56.59746,45.42843,-2.1162029455013e-05,45.4288477913116,0.000396629282163261
56.60883,45.42715,-0.00130116202945629,45.4287992480598,0.000348086030316566
56.62017,45.42941,0.000958837970543414,45.4287085707374,0.000257408707957485
56.6315,45.42936,0.000908837970548859,45.4285685889081,0.000117426878673914
56.64286,45.43084,0.00238883797054967,45.4283769303425,-7.4231686969022e-05
56.6542,45.4285,4.88379705458897e-05,45.4281372787165,-0.000313883312932597
56.66552,45.42772,-0.000731162029453003,45.4278596983659,-0.000591463663544358
56.67688,45.42856,0.000108837970543618,45.4275598570892,-0.000891304940281631
56.68821,45.42689,-0.00156116202945356,45.4272572484474,-0.00119391358207854
56.69952,45.42571,-0.00274116202945152,45.4269727401233,-0.00147842190617586
56.71084,45.42565,-0.00280116202945635,45.4267259075886,-0.00172525444085939
56.72215,45.42539,-0.00306116202945361,45.4265326420986,-0.00191851993081703
56.73346,45.42645,-0.00200116202945111,45.42640343636,-0.00204772566941867
56.74478,45.42775,-0.000701162029450586,45.4263425625398,-0.00210859948965832
56.75612,45.42553,-0.00292116202945181,45.426348137355,-0.00210302467442354
56.76746,45.42592,-0.00253116202945591,45.4264129127655,-0.00203824926392389
56.7788,45.42619,-0.00226116202945548,45.4265255763346,-0.00192558569486236
56.79015,45.42825,-0.000201162029455304,45.4266723437236,-0.00177881830588154
56.80148,45.428,-0.000451162029456498,45.4268386141882,-0.00161254784126422
56.81281,45.42707,-0.00138116202945326,45.4270104523298,-0.00144070969968542
56.82413,45.4246,-0.00385116202945568,45.4271757208026,-0.00127544122686451
56.83547,45.4291,0.000648837970544491,45.4273248208156,-0.00112634121387141
56.84682,45.4262,-0.0022511620294523,45.427451106472,-0.00100005555742953
56.85818,45.42793,-0.000521162029450295,45.4275510456072,-0.00090011642226903
56.86951,45.42944,0.000988837970545831,45.4276241308164,-0.00082703121305897
56.88084,45.42783,-0.000621162029453615,45.4276724871529,-0.000778674876505513
56.89217,45.42743,-0.00102116202945268,45.4277001387621,-0.000751023267385401
56.9035,45.42698,-0.00147116202945341,45.4277119940617,-0.000739167967793669
56.91483,45.42653,-0.00192116202945414,45.4277127396466,-0.000738422382850261
56.92615,45.42811,-0.000341162029457109,45.4277059102528,-0.000745251776623566
56.93746,45.42685,-0.00160116202945204,45.4276933701369,-0.000757791892590331
56.94883,45.42757,-0.000881162029450877,45.4276753219729,-0.000775840056582651
56.96016,45.42754,-0.000911162029453294,45.4276508166777,-0.000800345351779246
56.9715,45.42937,0.000918837970544928,45.4276186172935,-0.000832544735949769
56.98284,45.42641,-0.0020411620294567,45.4275781913673,-0.000872970662129389
56.99419,45.42786,-0.000591162029451198,45.4275305847168,-0.000920577312607243
57.00552,45.42827,-0.000181162029456061,45.4274789662666,-0.000972195762889769
57.01686,45.42783,-0.000621162029453615,45.4274286967954,-0.00102246523406997
57.02819,45.42892,0.0004688379705442,45.4273868367424,-0.00106432528708288
57.03949,45.4277,-0.000751162029452246,45.4273610891196,-0.00109007290981352
57.05078,45.42542,-0.0030311620294512,45.4273583063829,-0.00109285564658075
57.0621,45.42667,-0.00178116202945233,45.4273828579359,-0.00106830409351311
57.07343,45.42591,-0.00254116202945198,45.4274352764643,-0.0010158855651179
57.08474,45.42812,-0.000331162029453935,45.4275115874581,-0.000939574571331203
57.09606,45.42552,-0.00293116202945498,45.4276035623269,-0.000847599702542855
57.10741,45.42912,0.000668837970543734,45.4276998945114,-0.000751267518089971
57.11871,45.42863,0.000178837970544521,45.427788069199,-0.000663092830410569
57.13005,45.42744,-0.00101116202945661,45.4278565344609,-0.000594627568536738
57.14138,45.42947,0.00101883797054825,45.4278967150119,-0.000554447017567962
57.15271,45.4297,0.00124883797054309,45.4279044500335,-0.000546711995983182
57.16404,45.42638,-0.00207116202945201,45.4278805647704,-0.000570597259077449
57.17539,45.42966,0.00120883797054461,45.4278304717965,-0.000620690232989583
57.18673,45.4273,-0.00115116202945131,45.4277629086487,-0.000688253380760297
57.19807,45.42516,-0.00329116202945556,45.4276881061918,-0.000763055837667047
57.2094,45.42767,-0.000781162029454663,45.4276157986694,-0.000835363360070089
57.22072,45.4275,-0.00095116202945178,45.4275534975212,-0.000897664508239239
57.23205,45.42769,-0.00076116202945542,45.4275053454844,-0.00094581654509289
57.24338,45.42801,-0.000441162029453324,45.4274716940011,-0.000979468028399537
57.25469,45.42507,-0.00338116202945571,45.4274494006541,-0.00100176137539007
57.26598,45.42694,-0.0015111620294519,45.4274327693968,-0.00101839263264613
57.27732,45.42906,0.000608837970546006,45.4274150037273,-0.00103615830213957
57.28865,45.42817,-0.000281162029452275,45.4273899457808,-0.0010612162486407
57.29997,45.42746,-0.000991162029450265,45.4273537572729,-0.00109740475656129
57.31127,45.42786,-0.000591162029451198,45.427306158907,-0.00114500312242908
57.3226,45.42844,-1.11620294518389e-05,45.4272509300085,-0.00120023202093423
57.3339,45.42916,0.000708837970549325,45.4271955316361,-0.0012556303933987
57.34526,45.4243,-0.00415116202945143,45.4271499005623,-0.00130126146711611
57.35658,45.42582,-0.00263116202945213,45.4271246551713,-0.00132650685818567
57.36793,45.42702,-0.00143116202945492,45.4271291129737,-0.00132204905573173
57.37926,45.4284,-5.11620294503246e-05,45.4271695473566,-0.00128161467280616
57.39064,45.42634,-0.0021111620294505,45.4272479809572,-0.00120318107222499
57.40195,45.42658,-0.00187116202945248,45.4273616316327,-0.00108953039677455
57.41328,45.42786,-0.000591162029451198,45.4275030108297,-0.000948151199716965
57.42461,45.4284,-5.11620294503246e-05,45.4276606232214,-0.000790538808100418
57.43596,45.42895,0.000498837970546617,45.4278201751353,-0.000630986894176717
57.44731,45.42391,-0.00454116202945443,45.427966169043,-0.000484992986461126
57.45865,45.42831,-0.00014116202945047,45.4280837683318,-0.000367393697676769
57.47,45.42983,0.00137883797054883,45.4281608133007,-0.000290348728712397
57.48132,45.42883,0.000378837970544055,45.4281897778289,-0.000261384200543304
57.49266,45.42953,0.00107883797054598,45.4281693115145,-0.000281850514932926
57.50402,45.42953,0.00107883797054598,45.4281049576306,-0.000346204398868547
57.51535,45.42746,-0.000991162029450265,45.4280087583565,-0.000442403672952257
57.52669,45.42806,-0.000391162029451664,45.4278977055072,-0.000553456522296083
57.53803,45.42815,-0.000301162029451518,45.427791259834,-0.00065990219546642
57.54937,45.4275,-0.00095116202945178,45.4277083635364,-0.000742798493013413
57.56071,45.42316,-0.0052911620294509,45.4276644793766,-0.000786682652805628
57.57204,45.42886,0.000408837970546472,45.4276692023566,-0.000781959672876465
57.58338,45.42679,-0.00166116202945688,45.4277248829546,-0.000726279074889402
57.5947,45.42935,0.000898837970545685,45.4278264622615,-0.0006246997679113
57.60604,45.42693,-0.00152116202945507,45.4279624294771,-0.000488732552355446
57.61734,45.42876,0.000308837970543152,45.4281166051005,-0.000334556929000586
57.62863,45.42962,0.00116883797054612,45.4282703838014,-0.000180778228046051
57.63998,45.42845,-1.16202945577015e-06,45.4284050955398,-4.6066489619162e-05
57.65131,45.42703,-0.00142116202945175,45.428504214292,5.30522625871132e-05
57.66264,45.42889,0.000438837970548889,45.4285552412399,0.000104079210434623
57.67398,45.42709,-0.00136116202945402,45.428551171799,0.000100009769522392
57.68533,45.43038,0.00192883797054577,45.4284914635522,4.03015227840562e-05
57.69666,45.43084,0.00238883797054967,45.4283823527035,-6.88093259859382e-05
57.708,45.42949,0.00103883797054749,45.4282363069883,-0.000214855041199958
57.71931,45.4268,-0.0016511620294537,45.4280704689795,-0.000380693049980345
57.73066,45.42817,-0.000281162029452275,45.4279041747641,-0.000546987265353122
57.74195,45.42683,-0.00162116202945128,45.4277559331438,-0.000695228885674502
57.75329,45.4255,-0.00295116202945422,45.4276404627353,-0.000810699294119977
57.76463,45.42575,-0.00270116202945303,45.4275664213382,-0.000884740691216071
57.77595,45.42731,-0.00114116202945524,45.4275353277733,-0.000915834256169166
57.78731,45.4263,-0.00215116202945609,45.4275419059554,-0.00090925607407502
57.79865,45.4307,0.00224883797054787,45.4275757324904,-0.000875429539073152
57.81,45.42719,-0.0012611620294507,45.4276237458994,-0.00082741613000906
57.82133,45.42865,0.000198837970543764,45.4276729902349,-0.000778171794505826
57.83265,45.43018,0.00172883797054624,45.4277129709325,-0.000738191096956992
57.84398,45.42811,-0.000341162029457109,45.4277371644059,-0.000713997623520241
57.85532,45.42634,-0.0021111620294505,45.427743476663,-0.000707685366429594
57.86666,45.42748,-0.000971162029451023,45.4277337295328,-0.000717432496654605
57.87798,45.42705,-0.00140116202945251,45.4277124918839,-0.000738670145592381
57.88935,45.42558,-0.00287116202945725,45.42768568078,-0.000765481249415081
57.90067,45.42962,0.00116883797054612,45.4276593043172,-0.000791857712231886
57.91199,45.428,-0.000451162029456498,45.4276385587507,-0.000812603278762667
57.92334,45.42691,-0.00154116202945431,45.4276273223627,-0.000823839666771968
57.93467,45.4264,-0.00205116202945277,45.4276279904365,-0.00082317159292496
57.94601,45.42756,-0.000891162029454051,45.4276415821125,-0.000809579916908144
57.95734,45.42933,0.000878837970546442,45.4276680466599,-0.000783115369510302
57.96869,45.42874,0.000288837970543909,45.42770664267,-0.000744519359489143
57.98004,45.42713,-0.00132116202945554,45.4277562057896,-0.00069495623982911
57.99136,45.42937,0.000918837970544928,45.4278151522173,-0.000636009812137105
58.0027,45.42735,-0.00110116202945676,45.4278812013407,-0.000569960688709464
58.014,45.42453,-0.00392116202945658,45.4279509689763,-0.000500193053137551
58.02533,45.4287,0.000248837970545424,45.4280196968553,-0.000431465174189313
58.03666,45.42876,0.000308837970543152,45.4280813801734,-0.000369781856069977
58.04801,45.4272,-0.00125116202945463,45.4281294172241,-0.000321744805362724
58.05932,45.42699,-0.00146116202945024,45.4281577066087,-0.00029345542076786
58.07068,45.42966,0.00120883797054461,45.4281619609431,-0.000289201086339939
58.08201,45.4308,0.00234883797054408,45.4281409150449,-0.00031024698452355
58.09334,45.42882,0.000368837970547986,45.4280970656453,-0.000354096384112236
58.10465,45.42899,0.000538837970545103,45.4280366370036,-0.00041452502589055
58.11601,45.42575,-0.00270116202945303,45.4279686795239,-0.000482482505507568
58.12732,45.42622,-0.00223116202945306,45.4279035134743,-0.000547648555180851
58.13866,45.4267,-0.00175116202945702,45.4278509576604,-0.000600204369069352
58.14999,45.43001,0.00155883797054912,45.4278187983527,-0.000632363676720224
58.16133,45.42836,-9.11620294559157e-05,45.4278117703885,-0.000639391640994314
58.17267,45.4261,-0.00235116202945562,45.4278310950913,-0.00062006693813507
58.18401,45.42756,-0.000891162029454051,45.4278745048909,-0.000576657138533151
58.19535,45.42796,-0.000491162029454983,45.42793668971,-0.000514472319498006
58.20671,45.42998,0.0015288379705467,45.428010110685,-0.000441051344494091
58.21805,45.42442,-0.00403116202945597,45.4280860776042,-0.000365084425215528
58.22939,45.43192,0.00346883797054431,45.4281559247171,-0.000295237312322659
58.24071,45.42801,-0.000441162029453324,45.4282120973228,-0.000239064706604822
58.25205,45.42733,-0.001121162029456,45.4282489776003,-0.000202184429164736
58.26335,45.42931,0.000858837970547199,45.4282633317476,-0.000187830281811258
58.27468,45.42835,-0.000101162029451984,45.4282543532473,-0.000196808782134843
58.286,45.42809,-0.000361162029456352,45.4282233737804,-0.000227788249013665
58.29733,45.42575,-0.00270116202945303,45.4281733792755,-0.0002777827539597
58.30864,45.42916,0.000708837970549325,45.4281084969344,-0.000342665095074382
58.31999,45.42744,-0.00101116202945661,45.4280335908273,-0.000417571202118103
58.33132,45.42937,0.000918837970544928,45.427954003019,-0.000497159010478986
58.34266,45.42888,0.000428837970545715,45.4278753540388,-0.000575807990653517
58.35402,45.42751,-0.000941162029455711,45.4278032618527,-0.00064790017670971
58.36534,45.42745,-0.00100116202945344,45.4277428968946,-0.000708265134856786
58.37669,45.42746,-0.000991162029450265,45.4276984236082,-0.000752738421297705
58.38803,45.42593,-0.00252116202945274,45.4276725002792,-0.000778661750226414
58.39936,45.42741,-0.00104116202945193,45.4276660466433,-0.00078511538615305
58.41069,45.42801,-0.000441162029453324,45.4276784208998,-0.000772741129642638
58.42202,45.42699,-0.00146116202945024,45.4277080001906,-0.00074316183881601
58.43335,45.42942,0.000968837970546588,45.4277529898378,-0.000698172191664642
58.44467,45.43029,0.00183883797054563,45.4278121655022,-0.000638996527213877
58.45601,45.42747,-0.000981162029454197,45.4278852346263,-0.000565927403190847
58.46731,45.42822,-0.000231162029450616,45.4279726203598,-0.000478541669661147
58.47862,45.42616,-0.00229116202945079,45.4280747003945,-0.000376461634950351
58.48993,45.4277,-0.000751162029452246,45.4281907708849,-0.000260391144523623
58.50129,45.42672,-0.00173116202945067,45.428318121439,-0.000133040590441569
58.51262,45.42953,0.00107883797054598,45.4284515451235,3.830940540527e-07
58.52397,45.43092,0.00246883797054664,45.4285834194037,0.000132257374258705
58.5353,45.42609,-0.00236116202945169,45.4287042980916,0.000253136062168225
58.54663,45.42829,-0.000161162029456818,45.4288038590262,0.00035269699673668
58.55799,45.42866,0.000208837970546938,45.4288720637273,0.000420901697841409
58.56934,45.43285,0.00439883797054819,45.4289004015168,0.00044923948733187
58.58067,45.42599,-0.00246116202945501,45.4288830454052,0.000431883375754575
58.59201,45.4305,0.00204883797054833,45.4288177112456,0.000366549216158423
58.60333,45.42815,-0.000301162029451518,45.4287060730508,0.000254911021396524
58.61465,45.42854,8.88379705443754e-05,45.4285537103936,0.000102548364103424
58.62597,45.42845,-1.16202945577015e-06,45.4283696565286,-8.15055008478009e-05
58.6373,45.42847,1.88379705434727e-05,45.4281656526451,-0.000285509384324591
58.64865,45.42648,-0.0019711620294558,45.4279552225359,-0.000495939493551322
58.66,45.42786,-0.000591162029451198,45.4277526788334,-0.000698483196094629
58.67136,45.4288,0.000348837970548743,45.4275721474966,-0.00087901453281725
58.68269,45.42629,-0.00216116202945216,45.4274266443393,-0.00102451769013963
58.69403,45.42892,0.0004688379705442,45.4273271806783,-0.00112398135116139
58.70538,45.42811,-0.000341162029457109,45.4272818582589,-0.00116930377050762
58.71671,45.42667,-0.00178116202945233,45.4272949575726,-0.00115620445682787
58.72802,45.42609,-0.00236116202945169,45.4273661188164,-0.00108504321306327
58.73936,45.42621,-0.00224116202945623,45.4274898232312,-0.000961338798240874
58.75069,45.42698,-0.00147116202945341,45.427655430366,-0.000795731663488232
58.76204,45.42896,0.000508837970542686,45.4278479476645,-0.000603214364914465
58.77338,45.42802,-0.000431162029457255,45.4280495211109,-0.000401640918536709
58.78469,45.42727,-0.00118116202945373,45.4282414403575,-0.000209721671925674
58.79602,45.42976,0.00130883797054793,45.4284063379875,-4.48240419373402e-05
58.80739,45.42995,0.00149883797054429,45.4285302370787,7.90750492143102e-05
58.81874,45.42805,-0.000401162029454838,45.4286041276332,0.000152965603793823
58.8301,45.42976,0.00130883797054793,45.428624825927,0.000173663897550479
58.84144,45.42792,-0.000531162029453469,45.4285950024952,0.000143840465736728
58.85279,45.42945,0.000998837970549005,45.4285224235319,7.12615024579644e-05
58.86414,45.42787,-0.000581162029455129,45.4284185845692,-3.2577460209629e-05
58.87548,45.42612,-0.00233116202945638,45.428297002586,-0.000154159443462621
58.88678,45.43041,0.00195883797054819,45.4281714709657,-0.000279691063788441
58.89812,45.42537,-0.00308116202945286,45.428054559202,-0.000396602827459626
58.90947,45.42724,-0.00121116202945615,45.4279565534931,-0.000494608536356675
58.92078,45.42984,0.0013888379705449,45.4278849083518,-0.000566253677628006
58.93213,45.4294,0.000948837970547345,45.4278441401508,-0.000607021878674324
58.94346,45.42626,-0.00219116202945457,45.4278359822996,-0.000615179729886406
58.95479,45.42902,0.00056883797054752,45.4278596062147,-0.000591555814741883
58.96612,45.42815,-0.000301162029451518,45.4279118106669,-0.000539351362513106
58.97744,45.42583,-0.00262116202945606,45.4279872169667,-0.000463945062764157
58.98879,45.42649,-0.00196116202945262,45.428078590668,-0.000372571361454832
59.00014,45.42962,0.00116883797054612,45.4281774029438,-0.000273759085678478
59.01147,45.43107,0.00261883797054452,45.428274636275,-0.000176525754459314
59.02282,45.427,-0.00145116202945417,45.428361681518,-8.94805114203325e-05
59.03417,45.42917,0.000718837970545394,45.4284310980983,-2.00639311321981e-05
59.0455,45.4276,-0.000851162029455566,45.4284770946999,2.59326704809035e-05
59.05683,45.42729,-0.00116116202945449,45.4284957534851,4.45914556851384e-05
59.06819,45.42908,0.000628837970545248,45.4284851244562,3.39624267822711e-05
59.0795,45.42859,0.000138837970546035,45.4284453009195,-5.86110990807355e-06
59.09084,45.42972,0.00126883797054944,45.4283784963771,-7.26656523334223e-05
59.10217,45.4261,-0.00235116202945562,45.4282890609592,-0.000162101070276024
59.11349,45.42904,0.000588837970546763,45.4281833570115,-0.000267805017959905
59.12481,45.42921,0.00075883797054388,45.4280694410974,-0.000381720932043366
59.13614,45.42799,-0.000461162029452566,45.4279565201648,-0.000494641864644764
59.14748,45.42786,-0.000591162029451198,45.427854160232,-0.00059700179743409
59.15883,45.42792,-0.000531162029453469,45.4277712716399,-0.000679890389599755
59.17017,45.42681,-0.00164116202945053,45.4277149822758,-0.0007361797536677
59.18151,45.42828,-0.000171162029452887,45.4276895889376,-0.000761573091862148
59.19287,45.42624,-0.00221116202945382,45.4276958045538,-0.000755357475687744
59.2042,45.4274,-0.0010511620294551,45.4277304921648,-0.00072066986468809
59.21552,45.42717,-0.00128116202945705,45.4277870059866,-0.000664156042839759
59.22683,45.42725,-0.00120116202945297,45.4278561487293,-0.000595013300148705
59.23815,45.42885,0.000398837970543298,45.4279276089248,-0.000523553104651127
59.24948,45.43027,0.00181883797054638,45.4279915917927,-0.000459570236741881
59.26083,45.42897,0.00051883797054586,45.4280402611718,-0.000410900857630434
59.27216,45.42901,0.000558837970544346,45.4280686391254,-0.000382522904014818
59.28348,45.42558,-0.00287116202945725,45.4280747938302,-0.000376368199283701
59.29483,45.42709,-0.00136116202945402,45.4280594163764,-0.000391745653012901
59.30618,45.42676,-0.00169116202945219,45.428025091897,-0.000426070132406181
59.31752,45.42986,0.00140883797054414,45.4279755851691,-0.00047557686034441
59.32883,45.42979,0.00133883797054324,45.4279152970076,-0.000535865021881329
59.34019,45.4265,-0.00195116202945655,45.4278488549788,-0.00060230705065826
59.35151,45.42758,-0.000871162029454808,45.4277807392688,-0.000670422760694257
59.36285,45.42683,-0.00162116202945128,45.4277149318011,-0.000736230228315195
59.3742,45.42702,-0.00143116202945492,45.4276546887113,-0.000796473318153301
59.38552,45.42719,-0.0012611620294507,45.427602548038,-0.000848613991415688
59.39682,45.42905,0.000598837970542831,45.4275605832112,-0.00089057881825141
59.40816,45.42872,0.000268837970544666,45.4275307725759,-0.000920389453523042
59.41946,45.42832,-0.000131162029454401,45.4275152679621,-0.000935894067346894
59.43077,45.42662,-0.00183116202945399,45.4275163782857,-0.000934783743713802
59.44211,45.42642,-0.00203116202945353,45.4275362342432,-0.000914927786225781
59.45342,45.42644,-0.00201116202945428,45.4275762744442,-0.000874887585220184
59.46475,45.42893,0.000478837970547374,45.4276367716255,-0.000814390403925007
59.47611,45.42799,-0.000461162029452566,45.4277165555782,-0.000734606451290069
59.48746,45.42748,-0.000971162029451023,45.4278129575184,-0.000638204511090465
59.4988,45.42905,0.000598837970542831,45.4279219118921,-0.000529250137382374
59.51015,45.42622,-0.00223116202945306,45.4280381543103,-0.000413007719195565
59.52149,45.42847,1.88379705434727e-05,45.4281555076037,-0.000295654425759527
59.53282,45.42816,-0.00029116202945545,45.4282672838019,-0.000183878227569108
59.54415,45.42879,0.000338837970545569,45.4283668120229,-8.43500065625257e-05
59.55548,45.42802,-0.000431162029457255,45.4284480448655,-3.11716397297223e-06
59.56681,45.42923,0.000778837970543123,45.4285061438801,5.49818506828666e-05
59.57816,45.4292,0.000748837970547811,45.4285379294097,8.67673802656441e-05
59.58949,45.42747,-0.000981162029454197,45.4285421014881,9.09394586212521e-05
59.60084,45.42973,0.00127883797054551,45.428519185757,6.80237275676608e-05
59.61219,45.42866,0.000208837970546938,45.4284712185656,2.00565361142236e-05
59.62353,45.4277,-0.000751162029452246,45.428401243329,-4.9918700425078e-05
59.63486,45.42827,-0.000181162029456061,45.4283127414399,-0.000138420589510994
59.64623,45.42492,-0.00353116202945358,45.4282091603924,-0.000242001637042077
59.65757,45.43179,0.00333883797054568,45.4280936951389,-0.00035746689051512
59.66891,45.42671,-0.00174116202945385,45.4279693924482,-0.000481769581298259
59.68025,45.4279,-0.000551162029452712,45.4278395175456,-0.000611644483860883
59.69159,45.42683,-0.00162116202945128,45.4277080366099,-0.00074312541960051
59.70289,45.42868,0.000228837970546181,45.4275800612158,-0.000871100813652272
59.71424,45.42811,-0.000341162029457109,45.4274621160985,-0.000989045930991404
59.72556,45.42728,-0.00117116202945056,45.4273620889566,-0.00108907307282557
59.73688,45.42811,-0.000341162029457109,45.427288735091,-0.00116242693841085
59.74819,45.42923,0.000778837970543123,45.42725068164,-0.00120048038945939
59.75953,45.42532,-0.00313116202945452,45.4272550009778,-0.00119616105170465
59.77085,45.42716,-0.00129116202945312,45.4273055764321,-0.00114558559738381
59.78218,45.42555,-0.00290116202945256,45.4274016287869,-0.00104953324250448
59.7935,45.42647,-0.00198116202945187,45.42753683802,-0.000914324009498842
59.80484,45.42596,-0.00249116202945032,45.4276994159384,-0.00075174609101998
59.81618,45.43049,0.00203883797054516,45.4278732645607,-0.000577897468767716
59.82752,45.42712,-0.0013311620294516,45.4280400660853,-0.00041109594416432
59.83887,45.42912,0.000668837970543734,45.4281819020716,-0.00026925995784677
59.85022,45.42845,-1.16202945577015e-06,45.4282838811009,-0.000167280928599926
59.86156,45.43076,0.0023088379705456,45.4283362754794,-0.000114886550039791
59.87292,45.4295,0.00104883797054356,45.4283357779881,-0.000115384041363449
59.88424,45.42791,-0.000541162029456643,45.4282856634122,-0.000165498617223253
59.89558,45.42526,-0.00319116202945224,45.4281948806554,-0.000256281374083742
59.90689,45.42938,0.000928837970548102,45.4280763565614,-0.000374805468086107
59.91822,45.42681,-0.00164116202945053,45.4279449400072,-0.000506222022261321
59.92957,45.42843,-2.1162029455013e-05,45.4278153849282,-0.000635777101249396
59.94091,45.42769,-0.00076116202945542,45.427700630457,-0.000750531572481568
59.95227,45.42746,-0.000991162029450265,45.4276105065389,-0.000840655490518581
59.9636,45.42749,-0.000961162029454954,45.4275509302628,-0.000900231766646826
59.97492,45.42589,-0.00256116202945122,45.4275236419065,-0.000927520122980111
59.98624,45.42616,-0.00229116202945079,45.4275265130643,-0.000924648965205155
59.99759,45.43029,0.00183883797054563,45.4275543945132,-0.000896767516243789
60.00894,45.42797,-0.000481162029451809,45.4276003435888,-0.000850818440653406
60.02028,45.42941,0.000958837970543414,45.4276569429872,-0.000794219042222184
60.0316,45.42598,-0.00247116202945108,45.427717407319,-0.000733754710442152
60.0429,45.42673,-0.0017211620294546,45.4277763089979,-0.000674853031564173
60.05423,45.4287,0.000248837970545424,45.4278299410173,-0.00062122101216671
60.06559,45.428,-0.000451162029456498,45.4278764305343,-0.000574731495128377
60.07691,45.42783,-0.000621162029453615,45.4279156887908,-0.000535473238688456
60.08824,45.42793,-0.000521162029450295,45.4279492124591,-0.000501949570363278
60.09956,45.42801,-0.000441162029453324,45.4279797213163,-0.000471440713173255
60.1109,45.42973,0.00127883797054551,45.4280106309067,-0.000440531122726536
60.12223,45.4265,-0.00195116202945655,45.4280453886158,-0.000405773413614107
60.13355,45.42726,-0.0011911620294569,45.4280867452773,-0.000364416752172273
60.14486,45.4286,0.000148837970549209,45.4281360863439,-0.000315075685572936
60.1562,45.42866,0.000208837970546938,45.4281929635715,-0.000258198457974955
60.16751,45.42651,-0.00194116202945338,45.4282549214805,-0.000196240548957727
60.17885,45.42913,0.000678837970546908,45.4283176359973,-0.000133526032199071
60.19017,45.43009,0.00163883797054609,45.428375319337,-7.58426924412381e-05
60.20148,45.42741,-0.00104116202945193,45.428421304223,-2.98578064770138e-05
60.21281,45.42783,-0.000621162029453615,45.4284487135594,-2.44847004282825e-06
60.22412,45.42826,-0.00019116202945213,45.4284511629647,9.35201139297681e-10
60.23545,45.42796,-0.000491162029454983,45.4284234927877,-2.76692417751553e-05
60.24679,45.42829,-0.000161162029456818,45.4283625160444,-8.86459850789292e-05
60.25812,45.42945,0.000998837970549005,45.4282676917163,-0.000183470313110042
60.26944,45.43026,0.00180883797054321,45.4281415471313,-0.00030961489814981
60.28074,45.42766,-0.000791162029450732,45.4279896499256,-0.000461512103815535
60.29208,45.42857,0.000118837970546792,45.4278200191755,-0.000631142853915664
60.30344,45.42536,-0.00309116202945603,45.4276420589165,-0.000809103112931548
60.31476,45.42616,-0.00229116202945079,45.427465307181,-0.000985854848410756
60.3261,45.42587,-0.00258116202945047,45.4272983965293,-0.00115276550016586
60.3374,45.42688,-0.00157116202945673,45.4271485417234,-0.00130262030607415
60.34873,45.42861,0.000158837970545278,45.4270216263695,-0.00142953565992023
60.36007,45.43021,0.00175883797054865,45.426922664251,-0.00152849777846935
60.3714,45.42699,-0.00146116202945024,45.4268562188132,-0.0015949432162594
60.38276,45.42671,-0.00174116202945385,45.4268263961577,-0.00162476587173209
60.39409,45.42506,-0.00339116202945178,45.4268362773673,-0.00161488466211686
60.4054,45.42594,-0.00251116202945667,45.4268869714671,-0.00156419056239065
60.41673,45.42772,-0.000731162029453003,45.4269766580097,-0.0014745040197132
60.42807,45.42672,-0.00173116202945067,45.4270999700921,-0.00135119193730731
60.43941,45.42776,-0.000691162029454517,45.4272479217967,-0.00120324023278454
60.45076,45.42365,-0.00480116202945169,45.4274084379376,-0.00104272409183393
60.46209,45.42956,0.00110883797054839,45.4275674491507,-0.000883712878793726
60.47342,45.42983,0.00137883797054883,45.4277104229694,-0.000740739060018372
60.48471,45.42723,-0.00122116202945222,45.4278240784799,-0.000627083549587771
60.49605,45.42799,-0.000461162029452566,45.4278979512867,-0.000553210742779655
60.50743,45.42857,0.000118837970546792,45.4279255242823,-0.000525637747194649
60.51876,45.42773,-0.000721162029456934,45.4279047851541,-0.000546376875341383
60.53008,45.42817,-0.000281162029452275,45.4278382090755,-0.000612952953967511
60.54141,45.42745,-0.00100116202945344,45.427732250801,-0.000718911228467528
60.55276,45.42642,-0.00203116202945353,45.4275964837029,-0.000854678326515184
60.56408,45.4285,4.88379705458897e-05,45.4274425519113,-0.00100861011817642
60.57541,45.42575,-0.00270116202945303,45.4272830905463,-0.00116807148318797
60.58675,45.42903,0.000578837970543589,45.4271307170203,-0.00132044500914963
60.59807,45.42623,-0.00222116202945699,45.4269971318327,-0.00145403019677997
60.60939,45.42751,-0.000941162029455711,45.4268923284026,-0.00155883362689795
60.62073,45.42674,-0.00171116202945143,45.4268239189053,-0.00162724312417942
60.63206,45.42558,-0.00287116202945725,45.4267966263177,-0.00165453571175374
60.64339,45.42524,-0.00321116202945149,45.4268120344687,-0.00163912756072793
60.65471,45.42873,0.000278837970547841,45.426868679968,-0.00158248206141387
60.66603,45.42618,-0.00227116202945155,45.4269624853485,-0.00148867668092896
60.67737,45.42956,0.00110883797054839,45.4270874050788,-0.00136375695068944
60.6887,45.42644,-0.00201116202945428,45.4272360738691,-0.00121508816036243
60.7,45.4277,-0.000751162029452246,45.427400276813,-0.00105088521646145
60.71133,45.42741,-0.00104116202945193,45.4275711858749,-0.000879976154564369
60.72264,45.42742,-0.00103116202945586,45.4277394494662,-0.000711712563209967
60.73398,45.42585,-0.00260116202945682,45.4278953115143,-0.000555850515110439
60.74531,45.42882,0.000368837970547986,45.4280289448576,-0.000422217171822347
60.75663,45.42752,-0.000931162029452537,45.428131110126,-0.00032005190342158
60.76796,45.42902,0.00056883797054752,45.428194116099,-0.000257045930461231
60.77929,45.4286,0.000148837970549209,45.4282129153024,-0.000238246727081266
60.79061,45.4291,0.000648837970544491,45.4281860851177,-0.000265076911723935
60.80196,45.42729,-0.00116116202945449,45.4281164502759,-0.000334711753599583
60.8133,45.42939,0.000938837970544171,45.4280111805118,-0.000439981517618533
60.82463,45.42706,-0.00139116202945644,45.4278813053916,-0.000569856637826409
60.83597,45.42767,-0.000781162029454663,45.4277406873442,-0.000710474685232229
60.84732,45.42824,-0.000211162029451373,45.4276045645608,-0.000846597468689966
60.85866,45.42853,7.88379705483067e-05,45.4274878169567,-0.00096334507271855
60.87002,45.42645,-0.00200116202945111,45.4274031363358,-0.00104802569361754
60.88134,45.42582,-0.00263116202945213,45.4273593230646,-0.00109183896484059
60.89269,45.42703,-0.00142116202945175,45.4273599828085,-0.00109117922097237
60.90403,45.4269,-0.00155116202945038,45.4274028987941,-0.00104826323531733
60.91532,45.42664,-0.00181116202945475,45.4274802539629,-0.000970908066523324
60.92666,45.42877,0.000318837970546326,45.4275796965346,-0.000871465494809455
60.93801,45.42805,-0.000401162029454838,45.4276860574998,-0.00076510452968091
60.94932,45.42916,0.000708837970549325,45.427783404942,-0.000667757087490147
60.96065,45.42566,-0.00279116202945318,45.4278570939842,-0.000594068045223143
60.97198,45.42939,0.000938837970544171,45.4278955378353,-0.000555624194200596
60.98332,45.42838,-7.11620294566728e-05,45.4278915265241,-0.000559635505366243
60.99464,45.42743,-0.00102116202945268,45.427842991305,-0.00060817072443666
61.00598,45.42911,0.000658837970547665,45.4277531539024,-0.00069800812701268
61.01731,45.42688,-0.00157116202945673,45.4276300546868,-0.000821107342626138
61.02864,45.42675,-0.00170116202945536,45.4274855370146,-0.000965625014809661
61.03997,45.42742,-0.00103116202945586,45.4273338452626,-0.00111731676688814
61.05132,45.42794,-0.000511162029454226,45.4271900314864,-0.00126113054304294
61.06261,45.42685,-0.00160116202945204,45.4270683484541,-0.0013828135753644
61.07394,45.42622,-0.00223116202945306,45.4269807684488,-0.00147039358061438
61.08525,45.42802,-0.000431162029457255,45.4269357509804,-0.00151541104900498
61.09657,45.42512,-0.00333116202945405,45.4269373884723,-0.00151377355717239
61.10789,45.42657,-0.00188116202945565,45.4269850538344,-0.00146610819506
61.11926,45.42695,-0.00150116202945583,45.4270736320354,-0.0013775299940251
61.13057,45.42846,8.83797054740398e-06,45.4271943302795,-0.0012568317499532
61.14188,45.42559,-0.00286116202945408,45.427335944003,-0.00111521802650047
61.15319,45.42863,0.000178837970544521,45.4274863560935,-0.000964805935969824
61.16452,45.42957,0.00111883797054446,45.4276340009331,-0.000817161096318697
61.17586,45.42857,0.000118837970546792,45.4277690326859,-0.000682129343589585
61.18722,45.42644,-0.00201116202945428,45.4278840065937,-0.000567155435787553
61.19855,45.42795,-0.000501162029451052,45.4279740306257,-0.000477131403801621
61.2099,45.42715,-0.00130116202945629,45.4280365245697,-0.000414637459794971
61.22124,45.42795,-0.000501162029451052,45.428070827821,-0.000380334208405213
61.23257,45.4271,-0.00135116202945085,45.4280778722167,-0.000373289812738316
61.2439,45.42925,0.000798837970549471,45.4280600232254,-0.000391138804052158
61.25521,45.42854,8.88379705443754e-05,45.4280210617422,-0.00043010028730183
61.26654,45.42757,-0.000881162029450877,45.4279661831613,-0.000484978868156358
61.27786,45.42816,-0.00029116202945545,45.4279018647388,-0.000549297290650987
61.28921,45.42912,0.000668837970543734,45.4278354953824,-0.00061566664705903
61.30053,45.42749,-0.000961162029454954,45.427774737363,-0.000676424666468062
61.31184,45.42757,-0.000881162029450877,45.4277266712909,-0.000724490738564857
61.32317,45.42675,-0.00170116202945536,45.4276968641522,-0.000754297877269811
61.33452,45.4257,-0.00275116202945469,45.4276885755119,-0.000762586517556174
61.34586,45.42941,0.000958837970543414,45.4277023247616,-0.00074883726786512
61.3572,45.42693,-0.00152116202945507,45.4277359490027,-0.000715213026770153
61.36852,45.42759,-0.000861162029451634,45.4277851247994,-0.000666037230042967
61.37985,45.42914,0.000688837970542977,45.4278441902648,-0.000606971764668915
61.39119,45.42851,5.88379705490638e-05,45.4279070387391,-0.000544123290348794
61.40254,45.42839,-6.11620294534987e-05,45.4279678623374,-0.000483299692037943
61.41388,45.42737,-0.00108116202945041,45.4280215941513,-0.000429567878195255
61.42522,45.42885,0.000398837970543298,45.4280640184834,-0.00038714354600786
61.43653,45.42668,-0.00177116202945626,45.4280916443433,-0.000359517686113177
61.44787,45.42725,-0.00120116202945297,45.4281015148028,-0.000349647226664868
61.45922,45.42926,0.00080883797054554,45.4280911291175,-0.000360032911995097
61.47052,45.4267,-0.00175116202945702,45.4280585904838,-0.000392571545689903
61.48183,45.42841,-4.11620294542558e-05,45.4280029887619,-0.00044817326758805
61.49318,45.42754,-0.000911162029453294,45.4279249276037,-0.000526234425783313
61.5045,45.42918,0.000728837970548568,45.4278270329175,-0.000624129111917443
61.51583,45.42957,0.00111883797054446,45.4277142365342,-0.000736925495217804
61.52715,45.42764,-0.00081116202945708,45.4275936378524,-0.000857524177096089
61.53849,45.42663,-0.00182116202945082,45.427473848771,-0.000977313258451204
61.54984,45.42586,-0.00259116202945364,45.4273639155016,-0.00108724652784357
61.56115,45.4276,-0.000851162029455566,45.4272720906307,-0.00117907139877198
61.57247,45.42503,-0.00342116202945419,45.427204787392,-0.00124637463748428
61.58381,45.42851,5.88379705490638e-05,45.427165954778,-0.00128520725140378
61.59513,45.42852,6.88379705451325e-05,45.4271569308138,-0.00129423121566831
61.60646,45.42751,-0.000941162029455711,45.4271766608168,-0.00127450121267898
61.61778,45.42688,-0.00157116202945673,45.4272220941251,-0.00122906790433644
61.6291,45.42574,-0.0027111620294562,45.4272886275452,-0.00116253448423842
61.64042,45.42766,-0.000791162029450732,45.4273705820103,-0.00108058001915798
61.65176,45.4277,-0.000751162029452246,45.4274617649802,-0.000989397049252043
61.66306,45.42828,-0.000171162029452887,45.4275561332777,-0.000895028751754268
61.6744,45.42668,-0.00177116202945626,45.4276484852743,-0.000802676755114579
61.68575,45.42812,-0.000331162029453935,45.4277350611857,-0.000716100843803054
61.69711,45.42852,6.88379705451325e-05,45.4278139349733,-0.000637227056170982
61.70844,45.4296,0.00114883797054688,45.4278851068752,-0.000566055154221057
61.71979,45.42628,-0.00217116202945533,45.427950242357,-0.000500919672487695
61.73114,45.42661,-0.00184116202945717,45.428012077758,-0.000439084271415022
61.74248,45.42913,0.000678837970546908,45.4280736104398,-0.000377551589691745
61.75383,45.4296,0.00114883797054688,45.4281372355762,-0.0003139264532112
61.76517,45.42754,-0.000911162029453294,45.4282039512925,-0.000247210736959711
61.77649,45.42731,-0.00114116202945524,45.4282727058683,-0.000178456161124772
61.78782,45.42878,0.0003288379705495,45.4283399817145,-0.000111180314995085
61.79918,45.42527,-0.00318116202945617,45.4283997622223,-5.13998071447238e-05
61.8105,45.43018,0.00172883797054624,45.4284440136028,-7.14842666858036e-06
61.82185,45.42929,0.000838837970547957,45.428463698937,1.25369075451957e-05
61.8332,45.42706,-0.00139116202945644,45.4284501768657,-9.85163752857689e-07
61.84454,45.42989,0.00143883797054656,45.4283967118429,-5.4450186541118e-05
61.85588,45.42933,0.000878837970546442,45.4282997905862,-0.000151371443235416
61.86723,45.42707,-0.00138116202945326,45.4281599843896,-0.000291177639850109
61.87855,45.43026,0.00180883797054321,45.4279821835352,-0.000468978494272659
61.88989,45.42798,-0.000471162029455741,45.4277751463921,-0.00067601563740387
61.90126,45.42621,-0.00224116202945623,45.4275504462776,-0.000900715751877723
61.91257,45.42543,-0.00302116202945513,45.4273210455505,-0.00113011647890217
61.92392,45.42809,-0.000361162029456352,45.4270998333735,-0.00135132865594645
61.93524,45.42477,-0.00368116202945146,45.4268984623667,-0.00155269966278087
61.94656,45.4263,-0.00215116202945609,45.4267266857928,-0.00172447623668644
61.95787,45.42786,-0.000591162029451198,45.4265921877533,-0.00185897427618771
61.9692,45.42984,0.0013888379705449,45.4265006930069,-0.00195046902253915
61.98053,45.42822,-0.000231162029450616,45.4264560148846,-0.0019951471448079
61.99186,45.4246,-0.00385116202945568,45.4264597424523,-0.00199141957715524
62.00319,45.42454,-0.00391116202945341,45.4265105210293,-0.00194064100017946
62.01449,45.42544,-0.00301116202945195,45.4266032161031,-0.00184794592631668
62.02581,45.4255,-0.00295116202945422,45.4267284376143,-0.00172272441518446
62.03714,45.42824,-0.000211162029451373,45.4268728143962,-0.00157834763324611
62.04847,45.42619,-0.00226116202945548,45.4270201300593,-0.00143103197014554
62.0598,45.42716,-0.00129116202945312,45.4271531428018,-0.00129801922769206
62.07114,45.42965,0.00119883797054854,45.4272557322935,-0.00119542973597136
62.08245,45.42763,-0.000821162029453149,45.4273149618655,-0.00113620016398008
62.09379,45.42705,-0.00140116202945251,45.4273226907585,-0.00112847127097863
62.10511,45.42851,5.88379705490638e-05,45.4272765062329,-0.00117465579659712
62.11644,45.42516,-0.00329116202945556,45.4271799341611,-0.00127122786836377
62.12773,45.42699,-0.00146116202945024,45.4270420556016,-0.00140910642785295
62.13907,45.42526,-0.00319116202945224,45.4268767393734,-0.00157442265609689
62.15041,45.42933,0.000878837970546442,45.4267016723517,-0.0017494896777724
62.16172,45.42687,-0.0015811620294528,45.4265372575764,-0.00191390445308301
62.17309,45.42592,-0.00253116202945591,45.4264053419306,-0.00204582009882398
62.18442,45.42496,-0.0034911620294551,45.4263277222214,-0.00212343980803702
62.19576,45.42789,-0.000561162029455886,45.4263244581932,-0.00212670383626073
62.20711,45.42708,-0.0013711620294572,45.4264120982541,-0.00203906377532634
62.21844,45.42598,-0.00247116202945108,45.4266019425763,-0.00184921945311301
62.22977,45.42734,-0.00111116202945283,45.4268984766091,-0.00155268542035777
62.24109,45.42692,-0.00153116202945114,45.4272981604678,-0.00115300156168086
62.25242,45.42567,-0.00278116202945711,45.427788830856,-0.000662331173455724
62.26375,45.42758,-0.000871162029454808,45.4283499970441,-0.000101164985349526
62.27511,45.42746,-0.000991162029450265,45.4289542442399,0.000503082210409516
62.28643,45.42957,0.00111883797054446,45.429569777507,0.00111861547749938
