time_s,capacitance_raw_pF,capacitance_zero_mean_pF,capacitance_filtered_pF,capacitance_filtered_zero_mean_pF
0.00174,45.42847,-0.00179645615302348,45.4284270353739,-0.00183942077907426
0.01299,45.43211,0.00184354384698082,45.4288842536176,-0.00138220253539922
0.02427,45.42947,-0.00079645615301871,45.4293261817324,-0.000940274420602141
0.03558,45.43001,-0.000256456153017837,45.4297304951858,-0.000535960967193935
0.04691,45.42996,-0.000306456153019496,45.4300778827602,-0.000188573392782013
0.05824,45.43023,-3.64561530190599e-05,45.4303532289768,8.67728238222689e-05
0.06954,45.43005,-0.000216456153019351,45.4305462726534,0.000279816500368755
0.08082,45.42982,-0.000446456153021302,45.4306518582894,0.00038540213639311
0.09211,45.43201,0.0017435438469775,45.4306699092079,0.00040345305482855
0.10341,45.43093,0.000663543846975756,45.4306052041913,0.000338748038255303
0.11473,45.42905,-0.00121645615302413,45.430466984075,0.000200527922026609
0.12604,45.43054,0.000273543846979862,45.430268396064,1.93991095322074e-06
0.13733,45.42944,-0.000826456153021127,45.4300257970435,-0.000240659109541639
0.14864,45.43101,0.000743543846979833,45.4297579319123,-0.000508524240732303
0.15995,45.4305,0.000233543846981377,45.4294849582639,-0.000781497889109855
0.17124,45.42902,-0.00124645615301944,45.4292272545651,-0.00103920158789418
0.18252,45.42822,-0.00204645615301757,45.4290039868546,-0.00126246929844249
0.19383,45.42972,-0.000546456153017516,45.428831515381,-0.00143494077198101
0.20516,45.42835,-0.00191645615301894,45.4287218307625,-0.00154462539055852
0.21647,45.42793,-0.00233645615301725,45.4286812642875,-0.001585191865566
0.2278,45.42598,-0.00428645615301804,45.4287097191404,-0.00155673701264459
0.23908,45.43015,-0.000116456153023137,45.428800624964,-0.00146583118906383
0.2504,45.42982,-0.000446456153021302,45.4289417023443,-0.00132475380873323
0.26172,45.42847,-0.00179645615302348,45.4291164443954,-0.00115001175758594
0.27304,45.43033,6.35438469771543e-05,45.4293060678544,-0.000960388298609732
0.28432,45.42926,-0.00100645615302142,45.4294916395392,-0.000774816613864641
0.29561,45.42867,-0.00159645615302395,45.4296561320884,-0.000610324064660916
0.3069,45.43026,-6.45615302374836e-06,45.4297862314654,-0.000480224687640945
0.3182,45.431,0.000733543846976659,45.4298737542854,-0.000392701867670913
0.32953,45.42912,-0.00114645615302322,45.4299165304562,-0.000349925696804295
0.34083,45.43236,0.00209354384698202,45.4299186028008,-0.000347853352183919
0.35212,45.43032,5.35438469810856e-05,45.4298896388634,-0.000376817289603565
0.36343,45.42882,-0.00144645615301897,45.4298435630865,-0.000422893066509022
0.37473,45.42815,-0.00211645615301848,45.4297965834473,-0.000469872705673724
0.38603,45.42966,-0.00060645615302235,45.4297649431238,-0.000501513029184764
0.39735,45.42953,-0.000736456153020981,45.4297627820365,-0.000503674116552575
0.40867,45.43133,0.00106354384698193,45.429800405536,-0.000466050617041294
0.42,45.42788,-0.00238645615301891,45.4298830997508,-0.000383356402211362
0.43134,45.43196,0.00169354384697584,45.4300105162762,-0.000255939876845342
0.44266,45.42956,-0.000706456153018564,45.4301766143843,-8.98417686954177e-05
0.45397,45.42837,-0.0018964561530197,45.4303701625023,0.000103706349282709
0.46528,45.42974,-0.000526456153018273,45.4305758133115,0.000309357158436752
0.47658,45.4322,0.00193354384698097,45.4307757332399,0.000509277086841034
0.48789,45.43198,0.00171354384698219,45.430951656367,0.000685200213995877
0.49922,45.42999,-0.000276456153024185,45.4310870856438,0.00082062949074317
0.51054,45.43296,0.00269354384698062,45.4311692847472,0.000902828594164577
0.52184,45.43121,0.000943543846979367,45.4311907423756,0.000924286222591897
0.53313,45.43206,0.00179354384697916,45.431149902007,0.000883445854030617
0.54442,45.42904,-0.00122645615302019,45.4310510795354,0.000784623382418296
0.5557,45.43343,0.00316354384698059,45.430903618608,0.000637162454974958
0.56698,45.43036,9.35438469795713e-05,45.4307204376663,0.000453981513258879
0.5783,45.43053,0.000263543846976688,45.430516191103,0.000249734949953812
0.5896,45.42892,-0.00134645615302276,45.4303053261972,3.88700442182348e-05
0.60091,45.42772,-0.00254645615301996,45.4301003814817,-0.000166074671303822
0.6122,45.42752,-0.00274645615301949,45.4299108807275,-0.000355575425528265
0.62351,45.43372,0.00345354384698027,45.4297430419026,-0.000523414250442839
0.6348,45.43031,4.35438469779115e-05,45.4296002401258,-0.000666216027268238
0.64606,45.43028,1.35438469825999e-05,45.4294838784565,-0.00078257769654662
0.65736,45.42954,-0.000726456153017807,45.4293942210721,-0.000872235080917893
0.66868,45.42908,-0.00118645615302171,45.4293308855509,-0.00093557060212761
0.68,45.42829,-0.00197645615302378,45.4292929437653,-0.00097351238771046
0.69134,45.42861,-0.00165645615302168,45.4292787756995,-0.000987680453473683
0.70265,45.43003,-0.000236456153018594,45.4292858833495,-0.000980572803491607
0.71396,45.42978,-0.000486456153019788,45.4293108215415,-0.000955634611490181
0.72526,45.42831,-0.00195645615301743,45.4293493071691,-0.000917148983933358
0.73656,45.42878,-0.00148645615301746,45.4293965002239,-0.000869955929082693
0.74788,45.43069,0.000423543846977736,45.4294474260818,-0.000819030071227342
0.7592,45.42915,-0.00111645615302081,45.4294974883868,-0.000768967766182734
0.77052,45.42986,-0.000406456153022816,45.4295429844113,-0.000723471741746834
0.78184,45.4299,-0.000366456153017225,45.4295815126014,-0.000684943551587037
0.79314,45.43014,-0.000126456153019205,45.4296121843182,-0.00065427183483047
0.80442,45.42885,-0.00141645615302366,45.4296356068573,-0.000630849295752569
0.81571,45.42841,-0.00185645615302121,45.4296536669023,-0.000612789250697417
0.82698,45.431,0.000733543846976659,45.4296691858457,-0.000597270307293971
0.8383,45.42977,-0.000496456153022962,45.4296855118761,-0.000580944276898082
0.84961,45.43003,-0.000236456153018594,45.4297060636389,-0.00056039251414864
0.86092,45.43113,0.000863543846982395,45.4297338046295,-0.000532651523519325
0.87224,45.42725,-0.00301645615301993,45.4297706587189,-0.000495797434119895
0.88354,45.42924,-0.00102645615302066,45.4298169608796,-0.000449495273445355
0.89483,45.43095,0.000683543846982104,45.429871100749,-0.000395355404017028
0.90615,45.42957,-0.000696456153022496,45.4299294932176,-0.000336962935417963
0.91745,45.42984,-0.000426456153022059,45.4299869090749,-0.000279547078071564
0.92874,45.43057,0.000303543846982279,45.4300371000501,-0.00022935610293312
0.94002,45.42912,-0.00114645615302322,45.4300736122462,-0.000192843906786045
0.95133,45.43123,0.00096354384697861,45.430090682556,-0.000175773597029421
0.96264,45.42991,-0.000356456153021156,45.4300841178367,-0.000182338316299921
0.97396,45.4289,-0.001366456153022,45.4300520599332,-0.000214396219853424
0.98526,45.43198,0.00171354384698219,45.4299955493585,-0.000270906794559623
0.99656,45.42722,-0.00304645615302235,45.4299188123948,-0.00034764375817203
1.00789,45.43185,0.00158354384697645,45.4298291969324,-0.000437259220575843
1.0192,45.43109,0.000823543846976804,45.4297366686577,-0.000529787495319093
1.03048,45.43141,0.0011435438469789,45.4296527745072,-0.000613681645824546
1.04179,45.42894,-0.00132645615302351,45.4295890396628,-0.000677416490223464
1.0531,45.42886,-0.00140645615302049,45.4295549348778,-0.000711521275236309
1.06442,45.42696,-0.00330645615301961,45.4295557910599,-0.000710665093101639
1.07572,45.42841,-0.00185645615302121,45.4295912112013,-0.000675244951728943
1.08704,45.42852,-0.00174645615302182,45.4296545101838,-0.000611945969252725
1.09831,45.42968,-0.000586456153023107,45.4297334823004,-0.000532973852616782
1.10962,45.42927,-0.000996456153018244,45.4298124431735,-0.00045401297951917
1.12093,45.43221,0.00194354384697704,45.4298751442926,-0.000391311860427929
1.1322,45.43143,0.00116354384697814,45.4299079146369,-0.000358541516138855
1.14352,45.43233,0.0020635438469796,45.4299023047171,-0.000364151435960029
1.15484,45.43134,0.001073543846978,45.4298566283649,-0.000409827788087961
1.16613,45.42628,-0.00398645615302229,45.4297761076077,-0.000490348545282334
1.17742,45.42919,-0.00107645615302232,45.4296717309729,-0.000594725180150147
1.18874,45.42817,-0.00209645615301923,45.4295582600454,-0.000708196107651788
1.20006,45.43126,0.000993543846981026,45.4294519089315,-0.000814547221488142
1.21136,45.43111,0.000843543846976047,45.4293680801211,-0.000898376031936408
1.22265,45.42785,-0.00241645615302133,45.4293193411504,-0.000947115002631799
1.23395,45.42793,-0.00233645615301725,45.4293137488134,-0.000952707339605338
1.24525,45.42923,-0.00103645615302383,45.4293536869115,-0.000912769241525837
1.25656,45.42937,-0.000896456153022029,45.4294354436771,-0.00083101247591835
1.26786,45.42765,-0.00261645615302086,45.4295497006041,-0.000716755548895746
1.27916,45.42919,-0.00107645615302232,45.4296829490851,-0.000583507067874998
1.29047,45.43077,0.000503543846981813,45.429819663431,-0.000446792722041893
1.30176,45.43042,0.0001535438469773,45.4299448699513,-0.000321586201762676
1.31306,45.43472,0.00445354384697794,45.4300465926918,-0.000219863461183316
1.32436,45.43017,-9.64561530238939e-05,45.4301176113487,-0.000148844804353872
1.33566,45.42826,-0.00200645615301909,45.4301561214651,-0.000110334687923071
1.34697,45.43026,-6.45615302374836e-06,45.4301652218212,-0.000101234331857649
1.35828,45.42978,-0.000486456153019788,45.430151509793,-0.000114946360009037
1.3696,45.42931,-0.000956456153019758,45.430123261046,-0.000143195107067111
1.38091,45.42902,-0.00124645615301944,45.4300886624099,-0.000177793743172852
1.39222,45.42993,-0.000336456153021913,45.430054443536,-0.000212012617004901
1.40354,45.43091,0.000643543846976513,45.4300250948325,-0.000241361320482732
1.41483,45.42898,-0.00128645615301792,45.4300026975703,-0.000263758582679305
1.42612,45.4295,-0.000766456153023398,45.4299872575366,-0.000279198616396068
1.43742,45.43356,0.00329354384697922,45.429977352956,-0.000289103197016803
1.44873,45.42796,-0.00230645615302194,45.4299708788093,-0.000295577343721199
1.46006,45.42938,-0.000886456153018855,45.4299656932121,-0.000300762940873107
1.47136,45.43015,-0.000116456153023137,45.4299600494991,-0.000306406653955731
1.48265,45.43158,0.00131354384697602,45.4299527808959,-0.000313675257159235
1.49394,45.43029,2.35438469786686e-05,45.4299432318528,-0.000323224300263031
1.50523,45.43074,0.000473543846979396,45.4299309318291,-0.000335524323935117
1.51654,45.42785,-0.00241645615302133,45.4299150704509,-0.000351385702146249
1.52786,45.42869,-0.0015764561530176,45.4298939644514,-0.000372491701643723
1.53916,45.42758,-0.00268645615302177,45.4298648049819,-0.00040165117110916
1.55048,45.4315,0.00123354384697905,45.429823926312,-0.000442529841008359
1.56175,45.43151,0.00124354384698222,45.4297676259027,-0.000498830250295743
1.57303,45.42899,-0.00127645615302185,45.4296933021195,-0.000573154033532495
1.58436,45.43131,0.00104354384698269,45.4296005228351,-0.000665933317945681
1.59566,45.42979,-0.000476456153023719,45.4294916730303,-0.00077478312270916
1.60698,45.42966,-0.00060645615302235,45.4293719953144,-0.000894460838582307
1.61829,45.42722,-0.00304645615302235,45.4292490347038,-0.00101742144926309
1.62959,45.42928,-0.000986456153022175,45.4291316621432,-0.00113479400986633
1.64092,45.43005,-0.000216456153019351,45.4290289324134,-0.00123752373957644
1.65223,45.42743,-0.00283645615301964,45.428949007986,-0.0013174481669711
1.66355,45.42893,-0.00133645615301958,45.4288982929349,-0.00136816321811984
1.67485,45.42995,-0.000316456153022671,45.4288808387038,-0.00138561744921716
1.68616,45.42801,-0.00225645615302028,45.4288980277042,-0.00136842844882982
1.69745,45.42973,-0.000536456153021447,45.4289485017581,-0.00131795439495597
1.70874,45.42863,-0.00163645615302244,45.4290282868009,-0.00123816935209328
1.72005,45.42988,-0.000386456153023573,45.4291310785375,-0.00113537761548967
1.73135,45.42739,-0.00287645615301813,45.4292486802767,-0.00101777587636546
1.74263,45.43067,0.000403543846978494,45.4293716047088,-0.000894851444241796
1.75392,45.42759,-0.00267645615301859,45.4294898491856,-0.000776606967468586
1.76522,45.43082,0.000553543846976368,45.4295938148981,-0.0006726412549154
1.77654,45.43047,0.00020354384697896,45.4296752703945,-0.000591185758568638
1.78786,45.43165,0.00138354384697692,45.4297281958649,-0.000538260288129839
1.7992,45.42801,-0.00225645615302028,45.4297493422404,-0.000517113912619387
1.81052,45.42743,-0.00283645615301964,45.4297384309469,-0.00052802520608906
1.82185,45.43107,0.000803543846977561,45.4296980532548,-0.000568402898257461
1.83316,45.43149,0.00122354384697587,45.4296333832365,-0.00063307291652774
1.84448,45.42851,-0.00175645615301789,45.4295517514809,-0.000714704672075888
1.85582,45.42927,-0.000996456153018244,45.429462041989,-0.000804414164000287
1.86712,45.42979,-0.000476456153023719,45.429373883349,-0.000892572804011606
1.87844,45.42975,-0.000516456153022204,45.4292966822511,-0.000969773901919522
1.88975,45.42977,-0.000496456153022962,45.4292386069174,-0.00102784923563847
1.90107,45.42785,-0.00241645615302133,45.4292056584471,-0.00106079770592346
1.91238,45.42617,-0.00409645615302168,45.4292010029451,-0.00106545320787491
1.9237,45.4301,-0.000166456153017691,45.4292247500214,-0.00104170613163476
1.93502,45.43131,0.00104354384698269,45.4292742754803,-0.000992180672679183
1.9463,45.42902,-0.00124645615301944,45.4293449903265,-0.000921465826547228
1.95756,45.43002,-0.000246456153021768,45.4294312772159,-0.000835178937102278
1.96887,45.43071,0.000443543846976979,45.4295272815915,-0.00073917456150241
1.98016,45.42976,-0.00050645615301903,45.4296273589393,-0.000639097213709255
1.99147,45.42895,-0.00131645615302034,45.4297261511327,-0.000540305020328549
2.00278,45.4278,-0.00246645615302299,45.4298184244978,-0.000448031655182524
2.01411,45.43046,0.000193543846975786,45.4298989051672,-0.000367550985791552
2.02543,45.42894,-0.00132645615302351,45.4299623417246,-0.000304114428374408
2.03677,45.43064,0.000373543846976077,45.4300038999264,-0.000262556226624717
2.04809,45.4317,0.00143354384697858,45.4300198173848,-0.000246638768238511
2.0594,45.42938,-0.000886456153018855,45.4300081147389,-0.000258341414075662
2.07072,45.42999,-0.000276456153024185,45.4299691323624,-0.000297323790594274
2.08206,45.42985,-0.000416456153018885,45.4299057303421,-0.000360725810960913
2.09336,45.43101,0.000743543846979833,45.4298230916296,-0.000443364523416166
2.10468,45.43018,-8.64561530207197e-05,45.4297281448357,-0.000538311317284285
2.116,45.42817,-0.00209645615301923,45.4296286775635,-0.000637778589556739
2.12734,45.43056,0.000293543846979105,45.4295322793786,-0.000734176774414243
2.13865,45.42799,-0.00227645615301952,45.429445328504,-0.000821127649011375
2.14998,45.42721,-0.00305645615301842,45.429372268499,-0.000894187654005811
2.16131,45.42986,-0.000406456153022816,45.4293153730278,-0.000951083125228522
2.17261,45.42979,-0.000476456153023719,45.4292750600309,-0.000991396122093473
2.18392,45.43002,-0.000246456153021768,45.4292506179244,-0.00101583822862245
2.19523,45.43198,0.00171354384698219,45.4292410294833,-0.00102542666971908
2.20654,45.42912,-0.00114645615302322,45.4292455299912,-0.00102092616183451
2.21784,45.42838,-0.00188645615302363,45.4292636603692,-0.00100279578382193
2.22916,45.42955,-0.000716456153021738,45.4292948195456,-0.000971636607422089
2.24048,45.42673,-0.00353645615302156,45.4293375604154,-0.000928895737627617
2.2518,45.4284,-0.00186645615301728,45.4293889905721,-0.000877465580932233
2.26312,45.43253,0.00226354384697913,45.4294445852168,-0.000821870936264438
2.27442,45.42711,-0.00315645615302174,45.4294985400646,-0.000767916088451934
2.28574,45.42933,-0.000936456153020515,45.4295445952951,-0.000721860857923016
2.29704,45.4295,-0.000766456153023398,45.4295771397419,-0.00068931641116501
2.30837,45.43178,0.00151354384698266,45.4295923503213,-0.000674105831756432
2.31967,45.43149,0.00122354384697587,45.4295890806211,-0.000677375531896662
2.33098,45.4289,-0.001366456153022,45.4295692109958,-0.000697245157213666
2.3423,45.43049,0.000223543846978203,45.429537293861,-0.000729162292060603
2.35362,45.42659,-0.00367645615302337,45.429499568103,-0.000766888050035706
2.36495,45.42889,-0.00137645615301807,45.4294626517533,-0.000803804399724527
2.37628,45.4295,-0.000766456153023398,45.4294323178545,-0.000834138298549759
2.38758,45.42944,-0.000826456153021127,45.4294126723792,-0.000853783773864613
2.39889,45.42897,-0.0012964561530211,45.4294058535599,-0.000860602593078825
2.4102,45.43078,0.000513543846977882,45.429412177625,-0.000854278528029164
2.42152,45.42989,-0.000376456153020399,45.4294305451237,-0.000835911029362956
2.43281,45.42953,-0.000736456153020981,45.4294589055698,-0.000807550583177445
2.44414,45.42848,-0.00178645615302031,45.4294946377913,-0.000771818361717084
2.45546,45.42974,-0.000526456153018273,45.4295348040626,-0.000731652090465725
2.46679,45.42958,-0.000686456153019321,45.4295763172571,-0.000690138895937312
2.47812,45.43062,0.000353543846976834,45.4296160772456,-0.000650378907468502
2.4894,45.42874,-0.00152645615302305,45.4296511054168,-0.000615350736194516
2.50074,45.42974,-0.000526456153018273,45.4296786904913,-0.000587765661697489
2.51207,45.42782,-0.00244645615302375,45.4296965737982,-0.000569882354820522
2.52337,45.43108,0.000813543846980735,45.4297032079294,-0.000563248223651763
2.53468,45.43005,-0.000216456153019351,45.4296980738387,-0.000568382314353371
2.546,45.43063,0.000363543846980008,45.4296819525145,-0.000584503638510433
2.55733,45.43086,0.000593543846981959,45.429656992933,-0.000609463220067794
2.56866,45.42742,-0.00284645615302281,45.4296264622596,-0.000639993893435151
2.57999,45.43021,-5.64561530183028e-05,45.4295941941381,-0.000672262014949118
2.59132,45.42928,-0.000986456153022175,45.4295638822965,-0.000702573856539597
2.60266,45.42911,-0.00115645615301929,45.4295384185082,-0.000728037644859595
2.61396,45.43019,-7.64561530175456e-05,45.4295194382553,-0.000747017897679475
2.62527,45.42842,-0.00184645615301804,45.4295071690066,-0.000759287146451153
2.6366,45.42799,-0.00227645615301952,45.4295006190135,-0.000765837139486515
2.64795,45.43138,0.00111354384697648,45.4294980917288,-0.000768364424217145
2.65927,45.42882,-0.00144645615301897,45.42949793305,-0.000768523103020414
2.67059,45.43108,0.000813543846980735,45.4294993222204,-0.000767133932619892
2.68192,45.42934,-0.000926456153017341,45.4295028594939,-0.000763596659128292
2.69326,45.43107,0.000803543846977561,45.4295107345594,-0.000755721593667885
2.70458,45.4287,-0.00156645615302153,45.4295263728263,-0.000740083326763169
2.7159,45.42942,-0.00084645615302037,45.4295536100924,-0.000712846060614267
2.72723,45.42845,-0.00181645615302273,45.4295955925718,-0.000670863581193412
2.73854,45.42918,-0.00108645615301839,45.4296536881234,-0.000612768029648764
2.74986,45.43091,0.000643543846976513,45.4297266887292,-0.000539767423840633
2.76118,45.42947,-0.00079645615301871,45.4298104966225,-0.000455959530538452
2.77248,45.42682,-0.00344645615302142,45.4298983794023,-0.000368076750718148
2.78382,45.43094,0.00067354384697893,45.4299817994296,-0.00028465672338047
2.79515,45.43016,-0.000106456153019963,45.4300517404404,-0.000214715712604284
2.80647,45.43282,0.00255354384697881,45.4301003205011,-0.000166135651949759
2.8178,45.43045,0.000183543846979717,45.430122340622,-0.000144115531001485
2.82911,45.42789,-0.00237645615302284,45.4301163928678,-0.000150063285173857
2.84043,45.43065,0.000383543846979251,45.4300852808208,-0.000181175332263506
2.85175,45.43478,0.00451354384698277,45.4300356845077,-0.000230771645360923
2.86308,45.42764,-0.00262645615302404,45.4299771220162,-0.000289334136800579
2.87441,45.42744,-0.00282645615302357,45.4299203518191,-0.000346104333925393
2.8857,45.42979,-0.000476456153023719,45.4298754981298,-0.00039095802325965
2.89706,45.43108,0.000813543846980735,45.4298502988101,-0.000416157342902739
2.90836,45.4283,-0.0019664561530206,45.4298488396327,-0.000417616520325504
2.91969,45.4308,0.000533543846977125,45.4298709730185,-0.000395483134480936
2.93103,45.42821,-0.00205645615302075,45.4299124653172,-0.000353990835851189
2.94236,45.42852,-0.00174645615302182,45.4299658313287,-0.000300624824355357
2.95367,45.43263,0.00236354384698245,45.4300217394483,-0.000244716704703563
2.965,45.43039,0.000123543846981988,45.4300707556705,-0.000195700482472037
2.97632,45.42964,-0.000626456153021593,45.4301050778608,-0.000161378292196213
2.98764,45.43151,0.00124354384698222,45.4301198798986,-0.000146576254467856
2.99896,45.43249,0.00222354384698065,45.4301139709665,-0.000152485186556743
3.0103,45.42907,-0.00119645615301778,45.4300896353703,-0.000176820782762357
3.0216,45.42904,-0.00122645615302019,45.4300517158456,-0.000214740307419796
3.03293,45.42686,-0.00340645615302293,45.4300062146905,-0.000260241462534729
3.04424,45.43225,0.00198354384698263,45.4299588273335,-0.000307628819478652
3.05556,45.43009,-0.000176456153020865,45.4299137911258,-0.000352665027170943
3.06688,45.42762,-0.00264645615302328,45.4298732528466,-0.000393203306427145
3.07821,45.43188,0.00161354384697887,45.4298371745432,-0.000429281609834663
3.0895,45.42963,-0.000636456153017662,45.4298037020204,-0.00046275413264969
3.10083,45.42757,-0.00269645615301783,45.4297698883599,-0.000496567793074843
3.11212,45.43071,0.000443543846976979,45.4297326462497,-0.000533809903306302
3.12342,45.43159,0.00132354384697919,45.4296897758628,-0.00057668029026065
3.13474,45.42902,-0.00124645615301944,45.4296408729493,-0.000625583203682461
3.14604,45.42939,-0.000876456153022787,45.4295878981365,-0.000678558016547444
3.15735,45.4314,0.00113354384697573,45.4295352363811,-0.000731219771932412
3.16866,45.42972,-0.000546456153017516,45.4294891869084,-0.000777269244654854
3.18,45.42915,-0.00111645615302081,45.4294569502264,-0.000809505926646763
3.19134,45.42668,-0.00358645615302322,45.4294453057872,-0.000821150365817702
3.20262,45.43014,-0.000126456153019205,45.4294592846944,-0.000807171458623074
3.21394,45.43021,-5.64561530183028e-05,45.4295011676229,-0.000765288530164085
3.22526,45.4258,-0.00446645615301833,45.4295700368075,-0.000696419345559208
3.23659,45.43286,0.0025935438469773,45.4296619371839,-0.000604518969085868
3.24792,45.42995,-0.000316456153022671,45.4297705349839,-0.000495921169147756
3.25925,45.43027,3.54384697942578e-06,45.4298880397076,-0.000378416445449136
3.27056,45.43084,0.000573543846982716,45.4300061120339,-0.000260344119150542
3.28188,45.43008,-0.000186456153024039,45.4301165488812,-0.000149907271853553
3.29319,45.42878,-0.00148645615301746,45.4302116852774,-5.47708756250614e-05
3.30451,45.43065,0.000383543846979251,45.4302845967667,1.81406136490125e-05
3.31582,45.42947,-0.00079645615301871,45.4303292589893,6.2802836244449e-05
3.32711,45.43098,0.000713543846977416,45.4303408027599,7.43466068283557e-05
3.33842,45.43073,0.000463543846976222,45.4303159221498,4.94659967308674e-05
3.34974,45.42859,-0.00167645615302092,45.4302534085466,-1.30476063898151e-05
3.36106,45.42844,-0.0018264561530188,45.4301547323086,-0.0001117238443859
3.37239,45.43353,0.0032635438469768,45.4300245517324,-0.000241904420671284
3.38373,45.43165,0.00138354384697692,45.4298709532995,-0.000395502853545974
3.39503,45.43082,0.000553543846976368,45.4297051566086,-0.000561299544374156
3.40634,45.42819,-0.00207645615301999,45.4295404791537,-0.000725976999338468
3.41768,45.42909,-0.00117645615301853,45.4293906042888,-0.000875851864212523
3.429,45.42768,-0.00258645615301845,45.429267503173,-0.000998952980038738
3.44031,45.42668,-0.00358645615302322,45.4291795381305,-0.00108691802247573
3.4516,45.43105,0.000783543846978318,45.4291302361591,-0.00113621999392007
3.46291,45.42843,-0.00183645615302197,45.4291180109846,-0.00114844516841364
3.47424,45.42787,-0.00239645615302209,45.4291368402185,-0.00112961593455152
3.48556,45.4312,0.000933543846976193,45.4291776829796,-0.00108877317338669
3.49688,45.42938,-0.000886456153018855,45.4292303011918,-0.00103615496126419
3.50818,45.43006,-0.000206456153023282,45.4292851083285,-0.000981347824537046
3.51948,45.42943,-0.000836456153017195,45.4293347008287,-0.000931755324326625
3.5308,45.42894,-0.00132645615302351,45.4293748310947,-0.000891625058352339
3.54212,45.43105,0.000783543846978318,45.429404722244,-0.00086173390898891
3.55343,45.42879,-0.00147645615302139,45.4294267498396,-0.000839706313396831
3.56476,45.42908,-0.00118645615302171,45.4294456094359,-0.000820846717166776
3.57608,45.42803,-0.00223645615302104,45.429467165227,-0.000799290925983041
3.58738,45.42915,-0.00111645615302081,45.429497221215,-0.000769234938062561
3.59872,45.43147,0.00120354384697663,45.4295404293133,-0.000726026839707184
3.61005,45.42945,-0.000816456153017953,45.4295994463632,-0.000667009789795104
3.62139,45.43028,1.35438469825999e-05,45.4296743510139,-0.000592105139093112
3.63271,45.42705,-0.00321645615301946,45.4297623177594,-0.000504138393620282
3.64403,45.4303,3.35438469818428e-05,45.4298576102486,-0.000408845904426783
3.65533,45.42997,-0.000296456153023428,45.4299519971233,-0.000314459029710216
3.66663,45.42963,-0.000636456153017662,45.430035632352,-0.000230823800997585
3.67794,45.43082,0.000553543846976368,45.4300983080194,-0.000168148133626951
3.68926,45.43163,0.00136354384697768,45.4301308710338,-0.000135585119251413
3.70059,45.42934,-0.000926456153017341,45.4301265551979,-0.000139900955143946
3.71191,45.42944,-0.000826456153021127,45.430082023225,-0.000184432927979552
3.72322,45.43019,-7.64561530175456e-05,45.4299980076556,-0.00026844849744425
3.73454,45.42993,-0.000336456153021913,45.4298795208805,-0.000386935272541837
3.74586,45.43071,0.000443543846976979,45.4297356227512,-0.000530833401840393
3.75718,45.43066,0.000393543846982425,45.4295787116752,-0.000687744477834318
3.76848,45.42905,-0.00121645615302413,45.4294233122903,-0.00084314386269005
3.7798,45.43014,-0.000126456153019205,45.4292844141508,-0.000982042002199045
3.79113,45.42694,-0.00332645615301885,45.4291755530539,-0.00109090309917051
3.80245,45.42812,-0.00214645615302089,45.4291069545682,-0.00115950158479092
3.81377,45.42919,-0.00107645615302232,45.4290841029704,-0.00118235318260373
3.82509,45.43041,0.000143543846981231,45.4291070181728,-0.0011594379802472
3.8364,45.42743,-0.00283645615301964,45.4291703555357,-0.0010961006173603
3.84774,45.42884,-0.00142645615301973,45.4292642854762,-0.00100217067678239
3.85906,45.42944,-0.000826456153021127,45.4293760187496,-0.000890437403433962
3.87038,45.43047,0.00020354384697896,45.4294917825953,-0.000774673557721926
3.8817,45.42979,-0.000476456153023719,45.4295989762593,-0.00066747989368788
3.89304,45.42923,-0.00103645615302383,45.429688169994,-0.000578286159043346
3.90436,45.43164,0.00137354384698085,45.4297546125893,-0.000511843563728936
3.91566,45.43002,-0.000246456153021768,45.4297989790419,-0.000467477111153395
3.92698,45.43095,0.000683543846982104,45.4298271938901,-0.000439262262910915
3.93832,45.42975,-0.000516456153022204,45.4298493046522,-0.000417151500796225
3.94962,45.42944,-0.000826456153021127,45.4298775574872,-0.000388898665817622
3.96096,45.42877,-0.00149645615302063,45.4299240093009,-0.000342446852151195
3.97229,45.42833,-0.00193645615301818,45.4299981327917,-0.000268323361309419
3.9836,45.43026,-6.45615302374836e-06,45.4301048783106,-0.00016157784239387
3.99492,45.43028,1.35438469825999e-05,45.4302435346012,-2.29215518062163e-05
4.00626,45.42997,-0.000296456153023428,45.4304075243798,0.000141068226822356
4.01758,45.43146,0.00119354384698056,45.4305850666284,0.000318610475412813
4.02891,45.43098,0.000713543846977416,45.4307605043716,0.000494048218629042
4.04024,45.43085,0.000583543846978785,45.4309160490938,0.000649592940804078
4.05154,45.43148,0.0012135438469798,45.431033710835,0.000767254682019569
4.06282,45.43008,-0.000186456153024039,45.4310972381639,0.000830782010842698
4.07415,45.4299,-0.000366456153017225,45.4310939492336,0.000827493080563382
4.08545,45.4322,0.00193354384698097,45.4310163535877,0.000749897434715639
4.09677,45.43296,0.00269354384698062,45.4308634221016,0.000596965948576396
4.10809,45.42968,-0.000586456153023107,45.430641293034,0.000374836881019218
4.11941,45.43031,4.35438469779115e-05,45.4303631899894,9.67338364185722e-05
4.13073,45.43382,0.00355354384697648,45.430048420577,-0.000218035575973122
4.14202,45.42847,-0.00179645615302348,45.4297204840275,-0.000545972125519399
4.15335,45.42592,-0.00434645615302287,45.4294044933668,-0.000861962786228325
4.16465,45.4308,0.000533543846977125,45.4291242924477,-0.00114216370529977
4.17594,45.42825,-0.00201645615302226,45.4288997546944,-0.00136670145857311
4.18727,45.42785,-0.00241645615302133,45.4287447090876,-0.00152174706539617
4.19861,45.42738,-0.0028864561530213,45.4286657827348,-0.00160067341825338
4.20993,45.42826,-0.00200645615301909,45.428662279674,-0.00160417647905533
4.22123,45.43034,7.35438469803285e-05,45.4287270586847,-0.00153939746833834
4.23254,45.42717,-0.00309645615302401,45.4288482049231,-0.00141825122995613
4.24386,45.43184,0.00157354384698039,45.4290111407873,-0.00125531536575344
4.2552,45.42918,-0.00108645615301839,45.4292007526067,-0.00106570354629638
4.26651,45.42994,-0.000326456153018739,45.4294031450011,-0.000863311151881275
4.27782,45.43065,0.000383543846979251,45.429606759221,-0.000659696932065117
4.28913,45.42905,-0.00121645615302413,45.4298027738708,-0.000463682282258242
4.30046,45.42844,-0.0018264561530188,45.4299848972962,-0.000281558856867716
4.31175,45.43033,6.35438469771543e-05,45.4301488022569,-0.00011765389607922
4.32307,45.42905,-0.00121645615302413,45.4302914954349,2.50392818750464e-05
4.33436,45.43183,0.00156354384697721,45.4304108414152,0.000144385262200835
4.34565,45.43106,0.000793543846981493,45.4305053188455,0.000238862692463506
4.35698,45.42975,-0.000516456153022204,45.4305739635215,0.000307507368473779
4.36831,45.43052,0.000253543846980619,45.430616412956,0.000349956802994475
4.3796,45.43123,0.00096354384697861,45.4306329994189,0.00036654326588785
4.39089,45.42865,-0.00161645615302319,45.4306248794257,0.000358423272631667
4.40224,45.43265,0.00238354384698169,45.4305941886857,0.000327732532664167
4.41356,45.43,-0.000266456153021011,45.4305441751283,0.000277718975291571
4.42486,45.4327,0.00243354384697625,45.4304792231877,0.000212767034720081
4.43619,45.42822,-0.00204645615301757,45.4304046846372,0.000138228484140157
4.44752,45.43111,0.000843543846976047,45.430326500792,6.00446389957912e-05
4.45884,45.42863,-0.00163645615302244,45.4302507041934,-1.57519596107767e-05
4.47018,45.43027,3.54384697942578e-06,45.4301829471228,-8.35090302636811e-05
4.48153,45.42961,-0.00065645615302401,45.4301281707051,-0.00013828544794853
4.49284,45.4332,0.00293354384697864,45.430090422092,-0.000176034061061011
4.50416,45.42918,-0.00108645615301839,45.4300727185367,-0.000193737616359805
4.51546,45.43054,0.000273543846979862,45.4300768280101,-0.000189628142904885
4.52677,45.42905,-0.00121645615302413,45.4301029226885,-0.000163533464517382
4.53806,45.42921,-0.00105645615302308,45.4301492068681,-0.000117249284912994
4.54939,45.42976,-0.00050645615301903,45.4302117136862,-5.47424668305586e-05
4.56072,45.43055,0.000283543846975931,45.4302844396356,1.7983482584414e-05
4.57203,45.43194,0.0016735438469766,45.4303598653785,9.34092254706459e-05
4.58334,45.42918,-0.00108645615301839,45.4304297774063,0.00016332125328379
4.59464,45.42937,-0.000896456153022029,45.4304862361816,0.000219780028551649
4.60596,45.43311,0.00284354384697849,45.4305225431764,0.000256087023355906
4.61728,45.4295,-0.000766456153023398,45.4305340840872,0.00026762793416843
4.62861,45.43024,-2.64561530229912e-05,45.4305189312851,0.000252475132060148
4.63994,45.43131,0.00104354384698269,45.430478102079,0.000211645925950261
4.65125,45.43007,-0.000196456153020108,45.4304154100441,0.000148953891052322
4.66254,45.4329,0.00263354384697578,45.4303368908437,7.04346906516941e-05
4.67385,45.42928,-0.000986456153022175,45.4302498292149,-1.66269381251608e-05
4.68516,45.42912,-0.00114645615302322,45.430161498023,-0.000104958130059036
4.69647,45.42831,-0.00195645615301743,45.4300778465216,-0.000188609631388268
4.70779,45.42889,-0.00137645615301807,45.4300024641326,-0.000263992020462382
4.71912,45.43276,0.00249354384698108,45.4299361005249,-0.000330355628079372
4.73043,45.42789,-0.00237645615302284,45.4298768398525,-0.000389616300521464
4.74174,45.43024,-2.64561530229912e-05,45.4298208212321,-0.000445634920890336
4.75302,45.4303,3.35438469818428e-05,45.4297632826674,-0.000503173485597192
4.76431,45.43015,-0.000116456153023137,45.4296996856662,-0.000566770486790381
4.77562,45.43103,0.000763543846979076,45.4296266955919,-0.00063976056111178
4.78692,45.42901,-0.00125645615302261,45.4295428364464,-0.000723619706591179
4.79825,45.42802,-0.00224645615302421,45.4294487327096,-0.000817723443447567
4.8096,45.43012,-0.000146456153018448,45.4293469749677,-0.000919481185333714
4.82093,45.42964,-0.000626456153021593,45.4292417299891,-0.00102472616388896
4.83227,45.42893,-0.00133645615301958,45.4291382194342,-0.00112823671880719
4.84358,45.42784,-0.0024264561530174,45.4290421532019,-0.00122430295110919
4.85492,45.43011,-0.000156456153021622,45.4289591802566,-0.00130727589646627
4.86621,45.42863,-0.00163645615302244,45.4288944109296,-0.00137204522340408
4.87753,45.42814,-0.00212645615302165,45.4288520422101,-0.00141441394292898
4.88884,45.42864,-0.00162645615301926,45.4288350860277,-0.00143137012529928
4.90017,45.43068,0.000413543846981668,45.4288451752144,-0.00142128093857246
4.91146,45.42929,-0.000976456153019001,45.4288824007439,-0.00138405540916997
4.9228,45.42758,-0.00268645615302177,45.4289451339508,-0.00132132220226285
4.93412,45.42902,-0.00124645615301944,45.4290298425576,-0.00123661359537342
4.94544,45.42872,-0.00154645615302229,45.4291309977956,-0.00113545835737157
4.95675,45.42955,-0.000716456153021738,45.429241213914,-0.00102524223906355
4.96808,45.42746,-0.00280645615301722,45.4293517228937,-0.000914733259306028
4.97941,45.43162,0.00135354384698161,45.4294532010733,-0.000813255079759573
4.99072,45.42719,-0.00307645615301766,45.4295368732844,-0.000729582868586501
5.00203,45.43135,0.00108354384698117,45.4295957384838,-0.00067071766925123
5.01331,45.4302,-6.64561530214769e-05,45.429625697474,-0.000640758679005246
5.02462,45.4313,0.00103354384697951,45.4296263359699,-0.000640120183121868
5.03594,45.42947,-0.00079645615301871,45.4296011532231,-0.000665302929960218
5.04725,45.42762,-0.00264645615302328,45.4295571505334,-0.00070930561965529
5.05858,45.42981,-0.000456456153017371,45.4295038726334,-0.000762583519664929
5.06989,45.42952,-0.000746456153024155,45.4294521294607,-0.000814326692310538
5.08119,45.42934,-0.000926456153017341,45.4294126399412,-0.000853816211815044
5.09248,45.43075,0.00048354384698257,45.4293947627865,-0.000871693366503344
5.1038,45.42749,-0.00277645615302191,45.4294054069114,-0.00086104924165479
5.11514,45.43005,-0.000216456153019351,45.4294482003058,-0.000818255847232861
5.12644,45.4283,-0.0019664561530206,45.4295230153894,-0.000743440763595698
5.13777,45.43075,0.00048354384698257,45.4296259424514,-0.000640513701600311
5.14909,45.42831,-0.00195645615301743,45.4297497453994,-0.000516710753625936
5.16042,45.43223,0.00196354384697628,45.4298847530666,-0.000381703086414398
5.17173,45.42735,-0.00291645615302372,45.4300200779078,-0.000246378245212929
5.18302,45.43059,0.000323543846981522,45.4301450289321,-0.000121427220886807
5.19432,45.42963,-0.000636456153017662,45.4302505751249,-1.58810281167998e-05
5.20566,45.43282,0.00255354384697881,45.4303306786715,6.42225184776711e-05
5.21696,45.43065,0.000383543846979251,45.4303832511161,0.000116794963062481
5.22825,45.43184,0.00157354384698039,45.4304104586397,0.000144002486656086
5.23958,45.43198,0.00171354384698219,45.4304181945924,0.000151738439386417
5.25092,45.42648,-0.00378645615302275,45.4304147527166,0.000148296563544681
5.26225,45.43056,0.000293543846979105,45.4304089909778,0.000142534824784701
5.27356,45.42947,-0.00079645615301871,45.4304084487876,0.000141992634580416
5.28488,45.42915,-0.00111645615302081,45.4304178708117,0.000151414658634265
5.2962,45.4333,0.00303354384698196,45.430438405992,0.000171949838935204
5.30754,45.43056,0.000293543846979105,45.4304675099681,0.000201053815050678
5.31886,45.42879,-0.00147645615302139,45.4304994198228,0.000232963669771564
5.33021,45.43013,-0.00013645615302238,45.4305260501058,0.000259593952813489
5.34152,45.43091,0.000643543846976513,45.4305382191714,0.000271763018418047
5.35283,45.42948,-0.000786456153022641,45.4305271356616,0.000260679508553117
5.36413,45.43214,0.00187354384697613,45.4304860049097,0.000219548756644231
5.37545,45.43023,-3.64561530190599e-05,45.4304115112775,0.000145055124431944
5.38677,45.43209,0.00182354384698158,45.4303048750025,3.84188495033853e-05
5.39811,45.43106,0.000793543846981493,45.4301722101421,-9.42460108733694e-05
5.40943,45.42918,-0.00108645615301839,45.4300240293727,-0.000242426780369573
5.42072,45.42963,-0.000636456153017662,45.4298739288009,-0.000392527352125926
5.43201,45.42974,-0.000526456153018273,45.4297366801696,-0.000529775983401918
5.44332,45.42896,-0.00130645615302427,45.4296260832917,-0.000640372861282146
5.45463,45.42812,-0.00214645615302089,45.4295529540037,-0.000713502149282463
5.46596,45.43025,-1.64561530198171e-05,45.4295235631113,-0.00074289304168306
5.47729,45.42908,-0.00118645615302171,45.429538731948,-0.000727724205062675
5.48861,45.43034,7.35438469803285e-05,45.4295936565125,-0.000672799640571086
5.49995,45.42928,-0.000986456153022175,45.4296784150037,-0.00058804114936977
5.51128,45.42856,-0.00170645615302334,45.4297790506011,-0.000487405551915267
5.5226,45.43092,0.000653543846979687,45.4298791049574,-0.000387351195611776
5.5339,45.42917,-0.00109645615302156,45.4299614623685,-0.000304993784485551
5.54522,45.43077,0.000503543846981813,45.4300103215722,-0.000256134580815115
5.55654,45.43114,0.000873543846978464,45.4300130613237,-0.000253394829329327
5.56787,45.43065,0.000383543846979251,45.4299617501237,-0.000304706029358471
5.57921,45.42831,-0.00195645615301743,45.4298540990975,-0.000412357055472615
5.5905,45.42928,-0.000986456153022175,45.4296937638312,-0.000572692321822281
5.60182,45.43103,0.000763543846979076,45.4294900104568,-0.000776445696197454
5.61315,45.4313,0.00103354384697951,45.4292568090345,-0.00100964711849738
5.62448,45.42692,-0.0033464561530181,45.4290114189167,-0.00125503723633129
5.63579,45.42833,-0.00193645615301818,45.4287725744941,-0.00149388165893231
5.6471,45.42741,-0.00285645615301888,45.4285584884277,-0.00170796772536935
5.6584,45.42976,-0.00050645615301903,45.4283849647427,-0.00188149141035518
5.66974,45.42842,-0.00184645615301804,45.4282638708751,-0.00200258527791514
5.68108,45.42609,-0.00417645615301865,45.4282021019699,-0.00206435418317121
5.69239,45.43104,0.00077354384698225,45.4282010846653,-0.00206537148767347
5.70372,45.42559,-0.00467645615302104,45.4282568396612,-0.00200961649178128
5.71503,45.42694,-0.00332645615301885,45.4283606098704,-0.00190584628264946
5.72634,45.43019,-7.64561530175456e-05,45.4285000219435,-0.0017664342094838
5.73767,45.42879,-0.00147645615302139,45.4286606604088,-0.00160579574423046
5.74901,45.43179,0.00152354384697873,45.4288278104357,-0.00143864571733207
5.76034,45.42716,-0.00310645615302008,45.4289880530102,-0.00127840314284499
5.77165,45.42814,-0.00212645615302165,45.429130461226,-0.00113599492705491
5.78298,45.43163,0.00136354384697768,45.4292473157912,-0.00101914036180051
5.79429,45.42733,-0.00293645615302296,45.4293344056115,-0.000932050541521512
5.80561,45.42874,-0.00152645615302305,45.4293910321332,-0.000875424019813647
5.81692,45.42893,-0.00133645615301958,45.4294198203203,-0.0008466358327007
5.82821,45.43117,0.000903543846980881,45.4294263857831,-0.000840070369949555
5.83952,45.4296,-0.000666456153020079,45.4294188173708,-0.000847638782189324
5.85084,45.43075,0.00048354384698257,45.4294068505202,-0.000859605632773921
5.86216,45.43119,0.000923543846980124,45.4294006137207,-0.000865842432283809
5.87346,45.42751,-0.00275645615302267,45.4294089651536,-0.000857490999466252
5.88478,45.4278,-0.00246645615302299,45.4294376534168,-0.000828802736207053
5.89611,45.42725,-0.00301645615301993,45.429487733628,-0.000778722525043286
5.90741,45.42921,-0.00105645615302308,45.429554723413,-0.000711732739983429
5.91871,45.43167,0.00140354384697616,45.429628822198,-0.000637633954990373
5.93005,45.42918,-0.00108645615301839,45.4296962113641,-0.00057024478890117
5.94134,45.42892,-0.00134645615302276,45.4297411756139,-0.000525280539109967
5.95269,45.42884,-0.00142645615301973,45.4297486584196,-0.000517797733390176
5.96401,45.43386,0.00359354384698207,45.4297068544562,-0.000559601696788477
5.97534,45.4288,-0.00146645615301821,45.4296094528447,-0.000657003308310718
5.98668,45.42817,-0.00209645615301923,45.4294571706824,-0.000809285470590795
5.99802,45.4315,0.00123354384697905,45.4292583191228,-0.0010081370302376
6.00933,45.43063,0.000363543846980008,45.4290283118437,-0.00123814430935986
6.02064,45.42632,-0.0039464561530238,45.4287881840049,-0.00147827214817117
6.03196,45.42698,-0.00328645615302037,45.4285623232916,-0.0017041328613836
6.04328,45.43058,0.000313543846978348,45.4283757292894,-0.00189072686365937
6.05459,45.42962,-0.000646456153020836,45.428251156631,-0.00201529952202159
6.06593,45.42552,-0.00474645615302194,45.4282064425185,-0.00206001363452937
6.07725,45.42786,-0.00240645615301815,45.4282522670509,-0.00201418910215277
6.08859,45.42816,-0.00210645615302241,45.4283906054231,-0.00187585072990301
6.0999,45.42821,-0.00205645615302075,45.4286141235379,-0.00165233261508704
6.11125,45.42725,-0.00301645615301993,45.4289066610508,-0.00135979510218138
6.12259,45.43092,0.000653543846979687,45.4292447712691,-0.00102168488387618
6.1339,45.42922,-0.0010464561530199,45.4296001161848,-0.000666339968256029
6.14522,45.43096,0.000693543846978173,45.4299423832004,-0.000324072952592407
6.15655,45.4314,0.00113354384697573,45.4302423260992,-2.41300538297859e-05
6.16789,45.42916,-0.00110645615301763,45.4304745614025,0.000208105249458138
6.17921,45.43009,-0.000176456153020865,45.4306198561459,0.000353399992918646
6.19054,45.43246,0.00219354384697823,45.430666762301,0.000400306147963795
6.20185,45.43047,0.00020354384697896,45.4306125241665,0.000346068013448884
6.21316,45.43083,0.000563543846979542,45.430463206647,0.000196750493944984
6.22447,45.42973,-0.000536456153021447,45.4302330233822,-3.34327708175713e-05
6.23576,45.42927,-0.000996456153018244,45.4299429170245,-0.000323539128498586
6.24707,45.43164,0.00137354384698085,45.429618519952,-0.000647936201038642
6.25838,45.42996,-0.000306456153019496,45.4292876589745,-0.000978797178503301
6.26972,45.42715,-0.00311645615302325,45.4289775869032,-0.00128886924978276
6.28104,45.42934,-0.000926456153017341,45.4287121826844,-0.00155427346863705
6.29233,45.42722,-0.00304645615302235,45.4285094524697,-0.00175700368329819
6.30366,45.42628,-0.00398645615302229,45.428379708472,-0.00188674768098751
6.31496,45.42828,-0.00198645615301984,45.4283247396023,-0.00194171655070722
6.32629,45.43028,1.35438469825999e-05,45.4283381196819,-0.00192833647115516
6.33759,45.42765,-0.00261645615302086,45.4284065766358,-0.00185987951726233
6.34893,45.42756,-0.00270645615302101,45.4285121590159,-0.00175429713715781
6.36026,45.4293,-0.000966456153022932,45.4286348561864,-0.0016315999665989
6.37158,45.42931,-0.000956456153019758,45.4287553304707,-0.00151112568233043
6.38292,45.42982,-0.000446456153021302,45.4288574273905,-0.0014090287624833
6.39423,45.43001,-0.000256456153017837,45.4289301350128,-0.00133632114024786
6.40552,45.42873,-0.00153645615301912,45.4289687225473,-0.00129773360567405
6.41686,45.42756,-0.00270645615302101,45.4289749265513,-0.00129152960174435
6.42818,45.43024,-2.64561530229912e-05,45.4289562201493,-0.00131023600371282
6.4395,45.43138,0.00111354384697648,45.4289243202774,-0.00134213587561629
6.45086,45.4271,-0.0031664561530178,45.4288931431629,-0.0013733129900917
6.46216,45.42786,-0.00240645615301815,45.4288764745465,-0.00138998160650354
6.47347,45.42669,-0.00357645615302005,45.4288857203569,-0.00138073579611078
6.48477,45.42856,-0.00170645615302334,45.428928165499,-0.001338290654043
6.49608,45.42988,-0.000386456153023573,45.4290060762663,-0.00126037988669989
6.50738,45.42983,-0.000436456153018128,45.4291167413282,-0.00114971482481049
6.51872,45.42756,-0.00270645615302101,45.4292532919619,-0.00101316419106938
6.53002,45.43229,0.00202354384698111,45.4294059988264,-0.00086045732663779
6.54134,45.43043,0.000163543846980474,45.4295637268148,-0.000702729338256851
6.55264,45.42822,-0.00204645615301757,45.4297152967446,-0.00055115940837301
6.56397,45.42796,-0.00230645615302194,45.429850626088,-0.00041583006505758
6.57529,45.42989,-0.000376456153020399,45.4299616580324,-0.00030479812062973
6.58664,45.43193,0.00166354384698053,45.4300431385202,-0.000223317632773555
6.59795,45.4294,-0.000866456153019612,45.4300932113573,-0.000173244795710372
6.60926,45.43377,0.00350354384698193,45.430113666128,-0.000152790025012
6.62056,45.42746,-0.00280645615301722,45.4301096406792,-0.000156815473851096
6.63189,45.43089,0.00062354384697727,45.4300886974055,-0.00017775874755556
6.64323,45.43179,0.00152354384697873,45.4300593867758,-0.000207069377228574
6.65454,45.42626,-0.00400645615302153,45.4300295776977,-0.000236878455347964
6.66584,45.43037,0.000103543846982745,45.4300049202667,-0.000261535886305611
6.67715,45.42857,-0.00169645615302016,45.4299878056798,-0.000278650473240679
6.68846,45.43,-0.000266456153021011,45.4299770874796,-0.000289368673416434
6.6998,45.43143,0.00116354384697814,45.4299686314062,-0.000297824746805944
6.71114,45.42887,-0.00139645615301731,45.4299565403438,-0.000309915809177836
6.72248,45.42955,-0.000716456153021738,45.4299347511804,-0.000331704972601554
6.7338,45.43275,0.00248354384697791,45.4298986512912,-0.000367804861816586
6.74513,45.42957,-0.000696456153022496,45.4298463776415,-0.000420078511517643
6.75644,45.43004,-0.000226456153022525,45.4297795182514,-0.00048693790158437
6.76776,45.43106,0.000793543846981493,45.4297030533322,-0.000563402820779405
6.77907,45.42885,-0.00141645615302366,45.4296245500956,-0.00064190605739279
6.79042,45.42754,-0.00272645615302025,45.4295528079142,-0.000713648238854518
6.80172,45.4297,-0.000566456153023864,45.4294962785425,-0.000770177610476908
6.81301,45.42987,-0.000396456153019642,45.4294616152214,-0.000804840931572345
6.82433,45.42826,-0.00200645615301909,45.4294526220399,-0.000813834113169284
6.83563,45.43089,0.00062354384697727,45.4294697327474,-0.000796723405580775
6.84697,45.42738,-0.0028864561530213,45.4295100273142,-0.000756428838832986
6.85829,45.43117,0.000903543846980881,45.4295677247718,-0.000698731381241324
6.86964,45.42912,-0.00114645615302322,45.4296350474872,-0.000631408665791344
6.88096,45.42969,-0.000576456153019933,45.4297033138088,-0.00056314234421287
6.89225,45.43008,-0.000186456153024039,45.4297640897522,-0.000502366400794314
6.90358,45.43039,0.000123543846981988,45.4298102275505,-0.000456228602569336
6.9149,45.43083,0.000563543846979542,45.4298366385439,-0.000429817609089619
6.9262,45.42973,-0.000536456153021447,45.4298406930701,-0.000425763082898836
6.93752,45.42928,-0.000986456153022175,45.4298222238317,-0.000444232321273378
6.94881,45.42739,-0.00287645615301813,45.4297832201042,-0.000483236048837628
6.96014,45.43159,0.00132354384697919,45.4297273785644,-0.000539077588663149
6.97146,45.4289,-0.001366456153022,45.4296596583257,-0.000606797827325669
6.98281,45.43163,0.00136354384697768,45.4295858811517,-0.000680575001292549
6.99415,45.42842,-0.00184645615301804,45.4295123146289,-0.000754141524112897
7.00547,45.42899,-0.00127645615302185,45.4294451616023,-0.000821294550690673
7.01681,45.43046,0.000193543846975786,45.4293899460108,-0.000876510142256375
7.02811,45.42976,-0.00050645615301903,45.4293508598505,-0.000915596302548302
7.03945,45.42807,-0.00219645615302255,45.4293301751538,-0.000936280999263609
7.05079,45.42789,-0.00237645615302284,45.4293278466203,-0.000938609532683969
7.06212,45.42975,-0.000516456153022204,45.4293414425458,-0.000925013607238442
7.07344,45.42979,-0.000476456153023719,45.4293665000337,-0.000899956119275316
7.08476,45.42858,-0.0016864561530241,45.4293972836805,-0.000869172472477514
7.09609,45.43008,-0.000186456153024039,45.4294277923421,-0.000838663810936385
7.10739,45.43071,0.000443543846976979,45.4294527757955,-0.000813680357552462
7.1187,45.4311,0.000833543846979978,45.4294685086154,-0.000797947537631523
7.13002,45.42847,-0.00179645615302348,45.4294731222359,-0.000793333917117746
7.14134,45.42811,-0.00215645615302407,45.429466427978,-0.000800028175065214
7.15266,45.43099,0.00072354384698059,45.4294493385106,-0.000817117642411061
7.16397,45.42767,-0.00259645615302162,45.4294231192357,-0.000843336917339723
7.1753,45.42886,-0.00140645615302049,45.4293887157398,-0.000877740413181138
7.18662,45.43029,2.35438469786686e-05,45.4293463367979,-0.000920119355097955
7.19794,45.42931,-0.000956456153019758,45.4292953767355,-0.000971079417476923
7.20926,45.4288,-0.00146645615301821,45.4292346685587,-0.00103178759435587
7.22059,45.42833,-0.00193645615301818,45.4291629990333,-0.00110345711973688
7.23189,45.42854,-0.00172645615302258,45.4290797947339,-0.00118666141914598
7.24324,45.43132,0.00105354384697876,45.4289858627987,-0.00128059335433705
7.25457,45.42931,-0.000956456153019758,45.4288840133303,-0.00138244282270376
7.26587,45.42879,-0.00147645615302139,45.428779350189,-0.00148710596400481
7.27718,45.42905,-0.00121645615302413,45.428679069036,-0.00158738711705393
7.2885,45.42697,-0.00329645615302354,45.4285917459985,-0.00167471015450114
7.2998,45.43015,-0.000116456153023137,45.4285262515027,-0.00174020465030755
7.31113,45.42801,-0.00225645615302028,45.4284905034631,-0.00177595268988568
7.32242,45.42631,-0.00395645615301987,45.4284902797683,-0.00177617638471267
7.33376,45.42938,-0.000886456153018855,45.4285282816998,-0.0017381744532447
7.34507,45.42933,-0.000936456153020515,45.428603588775,-0.00166286737797922
7.35639,45.42825,-0.00201645615302226,45.4287115599905,-0.00155489616253595
7.36772,45.42992,-0.000346456153017982,45.4288441474056,-0.00142230874742422
7.37904,45.42673,-0.00353645615302156,45.4289905546305,-0.00127590152255207
7.39035,45.42928,-0.000986456153022175,45.4291381964608,-0.0011282596922154
7.40164,45.42959,-0.000676456153023253,45.4292739298198,-0.000992526333209935
7.41296,45.43094,0.00067354384697893,45.4293854778366,-0.000880978316375007
7.42429,45.42802,-0.00224645615302421,45.4294628850937,-0.00080357105930099
7.43563,45.4296,-0.000666456153020079,45.429499798544,-0.000766657609019964
7.44696,45.42952,-0.000746456153024155,45.4294943931416,-0.000772063011436779
7.45829,45.43128,0.00101354384698027,45.4294498023426,-0.000816653810424423
7.46962,45.43045,0.000183543846979717,45.4293739309711,-0.000892525181905713
7.48094,45.42888,-0.00138645615302124,45.4292785644357,-0.000987891717277054
7.49228,45.42908,-0.00118645615302171,45.4291778078294,-0.00108864832361792
7.5036,45.4287,-0.00156645615302153,45.4290860750654,-0.00118038108763619
7.51489,45.42578,-0.00448645615301757,45.4290160087554,-0.00125044739765631
7.52622,45.42967,-0.000596456153019176,45.4289767580309,-0.00128969812209376
7.53754,45.43073,0.000463543846976222,45.4289729436562,-0.00129351249683423
7.54886,45.42733,-0.00293645615302296,45.4290044396239,-0.00126201652916525
7.5602,45.42793,-0.00233645615301725,45.4290669037151,-0.00119955243787151
7.57152,45.42981,-0.000456456153017371,45.4291528781562,-0.00111357799685957
7.58286,45.43195,0.00168354384697977,45.4292532271189,-0.00101322903412811
7.59418,45.43059,0.000323543846981522,45.4293586250599,-0.000907831093132992
7.60552,45.42618,-0.0040864561530185,45.4294608066394,-0.000805649513597612
7.61684,45.42976,-0.00050645615301903,45.4295534091306,-0.000713047022400891
7.62817,45.43068,0.000413543846981668,45.4296324156425,-0.000634040510474199
7.63948,45.42956,-0.000706456153018564,45.429696289834,-0.000570166319067787
7.65081,45.4301,-0.000166456153017691,45.4297458479688,-0.000520608184190618
7.66212,45.43018,-8.64561530207197e-05,45.4297838544671,-0.000482601685962543
7.67342,45.42936,-0.000906456153018098,45.429814338702,-0.00045211745103454
7.68471,45.43032,5.35438469810856e-05,45.4298416939862,-0.000424762166843718
7.69603,45.42966,-0.00060645615302235,45.4298696831828,-0.000396772970199188
7.70735,45.43031,4.35438469779115e-05,45.4299005181357,-0.000365938017328644
7.71867,45.42724,-0.0030264561530231,45.429934203945,-0.000332252208044841
7.73002,45.42939,-0.000876456153022787,45.4299683384793,-0.000298117673691945
7.74132,45.43096,0.000693543846978173,45.4299984991461,-0.000267957006917554
7.75265,45.43018,-8.64561530207197e-05,45.4300192041345,-0.00024725201850986
7.76397,45.43056,0.000293543846979105,45.4300252470716,-0.000241209081444181
7.77528,45.42986,-0.000406456153022816,45.4300130740386,-0.000253382114458791
7.78662,45.43211,0.00184354384698082,45.4299818581182,-0.000284598034847568
7.79795,45.43094,0.00067354384697893,45.4299340049455,-0.000332451207516258
7.80929,45.42848,-0.00178645615302031,45.4298749583011,-0.000391497851959261
7.82063,45.42799,-0.00227645615301952,45.4298123558293,-0.000454100323719047
7.83195,45.43113,0.000863543846982395,45.4297547621574,-0.000511693995596541
7.84328,45.43109,0.000823543846976804,45.4297102866717,-0.000556169481312304
7.85459,45.4264,-0.00386645615301973,45.4296853513402,-0.000581104812771901
7.8659,45.42845,-0.00181645615302273,45.429683794506,-0.000582661647007332
7.87722,45.43172,0.00145354384697782,45.4297064338356,-0.000560022317421805
7.88854,45.43072,0.000453543846980153,45.4297511140396,-0.000515342113451457
7.89984,45.42942,-0.00084645615302037,45.4298131164561,-0.000453339696924662
7.91113,45.43161,0.00134354384697843,45.4298857154654,-0.000380740687592147
7.92246,45.42799,-0.00227645615301952,45.4299607185961,-0.000305737556927255
7.9338,45.43079,0.000523543846981056,45.4300289722676,-0.000237483885415422
7.94513,45.42667,-0.00359645615301929,45.4300809400648,-0.00018551608819216
7.95644,45.43082,0.000553543846976368,45.430107487904,-0.000158968249017337
7.96779,45.43181,0.00154354384697797,45.4301009138917,-0.000165542261320793
7.97912,45.43116,0.000893543846977707,45.4300560773739,-0.000210378779097623
7.99045,45.43066,0.000393543846982425,45.4299713275381,-0.000295128614956964
8.00178,45.4296,-0.000666456153020079,45.4298489297492,-0.000417526403798567
8.0131,45.42944,-0.000826456153021127,45.4296948488979,-0.000571607255156237
8.02444,45.42849,-0.00177645615302424,45.4295179626578,-0.000748493495174783
8.03576,45.42959,-0.000676456153023253,45.4293289212556,-0.00093753489746036
8.04708,45.42878,-0.00148645615301746,45.4291388978689,-0.00112755828414956
8.05841,45.43091,0.000643543846976513,45.42895841555,-0.00130804060305203
8.06972,45.42647,-0.00379645615301882,45.4287963612502,-0.00147009490284459
8.08104,45.42876,-0.00150645615302381,45.4286592627937,-0.00160719335928394
8.09234,45.42834,-0.00192645615302212,45.4285509081242,-0.00171554802881358
8.10366,45.42814,-0.00212645615302165,45.4284723706616,-0.00179408549142509
8.11498,45.42918,-0.00108645615301839,45.4284224336949,-0.00184402245815569
8.12629,45.42845,-0.00181645615302273,45.4283983122766,-0.00186814387639638
8.13762,45.42723,-0.00303645615301917,45.4283965084471,-0.00186994770593899
8.14892,45.4304,0.000133543846978057,45.4284136220365,-0.00185283411655908
8.16025,45.42955,-0.000716456153021738,45.4284469548753,-0.00181950127776542
8.17158,45.42781,-0.00245645615301981,45.4284947830434,-0.00177167310958782
8.18288,45.42709,-0.00317645615302098,45.4285562537147,-0.00171020243832007
8.1942,45.42921,-0.00105645615302308,45.4286309862637,-0.00163546988931107
8.20551,45.42838,-0.00188645615302363,45.4287185469997,-0.00154790915327747
8.21684,45.42959,-0.000676456153023253,45.4288179584959,-0.00144849765713803
8.22815,45.42875,-0.00151645615301987,45.4289273316834,-0.00133912446964613
8.23949,45.42901,-0.00125645615302261,45.429043655473,-0.00122280068000501
8.25078,45.42852,-0.00174645615302182,45.4291627793812,-0.00110367677186942
8.2621,45.42742,-0.00284645615302281,45.4292796476586,-0.000986808494435782
8.27342,45.42921,-0.00105645615302308,45.4293888319899,-0.000877624163090913
8.28475,45.43266,0.00239354384697776,45.4294853231263,-0.000781133026734158
8.29607,45.42883,-0.0014364561530229,45.4295653988132,-0.000701057339775057
8.30742,45.43136,0.00109354384697724,45.4296272834242,-0.000639172728813734
8.31873,45.42944,-0.000826456153021127,45.4296713538511,-0.000595102301967913
8.33004,45.42916,-0.00110645615301763,45.4296998214425,-0.000566634710524214
8.34136,45.42752,-0.00274645615301949,45.429716027792,-0.000550428361053788
8.35268,45.43113,0.000863543846982395,45.429723625297,-0.000542830856039799
8.36397,45.42728,-0.00298645615301751,45.4297259162076,-0.000540539945448862
8.37531,45.43044,0.000173543846976543,45.4297255061998,-0.000540949953181452
8.38662,45.43324,0.00297354384697712,45.4297242555839,-0.000542200569080073
8.39795,45.42974,-0.000526456153018273,45.4297233703425,-0.000543085810480504
8.40926,45.42662,-0.00364645615302095,45.4297234499759,-0.000543006177088483
8.42059,45.42966,-0.00060645615302235,45.4297244261336,-0.000542030019433461
8.4319,45.43237,0.00210354384697808,45.4297254825516,-0.000540973601463926
8.44321,45.42767,-0.00259645615302162,45.4297250943694,-0.000541361783637312
8.45452,45.42818,-0.00208645615302316,45.4297212568006,-0.000545199352407565
8.46584,45.43103,0.000763543846979076,45.4297118970144,-0.000554559138653166
8.47716,45.43046,0.000193543846975786,45.4296954097495,-0.00057104640350865
8.48848,45.43009,-0.000176456153020865,45.4296711856821,-0.000595270470872996
8.4998,45.43083,0.000563543846979542,45.4296399437248,-0.000626512428220607
8.51112,45.42926,-0.00100645615302142,45.4296037148472,-0.000662741305866652
8.52242,45.42868,-0.00158645615302078,45.4295654603724,-0.000700995780603187
8.53375,45.42807,-0.00219645615302255,45.4295284645564,-0.000737991596595448
8.54508,45.43031,4.35438469779115e-05,45.4294957314185,-0.000770724734520044
8.55639,45.42936,-0.000906456153018098,45.4294695913845,-0.00079686476848533
8.56772,45.42891,-0.00135645615301883,45.4294516092389,-0.000814846914075091
8.57905,45.42976,-0.00050645615301903,45.4294427612167,-0.000823694936326786
8.5904,45.4287,-0.00156645615302153,45.4294437717694,-0.000822684383596142
8.6017,45.43208,0.0018135438469784,45.4294554620644,-0.000810994088604546
8.61301,45.42888,-0.00138645615302124,45.4294789442303,-0.000787511922671428
8.62431,45.43049,0.000223543846978203,45.429515519344,-0.00075093680905575
8.63565,45.4288,-0.00146645615301821,45.4295662332661,-0.000700222886883161
8.647,45.42781,-0.00245645615301981,45.4296311894179,-0.000635266735082491
8.6583,45.43179,0.00152354384697873,45.429708834676,-0.000557621477014035
8.66963,45.42884,-0.00142645615301973,45.429795461216,-0.000470994936998774
8.68097,45.42757,-0.00269645615301783,45.4298851131554,-0.000381342997588781
8.69228,45.429,-0.00126645615301868,45.4299700046875,-0.000296451465482058
8.70362,45.43273,0.00246354384697867,45.4300414534289,-0.000225002724143072
8.71493,45.43142,0.00115354384698207,45.4300911787833,-0.000175277369744116
8.72624,45.42907,-0.00119645615301778,45.4301126594267,-0.000153796726283094
8.73757,45.43137,0.00110354384698041,45.4301022124793,-0.00016424367375898
8.7489,45.4295,-0.000766456153023398,45.4300595865636,-0.000206869589409432
8.76022,45.42823,-0.0020364561530215,45.4299880448511,-0.000278411301925937
8.77154,45.43125,0.000983543846977852,45.4298940339182,-0.000372422234820692
8.78286,45.4301,-0.000166456153017691,45.4297865547311,-0.000479901421906069
8.79417,45.43009,-0.000176456153020865,45.4296763064738,-0.000590149679200624
8.8055,45.42896,-0.00130645615302427,45.4295746317352,-0.000691824417821652
8.81684,45.43011,-0.000156456153021622,45.4294923077184,-0.000774148434620395
8.82816,45.42921,-0.00105645615302308,45.4294382896259,-0.000828166527141454
8.83948,45.42835,-0.00191645615301894,45.4294185669863,-0.000847889166687648
8.85082,45.42992,-0.000346456153017982,45.4294353135725,-0.000831142580510594
8.86216,45.42809,-0.00217645615302331,45.4294864940722,-0.000779962080808293
8.87348,45.42984,-0.000426456153022059,45.4295660335339,-0.000700422619162785
8.88482,45.42921,-0.00105645615302308,45.4296645624447,-0.000601893708339305
8.89614,45.43143,0.00116354384697814,45.4297706401807,-0.000495815972346548
8.90747,45.42895,-0.00131645615302034,45.4298722644759,-0.000394191677159038
8.91879,45.42975,-0.000516456153022204,45.4299584298349,-0.000308026318158722
8.93012,45.43095,0.000683543846982104,45.4300205127082,-0.000245943444772186
8.94144,45.43053,0.000263543846976688,45.4300533030169,-0.000213153136133126
8.95277,45.42981,-0.000456456153017371,45.4300555392593,-0.000210916893729497
8.96409,45.43064,0.000373543846976077,45.4300298492645,-0.000236606888470873
8.97542,45.43162,0.00135354384698161,45.4299820717778,-0.000284384375262235
8.98674,45.42893,-0.00133645615301958,45.4299200319388,-0.000346424214240425
8.99806,45.42948,-0.000786456153022641,45.4298519584311,-0.000414497721961922
9.00938,45.4278,-0.00246645615302299,45.429784849063,-0.000481607089995129
9.02069,45.42956,-0.000706456153018564,45.4297231625483,-0.000543293604739954
9.03199,45.42844,-0.0018264561530188,45.4296681694076,-0.000598286745378903
9.04331,45.42926,-0.00100645615302142,45.4296181229929,-0.000648333160135039
9.05462,45.432,0.00173354384698143,45.4295691730241,-0.000697283128953061
9.06594,45.43087,0.000603543846978027,45.429516727847,-0.000749728306011162
9.07727,45.42684,-0.00342645615302217,45.4294568637492,-0.00080959240378119
9.08861,45.43182,0.00155354384698114,45.4293874244386,-0.000879031714388171
9.09991,45.4308,0.000533543846977125,45.4293086027019,-0.000957853451148536
9.11122,45.42714,-0.00312645615301932,45.4292229521514,-0.00104350400165237
9.12254,45.42901,-0.00125645615302261,45.4291349060257,-0.00113155012731781
9.13386,45.42719,-0.00307645615301766,45.4290499929393,-0.00121646321369653
9.14519,45.43092,0.000653543846979687,45.4289739915635,-0.00129246458947609
9.15647,45.42937,-0.000896456153022029,45.428912203969,-0.00135425218402344
9.16781,45.42743,-0.00283645615301964,45.4288689021758,-0.00139755397717577
9.1791,45.42873,-0.00153645615301912,45.428846924667,-0.00141953148605552
9.19043,45.43102,0.000753543846975901,45.4288473995929,-0.00141905656007784
9.20173,45.42818,-0.00208645615302316,45.4288695918891,-0.00139686426390288
9.21306,45.42686,-0.00340645615302293,45.4289108837045,-0.00135557244848792
9.22439,45.43028,1.35438469825999e-05,45.4289669249677,-0.00129953118529659
9.23572,45.42723,-0.00303645615301917,45.4290320166823,-0.00123443947068302
9.24705,45.42945,-0.000816456153017953,45.429099753292,-0.00116670286103596
9.25837,45.43018,-8.64561530207197e-05,45.4291638443456,-0.00110261180738588
9.26968,45.43189,0.00162354384698205,45.429218920318,-0.00104753583505553
9.28102,45.42796,-0.00230645615302194,45.429261077858,-0.00100537829499963
9.29233,45.42912,-0.00114645615302322,45.4292879903041,-0.000978465848950064
9.30363,45.42968,-0.000586456153023107,45.4292985856585,-0.000967870494541013
9.31492,45.42794,-0.00232645615302118,45.4292924747248,-0.000973981428270016
9.32624,45.42822,-0.00204645615301757,45.4292693968847,-0.000997059268366219
9.33756,45.42944,-0.000826456153021127,45.4292289224527,-0.00103753370029012
9.34888,45.4287,-0.00156645615302153,45.4291705402393,-0.00109591591374638
9.36024,45.42984,-0.000426456153022059,45.429094103747,-0.00117235240604533
9.37156,45.43074,0.000473543846979396,45.4290004616941,-0.00126599445892772
9.38286,45.42976,-0.00050645615301903,45.4288920222223,-0.00137443393076329
9.39419,45.4257,-0.00456645615302165,45.4287730367585,-0.00149341939446936
9.40552,45.42961,-0.00065645615302401,45.4286495211344,-0.0016169350185887
9.41684,45.43089,0.00062354384697727,45.4285288670214,-0.00173758913157876
9.42814,45.42631,-0.00395645615301987,45.4284192483449,-0.0018472078080926
9.43944,45.42773,-0.00253645615302389,45.4283289165138,-0.00193753963923796
9.45078,45.42881,-0.00145645615302215,45.4282654816211,-0.00200097453194692
9.46211,45.42704,-0.00322645615302264,45.4282352877046,-0.00203116844840814
9.47342,45.42997,-0.000296456153023428,45.4282429481031,-0.00202350804991411
9.48476,45.42805,-0.0022164561530218,45.4282910206786,-0.00197543547442044
9.4961,45.43025,-1.64561530198171e-05,45.4283797443007,-0.0018867118523283
9.50742,45.42661,-0.00365645615302412,45.4285067783402,-0.00175967781278382
9.51875,45.42802,-0.00224645615302421,45.4286669804541,-0.00159947569894607
9.53006,45.42821,-0.00205645615302075,45.4288523630777,-0.00141409307532376
9.54136,45.42973,-0.000536456153021447,45.4290523996874,-0.0012140564656683
9.55271,45.42834,-0.00192645615302212,45.4292547731244,-0.00101168302862654
9.564,45.42955,-0.000716456153021738,45.4294465228745,-0.000819933278479866
9.57531,45.4308,0.000533543846977125,45.429615432866,-0.000651023287070221
9.58664,45.43005,-0.000216456153019351,45.4297514372264,-0.00051501892660176
9.59796,45.42835,-0.00191645615301894,45.4298478090634,-0.000418647089610476
9.60928,45.43135,0.00108354384698117,45.4299019338929,-0.000364522260077048
9.62061,45.43209,0.00182354384698158,45.4299155311706,-0.000350924982437968
9.63192,45.42987,-0.000396456153019642,45.4298942504246,-0.00037220572844817
9.64327,45.42786,-0.00240645615301815,45.429846661365,-0.000419794788019967
9.6546,45.42901,-0.00125645615302261,45.4297828106009,-0.000483645552145177
9.66593,45.42904,-0.00122645615302019,45.429712661263,-0.000553794890007659
9.67728,45.43125,0.000983543846977852,45.4296447452734,-0.000621710879630803
9.68863,45.42865,-0.00161645615302319,45.4295852268741,-0.00068122927896466
9.69993,45.42978,-0.000486456153019788,45.4295374147776,-0.000729041375371151
9.71126,45.43025,-1.64561530198171e-05,45.429501675249,-0.000764780903996738
9.72257,45.42797,-0.00229645615301877,45.4294756940914,-0.000790762061665985
9.73387,45.42908,-0.00118645615302171,45.4294550569253,-0.000811399227720515
9.7452,45.42898,-0.00128645615301792,45.4294341168139,-0.000832339339139148
9.75653,45.43095,0.000683543846982104,45.4294070690161,-0.000859387136927458
9.76787,45.43143,0.00116354384697814,45.4293690629118,-0.00089739324118705
9.77919,45.42755,-0.00271645615302418,45.4293171196386,-0.000949336514390799
9.79054,45.42889,-0.00137645615301807,45.4292506687915,-0.00101578736156639
9.80188,45.42964,-0.000626456153021593,45.4291716537431,-0.00109480240993776
9.8132,45.43,-0.000266456153021011,45.4290842746493,-0.00118218150368724
9.82455,45.42899,-0.00127645615302185,45.4289944723348,-0.00127198381821815
9.83589,45.42588,-0.00438645615302136,45.4289092498908,-0.00135720626223793
9.8472,45.43037,0.000103543846982745,45.4288359393299,-0.0014305168230782
9.85853,45.42889,-0.00137645615301807,45.4287815156726,-0.00148494048044323
9.86988,45.43002,-0.000246456153021768,45.4287519894775,-0.00151446667556535
9.88122,45.43027,3.54384697942578e-06,45.428751818242,-0.00151463791098749
9.89252,45.42612,-0.00414645615302334,45.4287832732359,-0.00148318291714361
9.90384,45.42957,-0.000696456153022496,45.4288458106542,-0.00142064549885396
9.91516,45.4274,-0.00286645615302206,45.4289356365278,-0.00133081962520043
9.92648,45.42777,-0.0024964561530183,45.4290457064803,-0.00122074967269773
9.9378,45.42907,-0.00119645615301778,45.4291663178624,-0.00110013829065389
9.94912,45.43309,0.00282354384697925,45.4292862716687,-0.000980184484284464
9.96045,45.42645,-0.00381645615301807,45.4293943901418,-0.000872066011203826
9.97176,45.4309,0.000633543846980444,45.4294810709486,-0.000785385204407407
9.98308,45.42932,-0.000946456153023689,45.4295395847333,-0.0007268714196915
9.99437,45.42997,-0.000296456153023428,45.4295669182716,-0.000699537881461806
10.00571,45.43195,0.00168354384697977,45.4295640436805,-0.000702412472539783
10.01703,45.42863,-0.00163645615302244,45.429535555583,-0.000730900570017206
10.02837,45.42797,-0.00229645615301877,45.4294887195956,-0.000777736557397233
10.03971,45.42895,-0.00131645615302034,45.4294321196409,-0.000834336512102157
10.05105,45.43101,0.000743543846979833,45.4293741972172,-0.000892258935849457
10.06236,45.42791,-0.0023564561530236,45.4293219695112,-0.000944486641772577
10.0737,45.42831,-0.00195645615301743,45.4292801248362,-0.000986331316837617
10.08502,45.4299,-0.000366456153017225,45.4292506065315,-0.00101584962150025
10.09634,45.42821,-0.00205645615302075,45.4292327285909,-0.00103372756209286
10.10766,45.42974,-0.000526456153018273,45.4292237812462,-0.00104267490680158
10.11897,45.43047,0.00020354384697896,45.429219982337,-0.00104647381605036
10.13026,45.42889,-0.00137645615301807,45.4292175547396,-0.00104890141346872
10.1416,45.4291,-0.00116645615302247,45.4292136982133,-0.00105275793975526
10.15293,45.43024,-2.64561530229912e-05,45.4292072775267,-0.00105917862637274
10.16427,45.42787,-0.00239645615302209,45.4291991335509,-0.00106732260215946
10.17562,45.43058,0.000313543846978348,45.429191997756,-0.00107445839706944
10.18694,45.42949,-0.000776456153019467,45.4291900385731,-0.00107641757993469
10.19828,45.42854,-0.00172645615302258,45.429198104734,-0.00106835141898366
10.20961,45.42968,-0.000586456153023107,45.4292207762436,-0.00104567990941612
10.22094,45.42894,-0.00132645615302351,45.4292613907689,-0.0010050653841441
10.23228,45.42764,-0.00262645615302404,45.4293212586084,-0.000945197544616806
10.24359,45.42704,-0.00322645615302264,45.4293992803933,-0.000867175759675243
10.25492,45.43052,0.000253543846980619,45.4294921055611,-0.000774350591877183
10.26622,45.43286,0.0025935438469773,45.4295947941496,-0.00067166200346771
10.27756,45.431,0.000733543846976659,45.4297017212204,-0.000564734932612064
10.28889,45.42992,-0.000346456153017982,45.4298073472846,-0.000459108868462753
10.30022,45.42635,-0.00391645615302139,45.4299065955684,-0.000359860584662357
10.31153,45.4314,0.00113354384697573,45.4299948565212,-0.000271599631841241
10.32284,45.42937,-0.000896456153022029,45.430067858284,-0.000198597868971192
10.33416,45.43012,-0.000146456153018448,45.4301216555039,-0.000144800649105159
10.34548,45.42961,-0.00065645615302401,45.4301528567616,-0.000113599391404957
10.35681,45.43055,0.000283543846975931,45.4301590716181,-0.000107384534964639
10.36813,45.43069,0.000423543846977736,45.4301394715329,-0.000126984620110801
10.37947,45.43048,0.000213543846982134,45.4300953119449,-0.000171144208117697
10.39081,45.43002,-0.000246456153021768,45.4300302523109,-0.000236203842142298
10.40213,45.42974,-0.000526456153018273,45.4299503482141,-0.000316107938891954
10.41344,45.4313,0.00103354384697951,45.4298636614606,-0.000402794692428918
10.42476,45.42809,-0.00217645615302331,45.4297795082672,-0.000486947885777434
10.43607,45.4305,0.000233543846981377,45.4297074254137,-0.000559030739368162
10.44739,45.43044,0.000173543846976543,45.4296559786332,-0.00061047751985485
10.45874,45.42918,-0.00108645615301839,45.4296315654704,-0.000634890682576008
10.47008,45.42816,-0.00210645615302241,45.4296373843703,-0.000629071782721744
10.48143,45.42887,-0.00139645615301731,45.4296727615229,-0.000593694630076688
10.49273,45.42988,-0.000386456153023573,45.4297330163722,-0.000533439780772957
10.50406,45.4309,0.000633543846980444,45.4298099584366,-0.00045649771646361
10.51538,45.4285,-0.00176645615302107,45.4298929594797,-0.000373496673332428
10.5267,45.4308,0.000533543846977125,45.429970417876,-0.000296038277004233
10.538,45.42942,-0.00084645615302037,45.4300313763481,-0.000235079804904516
10.54932,45.43182,0.00155354384698114,45.4300670453467,-0.000199410806338807
10.56065,45.43097,0.000703543846981347,45.4300719887379,-0.000194467415147889
10.57197,45.42938,-0.000886456153018855,45.430044763886,-0.00022169226702429
10.58332,45.42953,-0.000736456153020981,45.4299879080065,-0.000278548146542148
10.59466,45.4308,0.000533543846977125,45.4299073057272,-0.00035915042584948
10.60598,45.42992,-0.000346456153017982,45.4298110893444,-0.000455366808579301
10.61733,45.42915,-0.00111645615302081,45.429708276346,-0.000558179806975505
10.62866,45.42893,-0.00133645615301958,45.429607367592,-0.000659088561039885
10.63999,45.42891,-0.00135645615301883,45.4295151422702,-0.000751313882779132
10.65134,45.42996,-0.000306456153019496,45.4294358702121,-0.000830585940948764
10.66263,45.42739,-0.00287645615301813,45.4293710909452,-0.000895365207787653
10.67394,45.42897,-0.0012964561530211,45.4293199945033,-0.000946461649691837
10.68526,45.43155,0.00128354384698071,45.429280306619,-0.000986149534062412
10.6966,45.42938,-0.000886456153018855,45.4292494461651,-0.00101700998789301
10.70794,45.43113,0.000863543846982395,45.4292256291826,-0.00104082697040847
10.71926,45.42818,-0.00208645615302316,45.4292086143028,-0.00105784185024615
10.73059,45.4272,-0.00306645615302159,45.4291999353852,-0.00106652076779378
10.74191,45.4307,0.000433543846980911,45.4292026583713,-0.00106379778168171
10.75327,45.43017,-9.64561530238939e-05,45.4292208075317,-0.00104564862128337
10.76461,45.42802,-0.00224645615302421,45.4292585979453,-0.00100785820769769
10.77592,45.43058,0.000313543846978348,45.4293195681103,-0.000946888042673906
10.78729,45.42812,-0.00214645615302089,45.4294057138795,-0.000860742273514329
10.79862,45.42907,-0.00119645615301778,45.4295167722192,-0.00074968393385932
10.80998,45.42905,-0.00121645615302413,45.4296498271392,-0.000616629013777017
10.82131,45.42991,-0.000356456153021156,45.4297993731305,-0.000467083022573803
10.83265,45.42854,-0.00172645615302258,45.429957875719,-0.000308580434022481
10.84396,45.43172,0.00145354384697782,45.4301167403433,-0.000149715809676328
10.85527,45.43209,0.00182354384698158,45.4302674769043,1.0207513257724e-06
10.86658,45.43044,0.000173543846976543,45.4304027736182,0.000136317465218641
10.87791,45.4298,-0.000466456153020545,45.430517221946,0.000250765792964101
10.88927,45.43079,0.000523543846981056,45.4306075748917,0.000341118738691458
10.9006,45.42931,-0.000956456153019758,45.4306725963473,0.000406140194226888
10.91192,45.43309,0.00282354384697925,45.4307126629879,0.000446206834838994
10.92324,45.42876,-0.00150645615302381,45.4307292839837,0.000462827830675248
10.93459,45.42992,-0.000346456153017982,45.4307246638279,0.000458207674896587
10.94593,45.43173,0.001463543846981,45.4307014001089,0.00043494395590551
10.95725,45.42976,-0.00050645615301903,45.4306623686377,0.000395912484726797
10.96856,45.43101,0.000743543846979833,45.4306107768812,0.000344320728186405
10.97989,45.4319,0.00163354384697811,45.4305502856891,0.000283829536077094
10.99122,45.43063,0.000363543846980008,45.4304850566147,0.000218600461647902
11.00255,45.43089,0.00062354384697727,45.430419604381,0.000153148227995289
11.01383,45.42804,-0.00222645615301786,45.4303584205028,9.19643498287796e-05
11.02516,45.43182,0.00155354384698114,45.4303054472197,3.89910666452995e-05
11.03648,45.42965,-0.000616456153018419,45.4302635506446,-2.9055084501718e-06
11.0478,45.43054,0.000273543846979862,45.4302341300896,-3.23260634166463e-05
11.05912,45.43049,0.000223543846978203,45.430216945367,-4.95107860406033e-05
11.07041,45.42716,-0.00310645615302008,45.4302102057377,-5.62504152739491e-05
11.08174,45.43175,0.00148354384698024,45.4302109452982,-5.55108548053612e-05
11.09306,45.43098,0.000713543846977416,45.4302156595628,-5.07965902555532e-05
11.10442,45.43095,0.000683543846982104,45.4302210771683,-4.53789846986362e-05
11.11572,45.43046,0.000193543846975786,45.4302248536173,-4.16025357335454e-05
11.12704,45.42958,-0.000686456153019321,45.430225985865,-4.0470288011994e-05
11.13834,45.43068,0.000413543846981668,45.4302248555589,-4.16005941180727e-05
11.14967,45.43006,-0.000206456153023282,45.4302229307615,-4.3525391484554e-05
11.16098,45.43023,-3.64561530190599e-05,45.4302222252666,-4.42308864126677e-05
11.1723,45.43097,0.000703543846981347,45.4302246340643,-4.18220887541806e-05
11.18364,45.42905,-0.00121645615302413,45.4302312687065,-3.51874465050645e-05
11.19497,45.42976,-0.00050645615301903,45.430241927259,-2.45288940277442e-05
11.2063,45.42957,-0.000696456153022496,45.4302548372032,-1.16189497856432e-05
11.21762,45.42932,-0.000946456153023689,45.4302667712697,3.15116640233586e-07
11.22894,45.43374,0.00347354384697951,45.4302735355271,7.07937403737077e-06
11.24027,45.42887,-0.00139645615301731,45.4302707001313,4.24397827144884e-06
11.25161,45.42984,-0.000426456153022059,45.4302543668539,-1.2089299108704e-05
11.26293,45.4318,0.0015335438469819,45.4302217963784,-4.46597745781492e-05
11.27428,45.42863,-0.00163645615302244,45.4301718131038,-9.46430492161175e-05
11.2856,45.43112,0.000853543846979221,45.430104985486,-0.000161470666994925
11.29692,45.42957,-0.000696456153022496,45.430023617463,-0.000242838689974712
11.30826,45.42904,-0.00122645615302019,45.4299316000888,-0.000334856064228013
11.31958,45.43008,-0.000186456153024039,45.4298341707095,-0.000432285443545952
11.33094,45.43119,0.000923543846980124,45.4297376020681,-0.000528854084937837
11.34228,45.42936,-0.000906456153018098,45.4296488025321,-0.000617653620911199
11.35356,45.42854,-0.00172645615302258,45.4295747877502,-0.000691668402855976
11.36489,45.43121,0.000943543846979367,45.4295220145222,-0.000744441630839817
11.37622,45.4292,-0.00106645615301915,45.4294956289447,-0.000770827208290778
11.38755,45.42858,-0.0016864561530241,45.4294987317918,-0.000767724361194694
11.39888,45.43038,0.000113543846978814,45.4295318001256,-0.000734656027456574
11.4102,45.42654,-0.00372645615301792,45.4295924320127,-0.000674024140336797
11.4215,45.42957,-0.000696456153022496,45.4296755722116,-0.00059088394146578
11.43281,45.43114,0.000873543846978464,45.4297742894445,-0.000492166708568101
11.44414,45.42856,-0.00170645615302334,45.4298810091123,-0.000385447040696461
11.45547,45.43208,0.0018135438469784,45.4299889204144,-0.000277535738623517
11.46678,45.43286,0.0025935438469773,45.4300931637041,-0.000173292448951982
11.47812,45.42985,-0.000416456153018885,45.4301914219431,-7.50342098759395e-05
11.48944,45.43061,0.000343543846980765,45.43028370411,1.72479569821171e-05
11.50078,45.42825,-0.00201645615302226,45.430371385246,0.00010492909294087
11.51213,45.4289,-0.001366456153022,45.4304558484737,0.000189392320676707
11.52346,45.43166,0.00139354384698009,45.4305372145265,0.000270758373477995
11.5348,45.4286,-0.00166645615301775,45.430613579899,0.000347123745968211
11.54613,45.43063,0.000363543846980008,45.4306809793581,0.000414523205059476
11.55743,45.43096,0.000693543846978173,45.4307340559887,0.000467599835678216
11.56878,45.43365,0.00338354384697936,45.4307672299986,0.000500773845588197
11.58011,45.43019,-7.64561530175456e-05,45.4307760344031,0.000509578250086839
11.59142,45.42875,-0.00151645615301987,45.4307582716995,0.000491815546458516
11.60273,45.43257,0.00230354384697762,45.4307147495532,0.000448293400133039
11.61406,45.43149,0.00122354384697587,45.4306494901341,0.000383033981092371
11.62536,45.43109,0.000823543846976804,45.4305693855986,0.000302929445550788
11.63668,45.43027,3.54384697942578e-06,45.4304833165461,0.000216860393107124
11.64801,45.4292,-0.00106645615301915,45.4304008412626,0.000134385109613037
11.65933,45.43089,0.00062354384697727,45.4303306937761,6.42376230707099e-05
11.67067,45.42917,-0.00109645615302156,45.4302794126978,1.29565448264583e-05
11.682,45.42893,-0.00133645615301958,45.4302504105565,-1.60455964938527e-05
11.69329,45.42971,-0.00055645615302069,45.4302437016227,-2.27545303492738e-05
11.70464,45.42944,-0.000826456153021127,45.4302563602016,-1.00959513781037e-05
11.71597,45.43269,0.00242354384698018,45.4302835905198,1.71343667690613e-05
11.72729,45.43264,0.00237354384697852,45.4303200921957,5.36360427032047e-05
11.73861,45.42921,-0.00105645615302308,45.4303612956801,9.48395270612454e-05
11.74994,45.43139,0.00112354384697966,45.4304041068911,0.000137650738051741
11.76126,45.4303,3.35438469818428e-05,45.4304470211264,0.00018056497338489
11.77257,45.42827,-0.00199645615302302,45.4304897166708,0.000223260517733837
11.78395,45.43075,0.00048354384698257,45.4305323954362,0.000265939283144379
11.79527,45.43065,0.000383543846979251,45.4305751591916,0.000308703038579504
11.80659,45.43051,0.000243543846977445,45.4306176178067,0.000351161653728533
11.8179,45.43175,0.00148354384698024,45.4306587852413,0.000392329088303274
11.82922,45.4296,-0.000666456153020079,45.4306972120091,0.000430755856106624
11.84056,45.43002,-0.000246456153021768,45.4307312701029,0.000464813949856293
11.85189,45.43159,0.00132354384697919,45.4307595177325,0.000493061579437255
11.86325,45.43164,0.00137354384698085,45.4307810691674,0.000514613014349376
11.87458,45.43178,0.00151354384698266,45.430795865807,0.000529409653986392
11.88589,45.4294,-0.000866456153019612,45.4308047397374,0.000538283584365608
11.89723,45.4309,0.000633543846980444,45.4308092275641,0.000542771411075762
11.90856,45.43097,0.000703543846981347,45.430811197178,0.000544741025025946
11.91991,45.43038,0.000113543846978814,45.4308124138564,0.000545957703416794
11.93124,45.43112,0.000853543846979221,45.4308141645823,0.000547708429292205
11.94258,45.43006,-0.000206456153023282,45.4308170171894,0.00055056103637405
11.95392,45.4308,0.000533543846977125,45.4308207513457,0.000554295192656266
11.96524,45.43055,0.000283543846975931,45.4308244615703,0.000558005417268478
11.97654,45.43177,0.00150354384697948,45.4308267850656,0.00056032891259521
11.98787,45.4324,0.0021335438469805,45.4308261563666,0.000559700213552182
11.99919,45.43011,-0.000156456153021622,45.4308209736448,0.000554517491815052
12.01054,45.42936,-0.000906456153018098,45.4308096165109,0.000543160357853577
12.02185,45.43095,0.000683543846982104,45.4307903659637,0.000523909810679822
12.0332,45.43139,0.00112354384697966,45.4307613602952,0.000494904142189822
12.04452,45.42926,-0.00100645615302142,45.4307207091622,0.000454253009141487
12.05585,45.4312,0.000933543846976193,45.4306668063319,0.00040035017888097
12.06719,45.43147,0.00120354384697663,45.4305987972963,0.00033234114330194
12.0785,45.43083,0.000563543846979542,45.4305171016799,0.000250645526900574
12.08981,45.42896,-0.00130645615302427,45.4304238688976,0.000157412744618501
12.10114,45.43016,-0.000106456153019963,45.4303232659313,5.68097782364712e-05
12.11245,45.43179,0.00152354384697873,45.4302215310819,-4.49250711312571e-05
12.12376,45.43055,0.000283543846975931,45.4301267286361,-0.000139727516879737
12.13509,45.43225,0.00198354384698263,45.430048120329,-0.00021833582397436
12.14642,45.42728,-0.00298645615301751,45.4299951105207,-0.000271345632324548
12.15774,45.43044,0.000173543846976543,45.4299758613253,-0.000290594827731431
12.16908,45.42914,-0.00112645615302398,45.4299958400996,-0.000270616053408631
12.1804,45.42932,-0.000946456153023689,45.4300566409813,-0.000209815171767178
12.19174,45.42971,-0.00055645615302069,45.4301553708516,-0.000111085301454313
12.20307,45.43134,0.001073543846978,45.4302847542013,1.82980482461854e-05
12.21437,45.42801,-0.00225645615302028,45.4304339583883,0.00016750223525528
12.22571,45.43179,0.00152354384697873,45.4305900097123,0.000323553559258089
12.23704,45.4319,0.00163354384697811,45.4307395683664,0.000473112213372143
12.24834,45.43166,0.00139354384698009,45.4308707534505,0.000604297297500598
12.25967,45.43103,0.000763543846979076,45.4309746832133,0.000708227060286573
12.271,45.4305,0.000233543846981377,45.4310464619715,0.000780005818465568
12.28234,45.43133,0.00106354384698193,45.4310854878085,0.000819031655486676
12.29365,45.43248,0.00221354384697747,45.4310950939254,0.00082863777240689
12.30498,45.43109,0.000823543846976804,45.4310816187832,0.000815162630176442
12.3163,45.4304,0.000133543846978057,45.4310530542141,0.00078659806110044
12.32761,45.42959,-0.000676456153023253,45.4310174937463,0.000751037593232408
12.33894,45.43201,0.0017435438469775,45.4309816782963,0.000715222143299491
12.35026,45.42854,-0.00172645615302258,45.4309499472874,0.000683491134414379
12.36157,45.43157,0.00130354384697995,45.4309238212367,0.000657365083665861
12.37289,45.42941,-0.000856456153023544,45.4309022981333,0.000635841980279279
12.38422,45.43213,0.00186354384698006,45.4308827789788,0.000616322825750884
12.39556,45.43314,0.00287354384698091,45.4308623738773,0.000595917724321102
12.40688,45.43016,-0.000106456153019963,45.4308392259763,0.000572769823318507
12.41818,45.43122,0.000953543846982541,45.4308134901574,0.000547034004351783
12.42951,45.43113,0.000863543846982395,45.4307877301717,0.000521274018719926
12.44084,45.4315,0.00123354384697905,45.4307666809987,0.000500224845685138
12.45214,45.42906,-0.00120645615302095,45.430756476789,0.000490020635932746
12.46349,45.43152,0.00125354384697829,45.4307635429035,0.000497086750457748
12.47482,45.43031,4.35438469779115e-05,45.430793401303,0.000526945149983722
12.48614,45.42896,-0.00130645615302427,45.430849637608,0.000583181455018262
12.49747,45.43186,0.00159354384697963,45.430933222376,0.00066676622294633
12.5088,45.43098,0.000713543846977416,45.431042279417,0.000775823263965746
12.52012,45.43278,0.00251354384698033,45.4311722717504,0.000905815597351937
12.53147,45.43053,0.000263543846976688,45.4313164785215,0.00105002236843506
12.54278,45.4299,-0.000366456153017225,45.4314666181673,0.00120016201431467
12.5541,45.43388,0.00361354384698132,45.431613527106,0.00134707095294601
12.56543,45.43062,0.000353543846976834,45.4317478563706,0.00148140021755709
12.57672,45.43267,0.00240354384698094,45.4318607554901,0.00159429933711707
12.58805,45.43097,0.000703543846981347,45.4319445047862,0.00167804863321706
12.59939,45.43221,0.00194354384697704,45.4319930721828,0.00172661602974563
12.61074,45.43285,0.00258354384698123,45.432002592583,0.001736136429989
12.62208,45.43024,-2.64561530229912e-05,45.4319717680641,0.00170531191104393
12.63341,45.43129,0.00102354384697634,45.4319021690531,0.00163571290006397
12.64475,45.43452,0.0042535438469784,45.4317983873957,0.00153193124265289
12.65606,45.43144,0.00117354384698132,45.4316679450519,0.00140148889889652
12.66738,45.4333,0.00303354384698196,45.4315208262087,0.00125437005572088
12.67871,45.42964,-0.000626456153021593,45.4313685479275,0.00110209177450157
12.69007,45.43135,0.00108354384698117,45.4312228357714,0.000956379618420476
12.7014,45.42935,-0.000916456153021272,45.431094142703,0.000827686550017819
12.71275,45.43133,0.00106354384698193,45.4309903311856,0.000723875032598835
12.72408,45.4304,0.000133543846978057,45.4309157879036,0.000649331750607699
12.73541,45.4323,0.00203354384697718,45.4308711002026,0.000604644049551303
12.74674,45.42989,-0.000376456153020399,45.4308532761587,0.000586820005641203
12.75808,45.43127,0.0010035438469771,45.4308564041073,0.000589947954317295
12.7694,45.4294,-0.000866456153019612,45.4308726345856,0.000606178432537125
12.78074,45.43116,0.000893543846977707,45.4308933818301,0.000626925677086771
12.79207,45.43209,0.00182354384698158,45.4309106248351,0.000644168682107389
12.80336,45.4311,0.000833543846979978,45.4309181286264,0.000651672473402979
12.81469,45.43169,0.00142354384698251,45.4309123562268,0.000645900073828201
12.826,45.43012,-0.000146456153018448,45.4308928616054,0.000626405452413382
12.83734,45.4343,0.00403354384697963,45.4308620501328,0.000595593979787048
12.84863,45.42892,-0.00134645615302276,45.4308243271776,0.000557871024539732
12.85995,45.43072,0.000453543846980153,45.4307848044989,0.000518348345915919
12.87129,45.42752,-0.00274645615301949,45.4307478871819,0.000481431028827605
12.88262,45.43017,-9.64561530238939e-05,45.4307161591543,0.000449703001253863
12.89394,45.43143,0.00116354384697814,45.4306899265301,0.000423470377093891
12.90527,45.43108,0.000813543846980735,45.4306675478442,0.000401091691165207
12.9166,45.43139,0.00112354384697966,45.4306463931412,0.000379936988194401
12.92794,45.42968,-0.000586456153023107,45.430624082537,0.000357626383963939
12.93928,45.43356,0.00329354384697922,45.4305996195204,0.0003331633673525
12.9506,45.42944,-0.000826456153021127,45.4305741075691,0.000307651416076116
12.96196,45.43158,0.00131354384697602,45.4305508594735,0.000284403320444996
12.9733,45.43021,-5.64561530183028e-05,45.4305348560608,0.00026839990778957
12.98462,45.43159,0.00132354384697919,45.4305316677033,0.000265211550292983
12.99596,45.42853,-0.00173645615301865,45.4305460849274,0.0002796287743359
13.00732,45.42953,-0.000736456153020981,45.4305807908763,0.000314334723308595
13.01861,45.4301,-0.000166456153017691,45.4306354300224,0.000368973869420257
13.02994,45.43036,9.35438469795713e-05,45.4307063526126,0.000439896459548186
13.04128,45.43042,0.0001535438469773,45.4307871380859,0.000520681932889705
13.05258,45.43153,0.00126354384698146,45.4308697811448,0.00060332499178148
13.06393,45.43206,0.00179354384697916,45.4309462401514,0.000679783998376107
13.07525,45.43305,0.00278354384698076,45.4310099490659,0.000743492912908004
13.08658,45.43071,0.000443543846976979,45.4310569090691,0.000790452916126873
13.09791,45.43024,-2.64561530229912e-05,45.4310861146309,0.000819658477865308
13.10922,45.43051,0.000243543846977445,45.4310992863368,0.000832830183768704
13.12055,45.433,0.0027335438469791,45.4311000739512,0.000833617798190952
13.13186,45.43097,0.000703543846981347,45.4310929778526,0.00082652169959275
13.14319,45.42741,-0.00285645615301888,45.4310822408995,0.00081578474643718
13.15452,45.43176,0.00149354384697631,45.4310709554992,0.000804499346153231
13.16586,45.43138,0.00111354384697648,45.4310605996297,0.000794143476699493
13.17722,45.43065,0.000383543846979251,45.4310510949899,0.000784638836896272
13.18855,45.4336,0.0033335438469777,45.4310412947876,0.000774838634568858
13.1999,45.42889,-0.00137645615301807,45.4310296757911,0.000763219638053969
13.21126,45.43222,0.00195354384698021,45.4310150008402,0.000748544687176362
13.22256,45.43288,0.00261354384697654,45.4309967996562,0.000730343503188478
13.23392,45.42808,-0.00218645615301938,45.4309756182742,0.000709162121130823
13.24523,45.43057,0.000303543846982279,45.4309530774844,0.000686621331403611
13.25655,45.42892,-0.00134645615302276,45.4309318382992,0.000665382146182989
13.26786,45.43423,0.00396354384697872,45.4309155437485,0.000649087595479464
13.27917,45.43417,0.00390354384698099,45.4309086681674,0.000642212014352844
13.29048,45.42958,-0.000686456153019321,45.4309160694209,0.000649613267834279
13.30183,45.43095,0.000683543846982104,45.4309420824252,0.000675626272185058
13.31319,45.42894,-0.00132645615302351,45.4309892450066,0.000722788853572681
13.32453,45.43058,0.000313543846978348,45.4310570322165,0.000790576063488553
13.33585,45.42823,-0.0020364561530215,45.4311410867529,0.00087463059984355
13.34719,45.43119,0.000923543846980124,45.4312333127107,0.000966856557678904
13.3585,45.43407,0.00380354384697768,45.4313229184351,0.00105646228206394
13.36983,45.43224,0.00197354384697945,45.4313981690307,0.001131712877636
13.38116,45.43164,0.00137354384698085,45.4314483814482,0.00118192529520691
13.39248,45.43171,0.00144354384698175,45.4314656768661,0.00119922071303652
13.40381,45.43023,-3.64561530190599e-05,45.4314461757527,0.00117971959968946
13.41512,45.43278,0.00251354384698033,45.4313905369019,0.00112408074889903
13.42645,45.4314,0.00113354384697573,45.431303878775,0.00103742262200396
13.43775,45.43042,0.0001535438469773,45.4311951698476,0.00092871369454845
13.44909,45.43083,0.000563543846979542,45.43107619378,0.000809737627013124
13.46042,45.43214,0.00187354384697613,45.4309602185313,0.000693762378289381
13.47175,45.43096,0.000693543846978173,45.4308605115375,0.000594055384499211
13.48307,45.43006,-0.000206456153023282,45.4307888429198,0.000522386766729035
13.49439,45.42868,-0.00158645615302078,45.4307541328169,0.0004876766638647
13.50572,45.43174,0.00147354384697707,45.4307614195427,0.000494963389697261
13.51707,45.43193,0.00166354384698053,45.4308112924891,0.000544836336085911
13.52839,45.43069,0.000423543846977736,45.4308998294045,0.000633373251445693
13.53971,45.43028,1.35438469825999e-05,45.431018978699,0.000752522545973087
13.55104,45.43054,0.000273543846979862,45.4311573100703,0.000890853917242111
13.56236,45.43173,0.001463543846981,45.4313010921956,0.00103463604256182
13.57369,45.43203,0.00176354384697675,45.4314356599591,0.00116920380604092
13.58501,45.43018,-8.64561530207197e-05,45.43154698374,0.00128052758699591
13.59635,45.43243,0.00216354384697581,45.4316232984852,0.00135684233220693
13.6077,45.43077,0.000503543846981813,45.4316566226471,0.00139016649410071
13.619,45.43327,0.00300354384697954,45.4316439782058,0.00137752205274326
13.63032,45.43149,0.00122354384697587,45.4315880979917,0.00132164183872181
13.64165,45.43351,0.00324354384697756,45.4314974026686,0.0012309465155334
13.65296,45.43172,0.00145354384697782,45.4313850897488,0.00111863359573397
13.66433,45.43218,0.00191354384698172,45.4312673204307,0.00100086427765315
13.67568,45.43017,-9.64561530238939e-05,45.4311607013733,0.00089424522023178
13.68702,45.42853,-0.00173645615301865,45.431079486975,0.000813030821936771
13.69834,45.43023,-3.64561530190599e-05,45.4310330895757,0.000766633422723345
13.7097,45.42785,-0.00241645615302133,45.4310244886967,0.000758032543670261
13.72104,45.43285,0.00258354384698123,45.4310499313011,0.000783475148046763
13.73236,45.43359,0.00332354384698164,45.4310999636581,0.000833507505123998
13.7437,45.42924,-0.00102645615302066,45.4311614754443,0.00089501929132403
13.75503,45.43145,0.00118354384697739,45.4312202282811,0.000953772128096974
13.76634,45.43349,0.00322354384697832,45.431263334406,0.000996878252991575
13.77767,45.43212,0.00185354384697689,45.4312812549834,0.00101479883041215
13.78903,45.43185,0.00158354384697645,45.4312690099101,0.00100255375710891
13.80035,45.43068,0.000413543846981668,45.4312264462622,0.000959990109211668
13.81169,45.43073,0.000463543846976222,45.4311576263225,0.000891170169524141
13.82301,45.43028,1.35438469825999e-05,45.4310696043194,0.000803148166421266
13.83432,45.42968,-0.000586456153023107,45.4309709702876,0.000704514134562695
13.84565,45.43056,0.000293543846979105,45.4308705165769,0.000604060423833519
13.85698,45.43208,0.0018135438469784,45.4307762544567,0.000509798303695143
13.86831,45.43023,-3.64561530190599e-05,45.4306948328637,0.000428376710717327
13.87964,45.43161,0.00134354384697843,45.4306312645239,0.000364808370899672
13.89096,45.43216,0.00189354384698248,45.430588809109,0.000322352955992729
13.90231,45.42696,-0.00330645615301961,45.4305689083627,0.00030245220966974
13.91363,45.43181,0.00154354384697797,45.4305711687646,0.000304712611616172
13.92498,45.43042,0.0001535438469773,45.4305934660764,0.000327009923329157
13.93632,45.43135,0.00108354384698117,45.4306322393347,0.000365783181670691
13.94763,45.43076,0.000493543846978639,45.4306829659047,0.000416509751726133
13.95894,45.42901,-0.00125645615302261,45.4307407492015,0.000474293048455029
13.97024,45.43171,0.00144354384698175,45.4308009497531,0.000534493600059159
13.98156,45.4315,0.00123354384697905,45.4308598030807,0.000593346927655162
13.99289,45.43116,0.000893543846977707,45.4309149469706,0.000648490817582137
14.00418,45.43079,0.000523543846981056,45.4309657519241,0.000699295771082877
14.01553,45.43085,0.000583543846978785,45.4310133656429,0.000746909489838902
14.02684,45.43114,0.000873543846978464,45.4310604439612,0.00079398780814309
14.03816,45.43169,0.00142354384698251,45.4311105970597,0.000844140906726551
14.04947,45.4319,0.00163354384697811,45.4311676053672,0.00090114921421169
14.06081,45.43086,0.000593543846981959,45.4312344790368,0.000968022883764137
14.07213,45.43039,0.000123543846981988,45.4313124821557,0.00104602600264259
14.08346,45.43159,0.00132354384697919,45.4314003114643,0.00113385531123862
14.09479,45.43038,0.000113543846978814,45.4314936610724,0.00122720491935887
14.10611,45.42936,-0.000906456153018098,45.4315853761842,0.00131892003116525
14.11746,45.43248,0.00221354384697747,45.4316662915895,0.00139983543649301
14.12879,45.43306,0.00279354384697683,45.4317266761529,0.00146021999987589
14.14012,45.43261,0.0023435438469761,45.4317580009814,0.00149154482836506
14.15144,45.43282,0.00255354384697881,45.4317546067075,0.00148815055451275
14.16277,45.43177,0.00150354384697948,45.4317148550238,0.00144839887079978
14.17406,45.4309,0.000633543846980444,45.4316415086277,0.00137505247464938
14.18539,45.43248,0.00221354384697747,45.4315412967553,0.00127484060233071
14.19669,45.43113,0.000863543846982395,45.4314237916407,0.00115733548768589
14.20805,45.43253,0.00226354384697913,45.4312998116401,0.0010333554870665
14.21938,45.42941,-0.000856456153023544,45.4311796123262,0.000913156173156664
14.2307,45.4314,0.00113354384697573,45.4310711698864,0.000804713733364557
14.24202,45.42797,-0.00229645615301877,45.4309788959105,0.00071243975745458
14.25338,45.42993,-0.000336456153021913,45.4309030954007,0.000636639247665876
14.26474,45.4327,0.00243354384697625,45.4308403393487,0.000573883195652138
14.27607,45.43109,0.000823543846976804,45.4307846781804,0.000518222027386731
14.28741,45.43192,0.00165354384697736,45.4307293692281,0.000462913075031603
14.2987,45.43069,0.000423543846977736,45.4306686619694,0.000402205816356879
14.31002,45.43036,9.35438469795713e-05,45.4305992315268,0.00033277537374283
14.32134,45.43151,0.00124354384698222,45.4305210052938,0.000254549140821398
14.33266,45.43164,0.00137354384698085,45.4304372868188,0.000170830665826347
14.34397,45.42945,-0.000816456153017953,45.430354205601,8.77494479378386e-05
14.35531,45.42844,-0.0018264561530188,45.4302796333155,1.31771625039181e-05
14.36664,45.43089,0.00062354384697727,45.4302218102639,-4.46458890780052e-05
14.37797,45.43073,0.000463543846976222,45.4301879674633,-7.84886897302518e-05
14.38933,45.43026,-6.45615302374836e-06,45.4301831749539,-8.32811991002235e-05
14.40066,45.42837,-0.0018964561530197,45.4302095519028,-5.69042502322807e-05
14.41201,45.4305,0.000233543846981377,45.4302659160759,-5.40077146896028e-07
14.42333,45.42978,-0.000486456153019788,45.4303479194811,8.14633280882788e-05
14.43469,45.4306,0.000333543846977591,45.430448649004,0.000182192850986408
14.44601,45.43261,0.0023435438469761,45.4305595554476,0.000293099294533148
14.45734,45.43135,0.00108354384698117,45.4306714758079,0.000405019654848973
14.46862,45.42978,-0.000486456153019788,45.4307755063015,0.000509050148524768
14.47994,45.43068,0.000413543846981668,45.4308635892812,0.000597133128150907
14.49128,45.43004,-0.000226456153022525,45.4309288348735,0.000662378720490898
14.50262,45.43177,0.00150354384697948,45.4309657023413,0.000699246188318802
14.51395,45.43076,0.000493543846978639,45.430970163346,0.000703707193016818
14.52526,45.42968,-0.000586456153023107,45.4309398999843,0.000673443831245956
14.53661,45.43307,0.00280354384698001,45.4308745229425,0.000608066789451016
14.54792,45.42988,-0.000386456153023573,45.4307757553572,0.000509299204218053
14.55924,45.43026,-6.45615302374836e-06,45.4306475130034,0.000381056850430558
14.57056,45.43182,0.00155354384698114,45.4304958238741,0.00022936772104329
14.58191,45.42989,-0.000376456153020399,45.4303285652084,6.21090553528914e-05
14.59326,45.42887,-0.00139645615301731,45.4301550340215,-0.000111422131503219
14.60463,45.4306,0.000333543846977591,45.4299853957943,-0.000281060358674661
14.61595,45.43023,-3.64561530190599e-05,45.4298300636434,-0.000436392509584739
14.62729,45.43063,0.000363543846980008,45.4296990350982,-0.000567421054838429
14.63861,45.4288,-0.00146645615301821,45.4296011816475,-0.000665274505470263
14.64993,45.43014,-0.000126456153019205,45.4295434989715,-0.000722957181508664
14.66125,45.42817,-0.00209645615301923,45.4295303886312,-0.000736067521775572
14.67258,45.42916,-0.00110645615301763,45.42956310183,-0.000703354322999568
14.68388,45.43076,0.000493543846978639,45.429639480339,-0.000626975814027865
14.6952,45.42911,-0.00115645615301929,45.4297540722827,-0.000512383870276279
14.7065,45.4297,-0.000566456153023864,45.4298986205269,-0.000367835626092293
14.71783,45.429,-0.00126645615301868,45.4300628653988,-0.000203590754251613
14.72919,45.43187,0.0016035438469828,45.4302355741512,-3.08820017869365e-05
14.74054,45.4321,0.00183354384697765,45.4304056766811,0.000139220528107325
14.75184,45.42812,-0.00214645615302089,45.4305633587082,0.000296902555166303
14.76315,45.4294,-0.000866456153019612,45.4307009889636,0.000434532810623569
14.77446,45.43237,0.00210354384697808,45.4308138258796,0.00054736972654225
14.78581,45.433,0.0027335438469791,45.4309004705631,0.000634014410080277
14.79716,45.42949,-0.000776456153019467,45.4309629747048,0.000696518551802448
14.8085,45.43202,0.00175354384698068,45.4310064755985,0.000740019445483089
14.81983,45.43143,0.00116354384697814,45.4310383046197,0.000771848466646471
14.83116,45.43056,0.000293543846979105,45.4310666561651,0.000800200012042325
14.84251,45.43023,-3.64561530190599e-05,45.4310990223964,0.000832566243377974
14.8538,45.43176,0.00149354384697631,45.431140664676,0.000874208523003794
14.86515,45.43029,2.35438469786686e-05,45.4311934064241,0.000926950271086734
14.87649,45.42924,-0.00102645615302066,45.4312549933306,0.000988537177534106
14.88783,45.43235,0.00208354384697884,45.4313191821416,0.00105272598852679
14.89918,45.43161,0.00134354384697843,45.4313765944425,0.0011101382894972
14.9105,45.43054,0.000273543846979862,45.4314162189484,0.00114976279540452
14.92182,45.43212,0.00185354384697689,45.4314273101302,0.00116085397713677
14.93314,45.43113,0.000863543846982395,45.4314013563941,0.00113490024107366
14.94447,45.43392,0.0036535438469798,45.4313337710641,0.00106731491112003
14.95581,45.43147,0.00120354384697663,45.4312249766232,0.000958520470145654
14.96715,45.43156,0.00129354384697677,45.4310806314026,0.000814175249534783
14.97846,45.4302,-6.64561530214769e-05,45.4309109155452,0.000644459392185587
14.9898,45.43186,0.00159354384697963,45.4307290133853,0.000462557232283934
15.00114,45.42816,-0.00210645615302241,45.430549118583,0.000282662429981966
15.01246,45.43015,-0.000116456153023137,45.4303843877709,0.000117931617845393
15.02375,45.42768,-0.00258645615301845,45.4302452644792,-2.11916738111528e-05
15.03508,45.43152,0.00125354384697829,45.4301384831464,-0.000127973006603767
15.04642,45.43139,0.00112354384697966,45.4300668522799,-0.000199603873115915
15.05774,45.43033,6.35438469771543e-05,45.4300296771284,-0.0002367790245824
15.06905,45.43043,0.000163543846980474,45.4300235353483,-0.000242920804682269
15.08036,45.42872,-0.00154645615302229,45.430043133327,-0.000223322826026846
15.09171,45.43142,0.00115354384698207,45.4300820944897,-0.000184361663326076
15.10305,45.42852,-0.00174645615302182,45.4301336491026,-0.000132807050460674
15.1144,45.4314,0.00113354384697573,45.4301912416265,-7.52145264813216e-05
15.12572,45.42947,-0.00079645615301871,45.4302490597874,-1.73963656378359e-05
15.13706,45.43109,0.000823543846976804,45.4303024596103,3.6003457233956e-05
15.1484,45.43133,0.00106354384698193,45.4303482405373,8.17843842502506e-05
15.15974,45.42901,-0.00125645615302261,45.4303847317977,0.000118275644641816
15.1711,45.43001,-0.000256456153017837,45.4304116923455,0.000145236192498308
15.18242,45.43115,0.000883543846981638,45.4304300790257,0.000163622872676133
15.19374,45.43038,0.000113543846978814,45.4304417557467,0.000175299593705233
15.20506,45.43154,0.00127354384697753,45.4304491879851,0.000182731832057653
15.21639,45.4284,-0.00186645615301728,45.4304551375377,0.000188681384665768
15.22774,45.43097,0.000703543846981347,45.4304623825212,0.000195926368191342
15.23906,45.42996,-0.000306456153019496,45.4304735115262,0.000207055373214804
15.25038,45.43108,0.000813543846980735,45.4304908233827,0.000224367229674494
15.26168,45.43191,0.00164354384698129,45.430516299348,0.000249843194997489
15.27304,45.43048,0.000213543846982134,45.4305515597721,0.000285103619115773
15.28438,45.43036,9.35438469795713e-05,45.4305977335221,0.000331277369059071
15.29571,45.42901,-0.00125645615302261,45.4306552603311,0.000388804178095549
15.30704,45.43002,-0.000246456153021768,45.4307237488652,0.000457292712144654
15.31836,45.43096,0.000693543846978173,45.4308020364022,0.000535580249180646
15.3297,45.43295,0.00268354384697744,45.430888501843,0.000622045689946051
15.34102,45.42922,-0.0010464561530199,45.4309815314443,0.000715075291249147
15.35234,45.43178,0.00151354384698266,45.4310799335936,0.000813477440566841
15.36365,45.43468,0.00441354384697945,45.4311830976563,0.000916641503314513
15.37499,45.42973,-0.000536456153021447,45.4312907658061,0.00102430965308225
15.38633,45.43095,0.000683543846982104,45.4314024110872,0.00113595493419486
15.39765,45.4292,-0.00106645615301915,45.4315163846307,0.00124992847769011
15.40896,45.43295,0.00268354384697744,45.4316291418262,0.00136268567315108
15.42028,45.42978,-0.000486456153019788,45.4317348710183,0.00146841486523839
15.4316,45.43215,0.00188354384697931,45.4318257109119,0.00155925475884935
15.4429,45.43258,0.00231354384698079,45.4318925456215,0.0016260894684553
15.45422,45.43406,0.00379354384698161,45.4319262000878,0.00165974393479024
15.46554,45.43036,9.35438469795713e-05,45.4319187709262,0.00165231477316716
15.47688,45.4305,0.000233543846981377,45.4318648449064,0.00159838875342482
15.48822,45.43253,0.00226354384697913,45.4317624509516,0.00149599479859115
15.49951,45.43304,0.00277354384697759,45.4316136624282,0.00134720627520038
15.51084,45.43285,0.00258354384698123,45.4314247535296,0.00115829737654467
15.52217,45.43142,0.00115354384698207,45.4312057886513,0.000939332498316925
15.53351,45.4295,-0.000766456153023398,45.430969601942,0.000703145788937821
15.54482,45.4304,0.000133543846978057,45.4307303083127,0.000463852159647086
15.55614,45.42943,-0.000836456153017195,45.4305016579147,0.000235201761714501
15.56746,45.42982,-0.000446456153021302,45.4302955887489,2.91325958885e-05
15.5788,45.43131,0.00104354384698269,45.4301212335429,-0.000145222610138186
15.59015,45.42896,-0.00130645615302427,45.4299844710796,-0.000281985073435397
15.60146,45.4306,0.000333543846977591,45.4298879671176,-0.000378489035460866
15.61276,45.42933,-0.000936456153020515,45.4298315722225,-0.000434883930477305
15.62408,45.43167,0.00140354384697616,45.4298129250609,-0.000453531092122313
15.63542,45.42827,-0.00199645615302302,45.4298281225996,-0.000438333553437924
15.64677,45.42976,-0.00050645615301903,45.429872353959,-0.000394102194028503
15.6581,45.43147,0.00120354384697663,45.4299404451978,-0.000326010955182306
15.66941,45.4284,-0.00186645615301728,45.4300273007141,-0.000239155438963888
15.68074,45.43165,0.00138354384697692,45.4301282385557,-0.000138217597281499
15.6921,45.42835,-0.00191645615301894,45.4302392212685,-2.72348845406557e-05
15.70346,45.43065,0.000383543846979251,45.4303569928525,9.05366994374195e-05
15.71478,45.43212,0.00185354384697689,45.4304791261513,0.000212669998324904
15.72611,45.43081,0.000543543846980299,45.4306039537697,0.000337497616649913
15.73746,45.4295,-0.000766456153023398,45.4307303362227,0.000463880069647887
15.74881,45.43217,0.00190354384697855,45.4308572593369,0.000590803183924203
15.76015,45.43028,1.35438469825999e-05,45.4309833359927,0.000716879839691789
15.77145,45.42981,-0.000456456153017371,45.4311063550872,0.000839898934204502
15.78278,45.43161,0.00134354384697843,45.4312230377498,0.000956581596766038
15.79413,45.43021,-5.64561530183028e-05,45.4313291262909,0.00106267013784913
15.80549,45.4323,0.00203354384697718,45.4314198473003,0.00115339114728891
15.8168,45.4321,0.00183354384697765,45.4314906752153,0.00122421906231419
15.82812,45.43101,0.000743543846979833,45.4315382244786,0.00127176832561144
15.83946,45.43108,0.000813543846980735,45.4315610593524,0.00129460319941283
15.85079,45.43256,0.00229354384698155,45.4315602270937,0.00129377094063289
15.86214,45.43566,0.00539354384697788,45.4315393546858,0.0012728985327337
15.87348,45.42855,-0.00171645615301941,45.4315041978585,0.00123774170547802
15.8848,45.43053,0.000263543846976688,45.4314616478668,0.00119519171380208
15.89616,45.43163,0.00136354384697768,45.4314183930627,0.00115193690967263
15.9075,45.4314,0.00113354384697573,45.4313795830162,0.00111312686315314
15.91884,45.43015,-0.000116456153023137,45.4313478432679,0.00108138711485119
15.93014,45.42897,-0.0012964561530211,45.4313228712433,0.00105641509024781
15.94148,45.43343,0.00316354384698059,45.431301695696,0.00103523954292841
15.95282,45.43237,0.00210354384697808,45.4312795207776,0.00101306462459637
15.96416,45.43084,0.000573543846982716,45.4312509103108,0.000984454157805003
15.97551,45.43275,0.00248354384697791,45.4312109774572,0.000944521304224133
15.98682,45.4311,0.000833543846979978,45.4311562952446,0.000889839091578843
15.99815,45.42977,-0.000496456153022962,45.431085395073,0.000818938919945952
16.00953,45.42995,-0.000316456153022671,45.4309988791237,0.00073242297064868
16.0209,45.43214,0.00187354384697613,45.430899263324,0.000632807171016549
16.03222,45.43237,0.00210354384697808,45.4307906566348,0.00052420048175344
16.04355,45.42993,-0.000336456153021913,45.430678309613,0.000411853459970542
16.0549,45.42929,-0.000976456153019001,45.4305680319773,0.000301575824234075
16.06623,45.43093,0.000663543846975756,45.4304655338064,0.000199077653366369
16.07758,45.43026,-6.45615302374836e-06,45.4303758173269,0.000109361173885732
16.08889,45.42923,-0.00103645615302383,45.4303027468267,3.62906736722952e-05
16.1002,45.43176,0.00149354384697631,45.4302488556619,-1.76004911137942e-05
16.11151,45.43039,0.000123543846981988,45.4302153721833,-5.10839697468248e-05
16.12283,45.42821,-0.00205645615302075,45.4302024018653,-6.4054287685784e-05
16.13413,45.43166,0.00139354384698009,45.4302091979686,-5.72581843773876e-05
16.14546,45.43127,0.0010035438469771,45.4302344657055,-3.19904474757977e-05
16.15678,45.42811,-0.00215645615302407,45.43027664654,1.0190386971066e-05
16.1681,45.43163,0.00136354384697768,45.4303341272002,6.76710472117254e-05
16.17942,45.43058,0.000313543846978348,45.4304053330546,0.000138876901619226
16.19076,45.43152,0.00125354384697829,45.4304886854829,0.000222229329892964
16.2021,45.42925,-0.00101645615301749,45.4305824199266,0.000315963773598845
16.21341,45.43022,-4.6456153022234e-05,45.4306843002305,0.000417844077431666
16.22473,45.43217,0.00190354384697855,45.4307913218424,0.000524865689375594
16.23607,45.42995,-0.000316456153022671,45.4308995232063,0.000633067053303837
16.24736,45.42979,-0.000476456153023719,45.4310040042617,0.000737548108693663
16.2587,45.43219,0.00192354384697779,45.4310992142009,0.000832758047849149
16.27002,45.42838,-0.00188645615302363,45.4311795272221,0.000913071069121713
16.28136,45.43381,0.00354354384698041,45.4312400492308,0.000973593077790981
16.29267,45.43343,0.00316354384698059,45.4312774897434,0.00101103359034671
16.30396,45.42988,-0.000386456153023573,45.4312908492465,0.00102439309344643
16.3153,45.43128,0.00101354384698027,45.4312816917752,0.0010152356222157
16.32662,45.43171,0.00144354384698175,45.4312539088909,0.000987452737908205
16.33796,45.43074,0.000473543846979396,45.4312130432486,0.000946587095575612
16.34927,45.431,0.000733543846976659,45.4311653288857,0.000898872732630748
16.36059,45.43256,0.00229354384698155,45.4311166177684,0.000850161615410981
16.37192,45.43087,0.000603543846978027,45.431071353744,0.000804897590931506
16.38324,45.42838,-0.00188645615302363,45.4310317661561,0.000765310003126572
16.39457,45.4299,-0.000366456153017225,45.4309974840564,0.0007310279033509
16.4059,45.4298,-0.000466456153020545,45.4309657573732,0.000699301220180094
16.41724,45.43381,0.00354354384698041,45.4309323323427,0.000665876189684242
16.42854,45.43298,0.00271354384697986,45.4308927794426,0.000626323289606145
16.4399,45.4302,-6.64561530214769e-05,45.4308438657977,0.000577409644702099
16.45124,45.43031,4.35438469779115e-05,45.4307845601738,0.000518104020817939
16.46258,45.43098,0.000713543846977416,45.430716455201,0.00044999904796451
16.47387,45.42963,-0.000636456153017662,45.430643627001,0.000377170847943593
16.4852,45.43148,0.0012135438469798,45.4305720790407,0.000305622887708256
16.49654,45.4308,0.000533543846977125,45.4305089224609,0.00024246630792502
16.5079,45.43063,0.000363543846980008,45.4304614063094,0.000194950156404396
16.5192,45.43028,1.35438469825999e-05,45.4304358975641,0.000169441411084525
16.53051,45.42909,-0.00117645615301853,45.4304369416864,0.00017048553340779
16.54186,45.42886,-0.00140645615302049,45.4304665751737,0.000200119020721412
16.5532,45.43272,0.0024535438469826,45.4305240490613,0.000257592908289708
16.56452,45.43016,-0.000106456153019963,45.4306060232997,0.000339567146680128
16.57586,45.43131,0.00104354384698269,45.4307071533009,0.000440697147892573
16.58717,45.4294,-0.000866456153019612,45.4308209058639,0.000554449710884794
16.59851,45.43159,0.00132354384697919,45.4309404484188,0.000673992265827201
16.60985,45.43174,0.00147354384697707,45.4310594946373,0.000793038484321301
16.62119,45.43099,0.00072354384698059,45.4311729986466,0.000906542493555872
16.6325,45.43179,0.00152354384697873,45.431277581588,0.00101112543493993
16.64384,45.43213,0.00186354384698006,45.4313715953532,0.00110513920019421
16.65515,45.43202,0.00175354384698068,45.4314547933523,0.00118833719932341
16.66646,45.43011,-0.000156456153021622,45.4315276721444,0.00126121599138445
16.67778,45.43137,0.00110354384698041,45.4315906520716,0.00132419591857471
16.68911,45.43095,0.000683543846982104,45.4316433442146,0.00137688806154821
16.70043,45.43012,-0.000146456153018448,45.4316841541874,0.00141769803437386
16.71178,45.43256,0.00229354384698155,45.431710379192,0.00144392303899544
16.72311,45.43242,0.00215354384697974,45.4317187930526,0.00145233689961671
16.73443,45.43242,0.00215354384697974,45.4317065465194,0.00144009036639127
16.74575,45.43047,0.00020354384697896,45.4316721076086,0.00140565145555351
16.75708,45.43427,0.00400354384697721,45.431615968462,0.00134951230896723
16.76841,45.43169,0.00142354384698251,45.431540927152,0.00127447099901814
16.77975,45.42977,-0.000496456153022962,45.4314518693449,0.00118541319184035
16.7911,45.43103,0.000763543846979076,45.4313551059004,0.00108864974739207
16.80244,45.43265,0.00238354384698169,45.4312574374955,0.000990981342444348
16.81379,45.43111,0.000843543846976047,45.4311651607607,0.000898704607656607
16.82512,45.43013,-0.00013645615302238,45.4310832034846,0.000816747331594986
16.83646,45.4281,-0.00216645615302014,45.4310145470258,0.000748090872753507
16.84779,45.43169,0.00142354384698251,45.4309600761702,0.000693620017148816
16.85911,45.43239,0.00212354384697733,45.4309189134277,0.000652457274671664
16.87045,45.43267,0.00240354384698094,45.4308891146767,0.000622658523697544
16.88179,45.43075,0.00048354384698257,45.4308684365708,0.000601980417757566
16.89311,45.43098,0.000713543846977416,45.4308548790691,0.000588422916099604
16.90446,45.42972,-0.000546456153017516,45.4308468717642,0.000580415611213624
16.91581,45.42976,-0.00050645615301903,45.4308431808746,0.000576724721531058
16.92715,45.43044,0.000173543846976543,45.4308427254827,0.000576269329670227
16.9385,45.43199,0.00172354384697826,45.4308444576054,0.000578001452331086
16.94985,45.43294,0.00267354384698137,45.4308473290141,0.000580872861036632
16.96119,45.4305,0.000233543846981377,45.4308502486315,0.000583792478466681
16.97254,45.42927,-0.000996456153018244,45.4308519330596,0.000585476906618863
16.98384,45.4296,-0.000666456153020079,45.4308506754146,0.00058421926162134
16.99519,45.43231,0.00204354384698036,45.430844185991,0.000577729837943475
17.00652,45.43066,0.000393543846982425,45.4308296674743,0.000563211321241042
17.01784,45.42851,-0.00175645615301789,45.430804182615,0.000537726461998732
17.02919,45.43247,0.0022035438469814,45.4307652546137,0.000498798460645148
17.04054,45.43246,0.00219354384697823,45.4307115628961,0.000445106743083148
17.05188,45.42944,-0.000826456153021127,45.4306435467978,0.000377090644740619
17.06324,45.43085,0.000583543846978785,45.4305637235826,0.000297267429572757
17.07457,45.43031,4.35438469779115e-05,45.4304765961746,0.000210140021624868
17.08591,45.43284,0.00257354384697805,45.4303881305946,0.00012167444154777
17.09724,45.43015,-0.000116456153023137,45.430304863859,3.84077060039084e-05
17.10856,45.42846,-0.00180645615301955,45.4302327789912,-3.36771618066855e-05
17.11989,45.42756,-0.00270645615302101,45.430176196152,-9.02600010622995e-05
17.13124,45.42979,-0.000476456153023719,45.4301370196931,-0.000129436459958573
17.14258,45.43107,0.000803543846977561,45.4301146245378,-0.000151831615207175
17.15388,45.43007,-0.000196456153020108,45.4301064310234,-0.000160025129622114
17.1652,45.43234,0.00207354384698277,45.4301089345649,-0.000157521588076611
17.17649,45.43103,0.000763543846979076,45.4301187943332,-0.000147661819772585
17.1878,45.42905,-0.00121645615302413,45.4301336141657,-0.000132841987362373
17.19917,45.43084,0.000573543846982716,45.4301522253671,-0.000114230785874914
17.21052,45.42878,-0.00148645615301746,45.4301745005441,-9.19556089480367e-05
17.22186,45.43015,-0.000116456153023137,45.4302008836285,-6.55725245082407e-05
17.23314,45.42968,-0.000586456153023107,45.430231861599,-3.45945539966908e-05
17.24446,45.43212,0.00185354384697689,45.4302675471956,1.09104258894248e-06
17.2558,45.4286,-0.00166645615301775,45.4303074486587,4.09925056580149e-05
17.26714,45.42977,-0.000496456153022962,45.4303504330122,8.39768591739349e-05
17.27846,45.43071,0.000443543846976979,45.4303948625553,0.000128406402264161
17.28977,45.43193,0.00166354384698053,45.4304388612327,0.00017240507971884
17.30109,45.43008,-0.000186456153024039,45.4304806180334,0.00021416188041761
17.31239,45.43135,0.00108354384698117,45.4305185996972,0.000252143544210273
17.32371,45.43166,0.00139354384698009,45.4305515845281,0.00028512837509019
17.33501,45.42678,-0.0034864561530199,45.4305785385674,0.000312082414355317
17.34634,45.42986,-0.000406456153022816,45.4305984697887,0.000332013635684804
17.35765,45.43345,0.00318354384697983,45.430610431154,0.000343975001018387
17.36899,45.42863,-0.00163645615302244,45.4306137474948,0.000347291341733157
17.38031,45.43356,0.00329354384697922,45.4306083691049,0.000341912951868228
17.39166,45.43053,0.000263543846976688,45.4305951452313,0.000328689078308807
17.40298,45.42918,-0.00108645615301839,45.4305758439533,0.000309387800262679
17.41432,45.4309,0.000633543846980444,45.4305528795629,0.000286423409919934
17.42565,45.43098,0.000713543846977416,45.4305288464424,0.00026239028939362
17.43698,45.42995,-0.000316456153022671,45.4305060261227,0.000239569969705087
17.44833,45.42963,-0.000636456153017662,45.4304860287585,0.000219572605526589
17.45963,45.42911,-0.00115645615301929,45.4304696945542,0.000203238401141857
17.47099,45.43058,0.000313543846978348,45.4304573242452,0.000190868092140904
17.48232,45.43166,0.00139354384698009,45.4304491992652,0.000182743112222613
17.49367,45.43251,0.00224354384697989,45.4304462009951,0.000179744842050049
17.50502,45.43148,0.0012135438469798,45.4304502328318,0.000183776678767876
17.51636,45.42945,-0.000816456153017953,45.4304641896864,0.000197733533354278
17.52768,45.429,-0.00126645615301868,45.4304914178129,0.000224961659886117
17.53905,45.43089,0.00062354384697727,45.4305348507875,0.000268394634508341
17.55038,45.42906,-0.00120645615302095,45.4305961432659,0.000329687112862392
17.56172,45.42957,-0.000696456153022496,45.4306750883129,0.000408632159864341
17.57307,45.43361,0.00334354384698088,45.4307694465551,0.000502990402059903
17.58441,45.43297,0.00270354384697669,45.4308751303139,0.000608674160900621
17.59578,45.42796,-0.00230645615302194,45.4309865707014,0.000720114548344242
17.60709,45.43028,1.35438469825999e-05,45.4310971244979,0.000830668344853453
17.61842,45.43167,0.00140354384697616,45.4311995111014,0.000933054948402451
17.62974,45.43196,0.00169354384697584,45.4312863519218,0.00101989576881786
17.64107,45.43079,0.000523543846981056,45.4313508263549,0.00108437020189709
17.65237,45.43208,0.0018135438469784,45.4313873434108,0.00112088725781118
17.6637,45.43316,0.00289354384698015,45.4313920747701,0.00112561861704695
17.67503,45.43065,0.000383543846979251,45.4313632278324,0.00109677167939118
17.68633,45.43007,-0.000196456153020108,45.4313010287522,0.00103457259922274
17.69766,45.43042,0.0001535438469773,45.4312075030238,0.000941046870818842
17.70896,45.43135,0.00108354384698117,45.4310862203607,0.000819764207705056
17.7203,45.43075,0.00048354384698257,45.4309421438629,0.000675687709869382
17.73163,45.43166,0.00139354384698009,45.4307816040134,0.000515147860399694
17.74297,45.43091,0.000643543846976513,45.4306122947835,0.000345838630433999
17.75431,45.43108,0.000813543846980735,45.4304431374122,0.000176681259188559
17.76565,45.43046,0.000193543846975786,45.430283891956,1.74358029633211e-05
17.77699,45.4297,-0.000566456153023864,45.430144490999,-0.000121965153998211
17.78834,45.42819,-0.00207645615301999,45.4300341807842,-0.000232275368861848
17.79969,45.43159,0.00132354384697919,45.4299606304883,-0.000305825664764622
17.81104,45.42917,-0.00109645615302156,45.4299291691728,-0.00033728698021154
17.82236,45.43113,0.000863543846982395,45.4299422412326,-0.000324214920415299
17.83368,45.43002,-0.000246456153021768,45.4299991008666,-0.00026735528645541
17.84498,45.42845,-0.00181645615302273,45.4300957547494,-0.000170701403614076
17.8563,45.43002,-0.000246456153021768,45.4302252024261,-4.12537269417517e-05
17.86762,45.42897,-0.0012964561530211,45.4303780492582,0.000111593105171696
17.87894,45.43123,0.00096354384697861,45.4305435113294,0.000277055176377365
17.89028,45.43272,0.0024535438469826,45.4307106907515,0.000444234598430454
17.90162,45.43166,0.00139354384698009,45.4308698464335,0.000603390280475779
17.91295,45.43145,0.00118354384697739,45.4310133269471,0.000746870794064707
17.92428,45.43198,0.00171354384698219,45.4311359299747,0.000869473821726378
17.93562,45.42918,-0.00108645615301839,45.4312346693226,0.000968213169555558
17.94697,45.43016,-0.000106456153019963,45.4313081563184,0.00104170016534332
17.95829,45.43156,0.00129354384697677,45.4313559294444,0.00108947329136681
17.96963,45.43041,0.000143543846981231,45.4313780396203,0.00111158346726809
17.98094,45.43168,0.00141354384697934,45.4313750429139,0.00110858676083233
17.99228,45.4314,0.00113354384697573,45.4313483544353,0.00108189828229838
18.00363,45.43307,0.00280354384698001,45.4313007595403,0.001034303387233
18.01494,45.43188,0.00161354384697887,45.4312368009279,0.000970344774898687
18.02627,45.43188,0.00161354384697887,45.4311627820346,0.000896325881557558
18.03758,45.43046,0.000193543846975786,45.4310862545371,0.000819798384094293
18.04892,45.43005,-0.000216456153019351,45.4310150526955,0.000748596542481319
18.06025,45.43079,0.000523543846981056,45.4309561145302,0.000689658377195887
18.07159,45.42849,-0.00177645615302424,45.4309144072379,0.000647951084865392
18.08292,45.43338,0.00311354384697893,45.4308922226773,0.000625766524280201
18.09422,45.43134,0.001073543846978,45.4308889636012,0.000622507448197135
18.10555,45.42912,-0.00114645615302322,45.430901386676,0.000634930522977943
18.11687,45.43138,0.00111354384697648,45.4309241892366,0.000657733083605476
18.12821,45.43117,0.000903543846980881,45.4309508317925,0.000684375639508567
18.13954,45.43054,0.000273543846979862,45.4309745047754,0.000708048622389343
18.15089,45.43171,0.00144354384698175,45.4309891256257,0.000722669472659741
18.16223,45.43153,0.00126354384698146,45.4309902179809,0.000723761827893356
18.17356,45.43161,0.00134354384697843,45.4309755224168,0.000709066263747931
18.18489,45.4297,-0.000566456153023864,45.4309452321721,0.000678776019126888
18.19624,45.43142,0.00115354384698207,45.4309018269375,0.00063537078447033
18.20755,45.43236,0.00209354384698202,45.4308495594448,0.000583103291804363
18.21889,45.43029,2.35438469786686e-05,45.4307937021166,0.000527245963569086
18.23023,45.42878,-0.00148645615301746,45.4307396984336,0.00047324228058114
18.24158,45.42939,-0.000876456153022787,45.4306924106341,0.000425954481064369
18.2529,45.43095,0.000683543846982104,45.430655668828,0.000389212674930244
18.26421,45.43203,0.00176354384697675,45.4306322302286,0.000365774075568459
18.27554,45.43091,0.000643543846976513,45.4306240671617,0.000357611008634129
18.28689,45.43152,0.00125354384697829,45.4306327451245,0.000366288971460974
18.29822,45.43085,0.000583543846978785,45.4306596344685,0.000393178315448637
18.30955,45.4302,-6.64561530214769e-05,45.4307058127529,0.000439356599883802
18.32088,45.43091,0.000643543846976513,45.430771674004,0.000505217850936611
18.33221,45.43002,-0.000246456153021768,45.4308563872214,0.000589931068368144
18.34351,45.4319,0.00163354384697811,45.4309574037818,0.000690947628760426
18.35484,45.4286,-0.00166645615301775,45.4310702059133,0.000803749760253286
18.36617,45.43212,0.00185354384697689,45.4311884388802,0.000921982727139982
18.3775,45.42982,-0.000446456153021302,45.4313044895556,0.00103803340260047
18.38881,45.43289,0.00262354384697971,45.4314104606582,0.00114400450513431
18.40012,45.43197,0.00170354384697902,45.4314993583824,0.00123290222935904
18.41145,45.43224,0.00197354384697945,45.4315662119275,0.00129975577450344
18.42276,45.43349,0.00322354384697832,45.4316088314771,0.00134237532405885
18.43411,45.42972,-0.000546456153017516,45.4316280054973,0.00136154934424045
18.44544,45.43105,0.000783543846978318,45.4316271067421,0.00136065058910032
18.45675,45.43256,0.00229354384698155,45.4316112432051,0.001344787052031
18.46808,45.43117,0.000903543846980881,45.4315861747583,0.00131971860524565
18.47941,45.43195,0.00168354384697977,45.4315572022019,0.00129074604887166
18.49074,45.4315,0.00123354384697905,45.4315281870946,0.00126173094161878
18.50207,45.43039,0.000123543846981988,45.4315008418347,0.00123438568166616
18.51339,45.42954,-0.000726456153017807,45.4314744347662,0.00120797861315571
18.52473,45.43213,0.00186354384698006,45.4314460296155,0.00117957346249782
18.53604,45.43131,0.00104354384698269,45.431411273779,0.00114481762594665
18.54735,45.43297,0.00270354384697669,45.4313655756292,0.00109911947618336
18.55867,45.43218,0.00191354384698172,45.4313053504614,0.00103889430836707
18.57,45.43302,0.00275354384697835,45.4312289671982,0.000962511045203303
18.58132,45.42955,-0.000716456153021738,45.4311371323136,0.000870676160571119
18.59264,45.42957,-0.000696456153022496,45.4310326602198,0.000766204066828962
18.60397,45.43261,0.0023435438469761,45.4309197959293,0.000653339776272816
18.61532,45.4286,-0.00166645615301775,45.4308033660815,0.000536909928442984
18.62666,45.4304,0.000133543846978057,45.4306880058532,0.000421549700170755
18.63798,45.43227,0.00200354384698187,45.4305775994968,0.000311143343770595
18.6493,45.43111,0.000843543846976047,45.4304749515871,0.000208495434111204
18.66062,45.43038,0.000113543846978814,45.4303816237517,0.000115167598717955
18.67194,45.42883,-0.0014364561530229,45.4302978733712,3.14172182230563e-05
18.68329,45.4289,-0.001366456153022,45.4302227130977,-4.37430553346859e-05
18.69464,45.43153,0.00126354384698146,45.4301541810822,-0.000112275070837866
18.70595,45.43018,-8.64561530207197e-05,45.4300898791345,-0.000176577018497718
18.7173,45.43028,1.35438469825999e-05,45.4300277194542,-0.000238736698810313
18.72864,45.42872,-0.00154645615302229,45.4299667244409,-0.000299731712090347
18.73998,45.43093,0.000663543846975756,45.4299077075626,-0.000358748590388341
18.75132,45.43067,0.000403543846978494,45.4298536882316,-0.000412767921409958
18.76265,45.43011,-0.000156456153021622,45.4298099098773,-0.00045654627569194
18.77398,45.43231,0.00204354384698036,45.4297833568113,-0.000483099341765376
18.78533,45.4279,-0.00236645615301967,45.4297817568207,-0.000484699332276488
18.79667,45.42713,-0.00313645615302249,45.4298122223472,-0.0004542338057727
18.80802,45.42975,-0.000516456153022204,45.4298798505923,-0.000386605560698247
18.81932,45.43008,-0.000186456153024039,45.4299866489563,-0.000279807196704155
18.83066,45.43139,0.00112354384697966,45.430131014016,-0.000135442137010617
18.84201,45.43039,0.000123543846981988,45.4303077580907,4.13019377041181e-05
18.85334,45.43135,0.00108354384698117,45.4305085136254,0.000242057472402297
18.86466,45.43107,0.000803543846977561,45.4307223363252,0.000455880172156502
18.87599,45.42873,-0.00153645615301912,45.430936432217,0.000669976063962369
18.88734,45.43004,-0.000226456153022525,45.4311370579341,0.000870601781076252
18.89868,45.43107,0.000803543846977561,45.4313106961741,0.00104424002104685
18.91,45.43225,0.00198354384698263,45.4314455299594,0.00117907380638963
18.92134,45.43243,0.00216354384697581,45.4315330526566,0.00126659650359026
18.93267,45.43274,0.00247354384698184,45.431569468344,0.00130301219102594
18.94402,45.43334,0.00307354384698044,45.4315564767063,0.00129002055327924
18.95537,45.43174,0.00147354384697707,45.4315011378057,0.00123468165263831
18.96672,45.4305,0.000233543846981377,45.4314147384843,0.001148282331309
18.97806,45.43155,0.00128354384698071,45.4313108573813,0.00104440122830185
18.98938,45.42776,-0.00250645615302147,45.4312030534201,0.000936597267072784
19.00073,45.43198,0.00171354384698219,45.4311026970378,0.000836240884750011
19.01207,45.43204,0.00177354384697992,45.431017391727,0.000750935574023823
19.02339,45.42889,-0.00137645615301807,45.4309502422519,0.000683786098865612
19.03473,45.43122,0.000953543846982541,45.430900019943,0.000633563789951835
19.04603,45.42989,-0.000376456153020399,45.4308621323424,0.000595676189405368
19.05735,45.43018,-8.64561530207197e-05,45.4308302063478,0.000563750194806015
19.06868,45.43385,0.0035835438469789,45.4307979831681,0.000531527015108063
19.08002,45.43184,0.00157354384698039,45.4307611051429,0.000494648989833628
19.09134,45.43296,0.00269354384698062,45.4307183319115,0.000451875758461147
19.10267,45.42782,-0.00244645615302375,45.43067184369,0.000405387536942861
19.114,45.43102,0.000753543846975901,45.4306265647705,0.000360108617527941
19.12531,45.43257,0.00230354384697762,45.4305887379774,0.000322281824425197
19.13664,45.42822,-0.00204645615301757,45.4305641577221,0.000297701569062108
19.14796,45.42873,-0.00153645615301912,45.4305565096372,0.000290053484201117
19.1593,45.42915,-0.00111645615302081,45.4305662336173,0.000299777464305896
19.17062,45.43109,0.000823543846976804,45.4305902247791,0.000323768626125182
19.18196,45.43108,0.000813543846980735,45.4306224674872,0.0003560113341836
19.19327,45.43249,0.00222354384698065,45.4306554091834,0.000388953030409253
19.2046,45.43125,0.000983543846977852,45.4306816673197,0.000415211166668478
19.21595,45.42994,-0.000326456153018739,45.4306956282189,0.000429172065855366
19.22726,45.43063,0.000363543846980008,45.4306946237489,0.00042816759592949
19.23859,45.42962,-0.000646456153020836,45.4306795513852,0.000413095232224006
19.24989,45.43357,0.00330354384698239,45.430654921838,0.000388465684938342
19.26124,45.43087,0.000603543846978027,45.4306283455301,0.000361889377096655
19.27255,45.43005,-0.000216456153019351,45.4306094778354,0.000343021682427351
19.28387,45.42884,-0.00142645615301973,45.4306085210134,0.000342064860354657
19.2952,45.43188,0.00161354384697887,45.4306345149101,0.000368058757093522
19.30653,45.43003,-0.000236456153018594,45.4306937336111,0.000427277458057806
19.31785,45.42862,-0.00164645615301851,45.4307884787193,0.000522022566277768
19.3292,45.43305,0.00278354384698076,45.4309164611414,0.000650004988392698
19.34054,45.43058,0.000313543846978348,45.4310708493164,0.000804393163351592
19.35186,45.43005,-0.000216456153019351,45.4312409552166,0.000974499063552877
19.36319,45.43124,0.000973543846981784,45.431413449713,0.00114699355994113
19.37455,45.4329,0.00263354384697578,45.431573951366,0.00130749521293977
19.38589,45.4313,0.00103354384697951,45.4317087877591,0.00144233160612528
19.39723,45.43195,0.00168354384697977,45.4318066793569,0.00154022320384453
19.40857,45.43334,0.00307354384698044,45.431860082454,0.00159362630093964
19.41989,45.4319,0.00163354384697811,45.4318659726769,0.00159951652391542
19.43121,45.43137,0.00110354384698041,45.4318259382175,0.00155948206449361
19.44252,45.43357,0.00330354384698239,45.4317455656157,0.00147910946269965
19.45386,45.43135,0.00108354384698117,45.4316332259037,0.00136676975068292
19.46518,45.43024,-2.64561530229912e-05,45.4314984887571,0.00123203260407771
19.47654,45.42899,-0.00127645615302185,45.4313504952838,0.0010840391307641
19.48786,45.43135,0.00108354384698117,45.431196669705,0.000930213552022445
19.49921,45.43075,0.00048354384698257,45.4310420797136,0.000775623560583113
19.51056,45.43052,0.000253543846980619,45.4308895502749,0.000623094121865851
19.52192,45.43281,0.00254354384698274,45.4307403836133,0.00047392746027258
19.53325,45.43325,0.0029835438469803,45.4305953577189,0.00032890156590977
19.54459,45.42732,-0.00294645615301903,45.4304556396037,0.000189183450668133
19.55592,45.4304,0.000133543846978057,45.4303233669521,5.69107990738343e-05
19.56727,45.43024,-2.64561530229912e-05,45.430201845099,-6.46110539758125e-05
19.57861,45.43127,0.0010035438469771,45.4300954347256,-0.000171021427435728
19.58995,45.42966,-0.00060645615302235,45.4300092037714,-0.00025725238159745
19.60128,45.43076,0.000493543846978639,45.4299483659175,-0.000318090235562838
19.61259,45.42866,-0.00160645615302002,45.4299175320513,-0.000348924101691651
19.62391,45.43048,0.000213543846982134,45.4299198644057,-0.00034659174735559
19.63525,45.43061,0.000343543846980765,45.4299562836076,-0.000310172545432508
19.64659,45.4281,-0.00216645615302014,45.430024899804,-0.000241556349032917
19.65792,45.43018,-8.64561530207197e-05,45.4301208296168,-0.00014562653622575
19.66926,45.42915,-0.00111645615302081,45.4302365299899,-2.9926163130708e-05
19.68059,45.4297,-0.000566456153023864,45.4303627060936,9.62499406029071e-05
19.69191,45.43008,-0.000186456153024039,45.4304897139965,0.000223257843435401
19.70326,45.43478,0.00451354384698277,45.4306092027822,0.000342746629199842
19.71461,45.43094,0.00067354384697893,45.4307155919264,0.000449135773328515
19.72593,45.43188,0.00161354384697887,45.4308069538634,0.000540497710347989
19.73726,45.42815,-0.00211645615301848,45.4308850338993,0.000618577746280214
19.74858,45.4328,0.00253354384697957,45.4309544293676,0.000687973214585885
19.75994,45.43027,3.54384697942578e-06,45.4310212008084,0.000754744655395777
19.77132,45.43019,-7.64561530175456e-05,45.4310912889068,0.000824832753767838
19.78264,45.42963,-0.000636456153017662,45.4311690905946,0.000902634441530575
19.79397,45.43224,0.00197354384697945,45.4312564747438,0.000990018590734976
19.80532,45.43035,8.35438469763972e-05,45.4313524042337,0.00108594808070046
19.81666,45.43222,0.00195354384698021,45.4314531775439,0.00118672139084113
19.82799,45.43152,0.00125354384697829,45.4315531560689,0.00128669991586679
19.83932,45.43158,0.00131354384697602,45.4316457537809,0.00137929762786224
19.85066,45.43441,0.00414354384697901,45.4317244417827,0.0014579856297033
19.86198,45.432,0.00173354384698143,45.4317835530313,0.00151709687827259
19.87332,45.42881,-0.00145645615302215,45.4318187701708,0.00155231401776207
19.88466,45.4297,-0.000566456153023864,45.4318273308968,0.00156087474374105
19.896,45.43496,0.00469354384697596,45.4318080976183,0.00154164146523664
19.90736,45.43359,0.00332354384698164,45.4317615978469,0.00149514169385127
19.91868,45.4316,0.00133354384698237,45.4316899881067,0.00142353195368682
19.93004,45.4293,-0.000966456153022932,45.4315968226652,0.00133036651214927
19.94135,45.43162,0.00135354384698161,45.431486621591,0.00122016543793953
19.95268,45.42973,-0.000536456153021447,45.431364398293,0.00109794214001728
19.96404,45.43312,0.00285354384698167,45.4312353376405,0.000968881487448702
19.97539,45.4304,0.000133543846978057,45.4311046892408,0.000838233087768319
19.98673,45.43282,0.00255354384697881,45.4309777798269,0.000711323673888416
19.99809,45.43055,0.000283543846975931,45.4308599720982,0.000593515945206507
20.00943,45.43063,0.000363543846980008,45.4307564359176,0.00048997976457446
20.02074,45.43066,0.000393543846982425,45.4306717102904,0.000405254137351871
20.03205,45.42911,-0.00115645615301929,45.4306091516222,0.000342695469229301
20.04336,45.43093,0.000663543846975756,45.4305704252695,0.000303969116465148
20.05469,45.43202,0.00175354384698068,45.430555179127,0.000288722973982792
20.06601,45.42982,-0.000446456153021302,45.4305609662726,0.000294510119577381
20.07736,45.42976,-0.00050645615301903,45.4305834230034,0.000316966850359097
20.08866,45.42916,-0.00110645615301763,45.4306167007183,0.000350244565304377
20.09998,45.43217,0.00190354384697855,45.4306541564453,0.000387700292320397
20.1113,45.43016,-0.000106456153019963,45.4306892552223,0.000422799069327834
20.12262,45.43315,0.00288354384697698,45.4307165305057,0.000450074352717168
20.13394,45.43152,0.00125354384697829,45.430732375986,0.000465919832954293
20.14528,45.42872,-0.00154645615302229,45.4307354858046,0.000469029651570021
20.15661,45.4285,-0.00176645615302107,45.4307269132584,0.000460457105363282
20.16794,45.43234,0.00207354384698277,45.4307098738629,0.000443417709908685
20.17928,45.43184,0.00157354384698039,45.4306894473914,0.000422991238409433
20.19061,45.4292,-0.00106645615301915,45.4306722207528,0.000405764599753376
20.20191,45.43373,0.00346354384697634,45.4306657897735,0.0003993336204929
20.21325,45.42962,-0.000646456153020836,45.4306780252004,0.000411569047332169
20.22459,45.42961,-0.00065645615302401,45.4307161045865,0.00044964843348085
20.2359,45.43035,8.35438469763972e-05,45.4307854430911,0.000518986938087934
20.24722,45.42984,-0.000426456153022059,45.4308887442482,0.000622288095179196
20.25855,45.43217,0.00190354384697855,45.431025376164,0.000758920010952325
20.26984,45.43288,0.00261354384697654,45.431191164183,0.000924708030003144
20.28117,45.42892,-0.00134645615302276,45.4313785654414,0.0011121092883829
20.29252,45.43239,0.00212354384697733,45.431577145096,0.00131068894302105
20.30385,45.43085,0.000583543846978785,45.4317743075623,0.0015078514092814
20.31516,45.4332,0.00293354384697864,45.4319562660001,0.0016898098470905
20.32648,45.43157,0.00130354384697995,45.4321092056179,0.00184274946484363
20.33782,45.43232,0.00205354384697642,45.4322205453676,0.00195408921456099
20.34912,45.43167,0.00140354384697616,45.4322801821897,0.00201372603663962
20.36044,45.43206,0.00179354384697916,45.4322816102574,0.00201515410440563
20.37178,45.4333,0.00303354384698196,45.4322228053233,0.00195634917029765
20.38311,45.43368,0.00341354384698178,45.4321067366801,0.0018402805270846
20.39442,45.43172,0.00145354384697782,45.4319413548954,0.00167489874239055
20.40574,45.43162,0.00135354384698161,45.4317389610282,0.00147250487522236
20.41707,45.43066,0.000393543846982425,45.4315150014023,0.00124854524925421
20.42838,45.43087,0.000603543846978027,45.4312864815742,0.00102002542121769
20.43972,45.43096,0.000693543846978173,45.4310702658374,0.000803809684422014
20.45107,45.43108,0.000813543846980735,45.4308814973674,0.000615041214400655
20.4624,45.43156,0.00129354384697677,45.4307322831154,0.000465826962390738
20.47372,45.42971,-0.00055645615302069,45.4306307048422,0.000364248689211734
20.48505,45.43164,0.00137354384698085,45.4305801868167,0.000313730663726065
20.49635,45.42829,-0.00197645615302378,45.430579268085,0.000312811931983979
20.50769,45.43027,3.54384697942578e-06,45.4306218504827,0.00035539432965718
20.51904,45.43111,0.000843543846976047,45.4306979705608,0.000431514407816187
20.53036,45.43314,0.00287354384698091,45.4307950503066,0.000528594153614137
20.54168,45.42888,-0.00138645615302124,45.4308994595876,0.000633003434589879
20.55301,45.43095,0.000683543846982104,45.4309981606055,0.000731704452516969
20.56434,45.43166,0.00139354384698009,45.4310802348514,0.00081377869839836
20.57566,45.43134,0.001073543846978,45.4311381484112,0.00087169225820218
20.58699,45.43163,0.00136354384697768,45.4311686246227,0.000902168469634372
20.59832,45.43169,0.00142354384698251,45.4311729870218,0.000906530868737904
20.60966,45.43182,0.00155354384698114,45.431156867884,0.000890411730975881
20.62099,45.43141,0.0011435438469789,45.4311292624141,0.000862806261090395
20.63233,45.43054,0.000273543846979862,45.4311010254946,0.000834569341562347
20.64366,45.43069,0.000423543846977736,45.4310830310599,0.000816574906869506
20.65498,45.43088,0.000613543846981202,45.4310843096667,0.000817853513668192
20.66633,45.4294,-0.000866456153019612,45.4311105120361,0.000844055883115976
20.67768,45.43052,0.000253543846980619,45.4311629998333,0.000896543680314316
20.68902,45.43084,0.000573543846982716,45.4312387442673,0.000972288114292079
20.70036,45.43302,0.00275354384697835,45.4313310329309,0.0010645767778867
20.7117,45.43081,0.000543543846980299,45.4314307873099,0.00116433115689962
20.72303,45.43295,0.00268354384697744,45.4315281522362,0.00126169608315609
20.73435,45.43254,0.00227354384698231,45.4316139918848,0.00134753573181296
20.74564,45.43091,0.000643543846976513,45.431681009862,0.00141455370900608
20.75696,45.43253,0.00226354384697913,45.4317243570033,0.00145790085030676
20.76831,45.42975,-0.000516456153022204,45.4317417471507,0.0014752909976533
20.77962,45.43207,0.00180354384698234,45.4317332150999,0.00146675894687271
20.79091,45.43299,0.00272354384697593,45.4317006813219,0.00143422516887092
20.80224,45.43059,0.000323543846981522,45.4316474409935,0.0013809848404384
20.81357,45.43116,0.000893543846977707,45.4315776280473,0.00131117189424744
20.82488,45.43307,0.00280354384698001,45.431495672272,0.00122921611898906
20.83621,45.43135,0.00108354384698117,45.4314057682016,0.00113931204857482
20.84754,45.43149,0.00122354384697587,45.4313113886789,0.00104493252584281
20.85887,45.42845,-0.00181645615302273,45.4312149128193,0.000948456666301462
20.87022,45.4317,0.00143354384697858,45.4311174909208,0.000851034767807932
20.88156,45.42986,-0.000406456153022816,45.4310192704873,0.000752814334232734
20.89291,45.43227,0.00200354384698187,45.4309200008125,0.000653544659456893
20.90425,45.43151,0.00124354384698222,45.4308198568366,0.000553400683627326
20.91559,45.43163,0.00136354384697768,45.4307201820393,0.000453725886260989
20.92692,45.43342,0.00315354384697741,45.4306238286833,0.000357372530285822
20.93827,45.42948,-0.000786456153022641,45.4305348935974,0.000268437444420743
20.9496,45.42699,-0.00327645615301719,45.4304578785607,0.000191422407650395
20.96095,45.43117,0.000903543846980881,45.4303965580682,0.000130101915143671
20.97228,45.42919,-0.00107645615302232,45.4303529736883,8.65175352443886e-05
20.98363,45.43102,0.000753543846975901,45.4303269018208,6.04456678200043e-05
20.99496,45.43153,0.00126354384698146,45.4303159246266,4.94684735596332e-05
21.0063,45.42748,-0.00278645615301798,45.4303160309866,4.95748335440023e-05
21.01764,45.431,0.000733543846976659,45.4303225756781,5.61195250518848e-05
21.02896,45.43251,0.00224354384697989,45.4303313947356,6.49385825782511e-05
21.04026,45.42984,-0.000426456153022059,45.4303398432238,7.3387070794201e-05
21.05159,45.43163,0.00136354384697768,45.4303474959655,8.10398124967139e-05
21.06291,45.43119,0.000923543846980124,45.4303563022624,8.98461093799416e-05
21.07423,45.42945,-0.000816456153017953,45.4303701337004,0.000103677547332633
21.08558,45.42838,-0.00188645615302363,45.4303938507504,0.00012739459735724
21.09691,45.4312,0.000933543846976193,45.4304321573773,0.00016570122427032
21.10824,45.43023,-3.64561530190599e-05,45.4304885482192,0.00022209206615851
21.11955,45.43059,0.000323543846981522,45.430564568573,0.00029811241994256
21.13088,45.42994,-0.000326456153018739,45.4306594713714,0.000393015218333224
21.14221,45.43114,0.000873543846978464,45.4307702501441,0.00050379399112091
21.15354,45.43273,0.00246354384697867,45.4308919700386,0.000625513885606994
21.16488,45.4305,0.000233543846981377,45.4310182926939,0.000751836540913974
21.17621,45.4287,-0.00156645615302153,45.4311421055943,0.000875649441237517
21.18752,45.43106,0.000793543846981493,45.4312562253605,0.00098976920750879
21.19884,45.43341,0.00314354384698134,45.4313541797818,0.00108772362882495
21.21016,45.43226,0.0019935438469787,45.4314310145352,0.00116455838220299
21.2215,45.42982,-0.000446456153021302,45.4314839667359,0.00121751058291459
21.23281,45.43277,0.00250354384697715,45.4315128215448,0.00124636539182523
21.24414,45.43282,0.00255354384697881,45.4315198485183,0.00125339236530658
21.25547,45.42979,-0.000476456153023719,45.4315093221158,0.0012428659628251
21.2668,45.43084,0.000573543846982716,45.4314867139575,0.00122025780450136
21.27811,45.43351,0.00324354384697756,45.4314577056038,0.0011912494507893
21.28942,45.43082,0.000553543846976368,45.4314271979496,0.001160741796529
21.30075,45.42994,-0.000326456153018739,45.4313984824827,0.0011320263296347
21.31206,45.43151,0.00124354384698222,45.4313727283069,0.00110627215384145
21.3234,45.4297,-0.000566456153023864,45.431348933974,0.00108247782099176
21.33472,45.4302,-6.64561530214769e-05,45.4313244380661,0.00105798191306715
21.34606,45.43388,0.00361354384698132,45.4312959395455,0.00102948339249455
21.35738,45.4318,0.0015335438469819,45.4312607861215,0.000994329968435874
21.3687,45.43275,0.00248354384697791,45.4312181396786,0.000951683525616241
21.38,45.43211,0.00184354384698082,45.4311696207122,0.000903164559142001
21.39134,45.43101,0.000743543846979833,45.4311192001583,0.000852744005312568
21.40266,45.42811,-0.00215645615302407,45.4310723768034,0.000805920650382289
21.41398,45.43236,0.00209354384698202,45.431034926516,0.000768470363012196
21.42533,45.42955,-0.000716456153021738,45.431011626076,0.000745169922947989
21.43666,45.4303,3.35438469818428e-05,45.4310053035432,0.000738847390139704
21.44798,45.43101,0.000743543846979833,45.4310164063196,0.000749950166610751
21.45932,45.43358,0.00331354384697846,45.4310430958652,0.000776639712182636
21.47066,45.4304,0.000133543846978057,45.4310817344136,0.000815278260544778
21.48198,45.42989,-0.000376456153020399,45.4311275699188,0.000861113765782561
21.49333,45.43098,0.000713543846977416,45.4311754689124,0.000909012759409034
21.50463,45.43198,0.00171354384698219,45.4312206274686,0.000954171315625625
21.51594,45.43154,0.00127354384697753,45.4312592109029,0.000992754749872625
21.52728,45.43205,0.00178354384697599,45.4312888276722,0.00102237151919495
21.53859,45.4312,0.000933543846976193,45.4313087150905,0.0010422589375227
21.5499,45.43215,0.00188354384697931,45.431319560102,0.00105310394893355
21.56123,45.43076,0.000493543846978639,45.4313229789402,0.00105652278719877
21.57256,45.42983,-0.000436456153018128,45.431320787595,0.00105433144195662
21.58386,45.43176,0.00149354384697631,45.4313142695427,0.00104781338968327
21.59521,45.43155,0.00128354384698071,45.4313036547671,0.00103719861405547
21.60655,45.4301,-0.000166456153017691,45.4312879585626,0.00102150240960262
21.61788,45.43004,-0.000226456153022525,45.4312652282258,0.000998772072740942
21.62918,45.43341,0.00314354384698134,45.4312331486399,0.000966692486921445
21.6405,45.43295,0.00268354384697744,45.431189864759,0.000923408606002237
21.65182,45.42835,-0.00191645615301894,45.4311348069565,0.000868350803524203
21.66316,45.43155,0.00128354384698071,45.4310693118613,0.00080285570825559
21.67449,45.4317,0.00143354384697858,45.4309969168442,0.000730460691180574
21.68581,45.43251,0.00224354384697989,45.4309232789455,0.000656822792515629
21.69713,45.43049,0.000223543846978203,45.4308556827572,0.000589226604138333
21.70847,45.43097,0.000703543846981347,45.4308021283127,0.000535672159648637
21.71978,45.42992,-0.000346456153017982,45.4307700925304,0.000503636377398347
21.7311,45.43056,0.000293543846979105,45.4307651899155,0.000498733762503973
21.74243,45.42833,-0.00193645615301818,45.430790030008,0.00052357385498352
21.75375,45.43322,0.00295354384697788,45.430843537451,0.000577081297935807
21.76508,45.43015,-0.000116456153023137,45.4309208810182,0.000654424865174403
21.77642,45.43029,2.35438469786686e-05,45.4310140081167,0.00074755196372865
21.78774,45.43132,0.00105354384697876,45.4311126710304,0.000846214877363453
21.79907,45.43058,0.000313543846978348,45.4312057805459,0.00093932439284894
21.81038,45.43407,0.00380354384697768,45.4312828905931,0.00101643444007813
21.82171,45.43093,0.000663543846975756,45.4313355833235,0.00106912717048195
21.83304,45.4305,0.000233543846981377,45.4313585326293,0.00109207647626065
21.84436,45.43076,0.000493543846978639,45.4313501128774,0.00108365672435379
21.85568,45.4316,0.00133354384698237,45.4313125381065,0.00104608195345423
21.86699,45.43246,0.00219354384697823,45.4312515717361,0.000985115583098906
21.87834,45.43337,0.00310354384697575,45.4311758219548,0.000909365801798473
21.88968,45.42912,-0.00114645615302322,45.4310956230951,0.00082916694210801
21.90103,45.42943,-0.000836456153017195,45.4310215847169,0.000755128563866438
21.91236,45.43235,0.00208354384697884,45.4309630359802,0.000696579827177917
21.92366,45.42928,-0.000986456153022175,45.4309266783487,0.000660222195688013
21.93501,45.43085,0.000583543846978785,45.4309157120959,0.00064925594289261
21.94633,45.43119,0.000923543846980124,45.4309295712899,0.000663115136886662
21.95768,45.43015,-0.000116456153023137,45.4309642689151,0.000697812762085826
21.96899,45.43229,0.00202354384698111,45.4310132470553,0.000746790902249901
21.98034,45.43076,0.000493543846978639,45.4310685492594,0.000802093106384687
21.9917,45.4315,0.00123354384697905,45.4311220949604,0.000855638807420294
22.00303,45.4306,0.000333543846977591,45.4311668459795,0.000900389826498339
22.01435,45.43259,0.00232354384697686,45.4311976979456,0.000931241792625473
22.02568,45.43306,0.00279354384697683,45.431211981399,0.000945525245949532
22.03702,45.42838,-0.00188645615302363,45.4312095207584,0.000943064605395864
22.04834,45.43125,0.000983543846977852,45.4311922972808,0.00092584112777826
22.05967,45.43075,0.00048354384698257,45.4311638710861,0.000897414933037949
22.07098,45.4313,0.00103354384697951,45.4311287547972,0.000862298644194599
22.08231,45.4323,0.00203354384697718,45.4310918595335,0.000825403380465116
22.09364,45.4313,0.00103354384697951,45.4310580237818,0.000791567628734878
22.10499,45.42946,-0.000806456153021884,45.4310315863494,0.000765130196390496
22.11635,45.43185,0.00158354384697645,45.4310160000311,0.000749543878034798
22.12768,45.42946,-0.000806456153021884,45.4310135427491,0.000747086596055064
22.139,45.43263,0.00236354384698245,45.4310251946049,0.000758738451838635
22.15034,45.43019,-7.64561530175456e-05,45.4310506983269,0.000784242173876791
22.16168,45.43083,0.000563543846979542,45.431088752412,0.000822296258962535
22.17302,45.43298,0.00271354384697986,45.4311372453121,0.000870789159092395
22.18436,45.43215,0.00188354384697931,45.4311934353088,0.00092697915577883
22.19569,45.4288,-0.00146645615301821,45.4312540174572,0.000987561304195607
22.20704,45.43024,-2.64561530229912e-05,45.4313151025957,0.00104864644264615
22.21838,45.43342,0.00315354384697741,45.4313722210736,0.00110576492057407
22.22971,45.43108,0.000813543846980735,45.4314204705819,0.00115401442892592
22.24102,45.43002,-0.000246456153021768,45.4314548435559,0.00118838740283576
22.25233,45.43284,0.00257354384697805,45.4314706859158,0.00120422976280934
22.26366,45.43172,0.00145354384697782,45.4314642124924,0.00119775633935931
22.27499,45.43014,-0.000126456153019205,45.4314330053635,0.00116654921048843
22.28628,45.43256,0.00229354384698155,45.4313764229352,0.00110996678218329
22.29761,45.43079,0.000523543846981056,45.4312958567536,0.00102940060060456
22.30893,45.43193,0.00166354384698053,45.4311947852623,0.000928329109300911
22.32028,45.43146,0.00119354384698056,45.4310785832679,0.000812127114904028
22.33161,45.43069,0.000423543846977736,45.430954070172,0.000687614018933527
22.34294,45.4313,0.00103354384697951,45.4308288329476,0.000562376794573003
22.35428,45.42906,-0.00120645615302095,45.4307104280828,0.000443971929826753
22.3656,45.4306,0.000333543846977591,45.4306056183028,0.000339162149786074
22.37692,45.43026,-6.45615302374836e-06,45.4305198003942,0.000253344241164896
22.38822,45.43071,0.000443543846976979,45.4304567145317,0.000190258378688409
22.39952,45.43228,0.00201354384697794,45.430418419807,0.000151963654025865
22.41087,45.42946,-0.000806456153021884,45.4304054386193,0.000138982466260327
22.4222,45.42863,-0.00163645615302244,45.4304169679289,0.000150511775915594
22.43353,45.43117,0.000903543846980881,45.4304511150918,0.000184658938828415
22.44483,45.43137,0.00110354384698041,45.4305051589041,0.000238702751078166
22.45614,45.43153,0.00126354384698146,45.4305758047173,0.000309348564291591
22.46749,45.43039,0.000123543846981988,45.4306593451657,0.000392889012655225
22.4788,45.43118,0.00091354384697695,45.4307516515771,0.000485195424105302
22.49016,45.42863,-0.00163645615302244,45.4308480221369,0.0005815659839011
22.5015,45.43175,0.00148354384698024,45.4309430225513,0.000676566398264121
22.51281,45.42966,-0.00060645615302235,45.4310304875371,0.000764031384119383
22.52414,45.43213,0.00186354384698006,45.4311037831971,0.000837327044124574
22.53548,45.43314,0.00287354384698091,45.4311563061712,0.000889850018164079
22.54679,45.42984,-0.000426456153022059,45.4311820963754,0.000915640222340873
22.55811,45.4305,0.000233543846981377,45.4311764312716,0.000909975118604627
22.56944,45.43075,0.00048354384698257,45.4311363442147,0.000869888061646421
22.58078,45.43141,0.0011435438469789,45.4310610810386,0.000794624885627646
22.5921,45.43177,0.00150354384697948,45.4309524987763,0.000686042623290976
22.60343,45.43114,0.000873543846978464,45.4308153390345,0.000548882881466653
22.61474,45.4293,-0.000966456153022932,45.4306572625923,0.000390806439322437
22.62607,45.43189,0.00162354384698205,45.4304885542645,0.000222098111529908
22.63739,45.43062,0.000353543846976834,45.43032146283,5.50066769484582e-05
22.64873,45.4312,0.000933543846976193,45.4301691859339,-9.72702191680334e-05
22.66005,45.42886,-0.00140645615302049,45.4300445563026,-0.000221899850387695
22.6714,45.42943,-0.000836456153017195,45.42995856632,-0.000307889833063414
22.68272,45.43001,-0.000256456153017837,45.4299189613912,-0.000347494761840035
22.69401,45.42874,-0.00152645615302305,45.4299291719593,-0.000337284193745578
22.70534,45.42941,-0.000856456153023544,45.4299878056839,-0.000278650469105795
22.71668,45.42913,-0.00113645615302005,45.4300888068199,-0.000177649333091746
22.728,45.43276,0.00249354384698108,45.4302222410639,-4.42150891148884e-05
22.73931,45.43242,0.00215354384697974,45.4303755126394,0.000109056486330538
22.75063,45.4278,-0.00246645615302299,45.4305347339071,0.000268277754075599
22.76196,45.43,-0.000266456153021011,45.4306860162526,0.000419560099546872
22.77329,45.43267,0.00240354384698094,45.4308165963484,0.000550140195353085
22.78466,45.42896,-0.00130645615302427,45.4309158139021,0.000649357749053136
22.79599,45.43369,0.00342354384697785,45.4309759421116,0.000709485958588926
22.80733,45.42912,-0.00114645615302322,45.4309928110009,0.000726354847840204
22.81862,45.43116,0.000893543846977707,45.4309661477226,0.000699691569619959
22.82995,45.43097,0.000703543846981347,45.430899589709,0.000633133555937787
22.84128,45.43253,0.00226354384697913,45.4308003561083,0.000533899955312842
22.85262,45.43011,-0.000156456153021622,45.4306785699247,0.000412113771709215
22.86393,45.43052,0.000253543846980619,45.4305462437553,0.000279787602280529
22.87526,45.43001,-0.000256456153017837,45.4304160115305,0.000149555377501002
22.88658,45.42929,-0.000976456153019001,45.4302997778026,3.33216495892642e-05
22.89794,45.43124,0.000973543846981784,45.4302074986758,-5.89574771724145e-05
22.90928,45.42815,-0.00211645615301848,45.4301462764334,-0.000120179719643248
22.92061,45.43043,0.000163543846980474,45.4301198675061,-0.000146588646899416
22.93193,45.43272,0.0024535438469826,45.4301286048264,-0.000137851326575078
22.94325,45.42874,-0.00152645615302305,45.4301696476934,-9.68084595923604e-05
22.95458,45.43006,-0.000206456153023282,45.4302374337512,-2.90224018204104e-05
22.96588,45.4308,0.000533543846977125,45.4303242454756,5.77893225695228e-05
22.97722,45.42864,-0.00162645615301926,45.4304208771142,0.000154420961157988
22.98856,45.43219,0.00192354384697779,45.4305174204613,0.000250964308318466
22.9999,45.43056,0.000293543846979105,45.4306041557165,0.000337699563442622
23.01123,45.42987,-0.000396456153019642,45.430672479237,0.000406023083936311
23.02254,45.43167,0.00140354384697616,45.430715772743,0.000449316589969759
23.03387,45.43063,0.000363543846980008,45.4307301299443,0.000463673791322166
23.04521,45.42878,-0.00148645615301746,45.4307148821821,0.000448426029109121
23.05656,45.43232,0.00205354384697642,45.4306728769692,0.000406420816148229
23.06791,45.43081,0.000543543846980299,45.4306104477659,0.000343991612829196
23.07924,45.43344,0.00317354384697666,45.4305369777602,0.000270521607161984
23.09058,45.42975,-0.000516456153022204,45.4304639599187,0.000197503765680255
23.10194,45.42873,-0.00153645615301912,45.4304035608289,0.000137104675872605
23.11326,45.42938,-0.000886456153018855,45.4303668935322,0.00010043737915385
23.12458,45.42968,-0.000586456153023107,45.4303623683855,9.59122324859225e-05
23.13591,45.43095,0.000683543846982104,45.430394494459,0.000128038305965358
23.14725,45.43005,-0.000216456153019351,45.43046334733,0.000196891176988446
23.15856,45.43024,-2.64561530229912e-05,45.4305647156789,0.000298259525853971
23.16986,45.43237,0.00210354384697808,45.4306907921537,0.000424336000673638
23.18119,45.43065,0.000383543846979251,45.4308312081666,0.000564752013543181
23.1925,45.43049,0.000223543846978203,45.43097421272,0.000707756566995276
23.20382,45.43084,0.000573543846982716,45.4311078480198,0.000841391866799807
23.21514,45.43076,0.000493543846978639,45.4312210461228,0.000954589969753737
23.22646,45.43221,0.00194354384697704,45.4313046060551,0.00103814990210386
23.23779,45.43095,0.000683543846982104,45.4313519877109,0.00108553155792251
23.24914,45.43272,0.0024535438469826,45.4313598148374,0.00109335868435399
23.26048,45.43288,0.00261354384697654,45.4313279698565,0.00106151370344703
23.27178,45.4299,-0.000366456153017225,45.431259220954,0.000992764800964191
23.28314,45.42939,-0.000876456153022787,45.431158446806,0.000891990652979006
23.29446,45.43195,0.00168354384697977,45.4310316664716,0.000765210318597844
23.3058,45.43071,0.000443543846976979,45.4308851497891,0.000618693636090948
23.3171,45.42919,-0.00107645615302232,45.4307248302305,0.000458374077450598
23.3284,45.43002,-0.000246456153021768,45.4305561191446,0.000289662991578159
23.33974,45.43176,0.00149354384697631,45.4303840945937,0.000117638440716589
23.35109,45.43024,-2.64561530229912e-05,45.4302139178812,-5.2538271771309e-05
23.36238,45.43325,0.0029835438469803,45.4300512266202,-0.000215229532871463
23.37371,45.42863,-0.00163645615302244,45.4299022305011,-0.000364225651869465
23.38504,45.42966,-0.00060645615302235,45.4297733494143,-0.000493106738702231
23.39637,45.42984,-0.000426456153022059,45.4296704463751,-0.000596009777940145
23.4077,45.42755,-0.00271645615302418,45.4295979082101,-0.000668547942952324
23.41906,45.42772,-0.00254645615301996,45.4295579162216,-0.00070853993140975
23.4304,45.43034,7.35438469803285e-05,45.429550194488,-0.000716261665005358
23.4417,45.4319,0.00163354384697811,45.4295723459461,-0.000694110206893266
23.45304,45.42751,-0.00275645615302267,45.4296206581252,-0.000645798027843707
23.46436,45.4313,0.00103354384697951,45.4296910997029,-0.000575356450151149
23.47568,45.43064,0.000373543846976077,45.4297802085029,-0.000486247650118299
23.48699,45.42959,-0.000676456153023253,45.429885651468,-0.000380804685064958
23.49833,45.43003,-0.000236456153018594,45.4300063465053,-0.000260109647706493
23.50967,45.43,-0.000266456153021011,45.4301421500694,-0.000124306083649108
23.52098,45.42934,-0.000926456153017341,45.4302932158346,2.67596815542593e-05
23.53228,45.43143,0.00116354384697814,45.430459183108,0.000192726955025806
23.54358,45.43156,0.00129354384697677,45.430638347025,0.000371890871957868
23.55493,45.43042,0.0001535438469773,45.4308269322718,0.000560476118803124
23.56626,45.42918,-0.00108645615301839,45.4310185915884,0.000752135435428566
23.57756,45.43,-0.000266456153021011,45.4312042884318,0.000937832278738018
23.58893,45.43144,0.00117354384698132,45.4313727311195,0.0011062749665215
23.60026,45.43278,0.00251354384698033,45.4315114245905,0.00124496843744969
23.61158,45.43121,0.000943543846979367,45.431608214496,0.00134175834297768
23.62292,45.43209,0.00182354384698158,45.4316530298268,0.00138657367378209
23.63424,45.43306,0.00279354384697683,45.4316394735776,0.00137301742460727
23.64556,45.43097,0.000703543846981347,45.4315659596488,0.00129950349579214
23.65687,45.43223,0.00196354384697628,45.4314361970257,0.00116974087265731
23.66818,45.43173,0.001463543846981,45.431258945918,0.000992489765027104
23.6795,45.43044,0.000173543846976543,45.4310470965516,0.000780640398582228
23.69084,45.43105,0.000783543846978318,45.4308162321704,0.000549776017354988
23.70216,45.42844,-0.0018264561530188,45.4305829190919,0.000316462938901072
23.7135,45.4325,0.00223354384697672,45.4303629996231,9.65434701261276e-05
23.72482,45.42814,-0.00212645615302165,45.4301701317737,-9.63243793449067e-05
23.73614,45.43008,-0.000186456153024039,45.4300147374783,-0.000251718674713771
23.74745,45.42991,-0.000356456153021156,45.4299034268043,-0.000363029348722429
23.75878,45.431,0.000733543846976659,45.4298388791562,-0.000427576996869309
23.77012,45.42976,-0.00050645615301903,45.4298200878537,-0.000446368299364198
23.78144,45.42859,-0.00167645615302092,45.4298428360529,-0.000423620100148731
23.7928,45.43129,0.00102354384697634,45.4299002905343,-0.000366165618758164
23.80411,45.43027,3.54384697942578e-06,45.4299836462693,-0.000282809883670186
23.81544,45.42965,-0.000616456153018419,45.4300827876666,-0.000183668486416738
23.82678,45.42947,-0.00079645615301871,45.430186957852,-7.94983009942659e-05
23.83812,45.42944,-0.000826456153021127,45.4302854624846,1.90063316248547e-05
23.84945,45.43042,0.0001535438469773,45.4303684482466,0.00010199209357341
23.86078,45.43237,0.00210354384697808,45.4304277447538,0.000161288600791033
23.8721,45.42979,-0.000476456153023719,45.4304576626665,0.000191206513472217
23.88343,45.43126,0.000993543846981026,45.4304555804664,0.000189124313411734
23.89478,45.43002,-0.000246456153021768,45.4304221842763,0.000155728123315016
23.90612,45.43018,-8.64561530207197e-05,45.4303613245333,9.4868380313492e-05
23.91743,45.4299,-0.000366456153017225,45.4302795497083,1.30935553088975e-05
23.92873,45.43098,0.000713543846977416,45.4301854244165,-8.10317364676939e-05
23.94002,45.43007,-0.000196456153020108,45.430088738548,-0.000177717605058997
23.95133,45.42783,-0.00243645615302057,45.42999969496,-0.000266761193030199
23.96265,45.4314,0.00113354384697573,45.4299281477904,-0.0003383083626029
23.97399,45.43002,-0.000246456153021768,45.4298829382285,-0.000383517924493596
23.98529,45.43019,-7.64561530175456e-05,45.4298713217937,-0.000395134359364648
23.99663,45.43031,4.35438469779115e-05,45.4298984322126,-0.000368023940378249
24.00798,45.43052,0.000253543846980619,45.4299667351226,-0.000299721030394966
24.01932,45.42914,-0.00112645615302398,45.4300754958062,-0.000190960346789341
24.03066,45.42918,-0.00108645615301839,45.4302203770355,-4.60791174917439e-05
24.04198,45.43064,0.000373543846976077,45.4303933453581,0.000126889205035828
24.05329,45.42941,-0.000856456153023544,45.4305830559936,0.000316599840537139
24.06461,45.43013,-0.00013645615302238,45.4307757970043,0.00050934085129448
24.07592,45.43225,0.00198354384698263,45.430956932017,0.000690475863977373
24.08723,45.43133,0.00106354384698193,45.4311126322163,0.000846176063267336
24.09852,45.43233,0.0020635438469796,45.4312315771187,0.000965120965718738
24.10987,45.43271,0.00244354384697942,45.4313062767212,0.00103982056818629
24.12117,45.43156,0.00129354384697677,45.431333751804,0.00106729565093881
24.13249,45.42892,-0.00134645615302276,45.4313154852047,0.00104902905168489
24.14382,45.43016,-0.000106456153019963,45.4312567580916,0.000990301938624567
24.15516,45.43278,0.00251354384698033,45.4311656101848,0.00089915403173267
24.1665,45.43252,0.00225354384697596,45.4310516385035,0.000785182350512512
24.1778,45.43136,0.00109354384697724,45.430924727866,0.000658271712991424
24.18912,45.43028,1.35438469825999e-05,45.4307937430575,0.000527286904514787
24.20046,45.42847,-0.00179645615302348,45.4306652956972,0.000398839544213844
24.2118,45.42964,-0.000626456153021593,45.4305428468469,0.000276390693845798
24.22315,45.42921,-0.00105645615302308,45.4304264590665,0.000160002913495318
24.23448,45.4304,0.000133543846978057,45.4303133839372,4.69277841947042e-05
24.24581,45.43253,0.00226354384697913,45.4301994097217,-6.70464313554725e-05
24.25713,45.43034,7.35438469803285e-05,45.4300806282397,-0.000185827913339428
24.26846,45.43144,0.00117354384698132,45.4299551406555,-0.000311315497475153
24.27976,45.42871,-0.00155645615301836,45.429824269134,-0.000442187019027069
24.29108,45.42921,-0.00105645615302308,45.4296930289504,-0.000573427202585436
24.3024,45.43071,0.000443543846976979,45.4295698235123,-0.000696632640759816
24.31372,45.42991,-0.000356456153021156,45.429465452788,-0.000801003364975942
24.32505,45.42957,-0.000696456153022496,45.4293915692096,-0.000874886943411449
24.33636,45.4306,0.000333543846977591,45.4293587466029,-0.000907709550090988
24.34769,45.42704,-0.00322645615302264,45.4293744057155,-0.000892050437559319
24.359,45.42799,-0.00227645615301952,45.4294409479974,-0.000825508155597317
24.37035,45.42906,-0.00120645615302095,45.4295545110746,-0.00071194507845084
24.38168,45.43028,1.35438469825999e-05,45.4297046971399,-0.000561759013169413
24.39302,45.42861,-0.00165645615302168,45.4298754326556,-0.000391023497379373
24.40435,45.42995,-0.000316456153022671,45.4300468794417,-0.000219576711307994
24.41569,45.43041,0.000143543846981231,45.4301981255565,-6.83305965062794e-05
24.42702,45.43092,0.000653543846979687,45.4303102564336,4.38002805421273e-05
24.43834,45.43042,0.0001535438469773,45.4303693204736,0.000102864320537018
24.44965,45.43475,0.00448354384698035,45.4303686668887,0.000102210735683626
24.46099,45.42981,-0.000456456153017371,45.4303101864126,4.37302596064409e-05
24.47234,45.42923,-0.00103645615302383,45.4302041639232,-6.2292229825376e-05
24.48364,45.43051,0.000243543846977445,45.4300677430672,-0.00019871308584837
24.49496,45.42937,-0.000896456153022029,45.4299223053236,-0.000344150829404939
24.50633,45.42992,-0.000346456153017982,45.4297902526679,-0.000476203485085684
24.51766,45.42947,-0.00079645615301871,45.4296917242122,-0.00057473194077188
24.52899,45.42607,-0.00419645615301789,45.4296417386884,-0.00062471746459237
24.54033,45.43095,0.000683543846982104,45.429648181211,-0.000618274942063288
24.55166,45.4294,-0.000866456153019612,45.4297109211677,-0.000555534985335354
24.56302,45.43096,0.000693543846978173,45.4298221441789,-0.000444311974140399
24.57434,45.42727,-0.00299645615302069,45.4299677704628,-0.000298685690211412
24.58568,45.43047,0.00020354384697896,45.4301296989023,-0.000136757250693453
24.59702,45.43232,0.00205354384697642,45.4302885530085,2.20968554347217e-05
24.60836,45.43024,-2.64561530229912e-05,45.4304265440604,0.000160087907346171
24.61967,45.43089,0.00062354384697727,45.4305300095172,0.000263553364208015
24.63101,45.43101,0.000743543846979833,45.4305912015167,0.000324745363667432
24.64233,45.43499,0.00472354384697837,45.4306090119175,0.00034255576452923
24.65365,45.4296,-0.000666456153020079,45.4305884910045,0.000322034851479261
24.66499,45.42902,-0.00124645615301944,45.4305392452958,0.000272789142815015
24.67632,45.42786,-0.00240645615301815,45.4304730889104,0.000206632757426406
24.68764,45.42908,-0.00118645615302171,45.4304015647183,0.000135108565268123
24.69899,45.43067,0.000403543846978494,45.4303339756951,6.75195420609306e-05
24.71034,45.43041,0.000143543846981231,45.4302763303727,9.87421972508834e-06
24.72166,45.4299,-0.000366456153017225,45.4302312511473,-3.5205005703158e-05
24.73298,45.43174,0.00147354384697707,45.4301986054952,-6.78506578659976e-05
24.7443,45.43139,0.00112354384697966,45.4301764831226,-8.99730304150365e-05
24.75564,45.43143,0.00116354384697814,45.4301621468209,-0.000104309332070561
24.76697,45.42724,-0.0030264561530231,45.4301527032032,-0.000113752949818056
24.77829,45.43115,0.000883543846981638,45.4301454319501,-0.000121024202891437
24.78962,45.42947,-0.00079645615301871,45.4301378877572,-0.000128568395861727
24.80096,45.43039,0.000123543846981988,45.4301279519499,-0.000138504203162536
24.8123,45.42947,-0.00079645615301871,45.4301139582401,-0.000152497912966239
24.82362,45.43067,0.000403543846978494,45.4300949286775,-0.000171527475513917
24.83497,45.42839,-0.00187645615302046,45.43007088886,-0.000195567293069988
24.8463,45.43162,0.00135354384698161,45.4300431823763,-0.000223273776673604
24.85764,45.43152,0.00125354384697829,45.430014655451,-0.000251800702024092
24.86897,45.43037,0.000103543846982745,45.4299895494821,-0.00027690667092155
24.88031,45.42931,-0.000956456153019758,45.4299729728895,-0.0002934832635209
24.89164,45.43098,0.000713543846977416,45.4299699531268,-0.000296503026235592
24.90298,45.42854,-0.00172645615302258,45.4299842449905,-0.000282211162494659
24.91432,45.42846,-0.00180645615301955,45.4300172031399,-0.000249253013104812
24.92565,45.42921,-0.00105645615302308,45.4300670604809,-0.000199395672080501
24.93698,45.4301,-0.000166456153017691,45.4301288735065,-0.000137582646567638
24.94831,45.43206,0.00179354384697916,45.4301952114524,-7.12447006392655e-05
24.95965,45.42886,-0.00140645615302049,45.4302574449788,-9.0111742467036e-06
24.97102,45.43088,0.000613543846981202,45.4303073364137,4.08802607081731e-05
24.98236,45.43076,0.000493543846978639,45.4303385964928,7.21403398079888e-05
24.9937,45.43156,0.00129354384697677,45.4303481091059,8.1652952841035e-05
25.00503,45.43164,0.00137354384698085,45.4303365828232,7.01266701516948e-05
25.01636,45.42987,-0.000396456153019642,45.4303084761641,4.20200110961557e-05
25.02771,45.42924,-0.00102645615302066,45.4302711938679,4.73771487789755e-06
25.03902,45.42965,-0.000616456153018419,45.4302337344697,-3.27216833471468e-05
25.05039,45.43149,0.00122354384697587,45.4302050980016,-6.13581513965926e-05
25.06172,45.42861,-0.00165645615302168,45.4301927788353,-7.36773176851237e-05
25.07304,45.42866,-0.00160645615302002,45.4302016017888,-6.4854364207009e-05
25.08438,45.43115,0.000883543846981638,45.4302330686374,-3.33875156536266e-05
25.09571,45.43013,-0.00013645615302238,45.4302852742869,1.88181339242536e-05
25.10705,45.43206,0.00179354384697916,45.4303533159124,8.68597594184861e-05
25.11835,45.43185,0.00158354384697645,45.4304300041778,0.000163548024782475
25.12966,45.427,-0.00326645615302112,45.4305066748916,0.000240218738594191
25.14099,45.43123,0.00096354384697861,45.4305740023237,0.00030754617067659
25.15228,45.43036,9.35438469795713e-05,45.4306228346914,0.000356378538333181
25.16359,45.43111,0.000843543846976047,45.4306450907085,0.000378634555461656
25.1749,45.43214,0.00187354384697613,45.4306346641655,0.000368208012436343
25.18624,45.42962,-0.000646456153020836,45.4305881872666,0.000321731113594426
25.19755,45.43228,0.00201354384697794,45.4305054984447,0.000239042291667736
25.20888,45.42846,-0.00180645615301955,45.4303897469609,0.000123290807919405
25.22024,45.42847,-0.00179645615302348,45.4302471806157,-1.92755372864732e-05
25.23155,45.43052,0.000253543846980619,45.4300867282637,-0.0001797278892779
25.24289,45.43284,0.00257354384697805,45.429919449555,-0.000347006598010679
25.25422,45.43093,0.000663543846975756,45.4297578003096,-0.000508655843381732
25.26553,45.42966,-0.00060645615302235,45.4296145813216,-0.000651874831416385
25.27689,45.42706,-0.0032064561530234,45.4295015307636,-0.000764925389425341
25.28822,45.42938,-0.000886456153018855,45.4294277533572,-0.000838702795789742
25.29958,45.42806,-0.00220645615301862,45.4293983702062,-0.000868085946808901
25.31093,45.42912,-0.00114645615302322,45.4294137767223,-0.000852679430725485
25.32225,45.42913,-0.00113645615302005,45.4294697266732,-0.000796729479800843
25.33356,45.42915,-0.00111645615302081,45.4295582271844,-0.000708228968658137
25.3449,45.43259,0.00232354384697686,45.4296690218653,-0.00059743428769455
25.35622,45.4286,-0.00166645615301775,45.4297913026719,-0.000475153481166167
25.36754,45.43056,0.000293543846979105,45.4299152577016,-0.000351198451455948
25.37889,45.43137,0.00110354384698041,45.4300331389767,-0.00023331717636319
25.39025,45.43159,0.00132354384697919,45.4301396788014,-0.000126777351663033
25.40156,45.42868,-0.00158645615302078,45.4302318469262,-3.46092268503243e-05
25.4129,45.42959,-0.000676456153023253,45.4303081149278,4.16587747830071e-05
25.42424,45.42861,-0.00165645615302168,45.430367558102,0.000101101948993389
25.43556,45.4295,-0.000766456153023398,45.4304091973285,0.000142741175488203
25.44689,45.43037,0.000103543846982745,45.4304318926585,0.000165436505474709
25.45824,45.43035,8.35438469763972e-05,45.4304348705922,0.000168414439205831
25.46956,45.43134,0.001073543846978,45.4304186972562,0.000152241103131231
25.4809,45.43302,0.00275354384697835,45.4303863025976,0.000119846444551287
25.49224,45.43112,0.000853543846979221,45.4303435852472,7.71290941659893e-05
25.50356,45.43174,0.00147354384697707,45.4302992190347,3.27628816911636e-05
25.51487,45.42908,-0.00118645615302171,45.4302635325939,-2.92355913212568e-06
25.52622,45.42877,-0.00149645615302063,45.4302466677813,-1.97883717425902e-05
25.53756,45.42867,-0.00159645615302395,45.430256508692,-9.94746097247867e-06
25.5489,45.42786,-0.00240645615301815,45.4302969855012,3.05293481361882e-05
25.56021,45.43177,0.00150354384697948,45.4303672437818,0.000100787628728403
25.57154,45.43024,-2.64561530229912e-05,45.4304618778655,0.000195421712528547
25.58287,45.43274,0.00247354384698184,45.4305720855752,0.000305629422137789
25.59421,45.42941,-0.000856456153023544,45.4306873601314,0.000420903978391813
25.60554,45.43209,0.00182354384698158,45.4307972732906,0.000530817137602242
25.61687,45.43122,0.000953543846982541,45.4308929880648,0.000626531911757776
25.62819,45.43098,0.000713543846977416,45.4309682761578,0.000701820004816358
25.63954,45.43095,0.000683543846982104,45.4310199425168,0.000753486363750785
25.65087,45.43183,0.00156354384697721,45.4310476669563,0.000781210803291249
25.66218,45.43161,0.00134354384697843,45.4310533628435,0.000786906690497772
25.67352,45.4301,-0.000166456153017691,45.4310402282015,0.000773772048469513
25.68485,45.42859,-0.00167645615302092,45.4310117341064,0.000745277953381588
25.69619,45.43021,-5.64561530183028e-05,45.4309708388608,0.000704382707785456
25.70753,45.43139,0.00112354384697966,45.4309196672879,0.000653211134837237
25.71885,45.43262,0.00235354384697928,45.4308597140206,0.000593257867563449
25.73018,45.43108,0.000813543846980735,45.4307923935389,0.000525937385894181
25.7415,45.43042,0.0001535438469773,45.4307196146827,0.000453158529697977
25.75283,45.43345,0.00318354384697983,45.4306440821141,0.000377625961119576
25.76416,45.42919,-0.00107645615302232,45.4305691770346,0.000302720881612076
25.77549,45.42899,-0.00127645615302185,45.4304984586231,0.000232002470090651
25.78684,45.42909,-0.00117645615301853,45.4304349948067,0.000168538653692345
25.79816,45.43214,0.00187354384697613,45.4303808118169,0.00011435566387782
25.8095,45.4277,-0.0025664561530192,45.4303366923298,7.02361767827944e-05
25.82085,45.4329,0.00263354384697578,45.4303023865943,3.59304412619816e-05
25.83218,45.42965,-0.000616456153018419,45.4302771362968,1.06801438070723e-05
25.84351,45.43063,0.000363543846980008,45.4302603208223,-6.13533073705289e-06
25.85485,45.4305,0.000233543846981377,45.4302520289408,-1.4427212227883e-05
25.86617,45.42949,-0.000776456153019467,45.4302534111347,-1.3045018279637e-05
25.87751,45.43039,0.000123543846981988,45.4302667358641,2.79711089500484e-07
25.88884,45.43269,0.00242354384698018,45.4302951169562,2.8660803151389e-05
25.90017,45.4305,0.000233543846981377,45.4303418997563,7.54436032547406e-05
25.9115,45.42967,-0.000596456153019176,45.430409740649,0.000143284495952421
25.92282,45.42828,-0.00198645615301984,45.4304995302305,0.000233074077514892
25.93416,45.43031,4.35438469779115e-05,45.430609448062,0.000342991908954102
25.94545,45.43122,0.000953543846982541,45.4307344777964,0.000468021643357154
25.95678,45.43069,0.000423543846977736,45.4308665968264,0.000600140673381511
25.96813,45.4284,-0.00186645615301728,45.4309956570517,0.000729200898651715
25.97948,45.4329,0.00263354384697578,45.4311107990812,0.000844342928136278
25.99082,45.43448,0.00421354384697992,45.4312021154327,0.000935659279720761
26.00216,45.43066,0.000393543846982425,45.4312621887702,0.000995732617179556
26.01347,45.43099,0.00072354384698059,45.4312871358811,0.00102067972812838
26.02477,45.43147,0.00120354384697663,45.4312769448548,0.00101048870173595
26.03608,45.43199,0.00172354384697826,45.4312351299501,0.000968673797104288
26.04744,45.42862,-0.00164645615301851,45.4311679070748,0.00090145092181453
26.05878,45.43227,0.00200354384698187,45.4310831604378,0.000816704284818836
26.07012,45.4299,-0.000366456153017225,45.4309894570913,0.000723000938230963
26.08144,45.43022,-4.6456153022234e-05,45.4308952947905,0.000628838637436694
26.09277,45.43047,0.00020354384697896,45.4308086552495,0.000542199096477512
26.1041,45.43159,0.00132354384697919,45.430736804468,0.000470348314996287
26.11546,45.43317,0.00290354384697622,45.4306861580862,0.000419701933200117
26.12679,45.43383,0.00356354384697966,45.4306619566158,0.000395500462797375
26.13815,45.42859,-0.00167645615302092,45.4306675562291,0.000401100076108116
26.14947,45.42671,-0.0035564561530208,45.4307033835301,0.000436927377085
26.1608,45.43115,0.000883543846981638,45.4307659242001,0.000499468047113277
26.17212,45.42963,-0.000636456153017662,45.4308472853356,0.000580829182619988
26.18344,45.42956,-0.000706456153018564,45.4309357442043,0.000669288051278794
26.19475,45.43247,0.0022035438469814,45.4310173579872,0.000750901834213142
26.20607,45.43143,0.00116354384697814,45.431078356424,0.000811900270949288
26.21739,45.43196,0.00169354384697584,45.431107796357,0.00084134020395975
26.22873,45.43384,0.00357354384697572,45.4310998618454,0.00083340569233286
26.24006,45.43153,0.00126354384698146,45.4310552544337,0.000788798280691757
26.2514,45.43072,0.000453543846980153,45.4309813220706,0.000714865917610543
26.26274,45.43026,-6.45615302374836e-06,45.4308908730424,0.000624416889396944
26.27406,45.43169,0.00142354384698251,45.4307999223598,0.00053346620676394
26.28541,45.42889,-0.00137645615301807,45.4307248238311,0.00045836767804704
26.29675,45.43143,0.00116354384697814,45.4306793154114,0.000412859258397308
26.30808,45.42859,-0.00167645615302092,45.4306719831319,0.000405526978828435
26.31941,45.43067,0.000403543846978494,45.4307045697651,0.000438113612086062
26.33073,45.42968,-0.000586456153023107,45.4307714278152,0.000504971662193482
26.34204,45.4301,-0.000166456153017691,45.4308602436678,0.000593787514737703
26.35334,45.43065,0.000383543846979251,45.4309539543003,0.000687498147328854
26.36469,45.43134,0.001073543846978,45.4310335628226,0.00076710666954313
26.37602,45.43312,0.00285354384698167,45.4310813628961,0.000814906743066996
26.38732,45.43465,0.00438354384697703,45.4310839508282,0.000817494675196852
26.39867,45.43062,0.000353543846976834,45.4310344102548,0.000767954101769989
26.41001,45.42895,-0.00131645615302034,45.43093325497,0.000666798816968192
26.42134,45.43133,0.00106354384698193,45.4307880627946,0.000521606641593875
26.43266,45.4305,0.000233543846981377,45.4306120562805,0.000345600127466737
26.444,45.43026,-6.45615302374836e-06,45.4304220317679,0.000155575614842459
26.45532,45.43087,0.000603543846978027,45.4302360174682,-3.04386848385852e-05
26.46665,45.42855,-0.00171645615301941,45.4300709739322,-0.00019548222078452
26.478,45.42958,-0.000686456153019321,45.4299408101262,-0.000325646026794268
26.48934,45.4289,-0.001366456153022,45.4298549558468,-0.000411500306188584
26.50063,45.43034,7.35438469803285e-05,45.4298176568253,-0.000448799327737678
26.51194,45.42913,-0.00113645615302005,45.4298280281128,-0.00043842804019124
26.52326,45.4314,0.00113354384697573,45.4298807512022,-0.000385704950812944
26.53458,45.43033,6.35438469771543e-05,45.4299671880073,-0.000299268145748404
26.54591,45.42977,-0.000496456153022962,45.4300766492024,-0.000189806950616011
26.55725,45.43183,0.00156354384697721,45.4301976022672,-6.88538858042456e-05
26.56857,45.42892,-0.00134645615302276,45.4303187111813,5.2255028244479e-05
26.5799,45.42818,-0.00208645615302316,45.4304297194349,0.000163263281901974
26.59124,45.4309,0.000633543846980444,45.4305222657839,0.00025580963090838
26.60256,45.43066,0.000393543846982425,45.4305907007856,0.000324244632541308
26.61389,45.43291,0.00264354384697896,45.4306328371052,0.000366380952195194
26.6252,45.4324,0.0021335438469805,45.4306504031559,0.000383947002906936
26.63654,45.42918,-0.00108645615301839,45.4306489194595,0.000382463306450073
26.64788,45.43069,0.000423543846977736,45.4306368467205,0.000370390567499229
26.65922,45.43158,0.00131354384697602,45.4306240876843,0.000357631531314947
26.67056,45.42908,-0.00118645615302171,45.4306201199563,0.000353663803290419
26.6819,45.43012,-0.000146456153018448,45.430632121074,0.000365664920967429
26.69322,45.43011,-0.000156456153021622,45.4306634410882,0.000396984935204511
26.70453,45.4308,0.000533543846977125,45.4307127122775,0.000446256124443541
26.71584,45.43066,0.000393543846982425,45.4307737690403,0.000507312887272794
26.72718,45.42914,-0.00112645615302398,45.4308364112585,0.000569955105458553
26.73851,45.43224,0.00197354384697945,45.4308879201972,0.000621464044175501
26.74984,45.43014,-0.000126456153019205,45.4309151325427,0.00064867638967168
26.76116,45.4312,0.000933543846976193,45.4309067825556,0.000640326402553684
26.7725,45.43167,0.00140354384697616,45.4308557451228,0.000589288969771883
26.78382,45.43279,0.00252354384697639,45.4307607795629,0.000494323409871304
26.79516,45.43176,0.00149354384697631,45.4306274066085,0.00036095045546502
26.80647,45.42968,-0.000586456153023107,45.4304676737045,0.000201217551469572
26.81782,45.43026,-6.45615302374836e-06,45.4302987827603,3.23266073011149e-05
26.82919,45.42926,-0.00100645615302142,45.4301408078389,-0.000125648314096241
26.8405,45.43052,0.000253543846980619,45.4300139116864,-0.000252544466667739
26.85184,45.42912,-0.00114645615302322,45.4299355229489,-0.000330933204105128
26.86319,45.42908,-0.00118645615302171,45.4299178914542,-0.000348564698804531
26.87454,45.42971,-0.00055645615302069,45.4299663553772,-0.000300100775790073
26.88588,45.42899,-0.00127645615302185,45.4300785528297,-0.000187903323291552
26.89722,45.43001,-0.000256456153017837,45.4302446815943,-2.17745587442172e-05
26.90854,45.4319,0.00163354384697811,45.4304487545666,0.000182298413569603
26.91988,45.42965,-0.000616456153018419,45.4306706434345,0.00040418728148454
26.93121,45.4312,0.000933543846976193,45.4308885931036,0.000622136950564227
26.94253,45.43262,0.00235354384697928,45.4310818506276,0.000815394474559886
26.95388,45.43053,0.000263543846976688,45.4312330723929,0.000966616239841031
26.96524,45.43174,0.00147354384697707,45.4313302276396,0.0010637714866024
26.97658,45.43192,0.00165354384697736,45.4313677959532,0.0011013398001281
26.98794,45.43122,0.000953543846982541,45.4313471487376,0.00108069258454693
26.99927,45.43282,0.00255354384697881,45.4312760900107,0.00100963385763289
27.01064,45.42986,-0.000406456153022816,45.4311676110424,0.00090115488933549
27.02192,45.43282,0.00255354384697881,45.4310380031788,0.000771547025742517
27.03326,45.4297,-0.000566456153023864,45.430904574349,0.000638118195936176
27.0446,45.42887,-0.00139645615301731,45.4307833069247,0.000516850771696192
27.05595,45.42894,-0.00132645615302351,45.43068684414,0.00042038798696805
27.06727,45.43271,0.00244354384697942,45.4306231499347,0.000356693781634342
27.0786,45.42959,-0.000676456153023253,45.4305950234928,0.000328567339797111
27.08995,45.43122,0.000953543846982541,45.4306004226615,0.000333966508463919
27.10128,45.43101,0.000743543846979833,45.4306333793199,0.000366923166893022
27.1126,45.43082,0.000553543846976368,45.4306852361207,0.000418779967672012
27.12392,45.4318,0.0015335438469819,45.4307459652152,0.000479509062139536
27.13526,45.42963,-0.000636456153017662,45.4308053972492,0.000538941096154398
27.14661,45.43025,-1.64561530198171e-05,45.4308542710161,0.000587814863126384
27.15793,45.43077,0.000503543846981813,45.430885083286,0.000618627132943727
27.16928,45.43169,0.00142354384698251,45.4308927325318,0.000626276378780601
27.18061,45.43366,0.00339354384698254,45.4308749023394,0.000608446186390188
27.19192,45.42928,-0.000986456153022175,45.4308320858509,0.000565629697889787
27.20327,45.4296,-0.000666456153020079,45.4307671995051,0.000500743352099302
27.2146,45.43,-0.000266456153021011,45.43068487305,0.000418416896961889
27.22591,45.43191,0.00164354384698129,45.4305906196362,0.000324163483162082
27.23722,45.42975,-0.000516456153022204,45.4304900825611,0.000223626408118758
27.24853,45.4317,0.00143354384697858,45.4303884561733,0.000122000020280463
27.25987,45.42884,-0.00142645615301973,45.4302901001155,2.36439624633586e-05
27.2712,45.42962,-0.000646456153020836,45.4301983603766,-6.80957764397571e-05
27.28253,45.42899,-0.00127645615302185,45.4301156315568,-0.000150824596221822
27.29386,45.43153,0.00126354384698146,45.4300436681677,-0.000222787985287077
27.30515,45.43155,0.00128354384698071,45.4299840548607,-0.000282401292342195
27.3165,45.43086,0.000593543846981959,45.4299386385888,-0.000327817564177154
27.32784,45.42614,-0.00412645615302409,45.4299097132704,-0.000356742882602409
27.33918,45.43294,0.00267354384698137,45.4298998580892,-0.000366598063855053
27.35051,45.43072,0.000453543846980153,45.4299114691184,-0.000354987034603474
27.36182,45.42819,-0.00207645615301999,45.4299460929432,-0.000320363209794782
27.37317,45.43005,-0.000216456153019351,45.4300036942009,-0.000262761952087795
27.38449,45.42935,-0.000916456153021272,45.4300820297959,-0.000184426357104032
27.39584,45.4296,-0.000666456153020079,45.4301763318615,-9.01242915346509e-05
27.40716,45.42967,-0.000596456153019176,45.4302794523544,1.29962013656818e-05
27.41846,45.4324,0.0021335438469805,45.4303824995426,0.000116043389536826
27.42979,45.42836,-0.00190645615302287,45.4304758611701,0.00020940501706212
27.44113,45.43289,0.00262354384697971,45.4305504153796,0.000283959226631833
27.45247,45.43059,0.000323543846981522,45.4305987037615,0.000332247608506741
27.4638,45.43014,-0.000126456153019205,45.4306158755524,0.000349419399371078
27.47512,45.43058,0.000313543846978348,45.4306002880689,0.000333831915838596
27.48648,45.42922,-0.0010464561530199,45.4305537372388,0.000287281085793199
27.49783,45.43226,0.0019935438469787,45.4304813475283,0.000214891375287431
27.50917,45.43163,0.00136354384697768,45.4303911437538,0.000124687600802437
27.52052,45.42929,-0.000976456153019001,45.4302932969237,2.68407707018161e-05
27.53185,45.42926,-0.00100645615302142,45.4301990579231,-6.73982299608708e-05
27.54316,45.43087,0.000603543846978027,45.4301194804744,-0.000146975678653044
27.55449,45.42979,-0.000476456153023719,45.4300641132632,-0.000202342889800978
27.56579,45.43,-0.000266456153021011,45.4300398459959,-0.000226610157128621
27.57714,45.4295,-0.000766456153023398,45.4300500493906,-0.000216406762452705
27.58844,45.43023,-3.64561530190599e-05,45.430094108355,-0.000172347798071849
27.59974,45.42988,-0.000386456153023573,45.430167417935,-9.9038218039363e-05
27.61108,45.42943,-0.000836456153017195,45.4302618724208,-4.58373217840109e-06
27.62241,45.43028,1.35438469825999e-05,45.4303668226287,0.000100366475709733
27.63373,45.4323,0.00203354384697718,45.4304704083229,0.000203952169920875
27.64506,45.42826,-0.00200645615301909,45.4305611013105,0.000294645157525478
27.65641,45.43137,0.00110354384698041,45.430629244043,0.000362787890011722
27.66774,45.43208,0.0018135438469784,45.4306683523307,0.000401896177642919
27.6791,45.4332,0.00293354384697864,45.4306759545562,0.000409498403192812
27.69044,45.42909,-0.00117645615301853,45.4306537744517,0.000387318298651353
27.70179,45.43035,8.35438469763972e-05,45.4306071846639,0.000340728510854123
27.71312,45.43062,0.000353543846976834,45.4305440621601,0.000277606007038269
27.72441,45.42781,-0.00245645615301981,45.4304733552246,0.000206899071604328
27.73575,45.43178,0.00151354384698266,45.4304037187304,0.000137262577372011
27.7471,45.43072,0.000453543846980153,45.4303424847257,7.60285727136823e-05
27.75841,45.42778,-0.00248645615302223,45.4302950804518,2.86242988227576e-05
27.76973,45.43437,0.00410354384698053,45.4302648659164,-1.59023665680137e-06
27.78108,45.4287,-0.00156645615302153,45.4302532839227,-1.31722303572937e-05
27.79238,45.42852,-0.00174645615302182,45.4302602036264,-6.25252660722007e-06
27.80372,45.4315,0.00123354384697905,45.4302843782294,1.79220763542216e-05
27.81507,45.431,0.000733543846976659,45.43032398139,5.7525236980101e-05
27.8264,45.42815,-0.00211645615301848,45.4303771813402,0.000110725187218588
27.83772,45.4324,0.0021335438469805,45.4304426651741,0.000176209021061958
27.84909,45.43119,0.000923543846980124,45.4305199888439,0.000253532690910508
27.86043,45.4317,0.00143354384697858,45.4306096227933,0.000343166640287591
27.87176,45.42978,-0.000486456153019788,45.4307126033487,0.000446147195629839
27.88309,45.43086,0.000593543846981959,45.4308298093869,0.000563353233916662
27.89442,45.43024,-2.64561530229912e-05,45.4309610320028,0.000694575849803984
27.90574,45.43088,0.000613543846981202,45.4311041080609,0.000837651907865874
27.91705,45.42837,-0.0018964561530197,45.4312543937734,0.000987937620420798
27.92836,45.43329,0.00302354384697878,45.4314047666584,0.0011383105054079
27.93968,45.43285,0.00258354384698123,45.4315461881502,0.00127973199718005
27.95103,45.43204,0.00177354384697992,45.4316686843161,0.00140222816304652
27.96234,45.43028,1.35438469825999e-05,45.4317625015649,0.00149604541187624
27.97366,45.4323,0.00203354384697718,45.431819227612,0.00155277145895707
27.98498,45.43132,0.00105354384697876,45.4318327733639,0.00156631721082768
27.99632,45.43184,0.00157354384698039,45.4318001715187,0.00153371536567172
28.00763,45.43394,0.00367354384697904,45.4317221266647,0.0014556705116719
28.01894,45.43171,0.00144354384698175,45.4316032117654,0.0013367556123827
28.03026,45.42947,-0.00079645615301871,45.4314516245474,0.00118516839439371
28.04162,45.43087,0.000603543846978027,45.4312785126178,0.00101205646479122
28.05296,45.43257,0.00230354384697762,45.4310969793545,0.000830523201525508
28.06427,45.43121,0.000943543846979367,45.430920903252,0.000654447098939349
28.0756,45.43141,0.0011435438469789,45.4307636491585,0.000497193005502764
28.08693,45.43021,-5.64561530183028e-05,45.4306367241284,0.000370267975397425
28.09825,45.42844,-0.0018264561530188,45.4305484926192,0.00028203646616905
28.10959,45.43071,0.000443543846976979,45.4305031568637,0.000236700710655257
28.12091,45.43047,0.00020354384697896,45.4305002259085,0.000233769755516193
28.13224,45.43171,0.00144354384698175,45.4305346030556,0.000268146902591982
28.14356,45.42876,-0.00150645615302381,45.4305972775513,0.000330821398243648
28.1549,45.4316,0.00133354384698237,45.4306765048474,0.000410048694345732
28.16623,45.43007,-0.000196456153020108,45.4307593255003,0.000492869347304532
28.17756,45.43086,0.000593543846981959,45.4308332580512,0.000566801898132936
28.1889,45.43075,0.00048354384698257,45.4308879666042,0.000621510451166744
28.20023,45.43306,0.00279354384697683,45.4309166575982,0.000650201445137289
28.21158,45.43215,0.00188354384697931,45.430916935504,0.000650479350975968
28.22292,45.43142,0.00115354384698207,45.4308908891395,0.000624432986516569
28.23425,45.4303,3.35438469818428e-05,45.4308443296905,0.000577873537505869
28.24559,45.42978,-0.000486456153019788,45.4307853392979,0.000518883144837265
28.25695,45.42811,-0.00215645615302407,45.4307225145292,0.000456058376189764
28.26828,45.43166,0.00139354384698009,45.4306633838345,0.000396927681461592
28.27961,45.4292,-0.00106645615301915,45.4306133906042,0.000346934451156551
28.29096,45.43076,0.000493543846978639,45.4305756103866,0.000309154233537539
28.3023,45.43236,0.00209354384698202,45.4305511193962,0.000284663243137957
28.31364,45.43091,0.000643543846976513,45.4305397477167,0.000273291563652482
28.325,45.4306,0.000333543846977591,45.4305408838979,0.000274427744874781
28.33633,45.43084,0.000573543846982716,45.4305540548287,0.000287598675647499
28.34765,45.43021,-5.64561530183028e-05,45.4305791439863,0.000312687833240634
28.35898,45.43107,0.000803543846977561,45.4306162545937,0.000349798440717276
28.37031,45.43077,0.000503543846981813,45.4306653173583,0.000398861205296708
28.38164,45.42973,-0.000536456153021447,45.4307255865433,0.000459130390297995
28.39296,45.43043,0.000163543846980474,45.4307951863284,0.000528730175404643
28.4043,45.43116,0.000893543846977707,45.430870864255,0.00060440810202417
28.41565,45.42923,-0.00103645615302383,45.4309480640235,0.000681607870520564
28.427,45.4319,0.00163354384697811,45.4310213433237,0.000754887170640073
28.43832,45.43303,0.00276354384698152,45.4310850549154,0.000818598762407513
28.44964,45.43053,0.000263543846976688,45.4311341177286,0.000867661575626576
28.46098,45.43072,0.000453543846980153,45.4311646786979,0.00089822254487196
28.47229,45.43164,0.00137354384698085,45.431174530029,0.000908073876020523
28.48363,45.43098,0.000713543846977416,45.4311632522909,0.000896796137890008
28.49498,45.43173,0.001463543846981,45.4311321249987,0.000865668845657705
28.50633,45.42986,-0.000406456153022816,45.4310838675123,0.000817411359273257
28.51766,45.43164,0.00137354384698085,45.4310222780143,0.000755821861260195
28.52896,45.43178,0.00151354384698266,45.4309518414899,0.000685385336890823
28.54029,45.42885,-0.00141645615302366,45.4308773708584,0.000610914705423747
28.55163,45.42994,-0.000326456153018739,45.4308037307815,0.000537274628487752
28.56295,45.43325,0.0029835438469803,45.4307356670003,0.000469210847324467
28.5743,45.4308,0.000533543846977125,45.430677704236,0.000411248082946408
28.58562,45.43055,0.000283543846975931,45.4306340049935,0.000367548840453673
28.59694,45.43014,-0.000126456153019205,45.4306080772275,0.000341621074488252
28.60828,45.43161,0.00134354384697843,45.4306023063524,0.000335850199424308
28.61958,45.42902,-0.00124645615301944,45.430617394959,0.000350938805999816
28.63092,45.43203,0.00176354384697675,45.4306518517172,0.000385395564208655
28.64226,45.43078,0.000513543846977882,45.4307016797262,0.000435223573176465
28.65359,45.42687,-0.00339645615301976,45.4307604050783,0.000493948925315693
28.66491,45.43142,0.00115354384698207,45.4308195642729,0.000553108119865559
28.67622,45.43223,0.00196354384697628,45.430869695715,0.000603239562018475
28.68755,45.43089,0.00062354384697727,45.4309017220161,0.000635265863070786
28.6989,45.43315,0.00288354384697698,45.4309084265116,0.000641970358533137
28.71025,45.4314,0.00113354384697573,45.4308856507966,0.00061919464358127
28.72154,45.42884,-0.00142645615301973,45.4308329344847,0.000566478331704019
28.73288,45.43153,0.00126354384698146,45.4307535221006,0.000487065947577763
28.74421,45.43056,0.000293543846979105,45.4306538531079,0.000387396954863565
28.75553,45.42935,-0.000916456153021272,45.4305427397063,0.000276283553285423
28.76684,45.4303,3.35438469818428e-05,45.4304304200589,0.000163963905912662
28.77818,45.43158,0.00131354384697602,45.4303276051643,6.11490112775012e-05
28.78953,45.4314,0.00113354384697573,45.4302445589018,-2.18972512173344e-05
28.80084,45.42903,-0.00123645615302337,45.4301901997246,-7.62564284016596e-05
28.81217,45.42877,-0.00149645615302063,45.4301712316209,-9.52245321549675e-05
28.82352,45.43079,0.000523543846981056,45.4301913871407,-7.50690123515081e-05
28.83484,45.43168,0.00141354384697934,45.4302509088358,-1.5547317240407e-05
28.84618,45.42964,-0.000626456153021593,45.4303463574763,7.99013232958336e-05
28.85751,45.42934,-0.000926456153017341,45.430470776166,0.000204320012968756
28.86885,45.42914,-0.00112645615302398,45.4306142298062,0.000347773653135009
28.88017,45.43195,0.00168354384697977,45.4307647441498,0.000498287996793946
28.89151,45.43026,-6.45615302374836e-06,45.4309096020649,0.000643145911845987
28.90284,45.43321,0.00294354384698181,45.4310368146834,0.00077035853041157
28.91417,45.4324,0.0021335438469805,45.4311364673842,0.000870011231216184
28.9255,45.43135,0.00108354384698117,45.4312016397393,0.000935183586327863
28.93682,45.42985,-0.000416456153018885,45.4312287374637,0.000962281310632382
28.94817,45.42963,-0.000636456153017662,45.4312172917166,0.000950835563601825
28.95952,45.43126,0.000993543846981026,45.4311694532216,0.00090299706857162
28.97088,45.43242,0.00215354384697974,45.431089428812,0.000822972658947376
28.9822,45.43099,0.00072354384698059,45.4309829855078,0.00071652935482741
28.99355,45.43031,4.35438469779115e-05,45.4308570047121,0.000590548559039239
29.00489,45.43209,0.00182354384698158,45.4307190176083,0.00045256145526873
29.01622,45.42881,-0.00145645615302215,45.430576693569,0.000310237416001726
29.02754,45.43121,0.000943543846979367,45.4304373167825,0.000170860629468691
29.03886,45.43021,-5.64561530183028e-05,45.4303073212517,4.08650986924861e-05
29.05016,45.43059,0.000323543846981522,45.4301919527712,-7.45033818371706e-05
29.06148,45.42833,-0.00193645615301818,45.4300951058205,-0.000171350332492296
29.07282,45.42985,-0.000416456153018885,45.4300193620293,-0.000247094123740518
29.08415,45.43045,0.000183543846979717,45.4299662233421,-0.00030023281088997
29.09548,45.43172,0.00145354384697782,45.4299364599769,-0.000329996176084602
29.10681,45.43007,-0.000196456153020108,45.4299304043854,-0.000336051767599579
29.11814,45.43134,0.001073543846978,45.4299480004848,-0.000318455668228936
29.12946,45.42887,-0.00139645615301731,45.4299885180814,-0.000277938071665493
29.14078,45.42816,-0.00210645615302241,45.4300500280777,-0.000216428075277269
29.15212,45.4295,-0.000766456153023398,45.4301288994859,-0.000137556667121512
29.16344,45.42989,-0.000376456153020399,45.4302196208872,-4.68352658468307e-05
29.17477,45.43056,0.000293543846979105,45.4303151311474,4.86749943587163e-05
29.18612,45.43207,0.00180354384698234,45.4304076317199,0.000141175566904475
29.19744,45.42946,-0.000806456153021884,45.4304896674067,0.000223211253675254
29.20879,45.4324,0.0021335438469805,45.4305551913227,0.000288735169650876
29.22009,45.42933,-0.000936456153020515,45.4306003764764,0.00033392032339818
29.23142,45.43105,0.000783543846978318,45.4306240439742,0.000357587821211468
29.24277,45.43148,0.0012135438469798,45.430627683721,0.000361227568004759
29.25412,45.42965,-0.000616456153018419,45.4306151161354,0.000348659982377444
29.26547,45.42956,-0.000706456153018564,45.4305918851064,0.000325428953380616
29.2768,45.43208,0.0018135438469784,45.4305644918407,0.000298035687721642
29.28813,45.4305,0.000233543846981377,45.4305395691883,0.000273113035244761
29.29947,45.43009,-0.000176456153020865,45.4305230606146,0.000256604461553249
29.31079,45.43053,0.000263543846976688,45.4305194461057,0.000252989952658387
29.32213,45.43127,0.0010035438469771,45.4305310737307,0.000264617577707514
29.33345,45.4301,-0.000166456153017691,45.4305576860921,0.00029122993907906
29.34477,45.42898,-0.00128645615301792,45.4305962491789,0.000329793025836671
29.35612,45.43079,0.000523543846981056,45.4306411936108,0.000374737457795144
29.36745,45.4295,-0.000766456153023398,45.4306851459426,0.000418689789561957
29.37881,45.43103,0.000763543846979076,45.4307201297478,0.000453673594734499
29.39014,45.43319,0.00292354384698257,45.4307390645943,0.000472608441289499
29.40149,45.4302,-6.64561530214769e-05,45.4307372533735,0.000470797220461714
29.41282,45.43192,0.00165354384697736,45.4307135047009,0.000447048547870282
29.42415,45.4292,-0.00106645615301915,45.4306706209332,0.000404164780228428
29.43548,45.43276,0.00249354384698108,45.4306151460473,0.000348689894325738
29.44681,45.43026,-6.45615302374836e-06,45.4305564234998,0.000289967346804088
29.45814,45.42958,-0.000686456153019321,45.4305051223398,0.000238666186770577
29.46946,45.43044,0.000173543846976543,45.4304714708017,0.000205014648663379
29.48078,45.43036,9.35438469795713e-05,45.4304634989177,0.000197042764709183
29.49209,45.4287,-0.00156645615302153,45.4304856048373,0.000219148684257701
29.50342,45.43079,0.000523543846981056,45.4305377041407,0.000271247987643178
29.51477,45.43026,-6.45615302374836e-06,45.4306151110265,0.000348654873475598
29.52612,45.43122,0.000953543846982541,45.430709157355,0.000442701201957707
29.53743,45.43121,0.000943543846979367,45.430808412309,0.000541956155931814
29.54876,45.42977,-0.000496456153022962,45.4309002669079,0.000633810754840826
29.5601,45.43287,0.00260354384698047,45.4309726159629,0.000706159809858695
29.57141,45.43136,0.00109354384697724,45.4310153864049,0.000748930251875254
29.58274,45.42986,-0.000406456153022816,45.4310217030363,0.000755246883266745
29.59409,45.43302,0.00275354384697835,45.4309885525917,0.000722096438666402
29.60543,45.4305,0.000233543846981377,45.4309169024458,0.000650446292773033
29.61676,45.43002,-0.000246456153021768,45.430811329099,0.000544872945970811
29.62809,45.43021,-5.64561530183028e-05,45.4306792967779,0.000412840624917174
29.63938,45.42966,-0.00060645615302235,45.4305302820652,0.000263825912209579
29.65072,45.43066,0.000393543846982425,45.4303749323329,0.000108476179834892
29.66203,45.43042,0.0001535438469773,45.4302243592029,-4.20969500935212e-05
29.67336,45.43092,0.000653543846979687,45.4300895454061,-0.000176910746930558
29.68472,45.43137,0.00110354384698041,45.4299807544389,-0.000285701714082033
29.69606,45.42918,-0.00108645615301839,45.4299068279582,-0.000359628194824895
29.70738,45.42942,-0.00084645615302037,45.4298743433869,-0.000392112766125653
29.71872,45.42982,-0.000446456153021302,45.429886739418,-0.000379716734978095
29.73006,45.42884,-0.00142645615301973,45.4299436218425,-0.000322834310523827
29.74138,45.43009,-0.000176456153020865,45.4300404795863,-0.000225976566763828
29.75271,45.42872,-0.00154645615302229,45.4301689723953,-9.74837577497657e-05
29.76403,45.43248,0.00221354384697747,45.4303178328505,5.13766974688962e-05
29.77538,45.4273,-0.00296645615301827,45.4304742919063,0.00020783575329874
29.78673,45.43292,0.00265354384698213,45.4306258184988,0.000359362345733551
29.7981,45.43102,0.000753543846975901,45.4307618763948,0.000495420241769984
29.80943,45.43307,0.00280354384698001,45.4308753504278,0.00060889427476292
29.82073,45.4325,0.00223354384697672,45.4309633078496,0.000696851696539677
29.83205,45.42974,-0.000526456153018273,45.4310268906549,0.000760434501906025
29.8434,45.42982,-0.000446456153021302,45.4310703844726,0.000803928319545517
29.85474,45.42914,-0.00112645615302398,45.4310997804511,0.000833324298040272
29.86609,45.43145,0.00118354384697739,45.4311212895225,0.000854833369461475
29.8774,45.43139,0.00112354384697966,45.431140202418,0.000873746264999337
29.88874,45.43044,0.000173543846976543,45.4311602718132,0.000893815660153029
29.90007,45.43282,0.00255354384697881,45.4311835656176,0.000917109464624938
29.91142,45.43202,0.00175354384698068,45.43121060587,0.000944149717017722
29.92277,45.43128,0.00101354384698027,45.4312405876754,0.000974131522367484
29.9341,45.4306,0.000333543846977591,45.4312715491056,0.00100509295259782
29.94545,45.42983,-0.000436456153018128,45.4313004960925,0.00103403993948197
29.95682,45.43067,0.000403543846978494,45.4313235975103,0.00105714135729602
29.96816,45.43248,0.00221354384697747,45.4313365717019,0.00107011554884778
29.97948,45.43234,0.00207354384698277,45.4313352758272,0.00106881967416316
29.99083,45.43134,0.001073543846978,45.4313163693084,0.00104991315539706
30.0022,45.43173,0.001463543846981,45.4312778645939,0.00101140844088222
30.01352,45.42923,-0.00103645615302383,45.4312194392684,0.000952983115398055
30.02485,45.43332,0.0030535438469812,45.4311424973651,0.000876041212059023
30.03619,45.42942,-0.00084645615302037,45.4310500429546,0.000783586801576459
30.04752,45.4312,0.000933543846976193,45.4309464360722,0.000679979919198327
30.05884,45.43104,0.00077354384698225,45.4308370730239,0.000570616870872741
30.07015,45.43179,0.00152354384697873,45.4307280039338,0.000461547780739929
30.08149,45.42962,-0.000646456153020836,45.430625481925,0.000359025772023646
30.09283,45.43099,0.00072354384698059,45.4305354443364,0.000268988183362335
30.10418,45.43061,0.000343543846980765,45.4304629628629,0.000196506709846593
30.1155,45.4295,-0.000766456153023398,45.4304117418393,0.000145285686276088
30.1268,45.42986,-0.000406456153022816,45.4303837624283,0.000117306275255244
30.13813,45.4308,0.000533543846977125,45.4303791552004,0.000112699047414934
30.14943,45.43009,-0.000176456153020865,45.4303963327799,0.000129876626884001
30.16073,45.4313,0.00103354384697951,45.4304323386445,0.00016588249148967
30.17204,45.43056,0.000293543846979105,45.4304833035531,0.000216847400045707
30.18336,45.43063,0.000363543846980008,45.4305448836141,0.00027842746109307
30.1947,45.43023,-3.64561530190599e-05,45.4306125883619,0.000346132208894334
30.20602,45.43314,0.00287354384698091,45.430681968945,0.000415512792020209
30.21733,45.42772,-0.00254645615301996,45.4307487010932,0.000482244940138644
30.22868,45.4298,-0.000466456153020545,45.4308086574485,0.000542201295521962
30.24001,45.432,0.00173354384698143,45.4308580996686,0.00059164351555409
30.25135,45.42944,-0.000826456153021127,45.4308940816198,0.000627625466780835
30.26268,45.43258,0.00231354384698079,45.4309150248034,0.000648568650416658
30.274,45.43175,0.00148354384698024,45.4309212770381,0.000654820885092696
30.28533,45.43267,0.00240354384698094,45.430915390361,0.000648934207935581
30.29664,45.42937,-0.000896456153022029,45.4309018991418,0.000635442988808834
30.30798,45.43176,0.00149354384697631,45.4308865329907,0.000620076837722001
30.31931,45.42997,-0.000296456153023428,45.4308749964123,0.000608540259281062
30.33064,45.42965,-0.000616456153018419,45.4308715957251,0.00060513957212026
30.34196,45.43151,0.00124354384698222,45.4308780381778,0.000611582024809539
30.3533,45.43009,-0.000176456153020865,45.4308926757546,0.000626219601567728
30.36466,45.43095,0.000683543846982104,45.4309103570613,0.000643900908306217
30.37599,45.42937,-0.000896456153022029,45.4309229295292,0.000656473376147367
30.3873,45.43321,0.00294354384698181,45.4309203267461,0.000653870593051718
30.39862,45.43073,0.000463543846976222,45.4308920831543,0.00062562700130856
30.40997,45.42988,-0.000386456153023573,45.4308290523191,0.000562596166053912
30.42129,45.43033,6.35438469771543e-05,45.430725094639,0.000458638486024158
30.43262,45.43167,0.00140354384697616,45.4305785342483,0.000312078095310497
30.44394,45.43115,0.000883543846981638,45.4303932047885,0.000126748635515713
30.45527,45.42992,-0.000346456153017982,45.4301788932631,-8.75628899655388e-05
30.4666,45.43099,0.00072354384698059,45.4299510051056,-0.000315451047404738
30.47793,45.43181,0.00154354384697797,45.4297293549308,-0.00053710122224344
30.48927,45.42773,-0.00253645615302389,45.4295361241022,-0.00073033205085314
30.50063,45.42831,-0.00195645615301743,45.4293931924068,-0.000873263746242314
30.51194,45.43078,0.000513543846977882,45.4293192116649,-0.000947244488119816
30.52326,45.42821,-0.00205645615302075,45.4293268798672,-0.000939576285824373
30.53458,45.4278,-0.00246645615302299,45.4294208607895,-0.000845595363480646
30.54591,45.42841,-0.00185645615302121,45.4295967126389,-0.000669743514111731
30.55724,45.42953,-0.000736456153020981,45.4298410698077,-0.000425386345285477
30.56857,45.42951,-0.000756456153020224,45.4301331397013,-0.00013331645167846
30.5799,45.42942,-0.00084645615302037,45.4304473281138,0.000180871960778664
30.59122,45.43498,0.0047135438469823,45.4307565508868,0.000490094733747421
30.60256,45.43334,0.00307354384698044,45.4310356047607,0.000769148607693535
30.61387,45.43221,0.00194354384697704,45.4312639393765,0.000997483223476185
30.62519,45.42862,-0.00164645615301851,45.4314273687235,0.00116091257043868
30.6365,45.43019,-7.64561530175456e-05,45.431518642495,0.0012521863419666
30.64784,45.43153,0.00126354384698146,45.4315371567015,0.00127070054842973
30.65919,45.4323,0.00203354384697718,45.431488204558,0.00122174840502305
30.67054,45.43242,0.00215354384697974,45.4313820444769,0.0011155883239072
30.68187,45.42899,-0.00127645615302185,45.4312328727616,0.000966416608544466
30.69319,45.43147,0.00120354384697663,45.4310576936498,0.000791237496772738
30.70452,45.43225,0.00198354384698263,45.430875076841,0.00060862068797383
30.71586,45.43153,0.00126354384698146,45.4307037951082,0.000437338955182288
30.72716,45.43117,0.000903543846980881,45.4305613250337,0.000294868880655537
30.73851,45.42788,-0.00238645615301891,45.4304622390855,0.000195782932451691
30.74985,45.43179,0.00152354384697873,45.4304166374402,0.000150181287217825
30.7612,45.4295,-0.000766456153023398,45.4304288789794,0.00016242282642656
30.77252,45.42915,-0.00111645615302081,45.4304968856793,0.000230429526262356
30.78383,45.43071,0.000443543846976979,45.4306122158189,0.000345759665838668
30.79516,45.43183,0.00156354384697721,45.4307609794393,0.000494523286251597
30.80648,45.42799,-0.00227645615301952,45.4309255360201,0.00065907986712335
30.8178,45.43163,0.00136354384697768,45.431086787849,0.000820331695945614
30.82914,45.43295,0.00268354384697744,45.4312267702929,0.00096031413984305
30.84044,45.43253,0.00226354384697913,45.4313311331627,0.00106467700966138
30.85178,45.43406,0.00379354384698161,45.4313910375991,0.00112458144604935
30.86312,45.43075,0.00048354384698257,45.431404051834,0.0011375956809621
30.87443,45.43107,0.000803543846977561,45.4313738635104,0.0011074073573838
30.88576,45.42962,-0.000646456153020836,45.4313089552684,0.00104249911536209
30.89709,45.43098,0.000713543846977416,45.4312206585023,0.000954202349282322
30.90844,45.42981,-0.000456456153017371,45.4311210922815,0.000854636128481764
30.91976,45.43235,0.00208354384697884,45.4310214042019,0.000754948048880507
30.9311,45.43049,0.000223543846978203,45.430930542539,0.000664086385937044
30.94244,45.43007,-0.000196456153020108,45.4308546104162,0.000588154263176713
30.95375,45.43106,0.000793543846981493,45.430796743582,0.000530287428962115
30.96506,45.43148,0.0012135438469798,45.4307574043101,0.00049094815706973
30.9764,45.43136,0.00109354384697724,45.4307349544363,0.000468498283309196
30.98776,45.42988,-0.000386456153023573,45.4307263552094,0.000459899056341345
30.9991,45.42988,-0.000386456153023573,45.4307278655457,0.000461409392639175
31.01044,45.43259,0.00232354384697686,45.4307356623704,0.000469206217351642
31.02177,45.42987,-0.000396456153019642,45.4307463370751,0.00047988092207846
31.03311,45.43075,0.00048354384698257,45.4307572163538,0.000490760200743643
31.04441,45.43291,0.00264354384697896,45.4307664536944,0.000499997541366998
31.0557,45.42937,-0.000896456153022029,45.4307728715753,0.000506415422269186
31.06702,45.43108,0.000813543846980735,45.4307756016011,0.000509145448101681
31.07834,45.42949,-0.000776456153019467,45.4307736537807,0.000507197627694945
31.08967,45.4292,-0.00106645615301915,45.4307656088548,0.000499152701772887
31.101,45.43182,0.00155354384698114,45.4307496123806,0.00048315622760949
31.11234,45.43066,0.000393543846982425,45.4307237337884,0.00045727763537451
31.12365,45.43117,0.000903543846980881,45.4306865863103,0.000420130157251122
31.13497,45.43269,0.00242354384698018,45.4306379744194,0.000371518266422175
31.1463,45.43091,0.000643543846976513,45.4305793124649,0.000312856311869125
31.15762,45.42857,-0.00169645615302016,45.4305136534269,0.000247197273858814
31.16898,45.42937,-0.000896456153022029,45.4304453354584,0.000178879305366406
31.18031,45.43228,0.00201354384697794,45.4303793999774,0.000112943824337228
31.19161,45.43058,0.000313543846978348,45.4303209664902,5.45103371750156e-05
31.20293,45.42879,-0.00147645615302139,45.4302746806261,8.22447311008851e-06
31.21427,45.42942,-0.00084645615302037,45.4302442894263,-2.21667266812906e-05
31.22558,45.42994,-0.000326456153018739,45.4302323860379,-3.40701151472038e-05
31.23687,45.4324,0.0021335438469805,45.430240336195,-2.61199580082389e-05
31.24822,45.43104,0.00077354384698225,45.4302683078605,1.85170746970233e-06
31.25954,45.43035,8.35438469763972e-05,45.4303152496154,4.87934623665866e-05
31.27086,45.43045,0.000183543846979717,45.4303787057659,0.000112249612897156
31.28216,45.42795,-0.00231645615301801,45.4304545121393,0.000188055986251046
31.29348,45.43167,0.00140354384697616,45.4305365740519,0.00027011789886625
31.3048,45.4287,-0.00156645615302153,45.4306169761195,0.00035051996650702
31.31611,45.43065,0.000383543846979251,45.430686587707,0.000420131553930305
31.32742,45.43106,0.000793543846981493,45.430736161037,0.000469704884026867
31.33875,45.43127,0.0010035438469771,45.4307577402023,0.0004912840492595
31.35007,45.43269,0.00242354384698018,45.4307460599533,0.000479603800318756
31.36141,45.43204,0.00177354384697992,45.4306995596945,0.00043310354147545
31.37274,45.43058,0.000313543846978348,45.430620711874,0.000354255721007967
31.38405,45.42968,-0.000586456153023107,45.4305155655936,0.000249109440582068
31.39539,45.42892,-0.00134645615302276,45.4303926664034,0.000126210250380633
31.40673,45.42791,-0.0023564561530236,45.4302617102631,-4.74588995613417e-06
31.41805,45.43263,0.00236354384698245,45.430132318935,-0.000134137218041704
31.42939,45.4302,-6.64561530214769e-05,45.4300131757826,-0.000253280370406663
31.44072,45.42962,-0.000646456153020836,45.4299115429714,-0.000354913181585089
31.45205,45.43015,-0.000116456153023137,45.4298330425708,-0.00043341358218343
31.46337,45.42936,-0.000906456153018098,45.4297815836117,-0.000484872541277595
31.47472,45.43006,-0.000206456153023282,45.4297593872449,-0.000507068908145897
31.48605,45.42889,-0.00137645615301807,45.4297671138427,-0.000499342310279721
31.49738,45.42953,-0.000736456153020981,45.4298041027253,-0.000462353427682386
31.50872,45.43112,0.000853543846979221,45.429868708233,-0.000397747919974793
31.52004,45.42911,-0.00115645615301929,45.4299586682354,-0.000307787917623954
31.53137,45.43021,-5.64561530183028e-05,45.4300713961376,-0.000195060015398138
31.54267,45.43304,0.00277354384697759,45.4302040735407,-6.23826122840557e-05
31.554,45.43098,0.000713543846977416,45.4303534528571,8.69967040327645e-05
31.56533,45.42837,-0.0018964561530197,45.4305153737655,0.000248917612489326
31.57666,45.42725,-0.00301645615301993,45.4306841616613,0.000417705508306436
31.58799,45.43187,0.0016035438469828,45.4308522305631,0.000585774410042234
31.59934,45.43191,0.00164354384698129,45.4310102060993,0.000743749946234729
31.61065,45.43188,0.00161354384697887,45.4311476745504,0.00088121839738434
31.62199,45.42982,-0.000446456153021302,45.4312544079854,0.000987951832335076
31.6333,45.43146,0.00119354384698056,45.431321790894,0.00105533474101934
31.64461,45.43242,0.00215354384697974,45.4313441850234,0.00107772887036951
31.65591,45.43214,0.00187354384697613,45.431320005834,0.00105354968100598
31.66724,45.4322,0.00193354384698097,45.431252301391,0.000985845238019102
31.67856,45.43049,0.000223543846978203,45.4311486773196,0.000882221166621493
31.68987,45.4305,0.000233543846981377,45.4310205389123,0.000754082759272157
31.70122,45.43094,0.00067354384697893,45.4308817763121,0.000615320159098988
31.71254,45.43158,0.00131354384697602,45.4307471193961,0.000480663243066877
31.7239,45.42962,-0.000646456153020836,45.4306304073928,0.000363951239824887
31.73526,45.42956,-0.000706456153018564,45.4305429945587,0.000276538405680301
31.74658,45.43017,-9.64561530238939e-05,45.4304924858909,0.000226029737848482
31.75791,45.43219,0.00192354384697779,45.430481950488,0.000215494334986048
31.76923,45.43021,-5.64561530183028e-05,45.4305096746994,0.000243218546396108
31.78057,45.42962,-0.000646456153020836,45.4305694342401,0.000302978087066466
31.79188,45.42799,-0.00227645615301952,45.4306512401331,0.000384783980087243
31.8032,45.43371,0.00344354384697709,45.4307425188659,0.000476062712918452
31.81453,45.43075,0.00048354384698257,45.4308296353642,0.000563179211180708
31.82585,45.43332,0.0030535438469812,45.4308995543641,0.000633098211041204
31.83716,45.42938,-0.000886456153018855,45.4309413779548,0.000674921801788727
31.84848,45.4271,-0.0031664561530178,45.4309475829729,0.000681126819901475
31.85982,45.43246,0.00219354384697823,45.4309149362095,0.000648480056512491
31.87116,45.43338,0.00311354384697893,45.4308451153069,0.000578659153864337
31.8825,45.43111,0.000843543846976047,45.4307449465529,0.000478490399884356
31.89381,45.43032,5.35438469810856e-05,45.430626032102,0.000359575948943238
31.90512,45.4325,0.00223354384697672,45.4305035610433,0.000237104890310841
31.91645,45.43119,0.000923543846980124,45.4303942902989,0.000127834145879242
31.92778,45.42908,-0.00118645615302171,45.430313924964,4.74688109993627e-05
31.93914,45.42725,-0.00301645615301993,45.4302743465426,7.89038956390161e-06
31.95048,45.42957,-0.000696456153022496,45.430281290687,1.48345339867625e-05
31.96182,45.42925,-0.00101645615301749,45.4303330802528,6.66240997971695e-05
31.97316,45.42823,-0.0020364561530215,45.4304208133109,0.000154357157832648
31.98447,45.43192,0.00165354384697736,45.4305300450546,0.000263588901610542
31.9958,45.43158,0.00131354384697602,45.4306436132036,0.000377157050607987
32.00715,45.43375,0.00348354384698268,45.4307449467308,0.0004784905778245
32.01848,45.4324,0.0021335438469805,45.4308210556339,0.000554599480844746
32.02981,45.4315,0.00123354384697905,45.430864493073,0.000598036919974711
32.04115,45.43245,0.00218354384698216,45.4308739009923,0.000607444839323023
32.05249,45.42557,-0.00469645615302028,45.4308531850017,0.000586728848677828
32.06382,45.43198,0.00171354384698219,45.430809750675,0.000543294521953498
32.07514,45.4304,0.000133543846978057,45.4307524254927,0.000485969339724447
32.08646,45.42946,-0.000806456153021884,45.4306896336304,0.000423177477340159
32.09779,45.42953,-0.000736456153020981,45.4306281678961,0.000361711743073772
32.10912,45.43291,0.00264354384697896,45.4305726579141,0.000306201761069484
32.12043,45.43111,0.000843543846976047,45.430525642808,0.000259186655004619
32.13174,45.42865,-0.00161645615302319,45.4304880394422,0.000221583289143237
32.14305,45.43017,-9.64561530238939e-05,45.4304597761689,0.000193320015860658
32.15438,45.43266,0.00239354384697776,45.4304404137539,0.000173957600882196
32.16571,45.43109,0.000823543846976804,45.4304296170463,0.00016316089328527
32.17705,45.43119,0.000923543846980124,45.4304273535172,0.00016089736419229
32.18838,45.42846,-0.00180645615301955,45.4304337579815,0.000167301828466919
32.19973,45.42909,-0.00117645615301853,45.4304487517189,0.000182295565894977
32.21106,45.43,-0.000266456153021011,45.4304716405264,0.000205184373349021
32.22233,45.43137,0.00110354384698041,45.4305009128127,0.000234456659631747
32.23366,45.43302,0.00275354384697835,45.4305343061347,0.000267849981726102
32.24499,45.42947,-0.00079645615301871,45.4305690351525,0.000302578999463516
32.25631,45.42945,-0.000816456153017953,45.4306020199698,0.000335563816766947
32.26768,45.43076,0.000493543846978639,45.4306300422569,0.000363586103885446
32.27901,45.43215,0.00188354384697931,45.4306498720021,0.000383415849037983
32.29036,45.42951,-0.000756456153020224,45.4306584422026,0.000391986049557053
32.30167,45.42905,-0.00121645615302413,45.4306531185421,0.000386662389091173
32.313,45.43052,0.000253543846980619,45.4306320820376,0.000365625884572974
32.32435,45.43237,0.00210354384697808,45.4305948047251,0.000328348572100785
32.33569,45.43151,0.00124354384698222,45.4305425099042,0.000276053751218033
32.34701,45.43031,4.35438469779115e-05,45.4304784168032,0.000211960650207606
32.35835,45.43126,0.000993543846981026,45.4304075786894,0.000141122536341627
32.36964,45.42965,-0.000616456153018419,45.4303362560568,6.9799903818733e-05
32.38098,45.43075,0.00048354384698257,45.4302709412584,4.48510541162233e-06
32.3923,45.42777,-0.0024964561530183,45.4302172819035,-4.91742495421237e-05
32.40363,45.42929,-0.000976456153019001,45.4301792006811,-8.72554719605541e-05
32.41497,45.42998,-0.000286456153020254,45.4301584605108,-0.000107995642175888
32.42631,45.43346,0.0031935438469759,45.4301547688865,-0.000111687266538329
32.43764,45.4278,-0.00246645615302299,45.4301663095148,-0.000100146638206436
32.44897,45.43121,0.000943543846979367,45.4301904514142,-7.60047388095479e-05
32.46029,45.43066,0.000393543846982425,45.4302243853758,-4.20707772478092e-05
32.47163,45.43095,0.000683543846982104,45.4302655227066,-9.33446426751515e-07
32.48291,45.43194,0.0016735438469766,45.4303115802561,4.51241031052243e-05
32.49421,45.42744,-0.00282645615302357,45.4303603664104,9.39102573632312e-05
32.50553,45.43046,0.000193543846975786,45.4304094013199,0.000142945166867773
32.51686,45.43,-0.000266456153021011,45.4304556082957,0.000189152142673297
32.52818,45.42899,-0.00127645615302185,45.4304953166321,0.000228860479072553
32.53952,45.43126,0.000993543846981026,45.4305246946991,0.000258238546061878
32.55084,45.43242,0.00215354384697974,45.4305405476137,0.000274091460631897
32.56215,45.42898,-0.00128645615301792,45.430541252322,0.000274796168936102
32.57347,45.43242,0.00215354384697974,45.4305275284064,0.000261072253390867
32.58479,45.43021,-5.64561530183028e-05,45.4305027739251,0.000236317772108418
32.59615,45.43261,0.0023435438469761,45.4304727967931,0.000206340640127926
32.60749,45.43097,0.000703543846981347,45.4304449031211,0.000178446968073729
32.61884,45.42776,-0.00250645615302147,45.4304264650456,0.000160008892579318
32.63018,45.43003,-0.000236456153018594,45.430423277102,0.000156820948942661
32.64149,45.4297,-0.000566456153023864,45.4304381487579,0.000171692604896416
32.65282,45.42831,-0.00195645615301743,45.4304701735187,0.000203717365662555
32.66413,45.42997,-0.000296456153023428,45.4305149414592,0.000248485306147798
32.67545,45.43195,0.00168354384697977,45.4305656879212,0.000299231768209415
32.68678,45.43315,0.00288354384697698,45.4306150811112,0.000348624958164063
32.69809,45.43076,0.000493543846978639,45.430657136829,0.000390680676017039
32.70941,45.43069,0.000423543846977736,45.4306887088108,0.000422252657805702
32.72076,45.43295,0.00268354384697744,45.4307101639141,0.000443707761041552
32.73208,45.42845,-0.00181645615302273,45.4307251178097,0.000458661656662417
32.74339,45.43169,0.00142354384698251,45.4307393555315,0.000472899378432939
32.75473,45.42983,-0.000436456153018128,45.430759231926,0.000492775772973943
32.76607,45.43027,3.54384697942578e-06,45.4307899266741,0.000523470521108802
32.7774,45.43106,0.000793543846981493,45.4308339207197,0.000567464566730798
32.78872,45.42962,-0.000646456153020836,45.4308899907099,0.000623534556840924
32.80006,45.43031,4.35438469779115e-05,45.430952918127,0.000686461974013109
32.81138,45.43203,0.00176354384697675,45.4310139949481,0.000747538795047348
32.8227,45.42931,-0.000956456153019758,45.4310622797496,0.000795823596535564
32.83404,45.43198,0.00171354384698219,45.4310864289138,0.000819972760789757
32.84537,45.43155,0.00128354384698071,45.4310768186298,0.000810362476762081
32.8567,45.43178,0.00151354384698266,45.4310275991679,0.00076114301487213
32.86803,45.43105,0.000783543846978318,45.4309382963015,0.00067184014847696
32.87933,45.43228,0.00201354384697794,45.4308146146167,0.000548158463644824
32.89065,45.43213,0.00186354384698006,45.4306682070716,0.000401750918534831
32.902,45.4317,0.00143354384697858,45.4305153410237,0.000248884870702282
32.91334,45.42764,-0.00262645615302404,45.4303746082888,0.00010815213578236
32.92466,45.42862,-0.00164645615301851,45.4302640745547,-2.3815983309311e-06
32.93602,45.42848,-0.00178645615302031,45.4301984485743,-6.80075787122121e-05
32.94738,45.43188,0.00161354384697887,45.4301868474361,-7.96087169059785e-05
32.95874,45.43032,5.35438469810856e-05,45.4302315162809,-3.49398721086171e-05
32.97007,45.43052,0.000253543846980619,45.4303275651521,6.1108999063646e-05
32.98138,45.42957,-0.000696456153022496,45.4304635883578,0.0001971322047792
32.99271,45.43096,0.000693543846978173,45.4306229868954,0.000356530742331674
33.00407,45.4299,-0.000366456153017225,45.430785841416,0.000519385263028134
33.01541,45.43194,0.0016735438469766,45.4309311873291,0.000664731176059403
33.02675,45.42953,-0.000736456153020981,45.4310395032711,0.000773047118044917
33.03806,45.43262,0.00235354384697928,45.4310951687479,0.000828712594845613
33.04939,45.43107,0.000803543846977561,45.4310886027882,0.00082214663513653
33.06071,45.43192,0.00165354384697736,45.4310177761681,0.000751320015116657
33.07204,45.43324,0.00297354384697712,45.430888814167,0.000622358013955753
33.08336,45.42962,-0.000646456153020836,45.4307155006591,0.000449044506054918
33.0947,45.43109,0.000823543846976804,45.4305176665883,0.000251210435284244
33.10602,45.42913,-0.00113645615302005,45.4303186629853,5.22068322913329e-05
33.11733,45.42929,-0.000976456153019001,45.430142304537,-0.000124151616027949
33.12866,45.43035,8.35438469763972e-05,45.4300097507115,-0.000256705441515518
33.13996,45.43121,0.000943543846979367,45.4299367534305,-0.00032970272249063
33.15126,45.42732,-0.00294645615301903,45.4299315986444,-0.000334857508594411
33.16259,45.4292,-0.00106645615301915,45.4299939775569,-0.000272478596149615
33.17392,45.43063,0.000363543846980008,45.430114955992,-0.000151500160978152
33.18524,45.42832,-0.00194645615302136,45.4302781107414,1.16545883357819e-05
33.19658,45.43144,0.00117354384698132,45.4304617321776,0.000195276024600756
33.20787,45.43221,0.00194354384697704,45.4306417941866,0.000375338033541376
33.21921,45.43046,0.000193543846975786,45.4307952378836,0.000528781730537673
33.23055,45.43214,0.00187354384697613,45.4309030576911,0.000636601538066358
33.24187,45.43104,0.00077354384698225,45.4309527361018,0.0006862799488193
33.25318,45.43111,0.000843543846976047,45.4309397156795,0.000673259526493619
33.26448,45.43221,0.00194354384697704,45.4308677623359,0.000601306182897218
33.2758,45.43056,0.000293543846979105,45.4307482249265,0.000481768773435086
33.28715,45.43079,0.000523543846981056,45.4305983335377,0.000331877384651377
33.29848,45.42816,-0.00210645615302241,45.4304388097701,0.000172353617075028
33.30981,45.4308,0.000533543846977125,45.4302911637967,2.47076436903349e-05
33.32114,45.43073,0.000463543846976222,45.4301750751628,-9.13809901990495e-05
33.33245,45.42886,-0.00140645615302049,45.430106179485,-0.00016027666802094
33.34378,45.43043,0.000163543846980474,45.4300944640361,-0.000171992116964055
33.35509,45.42986,-0.000406456153022816,45.4301433785396,-0.000123077613427959
33.36642,45.43003,-0.000236456153018594,45.4302497039382,-1.67522147846819e-05
33.37775,45.42996,-0.000306456153019496,45.4304041656882,0.000137709535172521
33.38908,45.43008,-0.000186456153024039,45.4305927177996,0.000326261646544412
33.40038,45.43085,0.000583543846978785,45.43079835833,0.000531902176965059
33.41172,45.43188,0.00161354384697887,45.4310032611977,0.000736805044635892
33.42306,45.43283,0.00256354384698199,45.4311909341084,0.000924477955415714
33.43438,45.42997,-0.000296456153023428,45.4313480798758,0.00108162372273808
33.44571,45.43247,0.0022035438469814,45.4314658881594,0.00119943200638072
33.45704,45.43268,0.00241354384697701,45.4315406035587,0.00127414740563131
33.46836,45.43061,0.000343543846980765,45.4315733473081,0.00130689115510622
33.47969,45.43163,0.00136354384697768,45.4315692796935,0.00130282354044242
33.49102,45.43209,0.00182354384698158,45.4315362822977,0.00126982614465335
33.50236,45.43038,0.000113543846978814,45.4314834076472,0.00121695149421881
33.51368,45.43066,0.000393543846982425,45.431419370587,0.00115291443397815
33.52501,45.43006,-0.000206456153023282,45.4313513355572,0.00108487940420138
33.53633,45.43342,0.00315354384697741,45.4312841816833,0.00101772553029555
33.54766,45.43054,0.000273543846979862,45.4312203033475,0.000953847194525272
33.559,45.43089,0.00062354384697727,45.4311598744428,0.000893418289742743
33.57033,45.4304,0.000133543846978057,45.4311014369746,0.000834980821529422
33.58162,45.43201,0.0017435438469775,45.4310426717839,0.000776215630919061
33.59293,45.43209,0.00182354384698158,45.4309812121689,0.00071475601584281
33.60425,45.43084,0.000573543846982716,45.4309153483876,0.000648892234578508
33.61557,45.43054,0.000273543846979862,45.4308444894843,0.00057803333126012
33.62688,45.43001,-0.000256456153017837,45.4307693303606,0.000502874207610117
33.63821,45.43082,0.000553543846976368,45.4306917713184,0.000425315165423711
33.64955,45.43149,0.00122354384697587,45.430614682896,0.000348226742974666
33.66089,45.43105,0.000783543846978318,45.4305415881409,0.000275131987860432
33.67226,45.42833,-0.00193645615301818,45.4304763028288,0.000209846675820855
33.6836,45.42983,-0.000436456153018128,45.4304225784383,0.000156122285306974
33.69493,45.43209,0.00182354384698158,45.4303838036718,0.000117347518765832
33.70628,45.43108,0.000813543846980735,45.4303627758223,9.63196692725703e-05
33.71762,45.43065,0.000383543846979251,45.4303614695834,9.50134303370564e-05
33.72894,45.43075,0.00048354384698257,45.4303807067905,0.000114250637486497
33.74027,45.43089,0.00062354384697727,45.4304197212802,0.000153265127182817
33.75158,45.42607,-0.00419645615301789,45.4304757646666,0.000209308513551537
33.76293,45.4305,0.000233543846981377,45.4305440082099,0.000277552056862675
33.77426,45.4316,0.00133354384698237,45.4306179726656,0.000351516512562776
33.78557,45.43117,0.000903543846980881,45.4306905311628,0.000424075009810222
33.7969,45.43181,0.00154354384697797,45.4307552684934,0.000488812340382568
33.80825,45.43026,-6.45615302374836e-06,45.4308078080503,0.000541351897242884
33.81957,45.43247,0.0022035438469814,45.4308467183905,0.000580262237503711
33.8309,45.43309,0.00282354384697925,45.4308737335605,0.000607277407506314
33.84223,45.42924,-0.00102645615302066,45.4308931903807,0.000626734227718461
33.85356,45.43,-0.000266456153021011,45.4309107839957,0.000644327842677066
33.86488,45.43069,0.000423543846977736,45.4309319485727,0.000665492419651391
33.87623,45.42931,-0.000956456153019758,45.4309602992941,0.000693843141067683
33.88755,45.43034,7.35438469803285e-05,45.4309965486381,0.00073009248503766
33.89889,45.43229,0.00202354384698111,45.4310381503872,0.000771694234132744
33.91023,45.43056,0.000293543846979105,45.431079709819,0.000813253665985185
33.92155,45.43152,0.00125354384697829,45.4311140110883,0.00084755493529212
33.93288,45.43061,0.000343543846980765,45.4311334078125,0.000866951659493877
33.94423,45.43155,0.00128354384698071,45.4311313012887,0.000864845135714692
33.95558,45.43227,0.00200354384698187,45.4311034466511,0.000836990498027798
33.96693,45.43233,0.0020635438469796,45.4310488497322,0.000782393579174696
33.97826,45.43,-0.000266456153021011,45.4309700681243,0.000703611971323897
33.98959,45.43209,0.00182354384698158,45.4308728429336,0.000606386780537466
34.00096,45.43051,0.000243543846977445,45.4307651490802,0.000498692927138928
34.01226,45.4273,-0.00296645615301827,45.4306559024685,0.000389446315486702
34.02356,45.4323,0.00203354384697718,45.4305536448075,0.000287188654487326
34.03489,45.43064,0.000373543846976077,45.4304655075676,0.000199051414587489
34.0462,45.42829,-0.00197645615302378,45.4303966412878,0.000130185134809918
34.05754,45.42979,-0.000476456153023719,45.4303501470459,8.36908929234022e-05
34.06889,45.43204,0.00177354384697992,45.4303274197355,6.09635824393473e-05
34.08023,45.43253,0.00226354384697913,45.4303287004316,6.22442786093084e-05
34.09157,45.43109,0.000823543846976804,45.4303535464005,8.70902474994814e-05
34.10291,45.42926,-0.00100645615302142,45.4304009498909,0.000134493737917895
34.11423,45.4302,-6.64561530214769e-05,45.4304690200385,0.000202563885504749
34.12556,45.4296,-0.000666456153020079,45.430554387487,0.000287931334020406
34.13689,45.43044,0.000173543846976543,45.4306516413727,0.000385185219698345
34.14821,45.43015,-0.000116456153023137,45.4307530996248,0.000486643471744864
34.15953,45.43054,0.000273543846979862,45.4308490959645,0.000582639811461812
34.17085,45.43114,0.000873543846978464,45.4309288171532,0.000662361000128306
34.18219,45.43143,0.00116354384697814,45.4309815876324,0.000715131479340952
34.19353,45.42962,-0.000646456153020836,45.4309983964876,0.000731940334536564
34.20488,45.43267,0.00240354384698094,45.4309734022819,0.000706946128859148
34.21622,45.43322,0.00295354384697788,45.430905129766,0.000638673613013402
34.22755,45.42925,-0.00101645615301749,45.4307970908915,0.000530634738519814
34.2389,45.43137,0.00110354384698041,45.4306576498092,0.000391193656152912
34.25025,45.43108,0.000813543846980735,45.4304991138323,0.000232657679296392
34.26159,45.42798,-0.0022864561530227,45.4303362053297,6.97491766330074e-05
34.2729,45.43295,0.00268354384697744,45.4301841772726,-8.22788803900896e-05
34.28424,45.42839,-0.00187645615302046,45.4300568650294,-0.000209591123653149
34.29556,45.42881,-0.00145645615302215,45.4299649543465,-0.000301501806564975
34.3069,45.42892,-0.00134645615302276,45.4299147185663,-0.000351737586676441
34.31825,45.4306,0.000333543846977591,45.4299074223799,-0.00035903377312711
34.32956,45.43034,7.35438469803285e-05,45.4299394699684,-0.000326986184668082
34.34091,45.42961,-0.00065645615302401,45.4300032126346,-0.000263243518467045
34.35225,45.43034,7.35438469803285e-05,45.4300882059811,-0.000178250171880106
34.36357,45.43166,0.00139354384698009,45.4301826680973,-8.37880556848037e-05
34.37492,45.42932,-0.000946456153023689,45.4302749164691,8.46031605502289e-06
34.38626,45.42987,-0.000396456153019642,45.4303546188884,8.81627353779997e-05
34.39757,45.43147,0.00120354384697663,45.4304137643631,0.000147308210045251
34.40891,45.43044,0.000173543846976543,45.4304473167911,0.000180860638084472
34.42026,45.42916,-0.00110645615301763,45.4304535374797,0.00018708132670218
34.43159,45.43224,0.00197354384697945,45.430433969152,0.000167512999020388
34.44291,45.43065,0.000383543846979251,45.4303930852705,0.000126629117500562
34.45422,45.42912,-0.00114645615302322,45.4303376280934,7.11719404220272e-05
34.46555,45.43124,0.000973543846981784,45.4302756954167,9.23926363196129e-06
34.47686,45.42865,-0.00161645615302319,45.4302156887587,-5.07673943375174e-05
34.48819,45.43112,0.000853543846979221,45.4301652698756,-0.00010118627743763
34.49952,45.43056,0.000293543846979105,45.4301304588984,-0.000135997254590354
34.51086,45.43041,0.000143543846981231,45.4301149662346,-0.00015148991846604
34.52218,45.42688,-0.00338645615302369,45.4301198271228,-0.000146629030220915
34.53351,45.4323,0.00203354384697718,45.4301434134559,-0.000123042697110224
34.54485,45.4277,-0.0025664561530192,45.4301818829826,-8.45731704579873e-05
34.5562,45.4318,0.0015335438469819,45.4302300389323,-3.64172206775864e-05
34.56753,45.43093,0.000663543846975756,45.4302824331843,1.59770313233355e-05
34.57883,45.43236,0.00209354384698202,45.4303344303363,6.7974183241784e-05
34.59018,45.42941,-0.000856456153023544,45.4303829285444,0.000116472391416018
34.60154,45.4309,0.000633543846980444,45.4304265331034,0.000160076950420737
34.61287,45.43109,0.000823543846976804,45.4304651632434,0.00019870709037153
34.62419,45.42944,-0.000826456153021127,45.4304992556603,0.000232799507282033
34.63553,45.42837,-0.0018964561530197,45.4305288454565,0.000262389303442927
34.64685,45.43157,0.00130354384697995,45.4305528393621,0.000286383209060194
34.65817,45.42937,-0.000896456153022029,45.4305687380678,0.000302281914775351
34.6695,45.43105,0.000783543846978318,45.4305729185455,0.000306462392463121
34.68082,45.4306,0.000333543846977591,45.4305614087463,0.000294952593271939
34.69214,45.43191,0.00164354384698129,45.430530949026,0.000264492872964999
34.70348,45.43027,3.54384697942578e-06,45.4304800725914,0.000213616438333657
34.71482,45.4305,0.000233543846981377,45.4304099543578,0.000143498204753331
34.72614,45.4296,-0.000666456153020079,45.4303248577941,5.84016410418817e-05
34.73746,45.43075,0.00048354384698257,45.4302321068143,-3.43493386806785e-05
34.74882,45.4329,0.00263354384697578,45.430141573192,-0.0001248829610064
34.76018,45.42784,-0.0024264561530174,45.4300647003154,-0.000201755837667673
34.77151,45.43134,0.001073543846978,45.4300131380846,-0.0002533180684334
34.78281,45.42749,-0.00277645615302191,45.4299971713288,-0.000269284824183012
34.79414,45.42992,-0.000346456153017982,45.4300242279136,-0.000242228239451393
34.80547,45.42983,-0.000436456153018128,45.4300977642563,-0.000168691896745167
34.81682,45.43207,0.00180354384698234,45.4302167222371,-4.97339159476448e-05
34.82813,45.42823,-0.0020364561530215,45.4303755963641,0.000109140211054052
34.83945,45.43044,0.000173543846976543,45.4305650339173,0.000298577764315735
34.85076,45.4323,0.00203354384697718,45.430772844597,0.000506388443983944
34.86211,45.43029,2.35438469786686e-05,45.4309852753289,0.000718819175900508
34.87343,45.43151,0.00124354384698222,45.4311883765901,0.000921920437079352
34.88478,45.43269,0.00242354384698018,45.4313692764101,0.00110282025706539
34.89612,45.43063,0.000363543846980008,45.4315172156051,0.00125075945206354
34.90746,45.43066,0.000393543846982425,45.4316242689976,0.00135781284452944
34.91881,45.43295,0.00268354384697744,45.4316857495485,0.00141929339545103
34.93016,45.43098,0.000713543846977416,45.431700331557,0.0014338754039803
34.94149,45.43336,0.00309354384697968,45.4316699226748,0.0014034665218307
34.95282,45.42995,-0.000316456153022671,45.4315992971411,0.00133284098806691
34.96416,45.4325,0.00223354384697672,45.4314955194507,0.00122906329766512
34.9755,45.43054,0.000273543846979862,45.431367235089,0.00110077893593457
34.98683,45.42954,-0.000726456153017807,45.4312239402806,0.000957484127599215
34.99818,45.43297,0.00270354384697669,45.4310753313991,0.000808875246074977
35.00951,45.43136,0.00109354384697724,45.4309307720948,0.000664315941736757
35.02082,45.43036,9.35438469795713e-05,45.4307988358851,0.00053237973204893
35.03213,45.43109,0.000823543846976804,45.4306868462601,0.000420390107074416
35.04346,45.43118,0.00091354384697695,45.4306003770179,0.000333920864900115
35.0548,45.4297,-0.000566456153023864,45.4305427565189,0.000276300365896963
35.06612,45.42953,-0.000736456153020981,45.4305146887506,0.000248232597569486
35.07742,45.42986,-0.000406456153022816,45.4305141363873,0.000247680234238485
35.08876,45.43049,0.000223543846978203,45.4305365848882,0.000270128735209926
35.10012,45.43184,0.00157354384698039,45.4305757070713,0.000309250918277986
35.11144,45.43038,0.000113543846978814,45.4306243104271,0.000357854274034157
35.12277,45.43189,0.00162354384698205,45.4306753536204,0.000408897467421127
35.1341,45.43091,0.000643543846976513,45.4307228188866,0.000456362733532199
35.1454,45.42775,-0.00251645615301754,45.4307623121423,0.000495855989324451
35.15673,45.43364,0.00337354384697619,45.4307913702358,0.000524914082810289
35.16805,45.43046,0.000193543846975786,45.430809514253,0.000543058099932394
35.17938,45.43086,0.000593543846981959,45.4308180797674,0.000551623614397139
35.19069,45.42989,-0.000376456153020399,45.4308198352838,0.000553379130831509
35.20204,45.43197,0.00170354384697902,45.4308184228553,0.000551966702326699
35.21338,45.43003,-0.000236456153018594,45.4308176966762,0.000551240523178345
35.22471,45.43104,0.00077354384698225,45.4308210500285,0.000554593875483177
35.23603,45.43039,0.000123543846981988,45.4308308110909,0.000564354937861003
35.24734,45.43132,0.00105354384697876,45.4308477757686,0.000581319615609908
35.25867,45.43156,0.00129354384697677,45.4308709322095,0.000604476056522927
35.27001,45.42979,-0.000476456153023719,45.4308974196205,0.000630963467498143
35.28136,45.42949,-0.000776456153019467,45.4309227673732,0.000656311220151733
35.29268,45.43079,0.000523543846981056,45.4309414662137,0.000675010060664388
35.30401,45.43243,0.00216354384697581,45.4309478811336,0.000681424980551368
35.31531,45.4301,-0.000166456153017691,45.430937403162,0.000670947008967418
35.32663,45.43211,0.00184354384698082,45.4309076144311,0.000641158278103787
35.33794,45.43114,0.000873543846978464,45.4308591900083,0.000592733855257522
35.34927,45.43208,0.0018135438469784,45.4307963008426,0.000529844689609155
35.36058,45.43076,0.000493543846978639,45.4307263841654,0.000459928012372188
35.37193,45.42895,-0.00131645615302034,45.4306592861499,0.000392829996860662
35.38325,45.43068,0.000413543846981668,45.4306059290052,0.000339472852187025
35.39458,45.43066,0.000393543846982425,45.4305767519152,0.000310295762174153
35.40591,45.43127,0.0010035438469771,45.4305801736937,0.000313717540725581
35.41725,45.43113,0.000863543846982395,45.4306212528451,0.000354796692102493
35.42859,45.43,-0.000266456153021011,45.430700664065,0.000434207911975946
35.43993,45.42963,-0.000636456153017662,45.4308141209068,0.000547664753797947
35.45126,45.42986,-0.000406456153022816,45.4309524178314,0.000685961678396708
35.46258,45.43024,-2.64561530229912e-05,45.4311022576937,0.000835801540678825
35.47391,45.43105,0.000783543846978318,45.4312479162078,0.000981460054780945
35.48524,45.4324,0.0021335438469805,45.4313735887418,0.00110713258873291
35.49657,45.43215,0.00188354384697931,45.4314660428032,0.00119958665018135
35.5079,45.43198,0.00171354384698219,45.431517050328,0.00125059417497609
35.51923,45.43464,0.00437354384698097,45.4315250525652,0.00125859641215055
35.53055,45.4314,0.00113354384697573,45.4314956229916,0.00122916683860608
35.54184,45.4339,0.00363354384698056,45.4314405201619,0.00117406400888095
35.55316,45.42897,-0.0012964561530211,45.4313754358485,0.00110897969551842
35.56447,45.4296,-0.000666456153020079,45.4313168875833,0.00105043143031524
35.57579,45.42882,-0.00144645615301897,45.4312789692372,0.00101251308418076
35.58714,45.43114,0.000873543846978464,45.4312707344636,0.00100427831053915
35.5985,45.43105,0.000783543846978318,45.4312947968968,0.00102834074381285
35.60984,45.42923,-0.00103645615302383,45.4313473703404,0.0010809141873983
35.62119,45.43362,0.00335354384697695,45.4314195941523,0.00115313799929421
35.63251,45.43473,0.00446354384698111,45.4314996998706,0.00123324371762391
35.64384,45.43098,0.000713543846977416,45.4315754204269,0.00130896427388124
35.65517,45.43167,0.00140354384697616,45.4316360673685,0.00136961121544989
35.66652,45.43159,0.00132354384697919,45.4316739091868,0.00140745303377765
35.67781,45.43228,0.00201354384697794,45.4316847638377,0.00141830768466944
35.68915,45.4304,0.000133543846978057,45.4316679231254,0.00140146697235594
35.7005,45.43176,0.00149354384697631,45.4316256109205,0.00135915476747405
35.71181,45.43132,0.00105354384697876,45.4315621838251,0.00129572767209744
35.72313,45.43268,0.00241354384697701,45.4314832482724,0.00121679211933063
35.73447,45.43142,0.00115354384698207,45.4313948157198,0.00112835956675454
35.7458,45.42748,-0.00278645615301798,45.4313025855515,0.00103612939846631
35.75713,45.43299,0.00272354384697593,45.4312114438462,0.000944987693165768
35.76847,45.43233,0.0020635438469796,45.4311252379353,0.000858781782313867
35.77983,45.43211,0.00184354384698082,45.431046786123,0.000780329970001412
35.79116,45.42995,-0.000316456153022671,45.4309779793073,0.000711523154259884
35.80245,45.43099,0.00072354384698059,45.4309198417125,0.000653385559491304
35.81378,45.43031,4.35438469779115e-05,45.4308725374499,0.000606081296826663
35.82512,45.42972,-0.000546456153017516,45.4308354191176,0.000568962964592697
35.83643,45.43153,0.00126354384698146,45.4308072274733,0.000540771320248361
35.84775,45.43084,0.000573543846982716,45.4307864762875,0.000520020134439462
35.85907,45.43086,0.000593543846981959,45.4307719510351,0.000505494882090411
35.87039,45.43093,0.000663543846975756,45.4307631712508,0.000496715097758077
35.88172,45.43234,0.00207354384698277,45.4307606447756,0.000494188622619183
35.89306,45.43225,0.00198354384698263,45.4307657774989,0.000499321345876951
35.90438,45.4285,-0.00176645615302107,45.4307803932295,0.000513937076457384
35.9157,45.42948,-0.000786456153022641,45.4308059643099,0.000539508156870422
35.92702,45.43204,0.00177354384697992,45.430842799737,0.000576343583935148
35.93835,45.43071,0.000443543846976979,45.4308894839501,0.000623027797107154
35.94967,45.42773,-0.00253645615302389,45.4309427758918,0.000676319738825561
35.96099,45.43138,0.00111354384697648,45.4309980360723,0.000731579919266057
35.97232,45.43366,0.00339354384698254,45.4310501012209,0.000783645067830742
35.98366,45.43223,0.00196354384697628,45.4310943654407,0.000827909287708763
35.99498,45.43159,0.00132354384697919,45.4311277059127,0.00086124975969038
36.00632,45.43113,0.000863543846982395,45.4311489259108,0.000882469757763557
36.01761,45.4304,0.000133543846978057,45.4311585955747,0.000892139421706769
36.02894,45.43053,0.000263543846976688,45.4311584219714,0.000891965818330815
36.04026,45.43105,0.000783543846978318,45.4311504349827,0.0008839788296466
36.05157,45.42957,-0.000696456153022496,45.4311362921896,0.000869836036561111
36.06289,45.43146,0.00119354384698056,45.4311169185653,0.000850462412236476
36.07421,45.43147,0.00120354384697663,45.431092555947,0.000826099793954537
36.08556,45.43211,0.00184354384698082,45.4310631469131,0.000796690760043749
36.09685,45.43111,0.000843543846976047,45.4310288673262,0.000762411173190814
36.10818,45.4313,0.00103354384697951,45.4309905989147,0.000724142761644413
36.11954,45.42963,-0.000636456153017662,45.43095020164,0.000683745486959241
36.13087,45.43108,0.000813543846980735,45.4309105488369,0.000644092683858023
36.1422,45.43137,0.00110354384698041,45.4308753519564,0.000608895803419013
36.15354,45.43304,0.00277354384697759,45.4308487971826,0.00058234102957087
36.16489,45.43092,0.000653543846979687,45.4308349908671,0.000568534714033782
36.17626,45.42803,-0.00223645615302104,45.4308372493198,0.00057079316678752
36.1876,45.42902,-0.00124645615301944,45.4308573895817,0.000590933428640006
36.19893,45.43235,0.00208354384697884,45.4308952747779,0.000628818624888522
36.21026,45.42982,-0.000446456153021302,45.4309488067221,0.000682350569072165
36.22156,45.43425,0.00398354384697797,45.4310143455983,0.000747889445292064
36.23287,45.43172,0.00145354384697782,45.4310873293868,0.000820873233767232
36.24421,45.42909,-0.00117645615301853,45.4311628148265,0.000896358673461287
36.25552,45.43121,0.000943543846979367,45.4312357832735,0.00096932712050953
36.26686,45.43256,0.00229354384698155,45.4313012355778,0.00103477942473496
36.27821,45.43076,0.000493543846978639,45.4313542056895,0.00108774953646455
36.28952,45.43083,0.000563543846979542,45.4313898247287,0.00112336857572006
36.30085,45.42932,-0.000946456153023689,45.431403536433,0.00113708027999238
36.31219,45.43351,0.00324354384697756,45.4313915357801,0.00112507962705831
36.32351,45.43057,0.000303543846982279,45.4313514354082,0.0010849792551436
36.33484,45.43139,0.00112354384697966,45.4312830515798,0.00101659542674431
36.34618,45.43152,0.00125354384697829,45.4311891073552,0.000922651202151703
36.35751,45.43302,0.00275354384697835,45.4310756246373,0.000809168484232296
36.36885,45.43027,3.54384697942578e-06,45.4309518103359,0.000685354182920436
36.38018,45.4324,0.0021335438469805,45.4308293239845,0.000562867831477297
36.39153,45.42953,-0.000736456153020981,45.4307209492635,0.000454493110502927
36.40286,45.43063,0.000363543846980008,45.430638856003,0.000372399849994046
36.4142,45.42944,-0.000826456153021127,45.4305927749931,0.000326318840064457
36.42552,45.42999,-0.000276456153024185,45.4305884651385,0.000322008985491013
36.43682,45.4303,3.35438469818428e-05,45.4306268124918,0.000360356338771385
36.44813,45.42903,-0.00123645615302337,45.4307037774758,0.000437321322809169
36.45945,45.4308,0.000533543846977125,45.4308112326736,0.000544776520591798
36.47076,45.43095,0.000683543846982104,45.4309385364192,0.00067208026622199
36.48208,45.43453,0.00426354384698158,45.4310744897001,0.000808033547041748
36.49341,45.43286,0.0025935438469773,45.4312091787146,0.000942722561564847
36.50473,45.43098,0.000713543846977416,45.4313352061307,0.00106874997768359
36.51607,45.43094,0.00067354384697893,45.4314480184403,0.00118156228725375
36.52742,45.43025,-1.64561530198171e-05,45.4315453717404,0.00127891558736063
36.53873,45.43128,0.00101354384698027,45.4316262662607,0.0013598101076591
36.55008,45.4321,0.00183354384697765,45.4316897866236,0.00142333047055776
36.56141,45.43036,9.35438469795713e-05,45.4317342169871,0.0014677608341135
36.57273,45.43133,0.00106354384698193,45.4317566558588,0.0014901997058243
36.58404,45.43304,0.00277354384697759,45.4317532130963,0.00148675694328657
36.59536,45.42897,-0.0012964561530211,45.4317197480817,0.00145329192864665
36.60673,45.43288,0.00261354384697654,45.4316529958155,0.0013865396624392
36.61806,45.43407,0.00380354384697768,45.4315518268563,0.00128537070329412
36.62938,45.43126,0.000993543846981026,45.4314183114156,0.00115185526260867
36.64071,45.43232,0.00205354384697642,45.4312582536032,0.000991797450155449
36.65202,45.43005,-0.000216456153019351,45.4310809792899,0.00081452313689655
36.66335,45.43106,0.000793543846981493,45.4308983699644,0.000631913811360511
36.67469,45.43148,0.0012135438469798,45.4307233280718,0.00045687191881405
36.68603,45.43032,5.35438469810856e-05,45.4305679641202,0.000301507967222088
36.69737,45.42853,-0.00173645615301865,45.430441829339,0.000175373185943611
36.70871,45.43013,-0.00013645615302238,45.4303505225804,8.40664274191263e-05
36.72005,45.42929,-0.000976456153019001,45.4302949687043,2.85125512294895e-05
36.7314,45.42919,-0.00107645615302232,45.4302715560943,5.0999412815915e-06
36.7427,45.43223,0.00196354384697628,45.4302731308845,6.67473146272738e-06
36.75402,45.43003,-0.000236456153018594,45.4302906324396,2.41762865619094e-05
36.76532,45.43123,0.00096354384697861,45.4303149963963,4.85402433196321e-05
36.77665,45.43151,0.00124354384698222,45.4303389045284,7.24483753701248e-05
36.78796,45.42958,-0.000686456153019321,45.4303580310682,9.15749151657754e-05
36.79927,45.43243,0.00216354384697581,45.4303715804971,0.000105124344090682
36.8106,45.42855,-0.00171645615301941,45.4303820795046,0.000115623351626051
36.8219,45.43091,0.000643543846976513,45.4303945396948,0.000128083541794645
36.83323,45.42928,-0.000986456153022175,45.4304152211191,0.000148764966077272
36.84454,45.43103,0.000763543846979076,45.4304502746084,0.000183818455415281
36.85583,45.43054,0.000273543846979862,45.4305045159765,0.000238059823523391
36.86717,45.42956,-0.000706456153018564,45.4305805172145,0.000314061061461158
36.87849,45.42982,-0.000446456153021302,45.4306781321024,0.000411675949381669
36.88981,45.43148,0.0012135438469798,45.4307945145715,0.00052805841852493
36.90114,45.43047,0.00020354384697896,45.4309246106796,0.00065815452659937
36.91247,45.43124,0.000973543846981784,45.4310620019384,0.000795545785417759
36.92379,45.43293,0.0026635438469782,45.4311998857794,0.000933429626428643
36.93513,45.43284,0.00257354384697805,45.4313319428808,0.00106548672778565
36.94642,45.42903,-0.00123645615302337,45.4314528876105,0.0011864314574901
36.95774,45.43199,0.00172354384697826,45.4315586276663,0.00129217151324202
36.96907,45.43118,0.00091354384697695,45.4316461152265,0.00137965907346875
36.98042,45.43179,0.00152354384697873,45.4317130565575,0.00144660040447833
36.99177,45.43304,0.00277354384697759,45.4317576221076,0.00149116595458687
37.00308,45.43092,0.000653543846979687,45.4317782292162,0.00151177306314655
37.0144,45.43005,-0.000216456153019351,45.4317734357129,0.00150697955990255
37.02571,45.43272,0.0024535438469826,45.4317419919543,0.0014755358013143
37.037,45.43187,0.0016035438469828,45.4316830919901,0.00141663583708269
37.04831,45.43127,0.0010035438469771,45.4315968016885,0.0013303455355022
37.05964,45.43149,0.00122354384697587,45.4314845591834,0.0012181030303814
37.07097,45.43348,0.00321354384698225,45.4313496010822,0.00108314492922037
37.08231,45.42999,-0.000276456153024185,45.4311971806967,0.000930724543654636
37.09366,45.43035,8.35438469763972e-05,45.4310344992867,0.000768043133716179
37.105,45.43111,0.000843543846976047,45.4308703520521,0.000603895899038369
37.11634,45.43077,0.000503543846981813,45.430714554119,0.00044809796595255
37.12764,45.43176,0.00149354384697631,45.4305772145439,0.000310758390914921
37.13895,45.43047,0.00020354384697896,45.4304678916019,0.000201435448878074
37.1503,45.43058,0.000313543846978348,45.4303946605638,0.000128204410778221
37.16162,45.42827,-0.00199645615302302,45.4303631868564,9.67307033963061e-05
37.17295,45.43056,0.000293543846979105,45.4303759793288,0.000109523175785715
37.1843,45.43052,0.000253543846980619,45.4304320230048,0.000165566851769751
37.1956,45.42979,-0.000476456153023719,45.4305269192446,0.000260463091629628
37.20696,45.43148,0.0012135438469798,45.4306535309772,0.00038707482415214
37.21828,45.42936,-0.000906456153018098,45.4308030117779,0.00053655562492633
37.22963,45.43235,0.00208354384697884,45.4309660220134,0.000699565860387817
37.24096,45.43279,0.00252354384697639,45.4311338920283,0.00086743587531899
37.25231,45.43208,0.0018135438469784,45.4312994818341,0.00103302568106266
37.26363,45.42989,-0.000376456153020399,45.4314575460142,0.00119108986117973
37.27496,45.43224,0.00197354384697945,45.4316045617051,0.00133810555210798
37.28629,45.43108,0.000813543846980735,45.4317381562918,0.00147170013873654
37.29762,45.43069,0.000423543846977736,45.4318563799368,0.00158992378382887
37.30896,45.43284,0.00257354384697805,45.4319570666262,0.0016906104732233
37.32031,45.43245,0.00218354384698216,45.4320374519577,0.00177099580470329
37.33163,45.43166,0.00139354384698009,45.4320941236234,0.00182766747037156
37.34297,45.43045,0.000183543846979717,45.4321233184862,0.00185686233317641
37.35426,45.43183,0.00156354384697721,45.4321215569682,0.00185510081513467
37.36558,45.43278,0.00251354384698033,45.4320865706539,0.0018201145008657
37.3769,45.43317,0.00290354384697622,45.4320183828808,0.00175192672776539
37.38822,45.43164,0.00137354384698085,45.4319202793805,0.0016538232274529
37.39956,45.43382,0.00355354384697648,45.4317993498941,0.0015328937410335
37.41089,45.4317,0.00143354384697858,45.4316663421105,0.00139988595746952
37.42221,45.43192,0.00165354384697736,45.4315347215994,0.00126826544633374
37.43354,45.43177,0.00150354384697948,45.4314190262671,0.00115257011410581
37.44486,45.42822,-0.00204645615301757,45.4313327963191,0.00106634016606071
37.45622,45.43147,0.00120354384697663,45.4312864968745,0.00102004072147132
37.46756,45.43072,0.000453543846980153,45.4312858698237,0.00101941367067755
37.4789,45.43124,0.000973543846981784,45.4313310300668,0.00106457391380718
37.49022,45.43268,0.00241354384697701,45.431416412846,0.00114995669298642
37.50154,45.43013,-0.00013645615302238,45.4315314881396,0.0012650319866149
37.51287,45.43177,0.00150354384697948,45.431662054944,0.00139559879098546
37.52421,45.43229,0.00202354384698111,45.4317919013169,0.00152544516384642
37.53552,45.43198,0.00171354384698219,45.4319046099904,0.00163815383739798
37.54687,45.43415,0.00388354384698175,45.4319852767851,0.00171882063209996
37.5582,45.43085,0.000583543846978785,45.4320219192575,0.00175546310450354
37.56952,45.43318,0.00291354384697939,45.4320064278844,0.00173997173140777
37.58084,45.42943,-0.000836456153017195,45.4319350452753,0.00166858912226693
37.59221,45.43057,0.000303543846982279,45.4318084850543,0.0015420289013227
37.60355,45.43401,0.00374354384697995,45.4316318387025,0.00136538254951823
37.61487,45.43034,7.35438469803285e-05,45.4314143323252,0.00114787617219298
37.62621,45.43428,0.00401354384698038,45.4311688492296,0.000902393076629982
37.63752,45.4324,0.0021335438469805,45.4309110554557,0.000644599302686295
37.64887,45.42688,-0.00338645615302369,45.4306580424137,0.000391586260681209
37.66024,45.43058,0.000313543846978348,45.4304266092961,0.00016015314304739
37.67154,45.42983,-0.000436456153018128,45.4302315163775,-3.49397755158753e-05
37.68287,45.42863,-0.00163645615302244,45.4300840997296,-0.000182356423435368
37.69422,45.42965,-0.000616456153018419,45.4299915120569,-0.000274944096117594
37.70556,45.43063,0.000363543846980008,45.4299566345482,-0.000309821604866447
37.71688,45.43174,0.00147354384697707,45.4299784919054,-0.000287964247639362
37.7282,45.43298,0.00271354384697986,45.4300528581014,-0.000213598051610713
37.73952,45.42914,-0.00112645615302398,45.4301727297707,-9.37263823427211e-05
37.75085,45.42962,-0.000646456153020836,45.4303285149514,6.20587984183823e-05
37.76218,45.42738,-0.0028864561530213,45.430508075984,0.000241619830929385
37.77354,45.42879,-0.00147645615302139,45.4306969994547,0.000430543301680636
37.78487,45.43129,0.00102354384697634,45.4308794703375,0.000613014184498035
37.79622,45.43291,0.00264354384697896,45.4310398709232,0.000773414770221334
37.80754,45.43296,0.00269354384698062,45.4311648515292,0.000898395376178187
37.81887,45.43108,0.000813543846980735,45.431245352277,0.00097889612396103
37.83019,45.4324,0.0021335438469805,45.4312780359933,0.00101157984026025
37.84151,45.43066,0.000393543846982425,45.4312657884885,0.000999332335473348
37.85284,45.43107,0.000803543846977561,45.4312172061969,0.000950750043846507
37.86415,45.43255,0.00228354384697838,45.4311451980482,0.000878741895231409
37.87551,45.43065,0.000383543846979251,45.4310649464555,0.000798490302466969
37.88683,45.43056,0.000293543846979105,45.4309915373581,0.000725081205075273
37.89818,45.42901,-0.00125645615302261,45.4309376233207,0.000671167167721006
37.90952,45.43099,0.00072354384698059,45.4309115179615,0.000645061808442367
37.92086,45.42943,-0.000836456153017195,45.4309160791955,0.000649623042526415
37.93221,45.43101,0.000743543846979833,45.4309485925167,0.000682136363639444
37.94354,45.43133,0.00106354384698193,45.4310016507241,0.000735194571094334
37.95486,45.43167,0.00140354384697616,45.4310648131199,0.000798356966878443
37.96621,45.43245,0.00218354384698216,45.4311266752324,0.000860219079409273
37.97752,45.43052,0.000253543846980619,45.4311769282741,0.000910472121095662
37.98886,45.43159,0.00132354384697919,45.4312080418761,0.000941585723059618
38.00023,45.43164,0.00137354384698085,45.4312163240248,0.000949867871814486
38.01155,45.43348,0.00321354384698225,45.431202237378,0.000935781224932585
38.02283,45.42905,-0.00121645615302413,45.4311699575537,0.000903501400694863
38.03417,45.43237,0.00210354384697808,45.4311262729142,0.000859816761216778
38.0455,45.43042,0.0001535438469773,45.4310790583234,0.000812602170404461
38.05682,45.42855,-0.00171645615301941,45.4310356630625,0.00076920690952442
38.06816,45.43095,0.000683543846982104,45.4310015801292,0.000735123976220968
38.0795,45.43087,0.000603543846978027,45.4309796861908,0.000713230037764712
38.09082,45.43214,0.00187354384697613,45.4309701688129,0.000703712659891425
38.10217,45.43071,0.000443543846976979,45.4309710519773,0.000704595824299515
38.11349,45.4305,0.000233543846981377,45.4309790891122,0.000712632959159181
38.12484,45.43197,0.00170354384697902,45.4309907612487,0.000724305095672661
38.13617,45.43259,0.00232354384697686,45.4310031564301,0.000736700277061173
38.1475,45.42942,-0.00084645615302037,45.431014564533,0.00074810837993701
38.15885,45.43199,0.00172354384697826,45.43102469963,0.000758243476946261
38.1702,45.4299,-0.000366456153017225,45.4310345655378,0.000768109384748023
38.18155,45.43173,0.001463543846981,45.431046068875,0.000779612722010029
38.19286,45.43003,-0.000236456153018594,45.4310615138693,0.000795057716320817
38.20417,45.43189,0.00162354384698205,45.4310830892963,0.000816633143271478
38.2155,45.43231,0.00204354384698036,45.4311124149041,0.000845958751090165
38.22683,45.42977,-0.000496456153022962,45.4311501853384,0.000883729185348179
38.23814,45.42915,-0.00111645615302081,45.4311959562508,0.000929500097770869
38.2495,45.43187,0.0016035438469828,45.431248141858,0.000981685705012157
38.26084,45.43246,0.00219354384697823,45.4313042669441,0.00103781079106642
38.27216,45.43236,0.00209354384698202,45.4313614051364,0.00109494898333294
38.28349,45.43251,0.00224354384697989,45.4314166199087,0.00115016375567855
38.29483,45.42928,-0.000986456153022175,45.4314672246996,0.00120076854658092
38.30618,45.43077,0.000503543846981813,45.4315108066304,0.00124435047737818
38.31752,45.43308,0.00281354384697607,45.4315451006411,0.0012786444880766
38.32884,45.43264,0.00237354384697852,45.431567842363,0.00130138620994854
38.34018,45.4291,-0.00116645615302247,45.4315766771386,0.00131022098561063
38.35153,45.43084,0.000573543846982716,45.4315691596978,0.00130270354479487
38.36288,45.43389,0.00362354384697738,45.4315428808259,0.00127642467283226
38.37424,45.43024,-2.64561530229912e-05,45.4314957379315,0.00122928177847237
38.38556,45.43276,0.00249354384698108,45.431426298161,0.00115984200797566
38.39693,45.42924,-0.00102645615302066,45.4313341552298,0.00106769907680331
38.40826,45.43369,0.00342354384697785,45.4312201997394,0.000953743586355019
38.4196,45.42979,-0.000476456153023719,45.4310867653662,0.000820309213136587
38.43093,45.43139,0.00112354384697966,45.4309376378658,0.000671181712755868
38.44225,45.43052,0.000253543846980619,45.4307779317448,0.000511475591739282
38.45358,45.42976,-0.00050645615301903,45.4306138639874,0.000347407834371357
38.46492,45.43106,0.000793543846981493,45.4304524654021,0.000186009249041647
38.47625,45.43026,-6.45615302374836e-06,45.4303012474104,3.47912573811592e-05
38.48759,45.43192,0.00165354384697736,45.4301677974449,-9.86587081370426e-05
38.49892,45.43044,0.000173543846976543,45.4300592518063,-0.00020720434673813
38.51026,45.42812,-0.00214645615302089,45.429981636198,-0.000284819955054767
38.52159,45.42904,-0.00122645615302019,45.4299391722135,-0.000327283939482501
38.53288,45.42961,-0.00065645615302401,45.4299337488134,-0.00033270733965973
38.5442,45.43003,-0.000236456153018594,45.4299647530848,-0.000301703068216922
38.55551,45.4304,0.000133543846978057,45.4300293250734,-0.000237131079602505
38.56684,45.43151,0.00124354384698222,45.4301229321548,-0.000143523998240629
38.57816,45.4297,-0.000566456153023864,45.4302400534836,-2.64026694634848e-05
38.5895,45.43075,0.00048354384698257,45.430374767685,0.000108311531956699
38.60084,45.43068,0.000413543846981668,45.4305211215498,0.000254665396753788
38.61218,45.43039,0.000123543846981988,45.4306732642757,0.000406808122674122
38.62352,45.43019,-7.64561530175456e-05,45.4308254118063,0.000558955653318276
38.63486,45.43141,0.0011435438469789,45.4309717433102,0.000705287157168785
38.64622,45.43224,0.00197354384697945,45.4311063312571,0.000839875104043416
38.65753,45.43016,-0.000106456153019963,45.4312231860963,0.000956729943283604
38.66886,45.42868,-0.00158645615302078,45.4313164874584,0.00105003130541598
38.68018,45.43044,0.000173543846976543,45.4313810743423,0.00111461818931755
38.69152,45.43503,0.00476354384697686,45.431413208372,0.00114675221903207
38.70287,45.43247,0.0022035438469814,45.4314114619839,0.00114500583091723
38.71418,45.43201,0.0017435438469775,45.4313774170447,0.00111096089166108
38.7255,45.42988,-0.000386456153023573,45.4313158616188,0.00104940546582055
38.73683,45.43084,0.000573543846982716,45.4312343746706,0.000967918517626164
38.74818,45.43142,0.00115354384698207,45.4311424300948,0.000875973941826416
38.75954,45.4304,0.000133543846978057,45.4310502662992,0.000783810146132334
38.77087,45.43151,0.00124354384698222,45.4309677386015,0.000701282448450372
38.78221,45.43007,-0.000196456153020108,45.4309032869123,0.000636830759300581
38.79354,45.43176,0.00149354384697631,45.4308630813219,0.000596625168829309
38.80487,45.43239,0.00212354384697733,45.4308503686264,0.000583912473351179
38.8162,45.42912,-0.00114645615302322,45.4308650359761,0.000598579823035986
38.82754,45.42915,-0.00111645615302081,45.430903444294,0.000636988141017838
38.83886,45.43003,-0.000236456153018594,45.4309586375744,0.000692181421365382
38.85019,45.43372,0.00345354384698027,45.4310210197108,0.000754563557749773
38.86151,45.43064,0.000373543846976077,45.4310794590204,0.000813002867370647
38.87285,45.43204,0.00177354384697992,45.4311226162033,0.00085616005024604
38.88417,45.43032,5.35438469810856e-05,45.4311402328622,0.000873776709149245
38.89553,45.43269,0.00242354384698018,45.43112419605,0.000857739896963825
38.90686,45.42954,-0.000726456153017807,45.4310693236337,0.00080286748072833
38.9182,45.42846,-0.00180645615301955,45.430973912968,0.000707456814980679
38.92955,45.43435,0.00408354384698129,45.4308401288792,0.000573672726198966
38.94092,45.42765,-0.00261645615302086,45.4306742604619,0.000407804308891255
38.95226,45.43297,0.00270354384697669,45.4304867669868,0.000220310833810543
38.96361,45.43202,0.00175354384698068,45.4302919346488,2.54784958173484e-05
38.97495,45.43007,-0.000196456153020108,45.4301069524648,-0.000159503688212263
38.9863,45.43026,-6.45615302374836e-06,45.4299503156367,-0.000316140516273557
38.99765,45.42716,-0.00310645615302008,45.4298396582655,-0.000426797887480116
39.009,45.43222,0.00195354384698021,45.429789323877,-0.000477132275977389
39.02034,45.42825,-0.00201645615302226,45.429808095348,-0.000458360804979622
39.03165,45.429,-0.00126645615301868,45.4298974942823,-0.000368961870772836
39.04298,45.42934,-0.000926456153017341,45.4300509827816,-0.000215473371460518
39.05432,45.42871,-0.00155645615301836,45.4302543025605,-1.21535925180893e-05
39.06566,45.42973,-0.000536456153021447,45.4304870451864,0.000220589033373892
39.07699,45.43169,0.00142354384698251,45.4307253375972,0.000458881444143892
39.08834,45.43075,0.00048354384698257,45.4309452782393,0.00067882208627683
39.09965,45.43363,0.00336354384698012,45.4311265427116,0.00086008655857822
39.111,45.43295,0.00268354384697744,45.4312554705772,0.000989014424227592
39.12231,45.43284,0.00257354384697805,45.4313269992915,0.00106054313846855
39.13364,45.4314,0.00113354384697573,45.4313450368164,0.00107858066342785
39.14496,45.4322,0.00193354384698097,45.431321217681,0.00105476152794234
39.15631,45.42681,-0.00345645615301748,45.4312723698486,0.00100591369554931
39.16764,45.43113,0.000863543846982395,45.431217307091,0.00095085093800905
39.17896,45.43182,0.00155354384698114,45.4311736493078,0.000907193154804904
39.19029,45.43001,-0.000256456153017837,45.4311552359264,0.000888779773332042
39.2016,45.4316,0.00133354384698237,45.4311704308514,0.000903974698399183
39.21292,45.43134,0.001073543846978,45.431221374414,0.000954918260949392
39.22424,45.43153,0.00126354384698146,45.4313040970213,0.00103764086827912
39.23553,45.43031,4.35438469779115e-05,45.4314093509658,0.00114289481281983
39.24687,45.43231,0.00204354384698036,45.431523999133,0.00125754297997311
39.25821,45.43165,0.00138354384697692,45.4316327922808,0.00136633612777321
39.26954,45.43169,0.00142354384698251,45.4317203517924,0.00145389563935296
39.28088,45.43073,0.000463543846976222,45.4317731578391,0.00150670168612132
39.29222,45.43323,0.00296354384698105,45.4317813367311,0.00151488057804695
39.30352,45.43312,0.00285354384698167,45.4317400395053,0.00147358335229892
39.31484,45.43031,4.35438469779115e-05,45.4316502083231,0.00138375217007931
39.32618,45.43285,0.00258354384698123,45.4315185725292,0.0012521163761435
39.33749,45.43181,0.00154354384697797,45.4313568191513,0.00109036299832606
39.34884,45.43216,0.00189354384698248,45.4311800087747,0.000913552621716414
39.36017,45.43066,0.000393543846982425,45.4310044287019,0.000737972548871426
39.37148,45.42809,-0.00217645615302331,45.4308452009401,0.000578744787076434
39.38281,45.42935,-0.000916456153021272,45.430714075512,0.000447619359031902
39.39412,45.43209,0.00182354384698158,45.4306178571657,0.000351401012728255
39.40544,45.43019,-7.64561530175456e-05,45.430557772954,0.00029131680102717
39.41674,45.42926,-0.00100645615302142,45.4305298480131,0.000263391860118353
39.42805,45.43054,0.000273543846979862,45.4305261496096,0.000259693456617364
39.4394,45.43002,-0.000246456153021768,45.4305366402792,0.000270184126140911
39.45072,45.43277,0.00250354384697715,45.4305512970217,0.000284840868653503
39.46206,45.43394,0.00367354384697904,45.4305620718828,0.000295615729802534
39.47339,45.42919,-0.00107645615302232,45.4305642569927,0.000297800839707586
39.48473,45.42869,-0.0015764561530176,45.430556963489,0.000290507336016207
39.49605,45.4321,0.00183354384697765,45.4305427016,0.000276245447020114
39.50738,45.43108,0.000813543846980735,45.4305262999571,0.000259843804113609
39.51871,45.4286,-0.00166645615301775,45.4305135036175,0.000247047464441474
39.53004,45.42867,-0.00159645615302395,45.4305095790274,0.000243122874341041
39.54139,45.43208,0.0018135438469784,45.4305182097729,0.000251753619927436
39.55273,45.42978,-0.000486456153019788,45.4305408783594,0.000274422206367757
39.56406,45.43113,0.000863543846982395,45.4305767753322,0.000310319179223709
39.57537,45.43227,0.00200354384698187,45.4306231262607,0.00035667010764506
39.58669,45.42824,-0.00202645615301833,45.4306757639129,0.000409307759920415
39.59802,45.43179,0.00152354384697873,45.4307298021084,0.000463345955362747
39.60936,45.43137,0.00110354384698041,45.4307803294387,0.000513873285652058
39.62069,45.4295,-0.000766456153023398,45.4308230764358,0.000556620282813352
39.63203,45.43094,0.00067354384697893,45.4308550076477,0.00058855149463262
39.64337,45.43216,0.00189354384698248,45.4308747742232,0.000608318070205912
39.65471,45.43102,0.000753543846975901,45.4308829460433,0.000616489890290111
39.66606,45.43129,0.00102354384697634,45.4308819364061,0.00061548025308204
39.6774,45.43026,-6.45615302374836e-06,45.430875568303,0.000609112150014457
39.68872,45.43157,0.00130354384697995,45.4308683171628,0.000601861009810208
39.70007,45.42971,-0.00055645615302069,45.4308643570225,0.000597900869519659
39.7114,45.43189,0.00162354384698205,45.4308665902843,0.000600134131283611
39.72277,45.42968,-0.000586456153023107,45.4308758499065,0.000609393753444598
39.7341,45.43031,4.35438469779115e-05,45.4308904435003,0.000623987347303798
39.74544,45.43087,0.000603543846978027,45.4309061691364,0.000639712983355379
39.75678,45.42985,-0.000416456153018885,45.4309168642266,0.000650408073580469
39.76811,45.43223,0.00196354384697628,45.4309154453341,0.000648989181112774
39.77946,45.43026,-6.45615302374836e-06,45.4308952767731,0.000628820620104961
39.79081,45.43255,0.00228354384697838,45.4308516096364,0.000585153483367179
39.80215,45.43053,0.000263543846976688,45.4307827974482,0.000516341295189604
39.81349,45.43073,0.000463543846976222,45.4306910334532,0.000424577300160548
39.8248,45.43122,0.000953543846982541,45.4305824503127,0.00031599415969541
39.83614,45.43098,0.000713543846977416,45.4304665370559,0.000200080902891774
39.84748,45.43125,0.000983543846977852,45.4303549312648,8.84751117667006e-05
39.85881,45.43008,-0.000186456153024039,45.4302597424642,-6.71368884273171e-06
39.87012,45.42673,-0.00353645615302156,45.430191674026,-7.47821269930593e-05
39.88146,45.43004,-0.000226456153022525,45.430158309187,-0.000108146966067967
39.89279,45.43105,0.000783543846978318,45.4301629292625,-0.000103526890501037
39.90414,45.43067,0.000403543846978494,45.4302040868905,-6.23692624839256e-05
39.91548,45.42991,-0.000356456153021156,45.4302759368668,9.48071373428287e-06
39.92682,45.42927,-0.000996456153018244,45.4303691728405,0.00010271668747833
39.93816,45.43214,0.00187354384697613,45.4304723816666,0.000205925513554729
39.94949,45.42919,-0.00107645615302232,45.4305736401322,0.000307183979223755
39.96083,45.43066,0.000393543846982425,45.43066217327,0.00039571711694696
39.97217,45.43192,0.00165354384697736,45.4307298698035,0.00046341365046555
39.98349,45.43141,0.0011435438469789,45.4307724307265,0.000505974573498493
39.99482,45.43205,0.00178354384697599,45.4307899301431,0.000523473990075135
40.00617,45.43085,0.000583543846978785,45.4307866272679,0.000520171114838774
40.0175,45.43028,1.35438469825999e-05,45.4307700084147,0.000503552261686452
40.02884,45.43069,0.000423543846977736,45.4307492242883,0.000482768135270073
40.04018,45.43024,-2.64561530229912e-05,45.4307332464557,0.00046679030267316
40.0515,45.42939,-0.000876456153022787,45.4307291413796,0.000462685226534437
40.06281,45.42829,-0.00197645615302378,45.430740839057,0.000474382904002666
40.07411,45.43146,0.00119354384698056,45.4307686602968,0.000502204143769975
40.08544,45.43179,0.00152354384697873,45.4308096618493,0.000543205696317656
40.09678,45.43354,0.00327354384697998,45.4308586019098,0.000592145756774633
40.1081,45.43116,0.000893543846977707,45.4309091384268,0.000642682273767753
40.11945,45.42973,-0.000536456153021447,45.4309548730953,0.000688416942275973
40.13078,45.4298,-0.000466456153020545,45.4309900442643,0.00072358811124648
40.14211,45.43198,0.00171354384698219,45.4310099045415,0.000743448388502455
40.15344,45.43059,0.000323543846981522,45.43101093249,0.000744476336942982
40.16476,45.43143,0.00116354384697814,45.4309909943986,0.000724538245622574
40.17611,45.4306,0.000333543846977591,45.4309494880179,0.000683031864834926
40.1874,45.4306,0.000333543846977591,45.4308874533462,0.000620997193161314
40.19873,45.43079,0.000523543846981056,45.4308076294997,0.000541173346659224
40.21002,45.4309,0.000633543846980444,45.4307144323101,0.000447976157079163
40.22132,45.43056,0.000293543846979105,45.4306138051019,0.00034734894885423
40.23263,45.43195,0.00168354384697977,45.4305128681583,0.000246412005229362
40.24399,45.43218,0.00191354384698172,45.4304192903234,0.000152834170407192
40.25531,45.42848,-0.00178645615302031,45.4303403621298,7.39059767779202e-05
40.26664,45.42992,-0.000346456153017982,45.4302818791692,1.54230162174684e-05
40.27797,45.42848,-0.00178645615302031,45.4302471024511,-1.93537019006989e-05
40.2893,45.42787,-0.00239645615302209,45.4302361423487,-3.03138043368527e-05
40.30062,45.43304,0.00277354384697759,45.4302460277955,-2.04283575383575e-05
40.31192,45.42914,-0.00112645615302398,45.4302714892412,5.03308816036809e-06
40.32324,45.43133,0.00106354384698193,45.4303062177684,3.97616153880906e-05
40.33456,45.43241,0.00214354384697657,45.4303441953192,7.77391661727868e-05
40.34591,45.432,0.00173354384698143,45.4303806825284,0.000114226375337636
40.35725,45.42931,-0.000956456153019758,45.4304125860366,0.000146129883585778
40.36858,45.43056,0.000293543846979105,45.4304381662319,0.000171710078883775
40.37991,45.42776,-0.00250645615302147,45.4304563185017,0.000189862348638679
40.39125,45.42822,-0.00204645615301757,45.4304658466017,0.000199390448652747
40.40258,45.43142,0.00115354384698207,45.4304651387655,0.000198682612527971
40.4139,45.43145,0.00118354384697739,45.4304524428654,0.000185986712383535
40.42522,45.43236,0.00209354384698202,45.4304266225454,0.000160166392351062
40.43654,45.43091,0.000643543846976513,45.4303880410781,0.000121584925100501
40.44787,45.42836,-0.00190645615302287,45.4303391951938,7.27390407983493e-05
40.45918,45.43164,0.00137354384698085,45.4302848826321,1.8426479083744e-05
40.47051,45.42974,-0.000526456153018273,45.4302318859933,-3.45701597472489e-05
40.48185,45.42981,-0.000456456153017371,45.4301882660652,-7.8190087819652e-05
40.49318,45.4318,0.0015335438469819,45.4301623736718,-0.000104082481184827
40.50452,45.43052,0.000253543846980619,45.4301616785962,-0.000104777556770629
40.51584,45.42899,-0.00127645615302185,45.4301915343846,-7.49217683763339e-05
40.52718,45.42782,-0.00244645615302375,45.4302540617275,-1.23944255682653e-05
40.53851,45.43182,0.00155354384698114,45.430347395537,8.09393839860943e-05
40.54985,45.4295,-0.000766456153023398,45.4304655178215,0.000199061668438737
40.56119,45.43234,0.00207354384698277,45.4305987639236,0.000332307770608523
40.57252,45.429,-0.00126645615301868,45.4307349282867,0.000468472133663829
40.58382,45.4299,-0.000366456153017225,45.4308608054801,0.00059434932705901
40.59517,45.43201,0.0017435438469775,45.430963980042,0.000697523888987911
40.60648,45.43204,0.00177354384697992,45.4310346498642,0.000768193711155938
40.61778,45.43034,7.35438469803285e-05,45.4310672033815,0.000800747228515935
40.6291,45.43351,0.00324354384697756,45.431061228583,0.000794772429986421
40.6404,45.43129,0.00102354384697634,45.4310216752541,0.000755219101088899
40.65173,45.43331,0.00304354384697803,45.4309580258328,0.000691569679758317
40.66306,45.42776,-0.00250645615302147,45.4308825336507,0.000616077497719652
40.67438,45.43169,0.00142354384698251,45.430807831743,0.000541375589999493
40.68573,45.42806,-0.00220645615301862,45.4307444272303,0.000477971077230868
40.69707,45.42916,-0.00110645615301763,45.4306986732541,0.000432217101059398
40.70842,45.43103,0.000763543846979076,45.4306717028281,0.000405246675033571
40.71976,45.43052,0.000253543846980619,45.4306595532554,0.000393097102400859
40.73111,45.43053,0.000263543846976688,45.4306543982904,0.000387942137390982
40.74244,45.43226,0.0019935438469787,45.4306465431047,0.00038008695163515
40.75377,45.43036,9.35438469795713e-05,45.4306266935947,0.00036023744166692
40.76508,45.43298,0.00271354384697986,45.4305879952259,0.000321539072864482
40.77641,45.43063,0.000363543846980008,45.4305274249786,0.000260968825549366
40.78776,45.43021,-5.64561530183028e-05,45.4304462909392,0.000179834786167969
40.79909,45.43105,0.000783543846978318,45.4303498166239,8.33604708611957e-05
40.81044,45.42868,-0.00158645615302078,45.4302460059765,-2.04501765502355e-05
40.82174,45.42813,-0.00213645615301772,45.4301441365169,-0.000122319636143263
40.83305,45.43022,-4.6456153022234e-05,45.4300532665539,-0.000213189599154772
40.84436,45.43207,0.00180354384698234,45.4299810512584,-0.00028540489464031
40.85571,45.4292,-0.00106645615301915,45.4299329805274,-0.000333475625648682
40.86706,45.42997,-0.000296456153023428,45.4299119884533,-0.000354467699701828
40.87841,45.42977,-0.000496456153022962,45.4299183372793,-0.000348118873767565
40.88975,45.43066,0.000393543846982425,45.4299497307074,-0.000316725445609157
40.9011,45.42722,-0.00304645615302235,45.4300016713265,-0.000264784826475546
40.91243,45.43093,0.000663543846975756,45.430068088992,-0.000198367161000706
40.92374,45.43092,0.000653543846979687,45.430142221823,-0.00012423433002165
40.93504,45.43068,0.000413543846981668,45.4302176375725,-4.88185804936894e-05
40.94637,45.43111,0.000843543846976047,45.430289190198,2.27340449593804e-05
40.9577,45.43017,-9.64561530238939e-05,45.4303536913404,8.72351873812009e-05
40.96902,45.42887,-0.00139645615301731,45.4304101599516,0.00014370379858153
40.98033,45.43233,0.0020635438469796,45.4304596326274,0.000193176474428053
40.99167,45.43104,0.00077354384698225,45.4305045953706,0.000238139217527668
41.00299,45.43133,0.00106354384698193,45.4305481241608,0.000281668007764928
41.01431,45.42799,-0.00227645615301952,45.4305928575966,0.000326401443534846
41.02563,45.43018,-8.64561530207197e-05,45.4306400094199,0.000373553266849303
41.03695,45.43028,1.35438469825999e-05,45.4306887002563,0.000422244103253504
41.04826,45.4296,-0.000666456153020079,45.4307358457468,0.000469389593764939
41.0596,45.43128,0.00101354384698027,45.4307766675272,0.00051021137422395
41.07093,45.4332,0.00293354384697864,45.4308056763287,0.000539220175650663
41.08226,45.43169,0.00142354384698251,45.4308178121524,0.000551355999399259
41.09358,45.43071,0.000443543846976979,45.4308093900785,0.000542933925446067
41.10491,45.42961,-0.00065645615302401,45.4307786212905,0.000512165137491136
41.11624,45.43133,0.00106354384698193,45.430725695411,0.000459239257979871
41.12758,45.42817,-0.00209645615301923,45.430652589738,0.000386133584998594
41.13888,45.43165,0.00138354384697692,45.430562819765,0.000296363611954812
41.15022,45.43018,-8.64561530207197e-05,45.4304612680563,0.000194811903259524
41.16154,45.43175,0.00148354384698024,45.4303540904844,8.76343313775364e-05
41.17286,45.43062,0.000353543846976834,45.4302485804381,-1.78757149554663e-05
41.18417,45.43016,-0.000106456153019963,45.4301528396812,-0.000113616471823846
41.19548,45.43025,-1.64561530198171e-05,45.4300751748406,-0.000191281312428362
41.20685,45.42945,-0.000816456153017953,45.430023264494,-0.000243191658971504
41.21822,45.42858,-0.0016864561530241,45.4300032533847,-0.000263202768281885
41.22955,45.42955,-0.000716456153021738,45.4300189753351,-0.000247480817920296
41.24088,45.43179,0.00152354384697873,45.4300714625306,-0.000194993622466213
41.25222,45.43055,0.000283543846975931,45.4301587843652,-0.000107671787851943
41.26351,45.43005,-0.000216456153019351,45.4302761476511,9.69149812519315e-06
41.27483,45.43116,0.000893543846977707,45.430416166927,0.000149710773942948
41.28616,45.42861,-0.00165645615302168,45.4305692895856,0.000302833432614714
41.29749,45.42887,-0.00139645615301731,45.4307244582587,0.000458002105662912
41.30882,45.4313,0.00103354384697951,45.4308701163543,0.000603660201232987
41.32012,45.43257,0.00230354384697762,45.4309955607395,0.000729104586526809
41.33146,45.43186,0.00159354384697963,45.4310924533123,0.0008259971592909
41.34278,45.43243,0.00216354384697581,45.431156144799,0.000889688645986269
41.35411,45.42968,-0.000586456153023107,45.4311864591321,0.000920002979093102
41.36543,45.43281,0.00254354384698274,45.4311877354121,0.000921279259052008
41.37675,45.43104,0.00077354384698225,45.4311681207752,0.000901664622165442
41.38808,45.4305,0.000233543846981377,45.4311382578621,0.000871801709099214
41.3994,45.4313,0.00103354384697951,45.4311096012575,0.000843145104447571
41.41074,45.4302,-6.64561530214769e-05,45.4310926500518,0.000826193898807822
41.42205,45.43018,-8.64561530207197e-05,45.4310953970342,0.000828940881137441
41.43338,45.42982,-0.000446456153021302,45.4311222510076,0.000855794854602357
41.44473,45.43261,0.0023435438469761,45.4311735800884,0.000907123935351408
41.45606,45.4331,0.00283354384698242,45.4312458666166,0.000979410463555962
41.46739,45.43128,0.00101354384698027,45.4313323197713,0.00106586361827998
41.47874,45.42888,-0.00138645615302124,45.4314237512849,0.00115729513186202
41.49011,45.43202,0.00175354384698068,45.4315096046563,0.00124314850326002
41.5014,45.43162,0.00135354384698161,45.4315791329381,0.00131267678504566
41.51274,45.43109,0.000823543846976804,45.4316227209286,0.00135626477559001
41.52404,45.43207,0.00180354384698234,45.4316332457014,0.00136678954836902
41.53535,45.43192,0.00165354384697736,45.4316072590081,0.00134080285510811
41.54668,45.43596,0.00569354384698073,45.4315457213586,0.00127926520560292
41.558,45.42959,-0.000676456153023253,45.4314540455814,0.00118758942838801
41.56935,45.4298,-0.000466456153020545,45.4313413480308,0.00107489187781985
41.5807,45.43161,0.00134354384697843,45.4312190415855,0.00095258543248318
41.59201,45.42999,-0.000276456153024185,45.4310991116948,0.000832655541806727
41.60332,45.431,0.000733543846976659,45.4309924651682,0.000726009015150184
41.61464,45.43059,0.000323543846981522,45.4309076371175,0.000641180964528113
41.62597,45.43053,0.000263543846976688,45.4308499877438,0.000583531590748326
41.63732,45.4326,0.00233354384698004,45.4308213906289,0.00055493447587248
41.64865,45.43046,0.000193543846975786,45.4308203290393,0.000553872886313969
41.65998,45.42992,-0.000346456153017982,45.430842291315,0.000575835161936251
41.6713,45.4295,-0.000766456153023398,45.4308803918118,0.000613935658753413
41.68263,45.43262,0.00235354384697928,45.4309261891124,0.000659732959406215
41.69397,45.43069,0.000423543846977736,45.4309706577193,0.000704201566246673
41.7053,45.43182,0.00155354384698114,45.4310051936982,0.000738737545161821
41.71663,45.43195,0.00168354384697977,45.4310224799319,0.00075602377887819
41.72794,45.43191,0.00164354384698129,45.4310170692405,0.000750613087462328
41.73928,45.42673,-0.00353645615302156,45.4309856568345,0.000719200681484041
41.7506,45.4324,0.0021335438469805,45.4309271463312,0.000660690178190561
41.76195,45.42955,-0.000716456153021738,45.4308426751546,0.000576219001612464
41.77327,45.43276,0.00249354384698108,45.4307356898721,0.000469233719071876
41.78463,45.43248,0.00221354384697747,45.4306119961769,0.000345540023855007
41.79597,45.42938,-0.000886456153018855,45.4304795944279,0.000213138274906741
41.80732,45.42916,-0.00110645615301763,45.4303481517501,8.16955970776676e-05
41.81865,45.43122,0.000953543846982541,45.4302281180835,-3.83380695179925e-05
41.82997,45.43014,-0.000126456153019205,45.4301296344471,-0.000136821705935771
41.84132,45.42904,-0.00122645615302019,45.4300614208545,-0.000205035298549795
41.85264,45.43019,-7.64561530175456e-05,45.430029798754,-0.000236657399009381
41.86396,45.43005,-0.000216456153019351,45.4300379616051,-0.000228494547905437
41.87527,45.42994,-0.000326456153018739,45.4300855669968,-0.000180889156176403
41.88662,45.43066,0.000393543846982425,45.4301686742741,-9.77818789241911e-05
41.89797,45.42922,-0.0010464561530199,45.4302800083729,1.35522198445238e-05
41.90928,45.43148,0.0012135438469798,45.4304095091802,0.000143053027141536
41.9206,45.43042,0.0001535438469773,45.430545118153,0.000278661999937281
41.93193,45.42999,-0.000276456153024185,45.4306737492916,0.000407293138591048
41.94327,45.4311,0.000833543846979978,45.4307823924247,0.000515936271673157
41.95461,45.42946,-0.000806456153021884,45.4308593002343,0.000592844081275716
41.96593,45.43164,0.00137354384698085,45.4308951945034,0.000628738350425303
41.9773,45.43195,0.00168354384697977,45.4308843752832,0.000617919130179273
41.98862,45.43205,0.00178354384697599,45.4308255511298,0.000559094976812179
41.99994,45.43056,0.000293543846979105,45.4307221887709,0.000455732617859901
42.01127,45.42994,-0.000326456153018739,45.4305822562751,0.000315800122103801
42.02259,45.42959,-0.000676456153023253,45.43041738398,0.00015092782693827
42.03394,45.43077,0.000503543846981813,45.4302416013518,-2.48548012491109e-05
42.04526,45.43111,0.000843543846976047,45.43006984932,-0.000196606832973579
42.05659,45.43024,-2.64561530229912e-05,45.4299164310465,-0.00035002510649049
42.06792,45.42873,-0.00153645615301912,45.4297935341479,-0.000472922005143826
42.07926,45.42684,-0.00342645615302217,45.4297099886531,-0.000556467499895005
42.09059,45.43069,0.000423543846977736,45.4296704691781,-0.000595986974966082
42.10194,45.43011,-0.000156456153021622,45.4296753027922,-0.000591153360817157
42.11329,45.42971,-0.00055645615302069,45.429720876926,-0.000545579227034707
42.12463,45.43135,0.00108354384698117,45.4298004533754,-0.000466002777605405
42.13595,45.43076,0.000493543846978639,45.429905108752,-0.000361347400975361
42.1473,45.42945,-0.000816456153017953,45.4300245743498,-0.00024188180326867
42.15865,45.42859,-0.00167645615302092,45.4301478937787,-0.000118562374315887
42.16998,45.43008,-0.000186456153024039,45.4302639750196,-2.48113345180099e-06
42.18131,45.43089,0.00062354384697727,45.4303621947193,9.57385662822722e-05
42.19266,45.4286,-0.00166645615301775,45.430433170233,0.000166714079962178
42.20398,45.43254,0.00227354384698231,45.4304696910565,0.00020323490342825
42.21529,45.42978,-0.000486456153019788,45.4304676766775,0.000201220524463906
42.22662,45.43179,0.00152354384697873,45.4304269516606,0.000160495507528818
42.23795,45.43002,-0.000246456153021768,45.4303516181517,8.51619986582672e-05
42.24929,45.43287,0.00260354384698047,45.4302498647671,-1.65913859274458e-05
42.26064,45.42684,-0.00342645615302217,45.4301331661383,-0.000133290014677747
42.27198,45.4303,3.35438469818428e-05,45.4300149692646,-0.000251486888415798
42.28333,45.43046,0.000193543846975786,45.4299090789199,-0.000357377233150323
42.29467,45.43067,0.000403543846978494,45.4298279854698,-0.000438470683220612
42.30603,45.42946,-0.000806456153021884,45.4297813290733,-0.000485127079697063
42.31736,45.42834,-0.00192645615302212,45.4297746482525,-0.00049180790048658
42.32872,45.42917,-0.00109645615302156,45.4298085706627,-0.000457885490289832
42.34003,45.4296,-0.000666456153020079,45.4298786153971,-0.000387840755891809
42.35137,45.43073,0.000463543846976222,45.4299757097274,-0.000290746425587484
42.36267,45.42947,-0.00079645615301871,45.4300873825883,-0.000179073564762315
42.37402,45.4302,-6.64561530214769e-05,45.4301994588477,-6.69973052997366e-05
42.38534,45.43006,-0.000206456153023282,45.4302979990206,3.15428675307485e-05
42.39665,45.43124,0.000973543846981784,45.4303711983149,0.000104742161858345
42.40799,45.43194,0.0016735438469766,45.430410944137,0.000144487983966436
42.41928,45.43147,0.00120354384697663,45.4304137399499,0.000147283796881376
42.4306,45.4309,0.000633543846980444,45.4303807825849,0.000114326431841797
42.44192,45.43015,-0.000116456153023137,45.4303171581897,5.07020366916928e-05
42.45325,45.42742,-0.00284645615302281,45.4302303608411,-3.60953118938106e-05
42.46458,45.43049,0.000223543846978203,45.4301285397731,-0.000137916379968995
42.47594,45.42836,-0.00190645615302287,45.4300189449565,-0.000247511196544623
42.48728,45.43058,0.000313543846978348,45.4299069313924,-0.000359524760640895
42.49863,45.42974,-0.000526456153018273,45.4297956606249,-0.000470795528097379
42.50997,45.43079,0.000523543846981056,45.4296864133915,-0.000580042761566603
42.52132,45.42947,-0.00079645615301871,45.429579284273,-0.000687171880013441
42.53264,45.43011,-0.000156456153021622,45.4294739954893,-0.000792460663679698
42.54397,45.42825,-0.00201645615302226,45.4293706219231,-0.000895834229950969
42.5553,45.42928,-0.000986456153022175,45.4292701101977,-0.000996345955321965
42.56662,45.4303,3.35438469818428e-05,45.4291745423161,-0.00109191383692827
42.57796,45.43029,2.35438469786686e-05,45.4290871132774,-0.00117934287564891
42.58929,45.42767,-0.00259645615302162,45.4290117956339,-0.00125466051907597
42.60062,45.42951,-0.000756456153020224,45.428952710529,-0.00131374562404414
42.61196,45.42933,-0.000936456153020515,45.4289133207556,-0.00135313539743681
42.6233,45.42654,-0.00372645615301792,45.4288956497237,-0.00137080642932341
42.63463,45.42857,-0.00169645615302016,45.4288997604745,-0.00136669567856696
42.64595,45.42821,-0.00205645615302075,45.4289236856922,-0.00134277046077028
42.65729,45.43023,-3.64561530190599e-05,45.4289638768859,-0.00130257926713698
42.66863,45.42907,-0.00119645615301778,45.4290160614574,-0.0012503946955947
42.67999,45.43053,0.000263543846976688,45.429076239839,-0.00119021631402503
42.69132,45.42997,-0.000296456153023428,45.4291415048843,-0.00112495126876397
42.70263,45.42746,-0.00280645615301722,45.4292104419772,-0.00105601417577421
42.71396,45.43143,0.00116354384697814,45.4292830244298,-0.000983431723221717
42.72527,45.42791,-0.0023564561530236,45.4293600801641,-0.000906375988954979
42.73661,45.42827,-0.00199645615302302,45.4294425148768,-0.0008239412762133
42.74792,45.43075,0.00048354384698257,45.4295305182348,-0.000735937918237321
42.75924,45.42767,-0.00259645615302162,45.4296229587344,-0.000643497418621837
42.77057,45.43146,0.00119354384698056,45.4297170987769,-0.000549357376083098
42.78189,45.42795,-0.00231645615301801,45.4298086621739,-0.000457793979070964
42.79324,45.43204,0.00177354384697992,45.4298921999877,-0.000374256165274895
42.80457,45.43033,6.35438469771543e-05,45.4299616484606,-0.000304807692388158
42.81589,45.42812,-0.00214645615302089,45.4300109651833,-0.000255490969710645
42.82724,45.43045,0.000183543846979717,45.4300347705007,-0.000231685652369039
42.83855,45.42952,-0.000746456153024155,45.4300289772078,-0.000237478945231154
42.8499,45.43028,1.35438469825999e-05,45.4299914003106,-0.000275055842460126
42.86125,45.43142,0.00115354384698207,45.4299222817276,-0.000344174425392031
42.87258,45.429,-0.00126645615301868,45.4298245985614,-0.00044185759164945
42.88395,45.43108,0.000813543846980735,45.4297040155089,-0.000562440644129034
42.89525,45.43003,-0.000236456153018594,45.4295684086337,-0.000698047519322831
42.90658,45.42817,-0.00209645615301923,45.4294270005558,-0.000839455597186227
42.91791,45.42753,-0.00273645615302343,45.4292892662806,-0.00097718987245372
42.92924,45.43006,-0.000206456153023282,45.4291638470778,-0.00110260907523684
42.94056,45.42867,-0.00159645615302395,45.4290576941296,-0.00120876202342896
42.95188,45.42998,-0.000286456153020254,45.4289755494357,-0.00129090671734373
42.96321,45.42965,-0.000616456153018419,45.4289197374013,-0.0013467187517659
42.97456,45.42754,-0.00272645615302025,45.4288901802495,-0.00137627590350168
42.98591,45.42847,-0.00179645615302348,45.4288845829175,-0.00138187323552482
42.99723,45.42801,-0.00225645615302028,45.4288987958276,-0.00136766032537651
43.00857,45.43066,0.000393543846982425,45.4289273741475,-0.00133908200554051
43.0199,45.42849,-0.00177645615302424,45.4289642837517,-0.00130217240130598
43.03123,45.43132,0.00105354384697876,45.42900361723,-0.00126283892300858
43.04257,45.42716,-0.00310645615302008,45.4290401657576,-0.00122629039541082
43.05387,45.42788,-0.00238645615301891,45.4290697714376,-0.00119668471545867
43.06522,45.4304,0.000133543846978057,45.4290894977491,-0.0011769584038779
43.07656,45.42846,-0.00180645615301955,45.4290977081396,-0.00116874801340209
43.0879,45.42966,-0.00060645615302235,45.4290941026106,-0.00117235354237684
43.09924,45.42933,-0.000936456153020515,45.4290796904087,-0.00118676574430826
43.11057,45.42884,-0.00142645615301973,45.4290566467266,-0.00120980942639951
43.12189,45.43013,-0.00013645615302238,45.4290280240923,-0.00123843206069464
43.13322,45.42947,-0.00079645615301871,45.4289973400094,-0.00126911614360467
43.14457,45.42531,-0.00495645615301754,45.4289681276132,-0.00129832853983244
43.15588,45.42811,-0.00215645615302407,45.4289435972031,-0.00132285894991086
43.16721,45.43132,0.00105354384697876,45.4289265517677,-0.00133990438530766
43.17854,45.42936,-0.000906456153018098,45.4289195710644,-0.00134688508862498
43.18987,45.43002,-0.000246456153021768,45.4289252867411,-0.00134116941190959
43.20121,45.42928,-0.000986456153022175,45.4289464768342,-0.00131997931878336
43.21254,45.4283,-0.0019664561530206,45.4289857963183,-0.00128065983470935
43.22387,45.42886,-0.00140645615302049,45.4290451551183,-0.0012213010347426
43.2352,45.42899,-0.00127645615302185,45.4291249257759,-0.00114153037713379
43.24654,45.42813,-0.00213645615301772,45.4292232391622,-0.00104321699077374
43.25785,45.42934,-0.000926456153017341,45.4293356094809,-0.00093084667213252
43.26918,45.42818,-0.00208645615302316,45.4294550506463,-0.000811405506709748
43.28053,45.43008,-0.000186456153024039,45.4295727299134,-0.000693726239578167
43.29185,45.43044,0.000173543846976543,45.4296790675897,-0.000587388563322371
43.30318,45.43022,-4.6456153022234e-05,45.4297650628808,-0.000501393272262926
43.31449,45.42986,-0.000406456153022816,45.4298235519577,-0.000442904195347292
43.32582,45.43121,0.000943543846979367,45.4298501178669,-0.000416338286163315
43.33712,45.43064,0.000373543846976077,45.4298434629543,-0.000422993198745929
43.34845,45.42974,-0.000526456153018273,45.429805191337,-0.000461264816013321
43.35977,45.42769,-0.00257645615302238,45.4297391111453,-0.000527345007737278
43.3711,45.42765,-0.00261645615302086,45.4296503207227,-0.000616135430305414
43.3824,45.43052,0.000253543846980619,45.4295444101257,-0.000722046027345067
43.39373,45.43075,0.00048354384698257,45.4294270185635,-0.00083943758952476
43.40507,45.42817,-0.00209645615301923,45.4293037811713,-0.000962674981737371
43.4164,45.42978,-0.000486456153019788,45.4291805169674,-0.00108593918562089
43.42775,45.42929,-0.000976456153019001,45.4290634512596,-0.00120300489346442
43.43909,45.4298,-0.000466456153020545,45.4289592994299,-0.00130715672313633
43.45043,45.42902,-0.00124645615301944,45.4288750946682,-0.00139136148478423
43.46179,45.42752,-0.00274645615301949,45.4288177051337,-0.00144875101929869
43.47311,45.43147,0.00120354384697663,45.4287930656658,-0.0014733904872453
43.48444,45.42698,-0.00328645615302037,45.4288052280055,-0.00146122814749546
43.49577,45.4282,-0.00206645615302392,45.4288553929423,-0.0014110632107095
43.50712,45.43022,-4.6456153022234e-05,45.4289411295134,-0.00132532663959215
43.51845,45.42669,-0.00357645615302005,45.4290560006583,-0.00121045549473217
43.5298,45.428,-0.00226645615302346,45.4291897783404,-0.00107667781260094
43.54111,45.43109,0.000823543846976804,45.4293293371682,-0.000937118984808168
43.55244,45.42904,-0.00122645615302019,45.4294601727394,-0.000806283413615878
43.56374,45.42941,-0.000856456153023544,45.4295683318949,-0.000698124258141579
43.57509,45.4299,-0.000366456153017225,45.4296424311476,-0.000624025005371183
43.58642,45.43072,0.000453543846980153,45.4296754122535,-0.000591043899499477
43.59775,45.43121,0.000943543846979367,45.4296657128955,-0.000600743257508024
43.60906,45.4298,-0.000466456153020545,45.4296175951211,-0.000648861031899258
43.62038,45.43076,0.000493543846978639,45.4295404998768,-0.000725956276197975
43.63171,45.4284,-0.00186645615301728,45.4294474952185,-0.000818960934500246
43.64302,45.42725,-0.00301645615301993,45.4293531115229,-0.000913344630165376
43.65436,45.42879,-0.00147645615302139,45.4292710236551,-0.000995432497892549
43.66567,45.42934,-0.000926456153017341,45.4292120687248,-0.00105438742827229
43.67704,45.4287,-0.00156645615302153,45.4291829595931,-0.00108349655993786
43.6884,45.42788,-0.00238645615301891,45.4291858381378,-0.00108061801523114
43.69973,45.43038,0.000113543846978814,45.4292186079208,-0.0010478482321954
43.71105,45.43073,0.000463543846976222,45.4292758358915,-0.00099062026151382
43.72236,45.42997,-0.000296456153023428,45.4293499181412,-0.00091653801178866
43.7337,45.43005,-0.000216456153019351,45.4294321943261,-0.000834261826916469
43.74503,45.42884,-0.00142645615301973,45.4295138030462,-0.000752653106791359
43.75636,45.42829,-0.00197645615302378,45.4295862588117,-0.000680197341290114
43.76768,45.42812,-0.00214645615302089,45.4296418958965,-0.0006245602564914
43.77901,45.43057,0.000303543846982279,45.4296743697112,-0.000592086441833435
43.79035,45.43024,-2.64561530229912e-05,45.4296793078196,-0.00058714833341772
43.80167,45.42986,-0.000406456153022816,45.4296550271509,-0.000611429002151476
43.81302,45.43028,1.35438469825999e-05,45.429603097791,-0.000663358361984898
43.82433,45.43054,0.000273543846979862,45.4295285117838,-0.000737944369217538
43.83567,45.4302,-6.64561530214769e-05,45.4294392975926,-0.00082715856046476
43.84701,45.42732,-0.00294645615301903,45.4293455607528,-0.000920895400251471
43.85833,45.43159,0.00132354384697919,45.4292580893481,-0.00100836680490812
43.86965,45.42648,-0.00378645615302275,45.4291867962691,-0.00107965988396922
43.881,45.42831,-0.00195645615301743,45.4291393364295,-0.00112711972352846
43.89232,45.42832,-0.00194645615302136,45.4291202175162,-0.0011462386367898
43.90362,45.42787,-0.00239645615302209,45.4291306104181,-0.00113584573488348
43.91493,45.43157,0.00130354384697995,45.4291688627046,-0.00109759344836891
43.92624,45.43153,0.00126354384698146,45.4292314792033,-0.00103497694971317
43.93756,45.42807,-0.00219645615302255,45.4293141717178,-0.000952284435193383
43.94886,45.43112,0.000853543846979221,45.4294125963416,-0.000853859811463782
43.96019,45.42942,-0.00084645615302037,45.4295225865958,-0.000743869557196478
43.9715,45.42712,-0.00314645615301856,45.4296399400672,-0.000626516085772247
43.98283,45.42906,-0.00120645615302095,45.4297600023543,-0.000506453798742407
43.99417,45.43098,0.000713543846977416,45.4298773484068,-0.000389107746253085
44.0055,45.4307,0.000433543846980911,45.4299857771858,-0.000280678967202732
44.01681,45.42796,-0.00230645615302194,45.4300786747881,-0.000187781364897705
44.02814,45.43007,-0.000196456153020108,45.4301496742169,-0.000116781936124173
44.03946,45.4318,0.0015335438469819,45.430193485141,-7.29710119832274e-05
44.05078,45.43021,-5.64561530183028e-05,45.4302067273806,-5.97287724004799e-05
44.0621,45.43079,0.000523543846981056,45.4301885531918,-7.79029612313893e-05
44.07343,45.43139,0.00112354384697966,45.4301408434391,-0.00012561271391152
44.08475,45.43002,-0.000246456153021768,45.4300678531045,-0.000198603048537434
44.09608,45.42904,-0.00122645615302019,45.4299753339794,-0.000291122173630276
44.10741,45.43145,0.00118354384697739,45.4298693237212,-0.000397132431852581
44.11874,45.42574,-0.00452645615302316,45.429754915105,-0.00051154104805794
44.13003,45.42901,-0.00125645615302261,45.4296353677528,-0.00063108840025121
44.14134,45.43031,4.35438469779115e-05,45.4295118627418,-0.0007545934112096
44.15263,45.42923,-0.00103645615302383,45.4293840157429,-0.00088244041011852
44.16394,45.43017,-9.64561530238939e-05,45.4292510113772,-0.00101544477577925
44.17523,45.42937,-0.000896456153022029,45.4291130199625,-0.00115343619053482
44.18655,45.43,-0.000266456153021011,45.428972492431,-0.0012939637220649
44.19786,45.42821,-0.00205645615302075,45.4288349863183,-0.00143146983467004
44.20919,45.42959,-0.000676456153023253,45.4287092941574,-0.00155716199560963
44.22053,45.43033,6.35438469771543e-05,45.4286067767948,-0.00165967935821278
44.23185,45.42892,-0.00134645615302276,45.4285399306558,-0.00172652549723826
44.24319,45.42725,-0.00301645615301993,45.4285203577299,-0.00174609842316293
44.25452,45.42789,-0.00237645615302284,45.4285564765891,-0.00170997956391799
44.26587,45.42609,-0.00417645615301865,45.4286514647931,-0.00161499135995424
44.27722,45.42706,-0.0032064561530234,45.4288019578364,-0.0014644983166477
44.28855,45.42973,-0.000536456153021447,45.428997881616,-0.00126857453706639
44.29988,45.43145,0.00118354384697739,45.4292234922608,-0.00104296389221855
44.31121,45.43055,0.000283543846975931,45.4294593622962,-0.000807093856817954
44.32255,45.42723,-0.00303645615301917,45.4296848502443,-0.000581605908699811
44.33384,45.43007,-0.000196456153020108,45.42988060298,-0.000385853173027759
44.34515,45.43252,0.00225354384697596,45.4300307752419,-0.000235680911139946
44.35646,45.42954,-0.000726456153017807,45.4301247517282,-0.000141704424862485
44.3678,45.43049,0.000223543846978203,45.4301581918917,-0.000108264261365696
44.37909,45.43063,0.000363543846980008,45.4301332734851,-0.00013318266788301
44.39042,45.42967,-0.000596456153019176,45.430058128381,-0.000208327771975945
44.40175,45.42991,-0.000356456153021156,45.42994558974,-0.000320866413021013
44.41308,45.43025,-1.64561530198171e-05,45.4298114532623,-0.000455002890686067
44.42442,45.42885,-0.00141645615302366,45.4296724958435,-0.000593960309537533
44.43576,45.43025,-1.64561530198171e-05,45.4295445082812,-0.000721947871828296
44.4471,45.42702,-0.00324645615302188,45.429440594851,-0.000825861302007189
44.45842,45.42824,-0.00202645615301833,45.4293699655455,-0.000896490607526773
44.46976,45.43163,0.00136354384697768,45.4293373682685,-0.000929087884546828
44.48111,45.43037,0.000103543846982745,45.4293431626438,-0.000923293509199392
44.49243,45.42789,-0.00237645615302284,45.4293838816454,-0.000882574507590454
44.50378,45.42915,-0.00111645615302081,45.4294530657187,-0.000813390434288286
44.51512,45.43118,0.00091354384697695,45.4295422079126,-0.000724248240394003
44.52644,45.42799,-0.00227645615301952,45.4296417244563,-0.000624731696713261
44.53777,45.43073,0.000463543846976222,45.4297418896809,-0.000524566472151959
44.54911,45.42944,-0.000826456153021127,45.429833667687,-0.000432788466055275
44.56045,45.43137,0.00110354384698041,45.4299093729781,-0.000357083174885646
44.5718,45.4287,-0.00156645615302153,45.429963104793,-0.000303351360065276
44.58315,45.43124,0.000973543846981784,45.4299909312187,-0.000275524934282668
44.59447,45.42906,-0.00120645615302095,45.4299908537632,-0.000275602389839026
44.6058,45.42974,-0.000526456153018273,45.4299626409876,-0.000303815165431491
44.61713,45.42778,-0.00248645615302223,45.4299076511286,-0.000358805024448691
44.62847,45.43146,0.00119354384698056,45.4298287435652,-0.000437712587856573
44.6398,45.43018,-8.64561530207197e-05,45.4297302936979,-0.00053616245513965
44.65113,45.43045,0.000183543846979717,45.4296182047943,-0.000648251358723532
44.66246,45.4308,0.000533543846977125,45.4294997371074,-0.000766719045657307
44.67382,45.42867,-0.00159645615302395,45.4293830192515,-0.000883436901507191
44.68513,45.42746,-0.00280645615301722,45.4292762558703,-0.00099020028275831
44.69649,45.4292,-0.00106645615301915,45.4291868101981,-0.00107964595496384
44.70782,45.42853,-0.00173645615301865,45.4291204166581,-0.0011460394948923
44.71913,45.42914,-0.00112645615302398,45.4290807188235,-0.001185737329548
44.73047,45.43077,0.000503543846981813,45.4290691777455,-0.00119727840747819
44.74178,45.4304,0.000133543846978057,45.4290852575775,-0.00118119857554127
44.75313,45.42474,-0.00552645615302083,45.4291267529262,-0.00113970322685501
44.76448,45.42996,-0.000306456153019496,45.4291901814858,-0.00107627466720952
44.77584,45.43172,0.00145354384697782,45.4292712351351,-0.000995221017906932
44.78717,45.42929,-0.000976456153019001,45.4293652603677,-0.000901195785337227
44.79852,45.42879,-0.00147645615302139,45.4294676561392,-0.000798800013836314
44.80988,45.43054,0.000273543846979862,45.4295740654627,-0.000692390690333497
44.82121,45.42864,-0.00162645615301926,45.4296803328739,-0.000586123279086271
44.83257,45.43095,0.000683543846982104,45.4297823112061,-0.000484144946908892
44.84387,45.42726,-0.00300645615302386,45.4298756563181,-0.000390799834892427
44.8552,45.4315,0.00123354384697905,45.4299557516805,-0.0003107044724795
44.86654,45.42984,-0.000426456153022059,45.4300178701705,-0.000248585982499558
44.87788,45.42853,-0.00173645615301865,45.4300576134056,-0.000208842747432599
44.88919,45.43076,0.000493543846978639,45.4300715924333,-0.000194863719702222
44.90053,45.42958,-0.000686456153019321,45.4300582470256,-0.000208209127391749
44.91188,45.43069,0.000423543846977736,45.4300186347069,-0.000247821446123829
44.92321,45.43282,0.00255354384697881,45.4299569548736,-0.000309501279417124
44.93453,45.43087,0.000603543846978027,45.4298805550737,-0.000385901079305208
44.94585,45.42674,-0.00352645615301839,45.4297992597053,-0.000467196447711044
44.95719,45.43034,7.35438469803285e-05,45.4297240709954,-0.000542385157603285
44.96854,45.4291,-0.00116645615302247,45.4296655142611,-0.000600941891933446
44.97989,45.42941,-0.000856456153023544,45.4296319941736,-0.000634461979405515
44.99121,45.43087,0.000603543846978027,45.4296284678631,-0.00063798828987325
45.00254,45.42838,-0.00188645615302363,45.4296556243742,-0.000610831778817272
45.01385,45.42722,-0.00304645615302235,45.4297096829022,-0.000556773250830393
45.02517,45.43028,1.35438469825999e-05,45.4297828794379,-0.000483576715150068
45.03651,45.43115,0.000883543846981638,45.4298646288472,-0.000401827305826212
45.04785,45.43106,0.000793543846981493,45.429943191616,-0.000323264537029427
45.0592,45.42959,-0.000676456153023253,45.4300075200332,-0.000258936119807588
45.07055,45.42976,-0.00050645615301903,45.4300489246053,-0.00021753154768011
45.08187,45.43076,0.000493543846978639,45.4300622983433,-0.00020415780974743
45.09322,45.42965,-0.000616456153018419,45.4300467643372,-0.000219691815834476
45.10456,45.43057,0.000303543846982279,45.4300056904309,-0.000260765722122026
45.11589,45.43159,0.00132354384697919,45.4299460504941,-0.000320405658927078
45.12723,45.43133,0.00106354384698193,45.42987715494,-0.000389301213018514
45.13855,45.42888,-0.00138645615302124,45.4298088710075,-0.000457585145490703
45.14989,45.42634,-0.00392645615301745,45.4297496242693,-0.000516831883695503
45.16123,45.42731,-0.0029564561530222,45.4297046553317,-0.000561800821334454
45.17255,45.43065,0.000383543846979251,45.4296750510782,-0.000591405074773667
45.18387,45.43002,-0.000246456153021768,45.429657868894,-0.000608587259050776
45.19519,45.42949,-0.000776456153019467,45.4296472993231,-0.000619156829885119
45.20652,45.43211,0.00184354384698082,45.4296364779901,-0.000629978162881844
45.21786,45.42931,-0.000956456153019758,45.4296194130156,-0.000647043137398648
45.22919,45.43114,0.000873543846978464,45.4295925426106,-0.000673913542403254
45.24052,45.42814,-0.00212645615302165,45.4295556071895,-0.000710848963499998
45.25184,45.4304,0.000133543846978057,45.4295117345252,-0.00075472162786648
45.26318,45.42928,-0.000986456153022175,45.4294668230562,-0.00079963309685305
45.27449,45.42944,-0.000826456153021127,45.4294284218471,-0.000838034305871326
45.28584,45.4286,-0.00166645615301775,45.4294043520922,-0.000862104060822059
45.2972,45.42912,-0.00114645615302322,45.4294013253292,-0.000865130823849396
45.30855,45.42896,-0.00130645615302427,45.4294237965577,-0.000842659595354844
45.31987,45.42936,-0.000906456153018098,45.4294732342342,-0.000793221918871226
45.33121,45.4296,-0.000666456153020079,45.4295478961987,-0.000718559954289091
45.34253,45.42912,-0.00114645615302322,45.4296430972838,-0.000623358869213973
45.35385,45.43179,0.00152354384697873,45.429751869026,-0.000514587127002749
45.36518,45.42904,-0.00122645615302019,45.4298658631932,-0.000400592959850897
45.37653,45.42879,-0.00147645615302139,45.429976352203,-0.000290103950026775
45.38785,45.42971,-0.00055645615302069,45.430075223667,-0.000191232486037755
45.3992,45.43002,-0.000246456153021768,45.4301559001995,-0.000110555953535696
45.4105,45.4338,0.00353354384697724,45.4302140803659,-5.23757870676416e-05
45.42184,45.43058,0.000313543846978348,45.4302481181847,-1.83379682792668e-05
45.43319,45.43043,0.000163543846980474,45.430258854518,-7.60163502373656e-06
45.44453,45.42807,-0.00219645615302255,45.4302488687973,-1.75873557283402e-05
45.45585,45.42921,-0.00105645615302308,45.4302213691616,-4.5086991409313e-05
45.4672,45.42975,-0.000516456153022204,45.4301791102424,-8.73459106360144e-05
45.47855,45.43034,7.35438469803285e-05,45.4301237014939,-0.000142754659124003
45.48986,45.42995,-0.000316456153022671,45.4300554803492,-0.000210975803819207
45.50122,45.43021,-5.64561530183028e-05,45.4299739049147,-0.000292551238306602
45.51253,45.43075,0.00048354384698257,45.429878274004,-0.000388182149038343
45.52386,45.42993,-0.000336456153021913,45.4297685312131,-0.000497924939902806
45.53518,45.42959,-0.000676456153023253,45.4296459330927,-0.000620523060328291
45.5465,45.42962,-0.000646456153020836,45.4295134329523,-0.000753023200749679
45.55783,45.4291,-0.00116645615302247,45.4293757202068,-0.000890735946181828
45.56917,45.42978,-0.000486456153019788,45.4292389256265,-0.00102753052653053
45.58051,45.43044,0.000173543846976543,45.429110041452,-0.00115641470106056
45.59182,45.42719,-0.00307645615301766,45.4289961322986,-0.00127032385443895
45.60316,45.42772,-0.00254645615301996,45.4289034556973,-0.00136300045576825
45.61448,45.42994,-0.000326456153018739,45.4288366556943,-0.00142980045867551
45.62581,45.42886,-0.00140645615302049,45.4287981831598,-0.00146827299326001
45.63714,45.42887,-0.00139645615301731,45.4287880156832,-0.00147844046978974
45.64846,45.42876,-0.00150645615302381,45.4288036638449,-0.00146279230808545
45.65981,45.42765,-0.00261645615302086,45.4288404241127,-0.00142603204030319
45.67113,45.42981,-0.000456456153017371,45.4288918546417,-0.0013746015113322
45.68247,45.42945,-0.000816456153017953,45.4289504512253,-0.00131600492771899
45.69378,45.4276,-0.00266645615302252,45.4290084705559,-0.00125798559709137
45.70512,45.43,-0.000266456153021011,45.4290588185791,-0.00120763757395028
45.71647,45.42777,-0.0024964561530183,45.429095912786,-0.0011705433670141
45.72783,45.4314,0.00113354384697573,45.4291164184575,-0.00115003769551076
45.73917,45.42835,-0.00191645615301894,45.4291197354224,-0.00114672073060097
45.75051,45.42976,-0.00050645615301903,45.4291081023978,-0.00115835375521174
45.76186,45.43135,0.00108354384698117,45.4290862289093,-0.00118022724367021
45.7732,45.42679,-0.00347645615302383,45.4290604657979,-0.00120599035509783
45.78453,45.42794,-0.00232645615302118,45.4290376607938,-0.00122879535925345
45.79588,45.42869,-0.0015764561530176,45.4290239671533,-0.00124248899976764
45.80723,45.42882,-0.00144645615301897,45.4290239057952,-0.0012425503577911
45.81856,45.42918,-0.00108645615301839,45.429039882644,-0.00122657350899019
45.82991,45.42921,-0.00105645615302308,45.4290721883117,-0.00119426784127537
45.84123,45.43014,-0.000126456153019205,45.4291193592788,-0.00114709687417406
45.85258,45.42818,-0.00208645615302316,45.4291787131718,-0.00108774298125037
45.86391,45.43038,0.000113543846978814,45.4292468788733,-0.00101957727972454
45.87522,45.4308,0.000533543846977125,45.4293201945302,-0.000946261622840976
45.88655,45.42825,-0.00201645615302226,45.429394920617,-0.000871535535981269
45.89787,45.42741,-0.00285645615301888,45.4294673091243,-0.000799147028749378
45.9092,45.42917,-0.00109645615302156,45.4295336654968,-0.000732790656235207
45.92056,45.43049,0.000223543846978203,45.4295905658674,-0.000675890285611544
45.9319,45.42975,-0.000516456153022204,45.4296352928455,-0.000631163307501145
45.94326,45.43082,0.000553543846976368,45.4296663868403,-0.000600069312723171
45.95462,45.43075,0.00048354384698257,45.4296841048303,-0.000582351322703673
45.96596,45.42725,-0.00301645615301993,45.429690602734,-0.000575853419034354
45.97728,45.4304,0.000133543846978057,45.4296897739642,-0.000576682188808607
45.98862,45.43002,-0.000246456153021768,45.4296867915551,-0.000579664597871278
45.99997,45.43101,0.000743543846979833,45.4296874412032,-0.00057901494982802
46.0113,45.4291,-0.00116645615302247,45.4296973128958,-0.000569143257262097
46.02262,45.42907,-0.00119645615301778,45.429720921533,-0.000545534620028851
46.03395,45.42896,-0.00130645615302427,45.429760888065,-0.000505568088010976
46.04528,45.42883,-0.0014364561530229,45.4298173714013,-0.000449084751750249
46.0566,45.43198,0.00171354384698219,45.4298879195839,-0.000378536569106799
46.06795,45.42799,-0.00227645615301952,45.4299678031379,-0.0002986530150821
46.07931,45.42979,-0.000476456153023719,45.4300507717366,-0.000215684416392756
46.09065,45.43103,0.000763543846979076,45.4301300930703,-0.000136363082711415
46.10198,45.43114,0.000873543846978464,45.4301996813059,-6.67748470812038e-05
46.11329,45.43108,0.000813543846980735,45.4302550819208,-1.13742322405057e-05
46.12463,45.4306,0.000333543846977591,45.4302940846208,2.76284677789404e-05
46.13596,45.42988,-0.000386456153023573,45.4303168308757,5.03747227239282e-05
46.1473,45.42931,-0.000956456153019758,45.43032544198,5.89858269388067e-05
46.15861,45.4297,-0.000566456153023864,45.4303233334765,5.6877323489449e-05
46.16991,45.43126,0.000993543846981026,45.4303144299351,4.79737820765928e-05
46.18124,45.43055,0.000283543846975931,45.4303024409989,3.59848459135219e-05
46.19255,45.43119,0.000923543846980124,45.4302902664803,2.38103273204715e-05
46.20386,45.42828,-0.00198645615301984,45.4302795496559,1.30935028985025e-05
46.21517,45.43033,6.35438469771543e-05,45.430270422877,3.96672401816407e-06
46.2265,45.42897,-0.0012964561530211,45.4302615310897,-4.92506332849763e-06
46.23785,45.43044,0.000173543846976543,45.4302503935098,-1.6062643265426e-05
46.24918,45.43267,0.00240354384698094,45.4302340490903,-3.2407062692438e-05
46.26051,45.43148,0.0012135438469798,45.4302097934004,-5.66627526055965e-05
46.27187,45.42798,-0.0022864561530227,45.4301757610319,-9.06951211085125e-05
46.28318,45.4306,0.000333543846977591,45.4301311979504,-0.000135258202591545
46.2945,45.42881,-0.00145645615302215,45.4300764387021,-0.000190017450911294
46.30585,45.43101,0.000743543846979833,45.4300127145015,-0.000253741651496251
46.31719,45.43068,0.000413543846981668,45.4299419021925,-0.000324553960503917
46.32853,45.43021,-5.64561530183028e-05,45.4298662455541,-0.000400210598950366
46.33983,45.42791,-0.0023564561530236,45.4297880432795,-0.000478412873558619
46.35115,45.42958,-0.000686456153019321,45.4297093325037,-0.000557123649278859
46.36246,45.4313,0.00103354384697951,45.4296316415838,-0.000634814569188175
46.37379,45.42926,-0.00100645615302142,45.4295558725941,-0.00071058355889493
46.38511,45.429,-0.00126645615301868,45.4294823211669,-0.000784134986111251
46.39646,45.42667,-0.00359645615301929,45.4294108203188,-0.000855635834188343
46.40778,45.43327,0.00300354384697954,45.4293410084647,-0.000925447688319689
46.41911,45.42839,-0.00187645615302046,45.4292727012303,-0.000993754922770754
46.43044,45.42921,-0.00105645615302308,45.4292062841437,-0.001060172009365
46.44178,45.42804,-0.00222645615301786,45.4291430216975,-0.00112343445551551
46.45312,45.42905,-0.00121645615302413,45.4290852321378,-0.00118122401519774
46.46446,45.43007,-0.000196456153020108,45.4290363292939,-0.00123012685914283
46.47581,45.4296,-0.000666456153020079,45.4290007158256,-0.00126574032737585
46.48715,45.429,-0.00126645615301868,45.4289834670646,-0.00128298908842949
46.49849,45.429,-0.00126645615301868,45.4289897528906,-0.00127670326243409
46.50979,45.42861,-0.00165645615302168,45.4290240243589,-0.00124243179412086
46.52113,45.4293,-0.000966456153022932,45.42908908838,-0.00117736777298696
46.53246,45.42938,-0.000886456153018855,45.4291852519871,-0.00108120416588519
46.5438,45.42642,-0.00384645615302048,45.4293097265426,-0.000956729610419937
46.55512,45.43025,-1.64561530198171e-05,45.4294564524531,-0.00081000369992702
46.56646,45.43022,-4.6456153022234e-05,45.4296164277508,-0.00065002840223826
46.5778,45.43105,0.000783543846978318,45.4297784928823,-0.000487963270718924
46.58914,45.43049,0.000223543846978203,45.4299303961593,-0.000336059993698037
46.6005,45.42725,-0.00301645615301993,45.4300599331135,-0.000206523039511176
46.61185,45.43074,0.000473543846979396,45.4301560324736,-0.000110423679464704
46.6232,45.43256,0.00229354384698155,45.430209751105,-5.67050480401745e-05
46.63454,45.42809,-0.00217645615302331,45.4302151472745,-5.13088784763212e-05
46.64587,45.43118,0.00091354384697695,45.4301699559969,-9.65001561232865e-05
46.65717,45.42918,-0.00108645615301839,45.4300759784518,-0.000190477701249431
46.66849,45.43152,0.00125354384697829,45.4299391281176,-0.000327328035462911
46.67978,45.42946,-0.000806456153021884,45.4297690993873,-0.000497356765741044
46.69113,45.42991,-0.000356456153021156,45.4295786368291,-0.00068781932395155
46.70247,45.43002,-0.000246456153021768,45.4293824236776,-0.000884032475421171
46.71381,45.42831,-0.00195645615301743,45.4291956851817,-0.00107077097129885
46.72517,45.42762,-0.00264645615302328,45.429032685357,-0.00123377079599525
46.73651,45.42921,-0.00105645615302308,45.428905343801,-0.00136111235204816
46.74786,45.42987,-0.000396456153019642,45.4288221779844,-0.00144427816859898
46.7592,45.42873,-0.00153645615301912,45.4287876885867,-0.00147876756635237
46.77054,45.4267,-0.00356645615302398,45.4288022128891,-0.00146424326396676
46.78186,45.42938,-0.000886456153018855,45.4288622313652,-0.00140422478777949
46.79323,45.42855,-0.00171645615301941,45.4289610973122,-0.00130535884085132
46.80457,45.43052,0.000253543846980619,45.4290901000774,-0.00117635607562306
46.81591,45.42995,-0.000316456153022671,45.4292396733862,-0.00102678276682096
46.82726,45.43026,-6.45615302374836e-06,45.4294005045471,-0.000865951605903627
46.83857,45.42823,-0.0020364561530215,45.4295643523106,-0.000702103842419172
46.8499,45.42881,-0.00145645615302215,45.4297245202728,-0.000541935880267455
46.86126,45.42964,-0.000626456153021593,45.4298760681028,-0.000390388050199585
46.8726,45.43113,0.000863543846982395,45.4300158824384,-0.000250573714596206
46.88395,45.42982,-0.000446456153021302,45.4301426596086,-0.00012379654437879
46.89527,45.43195,0.00168354384697977,45.4302567531982,-9.70295480002747e-06
46.9066,45.43066,0.000393543846982425,45.4303598062494,9.3350096412651e-05
46.91792,45.42811,-0.00215645615302407,45.4304541522752,0.00018769612217387
46.92926,45.43003,-0.000236456153018594,45.430542088164,0.00027563201098919
46.94058,45.43206,0.00179354384697916,45.4306252068364,0.000358750683337861
46.95191,45.42952,-0.000746456153024155,45.4307039557716,0.00043749961858615
46.96324,45.43002,-0.000246456153021768,45.4307774778645,0.000511021711429201
46.97456,45.43337,0.00310354384697575,45.4308436794834,0.000577223330359306
46.98589,45.43167,0.00140354384697616,45.4308994088931,0.000632952740080022
46.99723,45.43122,0.000953543846982541,45.4309406275917,0.000674171438665099
47.00855,45.42779,-0.00247645615301906,45.4309625409697,0.000696084816663755
47.01984,45.43033,6.35438469771543e-05,45.4309598050549,0.000693348901910268
47.03116,45.43066,0.000393543846982425,45.4309270221886,0.0006605660356017
47.04248,45.43034,7.35438469803285e-05,45.4308596598502,0.000593203697147116
47.05379,45.43393,0.00366354384697587,45.43075529767,0.000488841516947306
47.06515,45.43065,0.000383543846979251,45.4306148782997,0.000348422146700483
47.07645,45.4312,0.000933543846976193,45.4304435512831,0.000177095130085082
47.08777,45.42964,-0.000626456153021593,45.4302507978531,-1.56582999484629e-05
47.09912,45.43037,0.000103543846982745,45.4300497393939,-0.000216716759153776
47.11043,45.42998,-0.000286456153020254,45.4298557414727,-0.000410714680352199
47.12179,45.43011,-0.000156456153021622,45.4296845519914,-0.000581904161630602
47.1331,45.42817,-0.00209645615301923,45.4295502656008,-0.000716190552263313
47.14445,45.43033,6.35438469771543e-05,45.4294634301293,-0.000803026023718445
47.1558,45.42679,-0.00347645615302383,45.4294296163553,-0.000836839797765789
47.16715,45.4283,-0.0019664561530206,45.4294487354977,-0.000817720655317609
47.17851,45.42826,-0.00200645615301909,45.4295152757225,-0.0007511804305282
47.18984,45.43323,0.00296354384698105,45.4296194209397,-0.000647035213331637
47.20117,45.43218,0.00191354384698172,45.4297487526834,-0.000517703469629604
47.21251,45.42783,-0.00243645615302057,45.4298900535229,-0.00037640263016817
47.22387,45.42947,-0.00079645615301871,45.4300307662563,-0.000235689896728903
47.23524,45.43337,0.00310354384697575,45.4301598902249,-0.000106565928110774
47.24657,45.42957,-0.000696456153022496,45.4302683364286,1.88027559693454e-06
47.25793,45.42757,-0.00269645615301783,45.4303489077407,8.24515877206665e-05
47.26926,45.42883,-0.0014364561530229,45.4303961554511,0.000129699298098039
47.28061,45.43057,0.000303543846982279,45.4304063955873,0.000139939434285141
47.2919,45.43101,0.000743543846979833,45.4303780628247,0.00011160667170036
47.30325,45.4324,0.0021335438469805,45.4303123318325,4.58756795134902e-05
47.31461,45.43071,0.000443543846976979,45.4302136996033,-5.27565497304724e-05
47.32591,45.43039,0.000123543846981988,45.4300901583985,-0.000176297754565894
47.33723,45.43031,4.35438469779115e-05,45.4299527206392,-0.000313735513800343
47.34855,45.42958,-0.000686456153019321,45.4298142867748,-0.000452169378172809
47.35988,45.42835,-0.00191645615301894,45.4296880582995,-0.000578397853513209
47.37123,45.42802,-0.00224645615302421,45.4295858226139,-0.000680633539088333
47.38257,45.43154,0.00127354384697753,45.4295164495145,-0.000750006638474314
47.39389,45.42822,-0.00204645615301757,45.4294848450797,-0.000781611073337301
47.40523,45.43075,0.00048354384698257,45.4294914621274,-0.00077499402563363
47.41656,45.42794,-0.00232645615302118,45.4295323551222,-0.00073410103080559
47.42791,45.43027,3.54384697942578e-06,45.4295997315948,-0.000666724558262191
47.43921,45.4281,-0.00216645615302014,45.4296829517751,-0.000583504377880051
47.45054,45.43151,0.00124354384698222,45.4297699048364,-0.00049655131661505
47.46189,45.42811,-0.00215645615302407,45.4298486283535,-0.000417827799534037
47.47321,45.43066,0.000393543846982425,45.4299089628571,-0.000357493295910413
47.48454,45.43243,0.00216354384697581,45.429943976601,-0.000322479552050842
47.49585,45.43013,-0.00013645615302238,45.4299508783259,-0.000315577827072955
47.5072,45.43192,0.00165354384697736,45.4299311909016,-0.000335265251457502
47.51853,45.42708,-0.00318645615302415,45.4298901223053,-0.000376333847685309
47.52986,45.42867,-0.00159645615302395,45.4298353134696,-0.000431142683443223
47.54119,45.42937,-0.000896456153022029,45.4297753437003,-0.000491112452720292
47.55253,45.43002,-0.000246456153021768,45.4297184074557,-0.000548048697304551
47.56387,45.42821,-0.00205645615302075,45.4296714279624,-0.000595028190597118
47.57522,45.43224,0.00197354384697945,45.4296396510403,-0.000626805112676017
47.58656,45.43015,-0.000116456153023137,45.4296265883429,-0.000639867810105077
47.5979,45.42875,-0.00151645615301987,45.4296341129901,-0.000632343162888293
47.60924,45.42961,-0.00065645615302401,45.4296625590709,-0.00060389708210044
47.62059,45.4288,-0.00146645615301821,45.4297107942363,-0.000555661916722269
47.63191,45.43076,0.000493543846978639,45.4297763289155,-0.0004901272375606
47.64322,45.42786,-0.00240645615301815,45.4298555325594,-0.000410923593607237
47.65458,45.43171,0.00144354384698175,45.4299439650147,-0.000322491138371587
47.66592,45.43124,0.000973543846981784,45.4300367542832,-0.000229701869836428
47.67726,45.43085,0.000583543846978785,45.4301289057652,-0.000137550387838368
47.6886,45.42907,-0.00119645615301778,45.4302154563574,-5.09997956089207e-05
47.69996,45.42819,-0.00207645615301999,45.4302915055539,2.50494008504003e-05
47.7113,45.42996,-0.000306456153019496,45.43035229302,8.58368669688629e-05
47.72266,45.43041,0.000143543846981231,45.4303935208421,0.000127064689056931
47.73396,45.43151,0.00124354384698222,45.4304119855995,0.000145529446452473
47.74529,45.4297,-0.000566456153023864,45.4304063737996,0.000139917646541564
47.75665,45.43392,0.0036535438469798,45.4303779200428,0.000111463889727848
47.76796,45.43004,-0.000226456153022525,45.4303306071829,6.41510298958934e-05
47.7793,45.43084,0.000573543846982716,45.4302707046855,4.24853246741373e-06
47.79065,45.42882,-0.00144645615301897,45.4302056612714,-6.07948815737881e-05
47.80201,45.42829,-0.00197645615302378,45.4301426151621,-0.000123840990960236
47.81332,45.43097,0.000703543846981347,45.4300869454317,-0.000179510721367335
47.82465,45.42828,-0.00198645615301984,45.4300412814388,-0.00022517471420271
47.836,45.42935,-0.000916456153021272,45.4300052345562,-0.000261221596837781
47.84734,45.42994,-0.000326456153018739,45.4299759024362,-0.000290553716859979
47.8587,45.43313,0.00286354384697773,45.4299489872325,-0.000317468920542871
47.87003,45.42968,-0.000586456153023107,45.4299202062233,-0.000346249929767871
47.88139,45.42876,-0.00150645615302381,45.4298866163301,-0.000379839822956697
47.89272,45.43089,0.00062354384697727,45.4298475618385,-0.000418894314477999
47.90405,45.42902,-0.00124645615301944,45.4298051208282,-0.000461335324780546
47.91538,45.42899,-0.00127645615302185,45.4297640489462,-0.000502407206772184
47.92672,45.43371,0.00344354384697709,45.4297312520246,-0.000535204128427565
47.93805,45.42856,-0.00170645615302334,45.4297148120297,-0.000551644123318859
47.94939,45.42923,-0.00103645615302383,45.4297226253071,-0.000543830845914109
47.96076,45.42906,-0.00120645615302095,45.4297608300187,-0.000505626134291672
47.97209,45.42814,-0.00212645615302165,45.4298323472088,-0.000434108944264801
47.9834,45.4286,-0.00166645615301775,45.4299359179884,-0.000330538164590847
47.99474,45.43119,0.000923543846980124,45.4300659196934,-0.000200536459641805
48.00607,45.43,-0.000266456153021011,45.4302130232476,-5.34329053879349e-05
48.0174,45.43111,0.000843543846976047,45.4303655117174,9.9055564368165e-05
48.02874,45.43244,0.00217354384697899,45.4305109177018,0.000244461548813576
48.04007,45.43083,0.000563543846979542,45.4306376097359,0.000371153582887516
48.0514,45.42878,-0.00148645615301746,45.4307360583483,0.000469602195314781
48.06273,45.42992,-0.000346456153017982,45.4307996835547,0.00053322740171095
48.07407,45.43245,0.00218354384698216,45.4308253269427,0.000558870789705416
48.08539,45.43096,0.000693543846978173,45.4308134142287,0.000546958075680815
48.09673,45.43205,0.00178354384697599,45.4307677999657,0.000501343812714441
48.10806,45.43044,0.000173543846976543,45.4306952373555,0.000428781202488505
48.11938,45.42964,-0.000626456153021593,45.4306044755863,0.000338019433273182
48.13073,45.43079,0.000523543846981056,45.4305051168479,0.000238660694832642
48.14207,45.42832,-0.00194645615302136,45.4304064674769,0.000140011323843149
48.15338,45.43006,-0.000206456153023282,45.4303166255508,5.01693977403711e-05
48.1647,45.43094,0.00067354384697893,45.4302419519849,-2.45041681493858e-05
48.17601,45.43284,0.00257354384697805,45.4301869115334,-7.95446195804992e-05
48.18734,45.42848,-0.00178645615302031,45.4301541241935,-0.000112331959546472
48.19868,45.42974,-0.000526456153018273,45.4301444289136,-0.000122027239375081
48.21003,45.43251,0.00224354384697989,45.4301568472076,-0.000109608945382111
48.22133,45.42902,-0.00124645615301944,45.4301884589758,-7.79971772491233e-05
48.23265,45.4292,-0.00106645615301915,45.430234290122,-3.21660310182442e-05
48.24397,45.42894,-0.00132645615302351,45.4302873630491,2.09068961136752e-05
48.2553,45.43085,0.000583543846978785,45.4303390747674,7.26186143666841e-05
48.26664,45.43072,0.000453543846980153,45.4303799979854,0.000113541832395297
48.27799,45.43036,9.35438469795713e-05,45.4304010522585,0.000134596105479899
48.28934,45.43147,0.00120354384697663,45.4303948523791,0.000128396226083381
48.30069,45.42907,-0.00119645615301778,45.4303569859229,9.05297698388258e-05
48.31202,45.43066,0.000393543846982425,45.4302869972051,2.05410520849418e-05
48.32334,45.4316,0.00133354384698237,45.4301889066571,-7.75494959678331e-05
48.33467,45.4308,0.000533543846977125,45.4300711336563,-0.000195322496725771
48.34601,45.43065,0.000383543846979251,45.4299457337324,-0.000320722420616421
48.35735,45.42928,-0.000986456153022175,45.4298269582395,-0.00043949791356175
48.36868,45.42931,-0.000956456153019758,45.4297293066977,-0.000537149455346612
48.38,45.42767,-0.00259645615302162,45.429665406428,-0.000601049724982198
48.39133,45.43062,0.000353543846976834,45.4296441351591,-0.000622320993932511
48.40266,45.42876,-0.00150645615302381,45.429669359291,-0.000597096861990115
48.41402,45.4277,-0.0025664561530192,45.4297395215997,-0.000526934553274002
48.42534,45.43009,-0.000176456153020865,45.4298481379226,-0.000418318230392367
48.43668,45.43141,0.0011435438469789,45.4299850831791,-0.000281372973966334
48.44801,45.43082,0.000553543846976368,45.4301383672048,-0.000128088948221329
48.45935,45.43217,0.00190354384697855,45.4302959672071,2.95110541109567e-05
48.4707,45.43137,0.00110354384698041,45.4304472813051,0.000180825152084812
48.48204,45.42908,-0.00118645615302171,45.4305839280585,0.00031747190546136
48.49334,45.43076,0.000493543846978639,45.4306998753651,0.000433419212038717
48.50466,45.42912,-0.00114645615302322,45.4307911204758,0.000524664322751621
48.51599,45.42938,-0.000886456153018855,45.4308552556213,0.000588799468231634
48.52731,45.43206,0.00179354384697916,45.4308912008033,0.000624744650270382
48.53862,45.43258,0.00231354384698079,45.4308992073814,0.000632751228380058
48.54998,45.43007,-0.000196456153020108,45.4308810347557,0.000614578602713262
48.5613,45.43216,0.00189354384698248,45.4308400940353,0.000573637882281846
48.57263,45.42962,-0.000646456153020836,45.4307813878677,0.000514931714658202
48.58397,45.42979,-0.000476456153023719,45.4307111959527,0.000444739799636845
48.59532,45.43264,0.00237354384697852,45.430636557277,0.00037010112393371
48.60664,45.43021,-5.64561530183028e-05,45.4305646294261,0.000298173273109156
48.61797,45.4301,-0.000166456153017691,45.4305019897623,0.000235533609321412
48.6293,45.43045,0.000183543846979717,45.4304539450885,0.000187488935515417
48.64062,45.43007,-0.000196456153020108,45.4304239540984,0.000157497945379518
48.65195,45.42897,-0.0012964561530211,45.4304132961787,0.000146840025702614
48.6633,45.4307,0.000433543846980911,45.4304210962058,0.000154640052804428
48.67464,45.43118,0.00091354384697695,45.4304447329221,0.000178276769053117
48.68599,45.43012,-0.000146456153018448,45.430480543873,0.000214087720009548
48.69733,45.43131,0.00104354384698269,45.4305246407917,0.00025818463871202
48.70868,45.43169,0.00142354384698251,45.4305736129708,0.000307156817774826
48.72004,45.43133,0.00106354384698193,45.4306249348196,0.00035847866654064
48.73137,45.42948,-0.000786456153022641,45.4306769941055,0.000410537952487436
48.74271,45.42976,-0.00050645615301903,45.4307287975116,0.0004623413586106
48.75404,45.43049,0.000223543846978203,45.4307795373934,0.000513081240395835
48.76534,45.4313,0.00103354384697951,45.4308282427528,0.000561786599776256
48.77668,45.42989,-0.000376456153020399,45.4308736643593,0.000607208206301938
48.78803,45.43048,0.000213543846982134,45.4309144160647,0.000647959911633692
48.79937,45.43241,0.00214354384697657,45.4309492799293,0.000682823776288988
48.8107,45.4328,0.00253354384697957,45.430977502861,0.000711046707937226
48.82203,45.43232,0.00205354384697642,45.4309988828551,0.000732426702065006
48.83335,45.42854,-0.00172645615302258,45.4310135145491,0.000747058396038745
48.84467,45.43102,0.000753543846975901,45.4310212535228,0.000754797369741338
48.85599,45.42869,-0.0015764561530176,45.4310211693992,0.000754713246204795
48.86732,45.43068,0.000413543846981668,45.4310113382856,0.000744882132617887
48.87868,45.43118,0.00091354384697695,45.4309892103753,0.000722754222264666
48.89002,45.43029,2.35438469786686e-05,45.4309525424763,0.000686086323288772
48.90136,45.43391,0.00364354384697663,45.4309006270243,0.000634170871302421
48.91271,45.43323,0.00296354384698105,45.4308353807699,0.000568924616922426
48.92405,45.42949,-0.000776456153019467,45.4307618476632,0.000495391510227845
48.9354,45.43102,0.000753543846975901,45.4306878481062,0.000421391953214547
48.94674,45.4288,-0.00146645615301821,45.4306228061711,0.000356350018094997
48.9581,45.43185,0.00158354384697645,45.4305760532895,0.000309597136502005
48.96943,45.42909,-0.00117645615301853,45.430555017063,0.000288560910013281
48.98077,45.43073,0.000463543846976222,45.4305636649738,0.000297208820734157
48.99211,45.42991,-0.000356456153021156,45.430601472523,0.000335016369957148
49.00345,45.43056,0.000293543846979105,45.4306630818779,0.000396625724889559
49.01476,45.42995,-0.000316456153022671,45.4307387157143,0.000472259561237911
49.02611,45.43172,0.00145354384697782,45.43081530575,0.000548849596963381
49.03745,45.43032,5.35438469810856e-05,45.4308781936415,0.000611737488479713
49.04878,45.43148,0.0012135438469798,45.4309131803135,0.000646724160469396
49.06013,45.42914,-0.00112645615302398,45.4309086530236,0.000642196870540414
49.0715,45.43393,0.00366354384697587,45.430857502416,0.000591046262973627
49.08282,45.43244,0.00217354384697899,45.4307585379507,0.000492081797673158
49.09418,45.42824,-0.00202645615301833,45.430617137925,0.000350681772002233
49.10551,45.4306,0.000333543846977591,45.4304449788336,0.000178522680625938
49.11683,45.4329,0.00263354384697578,45.4302588639554,-7.59219765814796e-06
49.12815,45.42863,-0.00163645615302244,45.4300788191252,-0.000187637027773262
49.1395,45.42989,-0.000376456153020399,45.4299257016935,-0.000340754459501443
49.15084,45.42876,-0.00150645615302381,45.4298186274285,-0.000447828724540165
49.16217,45.42869,-0.0015764561530176,45.42977257693,-0.000493879222977377
49.17348,45.42967,-0.000596456153019176,45.4297965355186,-0.000469920634405136
49.18483,45.43108,0.000813543846980735,45.4298924107175,-0.000374045435530843
49.19613,45.42923,-0.00103645615302383,45.4300548061068,-0.000211650046205966
49.20745,45.43015,-0.000116456153023137,45.4302715927248,5.13657172780258e-06
49.21878,45.42982,-0.000446456153021302,45.4305251543986,0.000258698245555066
49.23008,45.43132,0.00105354384697876,45.4307941642322,0.000527708079145312
49.24141,45.43125,0.000983543846977852,45.4310557202757,0.000789264122697541
49.25271,45.4325,0.00223354384697672,45.4312876184966,0.00102116234362241
49.26405,45.43122,0.000953543846982541,45.4314705131656,0.00120405701255372
49.27537,45.43036,9.35438469795713e-05,45.4315897477534,0.0013232916003677
49.28673,45.43173,0.001463543846981,45.4316367190368,0.00137026288381821
49.29807,45.4323,0.00203354384697718,45.4316097003214,0.00134324416840546
49.30939,45.43355,0.00328354384697604,45.4315140503511,0.00124759419805821
49.32073,45.43017,-9.64561530238939e-05,45.4313617076955,0.00109525154251345
49.33204,45.43317,0.00290354384697622,45.4311699018273,0.000903445674302387
49.34336,45.43014,-0.000126456153019205,45.4309591371891,0.000692681036085475
49.35468,45.42908,-0.00118645615302171,45.430750676125,0.000484219971928925
49.366,45.43257,0.00230354384697762,45.4305638858861,0.000297429733092842
49.37734,45.42685,-0.003416456153019,45.4304138759918,0.000147419838734248
49.38866,45.43005,-0.000216456153019351,45.4303098216708,4.33655177735997e-05
49.39999,45.42999,-0.000276456153024185,45.4302542550293,-1.22011237397436e-05
49.41135,45.43061,0.000343543846980765,45.4302434194496,-2.30367034533582e-05
49.42267,45.43101,0.000743543846979833,45.4302685561746,2.10002161396894e-06
49.434,45.42983,-0.000436456153018128,45.4303178004004,5.1344247389861e-05
49.44537,45.43195,0.00168354384697977,45.4303782770784,0.000111820925394688
49.45669,45.43183,0.00156354384697721,45.4304380073545,0.000171551201445257
49.468,45.42945,-0.000816456153017953,45.4304873310079,0.000220874854910018
49.47932,45.43098,0.000713543846977416,45.4305196975602,0.000253241407149152
49.49065,45.42991,-0.000356456153021156,45.4305318519752,0.000265395822167076
49.50198,45.42813,-0.00213645615301772,45.4305235784332,0.000257122280175651
49.51329,45.43227,0.00200354384698187,45.4304972063962,0.000230750243184733
49.52463,45.43233,0.0020635438469796,45.43045701678,0.000190560627020144
49.53596,45.42909,-0.00117645615301853,45.4304085711716,0.000142115018590102
49.54733,45.43124,0.000973543846981784,45.4303579274826,9.14713295548803e-05
49.55869,45.42924,-0.00102645615302066,45.430310759392,4.43032389467488e-05
49.57004,45.43046,0.000193543846975786,45.4302715079746,5.05182157226693e-06
49.58138,45.42722,-0.00304645615302235,45.4302427600523,-2.3696100760673e-05
49.59271,45.43105,0.000783543846978318,45.4302250194173,-4.14367357245806e-05
49.60405,45.43204,0.00177354384697992,45.4302169150221,-4.9541130879219e-05
49.61536,45.43143,0.00116354384697814,45.4302157136624,-5.07424906157187e-05
49.62671,45.43092,0.000653543846979687,45.430217875787,-4.8580366045285e-05
49.63803,45.42886,-0.00140645615302049,45.4302194220193,-4.70341336763301e-05
49.64938,45.42963,-0.000636456153017662,45.4302160596814,-5.03964716056069e-05
49.66074,45.42915,-0.00111645615302081,45.4302032177415,-6.32384114956985e-05
49.67205,45.43042,0.0001535438469773,45.4301762164722,-9.02396807745672e-05
49.68338,45.43,-0.000266456153021011,45.4301307247679,-0.000135731385108794
49.6947,45.42992,-0.000346456153017982,45.4300635054206,-0.000202950732425149
49.70604,45.43151,0.00124354384698222,45.4299733090445,-0.000293147108499986
49.71737,45.42979,-0.000476456153023719,45.4298617032423,-0.000404752910693947
49.72873,45.42893,-0.00133645615301958,45.4297336264306,-0.000532829722454053
49.74007,45.42947,-0.00079645615301871,45.4295975192343,-0.000668936918750562
49.75142,45.43047,0.00020354384697896,45.4294649633299,-0.000801492823162628
49.76276,45.43099,0.00072354384698059,45.4293497985155,-0.000916657637566661
49.77408,45.43002,-0.000246456153021768,45.4292667067095,-0.000999749443518431
49.78542,45.42938,-0.000886456153018855,45.4292293223683,-0.00103713378467557
49.79675,45.42598,-0.00428645615301804,45.4292480959906,-0.00101836016245214
49.80811,45.42735,-0.00291645615302372,45.4293283338687,-0.000938122284276964
49.81944,45.43073,0.000463543846976222,45.4294689175368,-0.000797538616174874
49.83078,45.42958,-0.000686456153019321,45.4296620728535,-0.000604383299471482
49.84209,45.42827,-0.00199645615302302,45.4298942705968,-0.000372185556174148
49.8534,45.43145,0.00118354384697739,45.4301480632146,-0.000118392938389225
49.86474,45.43145,0.00118354384697739,45.4304044972592,0.00013804110622468
49.8761,45.42973,-0.000536456153021447,45.430645671372,0.000379215219003137
49.88742,45.43341,0.00314354384698134,45.430857004567,0.000590548413953547
49.89877,45.43059,0.000323543846981522,45.4310288440902,0.00076238793722982
49.91011,45.43275,0.00248354384697791,45.4311571730946,0.000890716941543432
49.92145,45.43098,0.000713543846977416,45.431243354788,0.000976898635011816
49.93278,45.42918,-0.00108645615301839,45.4312930483973,0.0010265922442937
49.94414,45.43121,0.000943543846979367,45.4313146088178,0.00104815266473961
49.95544,45.43156,0.00129354384697677,45.4313173668828,0.00105091072976593
49.96677,45.43049,0.000223543846978203,45.4313101409892,0.00104368483614271
49.97811,45.42999,-0.000276456153024185,45.4313001927857,0.00103373663264449
49.98946,45.43373,0.00346354384697634,45.4312926882463,0.00102623209323967
50.0008,45.43156,0.00129354384697677,45.4312906033722,0.00102414721914282
50.01213,45.42955,-0.000716456153021738,45.4312949385529,0.00102848239988465
50.02346,45.43163,0.00136354384697768,45.4313051018911,0.00103864573804837
50.03477,45.43142,0.00115354384698207,45.4313193711541,0.00105291500111387
50.0461,45.43197,0.00170354384697902,45.4313353715925,0.0010689154395275
50.05743,45.43266,0.00239354384697776,45.4313504819675,0.0010840258144466
50.06877,45.43162,0.00135354384698161,45.4313620645805,0.00109560842745088
50.0801,45.42965,-0.000616456153018419,45.4313674737524,0.00110101759939717
50.09143,45.43085,0.000583543846978785,45.43136391968,0.00109746352701946
50.10276,45.43079,0.000523543846981056,45.4313483660344,0.00108190988134186
50.11411,45.43127,0.0010035438469771,45.4313176344105,0.00105117825752384
50.12543,45.43259,0.00232354384697686,45.4312687710348,0.00100231488173644
50.13675,45.43286,0.0025935438469773,45.4311995840785,0.000933127925500974
50.14809,45.42877,-0.00149645615302063,45.4311091861684,0.000842730015404551
50.1594,45.43024,-2.64561530229912e-05,45.4309984189069,0.000731962753903553
50.17071,45.43169,0.00142354384698251,45.430870135498,0.000603679344989366
50.18203,45.43165,0.00138354384697692,45.4307293604773,0.00046290432427094
50.19337,45.42977,-0.000496456153022962,45.4305832933085,0.000316837155508006
50.20472,45.4314,0.00113354384697573,45.4304410558414,0.000174599688374214
50.21606,45.4319,0.00163354384697811,45.430313085892,4.66297389741567e-05
50.22738,45.42959,-0.000676456153023253,45.430210150931,-5.63052220295839e-05
50.23873,45.42834,-0.00192645615302212,45.4301420660484,-0.00012439010464856
50.25008,45.43089,0.00062354384697727,45.4301163220261,-0.000150134126908178
50.26141,45.4283,-0.0019664561530206,45.4301369053628,-0.000129550790202971
50.27273,45.43164,0.00137354384698085,45.4302035638321,-6.28923209056848e-05
50.28405,45.42968,-0.000586456153023107,45.4303116540875,4.51979345005527e-05
50.29538,45.42851,-0.00175645615301789,45.4304525762026,0.000186120049584874
50.3067,45.43336,0.00309354384697968,45.4306147023607,0.000348246207704256
50.31804,45.42997,-0.000296456153023428,45.4307846364375,0.000518180284456762
50.32938,45.43259,0.00232354384697686,45.430948589042,0.000682132889004203
50.34072,45.42989,-0.000376456153020399,45.4310936501727,0.000827194019717019
50.35205,45.43145,0.00118354384697739,45.4312088143053,0.000942358152227536
50.36333,45.43188,0.00161354384697887,45.4312857217071,0.00101926555409628
50.37467,45.42981,-0.000456456153017371,45.4313191592986,0.00105270314558554
50.38599,45.4316,0.00133354384698237,45.4313073898457,0.00104093369266468
50.39731,45.43011,-0.000156456153021622,45.4312523606149,0.000985904461868384
50.40863,45.43266,0.00239354384697776,45.4311597875658,0.000893331412775621
50.41996,45.43087,0.000603543846978027,45.4310390263777,0.000772570224656099
50.4313,45.43343,0.00316354384698059,45.4309025676852,0.000636111532146184
50.44264,45.43206,0.00179354384697916,45.4307649938469,0.000498537693858622
50.45398,45.42863,-0.00163645615302244,45.4306413522747,0.000374896121713012
50.46531,45.42867,-0.00159645615302395,45.4305451204613,0.00027866430831315
50.47666,45.43095,0.000683543846982104,45.4304861595124,0.00021970335940574
50.488,45.42965,-0.000616456153018419,45.4304691363486,0.000202680195598779
50.49934,45.42963,-0.000636456153017662,45.4304927886689,0.000226332515923563
50.51066,45.42959,-0.000676456153023253,45.4305501959185,0.000283739765515301
50.52199,45.43196,0.00169354384697584,45.4306300087151,0.000363552562086474
50.53334,45.43076,0.000493543846978639,45.4307184103628,0.000451954209800276
50.54467,45.43058,0.000313543846978348,45.4308014452244,0.000534989071419928
50.55599,45.43219,0.00192354384697779,45.4308672813988,0.000600825245740828
50.56734,45.43212,0.00185354384697689,45.4309079937836,0.000641537630597026
50.57867,45.4324,0.0021335438469805,45.4309205397331,0.000654083580107966
50.59001,45.43066,0.000393543846982425,45.4309067475907,0.000640291437662056
50.60134,45.4292,-0.00106645615301915,45.4308723539172,0.00060589776419315
50.61265,45.43065,0.000383543846979251,45.430825362774,0.00055890662093969
50.62398,45.42984,-0.000426456153022059,45.4307741579591,0.000507701806116533
50.63531,45.43054,0.000273543846979862,45.430725803101,0.000459346947959968
50.64664,45.43184,0.00157354384698039,45.4306848387634,0.000418382610344335
50.65795,45.42855,-0.00171645615301941,45.4306527211606,0.000386265007592075
50.66927,45.43211,0.00184354384698082,45.4306279200333,0.000361463880284209
50.68059,45.42851,-0.00175645615301789,45.4306066184097,0.000340162256649712
50.69189,45.43038,0.000113543846978814,45.4305838999856,0.000317443832590736
50.70322,45.43208,0.0018135438469784,45.4305552318667,0.000288775713646592
50.71454,45.43206,0.00179354384697916,45.4305179479937,0.000251491840696995
50.72587,45.43145,0.00118354384697739,45.4304723629619,0.000205906808890139
50.7372,45.43166,0.00139354384698009,45.4304221807592,0.00015572460617249
50.74854,45.42784,-0.0024264561530174,45.4303740464643,0.000107590311322138
50.75988,45.43051,0.000243543846977445,45.4303363537456,6.98975925509074e-05
50.77123,45.42896,-0.00130645615302427,45.4303176315711,5.11754180562033e-05
50.78259,45.43247,0.0022035438469814,45.4303248892193,5.84330663030956e-05
50.79392,45.43027,3.54384697942578e-06,45.4303622131439,9.57569909082351e-05
50.80526,45.42842,-0.00184645615301804,45.4304297947956,0.000163338642571589
50.8166,45.42905,-0.00121645615302413,45.4305235187617,0.000257062608717475
50.82795,45.4319,0.00163354384697811,45.4306352274303,0.000368771277237651
50.83929,45.42853,-0.00173645615301865,45.4307537001398,0.000487243986740955
50.8506,45.43427,0.00400354384697721,45.4308662116738,0.000599755520770953
50.86193,45.43084,0.000573543846982716,45.4309603521677,0.000693896014628456
50.87327,45.43198,0.00171354384698219,45.4310257049325,0.000759248779511958
50.88459,45.43183,0.00156354384697721,45.4310550372103,0.000788581057322319
50.89593,45.42928,-0.000986456153022175,45.4310448339565,0.000778377803498101
50.90727,45.43164,0.00137354384698085,45.4309952132176,0.000728757064630979
50.91861,45.43,-0.000266456153021011,45.4309094118837,0.000642955730673158
50.92995,45.43172,0.00145354384697782,45.4307930768393,0.000526620686289927
50.9413,45.42826,-0.00200645615301909,45.4306535578411,0.000387101688058716
50.95261,45.4309,0.000633543846980444,45.4304993237058,0.000232867552768458
50.96393,45.43225,0.00198354384698263,45.4303395359368,7.30797837447317e-05
50.97525,45.43013,-0.00013645615302238,45.4301837164689,-8.27396841219413e-05
50.98658,45.4302,-6.64561530214769e-05,45.4300413782133,-0.000225077939708583
50.99789,45.42919,-0.00107645615302232,45.4299215082883,-0.000344947864674137
51.00924,45.4299,-0.000366456153017225,45.4298318938819,-0.000434562271135411
51.02054,45.43098,0.000713543846977416,45.4297783753395,-0.000488080813512855
51.03186,45.42902,-0.00124645615301944,45.4297641463723,-0.000502309780746253
51.0432,45.42894,-0.00132645615302351,45.4297892240336,-0.000477232119432756
51.05453,45.42976,-0.00050645615301903,45.4298502213016,-0.000416234851381922
51.06587,45.42821,-0.00205645615302075,45.4299405559345,-0.000325900218534277
51.07719,45.43006,-0.000206456153023282,45.4300511717279,-0.000215284425163799
51.08853,45.43189,0.00162354384698205,45.4301717174844,-9.4738668583639e-05
51.09985,45.43073,0.000463543846976222,45.4302919673572,2.55112042298857e-05
51.11118,45.43146,0.00119354384698056,45.4304031549414,0.00013669878833862
51.12247,45.43096,0.000693543846978173,45.4304989055944,0.000232449441372998
51.13381,45.42992,-0.000346456153017982,45.430575591629,0.000309135475945714
51.14517,45.42909,-0.00117645615301853,45.4306321306367,0.000365674483719605
51.1565,45.43275,0.00248354384697791,45.430669403001,0.000402946848022132
51.16785,45.4283,-0.0019664561530206,45.4306895214668,0.000423065313743966
51.1792,45.43192,0.00165354384697736,45.4306951513909,0.00042869523790482
51.19055,45.42925,-0.00101645615301749,45.4306890091847,0.000422553031680583
51.20185,45.43224,0.00197354384697945,45.4306735965512,0.000407140398225913
51.21318,45.42924,-0.00102645615302066,45.4306511631426,0.000384706989565368
51.22452,45.43141,0.0011435438469789,45.4306238354243,0.00035737927125829
51.23584,45.43036,9.35438469795713e-05,45.4305938170098,0.00032736085681282
51.24717,45.43193,0.00166354384698053,45.4305635534612,0.000297097308223788
51.25852,45.43088,0.000613543846981202,45.4305357598213,0.000269303668256655
51.26985,45.42887,-0.00139645615301731,45.430513248436,0.00024679228300852
51.28119,45.43175,0.00148354384698024,45.4304985751749,0.000232119021867846
51.29251,45.42913,-0.00113645615302005,45.4304936062746,0.000227150121602539
51.30384,45.43069,0.000423543846977736,45.4304991422788,0.000232686125828939
51.31516,45.43129,0.00102354384697634,45.430514708835,0.000248252681970607
51.32649,45.42819,-0.00207645615301999,45.4305385679483,0.000272111795300184
51.33784,45.4324,0.0021335438469805,45.4305679465015,0.000301490348477145
51.34918,45.43077,0.000503543846981813,45.4305994259397,0.000332969786636123
51.36049,45.43197,0.00170354384697902,45.430629390588,0.0003629344349663
51.37182,45.42866,-0.00160645615302002,45.430654421992,0.000387965838949528
51.38314,45.43048,0.000213543846982134,45.4306715809566,0.000405124803541891
51.39445,45.43117,0.000903543846980881,45.43067859935,0.00041214319692908
51.40577,45.4314,0.00113354384697573,45.4306740303496,0.000407574196631833
51.41711,45.43007,-0.000196456153020108,45.4306573628507,0.000390906697713812
51.42844,45.43172,0.00145354384697782,45.4306290617825,0.00036260562943536
51.43977,45.42947,-0.00079645615301871,45.430590507626,0.000324051472955163
51.45112,45.4303,3.35438469818428e-05,45.4305438597154,0.000277403562404694
51.46243,45.43049,0.000223543846978203,45.4304919090394,0.000225452886386376
51.47375,45.43042,0.0001535438469773,45.430437983992,0.000171527838933418
51.48507,45.43011,-0.000156456153021622,45.4303859269131,0.000119470760076619
51.4964,45.43026,-6.45615302374836e-06,45.4303400977342,7.36415812118157e-05
51.50772,45.43115,0.000883543846981638,45.4303053111239,3.88549709001728e-05
51.51905,45.43191,0.00164354384698129,45.4302865857161,2.01295631226059e-05
51.53036,45.43053,0.000263543846976688,45.4302885938084,2.2137655418196e-05
51.54166,45.42916,-0.00110645615301763,45.4303147785048,4.83223517503553e-05
51.55297,45.43082,0.000553543846976368,45.4303662539387,9.97977857030953e-05
51.56431,45.42981,-0.000456456153017371,45.4304407583532,0.000174302200194576
51.57563,45.42815,-0.00211645615301848,45.4305320077869,0.00026555163386607
51.58694,45.42924,-0.00102645615302066,45.4306297675648,0.000363311411795786
51.59826,45.43228,0.00201354384697794,45.4307208230237,0.00045436687068765
51.60959,45.42989,-0.000376456153020399,45.4307908026832,0.000524346530204159
51.62094,45.43163,0.00136354384697768,45.4308265452443,0.000560089091308716
51.63226,45.43382,0.00355354384697648,45.430818510742,0.000552054589006844
51.64359,45.43038,0.000113543846978814,45.4307626876421,0.000496231489050283
51.65492,45.43239,0.00212354384697733,45.4306615499799,0.00039509382683652
51.66625,45.42941,-0.000856456153023544,45.4305238444253,0.000257388272234964
51.67757,45.43046,0.000193543846975786,45.4303632711056,9.68149525670262e-05
51.68889,45.42978,-0.000486456153019788,45.430196367609,-7.00885440095706e-05
51.70024,45.42901,-0.00125645615302261,45.4300400426841,-0.000226413468952981
51.71157,45.42864,-0.00162645615301926,45.4299092249705,-0.00035723118253755
51.72292,45.43029,2.35438469786686e-05,45.4298150163679,-0.000451439785101155
51.73427,45.43006,-0.000206456153023282,45.4297635965348,-0.000502859618219834
51.74561,45.42868,-0.00158645615302078,45.4297559536445,-0.000510502508571533
51.75693,45.42908,-0.00118645615302171,45.4297883708381,-0.000478085314905236
51.76823,45.43214,0.00187354384697613,45.4298535026813,-0.000412953471753381
51.77955,45.4294,-0.000866456153019612,45.4299418110709,-0.000324645082140529
51.7909,45.43042,0.0001535438469773,45.4300430903639,-0.000223365789099286
51.80224,45.43072,0.000453543846980153,45.4301478306212,-0.000118625531827313
51.81358,45.42973,-0.000536456153021447,45.4302482526545,-1.82034985301279e-05
51.82493,45.42895,-0.00131645615302034,45.430338951098,7.24949449420611e-05
51.83628,45.43246,0.00219354384697823,45.4304171494298,0.000150693276778252
51.8476,45.431,0.000733543846976659,45.4304825845895,0.000216128436504413
51.85894,45.43127,0.0010035438469771,45.4305370262997,0.000270570146728484
51.87027,45.42841,-0.00185645615302121,45.4305834634037,0.000317007250698641
51.88159,45.43087,0.000603543846978027,45.4306250859843,0.00035862983128881
51.89294,45.42965,-0.000616456153018419,45.4306642898778,0.000397833724764984
51.90427,45.43175,0.00148354384698024,45.4307019345033,0.00043547835024122
51.9156,45.43077,0.000503543846981813,45.430736988579,0.00047053242600873
51.92695,45.42956,-0.000706456153018564,45.4307665818496,0.000500125696621668
51.93831,45.43158,0.00131354384697602,45.430786414096,0.000519957943021906
51.94963,45.43038,0.000113543846978814,45.4307914516264,0.000524995473337434
51.96096,45.43112,0.000853543846979221,45.4307768240117,0.000510367858643629
51.97231,45.43001,-0.000256456153017837,45.4307388051208,0.000472348967741845
51.98363,45.43092,0.000653543846979687,45.4306757375865,0.000409281433518832
51.99495,45.43336,0.00309354384697968,45.4305887452657,0.000322289112640438
52.00629,45.42887,-0.00139645615301731,45.4304820784353,0.000215622282256566
52.01765,45.4295,-0.000766456153023398,45.4303629795783,9.65234253070416e-05
52.02899,45.43171,0.00144354384698175,45.4302410540591,-2.54020939433364e-05
52.04031,45.43179,0.00152354384697873,45.4301272270489,-0.000139229104165335
52.05163,45.42779,-0.00247645615301906,45.4300324201812,-0.00023403597182291
52.06295,45.42989,-0.000376456153020399,45.4299661240867,-0.000300332066307435
52.07428,45.42815,-0.00211645615301848,45.4299351083904,-0.000331347762643928
52.08558,45.42966,-0.00060645615302235,45.4299425349679,-0.000323921185153877
52.09693,45.43157,0.00130354384697995,45.4299876458347,-0.000278810318277323
52.10825,45.4315,0.00123354384697905,45.4300660137688,-0.000200442384272657
52.11956,45.42745,-0.0028164561530204,45.4301701903439,-9.62658091210347e-05
52.13088,45.43288,0.00261354384697654,45.4302905547572,2.40986041374471e-05
52.1422,45.42934,-0.000926456153017341,45.4304162390296,0.000149782876598912
52.15352,45.42866,-0.00160645615302002,45.4305360888994,0.000269632746375221
52.16487,45.43153,0.00126354384698146,45.4306396535922,0.000373197439199616
52.17619,45.43122,0.000953543846982541,45.4307181716655,0.000451715512524204
52.18749,45.43137,0.00110354384698041,45.4307654445615,0.000498988408474848
52.19883,45.43263,0.00236354384698245,45.4307784140871,0.000511957934103085
52.21016,45.43018,-8.64561530207197e-05,45.4307572648504,0.00049080869743026
52.22149,45.42969,-0.000576456153019933,45.4307049893926,0.000438533239625563
52.2328,45.42996,-0.000306456153019496,45.4306265269075,0.000360070754477569
52.24409,45.43178,0.00151354384698266,45.430527715682,0.000261259528959661
52.25542,45.42865,-0.00161645615302319,45.4304143189687,0.00014786281572521
52.26677,45.43048,0.000213543846982134,45.4302913156409,2.48594879182009e-05
52.2781,45.42953,-0.000736456153020981,45.4301625564197,-0.000103899733334329
52.28943,45.43117,0.000903543846980881,45.430030800668,-0.000235655484973744
52.30076,45.42972,-0.000546456153017516,45.4298980622338,-0.000368393919217332
52.31208,45.43033,6.35438469771543e-05,45.4297661256876,-0.000500330465449396
52.32342,45.42885,-0.00141645615302366,45.4296370819979,-0.000629374155125256
52.33474,45.42936,-0.000906456153018098,45.4295137722545,-0.000752683898540459
52.34608,45.43034,7.35438469803285e-05,45.4294000747482,-0.000866381404796933
52.35739,45.42913,-0.00113645615302005,45.4293009876934,-0.000965468459579954
52.36871,45.43017,-9.64561530238939e-05,45.4292224568781,-0.00104399927491743
52.38003,45.42835,-0.00191645615301894,45.4291709142618,-0.00109554189122628
52.39133,45.42866,-0.00160645615302002,45.4291525476481,-0.00111390850490701
52.40265,45.42985,-0.000416456153018885,45.4291723845068,-0.00109407164619073
52.41396,45.43024,-2.64561530229912e-05,45.4292333033965,-0.0010331527565
52.42527,45.42989,-0.000376456153020399,45.429335084439,-0.000931371714035881
52.43661,45.4265,-0.00376645615302351,45.4294736248205,-0.000792831332508997
52.44794,45.42977,-0.000496456153022962,45.4296405028575,-0.000625953295514613
52.45929,45.42894,-0.00132645615302351,45.4298231146786,-0.000443341474389304
52.47061,45.43047,0.00020354384697896,45.4300055417514,-0.000260914401659412
52.48195,45.42895,-0.00131645615302034,45.4301701333027,-9.63228503238961e-05
52.4933,45.43125,0.000983543846977852,45.4302995921286,3.3135975564208e-05
52.50464,45.43312,0.00285354384698167,45.4303792096151,0.000112753462119409
52.51599,45.42957,-0.000696456153022496,45.4303988331457,0.000132376992645536
52.52732,45.43132,0.00105354384697876,45.4303541909682,8.77348151826624e-05
52.53865,45.43063,0.000363543846980008,45.4302473559295,-1.91002235517247e-05
52.54998,45.42974,-0.000526456153018273,45.4300863454632,-0.000180110689774496
52.56133,45.42785,-0.00241645615302133,45.4298840445582,-0.000382411594780757
52.57266,45.42986,-0.000406456153022816,45.4296567479926,-0.000609708160451959
52.584,45.42912,-0.00114645615302322,45.4294226241653,-0.000843831987757438
52.59531,45.43016,-0.000106456153019963,45.4292003049512,-0.00106615120180433
52.60665,45.42834,-0.00192645615302212,45.4290076588892,-0.00125879726385125
52.61798,45.43046,0.000193543846975786,45.4288606963395,-0.00140575981355857
52.62932,45.42882,-0.00144645615301897,45.4287725319585,-0.00149392419452704
52.64064,45.42809,-0.00217645615302331,45.4287523806989,-0.00151407545415042
52.65195,45.42855,-0.00171645615301941,45.4288046550063,-0.00146180114673258
52.66327,45.42828,-0.00198645615301984,45.4289283192564,-0.00133813689666012
52.67461,45.42765,-0.00261645615302086,45.4291166911035,-0.00114976504947986
52.68595,45.43027,3.54384697942578e-06,45.4293578284082,-0.00090862774482492
52.6973,45.43,-0.000266456153021011,45.4296355185764,-0.000630937576647862
52.70865,45.43069,0.000423543846977736,45.4299307456394,-0.000335710513582916
52.71999,45.42939,-0.000876456153022787,45.4302234174409,-4.30387121100021e-05
52.73135,45.42999,-0.000276456153024185,45.4304941302167,0.000227674063715274
52.74267,45.4328,0.00253354384697957,45.4307257997007,0.000459343547693511
52.754,45.42833,-0.00193645615301818,45.4309050316655,0.00063857551248104
52.76532,45.43413,0.00386354384698251,45.4310231185825,0.000756662429432391
52.77664,45.43022,-4.6456153022234e-05,45.4310765613347,0.000810105181662734
52.78795,45.43093,0.000663543846975756,45.4310670542227,0.000800598069713002
52.79927,45.43159,0.00132354384697919,45.4310009431423,0.000734486989231101
52.81059,45.43009,-0.000176456153020865,45.4308882529478,0.000621796794780922
52.82191,45.43093,0.000663543846975756,45.430741446465,0.000474990311974541
52.83323,45.43018,-8.64561530207197e-05,45.4305741024407,0.000307646287661032
52.84452,45.4303,3.35438469818428e-05,45.4303996878638,0.000133231710814259
52.85585,45.42881,-0.00145645615302215,45.4302305637429,-3.58924101630112e-05
52.8672,45.43143,0.00116354384697814,45.4300773066206,-0.000189149532432621
52.87851,45.43017,-9.64561530238939e-05,45.4299483523638,-0.000318103789213031
52.88987,45.42997,-0.000296456153023428,45.4298498927683,-0.00041656338468969
52.90122,45.43005,-0.000216456153019351,45.4297859202728,-0.000480535880250172
52.91254,45.4287,-0.00156645615302153,45.4297583447976,-0.000508111355444099
52.92388,45.42914,-0.00112645615302398,45.4297671673543,-0.000499288798697899
52.93523,45.43124,0.000973543846981784,45.4298107266284,-0.000455729524620626
52.94655,45.42981,-0.000456456153017371,45.4298860077242,-0.000380448428825702
52.95787,45.43037,0.000103543846982745,45.4299889495122,-0.000277506640832729
52.96923,45.43022,-4.6456153022234e-05,45.4301146721932,-0.000151783959773807
52.98055,45.42943,-0.000836456153017195,45.4302575948636,-8.86128939340958e-06
52.99189,45.42894,-0.00132645615302351,45.4304114842605,0.000145028107516629
53.00322,45.43308,0.00281354384697607,45.4305695085525,0.000303052399462189
53.0145,45.43124,0.000973543846981784,45.4307243376487,0.000457881495676335
53.02584,45.43091,0.000643543846976513,45.4308682783693,0.000601822216326167
53.03717,45.42683,-0.00343645615301824,45.4309934413317,0.000726985178641417
53.04854,45.43278,0.00251354384698033,45.4310920129068,0.000825556753737823
53.05988,45.43203,0.00176354384697675,45.4311567374959,0.00089028134284309
53.07122,45.43279,0.00252354384697639,45.4311816191555,0.000915163002451387
53.08252,45.42953,-0.000736456153020981,45.4311627136978,0.000896257544735817
53.09385,45.43032,5.35438469810856e-05,45.4310988527027,0.000832396549697109
53.10517,45.42976,-0.00050645615301903,45.4309922250612,0.000725768908179346
53.11651,45.43117,0.000903543846980881,45.4308487994313,0.000582343278312396
53.12784,45.43467,0.00440354384697628,45.4306785030634,0.000412046910405838
53.13916,45.43142,0.00115354384698207,45.4304949416065,0.000228485453461306
53.15051,45.42949,-0.000776456153019467,45.4303144165411,4.79603880316985e-05
53.16184,45.42904,-0.00122645615302019,45.4301541743399,-0.000112281813165136
53.17317,45.43047,0.00020354384697896,45.4300301231165,-0.000236333036487035
53.18449,45.42743,-0.00283645615301964,45.4299544829435,-0.000311973209522298
53.19583,45.43131,0.00104354384698269,45.4299338779872,-0.000332578165789508
53.20715,45.4277,-0.0025664561530192,45.4299682653894,-0.000298190763618683
53.21847,45.42926,-0.00100645615302142,45.4300509149283,-0.000215541224747566
53.2298,45.43049,0.000223543846978203,45.4301694547029,-9.70014501250875e-05
53.24115,45.4329,0.00263354384697578,45.430307793732,4.13375789541957e-05
53.25249,45.43031,4.35438469779115e-05,45.4304485518571,0.000182095704078613
53.26384,45.42882,-0.00144645615301897,45.4305755441172,0.000309087964217337
53.27515,45.4314,0.00113354384697573,45.430675922742,0.00040946658894534
53.28648,45.43352,0.00325354384698073,45.430741702807,0.00047524665395265
53.29781,45.43185,0.00158354384697645,45.430770486485,0.000504030331928585
53.30913,45.4286,-0.00166645615301775,45.4307652759127,0.000498819759701493
53.32047,45.43063,0.000363543846980008,45.430733415857,0.000466959703989894
53.33178,45.43137,0.00110354384698041,45.4306849123307,0.000418456177697633
53.34309,45.42969,-0.000576456153019933,45.4306305022184,0.000364046065361536
53.35443,45.42995,-0.000316456153022671,45.4305798445313,0.000313388378296562
53.36576,45.42979,-0.000476456153023719,45.4305401282159,0.00027367206283783
53.3771,45.42951,-0.000756456153020224,45.4305152989932,0.000248842840170838
53.38844,45.43188,0.00161354384697887,45.4305059876561,0.000239531503106594
53.39978,45.4309,0.000633543846980444,45.4305100695505,0.00024361339747462
53.41113,45.42878,-0.00148645615301746,45.4305236477833,0.000257191630265737
53.42243,45.43269,0.00242354384698018,45.4305421860811,0.000275729928085892
53.43378,45.43287,0.00260354384698047,45.430561523147,0.000295066993933287
53.44511,45.42757,-0.00269645615301783,45.4305785523227,0.000312096169655807
53.45643,45.43179,0.00152354384697873,45.4305914506416,0.000324994488530673
53.46774,45.43157,0.00130354384697995,45.430599482942,0.000333026788969238
53.47907,45.42807,-0.00219645615302255,45.4306025249063,0.000336068753260575
53.49038,45.43296,0.00269354384698062,45.4306004945287,0.00033403837565009
53.50167,45.42844,-0.0018264561530188,45.4305928767579,0.000326420604924519
53.513,45.43002,-0.000246456153021768,45.4305785018351,0.000312045682063988
53.52434,45.43015,-0.000116456153023137,45.4305556894641,0.000289233311121714
53.53564,45.42986,-0.000406456153022816,45.4305227799884,0.000256323835365951
53.54697,45.43258,0.00231354384698079,45.4304789352782,0.000212479125202197
53.55831,45.43225,0.00198354384698263,45.430424943524,0.00015848737099886
53.56963,45.43078,0.000513543846977882,45.4303636888355,9.72326824902757e-05
53.58095,45.42964,-0.000626456153021593,45.4303000252505,3.35690974686988e-05
53.59228,45.4296,-0.000666456153020079,45.4302400138373,-2.64423156825344e-05
53.60361,45.42999,-0.000276456153024185,45.4301897254749,-7.67306781331174e-05
53.61494,45.42968,-0.000586456153023107,45.4301539516294,-0.000112504523663649
53.62626,45.42908,-0.00118645615302171,45.4301351633431,-0.000131292809891664
53.63759,45.42951,-0.000756456153020224,45.4301329633942,-0.000133492758841908
53.6489,45.43093,0.000663543846975756,45.4301441413229,-0.000122314830113843
53.66025,45.43029,2.35438469786686e-05,45.4301632906014,-0.000103165551653144
53.67157,45.42938,-0.000886456153018855,45.4301838108436,-8.26453094611486e-05
53.68291,45.43291,0.00264354384697896,45.4301990364581,-6.74196949352775e-05
53.69425,45.42978,-0.000486456153019788,45.4302032248617,-6.32312912914573e-05
53.70557,45.43092,0.000653543846979687,45.4301921973762,-7.42587767871087e-05
53.71689,45.42863,-0.00163645615302244,45.4301635476218,-0.000102908531210883
53.72821,45.43076,0.000493543846978639,45.4301164845656,-0.000149971587382398
53.73955,45.42943,-0.000836456153017195,45.4300514911613,-0.000214964991752434
53.75089,45.4277,-0.0025664561530192,45.429970003346,-0.000296452807006518
53.76222,45.43107,0.000803543846977561,45.4298742529193,-0.000392203233671472
53.77353,45.4319,0.00163354384697811,45.4297672996987,-0.000499156454368161
53.78486,45.42901,-0.00125645615302261,45.4296531444038,-0.000613311749246547
53.7962,45.42901,-0.00125645615302261,45.4295367411539,-0.000729714999144442
53.80751,45.4305,0.000233543846981377,45.4294237734782,-0.000842682674773691
53.81884,45.42925,-0.00101645615301749,45.4293201740539,-0.000946282099122566
53.83018,45.42951,-0.000756456153020224,45.429231466423,-0.00103498972999704
53.84151,45.42779,-0.00247645615301906,45.4291620653346,-0.00110439081839702
53.85283,45.42746,-0.00280645615301722,45.4291147132581,-0.00115174289489483
53.86415,45.42997,-0.000296456153023428,45.429090233266,-0.00117622288705279
53.87551,45.429,-0.00126645615301868,45.4290876958848,-0.00117876026818441
53.88681,45.43036,9.35438469795713e-05,45.4291049421168,-0.00116151403625928
53.89814,45.42933,-0.000936456153020515,45.4291392653187,-0.00112719083436127
53.90949,45.43091,0.000643543846976513,45.4291880175216,-0.00107843863145798
53.92085,45.42591,-0.00435645615301894,45.4292489848467,-0.00101747130636245
53.93219,45.43035,8.35438469763972e-05,45.4293205149516,-0.000945941201422129
53.94352,45.4295,-0.000766456153023398,45.4294014866553,-0.000864969497742063
53.95485,45.4297,-0.000566456153023864,45.4294912221674,-0.000775233985652907
53.96621,45.42957,-0.000696456153022496,45.4295893766586,-0.000677079494392434
53.97752,45.4297,-0.000566456153023864,45.4296957821443,-0.000570674008700284
53.98887,45.42966,-0.00060645615302235,45.4298102183295,-0.000456237823561708
54.00023,45.43152,0.00125354384697829,45.4299321086924,-0.000334347460593799
54.01155,45.42866,-0.00160645615302002,45.4300601678344,-0.000206288318626412
54.0229,45.4299,-0.000366456153017225,45.4301920605635,-7.43955895059347e-05
54.03422,45.43016,-0.000106456153019963,45.4303241750048,5.77188517564045e-05
54.04554,45.42974,-0.000526456153018273,45.430451627697,0.000185171544020515
54.05685,45.43011,-0.000156456153021622,45.4305685743821,0.000302118229075423
54.06817,45.43168,0.00141354384697934,45.4306688044489,0.000402348295853162
54.07949,45.43174,0.00147354384697707,45.4307464894841,0.000480033331066806
54.09082,45.43232,0.00205354384697642,45.4307968854848,0.000530429331768418
54.10215,45.42889,-0.00137645615301807,45.4308168040889,0.000550347935875748
54.11349,45.43078,0.000513543846977882,45.4308047847976,0.000538328644578859
54.12484,45.43079,0.000523543846981056,45.4307610521041,0.000494595951054051
54.13615,45.42928,-0.000986456153022175,45.430687425185,0.000420969032013725
54.14749,45.43121,0.000943543846979367,45.4305873200353,0.000320863882247979
54.15882,45.42979,-0.000476456153023719,45.4304658836427,0.000199427489642421
54.17014,45.43301,0.00274354384698228,45.4303301855672,6.37294141718515e-05
54.18148,45.42836,-0.00190645615302287,45.4301893090796,-7.7147073412389e-05
54.19279,45.43157,0.00130354384697995,45.4300541703435,-0.000212285809477298
54.20411,45.42926,-0.00100645615302142,45.4299369584031,-0.000329497749960711
54.21544,45.43105,0.000783543846978318,45.4298501892586,-0.000416266894411674
54.22676,45.42834,-0.00192645615302212,45.429805455785,-0.000461000368047821
54.23808,45.42991,-0.000356456153021156,45.4298120187788,-0.000454437374265992
54.2494,45.43094,0.00067354384697893,45.4298754228288,-0.000391033324188953
54.26075,45.43047,0.00020354384697896,45.4299963275346,-0.000270128618376524
54.27207,45.4278,-0.00246645615302299,45.4301697365588,-9.67195942218706e-05
54.28343,45.42938,-0.000886456153018855,45.4303848151147,0.00011835896168248
54.29477,45.42968,-0.000586456153023107,45.4306254854874,0.00035902933437313
54.3061,45.43173,0.001463543846981,45.4308718997197,0.000605443566633845
54.31741,45.43126,0.000993543846981026,45.4311026848204,0.000836228667415498
54.32874,45.43095,0.000683543846982104,45.4312976266274,0.00103117047442653
54.34006,45.43427,0.00400354384697721,45.4314403144107,0.00117385825766601
54.35138,45.43278,0.00251354384698033,45.4315202501937,0.00125379404068273
54.36268,45.4299,-0.000366456153017225,45.4315340258259,0.00126756967292582
54.37402,45.43215,0.00188354384697931,45.4314853694764,0.00121891332342339
54.38534,45.43217,0.00190354384697855,45.4313841041226,0.00111764796958934
54.39667,45.43124,0.000973543846981784,45.4312442495502,0.000977793397195437
54.40796,45.4308,0.000533543846977125,45.4310815998492,0.000815143696218827
54.41927,45.42928,-0.000986456153022175,45.43091116602,0.000644709867024465
54.4306,45.43095,0.000683543846982104,45.4307449154071,0.000478459254124053
54.44191,45.42784,-0.0024264561530174,45.4305902264816,0.000323770328564567
54.45324,45.43081,0.000543543846980299,45.430449366257,0.00018291010399608
54.46457,45.42963,-0.000636456153017662,45.4303200933074,5.36371544172215e-05
54.47588,45.43104,0.00077354384698225,45.4301972343321,-6.92218209237606e-05
54.48723,45.43253,0.00226354384697913,45.4300748423402,-0.00019161381280167
54.49857,45.42998,-0.000286456153020254,45.429948400169,-0.000318055983982959
54.50991,45.42933,-0.000936456153020515,45.4298165446621,-0.000449911490880423
54.52122,45.43244,0.00217354384697899,45.4296819467083,-0.000584509444752514
54.53254,45.42876,-0.00150645615302381,45.4295512116901,-0.000715244462961197
54.54388,45.4289,-0.001366456153022,45.4294338854373,-0.000832570715728651
54.55521,45.42848,-0.00178645615302031,45.4293408367165,-0.000925619436473162
54.56652,45.42745,-0.0028164561530204,45.4292824179266,-0.000984038226396361
54.57784,45.4291,-0.00116645615302247,45.429266826845,-0.000999629307998297
54.58918,45.4304,0.000133543846978057,45.429298973849,-0.000967482304039318
54.60052,45.43034,7.35438469803285e-05,45.429379952739,-0.000886503414054355
54.61185,45.4283,-0.0019664561530206,45.4295070302441,-0.000759425908899022
54.62319,45.42913,-0.00113645615302005,45.4296739979265,-0.000592458226502984
54.63451,45.43156,0.00129354384697677,45.4298717590257,-0.000394697127352522
54.64583,45.42994,-0.000326456153018739,45.4300890657431,-0.000177390409906989
54.65719,45.42934,-0.000926456153017341,45.4303133351495,4.68789964502764e-05
54.66853,45.43073,0.000463543846976222,45.4305314857355,0.00026502958251112
54.67985,45.43217,0.00190354384697855,45.4307307696404,0.000464313487369331
54.6912,45.42857,-0.00169645615302016,45.4308995979611,0.000633141808065249
54.70255,45.43089,0.00062354384697727,45.4310283542149,0.000761898061833412
54.71389,45.43135,0.00108354384698117,45.4311101720431,0.000843715890123034
54.72521,45.43341,0.00314354384698134,45.4311416038901,0.000875147737125821
54.73653,45.43087,0.000603543846978027,45.4311230328804,0.000856576727342239
54.74786,45.43147,0.00120354384697663,45.4310586539326,0.000792197779562468
54.75919,45.42973,-0.000536456153021447,45.4309559351136,0.000689478960611873
54.77052,45.4321,0.00183354384697765,45.4308246236139,0.000558167460918966
54.78187,45.42934,-0.000926456153017341,45.4306754814612,0.00040902530818535
54.79317,45.43054,0.000273543846979862,45.4305189758846,0.000252519731573508
54.80451,45.43027,3.54384697942578e-06,45.4303641301999,9.76740468454643e-05
54.81583,45.43074,0.000473543846979396,45.4302176950126,-4.87611404620552e-05
54.82716,45.42853,-0.00173645615301865,45.4300837423494,-0.000182713803664634
54.83852,45.42907,-0.00119645615301778,45.4299637294706,-0.000302726682431478
54.84985,45.43056,0.000293543846979105,45.4298570193589,-0.000409436794103588
54.8612,45.43163,0.00136354384697768,45.4297617549405,-0.000504701212544243
54.87257,45.42818,-0.00208645615302316,45.4296758742558,-0.000590581897195984
54.8839,45.43214,0.00187354384697613,45.4295979952515,-0.000668460901522036
54.89523,45.42841,-0.00185645615302121,45.4295279445544,-0.000738511598638462
54.90656,45.42957,-0.000696456153022496,45.4294668270846,-0.000799629068384795
54.91791,45.4301,-0.000166456153017691,45.4294166686453,-0.000849787507724438
54.92922,45.42776,-0.00250645615302147,45.4293797681091,-0.000886688043894868
54.94055,45.4296,-0.000666456153020079,45.4293579506769,-0.000908505476096187
54.95188,45.42944,-0.000826456153021127,45.4293519143742,-0.000914541778791362
54.96321,45.42861,-0.00165645615302168,45.4293608150209,-0.000905641132134901
54.97453,45.42971,-0.00055645615302069,45.4293821600747,-0.000884296078303714
54.98587,45.42976,-0.00050645615301903,45.4294120071861,-0.00085444896696443
54.99722,45.42989,-0.000376456153020399,45.4294454088353,-0.000821047317760071
55.00858,45.42786,-0.00240645615301815,45.4294770191339,-0.00078943701913562
55.01993,45.43147,0.00120354384697663,45.4295017839707,-0.000764672182276339
55.03127,45.42744,-0.00282645615302357,45.4295156531445,-0.000750803008546718
55.04259,45.42976,-0.00050645615301903,45.4295162553878,-0.000750200765260844
55.05394,45.43044,0.000173543846976543,45.429503453419,-0.000763002733987363
55.06527,45.43126,0.000993543846981026,45.4294796552199,-0.000786800933101938
55.0766,45.42986,-0.000406456153022816,45.429449733714,-0.000816722439024845
55.08795,45.42821,-0.00205645615302075,45.4294204594175,-0.000845996735513116
55.0993,45.42915,-0.00111645615302081,45.4293995001864,-0.000866955966644608
55.11065,45.42867,-0.00159645615302395,45.4293942127216,-0.000872243431441547
55.12199,45.42846,-0.00180645615301955,45.429410530492,-0.000855925660984327
55.13333,45.42791,-0.0023564561530236,45.4294522006066,-0.000814255546458251
55.14465,45.43193,0.00166354384698053,45.4295204734775,-0.000745982675519045
55.15599,45.43197,0.00170354384697902,45.4296141647116,-0.000652291441379952
55.16731,45.42845,-0.00181645615302273,45.4297298720302,-0.000536584122794404
55.17863,45.43036,9.35438469795713e-05,45.4298621371294,-0.000404319023635698
55.18996,45.42887,-0.00139645615301731,45.4300035052205,-0.000262950932540006
55.20131,45.42947,-0.00079645615301871,45.4301446331828,-0.000121822970220042
55.21266,45.42949,-0.000776456153019467,45.4302746920249,8.23587189383865e-06
55.22401,45.42781,-0.00245645615301981,45.4303822607598,0.00011580460680545
55.23533,45.43121,0.000943543846979367,45.4304567492194,0.000190293066341684
55.24665,45.43338,0.00311354384697893,45.4304901553472,0.000223699194136645
55.25797,45.43322,0.00295354384697788,45.4304787226939,0.000212266540847265
55.26933,45.4311,0.000833543846979978,45.4304239479438,0.000157491790765561
55.28066,45.42966,-0.00060645615302235,45.4303325236425,6.60674894561585e-05
55.292,45.4283,-0.0019664561530206,45.4302151636306,-5.12925224051031e-05
55.30331,45.42932,-0.000946456153023689,45.430084649243,-0.000181806910046336
55.31463,45.43057,0.000303543846982279,45.4299536408105,-0.000312815342568019
55.32598,45.42905,-0.00121645615302413,45.4298327627289,-0.000433693424137163
55.33729,45.42958,-0.000686456153019321,45.4297292950794,-0.000537161073634876
55.34863,45.42704,-0.00322645615302264,45.4296466265354,-0.000619829617646643
55.35997,45.43077,0.000503543846981813,45.429584485557,-0.00068197059598517
55.37133,45.43196,0.00169354384697584,45.4295398275654,-0.000726628587611211
55.38267,45.42931,-0.000956456153019758,45.4295081038224,-0.000758352330647216
55.394,45.42813,-0.00213645615301772,45.429484552966,-0.000781903187040834
55.40533,45.43165,0.00138354384697692,45.4294652093216,-0.000801246831424237
55.41665,45.42933,-0.000936456153020515,45.4294474636696,-0.000818992483371581
55.42797,45.42964,-0.000626456153021593,45.4294301419482,-0.000836314204807128
55.43931,45.42913,-0.00113645615302005,45.4294131651025,-0.000853291050559449
55.45065,45.4278,-0.00246645615302299,45.4293969491981,-0.000869506954881546
55.46201,45.42917,-0.00109645615302156,45.4293817792918,-0.00088467686124715
55.47332,45.42958,-0.000686456153019321,45.4293673863841,-0.000899069768889959
55.48466,45.42961,-0.00065645615302401,45.4293528596515,-0.000913596501522652
55.49599,45.42825,-0.00201645615302226,45.4293368886645,-0.000929567488558045
55.50735,45.42979,-0.000476456153023719,45.4293182210053,-0.000948235147681012
55.51871,45.4304,0.000133543846978057,45.429296160531,-0.000970295621997313
55.53003,45.43247,0.0022035438469814,45.429270904451,-0.000995551702000138
55.54134,45.42753,-0.00273645615302343,45.4292435417031,-0.0010229144499141
55.55265,45.42718,-0.00308645615302083,45.4292156627693,-0.00105079338376998
55.564,45.42755,-0.00271645615302418,45.4291887379409,-0.00107771821216272
55.57536,45.43079,0.000523543846981056,45.4291635592115,-0.00110289694153066
55.5867,45.42959,-0.000676456153023253,45.4291399822111,-0.00112647394196706
55.59806,45.42972,-0.000546456153017516,45.4291170055841,-0.00114945056889803
55.6094,45.42838,-0.00188645615302363,45.429093069385,-0.00117338676799197
55.62074,45.42809,-0.00217645615302331,45.4290664430792,-0.0012000130738061
55.63208,45.42987,-0.000396456153019642,45.4290356455441,-0.00123081060887652
55.64342,45.42838,-0.00188645615302363,45.4289998795583,-0.00126657659470041
55.65479,45.43019,-7.64561530175456e-05,45.4289594334364,-0.00130702271664039
55.66613,45.42869,-0.0015764561530176,45.4289159507584,-0.00135050539461418
55.67746,45.4298,-0.000466456153020545,45.4288724558758,-0.00139400027724333
55.68879,45.43014,-0.000126456153019205,45.428833069124,-0.00143338702901558
55.70013,45.42628,-0.00398645615302229,45.4288024415766,-0.0014640145764232
55.71144,45.42618,-0.0040864561530185,45.4287850566377,-0.00148139951537222
55.72272,45.43092,0.000653543846979687,45.4287846186023,-0.00148183755072531
55.73406,45.43008,-0.000186456153024039,45.4288036940547,-0.00146276209831921
55.7454,45.42868,-0.00158645615302078,45.4288436031738,-0.00142285297925709
55.75671,45.42867,-0.00159645615302395,45.4289044198867,-0.00136203626633518
55.76804,45.42888,-0.00138645615302124,45.4289849499583,-0.00128150619473287
55.77938,45.4293,-0.000966456153022932,45.4290826665233,-0.0011837896297043
55.79073,45.42918,-0.00108645615301839,45.4291936725472,-0.00107278360586332
55.80208,45.42734,-0.00292645615301979,45.4293127846523,-0.000953671500689607
55.81343,45.4308,0.000533543846977125,45.4294338159406,-0.000832640212390379
55.82476,45.4297,-0.000566456153023864,45.4295500892127,-0.000716366940291371
55.83611,45.42792,-0.00234645615302043,45.4296551390878,-0.00061131706517783
55.84745,45.43169,0.00142354384698251,45.4297434902076,-0.000522965945436037
55.8588,45.43144,0.00117354384698132,45.4298113586214,-0.000455097531660046
55.87014,45.42825,-0.00201645615302226,45.4298571241372,-0.00040933201579308
55.88146,45.42935,-0.000916456153021272,45.429881476884,-0.000384979269003589
55.89279,45.4294,-0.000866456153019612,45.4298872440205,-0.000379212132530854
55.90414,45.43117,0.000903543846980881,45.4298789786935,-0.000387477459540228
55.91549,45.43111,0.000843543846976047,45.4298623798094,-0.000404076343637406
55.92683,45.42941,-0.000856456153023544,45.4298435570994,-0.000422899053620386
55.93818,45.42819,-0.00207645615301999,45.4298281649782,-0.000438291174801477
55.94953,45.43037,0.000103543846982745,45.4298205187176,-0.000445937435429594
55.96087,45.42883,-0.0014364561530229,45.4298228868746,-0.00044356927840959
55.97223,45.43102,0.000753543846975901,45.4298351409033,-0.000431315249729794
55.98356,45.4287,-0.00156645615302153,45.4298548520509,-0.000411604102155194
55.9949,45.42784,-0.0024264561530174,45.4298778293765,-0.000388626776552414
56.00624,45.43227,0.00200354384698187,45.4298990195967,-0.000367436556297838
56.01756,45.43066,0.000393543846982425,45.4299136096498,-0.000352846503259227
56.02888,45.43134,0.001073543846978,45.4299180853446,-0.00034837080842962
56.04021,45.42833,-0.00193645615301818,45.4299109796615,-0.000355476491504039
56.05153,45.42876,-0.00150645615302381,45.4298931492862,-0.000373306866862842
56.06285,45.43208,0.0018135438469784,45.4298675806023,-0.000398875550676713
56.07416,45.42859,-0.00167645615302092,45.4298388211053,-0.000427635047749671
56.08549,45.4309,0.000633543846980444,45.4298121282252,-0.000454327927801071
56.09682,45.43231,0.00204354384698036,45.4297924061275,-0.000474050025473039
56.10816,45.42754,-0.00272645615302025,45.4297830423591,-0.000483413793961002
56.1195,45.42624,-0.00402645615302077,45.4297848695752,-0.000481586577812969
56.13085,45.42855,-0.00171645615301941,45.4297955938465,-0.000470862306469116
56.14221,45.43208,0.0018135438469784,45.4298100159093,-0.000456440243765568
56.15351,45.42879,-0.00147645615302139,45.4298211420262,-0.000445314126828298
56.16486,45.43119,0.000923543846980124,45.4298219426378,-0.000444513515193934
56.17621,45.43116,0.000893543846977707,45.4298072794698,-0.000459176683176547
56.18753,45.42988,-0.000386456153023573,45.4297754844511,-0.000490971701907542
56.19886,45.43166,0.00139354384698009,45.4297291907397,-0.000537265413271136
56.21019,45.4287,-0.00156645615302153,45.4296752147463,-0.000591241406747316
56.22152,45.42919,-0.00107645615302232,45.4296235192952,-0.000642936857824741
56.23286,45.42928,-0.000986456153022175,45.4295854989536,-0.00068095719937
56.24422,45.42926,-0.00100645615302142,45.4295719592832,-0.000694496869851293
56.25555,45.42926,-0.00100645615302142,45.4295911829412,-0.000675273211857552
56.26689,45.42789,-0.00237645615302284,45.4296474109507,-0.000619045202287074
56.27824,45.43059,0.000323543846981522,45.4297399607548,-0.00052649539819161
56.28957,45.43049,0.000223543846978203,45.4298630741475,-0.000403382005497854
56.30094,45.43,-0.000266456153021011,45.4300064531056,-0.000260003047465633
56.31225,45.43036,9.35438469795713e-05,45.4301563452512,-0.000110110901834451
56.32354,45.42844,-0.0018264561530188,45.430297022829,3.05666759670143e-05
56.33488,45.43035,8.35438469763972e-05,45.4304125316703,0.000146075517308251
56.34623,45.43166,0.00139354384698009,45.4304885911627,0.000222135009658301
56.35757,45.4309,0.000633543846980444,45.4305144610417,0.000248004888646371
56.36891,45.43096,0.000693543846978173,45.4304845031063,0.000218046953309792
56.38024,45.43143,0.00116354384697814,45.430399143094,0.000132686940953773
56.39157,45.43148,0.0012135438469798,45.4302650173885,-1.43876447431923e-06
56.40293,45.42856,-0.00170645615302334,45.4300942425037,-0.00017221364935683
56.41425,45.42944,-0.000826456153021127,45.4299029253611,-0.000363530791883139
56.42558,45.42997,-0.000296456153023428,45.4297091863858,-0.000557269767220319
56.43692,45.42922,-0.0010464561530199,45.4295310367421,-0.000735419410968479
56.44827,45.42876,-0.00150645615302381,45.4293844203117,-0.000882035841338151
56.45961,45.42922,-0.0010464561530199,45.4292816491071,-0.000984807045884022
56.47094,45.42917,-0.00109645615302156,45.4292303782631,-0.00103607788989002
56.48228,45.42821,-0.00205645615302075,45.4292331907104,-0.00103326544259897
56.49363,45.42913,-0.00113645615302005,45.4292877821327,-0.000978674020347625
56.50495,45.43174,0.00147354384697707,45.4293876520879,-0.000878804065097394
56.51628,45.42821,-0.00205645615302075,45.4295231287117,-0.000743327441295593
56.52761,45.4296,-0.000666456153020079,45.4296825154123,-0.000583940740705764
56.53895,45.43146,0.00119354384698056,45.4298531751004,-0.000413281052585647
56.55028,45.42982,-0.000446456153021302,45.4300224370187,-0.000244019134273105
56.5616,45.42982,-0.000446456153021302,45.4301782830595,-8.81730935545012e-05
56.57295,45.42946,-0.000806456153021884,45.4303098415436,4.33853905972884e-05
56.58427,45.42997,-0.000296456153023428,45.4304077834419,0.00014132728888837
56.59561,45.43087,0.000603543846978027,45.4304647361722,0.000198280019222292
56.60696,45.43031,4.35438469779115e-05,45.4304757751285,0.000209318975504656
56.6183,45.43031,4.35438469779115e-05,45.4304389576763,0.000172501523315541
56.62961,45.43151,0.00124354384698222,45.4303557875261,8.93313730546698e-05
56.64095,45.43018,-8.64561530207197e-05,45.4302314681089,-3.49880441398047e-05
56.65226,45.43035,8.35438469763972e-05,45.4300748218105,-0.000191634342473806
56.66361,45.42955,-0.000716456153021738,45.4298978108026,-0.000368645350420807
56.67494,45.429,-0.00126645615301868,45.4297146752746,-0.000551780878407062
56.68627,45.43154,0.00127354384697753,45.4295407689296,-0.00072568722343685
56.69762,45.42799,-0.00227645615301952,45.4293911963762,-0.000875259776871271
56.70895,45.43039,0.000123543846981988,45.4292793620755,-0.000987094077532121
56.72027,45.42783,-0.00243645615302057,45.4292155615037,-0.00105089464936769
56.73159,45.4297,-0.000566456153023864,45.4292057828615,-0.00106067329152049
56.74292,45.42879,-0.00147645615302139,45.4292509076614,-0.00101554849165199
56.75425,45.42789,-0.00237645615302284,45.4293464769245,-0.000919979228538873
56.76557,45.42923,-0.00103645615302383,45.4294831284843,-0.000783327668739876
56.77691,45.42978,-0.000486456153019788,45.4296477127091,-0.000618743443936785
56.78825,45.42947,-0.00079645615301871,45.4298249582398,-0.000441497913204256
56.79963,45.43109,0.000823543846976804,45.4299994101703,-0.000267045982724145
56.81097,45.43314,0.00287354384698091,45.4301572530273,-0.000109203125745178
56.82231,45.43141,0.0011435438469789,45.4302876163914,2.11602383967569e-05
56.83364,45.42927,-0.000996456153018244,45.4303830879188,0.000116631765808359
56.84496,45.42764,-0.00262645615302404,45.430439425301,0.000172969147963518
56.85629,45.43169,0.00142354384698251,45.4304547559614,0.000188299808356308
56.86763,45.42894,-0.00132645615302351,45.4304287079195,0.000162251766437542
56.87897,45.43013,-0.00013645615302238,45.4303618522423,9.53960892732608e-05
56.8903,45.42963,-0.000636456153017662,45.4302556436429,-1.0812510090333e-05
56.90165,45.43112,0.000853543846979221,45.430112844845,-0.000153611308027103
56.91298,45.42926,-0.00100645615302142,45.4299382621736,-0.000328193979372003
56.92432,45.43062,0.000353543846976834,45.4297395103567,-0.000526945796361667
56.93563,45.43131,0.00104354384698269,45.4295274750476,-0.000738981105404705
56.94698,45.43125,0.000983543846977852,45.4293161647757,-0.000950291377339529
56.95831,45.42879,-0.00147645615302139,45.4291217562615,-0.00114469989156072
56.96962,45.42726,-0.00300645615302386,45.4289608520773,-0.00130560407571395
56.98098,45.42717,-0.00309645615302401,45.4288482394796,-0.00141821667344497
56.99232,45.4295,-0.000766456153023398,45.4287946326611,-0.00147182349191261
57.00365,45.42844,-0.0018264561530188,45.4288048854807,-0.00146157067235437
57.015,45.42873,-0.00153645615301912,45.4288770021176,-0.0013894540353904
57.02633,45.42727,-0.00299645615302069,45.4290020776161,-0.001264378536907
57.03763,45.42972,-0.000546456153017516,45.4291651569433,-0.00110129920973651
57.04895,45.43106,0.000793543846981493,45.4293468942868,-0.000919561866229472
57.06028,45.42867,-0.00159645615302395,45.4295257905255,-0.000740665627496282
57.0716,45.42876,-0.00150645615302381,45.4296807161706,-0.000585739982396899
57.08293,45.43022,-4.6456153022234e-05,45.4297934276715,-0.000473028481545286
57.09427,45.43095,0.000683543846982104,45.4298508197825,-0.000415636370502227
57.10563,45.43027,3.54384697942578e-06,45.4298466645344,-0.000419791618611905
57.11695,45.42913,-0.00113645615302005,45.4297825826392,-0.000483873513850005
57.12829,45.43211,0.00184354384698082,45.4296680361454,-0.000598420007644762
57.13961,45.43047,0.00020354384697896,45.4295192361845,-0.000747219968536142
57.15094,45.42976,-0.00050645615301903,45.4293570073157,-0.000909448837337176
57.16228,45.42717,-0.00309645615302401,45.42920384269,-0.00106261346306411
57.17362,45.42789,-0.00237645615302284,45.4290806061996,-0.00118584995341654
57.18496,45.42775,-0.00251645615301754,45.4290034959758,-0.00126296017719139
57.19631,45.42715,-0.00311645615302325,45.428981868187,-0.0012845879660361
57.20762,45.42994,-0.000326456153018739,45.4290173120954,-0.00124914405763257
57.21894,45.429,-0.00126645615301868,45.4291040494046,-0.0011624067484117
57.23026,45.43127,0.0010035438469771,45.4292304210935,-0.00103603505957308
57.24156,45.42888,-0.00138645615302124,45.4293810243269,-0.000885431826109551
57.25291,45.43006,-0.000206456153023282,45.4295390216425,-0.000727434510522317
57.26422,45.43014,-0.000126456153019205,45.4296882396028,-0.000578216550204296
57.27555,45.43142,0.00115354384698207,45.4298148260131,-0.000451630139949605
57.28687,45.42648,-0.00378645615302275,45.4299083805707,-0.000358075582305794
57.29818,45.43085,0.000583543846978785,45.4299625936064,-0.00030386254661027
57.30955,45.42926,-0.00100645615302142,45.4299754969002,-0.000290959252821545
57.32089,45.43172,0.00145354384697782,45.4299494077457,-0.000317048407365545
57.33224,45.43082,0.000553543846976368,45.4298905498753,-0.000375906277711162
57.34355,45.42974,-0.000526456153018273,45.4298082648191,-0.000458191333898362
57.3549,45.42997,-0.000296456153023428,45.4297137730706,-0.000552683082429133
57.36625,45.42851,-0.00175645615301789,45.429618591256,-0.000647864897060451
57.37758,45.42799,-0.00227645615301952,45.4295328657894,-0.000733590363651726
57.3889,45.43036,9.35438469795713e-05,45.4294639534913,-0.000802502661701836
57.40022,45.42816,-0.00210645615302241,45.4294155294777,-0.000850926675298733
57.41153,45.42931,-0.000956456153019758,45.4293873630249,-0.000879093128147964
57.42286,45.43114,0.000873543846978464,45.4293757417317,-0.00089071442135285
57.4342,45.4285,-0.00176645615302107,45.4293744015947,-0.000892054558315594
57.44553,45.42792,-0.00234645615302043,45.4293757626353,-0.000890693517735776
57.45686,45.43097,0.000703543846981347,45.4293722699141,-0.000894186238900125
57.4682,45.43151,0.00124354384698222,45.4293576560351,-0.000908800117905305
57.47952,45.42714,-0.00312645615301932,45.4293279461934,-0.000938509959593431
57.49087,45.42941,-0.000856456153023544,45.4292820586224,-0.000984397530614312
57.50221,45.43008,-0.000186456153024039,45.4292219420827,-0.00104451407028506
57.51354,45.43006,-0.000206456153023282,45.4291522829649,-0.00111417318807109
57.52485,45.42799,-0.00227645615301952,45.4290798550719,-0.0011866010811105
57.5362,45.42756,-0.00270645615302101,45.4290126085098,-0.00125384764319209
57.54756,45.43037,0.000103543846982745,45.4289586323503,-0.00130782380273344
57.55891,45.43005,-0.000216456153019351,45.4289251372689,-0.00134131888415239
57.57023,45.42672,-0.00354645615301763,45.4289175631366,-0.00134889301637747
57.58155,45.42953,-0.000736456153020981,45.4289388762542,-0.00132757989882487
57.59287,45.4286,-0.00166645615301775,45.4289891218536,-0.00127733429939102
57.60421,45.42946,-0.000806456153021884,45.4290652975625,-0.00120115859054667
57.61554,45.42885,-0.00141645615302366,45.4291615708113,-0.0011048853416981
57.62688,45.42977,-0.000496456153022962,45.4292698049969,-0.000996651156154088
57.6382,45.42883,-0.0014364561530229,45.4293803280606,-0.000886128092423447
57.64953,45.42884,-0.00142645615301973,45.4294828743448,-0.00078358180820551
57.66087,45.42941,-0.000856456153023544,45.4295676297443,-0.000698826408692491
57.67223,45.43094,0.00067354384697893,45.4296262853284,-0.000640170824614989
57.68356,45.43051,0.000243543846977445,45.4296529547292,-0.000613501423780804
57.69489,45.43044,0.000173543846976543,45.4296447795764,-0.000621676576606002
57.70625,45.42823,-0.0020364561530215,45.4296020952562,-0.000664360896826074
57.71759,45.42874,-0.00152645615302305,45.4295281604766,-0.000738295676426171
57.72893,45.43101,0.000743543846979833,45.4294285909304,-0.00083786522264495
57.74025,45.42715,-0.00311645615302325,45.4293106922777,-0.000955763875287085
57.75161,45.4293,-0.000966456153022932,45.4291828502021,-0.00108360595089838
57.76294,45.43007,-0.000196456153020108,45.4290540568735,-0.00121239927948897
57.77429,45.42831,-0.00195645615301743,45.4289335711256,-0.00133288502744928
57.78564,45.42949,-0.000776456153019467,45.4288306392308,-0.00143581692225038
57.797,45.42865,-0.00161645615302319,45.4287541685375,-0.00151228761555731
57.80832,45.42914,-0.00112645615302398,45.4287122595755,-0.00155419657752334
57.81968,45.42956,-0.000706456153018564,45.4287115450824,-0.00155491107057922
57.83104,45.42937,-0.000896456153022029,45.4287563413896,-0.00151011476343662
57.84237,45.42784,-0.0024264561530174,45.4288476965403,-0.00141875961268518
57.85372,45.4272,-0.00306645615302159,45.4289825219211,-0.00128393423188681
57.86502,45.42869,-0.0015764561530176,45.4291530780246,-0.00111337812841901
57.87636,45.43024,-2.64561530229912e-05,45.4293470774241,-0.000919378728908997
57.88769,45.42886,-0.00140645615302049,45.429548541542,-0.000717914610992254
57.89904,45.42859,-0.00167645615302092,45.4297393676373,-0.000527088515746067
57.91037,45.43052,0.000253543846980619,45.4299014171861,-0.000365038966938313
57.92167,45.43144,0.00117354384698132,45.4300188435098,-0.00024761264323724
57.93301,45.42882,-0.00144645615301897,45.430080307066,-0.000186149086985344
57.94435,45.43204,0.00177354384697992,45.4300806904489,-0.000185765704082058
57.95565,45.43199,0.00172354384697826,45.43002195613,-0.000244500023035681
57.96701,45.4307,0.000433543846980911,45.4299128975179,-0.000353558635160579
57.97835,45.42921,-0.00105645615302308,45.4297677195158,-0.000498736637269428
57.9897,45.42915,-0.00111645615302081,45.4296036450209,-0.000662811132142616
58.00103,45.42743,-0.00283645615301964,45.4294380144964,-0.000828441656598362
58.01235,45.42817,-0.00209645615301923,45.4292855105552,-0.000980945597778332
58.02368,45.42771,-0.00255645615302313,45.4291561203809,-0.00111033577215516
58.03498,45.42899,-0.00127645615302185,45.4290542531337,-0.00121220301931194
58.04633,45.42843,-0.00183645615302197,45.4289791255661,-0.00128733058694997
58.05766,45.43044,0.000173543846976543,45.4289262084521,-0.00134024770092824
58.06897,45.43056,0.000293543846979105,45.4288892751579,-0.00137718099512557
58.08033,45.43046,0.000193543846975786,45.4288624768214,-0.0014039793315785
58.09168,45.42895,-0.00131645615302034,45.4288419244789,-0.00142453167407758
58.10299,45.42736,-0.00290645615302054,45.4288264759147,-0.00143998023830058
58.11433,45.428,-0.00226645615302346,45.4288177146741,-0.00144874147889388
58.12568,45.42965,-0.000616456153018419,45.4288193306953,-0.00144712545773985
58.137,45.4289,-0.001366456153022,45.4288361745434,-0.00143028160958941
58.14831,45.42815,-0.00211645615301848,45.4288731917689,-0.00139326438412285
58.15965,45.42986,-0.000406456153022816,45.4289343579495,-0.00133209820355139
58.17101,45.42908,-0.00118645615302171,45.4290216961234,-0.00124476002964916
58.18233,45.42865,-0.00161645615302319,45.4291344603646,-0.00113199578843724
58.19369,45.42945,-0.000816456153017953,45.4292685889509,-0.000997867202123679
58.20501,45.42777,-0.0024964561530183,45.4294165540438,-0.000849902109233314
58.21634,45.42882,-0.00144645615301897,45.4295677359374,-0.000698720215605876
58.22767,45.42928,-0.000986456153022175,45.4297093920655,-0.000557064087535892
58.23903,45.4312,0.000933543846976193,45.4298281580015,-0.000438298151487787
58.25036,45.43261,0.0023435438469761,45.4299118450953,-0.000354611057748829
58.2617,45.42736,-0.00290645615302054,45.4299511789237,-0.000315277229336529
58.27304,45.4315,0.00123354384697905,45.4299411404156,-0.000325315737389323
58.28434,45.42908,-0.00118645615302171,45.4298817120723,-0.000384744080707623
58.29566,45.43143,0.00116354384697814,45.4297779849318,-0.000488471221191828
58.30703,45.42865,-0.00161645615302319,45.4296396707097,-0.000626785443344728
58.31837,45.42928,-0.000986456153022175,45.4294801110534,-0.000786345099626235
58.3297,45.4291,-0.00116645615302247,45.4293149246882,-0.000951531464822253
58.341,45.43061,0.000343543846980765,45.4291604716593,-0.00110598449370608
58.35233,45.42693,-0.00333645615302203,45.4290323170958,-0.00123413905724267
58.36366,45.42754,-0.00272645615302025,45.4289438575247,-0.0013225986282998
58.37497,45.43036,9.35438469795713e-05,45.4289052409692,-0.00136121518379836
58.38631,45.432,0.00173354384698143,45.4289226410955,-0.00134381505747624
58.39766,45.42702,-0.00324645615302188,45.4289978472251,-0.00126860892790365
58.40901,45.42781,-0.00245645615301981,45.4291281026129,-0.00113835354008715
58.42031,45.42747,-0.00279645615302115,45.4293062113967,-0.000960244756354312
58.43163,45.4308,0.000533543846977125,45.429521023525,-0.000745432628004972
58.44294,45.43196,0.00169354384697584,45.4297583505248,-0.000508105628261447
58.45428,45.42911,-0.00115645615301929,45.4300021930021,-0.000264263150932316
58.46559,45.43156,0.00129354384697677,45.4302360465862,-3.04095667783958e-05
58.47694,45.42916,-0.00110645615301763,45.4304441019718,0.000177645818752877
58.48828,45.42797,-0.00229645615301877,45.4306123037461,0.000345847593063696
58.49962,45.43135,0.00108354384698117,45.4307293404238,0.000462884270818138
58.51095,45.43242,0.00215354384697974,45.4307876090249,0.000521152871885975
58.52225,45.43215,0.00188354384697931,45.4307840463038,0.000517590150756664
58.53358,45.43208,0.0018135438469784,45.4307205741015,0.000454117948449817
58.54491,45.42994,-0.000326456153018739,45.4306039162565,0.000337460103482267
58.55624,45.42814,-0.00212645615302165,45.43044473413,0.000178277976967635
58.56759,45.4309,0.000633543846980444,45.430256270785,-1.01853680489378e-05
58.57893,45.43063,0.000363543846980008,45.4300528294157,-0.000213626737320877
58.59027,45.42818,-0.00208645615302316,45.4298483825697,-0.00041807358331082
58.60162,45.43007,-0.000196456153020108,45.429655489685,-0.000610966468064817
58.61295,45.43001,-0.000256456153017837,45.4294845898878,-0.000781866265195616
58.62427,45.4281,-0.00216645615302014,45.4293436593047,-0.000922796848294071
58.63557,45.43086,0.000593543846981959,45.4292381608312,-0.00102829532186161
58.6469,45.42876,-0.00150645615302381,45.4291711723925,-0.00109528376056156
58.65823,45.43001,-0.000256456153017837,45.4291435708335,-0.00112288531952701
58.66955,45.42802,-0.00224645615302421,45.4291541774072,-0.00111227874577402
58.68088,45.43051,0.000243543846977445,45.4291998296952,-0.0010666264577886
58.6922,45.42844,-0.0018264561530188,45.4292754086211,-0.000991047531874733
58.70352,45.42982,-0.000446456153021302,45.4293738936514,-0.000892562501580339
58.71487,45.42818,-0.00208645615302316,45.4294865429319,-0.000779913221084034
58.72618,45.42903,-0.00123645615302337,45.4296033011071,-0.000663155045896585
58.73749,45.42921,-0.00105645615302308,45.4297135079402,-0.000552948212840575
58.74883,45.43052,0.000253543846980619,45.429806893609,-0.000459562544021921
58.76017,45.43122,0.000953543846982541,45.4298747154088,-0.000391740744254701
58.77148,45.43121,0.000943543846979367,45.4299107784333,-0.000355677719679579
58.78283,45.43013,-0.00013645615302238,45.4299120685763,-0.000354387576712079
58.79414,45.42785,-0.00241645615302133,45.4298788435491,-0.000387612603966799
58.80549,45.42995,-0.000316456153022671,45.4298142214442,-0.000452234708795008
58.81684,45.43055,0.000283543846975931,45.4297234586492,-0.000542997503791127
58.82818,45.42904,-0.00122645615302019,45.4296131386194,-0.000653317533593048
58.83953,45.4291,-0.00116645615302247,45.4294904314444,-0.000776024708587238
58.85088,45.42854,-0.00172645615302258,45.4293625184145,-0.000903937738483637
58.86221,45.42943,-0.000836456153017195,45.4292362344611,-0.00103022169189827
58.87355,45.42945,-0.000816456153017953,45.4291179275856,-0.00114852856740152
58.88487,45.43021,-5.64561530183028e-05,45.4290134532895,-0.00125300286353958
58.89621,45.42849,-0.00177645615302424,45.4289281568612,-0.00133829929181087
58.90755,45.4305,0.000233543846981377,45.4288666997071,-0.00139975644592323
58.91888,45.42836,-0.00190645615302287,45.4288326677737,-0.00143378837928824
58.93021,45.42815,-0.00211645615301848,45.4288280289233,-0.00143842722974797
58.94154,45.42553,-0.00473645615301876,45.4288526330715,-0.00141382308152269
58.95286,45.43077,0.000503543846981813,45.4289040102432,-0.00136244590982982
58.96419,45.42757,-0.00269645615301783,45.4289776543382,-0.00128880181479625
58.97554,45.42986,-0.000406456153022816,45.4290677888498,-0.00119866730319731
58.98689,45.43304,0.00277354384697759,45.429168396131,-0.0010980600220112
58.99825,45.4273,-0.00296645615301827,45.4292741775851,-0.000992278567942174
59.0096,45.42918,-0.00108645615301839,45.4293811601579,-0.000885295995087094
59.02094,45.42877,-0.00149645615302063,45.4294868407474,-0.000779615405611041
59.03229,45.43076,0.000493543846978639,45.4295899429511,-0.00067651320189543
59.04363,45.42955,-0.000716456153021738,45.4296899365042,-0.000576519648828364
59.05496,45.42915,-0.00111645615302081,45.4297864473614,-0.000480008791629487
59.06631,45.4304,0.000133543846978057,45.429878655781,-0.000387800372033613
59.07761,45.42963,-0.000636456153017662,45.4299647823817,-0.000301673771369061
59.08895,45.42906,-0.00120645615302095,45.4300417702195,-0.000224685933482855
59.1003,45.43068,0.000413543846981668,45.4301052566644,-0.000161199488626746
59.11163,45.42979,-0.000476456153023719,45.4301498889415,-0.000116567211492026
59.12295,45.42921,-0.00105645615302308,45.4301699772249,-9.64789281478611e-05
59.13425,45.43024,-2.64561530229912e-05,45.4301604094731,-0.00010604667994779
59.14561,45.43205,0.00178354384697599,45.4301176809142,-0.000148775238828185
59.15696,45.43047,0.00020354384697896,45.430040827201,-0.000225628951990247
59.16832,45.42974,-0.000526456153018273,45.4299320309227,-0.000334425230308228
59.17965,45.42992,-0.000346456153017982,45.4297967414745,-0.000469714678480255
59.19098,45.42933,-0.000936456153020515,45.4296432906018,-0.000623165551208235
59.20233,45.42884,-0.00142645615301973,45.4294821196167,-0.000784336536282854
59.21364,45.42984,-0.000426456153022059,45.4293247977177,-0.000941658435309089
59.22501,45.42794,-0.00232645615302118,45.4291830029329,-0.00108345322013858
59.23632,45.42981,-0.000456456153017371,45.4290675870486,-0.00119886910446663
59.24766,45.42905,-0.00121645615302413,45.4289877800223,-0.00127867613073024
59.25899,45.43079,0.000523543846981056,45.4289505298142,-0.00131592633884572
59.27033,45.42714,-0.00312645615301932,45.4289599491231,-0.00130650702991242
59.28168,45.42857,-0.00169645615302016,45.4290168748363,-0.00124958131667892
59.293,45.42952,-0.000746456153024155,45.4291186155699,-0.0011478405831072
59.30434,45.42853,-0.00173645615301865,45.4292589973707,-0.00100745878229268
59.31569,45.42957,-0.000696456153022496,45.429428776639,-0.000837679514033043
59.32704,45.42928,-0.000986456153022175,45.4296164042977,-0.00065005185532368
59.33837,45.43137,0.00110354384698041,45.4298090473112,-0.000457408841850066
59.3497,45.42971,-0.00055645615302069,45.429993726432,-0.000272729721013848
59.36105,45.42955,-0.000716456153021738,45.4301584256538,-0.000108030499230646
59.37236,45.42995,-0.000316456153022671,45.4302930737451,2.66175921250792e-05
59.38368,45.43088,0.000613543846981202,45.4303903571674,0.000123901014340672
59.39502,45.42987,-0.000396456153019642,45.4304463436189,0.000179887465924203
59.40636,45.4316,0.00133354384698237,45.4304608666343,0.00019441048130919
59.4177,45.42949,-0.000776456153019467,45.4304375839311,0.000171127778085481
59.42902,45.43243,0.00216354384697581,45.4303836127805,0.000117156627479208
59.44033,45.43089,0.00062354384697727,45.4303086747492,4.22185962032031e-05
59.45166,45.42999,-0.000276456153024185,45.4302237550047,-4.27011483367355e-05
59.46297,45.43045,0.000183543846979717,45.4301394065359,-0.000127049617076859
59.47429,45.42719,-0.00307645615301766,45.4300639869825,-0.000202469170484232
59.48564,45.42811,-0.00215645615302407,45.4300022341344,-0.000264222018614729
59.49699,45.43042,0.0001535438469773,45.4299545744382,-0.000311881714813668
59.50835,45.43169,0.00142354384698251,45.4299173746559,-0.000349081497154472
59.51966,45.4297,-0.000566456153023864,45.4298840590819,-0.000382397071108794
59.53099,45.42761,-0.00265645615301935,45.4298467802087,-0.000419675944314848
59.54232,45.43215,0.00188354384697931,45.4297982506927,-0.000468205460312116
59.55362,45.43191,0.00164354384698129,45.4297333691725,-0.000533086980547073
59.56498,45.43028,1.35438469825999e-05,45.4296503163616,-0.000616139791373913
59.57631,45.42895,-0.00131645615302034,45.4295508873312,-0.000715568821862361
59.58767,45.42785,-0.00241645615302133,45.4294400253198,-0.000826430833245043
59.59901,45.42958,-0.000686456153019321,45.4293247719441,-0.000941684208888736
59.61034,45.428,-0.00226645615302346,45.4292129981523,-0.00105345800068506
59.62169,45.42986,-0.000406456153022816,45.4291122582076,-0.00115419794541117
59.63301,45.42807,-0.00219645615302255,45.4290289750706,-0.00123748108241152
59.64435,45.42922,-0.0010464561530199,45.4289680173924,-0.00129843876065902
59.65568,45.42963,-0.000636456153017662,45.4289326170129,-0.00133383914010178
59.66702,45.42898,-0.00128645615301792,45.4289245070704,-0.00134194908264971
59.67834,45.42891,-0.00135645615301883,45.428944133736,-0.00132232241697207
59.68967,45.42944,-0.000826456153021127,45.4289908123529,-0.00127564380011427
59.70102,45.43043,0.000163543846980474,45.4290627513093,-0.00120370484375619
59.71237,45.42694,-0.00332645615301885,45.4291569354232,-0.00110952072985615
59.72371,45.42987,-0.000396456153019642,45.4292689346979,-0.000997521455130067
59.73503,45.4302,-6.64561530214769e-05,45.4293927667993,-0.000873689353694849
59.74636,45.42802,-0.00224645615302421,45.4295209620828,-0.000745494070193051
59.75769,45.42827,-0.00199645615302302,45.4296449543758,-0.000621501777220361
59.76904,45.42965,-0.000616456153018419,45.4297558679469,-0.000510588206095042
59.78036,45.42928,-0.000986456153022175,45.4298456785082,-0.000420777644843998
59.79169,45.43353,0.0032635438469768,45.4299085723838,-0.000357883769210716
59.80306,45.43034,7.35438469803285e-05,45.4299421663363,-0.00032428981675196
59.81439,45.42967,-0.000596456153019176,45.4299481993079,-0.000318256845133797
59.82573,45.42963,-0.000636456153017662,45.4299324346605,-0.000334021492550544
59.83707,45.42936,-0.000906456153018098,45.4299037502633,-0.000362705889720939
59.84842,45.43232,0.00205354384697642,45.429872598308,-0.000393857844973305
59.85976,45.42879,-0.00147645615302139,45.4298491108984,-0.000417345254585438
59.87107,45.42896,-0.00130645615302427,45.4298411620024,-0.000425294150584631
59.88239,45.4277,-0.0025664561530192,45.4298527426142,-0.000413713538802241
59.89372,45.4277,-0.0025664561530192,45.4298830357633,-0.00038342038971404
59.90508,45.43124,0.000973543846981784,45.4299264894867,-0.000339966666366643
59.91641,45.4301,-0.000166456153017691,45.4299739358474,-0.000292520305666376
59.92776,45.43269,0.00242354384698018,45.4300144836066,-0.000251972546459741
59.93909,45.43085,0.000583543846978785,45.4300376877661,-0.000228768386875509
59.95044,45.42856,-0.00170645615302334,45.4300354863864,-0.000230969766598535
59.96177,45.42945,-0.000816456153017953,45.4300035741125,-0.000262882040531793
59.97312,45.43032,5.35438469810856e-05,45.4299421137613,-0.000324342391759195
59.98447,45.42973,-0.000536456153021447,45.4298558224575,-0.000410633695513922
59.99582,45.43348,0.00321354384698225,45.4297534707167,-0.000512985436288385
60.00717,45.42845,-0.00181645615302273,45.4296467990673,-0.000619657085707237
60.01851,45.42892,-0.00134645615302276,45.4295489120417,-0.000717544111313175
60.02982,45.42643,-0.00383645615301731,45.4294723769932,-0.000794079159782783
60.04115,45.42984,-0.000426456153022059,45.4294274194978,-0.000839036655178376
60.05247,45.42958,-0.000686456153019321,45.4294206146732,-0.000845841479823448
60.06382,45.42981,-0.000456456153017371,45.4294542934567,-0.00081216269633086
60.07516,45.4294,-0.000866456153019612,45.4295266399069,-0.000739816246093798
60.08649,45.42913,-0.00113645615302005,45.429632293867,-0.000634162286015164
60.09783,45.43195,0.00168354384697977,45.4297632266321,-0.000503229520912676
60.10917,45.43073,0.000463543846976222,45.4299096765158,-0.000356779637233471
60.12049,45.42831,-0.00195645615301743,45.4300609900444,-0.000205466108668437
60.13181,45.42973,-0.000536456153021447,45.4302063244661,-6.01316869050443e-05
60.14314,45.42976,-0.00050645615301903,45.4303352954,6.88392470115289e-05
60.15447,45.42886,-0.00140645615302049,45.4304387055965,0.000172249443463798
60.16581,45.43267,0.00240354384698094,45.4305094110068,0.000242954853742929
60.17714,45.43156,0.00129354384697677,45.4305432164658,0.000276760312808396
60.18847,45.4306,0.000333543846977591,45.4305395541854,0.000273098032380259
60.19979,45.43169,0.00142354384698251,45.4305016784021,0.000235222249089799
60.21114,45.43044,0.000173543846976543,45.4304362293098,0.000169773156753075
60.22244,45.42902,-0.00124645615301944,45.4303522147318,8.57585787781482e-05
60.23377,45.42962,-0.000646456153020836,45.4302596375096,-6.81864345514186e-06
60.24513,45.42931,-0.000956456153019758,45.4301680926645,-9.83634885565184e-05
60.25645,45.43011,-0.000156456153021622,45.4300856358638,-0.000180820289219511
60.2678,45.43023,-3.64561530190599e-05,45.4300180957275,-0.000248360425537419
60.27913,45.43024,-2.64561530229912e-05,45.4299688325333,-0.000297623619681673
60.29044,45.4314,0.00113354384697573,45.4299388132348,-0.000327642918204307
60.30178,45.43013,-0.00013645615302238,45.4299268249698,-0.000339631183199378
60.31311,45.42963,-0.000636456153017662,45.4299296965214,-0.000336759631619965
60.32444,45.42912,-0.00114645615302322,45.4299425158958,-0.000323940257251074
60.33577,45.42786,-0.00240645615301815,45.4299589604486,-0.000307495704401392
60.3471,45.42893,-0.00133645615301958,45.4299719082783,-0.000294547874714292
60.35846,45.43209,0.00182354384698158,45.4299744148313,-0.000292041321727393
60.36979,45.4311,0.000833543846979978,45.4299609355361,-0.000305520616948277
60.38111,45.43099,0.00072354384698059,45.4299284701051,-0.000337986047899032
60.39243,45.43026,-6.45615302374836e-06,45.4298772422739,-0.000389213879161026
60.40373,45.4304,0.000133543846978057,45.4298106616239,-0.000455794529085862
60.41507,45.42849,-0.00177645615302424,45.4297345607637,-0.000531895389324597
60.42641,45.4289,-0.001366456153022,45.4296559357839,-0.000610520369093761
60.43776,45.42788,-0.00238645615301891,45.4295815542551,-0.000684901897951846
60.44909,45.42897,-0.0012964561530211,45.4295167935179,-0.000749662635087832
60.46043,45.43179,0.00152354384697873,45.4294649341688,-0.000801521984224404
60.47178,45.43104,0.00077354384698225,45.4294269228304,-0.0008395333226538
60.48307,45.42783,-0.00243645615302057,45.4294014589879,-0.000864997165157394
60.49441,45.42767,-0.00259645615302162,45.4293852573676,-0.000881198785394357
60.50574,45.43017,-9.64561530238939e-05,45.4293734585424,-0.000892997610590361
60.51708,45.42972,-0.000546456153017516,45.4293602526571,-0.000906203495946303
60.52844,45.42718,-0.00308645615302083,45.4293397442628,-0.000926711890228893
60.53977,45.43122,0.000953543846982541,45.4293069705972,-0.000959485555801361
60.55112,45.43161,0.00134354384697843,45.4292588851135,-0.0010075710395054
60.56244,45.42736,-0.00290645615302054,45.4291950746617,-0.00107138149131086
60.57376,45.43026,-6.45615302374836e-06,45.4291180175139,-0.00114843863909271
60.58512,45.42888,-0.00138645615302124,45.4290328175963,-0.00123363855674355
60.59646,45.42815,-0.00211645615301848,45.4289465060132,-0.00131995013977109
60.60778,45.42737,-0.00289645615301737,45.4288671013932,-0.00139935475980357
60.6191,45.42994,-0.000326456153018739,45.4288026364197,-0.00146381973330973
60.63042,45.42995,-0.000316456153022671,45.4287602991304,-0.00150615702260665
60.64177,45.42848,-0.00178645615302031,45.4287457417804,-0.00152071437257674
60.65308,45.42666,-0.00360645615302246,45.4287625513242,-0.00150390482886813
60.6644,45.4298,-0.000466456153020545,45.42881189392,-0.00145456223299001
60.67571,45.42933,-0.000936456153020515,45.428892382155,-0.00137407399799873
60.68703,45.42949,-0.000776456153019467,45.4290001928732,-0.00126626327985092
60.69837,45.42775,-0.00251645615301754,45.4291294075825,-0.00113704857056294
60.7097,45.42896,-0.00130645615302427,45.4292725271537,-0.000993928999337963
60.72104,45.43028,1.35438469825999e-05,45.4294211271264,-0.0008453290266679
60.73236,45.42951,-0.000756456153020224,45.429566609187,-0.000699846965999967
60.74369,45.43069,0.000423543846977736,45.429700956178,-0.000565499975003984
60.75502,45.42921,-0.00105645615302308,45.4298173682932,-0.00044908785977977
60.76636,45.43045,0.000183543846979717,45.4299106894107,-0.000355766742364699
60.77768,45.42921,-0.00105645615302308,45.429977605676,-0.000288850476974223
60.78903,45.42944,-0.000826456153021127,45.4300166648641,-0.000249791288933192
60.80038,45.43115,0.000883543846981638,45.4300281903143,-0.000238265838705879
60.8117,45.42958,-0.000686456153019321,45.430014142688,-0.000252313464972936
60.82301,45.43046,0.000193543846975786,45.429977942733,-0.000288513419989963
60.83431,45.42899,-0.00127645615302185,45.4299242479318,-0.000342208221189215
60.84563,45.42996,-0.000306456153019496,45.4298586871541,-0.000407768998897719
60.85698,45.42987,-0.000396456153019642,45.4297875710352,-0.0004788851178325
60.86831,45.42982,-0.000446456153021302,45.4297175812747,-0.000548874878365123
60.87963,45.42976,-0.00050645615301903,45.4296554056069,-0.000611050546107628
60.89094,45.43177,0.00150354384697948,45.4296072593363,-0.000659196816724919
60.90226,45.42889,-0.00137645615301807,45.4295782496554,-0.000688206497663978
60.91359,45.42856,-0.00170645615302334,45.429571612964,-0.000694843189028796
60.92492,45.42971,-0.00055645615302069,45.4295879749793,-0.000678481173685313
60.93623,45.42701,-0.00325645615301795,45.4296248846526,-0.000641571500446533
60.94754,45.43001,-0.000256456153017837,45.4296768761382,-0.000589580014868621
60.95888,45.43076,0.000493543846978639,45.42973619191,-0.00053026424304191
60.97021,45.42857,-0.00169645615302016,45.4297941027415,-0.000472353411545671
60.98156,45.42976,-0.00050645615301903,45.4298425734986,-0.000423882654458251
60.99289,45.43225,0.00198354384698263,45.4298759100462,-0.000390546106820892
61.00422,45.43167,0.00140354384697616,45.4298919863819,-0.000374469771071928
61.01554,45.43095,0.000683543846982104,45.4298926919946,-0.000373764158417867
61.02686,45.42948,-0.000786456153022641,45.4298833985373,-0.000383057615750348
61.03819,45.4277,-0.0025664561530192,45.4298715293729,-0.000394926780119338
61.04953,45.4295,-0.000766456153023398,45.4298646185614,-0.000401837591627895
61.06085,45.42715,-0.00311645615302325,45.4298684092953,-0.000398046857722173
61.07218,45.43201,0.0017435438469775,45.4298854850566,-0.00038097109637879
61.0835,45.43069,0.000423543846977736,45.4299146997527,-0.000351756400348508
61.09481,45.42878,-0.00148645615301746,45.4299514145745,-0.000315041578479818
61.10615,45.42884,-0.00142645615301973,45.4299883920472,-0.000278064105821438
61.11749,45.43032,5.35438469810856e-05,45.4300171651185,-0.0002492910344877
61.12883,45.43,-0.000266456153021011,45.4300296954961,-0.000236760656933313
61.14016,45.43185,0.00158354384697645,45.430020074679,-0.000246381474046817
61.1515,45.43095,0.000683543846982104,45.4299859353601,-0.000280520792958477
61.16282,45.43054,0.000273543846979862,45.4299292302591,-0.000337225893879
61.17415,45.42953,-0.000736456153020981,45.4298561539742,-0.000410302178832951
61.1855,45.43038,0.000113543846978814,45.4297761956356,-0.000490260517393227
61.19683,45.42859,-0.00167645615302092,45.4297005284364,-0.000565927716584122
61.20819,45.42673,-0.00353645615302156,45.4296400899335,-0.000626366219518214
61.21952,45.43243,0.00216354384697581,45.4296037456333,-0.00066271051974764
61.23086,45.43,-0.000266456153021011,45.4295968516502,-0.000669604502804309
61.2422,45.42702,-0.00324645615302188,45.4296203893147,-0.000646066838348417
61.25352,45.431,0.000733543846976659,45.4296707340311,-0.00059572212188607
61.26484,45.42823,-0.0020364561530215,45.4297400847129,-0.000526371440127769
61.27615,45.4277,-0.0025664561530192,45.429817551766,-0.000448904387048293
61.28749,45.43288,0.00261354384697654,45.4298908068018,-0.000375649351258487
61.29884,45.42984,-0.000426456153022059,45.4299480420452,-0.000318414107824059
61.31018,45.43212,0.00185354384697689,45.429979843151,-0.000286613002049797
61.32152,45.43031,4.35438469779115e-05,45.4299805417129,-0.000285914440127009
61.33284,45.43099,0.00072354384698059,45.4299487386386,-0.000317717514463227
61.34418,45.42867,-0.00159645615302395,45.4298869371986,-0.000379518954417502
61.35554,45.42739,-0.00287645615301813,45.4298004924602,-0.000465963692861995
61.36687,45.43007,-0.000196456153020108,45.4296962668307,-0.000570189322285183
61.37819,45.42986,-0.000406456153022816,45.4295814044665,-0.000685051686478541
61.38953,45.42937,-0.000896456153022029,45.4294625024828,-0.000803953670215717
61.40089,45.42756,-0.00270645615302101,45.4293452632139,-0.000921192939131772
61.41222,45.43059,0.000323543846981522,45.4292345647549,-0.00103189139814343
61.42353,45.43006,-0.000206456153023282,45.4291348002725,-0.0011316558805088
61.43484,45.43015,-0.000116456153023137,45.4290502769244,-0.00121617922864852
61.44621,45.42795,-0.00231645615301801,45.4289854518599,-0.00128100429315789
61.45753,45.42907,-0.00119645615301778,45.4289448587886,-0.00132159736440244
61.46886,45.42845,-0.00181645615302273,45.4289327137537,-0.00133374239927333
61.48021,45.43116,0.000893543846977707,45.428952294206,-0.00131416194697118
61.49151,45.42715,-0.00311645615302325,45.4290052220386,-0.00126123411440266
61.50286,45.42744,-0.00282645615302357,45.4290907906821,-0.0011756654708756
61.5142,45.43188,0.00161354384697887,45.4292054929106,-0.00106096324240473
61.52554,45.42623,-0.00403645615302395,45.4293428972359,-0.000923558917086643
61.53687,45.43123,0.00096354384697861,45.4294939544602,-0.000772501692789269
61.54816,45.42833,-0.00193645615301818,45.4296477215064,-0.000618734646649892
61.55949,45.43142,0.00115354384698207,45.4297924078708,-0.000474048282233363
61.57084,45.42834,-0.00192645615302212,45.4299165895295,-0.000349866623549274
61.58214,45.43321,0.00294354384698181,45.4300104015866,-0.000256054566397812
61.59346,45.42877,-0.00149645615302063,45.4300665306682,-0.000199925484828762
61.6048,45.42869,-0.0015764561530176,45.4300808894922,-0.000185566660869671
61.61612,45.43085,0.000583543846978785,45.4300529516145,-0.000213504538483626
61.62746,45.42895,-0.00131645615302034,45.4299857969395,-0.000280659213497663
61.63882,45.43195,0.00168354384697977,45.4298859122084,-0.000380543944604956
61.65012,45.43089,0.00062354384697727,45.429762727022,-0.000503729131034061
61.66143,45.42776,-0.00250645615302147,45.4296278358814,-0.000638620271591933
61.67276,45.43002,-0.000246456153021768,45.4294939211119,-0.000772535041135441
61.68409,45.42788,-0.00238645615301891,45.4293735119871,-0.000892944165892361
61.69543,45.42857,-0.00169645615302016,45.4292777898448,-0.000988666308218237
61.70676,45.43046,0.000193543846975786,45.4292156116218,-0.00105084453126161
61.7181,45.4315,0.00123354384697905,45.429192801585,-0.00107365456802149
61.72942,45.4285,-0.00176645615302107,45.429211647777,-0.00105480837604846
61.74076,45.42926,-0.00100645615302142,45.4292705356573,-0.000995920495715266
61.75212,45.42545,-0.00481645615302284,45.4293637755533,-0.000902680599734693
61.76344,45.43054,0.000273543846979862,45.4294818224999,-0.000784633653131792
61.77477,45.42913,-0.00113645615302005,45.4296120924006,-0.000654363752437849
61.78606,45.43015,-0.000116456153023137,45.4297404033984,-0.00052605275462799
61.7974,45.43159,0.00132354384697919,45.4298528258691,-0.000413630283884935
61.80875,45.4302,-6.64561530214769e-05,45.4299375599074,-0.000328896245660205
61.82008,45.43094,0.00067354384697893,45.4299864479552,-0.000280008197782672
61.83141,45.42994,-0.000326456153018739,45.4299958531638,-0.00027060298917287
61.84274,45.429,-0.00126645615301868,45.4299668264815,-0.000299629671549846
61.85406,45.42894,-0.00132645615302351,45.429904668974,-0.000361787179043372
61.86542,45.43021,-5.64561530183028e-05,45.4298181003794,-0.000448355773585975
61.87675,45.43013,-0.00013645615302238,45.4297182378181,-0.000548218334892438
61.88807,45.42934,-0.000926456153017341,45.4296175005806,-0.000648955572399845
61.89941,45.43018,-8.64561530207197e-05,45.4295284654838,-0.000737990669235307
61.91073,45.42962,-0.000646456153020836,45.4294626616753,-0.000803794477732015
61.92207,45.43013,-0.00013645615302238,45.4294293163755,-0.000837139777547136
61.93338,45.43063,0.000363543846980008,45.4294341218004,-0.000832334352628876
61.9447,45.427,-0.00326645615302112,45.429478180396,-0.000788275756975795
61.95605,45.42706,-0.0032064561530234,45.4295573883224,-0.000709067830628736
61.96738,45.42873,-0.00153645615301912,45.4296625729727,-0.000603883180312545
61.97873,45.42891,-0.00135645615301883,45.4297806074442,-0.000485848708799982
61.99006,45.4332,0.00293354384697864,45.4298964458695,-0.00037001028347904
62.00138,45.43238,0.00211354384698126,45.4299956705033,-0.000270785649766873
62.01273,45.4298,-0.000466456153020545,45.4300669204215,-0.000199535731498248
62.02406,45.42988,-0.000386456153023573,45.4301036239411,-0.00016283221191094
62.03538,45.42982,-0.000446456153021302,45.4301047394861,-0.000161716666957595
62.04671,45.43021,-5.64561530183028e-05,45.4300745320486,-0.000191924104453947
62.05803,45.43004,-0.000226456153022525,45.4300216096957,-0.000244846457292981
62.06934,45.42972,-0.000546456153017516,45.4299574987917,-0.000308957361279173
62.08067,45.42837,-0.0018964561530197,45.4298950224966,-0.000371433656378435
62.09199,45.42931,-0.000956456153019758,45.4298467133152,-0.000419742837812457
62.10335,45.43219,0.00192354384697779,45.4298234257233,-0.000443030429697366
62.11467,45.43002,-0.000246456153021768,45.4298332101206,-0.000433246032458281
62.12598,45.42956,-0.000706456153018564,45.4298804202037,-0.000386035949273395
62.13733,45.42953,-0.000736456153020981,45.4299650317972,-0.000301424355816328
62.14867,45.42995,-0.000316456153022671,45.4300822485949,-0.000184207558102005
62.16001,45.42774,-0.00252645615302072,45.4302225628399,-4.38933131218035e-05
62.1713,45.43013,-0.00013645615302238,45.4303724393041,0.000105983151103204
62.18263,45.4316,0.00133354384698237,45.4305156785604,0.00024922240738156
62.19395,45.4321,0.00183354384697765,45.4306353244172,0.000368868264152082
62.20529,45.43084,0.000573543846982716,45.4307157972512,0.00044934109820266
62.21663,45.42997,-0.000296456153023428,45.4307448675274,0.000478411374425834
62.22796,45.43174,0.00147354384697707,45.4307151623091,0.000448706156062094
62.23929,45.43063,0.000363543846980008,45.4306250399476,0.000358583794610401
62.25063,45.43274,0.00247354384698184,45.4304787823942,0.000212326241210868
62.26194,45.4269,-0.00336645615301734,45.4302861360963,1.96799432658386e-05
62.27326,45.42877,-0.00149645615302063,45.4300613199329,-0.000205136220118214
62.2846,45.43237,0.00210354384697808,45.4298216871713,-0.000444768981703795
62.29594,45.4306,0.000333543846977591,45.4295862030064,-0.00068025314666127
62.30729,45.42886,-0.00140645615302049,45.4293737938201,-0.000892662332953826
62.31864,45.4308,0.000533543846977125,45.4292015727303,-0.00106488342272356
62.32998,45.42648,-0.00378645615302275,45.4290830357716,-0.00118342038142804
62.34134,45.42702,-0.00324645615302188,45.4290264828704,-0.00123997328257897
62.35263,45.4296,-0.000666456153020079,45.42903400499,-0.00123245116306527
62.36397,45.42953,-0.000736456153020981,45.4291013060586,-0.00116515009445786
62.37531,45.42887,-0.00139645615301731,45.4292184202356,-0.00104803591743383
62.38665,45.42933,-0.000936456153020515,45.4293711618474,-0.000895294305654095
62.39798,45.43082,0.000553543846976368,45.4295430158456,-0.000723440307464771
62.40934,45.43083,0.000563543846979542,45.4297171513924,-0.000549304760607718
62.42067,45.4269,-0.00336645615301734,45.4298782808319,-0.000388175321102602
62.432,45.43287,0.00260354384698047,45.4300141672154,-0.000252288937611316
62.44334,45.42906,-0.00120645615302095,45.4301166734559,-0.000149782697130153
62.45468,45.43148,0.0012135438469798,45.4301823030856,-8.41530674464292e-05
62.46598,45.42917,-0.00109645615302156,45.4302122139293,-5.42422237489987e-05
62.47733,45.42967,-0.000596456153019176,45.4302117328447,-5.47233083327883e-05
62.48867,45.43076,0.000493543846978639,45.4301894571837,-7.69989693119246e-05
62.5,45.43051,0.000243543846977445,45.4301560508755,-0.00011040527750597
62.51131,45.43181,0.00154354384697797,45.4301228212845,-0.000143634868480689
62.52264,45.42947,-0.00079645615301871,45.4301001511401,-0.000166305012874524
62.53398,45.42831,-0.00195645615301743,45.4300959146046,-0.000170541548424351
62.5453,45.43005,-0.000216456153019351,45.4301141128491,-0.000152343303901806
62.55666,45.42889,-0.00137645615301807,45.4301540318502,-0.000112424302826146
62.568,45.42996,-0.000306456153019496,45.4302101726659,-5.62834871187073e-05
62.57933,45.43011,-0.000156456153021622,45.4302730391893,6.58303628598943e-06
62.59064,45.43065,0.000383543846979251,45.4303306633766,6.42072235969285e-05
62.60196,45.43108,0.000813543846980735,45.4303705717967,0.000104115643690756
62.61327,45.43188,0.00161354384697887,45.4303817899266,0.00011533377355001
62.62459,45.43169,0.00142354384698251,45.4303564674142,9.001126120501e-05
62.63593,45.43118,0.00091354384697695,45.4302908053661,2.4349213104851e-05
62.64725,45.42729,-0.00297645615302145,45.430185169635,-8.12865180375008e-05
62.65859,45.42872,-0.00154645615302229,45.4300435229313,-0.00022293322170266
62.66993,45.43148,0.0012135438469798,45.4298724830995,-0.000393973053528821
62.68127,45.42965,-0.000616456153018419,45.4296803132638,-0.000586142889252528
62.69261,45.42937,-0.000896456153022029,45.4294760045809,-0.000790451572100337
62.70395,45.4294,-0.000866456153019612,45.4292684706893,-0.000997985463735858
62.71527,45.42991,-0.000356456153021156,45.4290658324215,-0.00120062373149193
62.72659,45.42767,-0.00259645615302162,45.428874806266,-0.00139164988699108
62.73793,45.42825,-0.00201645615302226,45.4287002575374,-0.00156619861558271
62.74927,45.42747,-0.00279645615302115,45.4285450042249,-0.00172145192815651
62.76062,45.43015,-0.000116456153023137,45.4284099332873,-0.00185652286568316
62.77197,45.42843,-0.00183645615302197,45.4282944084104,-0.001972047742648
